[2025-10-24T07:33:04.499+0000] {processor.py:161} INFO - Started process (PID=54) to work on /opt/airflow/dags/silver_layer_dag.py
[2025-10-24T07:33:04.500+0000] {processor.py:830} INFO - Processing file /opt/airflow/dags/silver_layer_dag.py for tasks to queue
[2025-10-24T07:33:04.503+0000] {logging_mixin.py:188} INFO - [2025-10-24T07:33:04.502+0000] {dagbag.py:540} INFO - Filling up the DagBag from /opt/airflow/dags/silver_layer_dag.py
[2025-10-24T07:33:04.811+0000] {processor.py:840} INFO - DAG(s) 'silver_layer_dag' retrieved from /opt/airflow/dags/silver_layer_dag.py
[2025-10-24T07:33:05.156+0000] {logging_mixin.py:188} INFO - [2025-10-24T07:33:05.156+0000] {dag.py:3096} INFO - Sync 1 DAGs
[2025-10-24T07:33:05.172+0000] {logging_mixin.py:188} INFO - [2025-10-24T07:33:05.172+0000] {dag.py:3954} INFO - Setting next_dagrun for silver_layer_dag to 2025-10-23 19:00:00+00:00, run_after=2025-10-24 19:00:00+00:00
[2025-10-24T07:33:05.191+0000] {processor.py:183} INFO - Processing /opt/airflow/dags/silver_layer_dag.py took 0.700 seconds
[2025-10-24T07:33:35.259+0000] {processor.py:161} INFO - Started process (PID=57) to work on /opt/airflow/dags/silver_layer_dag.py
[2025-10-24T07:33:35.260+0000] {processor.py:830} INFO - Processing file /opt/airflow/dags/silver_layer_dag.py for tasks to queue
[2025-10-24T07:33:35.262+0000] {logging_mixin.py:188} INFO - [2025-10-24T07:33:35.261+0000] {dagbag.py:540} INFO - Filling up the DagBag from /opt/airflow/dags/silver_layer_dag.py
[2025-10-24T07:33:35.455+0000] {processor.py:840} INFO - DAG(s) 'silver_layer_dag' retrieved from /opt/airflow/dags/silver_layer_dag.py
[2025-10-24T07:33:35.475+0000] {logging_mixin.py:188} INFO - [2025-10-24T07:33:35.475+0000] {dag.py:3096} INFO - Sync 1 DAGs
[2025-10-24T07:33:35.633+0000] {logging_mixin.py:188} INFO - [2025-10-24T07:33:35.633+0000] {dag.py:3954} INFO - Setting next_dagrun for silver_layer_dag to 2025-10-23 19:00:00+00:00, run_after=2025-10-24 19:00:00+00:00
[2025-10-24T07:33:35.655+0000] {processor.py:183} INFO - Processing /opt/airflow/dags/silver_layer_dag.py took 0.400 seconds
[2025-10-24T07:34:06.845+0000] {processor.py:161} INFO - Started process (PID=59) to work on /opt/airflow/dags/silver_layer_dag.py
[2025-10-24T07:34:06.846+0000] {processor.py:830} INFO - Processing file /opt/airflow/dags/silver_layer_dag.py for tasks to queue
[2025-10-24T07:34:06.848+0000] {logging_mixin.py:188} INFO - [2025-10-24T07:34:06.848+0000] {dagbag.py:540} INFO - Filling up the DagBag from /opt/airflow/dags/silver_layer_dag.py
[2025-10-24T07:34:07.059+0000] {processor.py:840} INFO - DAG(s) 'silver_layer_dag' retrieved from /opt/airflow/dags/silver_layer_dag.py
[2025-10-24T07:34:07.079+0000] {logging_mixin.py:188} INFO - [2025-10-24T07:34:07.079+0000] {dag.py:3096} INFO - Sync 1 DAGs
[2025-10-24T07:34:07.251+0000] {logging_mixin.py:188} INFO - [2025-10-24T07:34:07.251+0000] {dag.py:3954} INFO - Setting next_dagrun for silver_layer_dag to 2025-10-23 19:00:00+00:00, run_after=2025-10-24 19:00:00+00:00
[2025-10-24T07:34:07.266+0000] {processor.py:183} INFO - Processing /opt/airflow/dags/silver_layer_dag.py took 0.425 seconds
[2025-10-24T07:34:37.319+0000] {processor.py:161} INFO - Started process (PID=61) to work on /opt/airflow/dags/silver_layer_dag.py
[2025-10-24T07:34:37.320+0000] {processor.py:830} INFO - Processing file /opt/airflow/dags/silver_layer_dag.py for tasks to queue
[2025-10-24T07:34:37.321+0000] {logging_mixin.py:188} INFO - [2025-10-24T07:34:37.321+0000] {dagbag.py:540} INFO - Filling up the DagBag from /opt/airflow/dags/silver_layer_dag.py
[2025-10-24T07:34:37.686+0000] {processor.py:840} INFO - DAG(s) 'silver_layer_dag' retrieved from /opt/airflow/dags/silver_layer_dag.py
[2025-10-24T07:34:37.702+0000] {logging_mixin.py:188} INFO - [2025-10-24T07:34:37.702+0000] {dag.py:3096} INFO - Sync 1 DAGs
[2025-10-24T07:34:37.717+0000] {logging_mixin.py:188} INFO - [2025-10-24T07:34:37.717+0000] {dag.py:3954} INFO - Setting next_dagrun for silver_layer_dag to 2025-10-23 19:00:00+00:00, run_after=2025-10-24 19:00:00+00:00
[2025-10-24T07:34:37.732+0000] {processor.py:183} INFO - Processing /opt/airflow/dags/silver_layer_dag.py took 0.419 seconds
[2025-10-24T07:35:08.191+0000] {processor.py:161} INFO - Started process (PID=63) to work on /opt/airflow/dags/silver_layer_dag.py
[2025-10-24T07:35:08.191+0000] {processor.py:830} INFO - Processing file /opt/airflow/dags/silver_layer_dag.py for tasks to queue
[2025-10-24T07:35:08.193+0000] {logging_mixin.py:188} INFO - [2025-10-24T07:35:08.193+0000] {dagbag.py:540} INFO - Filling up the DagBag from /opt/airflow/dags/silver_layer_dag.py
[2025-10-24T07:35:08.518+0000] {processor.py:840} INFO - DAG(s) 'silver_layer_dag' retrieved from /opt/airflow/dags/silver_layer_dag.py
[2025-10-24T07:35:08.532+0000] {logging_mixin.py:188} INFO - [2025-10-24T07:35:08.531+0000] {dag.py:3096} INFO - Sync 1 DAGs
[2025-10-24T07:35:08.546+0000] {logging_mixin.py:188} INFO - [2025-10-24T07:35:08.546+0000] {dag.py:3954} INFO - Setting next_dagrun for silver_layer_dag to 2025-10-23 19:00:00+00:00, run_after=2025-10-24 19:00:00+00:00
[2025-10-24T07:35:08.559+0000] {processor.py:183} INFO - Processing /opt/airflow/dags/silver_layer_dag.py took 0.373 seconds
[2025-10-24T07:35:39.401+0000] {processor.py:161} INFO - Started process (PID=65) to work on /opt/airflow/dags/silver_layer_dag.py
[2025-10-24T07:35:39.401+0000] {processor.py:830} INFO - Processing file /opt/airflow/dags/silver_layer_dag.py for tasks to queue
[2025-10-24T07:35:39.403+0000] {logging_mixin.py:188} INFO - [2025-10-24T07:35:39.403+0000] {dagbag.py:540} INFO - Filling up the DagBag from /opt/airflow/dags/silver_layer_dag.py
[2025-10-24T07:35:39.731+0000] {processor.py:840} INFO - DAG(s) 'silver_layer_dag' retrieved from /opt/airflow/dags/silver_layer_dag.py
[2025-10-24T07:35:39.746+0000] {logging_mixin.py:188} INFO - [2025-10-24T07:35:39.746+0000] {dag.py:3096} INFO - Sync 1 DAGs
[2025-10-24T07:35:39.760+0000] {logging_mixin.py:188} INFO - [2025-10-24T07:35:39.760+0000] {dag.py:3954} INFO - Setting next_dagrun for silver_layer_dag to 2025-10-23 19:00:00+00:00, run_after=2025-10-24 19:00:00+00:00
[2025-10-24T07:35:39.774+0000] {processor.py:183} INFO - Processing /opt/airflow/dags/silver_layer_dag.py took 0.378 seconds
[2025-10-24T07:36:10.316+0000] {processor.py:161} INFO - Started process (PID=67) to work on /opt/airflow/dags/silver_layer_dag.py
[2025-10-24T07:36:10.316+0000] {processor.py:830} INFO - Processing file /opt/airflow/dags/silver_layer_dag.py for tasks to queue
[2025-10-24T07:36:10.318+0000] {logging_mixin.py:188} INFO - [2025-10-24T07:36:10.317+0000] {dagbag.py:540} INFO - Filling up the DagBag from /opt/airflow/dags/silver_layer_dag.py
[2025-10-24T07:36:10.617+0000] {processor.py:840} INFO - DAG(s) 'silver_layer_dag' retrieved from /opt/airflow/dags/silver_layer_dag.py
[2025-10-24T07:36:10.630+0000] {logging_mixin.py:188} INFO - [2025-10-24T07:36:10.630+0000] {dag.py:3096} INFO - Sync 1 DAGs
[2025-10-24T07:36:10.643+0000] {logging_mixin.py:188} INFO - [2025-10-24T07:36:10.643+0000] {dag.py:3954} INFO - Setting next_dagrun for silver_layer_dag to 2025-10-23 19:00:00+00:00, run_after=2025-10-24 19:00:00+00:00
[2025-10-24T07:36:10.655+0000] {processor.py:183} INFO - Processing /opt/airflow/dags/silver_layer_dag.py took 0.344 seconds
[2025-10-24T07:36:42.034+0000] {processor.py:161} INFO - Started process (PID=69) to work on /opt/airflow/dags/silver_layer_dag.py
[2025-10-24T07:36:42.035+0000] {processor.py:830} INFO - Processing file /opt/airflow/dags/silver_layer_dag.py for tasks to queue
[2025-10-24T07:36:42.037+0000] {logging_mixin.py:188} INFO - [2025-10-24T07:36:42.036+0000] {dagbag.py:540} INFO - Filling up the DagBag from /opt/airflow/dags/silver_layer_dag.py
[2025-10-24T07:36:42.376+0000] {processor.py:840} INFO - DAG(s) 'silver_layer_dag' retrieved from /opt/airflow/dags/silver_layer_dag.py
[2025-10-24T07:36:42.390+0000] {logging_mixin.py:188} INFO - [2025-10-24T07:36:42.390+0000] {dag.py:3096} INFO - Sync 1 DAGs
[2025-10-24T07:36:42.404+0000] {logging_mixin.py:188} INFO - [2025-10-24T07:36:42.404+0000] {dag.py:3954} INFO - Setting next_dagrun for silver_layer_dag to 2025-10-23 19:00:00+00:00, run_after=2025-10-24 19:00:00+00:00
[2025-10-24T07:36:42.418+0000] {processor.py:183} INFO - Processing /opt/airflow/dags/silver_layer_dag.py took 0.388 seconds
[2025-10-24T07:37:14.065+0000] {processor.py:161} INFO - Started process (PID=71) to work on /opt/airflow/dags/silver_layer_dag.py
[2025-10-24T07:37:14.065+0000] {processor.py:830} INFO - Processing file /opt/airflow/dags/silver_layer_dag.py for tasks to queue
[2025-10-24T07:37:14.067+0000] {logging_mixin.py:188} INFO - [2025-10-24T07:37:14.067+0000] {dagbag.py:540} INFO - Filling up the DagBag from /opt/airflow/dags/silver_layer_dag.py
[2025-10-24T07:37:14.387+0000] {processor.py:840} INFO - DAG(s) 'silver_layer_dag' retrieved from /opt/airflow/dags/silver_layer_dag.py
[2025-10-24T07:37:14.401+0000] {logging_mixin.py:188} INFO - [2025-10-24T07:37:14.401+0000] {dag.py:3096} INFO - Sync 1 DAGs
[2025-10-24T07:37:14.415+0000] {logging_mixin.py:188} INFO - [2025-10-24T07:37:14.415+0000] {dag.py:3954} INFO - Setting next_dagrun for silver_layer_dag to 2025-10-23 19:00:00+00:00, run_after=2025-10-24 19:00:00+00:00
[2025-10-24T07:37:14.434+0000] {processor.py:183} INFO - Processing /opt/airflow/dags/silver_layer_dag.py took 0.374 seconds
[2025-10-24T07:37:46.432+0000] {processor.py:161} INFO - Started process (PID=73) to work on /opt/airflow/dags/silver_layer_dag.py
[2025-10-24T07:37:46.433+0000] {processor.py:830} INFO - Processing file /opt/airflow/dags/silver_layer_dag.py for tasks to queue
[2025-10-24T07:37:46.435+0000] {logging_mixin.py:188} INFO - [2025-10-24T07:37:46.435+0000] {dagbag.py:540} INFO - Filling up the DagBag from /opt/airflow/dags/silver_layer_dag.py
[2025-10-24T07:37:46.781+0000] {processor.py:840} INFO - DAG(s) 'silver_layer_dag' retrieved from /opt/airflow/dags/silver_layer_dag.py
[2025-10-24T07:37:46.795+0000] {logging_mixin.py:188} INFO - [2025-10-24T07:37:46.795+0000] {dag.py:3096} INFO - Sync 1 DAGs
[2025-10-24T07:37:46.808+0000] {logging_mixin.py:188} INFO - [2025-10-24T07:37:46.808+0000] {dag.py:3954} INFO - Setting next_dagrun for silver_layer_dag to 2025-10-23 19:00:00+00:00, run_after=2025-10-24 19:00:00+00:00
[2025-10-24T07:37:46.820+0000] {processor.py:183} INFO - Processing /opt/airflow/dags/silver_layer_dag.py took 0.392 seconds
[2025-10-24T07:38:17.544+0000] {processor.py:161} INFO - Started process (PID=75) to work on /opt/airflow/dags/silver_layer_dag.py
[2025-10-24T07:38:17.545+0000] {processor.py:830} INFO - Processing file /opt/airflow/dags/silver_layer_dag.py for tasks to queue
[2025-10-24T07:38:17.547+0000] {logging_mixin.py:188} INFO - [2025-10-24T07:38:17.547+0000] {dagbag.py:540} INFO - Filling up the DagBag from /opt/airflow/dags/silver_layer_dag.py
[2025-10-24T07:38:17.858+0000] {processor.py:840} INFO - DAG(s) 'silver_layer_dag' retrieved from /opt/airflow/dags/silver_layer_dag.py
[2025-10-24T07:38:17.871+0000] {logging_mixin.py:188} INFO - [2025-10-24T07:38:17.871+0000] {dag.py:3096} INFO - Sync 1 DAGs
[2025-10-24T07:38:17.885+0000] {logging_mixin.py:188} INFO - [2025-10-24T07:38:17.885+0000] {dag.py:3954} INFO - Setting next_dagrun for silver_layer_dag to 2025-10-23 19:00:00+00:00, run_after=2025-10-24 19:00:00+00:00
[2025-10-24T07:38:17.898+0000] {processor.py:183} INFO - Processing /opt/airflow/dags/silver_layer_dag.py took 0.359 seconds
[2025-10-24T07:38:49.977+0000] {processor.py:161} INFO - Started process (PID=77) to work on /opt/airflow/dags/silver_layer_dag.py
[2025-10-24T07:38:49.978+0000] {processor.py:830} INFO - Processing file /opt/airflow/dags/silver_layer_dag.py for tasks to queue
[2025-10-24T07:38:49.979+0000] {logging_mixin.py:188} INFO - [2025-10-24T07:38:49.979+0000] {dagbag.py:540} INFO - Filling up the DagBag from /opt/airflow/dags/silver_layer_dag.py
[2025-10-24T07:38:50.325+0000] {processor.py:840} INFO - DAG(s) 'silver_layer_dag' retrieved from /opt/airflow/dags/silver_layer_dag.py
[2025-10-24T07:38:50.340+0000] {logging_mixin.py:188} INFO - [2025-10-24T07:38:50.340+0000] {dag.py:3096} INFO - Sync 1 DAGs
[2025-10-24T07:38:50.356+0000] {logging_mixin.py:188} INFO - [2025-10-24T07:38:50.355+0000] {dag.py:3954} INFO - Setting next_dagrun for silver_layer_dag to 2025-10-23 19:00:00+00:00, run_after=2025-10-24 19:00:00+00:00
[2025-10-24T07:38:50.369+0000] {processor.py:183} INFO - Processing /opt/airflow/dags/silver_layer_dag.py took 0.398 seconds
[2025-10-24T07:39:22.205+0000] {processor.py:161} INFO - Started process (PID=79) to work on /opt/airflow/dags/silver_layer_dag.py
[2025-10-24T07:39:22.205+0000] {processor.py:830} INFO - Processing file /opt/airflow/dags/silver_layer_dag.py for tasks to queue
[2025-10-24T07:39:22.207+0000] {logging_mixin.py:188} INFO - [2025-10-24T07:39:22.207+0000] {dagbag.py:540} INFO - Filling up the DagBag from /opt/airflow/dags/silver_layer_dag.py
[2025-10-24T07:39:22.556+0000] {processor.py:840} INFO - DAG(s) 'silver_layer_dag' retrieved from /opt/airflow/dags/silver_layer_dag.py
[2025-10-24T07:39:22.569+0000] {logging_mixin.py:188} INFO - [2025-10-24T07:39:22.569+0000] {dag.py:3096} INFO - Sync 1 DAGs
[2025-10-24T07:39:22.583+0000] {logging_mixin.py:188} INFO - [2025-10-24T07:39:22.583+0000] {dag.py:3954} INFO - Setting next_dagrun for silver_layer_dag to 2025-10-23 19:00:00+00:00, run_after=2025-10-24 19:00:00+00:00
[2025-10-24T07:39:22.596+0000] {processor.py:183} INFO - Processing /opt/airflow/dags/silver_layer_dag.py took 0.396 seconds
[2025-10-24T07:39:53.660+0000] {processor.py:161} INFO - Started process (PID=81) to work on /opt/airflow/dags/silver_layer_dag.py
[2025-10-24T07:39:53.661+0000] {processor.py:830} INFO - Processing file /opt/airflow/dags/silver_layer_dag.py for tasks to queue
[2025-10-24T07:39:53.663+0000] {logging_mixin.py:188} INFO - [2025-10-24T07:39:53.662+0000] {dagbag.py:540} INFO - Filling up the DagBag from /opt/airflow/dags/silver_layer_dag.py
[2025-10-24T07:39:53.948+0000] {processor.py:840} INFO - DAG(s) 'silver_layer_dag' retrieved from /opt/airflow/dags/silver_layer_dag.py
[2025-10-24T07:39:53.961+0000] {logging_mixin.py:188} INFO - [2025-10-24T07:39:53.961+0000] {dag.py:3096} INFO - Sync 1 DAGs
[2025-10-24T07:39:53.974+0000] {logging_mixin.py:188} INFO - [2025-10-24T07:39:53.974+0000] {dag.py:3954} INFO - Setting next_dagrun for silver_layer_dag to 2025-10-23 19:00:00+00:00, run_after=2025-10-24 19:00:00+00:00
[2025-10-24T07:39:53.985+0000] {processor.py:183} INFO - Processing /opt/airflow/dags/silver_layer_dag.py took 0.329 seconds
[2025-10-24T07:40:26.146+0000] {processor.py:161} INFO - Started process (PID=83) to work on /opt/airflow/dags/silver_layer_dag.py
[2025-10-24T07:40:26.147+0000] {processor.py:830} INFO - Processing file /opt/airflow/dags/silver_layer_dag.py for tasks to queue
[2025-10-24T07:40:26.149+0000] {logging_mixin.py:188} INFO - [2025-10-24T07:40:26.149+0000] {dagbag.py:540} INFO - Filling up the DagBag from /opt/airflow/dags/silver_layer_dag.py
[2025-10-24T07:40:26.460+0000] {processor.py:840} INFO - DAG(s) 'silver_layer_dag' retrieved from /opt/airflow/dags/silver_layer_dag.py
[2025-10-24T07:40:26.473+0000] {logging_mixin.py:188} INFO - [2025-10-24T07:40:26.473+0000] {dag.py:3096} INFO - Sync 1 DAGs
[2025-10-24T07:40:26.486+0000] {logging_mixin.py:188} INFO - [2025-10-24T07:40:26.486+0000] {dag.py:3954} INFO - Setting next_dagrun for silver_layer_dag to 2025-10-23 19:00:00+00:00, run_after=2025-10-24 19:00:00+00:00
[2025-10-24T07:40:26.499+0000] {processor.py:183} INFO - Processing /opt/airflow/dags/silver_layer_dag.py took 0.357 seconds
[2025-10-24T07:40:56.593+0000] {processor.py:161} INFO - Started process (PID=85) to work on /opt/airflow/dags/silver_layer_dag.py
[2025-10-24T07:40:56.594+0000] {processor.py:830} INFO - Processing file /opt/airflow/dags/silver_layer_dag.py for tasks to queue
[2025-10-24T07:40:56.596+0000] {logging_mixin.py:188} INFO - [2025-10-24T07:40:56.595+0000] {dagbag.py:540} INFO - Filling up the DagBag from /opt/airflow/dags/silver_layer_dag.py
[2025-10-24T07:40:56.937+0000] {processor.py:840} INFO - DAG(s) 'silver_layer_dag' retrieved from /opt/airflow/dags/silver_layer_dag.py
[2025-10-24T07:40:56.953+0000] {logging_mixin.py:188} INFO - [2025-10-24T07:40:56.953+0000] {dag.py:3096} INFO - Sync 1 DAGs
[2025-10-24T07:40:56.966+0000] {logging_mixin.py:188} INFO - [2025-10-24T07:40:56.966+0000] {dag.py:3954} INFO - Setting next_dagrun for silver_layer_dag to 2025-10-23 19:00:00+00:00, run_after=2025-10-24 19:00:00+00:00
[2025-10-24T07:40:56.979+0000] {processor.py:183} INFO - Processing /opt/airflow/dags/silver_layer_dag.py took 0.390 seconds
[2025-10-24T07:41:27.908+0000] {processor.py:161} INFO - Started process (PID=87) to work on /opt/airflow/dags/silver_layer_dag.py
[2025-10-24T07:41:27.909+0000] {processor.py:830} INFO - Processing file /opt/airflow/dags/silver_layer_dag.py for tasks to queue
[2025-10-24T07:41:27.911+0000] {logging_mixin.py:188} INFO - [2025-10-24T07:41:27.910+0000] {dagbag.py:540} INFO - Filling up the DagBag from /opt/airflow/dags/silver_layer_dag.py
[2025-10-24T07:41:28.231+0000] {processor.py:840} INFO - DAG(s) 'silver_layer_dag' retrieved from /opt/airflow/dags/silver_layer_dag.py
[2025-10-24T07:41:28.244+0000] {logging_mixin.py:188} INFO - [2025-10-24T07:41:28.244+0000] {dag.py:3096} INFO - Sync 1 DAGs
[2025-10-24T07:41:28.258+0000] {logging_mixin.py:188} INFO - [2025-10-24T07:41:28.258+0000] {dag.py:3954} INFO - Setting next_dagrun for silver_layer_dag to 2025-10-23 19:00:00+00:00, run_after=2025-10-24 19:00:00+00:00
[2025-10-24T07:41:28.271+0000] {processor.py:183} INFO - Processing /opt/airflow/dags/silver_layer_dag.py took 0.368 seconds
[2025-10-24T07:41:59.134+0000] {processor.py:161} INFO - Started process (PID=89) to work on /opt/airflow/dags/silver_layer_dag.py
[2025-10-24T07:41:59.135+0000] {processor.py:830} INFO - Processing file /opt/airflow/dags/silver_layer_dag.py for tasks to queue
[2025-10-24T07:41:59.137+0000] {logging_mixin.py:188} INFO - [2025-10-24T07:41:59.137+0000] {dagbag.py:540} INFO - Filling up the DagBag from /opt/airflow/dags/silver_layer_dag.py
[2025-10-24T07:41:59.474+0000] {processor.py:840} INFO - DAG(s) 'silver_layer_dag' retrieved from /opt/airflow/dags/silver_layer_dag.py
[2025-10-24T07:41:59.489+0000] {logging_mixin.py:188} INFO - [2025-10-24T07:41:59.489+0000] {dag.py:3096} INFO - Sync 1 DAGs
[2025-10-24T07:41:59.503+0000] {logging_mixin.py:188} INFO - [2025-10-24T07:41:59.503+0000] {dag.py:3954} INFO - Setting next_dagrun for silver_layer_dag to 2025-10-23 19:00:00+00:00, run_after=2025-10-24 19:00:00+00:00
[2025-10-24T07:41:59.517+0000] {processor.py:183} INFO - Processing /opt/airflow/dags/silver_layer_dag.py took 0.387 seconds
[2025-10-24T07:42:30.235+0000] {processor.py:161} INFO - Started process (PID=91) to work on /opt/airflow/dags/silver_layer_dag.py
[2025-10-24T07:42:30.236+0000] {processor.py:830} INFO - Processing file /opt/airflow/dags/silver_layer_dag.py for tasks to queue
[2025-10-24T07:42:30.238+0000] {logging_mixin.py:188} INFO - [2025-10-24T07:42:30.238+0000] {dagbag.py:540} INFO - Filling up the DagBag from /opt/airflow/dags/silver_layer_dag.py
[2025-10-24T07:42:30.565+0000] {processor.py:840} INFO - DAG(s) 'silver_layer_dag' retrieved from /opt/airflow/dags/silver_layer_dag.py
[2025-10-24T07:42:30.578+0000] {logging_mixin.py:188} INFO - [2025-10-24T07:42:30.578+0000] {dag.py:3096} INFO - Sync 1 DAGs
[2025-10-24T07:42:30.592+0000] {logging_mixin.py:188} INFO - [2025-10-24T07:42:30.592+0000] {dag.py:3954} INFO - Setting next_dagrun for silver_layer_dag to 2025-10-23 19:00:00+00:00, run_after=2025-10-24 19:00:00+00:00
[2025-10-24T07:42:30.604+0000] {processor.py:183} INFO - Processing /opt/airflow/dags/silver_layer_dag.py took 0.374 seconds
[2025-10-24T07:43:01.185+0000] {processor.py:161} INFO - Started process (PID=93) to work on /opt/airflow/dags/silver_layer_dag.py
[2025-10-24T07:43:01.187+0000] {processor.py:830} INFO - Processing file /opt/airflow/dags/silver_layer_dag.py for tasks to queue
[2025-10-24T07:43:01.189+0000] {logging_mixin.py:188} INFO - [2025-10-24T07:43:01.188+0000] {dagbag.py:540} INFO - Filling up the DagBag from /opt/airflow/dags/silver_layer_dag.py
[2025-10-24T07:43:01.541+0000] {processor.py:840} INFO - DAG(s) 'silver_layer_dag' retrieved from /opt/airflow/dags/silver_layer_dag.py
[2025-10-24T07:43:01.556+0000] {logging_mixin.py:188} INFO - [2025-10-24T07:43:01.555+0000] {dag.py:3096} INFO - Sync 1 DAGs
[2025-10-24T07:43:01.570+0000] {logging_mixin.py:188} INFO - [2025-10-24T07:43:01.570+0000] {dag.py:3954} INFO - Setting next_dagrun for silver_layer_dag to 2025-10-23 19:00:00+00:00, run_after=2025-10-24 19:00:00+00:00
[2025-10-24T07:43:01.582+0000] {processor.py:183} INFO - Processing /opt/airflow/dags/silver_layer_dag.py took 0.403 seconds
[2025-10-24T07:43:32.096+0000] {processor.py:161} INFO - Started process (PID=95) to work on /opt/airflow/dags/silver_layer_dag.py
[2025-10-24T07:43:32.097+0000] {processor.py:830} INFO - Processing file /opt/airflow/dags/silver_layer_dag.py for tasks to queue
[2025-10-24T07:43:32.099+0000] {logging_mixin.py:188} INFO - [2025-10-24T07:43:32.099+0000] {dagbag.py:540} INFO - Filling up the DagBag from /opt/airflow/dags/silver_layer_dag.py
[2025-10-24T07:43:32.462+0000] {processor.py:840} INFO - DAG(s) 'silver_layer_dag' retrieved from /opt/airflow/dags/silver_layer_dag.py
[2025-10-24T07:43:32.476+0000] {logging_mixin.py:188} INFO - [2025-10-24T07:43:32.476+0000] {dag.py:3096} INFO - Sync 1 DAGs
[2025-10-24T07:43:32.492+0000] {logging_mixin.py:188} INFO - [2025-10-24T07:43:32.491+0000] {dag.py:3954} INFO - Setting next_dagrun for silver_layer_dag to 2025-10-23 19:00:00+00:00, run_after=2025-10-24 19:00:00+00:00
[2025-10-24T07:43:32.507+0000] {processor.py:183} INFO - Processing /opt/airflow/dags/silver_layer_dag.py took 0.416 seconds
[2025-10-24T07:44:02.684+0000] {processor.py:161} INFO - Started process (PID=97) to work on /opt/airflow/dags/silver_layer_dag.py
[2025-10-24T07:44:02.685+0000] {processor.py:830} INFO - Processing file /opt/airflow/dags/silver_layer_dag.py for tasks to queue
[2025-10-24T07:44:02.688+0000] {logging_mixin.py:188} INFO - [2025-10-24T07:44:02.688+0000] {dagbag.py:540} INFO - Filling up the DagBag from /opt/airflow/dags/silver_layer_dag.py
[2025-10-24T07:44:03.215+0000] {processor.py:840} INFO - DAG(s) 'silver_layer_dag' retrieved from /opt/airflow/dags/silver_layer_dag.py
[2025-10-24T07:44:03.234+0000] {logging_mixin.py:188} INFO - [2025-10-24T07:44:03.233+0000] {dag.py:3096} INFO - Sync 1 DAGs
[2025-10-24T07:44:03.253+0000] {logging_mixin.py:188} INFO - [2025-10-24T07:44:03.252+0000] {dag.py:3954} INFO - Setting next_dagrun for silver_layer_dag to 2025-10-23 19:00:00+00:00, run_after=2025-10-24 19:00:00+00:00
[2025-10-24T07:44:03.265+0000] {processor.py:183} INFO - Processing /opt/airflow/dags/silver_layer_dag.py took 0.596 seconds
[2025-10-24T07:44:34.223+0000] {processor.py:161} INFO - Started process (PID=99) to work on /opt/airflow/dags/silver_layer_dag.py
[2025-10-24T07:44:34.224+0000] {processor.py:830} INFO - Processing file /opt/airflow/dags/silver_layer_dag.py for tasks to queue
[2025-10-24T07:44:34.226+0000] {logging_mixin.py:188} INFO - [2025-10-24T07:44:34.226+0000] {dagbag.py:540} INFO - Filling up the DagBag from /opt/airflow/dags/silver_layer_dag.py
[2025-10-24T07:44:34.557+0000] {processor.py:840} INFO - DAG(s) 'silver_layer_dag' retrieved from /opt/airflow/dags/silver_layer_dag.py
[2025-10-24T07:44:34.573+0000] {logging_mixin.py:188} INFO - [2025-10-24T07:44:34.573+0000] {dag.py:3096} INFO - Sync 1 DAGs
[2025-10-24T07:44:34.586+0000] {logging_mixin.py:188} INFO - [2025-10-24T07:44:34.586+0000] {dag.py:3954} INFO - Setting next_dagrun for silver_layer_dag to 2025-10-23 19:00:00+00:00, run_after=2025-10-24 19:00:00+00:00
[2025-10-24T07:44:34.599+0000] {processor.py:183} INFO - Processing /opt/airflow/dags/silver_layer_dag.py took 0.381 seconds
[2025-10-24T07:45:05.517+0000] {processor.py:161} INFO - Started process (PID=101) to work on /opt/airflow/dags/silver_layer_dag.py
[2025-10-24T07:45:05.518+0000] {processor.py:830} INFO - Processing file /opt/airflow/dags/silver_layer_dag.py for tasks to queue
[2025-10-24T07:45:05.520+0000] {logging_mixin.py:188} INFO - [2025-10-24T07:45:05.519+0000] {dagbag.py:540} INFO - Filling up the DagBag from /opt/airflow/dags/silver_layer_dag.py
[2025-10-24T07:45:05.862+0000] {processor.py:840} INFO - DAG(s) 'silver_layer_dag' retrieved from /opt/airflow/dags/silver_layer_dag.py
[2025-10-24T07:45:05.881+0000] {logging_mixin.py:188} INFO - [2025-10-24T07:45:05.880+0000] {dag.py:3096} INFO - Sync 1 DAGs
[2025-10-24T07:45:05.896+0000] {logging_mixin.py:188} INFO - [2025-10-24T07:45:05.896+0000] {dag.py:3954} INFO - Setting next_dagrun for silver_layer_dag to 2025-10-23 19:00:00+00:00, run_after=2025-10-24 19:00:00+00:00
[2025-10-24T07:45:05.912+0000] {processor.py:183} INFO - Processing /opt/airflow/dags/silver_layer_dag.py took 0.399 seconds
[2025-10-24T07:45:36.159+0000] {processor.py:161} INFO - Started process (PID=103) to work on /opt/airflow/dags/silver_layer_dag.py
[2025-10-24T07:45:36.160+0000] {processor.py:830} INFO - Processing file /opt/airflow/dags/silver_layer_dag.py for tasks to queue
[2025-10-24T07:45:36.161+0000] {logging_mixin.py:188} INFO - [2025-10-24T07:45:36.161+0000] {dagbag.py:540} INFO - Filling up the DagBag from /opt/airflow/dags/silver_layer_dag.py
[2025-10-24T07:45:36.452+0000] {processor.py:840} INFO - DAG(s) 'silver_layer_dag' retrieved from /opt/airflow/dags/silver_layer_dag.py
[2025-10-24T07:45:36.465+0000] {logging_mixin.py:188} INFO - [2025-10-24T07:45:36.465+0000] {dag.py:3096} INFO - Sync 1 DAGs
[2025-10-24T07:45:36.477+0000] {logging_mixin.py:188} INFO - [2025-10-24T07:45:36.477+0000] {dag.py:3954} INFO - Setting next_dagrun for silver_layer_dag to 2025-10-23 19:00:00+00:00, run_after=2025-10-24 19:00:00+00:00
[2025-10-24T07:45:36.488+0000] {processor.py:183} INFO - Processing /opt/airflow/dags/silver_layer_dag.py took 0.333 seconds
[2025-10-24T07:46:06.700+0000] {processor.py:161} INFO - Started process (PID=105) to work on /opt/airflow/dags/silver_layer_dag.py
[2025-10-24T07:46:06.701+0000] {processor.py:830} INFO - Processing file /opt/airflow/dags/silver_layer_dag.py for tasks to queue
[2025-10-24T07:46:06.703+0000] {logging_mixin.py:188} INFO - [2025-10-24T07:46:06.702+0000] {dagbag.py:540} INFO - Filling up the DagBag from /opt/airflow/dags/silver_layer_dag.py
[2025-10-24T07:46:07.073+0000] {processor.py:840} INFO - DAG(s) 'silver_layer_dag' retrieved from /opt/airflow/dags/silver_layer_dag.py
[2025-10-24T07:46:07.089+0000] {logging_mixin.py:188} INFO - [2025-10-24T07:46:07.088+0000] {dag.py:3096} INFO - Sync 1 DAGs
[2025-10-24T07:46:07.106+0000] {logging_mixin.py:188} INFO - [2025-10-24T07:46:07.106+0000] {dag.py:3954} INFO - Setting next_dagrun for silver_layer_dag to 2025-10-23 19:00:00+00:00, run_after=2025-10-24 19:00:00+00:00
[2025-10-24T07:46:07.125+0000] {processor.py:183} INFO - Processing /opt/airflow/dags/silver_layer_dag.py took 0.431 seconds
[2025-10-24T07:46:38.345+0000] {processor.py:161} INFO - Started process (PID=107) to work on /opt/airflow/dags/silver_layer_dag.py
[2025-10-24T07:46:38.346+0000] {processor.py:830} INFO - Processing file /opt/airflow/dags/silver_layer_dag.py for tasks to queue
[2025-10-24T07:46:38.348+0000] {logging_mixin.py:188} INFO - [2025-10-24T07:46:38.347+0000] {dagbag.py:540} INFO - Filling up the DagBag from /opt/airflow/dags/silver_layer_dag.py
[2025-10-24T07:46:38.660+0000] {processor.py:840} INFO - DAG(s) 'silver_layer_dag' retrieved from /opt/airflow/dags/silver_layer_dag.py
[2025-10-24T07:46:38.674+0000] {logging_mixin.py:188} INFO - [2025-10-24T07:46:38.674+0000] {dag.py:3096} INFO - Sync 1 DAGs
[2025-10-24T07:46:38.688+0000] {logging_mixin.py:188} INFO - [2025-10-24T07:46:38.687+0000] {dag.py:3954} INFO - Setting next_dagrun for silver_layer_dag to 2025-10-23 19:00:00+00:00, run_after=2025-10-24 19:00:00+00:00
[2025-10-24T07:46:38.700+0000] {processor.py:183} INFO - Processing /opt/airflow/dags/silver_layer_dag.py took 0.359 seconds
[2025-10-24T07:47:09.787+0000] {processor.py:161} INFO - Started process (PID=109) to work on /opt/airflow/dags/silver_layer_dag.py
[2025-10-24T07:47:09.788+0000] {processor.py:830} INFO - Processing file /opt/airflow/dags/silver_layer_dag.py for tasks to queue
[2025-10-24T07:47:09.790+0000] {logging_mixin.py:188} INFO - [2025-10-24T07:47:09.789+0000] {dagbag.py:540} INFO - Filling up the DagBag from /opt/airflow/dags/silver_layer_dag.py
[2025-10-24T07:47:10.199+0000] {processor.py:840} INFO - DAG(s) 'silver_layer_dag' retrieved from /opt/airflow/dags/silver_layer_dag.py
[2025-10-24T07:47:10.224+0000] {logging_mixin.py:188} INFO - [2025-10-24T07:47:10.223+0000] {dag.py:3096} INFO - Sync 1 DAGs
[2025-10-24T07:47:10.245+0000] {logging_mixin.py:188} INFO - [2025-10-24T07:47:10.245+0000] {dag.py:3954} INFO - Setting next_dagrun for silver_layer_dag to 2025-10-23 19:00:00+00:00, run_after=2025-10-24 19:00:00+00:00
[2025-10-24T07:47:10.264+0000] {processor.py:183} INFO - Processing /opt/airflow/dags/silver_layer_dag.py took 0.484 seconds
[2025-10-24T07:47:42.020+0000] {processor.py:161} INFO - Started process (PID=111) to work on /opt/airflow/dags/silver_layer_dag.py
[2025-10-24T07:47:42.021+0000] {processor.py:830} INFO - Processing file /opt/airflow/dags/silver_layer_dag.py for tasks to queue
[2025-10-24T07:47:42.023+0000] {logging_mixin.py:188} INFO - [2025-10-24T07:47:42.022+0000] {dagbag.py:540} INFO - Filling up the DagBag from /opt/airflow/dags/silver_layer_dag.py
[2025-10-24T07:47:42.375+0000] {processor.py:840} INFO - DAG(s) 'silver_layer_dag' retrieved from /opt/airflow/dags/silver_layer_dag.py
[2025-10-24T07:47:42.391+0000] {logging_mixin.py:188} INFO - [2025-10-24T07:47:42.391+0000] {dag.py:3096} INFO - Sync 1 DAGs
[2025-10-24T07:47:42.407+0000] {logging_mixin.py:188} INFO - [2025-10-24T07:47:42.406+0000] {dag.py:3954} INFO - Setting next_dagrun for silver_layer_dag to 2025-10-23 19:00:00+00:00, run_after=2025-10-24 19:00:00+00:00
[2025-10-24T07:47:42.423+0000] {processor.py:183} INFO - Processing /opt/airflow/dags/silver_layer_dag.py took 0.407 seconds
[2025-10-24T07:48:12.540+0000] {processor.py:161} INFO - Started process (PID=113) to work on /opt/airflow/dags/silver_layer_dag.py
[2025-10-24T07:48:12.541+0000] {processor.py:830} INFO - Processing file /opt/airflow/dags/silver_layer_dag.py for tasks to queue
[2025-10-24T07:48:12.542+0000] {logging_mixin.py:188} INFO - [2025-10-24T07:48:12.542+0000] {dagbag.py:540} INFO - Filling up the DagBag from /opt/airflow/dags/silver_layer_dag.py
[2025-10-24T07:48:12.849+0000] {processor.py:840} INFO - DAG(s) 'silver_layer_dag' retrieved from /opt/airflow/dags/silver_layer_dag.py
[2025-10-24T07:48:12.862+0000] {logging_mixin.py:188} INFO - [2025-10-24T07:48:12.862+0000] {dag.py:3096} INFO - Sync 1 DAGs
[2025-10-24T07:48:12.876+0000] {logging_mixin.py:188} INFO - [2025-10-24T07:48:12.876+0000] {dag.py:3954} INFO - Setting next_dagrun for silver_layer_dag to 2025-10-23 19:00:00+00:00, run_after=2025-10-24 19:00:00+00:00
[2025-10-24T07:48:12.890+0000] {processor.py:183} INFO - Processing /opt/airflow/dags/silver_layer_dag.py took 0.354 seconds
[2025-10-24T07:48:43.802+0000] {processor.py:161} INFO - Started process (PID=115) to work on /opt/airflow/dags/silver_layer_dag.py
[2025-10-24T07:48:43.803+0000] {processor.py:830} INFO - Processing file /opt/airflow/dags/silver_layer_dag.py for tasks to queue
[2025-10-24T07:48:43.804+0000] {logging_mixin.py:188} INFO - [2025-10-24T07:48:43.804+0000] {dagbag.py:540} INFO - Filling up the DagBag from /opt/airflow/dags/silver_layer_dag.py
[2025-10-24T07:48:44.122+0000] {processor.py:840} INFO - DAG(s) 'silver_layer_dag' retrieved from /opt/airflow/dags/silver_layer_dag.py
[2025-10-24T07:48:44.136+0000] {logging_mixin.py:188} INFO - [2025-10-24T07:48:44.135+0000] {dag.py:3096} INFO - Sync 1 DAGs
[2025-10-24T07:48:44.149+0000] {logging_mixin.py:188} INFO - [2025-10-24T07:48:44.149+0000] {dag.py:3954} INFO - Setting next_dagrun for silver_layer_dag to 2025-10-23 19:00:00+00:00, run_after=2025-10-24 19:00:00+00:00
[2025-10-24T07:48:44.162+0000] {processor.py:183} INFO - Processing /opt/airflow/dags/silver_layer_dag.py took 0.365 seconds
[2025-10-24T07:49:15.003+0000] {processor.py:161} INFO - Started process (PID=117) to work on /opt/airflow/dags/silver_layer_dag.py
[2025-10-24T07:49:15.004+0000] {processor.py:830} INFO - Processing file /opt/airflow/dags/silver_layer_dag.py for tasks to queue
[2025-10-24T07:49:15.006+0000] {logging_mixin.py:188} INFO - [2025-10-24T07:49:15.006+0000] {dagbag.py:540} INFO - Filling up the DagBag from /opt/airflow/dags/silver_layer_dag.py
[2025-10-24T07:49:15.369+0000] {processor.py:840} INFO - DAG(s) 'silver_layer_dag' retrieved from /opt/airflow/dags/silver_layer_dag.py
[2025-10-24T07:49:15.385+0000] {logging_mixin.py:188} INFO - [2025-10-24T07:49:15.385+0000] {dag.py:3096} INFO - Sync 1 DAGs
[2025-10-24T07:49:15.400+0000] {logging_mixin.py:188} INFO - [2025-10-24T07:49:15.400+0000] {dag.py:3954} INFO - Setting next_dagrun for silver_layer_dag to 2025-10-23 19:00:00+00:00, run_after=2025-10-24 19:00:00+00:00
[2025-10-24T07:49:15.413+0000] {processor.py:183} INFO - Processing /opt/airflow/dags/silver_layer_dag.py took 0.415 seconds
[2025-10-24T07:49:46.227+0000] {processor.py:161} INFO - Started process (PID=119) to work on /opt/airflow/dags/silver_layer_dag.py
[2025-10-24T07:49:46.227+0000] {processor.py:830} INFO - Processing file /opt/airflow/dags/silver_layer_dag.py for tasks to queue
[2025-10-24T07:49:46.229+0000] {logging_mixin.py:188} INFO - [2025-10-24T07:49:46.229+0000] {dagbag.py:540} INFO - Filling up the DagBag from /opt/airflow/dags/silver_layer_dag.py
[2025-10-24T07:49:46.575+0000] {processor.py:840} INFO - DAG(s) 'silver_layer_dag' retrieved from /opt/airflow/dags/silver_layer_dag.py
[2025-10-24T07:49:46.590+0000] {logging_mixin.py:188} INFO - [2025-10-24T07:49:46.589+0000] {dag.py:3096} INFO - Sync 1 DAGs
[2025-10-24T07:49:46.603+0000] {logging_mixin.py:188} INFO - [2025-10-24T07:49:46.603+0000] {dag.py:3954} INFO - Setting next_dagrun for silver_layer_dag to 2025-10-23 19:00:00+00:00, run_after=2025-10-24 19:00:00+00:00
[2025-10-24T07:49:46.615+0000] {processor.py:183} INFO - Processing /opt/airflow/dags/silver_layer_dag.py took 0.393 seconds
[2025-10-24T07:50:17.203+0000] {processor.py:161} INFO - Started process (PID=121) to work on /opt/airflow/dags/silver_layer_dag.py
[2025-10-24T07:50:17.204+0000] {processor.py:830} INFO - Processing file /opt/airflow/dags/silver_layer_dag.py for tasks to queue
[2025-10-24T07:50:17.205+0000] {logging_mixin.py:188} INFO - [2025-10-24T07:50:17.205+0000] {dagbag.py:540} INFO - Filling up the DagBag from /opt/airflow/dags/silver_layer_dag.py
[2025-10-24T07:50:17.541+0000] {processor.py:840} INFO - DAG(s) 'silver_layer_dag' retrieved from /opt/airflow/dags/silver_layer_dag.py
[2025-10-24T07:50:17.555+0000] {logging_mixin.py:188} INFO - [2025-10-24T07:50:17.555+0000] {dag.py:3096} INFO - Sync 1 DAGs
[2025-10-24T07:50:17.569+0000] {logging_mixin.py:188} INFO - [2025-10-24T07:50:17.568+0000] {dag.py:3954} INFO - Setting next_dagrun for silver_layer_dag to 2025-10-23 19:00:00+00:00, run_after=2025-10-24 19:00:00+00:00
[2025-10-24T07:50:17.582+0000] {processor.py:183} INFO - Processing /opt/airflow/dags/silver_layer_dag.py took 0.384 seconds
[2025-10-24T07:50:48.245+0000] {processor.py:161} INFO - Started process (PID=123) to work on /opt/airflow/dags/silver_layer_dag.py
[2025-10-24T07:50:48.246+0000] {processor.py:830} INFO - Processing file /opt/airflow/dags/silver_layer_dag.py for tasks to queue
[2025-10-24T07:50:48.248+0000] {logging_mixin.py:188} INFO - [2025-10-24T07:50:48.248+0000] {dagbag.py:540} INFO - Filling up the DagBag from /opt/airflow/dags/silver_layer_dag.py
[2025-10-24T07:50:48.531+0000] {processor.py:840} INFO - DAG(s) 'silver_layer_dag' retrieved from /opt/airflow/dags/silver_layer_dag.py
[2025-10-24T07:50:48.542+0000] {logging_mixin.py:188} INFO - [2025-10-24T07:50:48.542+0000] {dag.py:3096} INFO - Sync 1 DAGs
[2025-10-24T07:50:48.554+0000] {logging_mixin.py:188} INFO - [2025-10-24T07:50:48.554+0000] {dag.py:3954} INFO - Setting next_dagrun for silver_layer_dag to 2025-10-23 19:00:00+00:00, run_after=2025-10-24 19:00:00+00:00
[2025-10-24T07:50:48.567+0000] {processor.py:183} INFO - Processing /opt/airflow/dags/silver_layer_dag.py took 0.326 seconds
[2025-10-24T07:51:18.702+0000] {processor.py:161} INFO - Started process (PID=126) to work on /opt/airflow/dags/silver_layer_dag.py
[2025-10-24T07:51:18.703+0000] {processor.py:830} INFO - Processing file /opt/airflow/dags/silver_layer_dag.py for tasks to queue
[2025-10-24T07:51:18.704+0000] {logging_mixin.py:188} INFO - [2025-10-24T07:51:18.704+0000] {dagbag.py:540} INFO - Filling up the DagBag from /opt/airflow/dags/silver_layer_dag.py
[2025-10-24T07:51:19.032+0000] {processor.py:840} INFO - DAG(s) 'silver_layer_dag' retrieved from /opt/airflow/dags/silver_layer_dag.py
[2025-10-24T07:51:19.047+0000] {logging_mixin.py:188} INFO - [2025-10-24T07:51:19.047+0000] {dag.py:3096} INFO - Sync 1 DAGs
[2025-10-24T07:51:19.063+0000] {logging_mixin.py:188} INFO - [2025-10-24T07:51:19.063+0000] {dag.py:3954} INFO - Setting next_dagrun for silver_layer_dag to 2025-10-23 19:00:00+00:00, run_after=2025-10-24 19:00:00+00:00
[2025-10-24T07:51:19.078+0000] {processor.py:183} INFO - Processing /opt/airflow/dags/silver_layer_dag.py took 0.382 seconds
[2025-10-24T07:51:49.233+0000] {processor.py:161} INFO - Started process (PID=127) to work on /opt/airflow/dags/silver_layer_dag.py
[2025-10-24T07:51:49.234+0000] {processor.py:830} INFO - Processing file /opt/airflow/dags/silver_layer_dag.py for tasks to queue
[2025-10-24T07:51:49.235+0000] {logging_mixin.py:188} INFO - [2025-10-24T07:51:49.235+0000] {dagbag.py:540} INFO - Filling up the DagBag from /opt/airflow/dags/silver_layer_dag.py
[2025-10-24T07:51:49.527+0000] {processor.py:840} INFO - DAG(s) 'silver_layer_dag' retrieved from /opt/airflow/dags/silver_layer_dag.py
[2025-10-24T07:51:49.540+0000] {logging_mixin.py:188} INFO - [2025-10-24T07:51:49.540+0000] {dag.py:3096} INFO - Sync 1 DAGs
[2025-10-24T07:51:49.554+0000] {logging_mixin.py:188} INFO - [2025-10-24T07:51:49.554+0000] {dag.py:3954} INFO - Setting next_dagrun for silver_layer_dag to 2025-10-23 19:00:00+00:00, run_after=2025-10-24 19:00:00+00:00
[2025-10-24T07:51:49.566+0000] {processor.py:183} INFO - Processing /opt/airflow/dags/silver_layer_dag.py took 0.337 seconds
[2025-10-24T07:52:19.689+0000] {processor.py:161} INFO - Started process (PID=129) to work on /opt/airflow/dags/silver_layer_dag.py
[2025-10-24T07:52:19.689+0000] {processor.py:830} INFO - Processing file /opt/airflow/dags/silver_layer_dag.py for tasks to queue
[2025-10-24T07:52:19.691+0000] {logging_mixin.py:188} INFO - [2025-10-24T07:52:19.691+0000] {dagbag.py:540} INFO - Filling up the DagBag from /opt/airflow/dags/silver_layer_dag.py
[2025-10-24T07:52:20.041+0000] {processor.py:840} INFO - DAG(s) 'silver_layer_dag' retrieved from /opt/airflow/dags/silver_layer_dag.py
[2025-10-24T07:52:20.057+0000] {logging_mixin.py:188} INFO - [2025-10-24T07:52:20.056+0000] {dag.py:3096} INFO - Sync 1 DAGs
[2025-10-24T07:52:20.071+0000] {logging_mixin.py:188} INFO - [2025-10-24T07:52:20.071+0000] {dag.py:3954} INFO - Setting next_dagrun for silver_layer_dag to 2025-10-23 19:00:00+00:00, run_after=2025-10-24 19:00:00+00:00
[2025-10-24T07:52:20.085+0000] {processor.py:183} INFO - Processing /opt/airflow/dags/silver_layer_dag.py took 0.401 seconds
[2025-10-24T07:52:50.131+0000] {processor.py:161} INFO - Started process (PID=132) to work on /opt/airflow/dags/silver_layer_dag.py
[2025-10-24T07:52:50.132+0000] {processor.py:830} INFO - Processing file /opt/airflow/dags/silver_layer_dag.py for tasks to queue
[2025-10-24T07:52:50.134+0000] {logging_mixin.py:188} INFO - [2025-10-24T07:52:50.133+0000] {dagbag.py:540} INFO - Filling up the DagBag from /opt/airflow/dags/silver_layer_dag.py
[2025-10-24T07:52:50.437+0000] {processor.py:840} INFO - DAG(s) 'silver_layer_dag' retrieved from /opt/airflow/dags/silver_layer_dag.py
[2025-10-24T07:52:50.451+0000] {logging_mixin.py:188} INFO - [2025-10-24T07:52:50.451+0000] {dag.py:3096} INFO - Sync 1 DAGs
[2025-10-24T07:52:50.464+0000] {logging_mixin.py:188} INFO - [2025-10-24T07:52:50.463+0000] {dag.py:3954} INFO - Setting next_dagrun for silver_layer_dag to 2025-10-23 19:00:00+00:00, run_after=2025-10-24 19:00:00+00:00
[2025-10-24T07:52:50.476+0000] {processor.py:183} INFO - Processing /opt/airflow/dags/silver_layer_dag.py took 0.349 seconds
[2025-10-24T07:53:22.171+0000] {processor.py:161} INFO - Started process (PID=133) to work on /opt/airflow/dags/silver_layer_dag.py
[2025-10-24T07:53:22.172+0000] {processor.py:830} INFO - Processing file /opt/airflow/dags/silver_layer_dag.py for tasks to queue
[2025-10-24T07:53:22.173+0000] {logging_mixin.py:188} INFO - [2025-10-24T07:53:22.173+0000] {dagbag.py:540} INFO - Filling up the DagBag from /opt/airflow/dags/silver_layer_dag.py
[2025-10-24T07:53:22.478+0000] {processor.py:840} INFO - DAG(s) 'silver_layer_dag' retrieved from /opt/airflow/dags/silver_layer_dag.py
[2025-10-24T07:53:22.493+0000] {logging_mixin.py:188} INFO - [2025-10-24T07:53:22.493+0000] {dag.py:3096} INFO - Sync 1 DAGs
[2025-10-24T07:53:22.509+0000] {logging_mixin.py:188} INFO - [2025-10-24T07:53:22.509+0000] {dag.py:3954} INFO - Setting next_dagrun for silver_layer_dag to 2025-10-23 19:00:00+00:00, run_after=2025-10-24 19:00:00+00:00
[2025-10-24T07:53:22.523+0000] {processor.py:183} INFO - Processing /opt/airflow/dags/silver_layer_dag.py took 0.357 seconds
[2025-10-24T07:53:54.329+0000] {processor.py:161} INFO - Started process (PID=135) to work on /opt/airflow/dags/silver_layer_dag.py
[2025-10-24T07:53:54.330+0000] {processor.py:830} INFO - Processing file /opt/airflow/dags/silver_layer_dag.py for tasks to queue
[2025-10-24T07:53:54.332+0000] {logging_mixin.py:188} INFO - [2025-10-24T07:53:54.331+0000] {dagbag.py:540} INFO - Filling up the DagBag from /opt/airflow/dags/silver_layer_dag.py
[2025-10-24T07:53:54.623+0000] {processor.py:840} INFO - DAG(s) 'silver_layer_dag' retrieved from /opt/airflow/dags/silver_layer_dag.py
[2025-10-24T07:53:54.636+0000] {logging_mixin.py:188} INFO - [2025-10-24T07:53:54.635+0000] {dag.py:3096} INFO - Sync 1 DAGs
[2025-10-24T07:53:54.648+0000] {logging_mixin.py:188} INFO - [2025-10-24T07:53:54.648+0000] {dag.py:3954} INFO - Setting next_dagrun for silver_layer_dag to 2025-10-23 19:00:00+00:00, run_after=2025-10-24 19:00:00+00:00
[2025-10-24T07:53:54.660+0000] {processor.py:183} INFO - Processing /opt/airflow/dags/silver_layer_dag.py took 0.334 seconds
[2025-10-24T07:54:26.096+0000] {processor.py:161} INFO - Started process (PID=137) to work on /opt/airflow/dags/silver_layer_dag.py
[2025-10-24T07:54:26.097+0000] {processor.py:830} INFO - Processing file /opt/airflow/dags/silver_layer_dag.py for tasks to queue
[2025-10-24T07:54:26.099+0000] {logging_mixin.py:188} INFO - [2025-10-24T07:54:26.098+0000] {dagbag.py:540} INFO - Filling up the DagBag from /opt/airflow/dags/silver_layer_dag.py
[2025-10-24T07:54:26.404+0000] {processor.py:840} INFO - DAG(s) 'silver_layer_dag' retrieved from /opt/airflow/dags/silver_layer_dag.py
[2025-10-24T07:54:26.417+0000] {logging_mixin.py:188} INFO - [2025-10-24T07:54:26.417+0000] {dag.py:3096} INFO - Sync 1 DAGs
[2025-10-24T07:54:26.431+0000] {logging_mixin.py:188} INFO - [2025-10-24T07:54:26.431+0000] {dag.py:3954} INFO - Setting next_dagrun for silver_layer_dag to 2025-10-23 19:00:00+00:00, run_after=2025-10-24 19:00:00+00:00
[2025-10-24T07:54:26.443+0000] {processor.py:183} INFO - Processing /opt/airflow/dags/silver_layer_dag.py took 0.351 seconds
[2025-10-24T07:54:56.545+0000] {processor.py:161} INFO - Started process (PID=140) to work on /opt/airflow/dags/silver_layer_dag.py
[2025-10-24T07:54:56.546+0000] {processor.py:830} INFO - Processing file /opt/airflow/dags/silver_layer_dag.py for tasks to queue
[2025-10-24T07:54:56.547+0000] {logging_mixin.py:188} INFO - [2025-10-24T07:54:56.547+0000] {dagbag.py:540} INFO - Filling up the DagBag from /opt/airflow/dags/silver_layer_dag.py
[2025-10-24T07:54:56.859+0000] {processor.py:840} INFO - DAG(s) 'silver_layer_dag' retrieved from /opt/airflow/dags/silver_layer_dag.py
[2025-10-24T07:54:56.875+0000] {logging_mixin.py:188} INFO - [2025-10-24T07:54:56.875+0000] {dag.py:3096} INFO - Sync 1 DAGs
[2025-10-24T07:54:56.890+0000] {logging_mixin.py:188} INFO - [2025-10-24T07:54:56.890+0000] {dag.py:3954} INFO - Setting next_dagrun for silver_layer_dag to 2025-10-23 19:00:00+00:00, run_after=2025-10-24 19:00:00+00:00
[2025-10-24T07:54:56.903+0000] {processor.py:183} INFO - Processing /opt/airflow/dags/silver_layer_dag.py took 0.362 seconds
[2025-10-24T07:55:27.224+0000] {processor.py:161} INFO - Started process (PID=141) to work on /opt/airflow/dags/silver_layer_dag.py
[2025-10-24T07:55:27.226+0000] {processor.py:830} INFO - Processing file /opt/airflow/dags/silver_layer_dag.py for tasks to queue
[2025-10-24T07:55:27.228+0000] {logging_mixin.py:188} INFO - [2025-10-24T07:55:27.228+0000] {dagbag.py:540} INFO - Filling up the DagBag from /opt/airflow/dags/silver_layer_dag.py
[2025-10-24T07:55:27.555+0000] {processor.py:840} INFO - DAG(s) 'silver_layer_dag' retrieved from /opt/airflow/dags/silver_layer_dag.py
[2025-10-24T07:55:27.570+0000] {logging_mixin.py:188} INFO - [2025-10-24T07:55:27.570+0000] {dag.py:3096} INFO - Sync 1 DAGs
[2025-10-24T07:55:27.585+0000] {logging_mixin.py:188} INFO - [2025-10-24T07:55:27.584+0000] {dag.py:3954} INFO - Setting next_dagrun for silver_layer_dag to 2025-10-23 19:00:00+00:00, run_after=2025-10-24 19:00:00+00:00
[2025-10-24T07:55:27.598+0000] {processor.py:183} INFO - Processing /opt/airflow/dags/silver_layer_dag.py took 0.379 seconds
[2025-10-24T07:55:57.727+0000] {processor.py:161} INFO - Started process (PID=143) to work on /opt/airflow/dags/silver_layer_dag.py
[2025-10-24T07:55:57.728+0000] {processor.py:830} INFO - Processing file /opt/airflow/dags/silver_layer_dag.py for tasks to queue
[2025-10-24T07:55:57.730+0000] {logging_mixin.py:188} INFO - [2025-10-24T07:55:57.730+0000] {dagbag.py:540} INFO - Filling up the DagBag from /opt/airflow/dags/silver_layer_dag.py
[2025-10-24T07:55:58.051+0000] {processor.py:840} INFO - DAG(s) 'silver_layer_dag' retrieved from /opt/airflow/dags/silver_layer_dag.py
[2025-10-24T07:55:58.065+0000] {logging_mixin.py:188} INFO - [2025-10-24T07:55:58.065+0000] {dag.py:3096} INFO - Sync 1 DAGs
[2025-10-24T07:55:58.078+0000] {logging_mixin.py:188} INFO - [2025-10-24T07:55:58.078+0000] {dag.py:3954} INFO - Setting next_dagrun for silver_layer_dag to 2025-10-23 19:00:00+00:00, run_after=2025-10-24 19:00:00+00:00
[2025-10-24T07:55:58.090+0000] {processor.py:183} INFO - Processing /opt/airflow/dags/silver_layer_dag.py took 0.369 seconds
[2025-10-24T07:56:28.221+0000] {processor.py:161} INFO - Started process (PID=146) to work on /opt/airflow/dags/silver_layer_dag.py
[2025-10-24T07:56:28.222+0000] {processor.py:830} INFO - Processing file /opt/airflow/dags/silver_layer_dag.py for tasks to queue
[2025-10-24T07:56:28.223+0000] {logging_mixin.py:188} INFO - [2025-10-24T07:56:28.223+0000] {dagbag.py:540} INFO - Filling up the DagBag from /opt/airflow/dags/silver_layer_dag.py
[2025-10-24T07:56:28.494+0000] {processor.py:840} INFO - DAG(s) 'silver_layer_dag' retrieved from /opt/airflow/dags/silver_layer_dag.py
[2025-10-24T07:56:28.507+0000] {logging_mixin.py:188} INFO - [2025-10-24T07:56:28.507+0000] {dag.py:3096} INFO - Sync 1 DAGs
[2025-10-24T07:56:28.519+0000] {logging_mixin.py:188} INFO - [2025-10-24T07:56:28.519+0000] {dag.py:3954} INFO - Setting next_dagrun for silver_layer_dag to 2025-10-23 19:00:00+00:00, run_after=2025-10-24 19:00:00+00:00
[2025-10-24T07:56:28.530+0000] {processor.py:183} INFO - Processing /opt/airflow/dags/silver_layer_dag.py took 0.314 seconds
[2025-10-24T07:56:58.590+0000] {processor.py:161} INFO - Started process (PID=147) to work on /opt/airflow/dags/silver_layer_dag.py
[2025-10-24T07:56:58.591+0000] {processor.py:830} INFO - Processing file /opt/airflow/dags/silver_layer_dag.py for tasks to queue
[2025-10-24T07:56:58.592+0000] {logging_mixin.py:188} INFO - [2025-10-24T07:56:58.592+0000] {dagbag.py:540} INFO - Filling up the DagBag from /opt/airflow/dags/silver_layer_dag.py
[2025-10-24T07:56:58.904+0000] {processor.py:840} INFO - DAG(s) 'silver_layer_dag' retrieved from /opt/airflow/dags/silver_layer_dag.py
[2025-10-24T07:56:58.918+0000] {logging_mixin.py:188} INFO - [2025-10-24T07:56:58.918+0000] {dag.py:3096} INFO - Sync 1 DAGs
[2025-10-24T07:56:58.932+0000] {logging_mixin.py:188} INFO - [2025-10-24T07:56:58.932+0000] {dag.py:3954} INFO - Setting next_dagrun for silver_layer_dag to 2025-10-23 19:00:00+00:00, run_after=2025-10-24 19:00:00+00:00
[2025-10-24T07:56:58.945+0000] {processor.py:183} INFO - Processing /opt/airflow/dags/silver_layer_dag.py took 0.360 seconds
[2025-10-24T07:57:29.024+0000] {processor.py:161} INFO - Started process (PID=150) to work on /opt/airflow/dags/silver_layer_dag.py
[2025-10-24T07:57:29.025+0000] {processor.py:830} INFO - Processing file /opt/airflow/dags/silver_layer_dag.py for tasks to queue
[2025-10-24T07:57:29.027+0000] {logging_mixin.py:188} INFO - [2025-10-24T07:57:29.026+0000] {dagbag.py:540} INFO - Filling up the DagBag from /opt/airflow/dags/silver_layer_dag.py
[2025-10-24T07:57:29.323+0000] {processor.py:840} INFO - DAG(s) 'silver_layer_dag' retrieved from /opt/airflow/dags/silver_layer_dag.py
[2025-10-24T07:57:29.337+0000] {logging_mixin.py:188} INFO - [2025-10-24T07:57:29.336+0000] {dag.py:3096} INFO - Sync 1 DAGs
[2025-10-24T07:57:29.350+0000] {logging_mixin.py:188} INFO - [2025-10-24T07:57:29.350+0000] {dag.py:3954} INFO - Setting next_dagrun for silver_layer_dag to 2025-10-23 19:00:00+00:00, run_after=2025-10-24 19:00:00+00:00
[2025-10-24T07:57:29.362+0000] {processor.py:183} INFO - Processing /opt/airflow/dags/silver_layer_dag.py took 0.342 seconds
[2025-10-24T07:58:00.301+0000] {processor.py:161} INFO - Started process (PID=152) to work on /opt/airflow/dags/silver_layer_dag.py
[2025-10-24T07:58:00.302+0000] {processor.py:830} INFO - Processing file /opt/airflow/dags/silver_layer_dag.py for tasks to queue
[2025-10-24T07:58:00.304+0000] {logging_mixin.py:188} INFO - [2025-10-24T07:58:00.303+0000] {dagbag.py:540} INFO - Filling up the DagBag from /opt/airflow/dags/silver_layer_dag.py
[2025-10-24T07:58:00.598+0000] {processor.py:840} INFO - DAG(s) 'silver_layer_dag' retrieved from /opt/airflow/dags/silver_layer_dag.py
[2025-10-24T07:58:00.612+0000] {logging_mixin.py:188} INFO - [2025-10-24T07:58:00.612+0000] {dag.py:3096} INFO - Sync 1 DAGs
[2025-10-24T07:58:00.625+0000] {logging_mixin.py:188} INFO - [2025-10-24T07:58:00.625+0000] {dag.py:3954} INFO - Setting next_dagrun for silver_layer_dag to 2025-10-23 19:00:00+00:00, run_after=2025-10-24 19:00:00+00:00
[2025-10-24T07:58:00.638+0000] {processor.py:183} INFO - Processing /opt/airflow/dags/silver_layer_dag.py took 0.341 seconds
[2025-10-24T07:58:31.555+0000] {processor.py:161} INFO - Started process (PID=154) to work on /opt/airflow/dags/silver_layer_dag.py
[2025-10-24T07:58:31.555+0000] {processor.py:830} INFO - Processing file /opt/airflow/dags/silver_layer_dag.py for tasks to queue
[2025-10-24T07:58:31.557+0000] {logging_mixin.py:188} INFO - [2025-10-24T07:58:31.557+0000] {dagbag.py:540} INFO - Filling up the DagBag from /opt/airflow/dags/silver_layer_dag.py
[2025-10-24T07:58:31.841+0000] {processor.py:840} INFO - DAG(s) 'silver_layer_dag' retrieved from /opt/airflow/dags/silver_layer_dag.py
[2025-10-24T07:58:31.853+0000] {logging_mixin.py:188} INFO - [2025-10-24T07:58:31.853+0000] {dag.py:3096} INFO - Sync 1 DAGs
[2025-10-24T07:58:31.866+0000] {logging_mixin.py:188} INFO - [2025-10-24T07:58:31.866+0000] {dag.py:3954} INFO - Setting next_dagrun for silver_layer_dag to 2025-10-23 19:00:00+00:00, run_after=2025-10-24 19:00:00+00:00
[2025-10-24T07:58:31.878+0000] {processor.py:183} INFO - Processing /opt/airflow/dags/silver_layer_dag.py took 0.327 seconds
[2025-10-24T07:59:02.389+0000] {processor.py:161} INFO - Started process (PID=156) to work on /opt/airflow/dags/silver_layer_dag.py
[2025-10-24T07:59:02.390+0000] {processor.py:830} INFO - Processing file /opt/airflow/dags/silver_layer_dag.py for tasks to queue
[2025-10-24T07:59:02.391+0000] {logging_mixin.py:188} INFO - [2025-10-24T07:59:02.391+0000] {dagbag.py:540} INFO - Filling up the DagBag from /opt/airflow/dags/silver_layer_dag.py
[2025-10-24T07:59:02.707+0000] {processor.py:840} INFO - DAG(s) 'silver_layer_dag' retrieved from /opt/airflow/dags/silver_layer_dag.py
[2025-10-24T07:59:02.721+0000] {logging_mixin.py:188} INFO - [2025-10-24T07:59:02.720+0000] {dag.py:3096} INFO - Sync 1 DAGs
[2025-10-24T07:59:02.734+0000] {logging_mixin.py:188} INFO - [2025-10-24T07:59:02.734+0000] {dag.py:3954} INFO - Setting next_dagrun for silver_layer_dag to 2025-10-23 19:00:00+00:00, run_after=2025-10-24 19:00:00+00:00
[2025-10-24T07:59:02.746+0000] {processor.py:183} INFO - Processing /opt/airflow/dags/silver_layer_dag.py took 0.362 seconds
[2025-10-24T07:59:33.658+0000] {processor.py:161} INFO - Started process (PID=158) to work on /opt/airflow/dags/silver_layer_dag.py
[2025-10-24T07:59:33.660+0000] {processor.py:830} INFO - Processing file /opt/airflow/dags/silver_layer_dag.py for tasks to queue
[2025-10-24T07:59:33.661+0000] {logging_mixin.py:188} INFO - [2025-10-24T07:59:33.661+0000] {dagbag.py:540} INFO - Filling up the DagBag from /opt/airflow/dags/silver_layer_dag.py
[2025-10-24T07:59:33.976+0000] {processor.py:840} INFO - DAG(s) 'silver_layer_dag' retrieved from /opt/airflow/dags/silver_layer_dag.py
[2025-10-24T07:59:33.989+0000] {logging_mixin.py:188} INFO - [2025-10-24T07:59:33.989+0000] {dag.py:3096} INFO - Sync 1 DAGs
[2025-10-24T07:59:34.002+0000] {logging_mixin.py:188} INFO - [2025-10-24T07:59:34.002+0000] {dag.py:3954} INFO - Setting next_dagrun for silver_layer_dag to 2025-10-23 19:00:00+00:00, run_after=2025-10-24 19:00:00+00:00
[2025-10-24T07:59:34.015+0000] {processor.py:183} INFO - Processing /opt/airflow/dags/silver_layer_dag.py took 0.361 seconds
[2025-10-24T08:00:04.859+0000] {processor.py:161} INFO - Started process (PID=160) to work on /opt/airflow/dags/silver_layer_dag.py
[2025-10-24T08:00:04.860+0000] {processor.py:830} INFO - Processing file /opt/airflow/dags/silver_layer_dag.py for tasks to queue
[2025-10-24T08:00:04.862+0000] {logging_mixin.py:188} INFO - [2025-10-24T08:00:04.862+0000] {dagbag.py:540} INFO - Filling up the DagBag from /opt/airflow/dags/silver_layer_dag.py
[2025-10-24T08:00:05.187+0000] {processor.py:840} INFO - DAG(s) 'silver_layer_dag' retrieved from /opt/airflow/dags/silver_layer_dag.py
[2025-10-24T08:00:05.201+0000] {logging_mixin.py:188} INFO - [2025-10-24T08:00:05.201+0000] {dag.py:3096} INFO - Sync 1 DAGs
[2025-10-24T08:00:05.215+0000] {logging_mixin.py:188} INFO - [2025-10-24T08:00:05.215+0000] {dag.py:3954} INFO - Setting next_dagrun for silver_layer_dag to 2025-10-23 19:00:00+00:00, run_after=2025-10-24 19:00:00+00:00
[2025-10-24T08:00:05.228+0000] {processor.py:183} INFO - Processing /opt/airflow/dags/silver_layer_dag.py took 0.375 seconds
[2025-10-24T08:00:35.336+0000] {processor.py:161} INFO - Started process (PID=162) to work on /opt/airflow/dags/silver_layer_dag.py
[2025-10-24T08:00:35.337+0000] {processor.py:830} INFO - Processing file /opt/airflow/dags/silver_layer_dag.py for tasks to queue
[2025-10-24T08:00:35.338+0000] {logging_mixin.py:188} INFO - [2025-10-24T08:00:35.338+0000] {dagbag.py:540} INFO - Filling up the DagBag from /opt/airflow/dags/silver_layer_dag.py
[2025-10-24T08:00:35.645+0000] {processor.py:840} INFO - DAG(s) 'silver_layer_dag' retrieved from /opt/airflow/dags/silver_layer_dag.py
[2025-10-24T08:00:35.657+0000] {logging_mixin.py:188} INFO - [2025-10-24T08:00:35.657+0000] {dag.py:3096} INFO - Sync 1 DAGs
[2025-10-24T08:00:35.670+0000] {logging_mixin.py:188} INFO - [2025-10-24T08:00:35.670+0000] {dag.py:3954} INFO - Setting next_dagrun for silver_layer_dag to 2025-10-23 19:00:00+00:00, run_after=2025-10-24 19:00:00+00:00
[2025-10-24T08:00:35.682+0000] {processor.py:183} INFO - Processing /opt/airflow/dags/silver_layer_dag.py took 0.350 seconds
[2025-10-24T08:01:06.476+0000] {processor.py:161} INFO - Started process (PID=164) to work on /opt/airflow/dags/silver_layer_dag.py
[2025-10-24T08:01:06.477+0000] {processor.py:830} INFO - Processing file /opt/airflow/dags/silver_layer_dag.py for tasks to queue
[2025-10-24T08:01:06.478+0000] {logging_mixin.py:188} INFO - [2025-10-24T08:01:06.478+0000] {dagbag.py:540} INFO - Filling up the DagBag from /opt/airflow/dags/silver_layer_dag.py
[2025-10-24T08:01:06.769+0000] {processor.py:840} INFO - DAG(s) 'silver_layer_dag' retrieved from /opt/airflow/dags/silver_layer_dag.py
[2025-10-24T08:01:06.782+0000] {logging_mixin.py:188} INFO - [2025-10-24T08:01:06.782+0000] {dag.py:3096} INFO - Sync 1 DAGs
[2025-10-24T08:01:06.796+0000] {logging_mixin.py:188} INFO - [2025-10-24T08:01:06.796+0000] {dag.py:3954} INFO - Setting next_dagrun for silver_layer_dag to 2025-10-23 19:00:00+00:00, run_after=2025-10-24 19:00:00+00:00
[2025-10-24T08:01:06.809+0000] {processor.py:183} INFO - Processing /opt/airflow/dags/silver_layer_dag.py took 0.337 seconds
[2025-10-24T08:01:36.879+0000] {processor.py:161} INFO - Started process (PID=166) to work on /opt/airflow/dags/silver_layer_dag.py
[2025-10-24T08:01:36.880+0000] {processor.py:830} INFO - Processing file /opt/airflow/dags/silver_layer_dag.py for tasks to queue
[2025-10-24T08:01:36.881+0000] {logging_mixin.py:188} INFO - [2025-10-24T08:01:36.881+0000] {dagbag.py:540} INFO - Filling up the DagBag from /opt/airflow/dags/silver_layer_dag.py
[2025-10-24T08:01:37.159+0000] {processor.py:840} INFO - DAG(s) 'silver_layer_dag' retrieved from /opt/airflow/dags/silver_layer_dag.py
[2025-10-24T08:01:37.172+0000] {logging_mixin.py:188} INFO - [2025-10-24T08:01:37.172+0000] {dag.py:3096} INFO - Sync 1 DAGs
[2025-10-24T08:01:37.184+0000] {logging_mixin.py:188} INFO - [2025-10-24T08:01:37.184+0000] {dag.py:3954} INFO - Setting next_dagrun for silver_layer_dag to 2025-10-23 19:00:00+00:00, run_after=2025-10-24 19:00:00+00:00
[2025-10-24T08:01:37.196+0000] {processor.py:183} INFO - Processing /opt/airflow/dags/silver_layer_dag.py took 0.321 seconds
[2025-10-24T08:02:07.299+0000] {processor.py:161} INFO - Started process (PID=168) to work on /opt/airflow/dags/silver_layer_dag.py
[2025-10-24T08:02:07.300+0000] {processor.py:830} INFO - Processing file /opt/airflow/dags/silver_layer_dag.py for tasks to queue
[2025-10-24T08:02:07.302+0000] {logging_mixin.py:188} INFO - [2025-10-24T08:02:07.302+0000] {dagbag.py:540} INFO - Filling up the DagBag from /opt/airflow/dags/silver_layer_dag.py
[2025-10-24T08:02:07.637+0000] {processor.py:840} INFO - DAG(s) 'silver_layer_dag' retrieved from /opt/airflow/dags/silver_layer_dag.py
[2025-10-24T08:02:07.652+0000] {logging_mixin.py:188} INFO - [2025-10-24T08:02:07.652+0000] {dag.py:3096} INFO - Sync 1 DAGs
[2025-10-24T08:02:07.666+0000] {logging_mixin.py:188} INFO - [2025-10-24T08:02:07.666+0000] {dag.py:3954} INFO - Setting next_dagrun for silver_layer_dag to 2025-10-23 19:00:00+00:00, run_after=2025-10-24 19:00:00+00:00
[2025-10-24T08:02:07.679+0000] {processor.py:183} INFO - Processing /opt/airflow/dags/silver_layer_dag.py took 0.384 seconds
[2025-10-24T08:02:38.439+0000] {processor.py:161} INFO - Started process (PID=170) to work on /opt/airflow/dags/silver_layer_dag.py
[2025-10-24T08:02:38.440+0000] {processor.py:830} INFO - Processing file /opt/airflow/dags/silver_layer_dag.py for tasks to queue
[2025-10-24T08:02:38.441+0000] {logging_mixin.py:188} INFO - [2025-10-24T08:02:38.441+0000] {dagbag.py:540} INFO - Filling up the DagBag from /opt/airflow/dags/silver_layer_dag.py
[2025-10-24T08:02:38.722+0000] {processor.py:840} INFO - DAG(s) 'silver_layer_dag' retrieved from /opt/airflow/dags/silver_layer_dag.py
[2025-10-24T08:02:38.735+0000] {logging_mixin.py:188} INFO - [2025-10-24T08:02:38.735+0000] {dag.py:3096} INFO - Sync 1 DAGs
[2025-10-24T08:02:38.747+0000] {logging_mixin.py:188} INFO - [2025-10-24T08:02:38.747+0000] {dag.py:3954} INFO - Setting next_dagrun for silver_layer_dag to 2025-10-23 19:00:00+00:00, run_after=2025-10-24 19:00:00+00:00
[2025-10-24T08:02:38.759+0000] {processor.py:183} INFO - Processing /opt/airflow/dags/silver_layer_dag.py took 0.324 seconds
[2025-10-24T08:03:08.803+0000] {processor.py:161} INFO - Started process (PID=172) to work on /opt/airflow/dags/silver_layer_dag.py
[2025-10-24T08:03:08.804+0000] {processor.py:830} INFO - Processing file /opt/airflow/dags/silver_layer_dag.py for tasks to queue
[2025-10-24T08:03:08.805+0000] {logging_mixin.py:188} INFO - [2025-10-24T08:03:08.805+0000] {dagbag.py:540} INFO - Filling up the DagBag from /opt/airflow/dags/silver_layer_dag.py
[2025-10-24T08:03:09.100+0000] {processor.py:840} INFO - DAG(s) 'silver_layer_dag' retrieved from /opt/airflow/dags/silver_layer_dag.py
[2025-10-24T08:03:09.112+0000] {logging_mixin.py:188} INFO - [2025-10-24T08:03:09.112+0000] {dag.py:3096} INFO - Sync 1 DAGs
[2025-10-24T08:03:09.124+0000] {logging_mixin.py:188} INFO - [2025-10-24T08:03:09.124+0000] {dag.py:3954} INFO - Setting next_dagrun for silver_layer_dag to 2025-10-23 19:00:00+00:00, run_after=2025-10-24 19:00:00+00:00
[2025-10-24T08:03:09.137+0000] {processor.py:183} INFO - Processing /opt/airflow/dags/silver_layer_dag.py took 0.338 seconds
[2025-10-24T08:03:39.346+0000] {processor.py:161} INFO - Started process (PID=174) to work on /opt/airflow/dags/silver_layer_dag.py
[2025-10-24T08:03:39.346+0000] {processor.py:830} INFO - Processing file /opt/airflow/dags/silver_layer_dag.py for tasks to queue
[2025-10-24T08:03:39.348+0000] {logging_mixin.py:188} INFO - [2025-10-24T08:03:39.348+0000] {dagbag.py:540} INFO - Filling up the DagBag from /opt/airflow/dags/silver_layer_dag.py
[2025-10-24T08:03:39.661+0000] {processor.py:840} INFO - DAG(s) 'silver_layer_dag' retrieved from /opt/airflow/dags/silver_layer_dag.py
[2025-10-24T08:03:39.674+0000] {logging_mixin.py:188} INFO - [2025-10-24T08:03:39.674+0000] {dag.py:3096} INFO - Sync 1 DAGs
[2025-10-24T08:03:39.688+0000] {logging_mixin.py:188} INFO - [2025-10-24T08:03:39.688+0000] {dag.py:3954} INFO - Setting next_dagrun for silver_layer_dag to 2025-10-23 19:00:00+00:00, run_after=2025-10-24 19:00:00+00:00
[2025-10-24T08:03:39.700+0000] {processor.py:183} INFO - Processing /opt/airflow/dags/silver_layer_dag.py took 0.359 seconds
[2025-10-24T08:04:10.441+0000] {processor.py:161} INFO - Started process (PID=176) to work on /opt/airflow/dags/silver_layer_dag.py
[2025-10-24T08:04:10.442+0000] {processor.py:830} INFO - Processing file /opt/airflow/dags/silver_layer_dag.py for tasks to queue
[2025-10-24T08:04:10.443+0000] {logging_mixin.py:188} INFO - [2025-10-24T08:04:10.443+0000] {dagbag.py:540} INFO - Filling up the DagBag from /opt/airflow/dags/silver_layer_dag.py
[2025-10-24T08:04:10.735+0000] {processor.py:840} INFO - DAG(s) 'silver_layer_dag' retrieved from /opt/airflow/dags/silver_layer_dag.py
[2025-10-24T08:04:10.749+0000] {logging_mixin.py:188} INFO - [2025-10-24T08:04:10.749+0000] {dag.py:3096} INFO - Sync 1 DAGs
[2025-10-24T08:04:10.761+0000] {logging_mixin.py:188} INFO - [2025-10-24T08:04:10.761+0000] {dag.py:3954} INFO - Setting next_dagrun for silver_layer_dag to 2025-10-23 19:00:00+00:00, run_after=2025-10-24 19:00:00+00:00
[2025-10-24T08:04:10.773+0000] {processor.py:183} INFO - Processing /opt/airflow/dags/silver_layer_dag.py took 0.337 seconds
[2025-10-24T08:04:41.736+0000] {processor.py:161} INFO - Started process (PID=178) to work on /opt/airflow/dags/silver_layer_dag.py
[2025-10-24T08:04:41.737+0000] {processor.py:830} INFO - Processing file /opt/airflow/dags/silver_layer_dag.py for tasks to queue
[2025-10-24T08:04:41.738+0000] {logging_mixin.py:188} INFO - [2025-10-24T08:04:41.738+0000] {dagbag.py:540} INFO - Filling up the DagBag from /opt/airflow/dags/silver_layer_dag.py
[2025-10-24T08:04:42.013+0000] {processor.py:840} INFO - DAG(s) 'silver_layer_dag' retrieved from /opt/airflow/dags/silver_layer_dag.py
[2025-10-24T08:04:42.026+0000] {logging_mixin.py:188} INFO - [2025-10-24T08:04:42.025+0000] {dag.py:3096} INFO - Sync 1 DAGs
[2025-10-24T08:04:42.038+0000] {logging_mixin.py:188} INFO - [2025-10-24T08:04:42.038+0000] {dag.py:3954} INFO - Setting next_dagrun for silver_layer_dag to 2025-10-23 19:00:00+00:00, run_after=2025-10-24 19:00:00+00:00
[2025-10-24T08:04:42.053+0000] {processor.py:183} INFO - Processing /opt/airflow/dags/silver_layer_dag.py took 0.321 seconds
[2025-10-24T08:05:12.104+0000] {processor.py:161} INFO - Started process (PID=180) to work on /opt/airflow/dags/silver_layer_dag.py
[2025-10-24T08:05:12.105+0000] {processor.py:830} INFO - Processing file /opt/airflow/dags/silver_layer_dag.py for tasks to queue
[2025-10-24T08:05:12.106+0000] {logging_mixin.py:188} INFO - [2025-10-24T08:05:12.106+0000] {dagbag.py:540} INFO - Filling up the DagBag from /opt/airflow/dags/silver_layer_dag.py
[2025-10-24T08:05:12.414+0000] {processor.py:840} INFO - DAG(s) 'silver_layer_dag' retrieved from /opt/airflow/dags/silver_layer_dag.py
[2025-10-24T08:05:12.427+0000] {logging_mixin.py:188} INFO - [2025-10-24T08:05:12.427+0000] {dag.py:3096} INFO - Sync 1 DAGs
[2025-10-24T08:05:12.439+0000] {logging_mixin.py:188} INFO - [2025-10-24T08:05:12.439+0000] {dag.py:3954} INFO - Setting next_dagrun for silver_layer_dag to 2025-10-23 19:00:00+00:00, run_after=2025-10-24 19:00:00+00:00
[2025-10-24T08:05:12.451+0000] {processor.py:183} INFO - Processing /opt/airflow/dags/silver_layer_dag.py took 0.351 seconds
[2025-10-24T08:05:42.893+0000] {processor.py:161} INFO - Started process (PID=182) to work on /opt/airflow/dags/silver_layer_dag.py
[2025-10-24T08:05:42.894+0000] {processor.py:830} INFO - Processing file /opt/airflow/dags/silver_layer_dag.py for tasks to queue
[2025-10-24T08:05:42.896+0000] {logging_mixin.py:188} INFO - [2025-10-24T08:05:42.895+0000] {dagbag.py:540} INFO - Filling up the DagBag from /opt/airflow/dags/silver_layer_dag.py
[2025-10-24T08:05:43.210+0000] {processor.py:840} INFO - DAG(s) 'silver_layer_dag' retrieved from /opt/airflow/dags/silver_layer_dag.py
[2025-10-24T08:05:43.223+0000] {logging_mixin.py:188} INFO - [2025-10-24T08:05:43.223+0000] {dag.py:3096} INFO - Sync 1 DAGs
[2025-10-24T08:05:43.236+0000] {logging_mixin.py:188} INFO - [2025-10-24T08:05:43.236+0000] {dag.py:3954} INFO - Setting next_dagrun for silver_layer_dag to 2025-10-23 19:00:00+00:00, run_after=2025-10-24 19:00:00+00:00
[2025-10-24T08:05:43.249+0000] {processor.py:183} INFO - Processing /opt/airflow/dags/silver_layer_dag.py took 0.361 seconds
[2025-10-24T08:06:14.209+0000] {processor.py:161} INFO - Started process (PID=184) to work on /opt/airflow/dags/silver_layer_dag.py
[2025-10-24T08:06:14.210+0000] {processor.py:830} INFO - Processing file /opt/airflow/dags/silver_layer_dag.py for tasks to queue
[2025-10-24T08:06:14.211+0000] {logging_mixin.py:188} INFO - [2025-10-24T08:06:14.211+0000] {dagbag.py:540} INFO - Filling up the DagBag from /opt/airflow/dags/silver_layer_dag.py
[2025-10-24T08:06:14.513+0000] {processor.py:840} INFO - DAG(s) 'silver_layer_dag' retrieved from /opt/airflow/dags/silver_layer_dag.py
[2025-10-24T08:06:14.525+0000] {logging_mixin.py:188} INFO - [2025-10-24T08:06:14.525+0000] {dag.py:3096} INFO - Sync 1 DAGs
[2025-10-24T08:06:14.538+0000] {logging_mixin.py:188} INFO - [2025-10-24T08:06:14.538+0000] {dag.py:3954} INFO - Setting next_dagrun for silver_layer_dag to 2025-10-23 19:00:00+00:00, run_after=2025-10-24 19:00:00+00:00
[2025-10-24T08:06:14.549+0000] {processor.py:183} INFO - Processing /opt/airflow/dags/silver_layer_dag.py took 0.344 seconds
[2025-10-24T08:06:44.915+0000] {processor.py:161} INFO - Started process (PID=186) to work on /opt/airflow/dags/silver_layer_dag.py
[2025-10-24T08:06:44.916+0000] {processor.py:830} INFO - Processing file /opt/airflow/dags/silver_layer_dag.py for tasks to queue
[2025-10-24T08:06:44.918+0000] {logging_mixin.py:188} INFO - [2025-10-24T08:06:44.918+0000] {dagbag.py:540} INFO - Filling up the DagBag from /opt/airflow/dags/silver_layer_dag.py
[2025-10-24T08:06:45.246+0000] {processor.py:840} INFO - DAG(s) 'silver_layer_dag' retrieved from /opt/airflow/dags/silver_layer_dag.py
[2025-10-24T08:06:45.260+0000] {logging_mixin.py:188} INFO - [2025-10-24T08:06:45.260+0000] {dag.py:3096} INFO - Sync 1 DAGs
[2025-10-24T08:06:45.273+0000] {logging_mixin.py:188} INFO - [2025-10-24T08:06:45.273+0000] {dag.py:3954} INFO - Setting next_dagrun for silver_layer_dag to 2025-10-23 19:00:00+00:00, run_after=2025-10-24 19:00:00+00:00
[2025-10-24T08:06:45.286+0000] {processor.py:183} INFO - Processing /opt/airflow/dags/silver_layer_dag.py took 0.375 seconds
[2025-10-24T08:07:15.345+0000] {processor.py:161} INFO - Started process (PID=188) to work on /opt/airflow/dags/silver_layer_dag.py
[2025-10-24T08:07:15.346+0000] {processor.py:830} INFO - Processing file /opt/airflow/dags/silver_layer_dag.py for tasks to queue
[2025-10-24T08:07:15.348+0000] {logging_mixin.py:188} INFO - [2025-10-24T08:07:15.347+0000] {dagbag.py:540} INFO - Filling up the DagBag from /opt/airflow/dags/silver_layer_dag.py
[2025-10-24T08:07:15.649+0000] {processor.py:840} INFO - DAG(s) 'silver_layer_dag' retrieved from /opt/airflow/dags/silver_layer_dag.py
[2025-10-24T08:07:15.664+0000] {logging_mixin.py:188} INFO - [2025-10-24T08:07:15.664+0000] {dag.py:3096} INFO - Sync 1 DAGs
[2025-10-24T08:07:15.677+0000] {logging_mixin.py:188} INFO - [2025-10-24T08:07:15.676+0000] {dag.py:3954} INFO - Setting next_dagrun for silver_layer_dag to 2025-10-23 19:00:00+00:00, run_after=2025-10-24 19:00:00+00:00
[2025-10-24T08:07:15.689+0000] {processor.py:183} INFO - Processing /opt/airflow/dags/silver_layer_dag.py took 0.348 seconds
[2025-10-24T08:07:45.870+0000] {processor.py:161} INFO - Started process (PID=190) to work on /opt/airflow/dags/silver_layer_dag.py
[2025-10-24T08:07:45.870+0000] {processor.py:830} INFO - Processing file /opt/airflow/dags/silver_layer_dag.py for tasks to queue
[2025-10-24T08:07:45.872+0000] {logging_mixin.py:188} INFO - [2025-10-24T08:07:45.872+0000] {dagbag.py:540} INFO - Filling up the DagBag from /opt/airflow/dags/silver_layer_dag.py
[2025-10-24T08:07:46.155+0000] {processor.py:840} INFO - DAG(s) 'silver_layer_dag' retrieved from /opt/airflow/dags/silver_layer_dag.py
[2025-10-24T08:07:46.168+0000] {logging_mixin.py:188} INFO - [2025-10-24T08:07:46.168+0000] {dag.py:3096} INFO - Sync 1 DAGs
[2025-10-24T08:07:46.181+0000] {logging_mixin.py:188} INFO - [2025-10-24T08:07:46.181+0000] {dag.py:3954} INFO - Setting next_dagrun for silver_layer_dag to 2025-10-23 19:00:00+00:00, run_after=2025-10-24 19:00:00+00:00
[2025-10-24T08:07:46.193+0000] {processor.py:183} INFO - Processing /opt/airflow/dags/silver_layer_dag.py took 0.328 seconds
[2025-10-24T08:08:17.013+0000] {processor.py:161} INFO - Started process (PID=192) to work on /opt/airflow/dags/silver_layer_dag.py
[2025-10-24T08:08:17.014+0000] {processor.py:830} INFO - Processing file /opt/airflow/dags/silver_layer_dag.py for tasks to queue
[2025-10-24T08:08:17.016+0000] {logging_mixin.py:188} INFO - [2025-10-24T08:08:17.016+0000] {dagbag.py:540} INFO - Filling up the DagBag from /opt/airflow/dags/silver_layer_dag.py
[2025-10-24T08:08:17.321+0000] {processor.py:840} INFO - DAG(s) 'silver_layer_dag' retrieved from /opt/airflow/dags/silver_layer_dag.py
[2025-10-24T08:08:17.334+0000] {logging_mixin.py:188} INFO - [2025-10-24T08:08:17.334+0000] {dag.py:3096} INFO - Sync 1 DAGs
[2025-10-24T08:08:17.347+0000] {logging_mixin.py:188} INFO - [2025-10-24T08:08:17.347+0000] {dag.py:3954} INFO - Setting next_dagrun for silver_layer_dag to 2025-10-23 19:00:00+00:00, run_after=2025-10-24 19:00:00+00:00
[2025-10-24T08:08:17.360+0000] {processor.py:183} INFO - Processing /opt/airflow/dags/silver_layer_dag.py took 0.351 seconds
[2025-10-24T08:08:47.694+0000] {processor.py:161} INFO - Started process (PID=194) to work on /opt/airflow/dags/silver_layer_dag.py
[2025-10-24T08:08:47.694+0000] {processor.py:830} INFO - Processing file /opt/airflow/dags/silver_layer_dag.py for tasks to queue
[2025-10-24T08:08:47.696+0000] {logging_mixin.py:188} INFO - [2025-10-24T08:08:47.695+0000] {dagbag.py:540} INFO - Filling up the DagBag from /opt/airflow/dags/silver_layer_dag.py
[2025-10-24T08:08:47.985+0000] {processor.py:840} INFO - DAG(s) 'silver_layer_dag' retrieved from /opt/airflow/dags/silver_layer_dag.py
[2025-10-24T08:08:47.997+0000] {logging_mixin.py:188} INFO - [2025-10-24T08:08:47.996+0000] {dag.py:3096} INFO - Sync 1 DAGs
[2025-10-24T08:08:48.010+0000] {logging_mixin.py:188} INFO - [2025-10-24T08:08:48.009+0000] {dag.py:3954} INFO - Setting next_dagrun for silver_layer_dag to 2025-10-23 19:00:00+00:00, run_after=2025-10-24 19:00:00+00:00
[2025-10-24T08:08:48.021+0000] {processor.py:183} INFO - Processing /opt/airflow/dags/silver_layer_dag.py took 0.331 seconds
[2025-10-24T08:09:18.321+0000] {processor.py:161} INFO - Started process (PID=196) to work on /opt/airflow/dags/silver_layer_dag.py
[2025-10-24T08:09:18.322+0000] {processor.py:830} INFO - Processing file /opt/airflow/dags/silver_layer_dag.py for tasks to queue
[2025-10-24T08:09:18.324+0000] {logging_mixin.py:188} INFO - [2025-10-24T08:09:18.323+0000] {dagbag.py:540} INFO - Filling up the DagBag from /opt/airflow/dags/silver_layer_dag.py
[2025-10-24T08:09:18.622+0000] {processor.py:840} INFO - DAG(s) 'silver_layer_dag' retrieved from /opt/airflow/dags/silver_layer_dag.py
[2025-10-24T08:09:18.637+0000] {logging_mixin.py:188} INFO - [2025-10-24T08:09:18.636+0000] {dag.py:3096} INFO - Sync 1 DAGs
[2025-10-24T08:09:18.650+0000] {logging_mixin.py:188} INFO - [2025-10-24T08:09:18.649+0000] {dag.py:3954} INFO - Setting next_dagrun for silver_layer_dag to 2025-10-23 19:00:00+00:00, run_after=2025-10-24 19:00:00+00:00
[2025-10-24T08:09:18.665+0000] {processor.py:183} INFO - Processing /opt/airflow/dags/silver_layer_dag.py took 0.349 seconds
[2025-10-24T08:09:49.423+0000] {processor.py:161} INFO - Started process (PID=198) to work on /opt/airflow/dags/silver_layer_dag.py
[2025-10-24T08:09:49.424+0000] {processor.py:830} INFO - Processing file /opt/airflow/dags/silver_layer_dag.py for tasks to queue
[2025-10-24T08:09:49.426+0000] {logging_mixin.py:188} INFO - [2025-10-24T08:09:49.425+0000] {dagbag.py:540} INFO - Filling up the DagBag from /opt/airflow/dags/silver_layer_dag.py
[2025-10-24T08:09:49.701+0000] {processor.py:840} INFO - DAG(s) 'silver_layer_dag' retrieved from /opt/airflow/dags/silver_layer_dag.py
[2025-10-24T08:09:49.714+0000] {logging_mixin.py:188} INFO - [2025-10-24T08:09:49.714+0000] {dag.py:3096} INFO - Sync 1 DAGs
[2025-10-24T08:09:49.726+0000] {logging_mixin.py:188} INFO - [2025-10-24T08:09:49.726+0000] {dag.py:3954} INFO - Setting next_dagrun for silver_layer_dag to 2025-10-23 19:00:00+00:00, run_after=2025-10-24 19:00:00+00:00
[2025-10-24T08:09:49.738+0000] {processor.py:183} INFO - Processing /opt/airflow/dags/silver_layer_dag.py took 0.319 seconds
[2025-10-24T08:10:19.828+0000] {processor.py:161} INFO - Started process (PID=200) to work on /opt/airflow/dags/silver_layer_dag.py
[2025-10-24T08:10:19.829+0000] {processor.py:830} INFO - Processing file /opt/airflow/dags/silver_layer_dag.py for tasks to queue
[2025-10-24T08:10:19.830+0000] {logging_mixin.py:188} INFO - [2025-10-24T08:10:19.830+0000] {dagbag.py:540} INFO - Filling up the DagBag from /opt/airflow/dags/silver_layer_dag.py
[2025-10-24T08:10:20.133+0000] {processor.py:840} INFO - DAG(s) 'silver_layer_dag' retrieved from /opt/airflow/dags/silver_layer_dag.py
[2025-10-24T08:10:20.146+0000] {logging_mixin.py:188} INFO - [2025-10-24T08:10:20.146+0000] {dag.py:3096} INFO - Sync 1 DAGs
[2025-10-24T08:10:20.160+0000] {logging_mixin.py:188} INFO - [2025-10-24T08:10:20.160+0000] {dag.py:3954} INFO - Setting next_dagrun for silver_layer_dag to 2025-10-23 19:00:00+00:00, run_after=2025-10-24 19:00:00+00:00
[2025-10-24T08:10:20.173+0000] {processor.py:183} INFO - Processing /opt/airflow/dags/silver_layer_dag.py took 0.348 seconds
[2025-10-24T08:10:51.064+0000] {processor.py:161} INFO - Started process (PID=202) to work on /opt/airflow/dags/silver_layer_dag.py
[2025-10-24T08:10:51.065+0000] {processor.py:830} INFO - Processing file /opt/airflow/dags/silver_layer_dag.py for tasks to queue
[2025-10-24T08:10:51.068+0000] {logging_mixin.py:188} INFO - [2025-10-24T08:10:51.067+0000] {dagbag.py:540} INFO - Filling up the DagBag from /opt/airflow/dags/silver_layer_dag.py
[2025-10-24T08:10:51.349+0000] {processor.py:840} INFO - DAG(s) 'silver_layer_dag' retrieved from /opt/airflow/dags/silver_layer_dag.py
[2025-10-24T08:10:51.361+0000] {logging_mixin.py:188} INFO - [2025-10-24T08:10:51.361+0000] {dag.py:3096} INFO - Sync 1 DAGs
[2025-10-24T08:10:51.376+0000] {logging_mixin.py:188} INFO - [2025-10-24T08:10:51.376+0000] {dag.py:3954} INFO - Setting next_dagrun for silver_layer_dag to 2025-10-23 19:00:00+00:00, run_after=2025-10-24 19:00:00+00:00
[2025-10-24T08:10:51.398+0000] {processor.py:183} INFO - Processing /opt/airflow/dags/silver_layer_dag.py took 0.339 seconds
[2025-10-24T08:11:21.802+0000] {processor.py:161} INFO - Started process (PID=204) to work on /opt/airflow/dags/silver_layer_dag.py
[2025-10-24T08:11:21.803+0000] {processor.py:830} INFO - Processing file /opt/airflow/dags/silver_layer_dag.py for tasks to queue
[2025-10-24T08:11:21.804+0000] {logging_mixin.py:188} INFO - [2025-10-24T08:11:21.804+0000] {dagbag.py:540} INFO - Filling up the DagBag from /opt/airflow/dags/silver_layer_dag.py
[2025-10-24T08:11:22.078+0000] {processor.py:840} INFO - DAG(s) 'silver_layer_dag' retrieved from /opt/airflow/dags/silver_layer_dag.py
[2025-10-24T08:11:22.091+0000] {logging_mixin.py:188} INFO - [2025-10-24T08:11:22.091+0000] {dag.py:3096} INFO - Sync 1 DAGs
[2025-10-24T08:11:22.103+0000] {logging_mixin.py:188} INFO - [2025-10-24T08:11:22.103+0000] {dag.py:3954} INFO - Setting next_dagrun for silver_layer_dag to 2025-10-23 19:00:00+00:00, run_after=2025-10-24 19:00:00+00:00
[2025-10-24T08:11:22.115+0000] {processor.py:183} INFO - Processing /opt/airflow/dags/silver_layer_dag.py took 0.317 seconds
[2025-10-24T08:11:52.321+0000] {processor.py:161} INFO - Started process (PID=206) to work on /opt/airflow/dags/silver_layer_dag.py
[2025-10-24T08:11:52.322+0000] {processor.py:830} INFO - Processing file /opt/airflow/dags/silver_layer_dag.py for tasks to queue
[2025-10-24T08:11:52.323+0000] {logging_mixin.py:188} INFO - [2025-10-24T08:11:52.323+0000] {dagbag.py:540} INFO - Filling up the DagBag from /opt/airflow/dags/silver_layer_dag.py
[2025-10-24T08:11:52.595+0000] {processor.py:840} INFO - DAG(s) 'silver_layer_dag' retrieved from /opt/airflow/dags/silver_layer_dag.py
[2025-10-24T08:11:52.607+0000] {logging_mixin.py:188} INFO - [2025-10-24T08:11:52.607+0000] {dag.py:3096} INFO - Sync 1 DAGs
[2025-10-24T08:11:52.619+0000] {logging_mixin.py:188} INFO - [2025-10-24T08:11:52.619+0000] {dag.py:3954} INFO - Setting next_dagrun for silver_layer_dag to 2025-10-23 19:00:00+00:00, run_after=2025-10-24 19:00:00+00:00
[2025-10-24T08:11:52.631+0000] {processor.py:183} INFO - Processing /opt/airflow/dags/silver_layer_dag.py took 0.314 seconds
[2025-10-24T08:12:22.802+0000] {processor.py:161} INFO - Started process (PID=208) to work on /opt/airflow/dags/silver_layer_dag.py
[2025-10-24T08:12:22.803+0000] {processor.py:830} INFO - Processing file /opt/airflow/dags/silver_layer_dag.py for tasks to queue
[2025-10-24T08:12:22.805+0000] {logging_mixin.py:188} INFO - [2025-10-24T08:12:22.804+0000] {dagbag.py:540} INFO - Filling up the DagBag from /opt/airflow/dags/silver_layer_dag.py
[2025-10-24T08:12:23.104+0000] {processor.py:840} INFO - DAG(s) 'silver_layer_dag' retrieved from /opt/airflow/dags/silver_layer_dag.py
[2025-10-24T08:12:23.117+0000] {logging_mixin.py:188} INFO - [2025-10-24T08:12:23.117+0000] {dag.py:3096} INFO - Sync 1 DAGs
[2025-10-24T08:12:23.130+0000] {logging_mixin.py:188} INFO - [2025-10-24T08:12:23.130+0000] {dag.py:3954} INFO - Setting next_dagrun for silver_layer_dag to 2025-10-23 19:00:00+00:00, run_after=2025-10-24 19:00:00+00:00
[2025-10-24T08:12:23.144+0000] {processor.py:183} INFO - Processing /opt/airflow/dags/silver_layer_dag.py took 0.347 seconds
[2025-10-24T08:12:53.332+0000] {processor.py:161} INFO - Started process (PID=210) to work on /opt/airflow/dags/silver_layer_dag.py
[2025-10-24T08:12:53.333+0000] {processor.py:830} INFO - Processing file /opt/airflow/dags/silver_layer_dag.py for tasks to queue
[2025-10-24T08:12:53.335+0000] {logging_mixin.py:188} INFO - [2025-10-24T08:12:53.334+0000] {dagbag.py:540} INFO - Filling up the DagBag from /opt/airflow/dags/silver_layer_dag.py
[2025-10-24T08:12:53.696+0000] {processor.py:840} INFO - DAG(s) 'silver_layer_dag' retrieved from /opt/airflow/dags/silver_layer_dag.py
[2025-10-24T08:12:53.711+0000] {logging_mixin.py:188} INFO - [2025-10-24T08:12:53.711+0000] {dag.py:3096} INFO - Sync 1 DAGs
[2025-10-24T08:12:53.726+0000] {logging_mixin.py:188} INFO - [2025-10-24T08:12:53.726+0000] {dag.py:3954} INFO - Setting next_dagrun for silver_layer_dag to 2025-10-23 19:00:00+00:00, run_after=2025-10-24 19:00:00+00:00
[2025-10-24T08:12:53.740+0000] {processor.py:183} INFO - Processing /opt/airflow/dags/silver_layer_dag.py took 0.413 seconds
[2025-10-24T08:13:23.835+0000] {processor.py:161} INFO - Started process (PID=212) to work on /opt/airflow/dags/silver_layer_dag.py
[2025-10-24T08:13:23.835+0000] {processor.py:830} INFO - Processing file /opt/airflow/dags/silver_layer_dag.py for tasks to queue
[2025-10-24T08:13:23.837+0000] {logging_mixin.py:188} INFO - [2025-10-24T08:13:23.837+0000] {dagbag.py:540} INFO - Filling up the DagBag from /opt/airflow/dags/silver_layer_dag.py
[2025-10-24T08:13:24.147+0000] {processor.py:840} INFO - DAG(s) 'silver_layer_dag' retrieved from /opt/airflow/dags/silver_layer_dag.py
[2025-10-24T08:13:24.162+0000] {logging_mixin.py:188} INFO - [2025-10-24T08:13:24.162+0000] {dag.py:3096} INFO - Sync 1 DAGs
[2025-10-24T08:13:24.176+0000] {logging_mixin.py:188} INFO - [2025-10-24T08:13:24.176+0000] {dag.py:3954} INFO - Setting next_dagrun for silver_layer_dag to 2025-10-23 19:00:00+00:00, run_after=2025-10-24 19:00:00+00:00
[2025-10-24T08:13:24.190+0000] {processor.py:183} INFO - Processing /opt/airflow/dags/silver_layer_dag.py took 0.360 seconds
[2025-10-24T08:13:54.737+0000] {processor.py:161} INFO - Started process (PID=214) to work on /opt/airflow/dags/silver_layer_dag.py
[2025-10-24T08:13:54.738+0000] {processor.py:830} INFO - Processing file /opt/airflow/dags/silver_layer_dag.py for tasks to queue
[2025-10-24T08:13:54.740+0000] {logging_mixin.py:188} INFO - [2025-10-24T08:13:54.739+0000] {dagbag.py:540} INFO - Filling up the DagBag from /opt/airflow/dags/silver_layer_dag.py
[2025-10-24T08:13:55.022+0000] {processor.py:840} INFO - DAG(s) 'silver_layer_dag' retrieved from /opt/airflow/dags/silver_layer_dag.py
[2025-10-24T08:13:55.035+0000] {logging_mixin.py:188} INFO - [2025-10-24T08:13:55.035+0000] {dag.py:3096} INFO - Sync 1 DAGs
[2025-10-24T08:13:55.048+0000] {logging_mixin.py:188} INFO - [2025-10-24T08:13:55.047+0000] {dag.py:3954} INFO - Setting next_dagrun for silver_layer_dag to 2025-10-23 19:00:00+00:00, run_after=2025-10-24 19:00:00+00:00
[2025-10-24T08:13:55.059+0000] {processor.py:183} INFO - Processing /opt/airflow/dags/silver_layer_dag.py took 0.326 seconds
[2025-10-24T08:14:25.290+0000] {processor.py:161} INFO - Started process (PID=216) to work on /opt/airflow/dags/silver_layer_dag.py
[2025-10-24T08:14:25.290+0000] {processor.py:830} INFO - Processing file /opt/airflow/dags/silver_layer_dag.py for tasks to queue
[2025-10-24T08:14:25.292+0000] {logging_mixin.py:188} INFO - [2025-10-24T08:14:25.292+0000] {dagbag.py:540} INFO - Filling up the DagBag from /opt/airflow/dags/silver_layer_dag.py
[2025-10-24T08:14:25.585+0000] {processor.py:840} INFO - DAG(s) 'silver_layer_dag' retrieved from /opt/airflow/dags/silver_layer_dag.py
[2025-10-24T08:14:25.598+0000] {logging_mixin.py:188} INFO - [2025-10-24T08:14:25.598+0000] {dag.py:3096} INFO - Sync 1 DAGs
[2025-10-24T08:14:25.611+0000] {logging_mixin.py:188} INFO - [2025-10-24T08:14:25.611+0000] {dag.py:3954} INFO - Setting next_dagrun for silver_layer_dag to 2025-10-23 19:00:00+00:00, run_after=2025-10-24 19:00:00+00:00
[2025-10-24T08:14:25.624+0000] {processor.py:183} INFO - Processing /opt/airflow/dags/silver_layer_dag.py took 0.338 seconds
[2025-10-24T08:14:56.551+0000] {processor.py:161} INFO - Started process (PID=218) to work on /opt/airflow/dags/silver_layer_dag.py
[2025-10-24T08:14:56.551+0000] {processor.py:830} INFO - Processing file /opt/airflow/dags/silver_layer_dag.py for tasks to queue
[2025-10-24T08:14:56.553+0000] {logging_mixin.py:188} INFO - [2025-10-24T08:14:56.553+0000] {dagbag.py:540} INFO - Filling up the DagBag from /opt/airflow/dags/silver_layer_dag.py
[2025-10-24T08:14:56.821+0000] {processor.py:840} INFO - DAG(s) 'silver_layer_dag' retrieved from /opt/airflow/dags/silver_layer_dag.py
[2025-10-24T08:14:56.834+0000] {logging_mixin.py:188} INFO - [2025-10-24T08:14:56.834+0000] {dag.py:3096} INFO - Sync 1 DAGs
[2025-10-24T08:14:56.847+0000] {logging_mixin.py:188} INFO - [2025-10-24T08:14:56.847+0000] {dag.py:3954} INFO - Setting next_dagrun for silver_layer_dag to 2025-10-23 19:00:00+00:00, run_after=2025-10-24 19:00:00+00:00
[2025-10-24T08:14:56.859+0000] {processor.py:183} INFO - Processing /opt/airflow/dags/silver_layer_dag.py took 0.312 seconds
[2025-10-24T08:15:27.302+0000] {processor.py:161} INFO - Started process (PID=220) to work on /opt/airflow/dags/silver_layer_dag.py
[2025-10-24T08:15:27.303+0000] {processor.py:830} INFO - Processing file /opt/airflow/dags/silver_layer_dag.py for tasks to queue
[2025-10-24T08:15:27.304+0000] {logging_mixin.py:188} INFO - [2025-10-24T08:15:27.304+0000] {dagbag.py:540} INFO - Filling up the DagBag from /opt/airflow/dags/silver_layer_dag.py
[2025-10-24T08:15:27.658+0000] {processor.py:840} INFO - DAG(s) 'silver_layer_dag' retrieved from /opt/airflow/dags/silver_layer_dag.py
[2025-10-24T08:15:27.672+0000] {logging_mixin.py:188} INFO - [2025-10-24T08:15:27.672+0000] {dag.py:3096} INFO - Sync 1 DAGs
[2025-10-24T08:15:27.687+0000] {logging_mixin.py:188} INFO - [2025-10-24T08:15:27.687+0000] {dag.py:3954} INFO - Setting next_dagrun for silver_layer_dag to 2025-10-23 19:00:00+00:00, run_after=2025-10-24 19:00:00+00:00
[2025-10-24T08:15:27.701+0000] {processor.py:183} INFO - Processing /opt/airflow/dags/silver_layer_dag.py took 0.403 seconds
[2025-10-24T08:15:58.405+0000] {processor.py:161} INFO - Started process (PID=222) to work on /opt/airflow/dags/silver_layer_dag.py
[2025-10-24T08:15:58.406+0000] {processor.py:830} INFO - Processing file /opt/airflow/dags/silver_layer_dag.py for tasks to queue
[2025-10-24T08:15:58.408+0000] {logging_mixin.py:188} INFO - [2025-10-24T08:15:58.408+0000] {dagbag.py:540} INFO - Filling up the DagBag from /opt/airflow/dags/silver_layer_dag.py
[2025-10-24T08:15:58.760+0000] {processor.py:840} INFO - DAG(s) 'silver_layer_dag' retrieved from /opt/airflow/dags/silver_layer_dag.py
[2025-10-24T08:15:58.776+0000] {logging_mixin.py:188} INFO - [2025-10-24T08:15:58.776+0000] {dag.py:3096} INFO - Sync 1 DAGs
[2025-10-24T08:15:58.791+0000] {logging_mixin.py:188} INFO - [2025-10-24T08:15:58.791+0000] {dag.py:3954} INFO - Setting next_dagrun for silver_layer_dag to 2025-10-23 19:00:00+00:00, run_after=2025-10-24 19:00:00+00:00
[2025-10-24T08:15:58.810+0000] {processor.py:183} INFO - Processing /opt/airflow/dags/silver_layer_dag.py took 0.409 seconds
[2025-10-24T08:16:29.300+0000] {processor.py:161} INFO - Started process (PID=224) to work on /opt/airflow/dags/silver_layer_dag.py
[2025-10-24T08:16:29.301+0000] {processor.py:830} INFO - Processing file /opt/airflow/dags/silver_layer_dag.py for tasks to queue
[2025-10-24T08:16:29.302+0000] {logging_mixin.py:188} INFO - [2025-10-24T08:16:29.302+0000] {dagbag.py:540} INFO - Filling up the DagBag from /opt/airflow/dags/silver_layer_dag.py
[2025-10-24T08:16:29.580+0000] {processor.py:840} INFO - DAG(s) 'silver_layer_dag' retrieved from /opt/airflow/dags/silver_layer_dag.py
[2025-10-24T08:16:29.592+0000] {logging_mixin.py:188} INFO - [2025-10-24T08:16:29.592+0000] {dag.py:3096} INFO - Sync 1 DAGs
[2025-10-24T08:16:29.605+0000] {logging_mixin.py:188} INFO - [2025-10-24T08:16:29.605+0000] {dag.py:3954} INFO - Setting next_dagrun for silver_layer_dag to 2025-10-23 19:00:00+00:00, run_after=2025-10-24 19:00:00+00:00
[2025-10-24T08:16:29.617+0000] {processor.py:183} INFO - Processing /opt/airflow/dags/silver_layer_dag.py took 0.321 seconds
[2025-10-24T08:16:59.837+0000] {processor.py:161} INFO - Started process (PID=226) to work on /opt/airflow/dags/silver_layer_dag.py
[2025-10-24T08:16:59.838+0000] {processor.py:830} INFO - Processing file /opt/airflow/dags/silver_layer_dag.py for tasks to queue
[2025-10-24T08:16:59.839+0000] {logging_mixin.py:188} INFO - [2025-10-24T08:16:59.839+0000] {dagbag.py:540} INFO - Filling up the DagBag from /opt/airflow/dags/silver_layer_dag.py
[2025-10-24T08:17:00.124+0000] {processor.py:840} INFO - DAG(s) 'silver_layer_dag' retrieved from /opt/airflow/dags/silver_layer_dag.py
[2025-10-24T08:17:00.137+0000] {logging_mixin.py:188} INFO - [2025-10-24T08:17:00.137+0000] {dag.py:3096} INFO - Sync 1 DAGs
[2025-10-24T08:17:00.150+0000] {logging_mixin.py:188} INFO - [2025-10-24T08:17:00.150+0000] {dag.py:3954} INFO - Setting next_dagrun for silver_layer_dag to 2025-10-23 19:00:00+00:00, run_after=2025-10-24 19:00:00+00:00
[2025-10-24T08:17:00.162+0000] {processor.py:183} INFO - Processing /opt/airflow/dags/silver_layer_dag.py took 0.330 seconds
[2025-10-24T08:17:30.821+0000] {processor.py:161} INFO - Started process (PID=228) to work on /opt/airflow/dags/silver_layer_dag.py
[2025-10-24T08:17:30.822+0000] {processor.py:830} INFO - Processing file /opt/airflow/dags/silver_layer_dag.py for tasks to queue
[2025-10-24T08:17:30.823+0000] {logging_mixin.py:188} INFO - [2025-10-24T08:17:30.823+0000] {dagbag.py:540} INFO - Filling up the DagBag from /opt/airflow/dags/silver_layer_dag.py
[2025-10-24T08:17:31.117+0000] {processor.py:840} INFO - DAG(s) 'silver_layer_dag' retrieved from /opt/airflow/dags/silver_layer_dag.py
[2025-10-24T08:17:31.130+0000] {logging_mixin.py:188} INFO - [2025-10-24T08:17:31.130+0000] {dag.py:3096} INFO - Sync 1 DAGs
[2025-10-24T08:17:31.144+0000] {logging_mixin.py:188} INFO - [2025-10-24T08:17:31.144+0000] {dag.py:3954} INFO - Setting next_dagrun for silver_layer_dag to 2025-10-23 19:00:00+00:00, run_after=2025-10-24 19:00:00+00:00
[2025-10-24T08:17:31.156+0000] {processor.py:183} INFO - Processing /opt/airflow/dags/silver_layer_dag.py took 0.340 seconds
[2025-10-24T08:18:01.876+0000] {processor.py:161} INFO - Started process (PID=230) to work on /opt/airflow/dags/silver_layer_dag.py
[2025-10-24T08:18:01.877+0000] {processor.py:830} INFO - Processing file /opt/airflow/dags/silver_layer_dag.py for tasks to queue
[2025-10-24T08:18:01.878+0000] {logging_mixin.py:188} INFO - [2025-10-24T08:18:01.878+0000] {dagbag.py:540} INFO - Filling up the DagBag from /opt/airflow/dags/silver_layer_dag.py
[2025-10-24T08:18:02.180+0000] {processor.py:840} INFO - DAG(s) 'silver_layer_dag' retrieved from /opt/airflow/dags/silver_layer_dag.py
[2025-10-24T08:18:02.194+0000] {logging_mixin.py:188} INFO - [2025-10-24T08:18:02.193+0000] {dag.py:3096} INFO - Sync 1 DAGs
[2025-10-24T08:18:02.207+0000] {logging_mixin.py:188} INFO - [2025-10-24T08:18:02.207+0000] {dag.py:3954} INFO - Setting next_dagrun for silver_layer_dag to 2025-10-23 19:00:00+00:00, run_after=2025-10-24 19:00:00+00:00
[2025-10-24T08:18:02.221+0000] {processor.py:183} INFO - Processing /opt/airflow/dags/silver_layer_dag.py took 0.349 seconds
[2025-10-24T08:18:32.423+0000] {processor.py:161} INFO - Started process (PID=232) to work on /opt/airflow/dags/silver_layer_dag.py
[2025-10-24T08:18:32.424+0000] {processor.py:830} INFO - Processing file /opt/airflow/dags/silver_layer_dag.py for tasks to queue
[2025-10-24T08:18:32.426+0000] {logging_mixin.py:188} INFO - [2025-10-24T08:18:32.425+0000] {dagbag.py:540} INFO - Filling up the DagBag from /opt/airflow/dags/silver_layer_dag.py
[2025-10-24T08:18:32.718+0000] {processor.py:840} INFO - DAG(s) 'silver_layer_dag' retrieved from /opt/airflow/dags/silver_layer_dag.py
[2025-10-24T08:18:32.732+0000] {logging_mixin.py:188} INFO - [2025-10-24T08:18:32.731+0000] {dag.py:3096} INFO - Sync 1 DAGs
[2025-10-24T08:18:32.745+0000] {logging_mixin.py:188} INFO - [2025-10-24T08:18:32.744+0000] {dag.py:3954} INFO - Setting next_dagrun for silver_layer_dag to 2025-10-23 19:00:00+00:00, run_after=2025-10-24 19:00:00+00:00
[2025-10-24T08:18:32.761+0000] {processor.py:183} INFO - Processing /opt/airflow/dags/silver_layer_dag.py took 0.342 seconds
[2025-10-24T08:19:03.704+0000] {processor.py:161} INFO - Started process (PID=234) to work on /opt/airflow/dags/silver_layer_dag.py
[2025-10-24T08:19:03.705+0000] {processor.py:830} INFO - Processing file /opt/airflow/dags/silver_layer_dag.py for tasks to queue
[2025-10-24T08:19:03.706+0000] {logging_mixin.py:188} INFO - [2025-10-24T08:19:03.706+0000] {dagbag.py:540} INFO - Filling up the DagBag from /opt/airflow/dags/silver_layer_dag.py
[2025-10-24T08:19:04.019+0000] {processor.py:840} INFO - DAG(s) 'silver_layer_dag' retrieved from /opt/airflow/dags/silver_layer_dag.py
[2025-10-24T08:19:04.032+0000] {logging_mixin.py:188} INFO - [2025-10-24T08:19:04.032+0000] {dag.py:3096} INFO - Sync 1 DAGs
[2025-10-24T08:19:04.046+0000] {logging_mixin.py:188} INFO - [2025-10-24T08:19:04.046+0000] {dag.py:3954} INFO - Setting next_dagrun for silver_layer_dag to 2025-10-23 19:00:00+00:00, run_after=2025-10-24 19:00:00+00:00
[2025-10-24T08:19:04.059+0000] {processor.py:183} INFO - Processing /opt/airflow/dags/silver_layer_dag.py took 0.360 seconds
[2025-10-24T08:19:34.160+0000] {processor.py:161} INFO - Started process (PID=236) to work on /opt/airflow/dags/silver_layer_dag.py
[2025-10-24T08:19:34.161+0000] {processor.py:830} INFO - Processing file /opt/airflow/dags/silver_layer_dag.py for tasks to queue
[2025-10-24T08:19:34.163+0000] {logging_mixin.py:188} INFO - [2025-10-24T08:19:34.162+0000] {dagbag.py:540} INFO - Filling up the DagBag from /opt/airflow/dags/silver_layer_dag.py
[2025-10-24T08:19:34.463+0000] {processor.py:840} INFO - DAG(s) 'silver_layer_dag' retrieved from /opt/airflow/dags/silver_layer_dag.py
[2025-10-24T08:19:34.476+0000] {logging_mixin.py:188} INFO - [2025-10-24T08:19:34.476+0000] {dag.py:3096} INFO - Sync 1 DAGs
[2025-10-24T08:19:34.488+0000] {logging_mixin.py:188} INFO - [2025-10-24T08:19:34.488+0000] {dag.py:3954} INFO - Setting next_dagrun for silver_layer_dag to 2025-10-23 19:00:00+00:00, run_after=2025-10-24 19:00:00+00:00
[2025-10-24T08:19:34.500+0000] {processor.py:183} INFO - Processing /opt/airflow/dags/silver_layer_dag.py took 0.344 seconds
[2025-10-24T08:20:06.916+0000] {processor.py:161} INFO - Started process (PID=238) to work on /opt/airflow/dags/silver_layer_dag.py
[2025-10-24T08:20:06.917+0000] {processor.py:830} INFO - Processing file /opt/airflow/dags/silver_layer_dag.py for tasks to queue
[2025-10-24T08:20:06.918+0000] {logging_mixin.py:188} INFO - [2025-10-24T08:20:06.918+0000] {dagbag.py:540} INFO - Filling up the DagBag from /opt/airflow/dags/silver_layer_dag.py
[2025-10-24T08:20:07.195+0000] {processor.py:840} INFO - DAG(s) 'silver_layer_dag' retrieved from /opt/airflow/dags/silver_layer_dag.py
[2025-10-24T08:20:07.208+0000] {logging_mixin.py:188} INFO - [2025-10-24T08:20:07.208+0000] {dag.py:3096} INFO - Sync 1 DAGs
[2025-10-24T08:20:07.221+0000] {logging_mixin.py:188} INFO - [2025-10-24T08:20:07.221+0000] {dag.py:3954} INFO - Setting next_dagrun for silver_layer_dag to 2025-10-23 19:00:00+00:00, run_after=2025-10-24 19:00:00+00:00
[2025-10-24T08:20:07.232+0000] {processor.py:183} INFO - Processing /opt/airflow/dags/silver_layer_dag.py took 0.320 seconds
[2025-10-24T08:20:37.763+0000] {processor.py:161} INFO - Started process (PID=240) to work on /opt/airflow/dags/silver_layer_dag.py
[2025-10-24T08:20:37.764+0000] {processor.py:830} INFO - Processing file /opt/airflow/dags/silver_layer_dag.py for tasks to queue
[2025-10-24T08:20:37.765+0000] {logging_mixin.py:188} INFO - [2025-10-24T08:20:37.765+0000] {dagbag.py:540} INFO - Filling up the DagBag from /opt/airflow/dags/silver_layer_dag.py
[2025-10-24T08:20:38.053+0000] {processor.py:840} INFO - DAG(s) 'silver_layer_dag' retrieved from /opt/airflow/dags/silver_layer_dag.py
[2025-10-24T08:20:38.066+0000] {logging_mixin.py:188} INFO - [2025-10-24T08:20:38.066+0000] {dag.py:3096} INFO - Sync 1 DAGs
[2025-10-24T08:20:38.079+0000] {logging_mixin.py:188} INFO - [2025-10-24T08:20:38.079+0000] {dag.py:3954} INFO - Setting next_dagrun for silver_layer_dag to 2025-10-23 19:00:00+00:00, run_after=2025-10-24 19:00:00+00:00
[2025-10-24T08:20:38.091+0000] {processor.py:183} INFO - Processing /opt/airflow/dags/silver_layer_dag.py took 0.333 seconds
[2025-10-24T08:21:08.461+0000] {processor.py:161} INFO - Started process (PID=242) to work on /opt/airflow/dags/silver_layer_dag.py
[2025-10-24T08:21:08.462+0000] {processor.py:830} INFO - Processing file /opt/airflow/dags/silver_layer_dag.py for tasks to queue
[2025-10-24T08:21:08.463+0000] {logging_mixin.py:188} INFO - [2025-10-24T08:21:08.463+0000] {dagbag.py:540} INFO - Filling up the DagBag from /opt/airflow/dags/silver_layer_dag.py
[2025-10-24T08:21:08.761+0000] {processor.py:840} INFO - DAG(s) 'silver_layer_dag' retrieved from /opt/airflow/dags/silver_layer_dag.py
[2025-10-24T08:21:08.774+0000] {logging_mixin.py:188} INFO - [2025-10-24T08:21:08.774+0000] {dag.py:3096} INFO - Sync 1 DAGs
[2025-10-24T08:21:08.789+0000] {logging_mixin.py:188} INFO - [2025-10-24T08:21:08.789+0000] {dag.py:3954} INFO - Setting next_dagrun for silver_layer_dag to 2025-10-23 19:00:00+00:00, run_after=2025-10-24 19:00:00+00:00
[2025-10-24T08:21:08.802+0000] {processor.py:183} INFO - Processing /opt/airflow/dags/silver_layer_dag.py took 0.345 seconds
[2025-10-24T08:21:39.207+0000] {processor.py:161} INFO - Started process (PID=244) to work on /opt/airflow/dags/silver_layer_dag.py
[2025-10-24T08:21:39.208+0000] {processor.py:830} INFO - Processing file /opt/airflow/dags/silver_layer_dag.py for tasks to queue
[2025-10-24T08:21:39.209+0000] {logging_mixin.py:188} INFO - [2025-10-24T08:21:39.209+0000] {dagbag.py:540} INFO - Filling up the DagBag from /opt/airflow/dags/silver_layer_dag.py
[2025-10-24T08:21:39.495+0000] {processor.py:840} INFO - DAG(s) 'silver_layer_dag' retrieved from /opt/airflow/dags/silver_layer_dag.py
[2025-10-24T08:21:39.507+0000] {logging_mixin.py:188} INFO - [2025-10-24T08:21:39.507+0000] {dag.py:3096} INFO - Sync 1 DAGs
[2025-10-24T08:21:39.521+0000] {logging_mixin.py:188} INFO - [2025-10-24T08:21:39.521+0000] {dag.py:3954} INFO - Setting next_dagrun for silver_layer_dag to 2025-10-23 19:00:00+00:00, run_after=2025-10-24 19:00:00+00:00
[2025-10-24T08:21:39.533+0000] {processor.py:183} INFO - Processing /opt/airflow/dags/silver_layer_dag.py took 0.330 seconds
[2025-10-24T08:22:11.806+0000] {processor.py:161} INFO - Started process (PID=246) to work on /opt/airflow/dags/silver_layer_dag.py
[2025-10-24T08:22:11.807+0000] {processor.py:830} INFO - Processing file /opt/airflow/dags/silver_layer_dag.py for tasks to queue
[2025-10-24T08:22:11.809+0000] {logging_mixin.py:188} INFO - [2025-10-24T08:22:11.808+0000] {dagbag.py:540} INFO - Filling up the DagBag from /opt/airflow/dags/silver_layer_dag.py
[2025-10-24T08:22:12.104+0000] {processor.py:840} INFO - DAG(s) 'silver_layer_dag' retrieved from /opt/airflow/dags/silver_layer_dag.py
[2025-10-24T08:22:12.118+0000] {logging_mixin.py:188} INFO - [2025-10-24T08:22:12.118+0000] {dag.py:3096} INFO - Sync 1 DAGs
[2025-10-24T08:22:12.131+0000] {logging_mixin.py:188} INFO - [2025-10-24T08:22:12.131+0000] {dag.py:3954} INFO - Setting next_dagrun for silver_layer_dag to 2025-10-23 19:00:00+00:00, run_after=2025-10-24 19:00:00+00:00
[2025-10-24T08:22:12.144+0000] {processor.py:183} INFO - Processing /opt/airflow/dags/silver_layer_dag.py took 0.342 seconds
[2025-10-24T08:22:44.196+0000] {processor.py:161} INFO - Started process (PID=248) to work on /opt/airflow/dags/silver_layer_dag.py
[2025-10-24T08:22:44.197+0000] {processor.py:830} INFO - Processing file /opt/airflow/dags/silver_layer_dag.py for tasks to queue
[2025-10-24T08:22:44.199+0000] {logging_mixin.py:188} INFO - [2025-10-24T08:22:44.198+0000] {dagbag.py:540} INFO - Filling up the DagBag from /opt/airflow/dags/silver_layer_dag.py
[2025-10-24T08:22:44.515+0000] {processor.py:840} INFO - DAG(s) 'silver_layer_dag' retrieved from /opt/airflow/dags/silver_layer_dag.py
[2025-10-24T08:22:44.528+0000] {logging_mixin.py:188} INFO - [2025-10-24T08:22:44.528+0000] {dag.py:3096} INFO - Sync 1 DAGs
[2025-10-24T08:22:44.542+0000] {logging_mixin.py:188} INFO - [2025-10-24T08:22:44.542+0000] {dag.py:3954} INFO - Setting next_dagrun for silver_layer_dag to 2025-10-23 19:00:00+00:00, run_after=2025-10-24 19:00:00+00:00
[2025-10-24T08:22:44.555+0000] {processor.py:183} INFO - Processing /opt/airflow/dags/silver_layer_dag.py took 0.363 seconds
[2025-10-24T08:23:14.899+0000] {processor.py:161} INFO - Started process (PID=250) to work on /opt/airflow/dags/silver_layer_dag.py
[2025-10-24T08:23:14.900+0000] {processor.py:830} INFO - Processing file /opt/airflow/dags/silver_layer_dag.py for tasks to queue
[2025-10-24T08:23:14.902+0000] {logging_mixin.py:188} INFO - [2025-10-24T08:23:14.902+0000] {dagbag.py:540} INFO - Filling up the DagBag from /opt/airflow/dags/silver_layer_dag.py
[2025-10-24T08:23:15.191+0000] {processor.py:840} INFO - DAG(s) 'silver_layer_dag' retrieved from /opt/airflow/dags/silver_layer_dag.py
[2025-10-24T08:23:15.204+0000] {logging_mixin.py:188} INFO - [2025-10-24T08:23:15.204+0000] {dag.py:3096} INFO - Sync 1 DAGs
[2025-10-24T08:23:15.216+0000] {logging_mixin.py:188} INFO - [2025-10-24T08:23:15.216+0000] {dag.py:3954} INFO - Setting next_dagrun for silver_layer_dag to 2025-10-23 19:00:00+00:00, run_after=2025-10-24 19:00:00+00:00
[2025-10-24T08:23:15.228+0000] {processor.py:183} INFO - Processing /opt/airflow/dags/silver_layer_dag.py took 0.333 seconds
[2025-10-24T08:23:46.140+0000] {processor.py:161} INFO - Started process (PID=252) to work on /opt/airflow/dags/silver_layer_dag.py
[2025-10-24T08:23:46.141+0000] {processor.py:830} INFO - Processing file /opt/airflow/dags/silver_layer_dag.py for tasks to queue
[2025-10-24T08:23:46.142+0000] {logging_mixin.py:188} INFO - [2025-10-24T08:23:46.142+0000] {dagbag.py:540} INFO - Filling up the DagBag from /opt/airflow/dags/silver_layer_dag.py
[2025-10-24T08:23:46.427+0000] {processor.py:840} INFO - DAG(s) 'silver_layer_dag' retrieved from /opt/airflow/dags/silver_layer_dag.py
[2025-10-24T08:23:46.440+0000] {logging_mixin.py:188} INFO - [2025-10-24T08:23:46.440+0000] {dag.py:3096} INFO - Sync 1 DAGs
[2025-10-24T08:23:46.453+0000] {logging_mixin.py:188} INFO - [2025-10-24T08:23:46.453+0000] {dag.py:3954} INFO - Setting next_dagrun for silver_layer_dag to 2025-10-23 19:00:00+00:00, run_after=2025-10-24 19:00:00+00:00
[2025-10-24T08:23:46.465+0000] {processor.py:183} INFO - Processing /opt/airflow/dags/silver_layer_dag.py took 0.330 seconds
[2025-10-24T08:24:16.612+0000] {processor.py:161} INFO - Started process (PID=254) to work on /opt/airflow/dags/silver_layer_dag.py
[2025-10-24T08:24:16.613+0000] {processor.py:830} INFO - Processing file /opt/airflow/dags/silver_layer_dag.py for tasks to queue
[2025-10-24T08:24:16.615+0000] {logging_mixin.py:188} INFO - [2025-10-24T08:24:16.614+0000] {dagbag.py:540} INFO - Filling up the DagBag from /opt/airflow/dags/silver_layer_dag.py
[2025-10-24T08:24:16.918+0000] {processor.py:840} INFO - DAG(s) 'silver_layer_dag' retrieved from /opt/airflow/dags/silver_layer_dag.py
[2025-10-24T08:24:16.932+0000] {logging_mixin.py:188} INFO - [2025-10-24T08:24:16.932+0000] {dag.py:3096} INFO - Sync 1 DAGs
[2025-10-24T08:24:16.948+0000] {logging_mixin.py:188} INFO - [2025-10-24T08:24:16.948+0000] {dag.py:3954} INFO - Setting next_dagrun for silver_layer_dag to 2025-10-23 19:00:00+00:00, run_after=2025-10-24 19:00:00+00:00
[2025-10-24T08:24:16.961+0000] {processor.py:183} INFO - Processing /opt/airflow/dags/silver_layer_dag.py took 0.354 seconds
[2025-10-24T08:24:47.843+0000] {processor.py:161} INFO - Started process (PID=256) to work on /opt/airflow/dags/silver_layer_dag.py
[2025-10-24T08:24:47.843+0000] {processor.py:830} INFO - Processing file /opt/airflow/dags/silver_layer_dag.py for tasks to queue
[2025-10-24T08:24:47.845+0000] {logging_mixin.py:188} INFO - [2025-10-24T08:24:47.844+0000] {dagbag.py:540} INFO - Filling up the DagBag from /opt/airflow/dags/silver_layer_dag.py
[2025-10-24T08:24:48.124+0000] {processor.py:840} INFO - DAG(s) 'silver_layer_dag' retrieved from /opt/airflow/dags/silver_layer_dag.py
[2025-10-24T08:24:48.137+0000] {logging_mixin.py:188} INFO - [2025-10-24T08:24:48.137+0000] {dag.py:3096} INFO - Sync 1 DAGs
[2025-10-24T08:24:48.150+0000] {logging_mixin.py:188} INFO - [2025-10-24T08:24:48.149+0000] {dag.py:3954} INFO - Setting next_dagrun for silver_layer_dag to 2025-10-23 19:00:00+00:00, run_after=2025-10-24 19:00:00+00:00
[2025-10-24T08:24:48.161+0000] {processor.py:183} INFO - Processing /opt/airflow/dags/silver_layer_dag.py took 0.323 seconds
[2025-10-24T08:25:19.494+0000] {processor.py:161} INFO - Started process (PID=258) to work on /opt/airflow/dags/silver_layer_dag.py
[2025-10-24T08:25:19.495+0000] {processor.py:830} INFO - Processing file /opt/airflow/dags/silver_layer_dag.py for tasks to queue
[2025-10-24T08:25:19.497+0000] {logging_mixin.py:188} INFO - [2025-10-24T08:25:19.497+0000] {dagbag.py:540} INFO - Filling up the DagBag from /opt/airflow/dags/silver_layer_dag.py
[2025-10-24T08:25:19.695+0000] {processor.py:840} INFO - DAG(s) 'silver_layer_dag' retrieved from /opt/airflow/dags/silver_layer_dag.py
[2025-10-24T08:25:19.714+0000] {logging_mixin.py:188} INFO - [2025-10-24T08:25:19.714+0000] {dag.py:3096} INFO - Sync 1 DAGs
[2025-10-24T08:25:19.733+0000] {logging_mixin.py:188} INFO - [2025-10-24T08:25:19.732+0000] {dag.py:3954} INFO - Setting next_dagrun for silver_layer_dag to 2025-10-23 19:00:00+00:00, run_after=2025-10-24 19:00:00+00:00
[2025-10-24T08:25:19.748+0000] {processor.py:183} INFO - Processing /opt/airflow/dags/silver_layer_dag.py took 0.259 seconds
[2025-10-24T08:25:49.841+0000] {processor.py:161} INFO - Started process (PID=260) to work on /opt/airflow/dags/silver_layer_dag.py
[2025-10-24T08:25:49.842+0000] {processor.py:830} INFO - Processing file /opt/airflow/dags/silver_layer_dag.py for tasks to queue
[2025-10-24T08:25:49.843+0000] {logging_mixin.py:188} INFO - [2025-10-24T08:25:49.843+0000] {dagbag.py:540} INFO - Filling up the DagBag from /opt/airflow/dags/silver_layer_dag.py
[2025-10-24T08:25:50.043+0000] {processor.py:840} INFO - DAG(s) 'silver_layer_dag' retrieved from /opt/airflow/dags/silver_layer_dag.py
[2025-10-24T08:25:50.060+0000] {logging_mixin.py:188} INFO - [2025-10-24T08:25:50.060+0000] {dag.py:3096} INFO - Sync 1 DAGs
[2025-10-24T08:25:50.077+0000] {logging_mixin.py:188} INFO - [2025-10-24T08:25:50.077+0000] {dag.py:3954} INFO - Setting next_dagrun for silver_layer_dag to 2025-10-23 19:00:00+00:00, run_after=2025-10-24 19:00:00+00:00
[2025-10-24T08:25:50.092+0000] {processor.py:183} INFO - Processing /opt/airflow/dags/silver_layer_dag.py took 0.255 seconds
[2025-10-24T08:26:20.799+0000] {processor.py:161} INFO - Started process (PID=262) to work on /opt/airflow/dags/silver_layer_dag.py
[2025-10-24T08:26:20.800+0000] {processor.py:830} INFO - Processing file /opt/airflow/dags/silver_layer_dag.py for tasks to queue
[2025-10-24T08:26:20.802+0000] {logging_mixin.py:188} INFO - [2025-10-24T08:26:20.801+0000] {dagbag.py:540} INFO - Filling up the DagBag from /opt/airflow/dags/silver_layer_dag.py
[2025-10-24T08:26:20.978+0000] {processor.py:840} INFO - DAG(s) 'silver_layer_dag' retrieved from /opt/airflow/dags/silver_layer_dag.py
[2025-10-24T08:26:20.996+0000] {logging_mixin.py:188} INFO - [2025-10-24T08:26:20.996+0000] {dag.py:3096} INFO - Sync 1 DAGs
[2025-10-24T08:26:21.012+0000] {logging_mixin.py:188} INFO - [2025-10-24T08:26:21.012+0000] {dag.py:3954} INFO - Setting next_dagrun for silver_layer_dag to 2025-10-23 19:00:00+00:00, run_after=2025-10-24 19:00:00+00:00
[2025-10-24T08:26:21.025+0000] {processor.py:183} INFO - Processing /opt/airflow/dags/silver_layer_dag.py took 0.230 seconds
[2025-10-24T08:26:51.888+0000] {processor.py:161} INFO - Started process (PID=264) to work on /opt/airflow/dags/silver_layer_dag.py
[2025-10-24T08:26:51.889+0000] {processor.py:830} INFO - Processing file /opt/airflow/dags/silver_layer_dag.py for tasks to queue
[2025-10-24T08:26:51.890+0000] {logging_mixin.py:188} INFO - [2025-10-24T08:26:51.890+0000] {dagbag.py:540} INFO - Filling up the DagBag from /opt/airflow/dags/silver_layer_dag.py
[2025-10-24T08:26:52.073+0000] {processor.py:840} INFO - DAG(s) 'silver_layer_dag' retrieved from /opt/airflow/dags/silver_layer_dag.py
[2025-10-24T08:26:52.090+0000] {logging_mixin.py:188} INFO - [2025-10-24T08:26:52.090+0000] {dag.py:3096} INFO - Sync 1 DAGs
[2025-10-24T08:26:52.107+0000] {logging_mixin.py:188} INFO - [2025-10-24T08:26:52.107+0000] {dag.py:3954} INFO - Setting next_dagrun for silver_layer_dag to 2025-10-23 19:00:00+00:00, run_after=2025-10-24 19:00:00+00:00
[2025-10-24T08:26:52.121+0000] {processor.py:183} INFO - Processing /opt/airflow/dags/silver_layer_dag.py took 0.237 seconds
[2025-10-24T08:27:22.186+0000] {processor.py:161} INFO - Started process (PID=266) to work on /opt/airflow/dags/silver_layer_dag.py
[2025-10-24T08:27:22.186+0000] {processor.py:830} INFO - Processing file /opt/airflow/dags/silver_layer_dag.py for tasks to queue
[2025-10-24T08:27:22.188+0000] {logging_mixin.py:188} INFO - [2025-10-24T08:27:22.188+0000] {dagbag.py:540} INFO - Filling up the DagBag from /opt/airflow/dags/silver_layer_dag.py
[2025-10-24T08:27:22.360+0000] {processor.py:840} INFO - DAG(s) 'silver_layer_dag' retrieved from /opt/airflow/dags/silver_layer_dag.py
[2025-10-24T08:27:22.377+0000] {logging_mixin.py:188} INFO - [2025-10-24T08:27:22.377+0000] {dag.py:3096} INFO - Sync 1 DAGs
[2025-10-24T08:27:22.393+0000] {logging_mixin.py:188} INFO - [2025-10-24T08:27:22.393+0000] {dag.py:3954} INFO - Setting next_dagrun for silver_layer_dag to 2025-10-23 19:00:00+00:00, run_after=2025-10-24 19:00:00+00:00
[2025-10-24T08:27:22.406+0000] {processor.py:183} INFO - Processing /opt/airflow/dags/silver_layer_dag.py took 0.225 seconds
[2025-10-24T08:27:52.478+0000] {processor.py:161} INFO - Started process (PID=268) to work on /opt/airflow/dags/silver_layer_dag.py
[2025-10-24T08:27:52.479+0000] {processor.py:830} INFO - Processing file /opt/airflow/dags/silver_layer_dag.py for tasks to queue
[2025-10-24T08:27:52.480+0000] {logging_mixin.py:188} INFO - [2025-10-24T08:27:52.480+0000] {dagbag.py:540} INFO - Filling up the DagBag from /opt/airflow/dags/silver_layer_dag.py
[2025-10-24T08:27:52.663+0000] {processor.py:840} INFO - DAG(s) 'silver_layer_dag' retrieved from /opt/airflow/dags/silver_layer_dag.py
[2025-10-24T08:27:52.680+0000] {logging_mixin.py:188} INFO - [2025-10-24T08:27:52.680+0000] {dag.py:3096} INFO - Sync 1 DAGs
[2025-10-24T08:27:52.697+0000] {logging_mixin.py:188} INFO - [2025-10-24T08:27:52.697+0000] {dag.py:3954} INFO - Setting next_dagrun for silver_layer_dag to 2025-10-23 19:00:00+00:00, run_after=2025-10-24 19:00:00+00:00
[2025-10-24T08:27:52.710+0000] {processor.py:183} INFO - Processing /opt/airflow/dags/silver_layer_dag.py took 0.237 seconds
[2025-10-24T08:28:23.257+0000] {processor.py:161} INFO - Started process (PID=270) to work on /opt/airflow/dags/silver_layer_dag.py
[2025-10-24T08:28:23.258+0000] {processor.py:830} INFO - Processing file /opt/airflow/dags/silver_layer_dag.py for tasks to queue
[2025-10-24T08:28:23.259+0000] {logging_mixin.py:188} INFO - [2025-10-24T08:28:23.259+0000] {dagbag.py:540} INFO - Filling up the DagBag from /opt/airflow/dags/silver_layer_dag.py
[2025-10-24T08:28:23.449+0000] {processor.py:840} INFO - DAG(s) 'silver_layer_dag' retrieved from /opt/airflow/dags/silver_layer_dag.py
[2025-10-24T08:28:23.466+0000] {logging_mixin.py:188} INFO - [2025-10-24T08:28:23.466+0000] {dag.py:3096} INFO - Sync 1 DAGs
[2025-10-24T08:28:23.483+0000] {logging_mixin.py:188} INFO - [2025-10-24T08:28:23.483+0000] {dag.py:3954} INFO - Setting next_dagrun for silver_layer_dag to 2025-10-23 19:00:00+00:00, run_after=2025-10-24 19:00:00+00:00
[2025-10-24T08:28:23.497+0000] {processor.py:183} INFO - Processing /opt/airflow/dags/silver_layer_dag.py took 0.244 seconds
[2025-10-24T08:28:54.082+0000] {processor.py:161} INFO - Started process (PID=272) to work on /opt/airflow/dags/silver_layer_dag.py
[2025-10-24T08:28:54.083+0000] {processor.py:830} INFO - Processing file /opt/airflow/dags/silver_layer_dag.py for tasks to queue
[2025-10-24T08:28:54.085+0000] {logging_mixin.py:188} INFO - [2025-10-24T08:28:54.084+0000] {dagbag.py:540} INFO - Filling up the DagBag from /opt/airflow/dags/silver_layer_dag.py
[2025-10-24T08:28:54.266+0000] {processor.py:840} INFO - DAG(s) 'silver_layer_dag' retrieved from /opt/airflow/dags/silver_layer_dag.py
[2025-10-24T08:28:54.282+0000] {logging_mixin.py:188} INFO - [2025-10-24T08:28:54.282+0000] {dag.py:3096} INFO - Sync 1 DAGs
[2025-10-24T08:28:54.297+0000] {logging_mixin.py:188} INFO - [2025-10-24T08:28:54.297+0000] {dag.py:3954} INFO - Setting next_dagrun for silver_layer_dag to 2025-10-23 19:00:00+00:00, run_after=2025-10-24 19:00:00+00:00
[2025-10-24T08:28:54.310+0000] {processor.py:183} INFO - Processing /opt/airflow/dags/silver_layer_dag.py took 0.233 seconds
[2025-10-24T08:29:24.413+0000] {processor.py:161} INFO - Started process (PID=274) to work on /opt/airflow/dags/silver_layer_dag.py
[2025-10-24T08:29:24.414+0000] {processor.py:830} INFO - Processing file /opt/airflow/dags/silver_layer_dag.py for tasks to queue
[2025-10-24T08:29:24.416+0000] {logging_mixin.py:188} INFO - [2025-10-24T08:29:24.416+0000] {dagbag.py:540} INFO - Filling up the DagBag from /opt/airflow/dags/silver_layer_dag.py
[2025-10-24T08:29:24.633+0000] {processor.py:840} INFO - DAG(s) 'silver_layer_dag' retrieved from /opt/airflow/dags/silver_layer_dag.py
[2025-10-24T08:29:24.650+0000] {logging_mixin.py:188} INFO - [2025-10-24T08:29:24.649+0000] {dag.py:3096} INFO - Sync 1 DAGs
[2025-10-24T08:29:24.666+0000] {logging_mixin.py:188} INFO - [2025-10-24T08:29:24.666+0000] {dag.py:3954} INFO - Setting next_dagrun for silver_layer_dag to 2025-10-23 19:00:00+00:00, run_after=2025-10-24 19:00:00+00:00
[2025-10-24T08:29:24.680+0000] {processor.py:183} INFO - Processing /opt/airflow/dags/silver_layer_dag.py took 0.273 seconds
[2025-10-24T08:29:55.441+0000] {processor.py:161} INFO - Started process (PID=276) to work on /opt/airflow/dags/silver_layer_dag.py
[2025-10-24T08:29:55.442+0000] {processor.py:830} INFO - Processing file /opt/airflow/dags/silver_layer_dag.py for tasks to queue
[2025-10-24T08:29:55.444+0000] {logging_mixin.py:188} INFO - [2025-10-24T08:29:55.443+0000] {dagbag.py:540} INFO - Filling up the DagBag from /opt/airflow/dags/silver_layer_dag.py
[2025-10-24T08:29:55.617+0000] {processor.py:840} INFO - DAG(s) 'silver_layer_dag' retrieved from /opt/airflow/dags/silver_layer_dag.py
[2025-10-24T08:29:55.632+0000] {logging_mixin.py:188} INFO - [2025-10-24T08:29:55.632+0000] {dag.py:3096} INFO - Sync 1 DAGs
[2025-10-24T08:29:55.646+0000] {logging_mixin.py:188} INFO - [2025-10-24T08:29:55.646+0000] {dag.py:3954} INFO - Setting next_dagrun for silver_layer_dag to 2025-10-23 19:00:00+00:00, run_after=2025-10-24 19:00:00+00:00
[2025-10-24T08:29:55.659+0000] {processor.py:183} INFO - Processing /opt/airflow/dags/silver_layer_dag.py took 0.222 seconds
[2025-10-24T08:30:08.800+0000] {processor.py:161} INFO - Started process (PID=278) to work on /opt/airflow/dags/silver_layer_dag.py
[2025-10-24T08:30:08.800+0000] {processor.py:830} INFO - Processing file /opt/airflow/dags/silver_layer_dag.py for tasks to queue
[2025-10-24T08:30:08.802+0000] {logging_mixin.py:188} INFO - [2025-10-24T08:30:08.801+0000] {dagbag.py:540} INFO - Filling up the DagBag from /opt/airflow/dags/silver_layer_dag.py
[2025-10-24T08:30:08.935+0000] {processor.py:840} INFO - DAG(s) 'silver_layer_dag' retrieved from /opt/airflow/dags/silver_layer_dag.py
[2025-10-24T08:30:09.052+0000] {logging_mixin.py:188} INFO - [2025-10-24T08:30:09.052+0000] {dag.py:3096} INFO - Sync 1 DAGs
[2025-10-24T08:30:09.062+0000] {logging_mixin.py:188} INFO - [2025-10-24T08:30:09.062+0000] {dag.py:3954} INFO - Setting next_dagrun for silver_layer_dag to None, run_after=None
[2025-10-24T08:30:09.087+0000] {processor.py:183} INFO - Processing /opt/airflow/dags/silver_layer_dag.py took 0.292 seconds
[2025-10-24T08:30:39.819+0000] {processor.py:161} INFO - Started process (PID=280) to work on /opt/airflow/dags/silver_layer_dag.py
[2025-10-24T08:30:39.820+0000] {processor.py:830} INFO - Processing file /opt/airflow/dags/silver_layer_dag.py for tasks to queue
[2025-10-24T08:30:39.821+0000] {logging_mixin.py:188} INFO - [2025-10-24T08:30:39.821+0000] {dagbag.py:540} INFO - Filling up the DagBag from /opt/airflow/dags/silver_layer_dag.py
[2025-10-24T08:30:39.965+0000] {processor.py:840} INFO - DAG(s) 'silver_layer_dag' retrieved from /opt/airflow/dags/silver_layer_dag.py
[2025-10-24T08:30:39.982+0000] {logging_mixin.py:188} INFO - [2025-10-24T08:30:39.982+0000] {dag.py:3096} INFO - Sync 1 DAGs
[2025-10-24T08:30:39.991+0000] {logging_mixin.py:188} INFO - [2025-10-24T08:30:39.991+0000] {dag.py:3954} INFO - Setting next_dagrun for silver_layer_dag to None, run_after=None
[2025-10-24T08:30:40.007+0000] {processor.py:183} INFO - Processing /opt/airflow/dags/silver_layer_dag.py took 0.193 seconds
[2025-10-24T08:31:09.441+0000] {processor.py:161} INFO - Started process (PID=282) to work on /opt/airflow/dags/silver_layer_dag.py
[2025-10-24T08:31:09.441+0000] {processor.py:830} INFO - Processing file /opt/airflow/dags/silver_layer_dag.py for tasks to queue
[2025-10-24T08:31:09.443+0000] {logging_mixin.py:188} INFO - [2025-10-24T08:31:09.443+0000] {dagbag.py:540} INFO - Filling up the DagBag from /opt/airflow/dags/silver_layer_dag.py
[2025-10-24T08:31:09.572+0000] {processor.py:840} INFO - DAG(s) 'silver_layer_dag' retrieved from /opt/airflow/dags/silver_layer_dag.py
[2025-10-24T08:31:09.655+0000] {logging_mixin.py:188} INFO - [2025-10-24T08:31:09.655+0000] {dag.py:3096} INFO - Sync 1 DAGs
[2025-10-24T08:31:09.662+0000] {logging_mixin.py:188} INFO - [2025-10-24T08:31:09.662+0000] {dag.py:3954} INFO - Setting next_dagrun for silver_layer_dag to None, run_after=None
[2025-10-24T08:31:09.678+0000] {processor.py:183} INFO - Processing /opt/airflow/dags/silver_layer_dag.py took 0.242 seconds
[2025-10-24T08:49:48.751+0000] {processor.py:161} INFO - Started process (PID=84) to work on /opt/airflow/dags/silver_layer_dag.py
[2025-10-24T08:49:49.445+0000] {processor.py:830} INFO - Processing file /opt/airflow/dags/silver_layer_dag.py for tasks to queue
[2025-10-24T08:49:49.448+0000] {logging_mixin.py:188} INFO - [2025-10-24T08:49:49.447+0000] {dagbag.py:540} INFO - Filling up the DagBag from /opt/airflow/dags/silver_layer_dag.py
[2025-10-24T08:49:50.241+0000] {processor.py:840} INFO - DAG(s) 'silver_layer_dag' retrieved from /opt/airflow/dags/silver_layer_dag.py
[2025-10-24T08:49:50.414+0000] {logging_mixin.py:188} INFO - [2025-10-24T08:49:50.413+0000] {dag.py:3096} INFO - Sync 1 DAGs
[2025-10-24T08:49:50.422+0000] {logging_mixin.py:188} INFO - [2025-10-24T08:49:50.422+0000] {dag.py:3954} INFO - Setting next_dagrun for silver_layer_dag to None, run_after=None
[2025-10-24T08:49:50.542+0000] {processor.py:183} INFO - Processing /opt/airflow/dags/silver_layer_dag.py took 1.834 seconds
[2025-10-24T08:50:20.764+0000] {processor.py:161} INFO - Started process (PID=88) to work on /opt/airflow/dags/silver_layer_dag.py
[2025-10-24T08:50:20.765+0000] {processor.py:830} INFO - Processing file /opt/airflow/dags/silver_layer_dag.py for tasks to queue
[2025-10-24T08:50:20.767+0000] {logging_mixin.py:188} INFO - [2025-10-24T08:50:20.766+0000] {dagbag.py:540} INFO - Filling up the DagBag from /opt/airflow/dags/silver_layer_dag.py
[2025-10-24T08:50:20.914+0000] {processor.py:840} INFO - DAG(s) 'silver_layer_dag' retrieved from /opt/airflow/dags/silver_layer_dag.py
[2025-10-24T08:50:20.937+0000] {logging_mixin.py:188} INFO - [2025-10-24T08:50:20.937+0000] {dag.py:3096} INFO - Sync 1 DAGs
[2025-10-24T08:50:20.946+0000] {logging_mixin.py:188} INFO - [2025-10-24T08:50:20.946+0000] {dag.py:3954} INFO - Setting next_dagrun for silver_layer_dag to None, run_after=None
[2025-10-24T08:50:20.963+0000] {processor.py:183} INFO - Processing /opt/airflow/dags/silver_layer_dag.py took 0.203 seconds
[2025-10-24T08:50:51.738+0000] {processor.py:161} INFO - Started process (PID=92) to work on /opt/airflow/dags/silver_layer_dag.py
[2025-10-24T08:50:51.739+0000] {processor.py:830} INFO - Processing file /opt/airflow/dags/silver_layer_dag.py for tasks to queue
[2025-10-24T08:50:51.740+0000] {logging_mixin.py:188} INFO - [2025-10-24T08:50:51.740+0000] {dagbag.py:540} INFO - Filling up the DagBag from /opt/airflow/dags/silver_layer_dag.py
[2025-10-24T08:50:51.886+0000] {processor.py:840} INFO - DAG(s) 'silver_layer_dag' retrieved from /opt/airflow/dags/silver_layer_dag.py
[2025-10-24T08:50:51.906+0000] {logging_mixin.py:188} INFO - [2025-10-24T08:50:51.906+0000] {dag.py:3096} INFO - Sync 1 DAGs
[2025-10-24T08:50:51.916+0000] {logging_mixin.py:188} INFO - [2025-10-24T08:50:51.916+0000] {dag.py:3954} INFO - Setting next_dagrun for silver_layer_dag to None, run_after=None
[2025-10-24T08:50:51.931+0000] {processor.py:183} INFO - Processing /opt/airflow/dags/silver_layer_dag.py took 0.199 seconds
[2025-10-24T08:51:23.547+0000] {processor.py:161} INFO - Started process (PID=96) to work on /opt/airflow/dags/silver_layer_dag.py
[2025-10-24T08:51:23.548+0000] {processor.py:830} INFO - Processing file /opt/airflow/dags/silver_layer_dag.py for tasks to queue
[2025-10-24T08:51:23.550+0000] {logging_mixin.py:188} INFO - [2025-10-24T08:51:23.550+0000] {dagbag.py:540} INFO - Filling up the DagBag from /opt/airflow/dags/silver_layer_dag.py
[2025-10-24T08:51:23.729+0000] {processor.py:840} INFO - DAG(s) 'silver_layer_dag' retrieved from /opt/airflow/dags/silver_layer_dag.py
[2025-10-24T08:51:23.748+0000] {logging_mixin.py:188} INFO - [2025-10-24T08:51:23.748+0000] {dag.py:3096} INFO - Sync 1 DAGs
[2025-10-24T08:51:23.759+0000] {logging_mixin.py:188} INFO - [2025-10-24T08:51:23.759+0000] {dag.py:3954} INFO - Setting next_dagrun for silver_layer_dag to None, run_after=None
[2025-10-24T08:51:23.777+0000] {processor.py:183} INFO - Processing /opt/airflow/dags/silver_layer_dag.py took 0.237 seconds
[2025-10-24T08:51:54.088+0000] {processor.py:161} INFO - Started process (PID=104) to work on /opt/airflow/dags/silver_layer_dag.py
[2025-10-24T08:51:54.090+0000] {processor.py:830} INFO - Processing file /opt/airflow/dags/silver_layer_dag.py for tasks to queue
[2025-10-24T08:51:54.092+0000] {logging_mixin.py:188} INFO - [2025-10-24T08:51:54.092+0000] {dagbag.py:540} INFO - Filling up the DagBag from /opt/airflow/dags/silver_layer_dag.py
[2025-10-24T08:51:54.238+0000] {processor.py:840} INFO - DAG(s) 'silver_layer_dag' retrieved from /opt/airflow/dags/silver_layer_dag.py
[2025-10-24T08:51:54.256+0000] {logging_mixin.py:188} INFO - [2025-10-24T08:51:54.256+0000] {dag.py:3096} INFO - Sync 1 DAGs
[2025-10-24T08:51:54.265+0000] {logging_mixin.py:188} INFO - [2025-10-24T08:51:54.265+0000] {dag.py:3954} INFO - Setting next_dagrun for silver_layer_dag to None, run_after=None
[2025-10-24T08:51:54.279+0000] {processor.py:183} INFO - Processing /opt/airflow/dags/silver_layer_dag.py took 0.197 seconds
[2025-10-24T08:52:24.853+0000] {processor.py:161} INFO - Started process (PID=108) to work on /opt/airflow/dags/silver_layer_dag.py
[2025-10-24T08:52:24.854+0000] {processor.py:830} INFO - Processing file /opt/airflow/dags/silver_layer_dag.py for tasks to queue
[2025-10-24T08:52:24.856+0000] {logging_mixin.py:188} INFO - [2025-10-24T08:52:24.856+0000] {dagbag.py:540} INFO - Filling up the DagBag from /opt/airflow/dags/silver_layer_dag.py
[2025-10-24T08:52:24.998+0000] {processor.py:840} INFO - DAG(s) 'silver_layer_dag' retrieved from /opt/airflow/dags/silver_layer_dag.py
[2025-10-24T08:52:25.021+0000] {logging_mixin.py:188} INFO - [2025-10-24T08:52:25.021+0000] {dag.py:3096} INFO - Sync 1 DAGs
[2025-10-24T08:52:25.033+0000] {logging_mixin.py:188} INFO - [2025-10-24T08:52:25.033+0000] {dag.py:3954} INFO - Setting next_dagrun for silver_layer_dag to None, run_after=None
[2025-10-24T08:52:25.060+0000] {processor.py:183} INFO - Processing /opt/airflow/dags/silver_layer_dag.py took 0.213 seconds
[2025-10-24T08:52:55.407+0000] {processor.py:161} INFO - Started process (PID=112) to work on /opt/airflow/dags/silver_layer_dag.py
[2025-10-24T08:52:55.408+0000] {processor.py:830} INFO - Processing file /opt/airflow/dags/silver_layer_dag.py for tasks to queue
[2025-10-24T08:52:55.409+0000] {logging_mixin.py:188} INFO - [2025-10-24T08:52:55.409+0000] {dagbag.py:540} INFO - Filling up the DagBag from /opt/airflow/dags/silver_layer_dag.py
[2025-10-24T08:52:55.548+0000] {processor.py:840} INFO - DAG(s) 'silver_layer_dag' retrieved from /opt/airflow/dags/silver_layer_dag.py
[2025-10-24T08:52:55.565+0000] {logging_mixin.py:188} INFO - [2025-10-24T08:52:55.565+0000] {dag.py:3096} INFO - Sync 1 DAGs
[2025-10-24T08:52:55.575+0000] {logging_mixin.py:188} INFO - [2025-10-24T08:52:55.574+0000] {dag.py:3954} INFO - Setting next_dagrun for silver_layer_dag to None, run_after=None
[2025-10-24T08:52:55.589+0000] {processor.py:183} INFO - Processing /opt/airflow/dags/silver_layer_dag.py took 0.190 seconds
[2025-10-24T08:53:25.644+0000] {processor.py:161} INFO - Started process (PID=114) to work on /opt/airflow/dags/silver_layer_dag.py
[2025-10-24T08:53:25.645+0000] {processor.py:830} INFO - Processing file /opt/airflow/dags/silver_layer_dag.py for tasks to queue
[2025-10-24T08:53:25.646+0000] {logging_mixin.py:188} INFO - [2025-10-24T08:53:25.645+0000] {dagbag.py:540} INFO - Filling up the DagBag from /opt/airflow/dags/silver_layer_dag.py
[2025-10-24T08:53:25.779+0000] {processor.py:840} INFO - DAG(s) 'silver_layer_dag' retrieved from /opt/airflow/dags/silver_layer_dag.py
[2025-10-24T08:53:25.798+0000] {logging_mixin.py:188} INFO - [2025-10-24T08:53:25.797+0000] {dag.py:3096} INFO - Sync 1 DAGs
[2025-10-24T08:53:25.808+0000] {logging_mixin.py:188} INFO - [2025-10-24T08:53:25.807+0000] {dag.py:3954} INFO - Setting next_dagrun for silver_layer_dag to None, run_after=None
[2025-10-24T08:53:25.822+0000] {processor.py:183} INFO - Processing /opt/airflow/dags/silver_layer_dag.py took 0.185 seconds
[2025-10-24T08:53:56.237+0000] {processor.py:161} INFO - Started process (PID=116) to work on /opt/airflow/dags/silver_layer_dag.py
[2025-10-24T08:53:56.238+0000] {processor.py:830} INFO - Processing file /opt/airflow/dags/silver_layer_dag.py for tasks to queue
[2025-10-24T08:53:56.238+0000] {logging_mixin.py:188} INFO - [2025-10-24T08:53:56.238+0000] {dagbag.py:540} INFO - Filling up the DagBag from /opt/airflow/dags/silver_layer_dag.py
[2025-10-24T08:53:56.381+0000] {processor.py:840} INFO - DAG(s) 'silver_layer_dag' retrieved from /opt/airflow/dags/silver_layer_dag.py
[2025-10-24T08:53:56.398+0000] {logging_mixin.py:188} INFO - [2025-10-24T08:53:56.398+0000] {dag.py:3096} INFO - Sync 1 DAGs
[2025-10-24T08:53:56.407+0000] {logging_mixin.py:188} INFO - [2025-10-24T08:53:56.407+0000] {dag.py:3954} INFO - Setting next_dagrun for silver_layer_dag to None, run_after=None
[2025-10-24T08:53:56.421+0000] {processor.py:183} INFO - Processing /opt/airflow/dags/silver_layer_dag.py took 0.189 seconds
[2025-10-24T08:54:27.247+0000] {processor.py:161} INFO - Started process (PID=118) to work on /opt/airflow/dags/silver_layer_dag.py
[2025-10-24T08:54:27.248+0000] {processor.py:830} INFO - Processing file /opt/airflow/dags/silver_layer_dag.py for tasks to queue
[2025-10-24T08:54:27.249+0000] {logging_mixin.py:188} INFO - [2025-10-24T08:54:27.249+0000] {dagbag.py:540} INFO - Filling up the DagBag from /opt/airflow/dags/silver_layer_dag.py
[2025-10-24T08:54:27.368+0000] {processor.py:840} INFO - DAG(s) 'silver_layer_dag' retrieved from /opt/airflow/dags/silver_layer_dag.py
[2025-10-24T08:54:27.384+0000] {logging_mixin.py:188} INFO - [2025-10-24T08:54:27.384+0000] {dag.py:3096} INFO - Sync 1 DAGs
[2025-10-24T08:54:27.393+0000] {logging_mixin.py:188} INFO - [2025-10-24T08:54:27.393+0000] {dag.py:3954} INFO - Setting next_dagrun for silver_layer_dag to None, run_after=None
[2025-10-24T08:54:27.407+0000] {processor.py:183} INFO - Processing /opt/airflow/dags/silver_layer_dag.py took 0.164 seconds
[2025-10-24T08:54:57.490+0000] {processor.py:161} INFO - Started process (PID=123) to work on /opt/airflow/dags/silver_layer_dag.py
[2025-10-24T08:54:57.491+0000] {processor.py:830} INFO - Processing file /opt/airflow/dags/silver_layer_dag.py for tasks to queue
[2025-10-24T08:54:57.492+0000] {logging_mixin.py:188} INFO - [2025-10-24T08:54:57.491+0000] {dagbag.py:540} INFO - Filling up the DagBag from /opt/airflow/dags/silver_layer_dag.py
[2025-10-24T08:54:57.617+0000] {processor.py:840} INFO - DAG(s) 'silver_layer_dag' retrieved from /opt/airflow/dags/silver_layer_dag.py
[2025-10-24T08:54:57.634+0000] {logging_mixin.py:188} INFO - [2025-10-24T08:54:57.634+0000] {dag.py:3096} INFO - Sync 1 DAGs
[2025-10-24T08:54:57.644+0000] {logging_mixin.py:188} INFO - [2025-10-24T08:54:57.644+0000] {dag.py:3954} INFO - Setting next_dagrun for silver_layer_dag to None, run_after=None
[2025-10-24T08:54:57.660+0000] {processor.py:183} INFO - Processing /opt/airflow/dags/silver_layer_dag.py took 0.175 seconds
[2025-10-24T08:55:27.718+0000] {processor.py:161} INFO - Started process (PID=126) to work on /opt/airflow/dags/silver_layer_dag.py
[2025-10-24T08:55:27.719+0000] {processor.py:830} INFO - Processing file /opt/airflow/dags/silver_layer_dag.py for tasks to queue
[2025-10-24T08:55:27.720+0000] {logging_mixin.py:188} INFO - [2025-10-24T08:55:27.720+0000] {dagbag.py:540} INFO - Filling up the DagBag from /opt/airflow/dags/silver_layer_dag.py
[2025-10-24T08:55:27.852+0000] {processor.py:840} INFO - DAG(s) 'silver_layer_dag' retrieved from /opt/airflow/dags/silver_layer_dag.py
[2025-10-24T08:55:27.868+0000] {logging_mixin.py:188} INFO - [2025-10-24T08:55:27.868+0000] {dag.py:3096} INFO - Sync 1 DAGs
[2025-10-24T08:55:27.878+0000] {logging_mixin.py:188} INFO - [2025-10-24T08:55:27.878+0000] {dag.py:3954} INFO - Setting next_dagrun for silver_layer_dag to None, run_after=None
[2025-10-24T08:55:27.893+0000] {processor.py:183} INFO - Processing /opt/airflow/dags/silver_layer_dag.py took 0.180 seconds
[2025-10-24T08:55:58.070+0000] {processor.py:161} INFO - Started process (PID=130) to work on /opt/airflow/dags/silver_layer_dag.py
[2025-10-24T08:55:58.070+0000] {processor.py:830} INFO - Processing file /opt/airflow/dags/silver_layer_dag.py for tasks to queue
[2025-10-24T08:55:58.071+0000] {logging_mixin.py:188} INFO - [2025-10-24T08:55:58.071+0000] {dagbag.py:540} INFO - Filling up the DagBag from /opt/airflow/dags/silver_layer_dag.py
[2025-10-24T08:55:58.196+0000] {processor.py:840} INFO - DAG(s) 'silver_layer_dag' retrieved from /opt/airflow/dags/silver_layer_dag.py
[2025-10-24T08:55:58.211+0000] {logging_mixin.py:188} INFO - [2025-10-24T08:55:58.211+0000] {dag.py:3096} INFO - Sync 1 DAGs
[2025-10-24T08:55:58.219+0000] {logging_mixin.py:188} INFO - [2025-10-24T08:55:58.219+0000] {dag.py:3954} INFO - Setting next_dagrun for silver_layer_dag to None, run_after=None
[2025-10-24T08:55:58.232+0000] {processor.py:183} INFO - Processing /opt/airflow/dags/silver_layer_dag.py took 0.167 seconds
[2025-10-24T08:56:28.331+0000] {processor.py:161} INFO - Started process (PID=134) to work on /opt/airflow/dags/silver_layer_dag.py
[2025-10-24T08:56:28.332+0000] {processor.py:830} INFO - Processing file /opt/airflow/dags/silver_layer_dag.py for tasks to queue
[2025-10-24T08:56:28.332+0000] {logging_mixin.py:188} INFO - [2025-10-24T08:56:28.332+0000] {dagbag.py:540} INFO - Filling up the DagBag from /opt/airflow/dags/silver_layer_dag.py
[2025-10-24T08:56:28.466+0000] {processor.py:840} INFO - DAG(s) 'silver_layer_dag' retrieved from /opt/airflow/dags/silver_layer_dag.py
[2025-10-24T08:56:28.483+0000] {logging_mixin.py:188} INFO - [2025-10-24T08:56:28.482+0000] {dag.py:3096} INFO - Sync 1 DAGs
[2025-10-24T08:56:28.491+0000] {logging_mixin.py:188} INFO - [2025-10-24T08:56:28.491+0000] {dag.py:3954} INFO - Setting next_dagrun for silver_layer_dag to None, run_after=None
[2025-10-24T08:56:28.504+0000] {processor.py:183} INFO - Processing /opt/airflow/dags/silver_layer_dag.py took 0.179 seconds
[2025-10-24T08:56:58.552+0000] {processor.py:161} INFO - Started process (PID=138) to work on /opt/airflow/dags/silver_layer_dag.py
[2025-10-24T08:56:58.553+0000] {processor.py:830} INFO - Processing file /opt/airflow/dags/silver_layer_dag.py for tasks to queue
[2025-10-24T08:56:58.554+0000] {logging_mixin.py:188} INFO - [2025-10-24T08:56:58.553+0000] {dagbag.py:540} INFO - Filling up the DagBag from /opt/airflow/dags/silver_layer_dag.py
[2025-10-24T08:56:58.673+0000] {processor.py:840} INFO - DAG(s) 'silver_layer_dag' retrieved from /opt/airflow/dags/silver_layer_dag.py
[2025-10-24T08:56:58.688+0000] {logging_mixin.py:188} INFO - [2025-10-24T08:56:58.688+0000] {dag.py:3096} INFO - Sync 1 DAGs
[2025-10-24T08:56:58.696+0000] {logging_mixin.py:188} INFO - [2025-10-24T08:56:58.696+0000] {dag.py:3954} INFO - Setting next_dagrun for silver_layer_dag to None, run_after=None
[2025-10-24T08:56:58.709+0000] {processor.py:183} INFO - Processing /opt/airflow/dags/silver_layer_dag.py took 0.161 seconds
[2025-10-24T08:57:28.977+0000] {processor.py:161} INFO - Started process (PID=142) to work on /opt/airflow/dags/silver_layer_dag.py
[2025-10-24T08:57:28.978+0000] {processor.py:830} INFO - Processing file /opt/airflow/dags/silver_layer_dag.py for tasks to queue
[2025-10-24T08:57:28.978+0000] {logging_mixin.py:188} INFO - [2025-10-24T08:57:28.978+0000] {dagbag.py:540} INFO - Filling up the DagBag from /opt/airflow/dags/silver_layer_dag.py
[2025-10-24T08:57:29.094+0000] {processor.py:840} INFO - DAG(s) 'silver_layer_dag' retrieved from /opt/airflow/dags/silver_layer_dag.py
[2025-10-24T08:57:29.111+0000] {logging_mixin.py:188} INFO - [2025-10-24T08:57:29.111+0000] {dag.py:3096} INFO - Sync 1 DAGs
[2025-10-24T08:57:29.120+0000] {logging_mixin.py:188} INFO - [2025-10-24T08:57:29.120+0000] {dag.py:3954} INFO - Setting next_dagrun for silver_layer_dag to None, run_after=None
[2025-10-24T08:57:29.135+0000] {processor.py:183} INFO - Processing /opt/airflow/dags/silver_layer_dag.py took 0.163 seconds
[2025-10-24T08:57:59.249+0000] {processor.py:161} INFO - Started process (PID=146) to work on /opt/airflow/dags/silver_layer_dag.py
[2025-10-24T08:57:59.250+0000] {processor.py:830} INFO - Processing file /opt/airflow/dags/silver_layer_dag.py for tasks to queue
[2025-10-24T08:57:59.251+0000] {logging_mixin.py:188} INFO - [2025-10-24T08:57:59.251+0000] {dagbag.py:540} INFO - Filling up the DagBag from /opt/airflow/dags/silver_layer_dag.py
[2025-10-24T08:57:59.376+0000] {processor.py:840} INFO - DAG(s) 'silver_layer_dag' retrieved from /opt/airflow/dags/silver_layer_dag.py
[2025-10-24T08:57:59.393+0000] {logging_mixin.py:188} INFO - [2025-10-24T08:57:59.393+0000] {dag.py:3096} INFO - Sync 1 DAGs
[2025-10-24T08:57:59.402+0000] {logging_mixin.py:188} INFO - [2025-10-24T08:57:59.402+0000] {dag.py:3954} INFO - Setting next_dagrun for silver_layer_dag to None, run_after=None
[2025-10-24T08:57:59.415+0000] {processor.py:183} INFO - Processing /opt/airflow/dags/silver_layer_dag.py took 0.171 seconds
[2025-10-24T08:58:29.692+0000] {processor.py:161} INFO - Started process (PID=150) to work on /opt/airflow/dags/silver_layer_dag.py
[2025-10-24T08:58:29.693+0000] {processor.py:830} INFO - Processing file /opt/airflow/dags/silver_layer_dag.py for tasks to queue
[2025-10-24T08:58:29.693+0000] {logging_mixin.py:188} INFO - [2025-10-24T08:58:29.693+0000] {dagbag.py:540} INFO - Filling up the DagBag from /opt/airflow/dags/silver_layer_dag.py
[2025-10-24T08:58:29.813+0000] {processor.py:840} INFO - DAG(s) 'silver_layer_dag' retrieved from /opt/airflow/dags/silver_layer_dag.py
[2025-10-24T08:58:29.830+0000] {logging_mixin.py:188} INFO - [2025-10-24T08:58:29.829+0000] {dag.py:3096} INFO - Sync 1 DAGs
[2025-10-24T08:58:29.839+0000] {logging_mixin.py:188} INFO - [2025-10-24T08:58:29.839+0000] {dag.py:3954} INFO - Setting next_dagrun for silver_layer_dag to None, run_after=None
[2025-10-24T08:58:29.852+0000] {processor.py:183} INFO - Processing /opt/airflow/dags/silver_layer_dag.py took 0.165 seconds
[2025-10-24T08:59:00.185+0000] {processor.py:161} INFO - Started process (PID=154) to work on /opt/airflow/dags/silver_layer_dag.py
[2025-10-24T08:59:00.185+0000] {processor.py:830} INFO - Processing file /opt/airflow/dags/silver_layer_dag.py for tasks to queue
[2025-10-24T08:59:00.186+0000] {logging_mixin.py:188} INFO - [2025-10-24T08:59:00.186+0000] {dagbag.py:540} INFO - Filling up the DagBag from /opt/airflow/dags/silver_layer_dag.py
[2025-10-24T08:59:00.318+0000] {processor.py:840} INFO - DAG(s) 'silver_layer_dag' retrieved from /opt/airflow/dags/silver_layer_dag.py
[2025-10-24T08:59:00.335+0000] {logging_mixin.py:188} INFO - [2025-10-24T08:59:00.335+0000] {dag.py:3096} INFO - Sync 1 DAGs
[2025-10-24T08:59:00.345+0000] {logging_mixin.py:188} INFO - [2025-10-24T08:59:00.345+0000] {dag.py:3954} INFO - Setting next_dagrun for silver_layer_dag to None, run_after=None
[2025-10-24T08:59:00.359+0000] {processor.py:183} INFO - Processing /opt/airflow/dags/silver_layer_dag.py took 0.180 seconds
[2025-10-24T08:59:30.451+0000] {processor.py:161} INFO - Started process (PID=159) to work on /opt/airflow/dags/silver_layer_dag.py
[2025-10-24T08:59:30.452+0000] {processor.py:830} INFO - Processing file /opt/airflow/dags/silver_layer_dag.py for tasks to queue
[2025-10-24T08:59:30.453+0000] {logging_mixin.py:188} INFO - [2025-10-24T08:59:30.452+0000] {dagbag.py:540} INFO - Filling up the DagBag from /opt/airflow/dags/silver_layer_dag.py
[2025-10-24T08:59:30.567+0000] {processor.py:840} INFO - DAG(s) 'silver_layer_dag' retrieved from /opt/airflow/dags/silver_layer_dag.py
[2025-10-24T08:59:30.583+0000] {logging_mixin.py:188} INFO - [2025-10-24T08:59:30.582+0000] {dag.py:3096} INFO - Sync 1 DAGs
[2025-10-24T08:59:30.590+0000] {logging_mixin.py:188} INFO - [2025-10-24T08:59:30.590+0000] {dag.py:3954} INFO - Setting next_dagrun for silver_layer_dag to None, run_after=None
[2025-10-24T08:59:30.603+0000] {processor.py:183} INFO - Processing /opt/airflow/dags/silver_layer_dag.py took 0.156 seconds
[2025-10-24T09:00:00.955+0000] {processor.py:161} INFO - Started process (PID=163) to work on /opt/airflow/dags/silver_layer_dag.py
[2025-10-24T09:00:00.956+0000] {processor.py:830} INFO - Processing file /opt/airflow/dags/silver_layer_dag.py for tasks to queue
[2025-10-24T09:00:00.957+0000] {logging_mixin.py:188} INFO - [2025-10-24T09:00:00.957+0000] {dagbag.py:540} INFO - Filling up the DagBag from /opt/airflow/dags/silver_layer_dag.py
[2025-10-24T09:00:01.077+0000] {processor.py:840} INFO - DAG(s) 'silver_layer_dag' retrieved from /opt/airflow/dags/silver_layer_dag.py
[2025-10-24T09:00:01.092+0000] {logging_mixin.py:188} INFO - [2025-10-24T09:00:01.092+0000] {dag.py:3096} INFO - Sync 1 DAGs
[2025-10-24T09:00:01.101+0000] {logging_mixin.py:188} INFO - [2025-10-24T09:00:01.101+0000] {dag.py:3954} INFO - Setting next_dagrun for silver_layer_dag to None, run_after=None
[2025-10-24T09:00:01.250+0000] {processor.py:183} INFO - Processing /opt/airflow/dags/silver_layer_dag.py took 0.299 seconds
[2025-10-24T09:00:31.668+0000] {processor.py:161} INFO - Started process (PID=167) to work on /opt/airflow/dags/silver_layer_dag.py
[2025-10-24T09:00:31.669+0000] {processor.py:830} INFO - Processing file /opt/airflow/dags/silver_layer_dag.py for tasks to queue
[2025-10-24T09:00:31.669+0000] {logging_mixin.py:188} INFO - [2025-10-24T09:00:31.669+0000] {dagbag.py:540} INFO - Filling up the DagBag from /opt/airflow/dags/silver_layer_dag.py
[2025-10-24T09:00:31.783+0000] {processor.py:840} INFO - DAG(s) 'silver_layer_dag' retrieved from /opt/airflow/dags/silver_layer_dag.py
[2025-10-24T09:00:31.799+0000] {logging_mixin.py:188} INFO - [2025-10-24T09:00:31.799+0000] {dag.py:3096} INFO - Sync 1 DAGs
[2025-10-24T09:00:31.916+0000] {logging_mixin.py:188} INFO - [2025-10-24T09:00:31.916+0000] {dag.py:3954} INFO - Setting next_dagrun for silver_layer_dag to None, run_after=None
[2025-10-24T09:00:31.928+0000] {processor.py:183} INFO - Processing /opt/airflow/dags/silver_layer_dag.py took 0.264 seconds
[2025-10-24T09:01:02.365+0000] {processor.py:161} INFO - Started process (PID=169) to work on /opt/airflow/dags/silver_layer_dag.py
[2025-10-24T09:01:02.366+0000] {processor.py:830} INFO - Processing file /opt/airflow/dags/silver_layer_dag.py for tasks to queue
[2025-10-24T09:01:02.367+0000] {logging_mixin.py:188} INFO - [2025-10-24T09:01:02.367+0000] {dagbag.py:540} INFO - Filling up the DagBag from /opt/airflow/dags/silver_layer_dag.py
[2025-10-24T09:01:02.486+0000] {processor.py:840} INFO - DAG(s) 'silver_layer_dag' retrieved from /opt/airflow/dags/silver_layer_dag.py
[2025-10-24T09:01:02.641+0000] {logging_mixin.py:188} INFO - [2025-10-24T09:01:02.641+0000] {dag.py:3096} INFO - Sync 1 DAGs
[2025-10-24T09:01:02.648+0000] {logging_mixin.py:188} INFO - [2025-10-24T09:01:02.648+0000] {dag.py:3954} INFO - Setting next_dagrun for silver_layer_dag to None, run_after=None
[2025-10-24T09:01:02.665+0000] {processor.py:183} INFO - Processing /opt/airflow/dags/silver_layer_dag.py took 0.304 seconds
[2025-10-24T09:01:33.157+0000] {processor.py:161} INFO - Started process (PID=173) to work on /opt/airflow/dags/silver_layer_dag.py
[2025-10-24T09:01:33.158+0000] {processor.py:830} INFO - Processing file /opt/airflow/dags/silver_layer_dag.py for tasks to queue
[2025-10-24T09:01:33.159+0000] {logging_mixin.py:188} INFO - [2025-10-24T09:01:33.159+0000] {dagbag.py:540} INFO - Filling up the DagBag from /opt/airflow/dags/silver_layer_dag.py
[2025-10-24T09:01:33.433+0000] {processor.py:840} INFO - DAG(s) 'silver_layer_dag' retrieved from /opt/airflow/dags/silver_layer_dag.py
[2025-10-24T09:01:33.448+0000] {logging_mixin.py:188} INFO - [2025-10-24T09:01:33.448+0000] {dag.py:3096} INFO - Sync 1 DAGs
[2025-10-24T09:01:33.456+0000] {logging_mixin.py:188} INFO - [2025-10-24T09:01:33.456+0000] {dag.py:3954} INFO - Setting next_dagrun for silver_layer_dag to None, run_after=None
[2025-10-24T09:01:33.470+0000] {processor.py:183} INFO - Processing /opt/airflow/dags/silver_layer_dag.py took 0.317 seconds
[2025-10-24T09:02:03.914+0000] {processor.py:161} INFO - Started process (PID=177) to work on /opt/airflow/dags/silver_layer_dag.py
[2025-10-24T09:02:03.915+0000] {processor.py:830} INFO - Processing file /opt/airflow/dags/silver_layer_dag.py for tasks to queue
[2025-10-24T09:02:03.916+0000] {logging_mixin.py:188} INFO - [2025-10-24T09:02:03.916+0000] {dagbag.py:540} INFO - Filling up the DagBag from /opt/airflow/dags/silver_layer_dag.py
[2025-10-24T09:02:04.204+0000] {processor.py:840} INFO - DAG(s) 'silver_layer_dag' retrieved from /opt/airflow/dags/silver_layer_dag.py
[2025-10-24T09:02:04.219+0000] {logging_mixin.py:188} INFO - [2025-10-24T09:02:04.219+0000] {dag.py:3096} INFO - Sync 1 DAGs
[2025-10-24T09:02:04.227+0000] {logging_mixin.py:188} INFO - [2025-10-24T09:02:04.226+0000] {dag.py:3954} INFO - Setting next_dagrun for silver_layer_dag to None, run_after=None
[2025-10-24T09:02:04.240+0000] {processor.py:183} INFO - Processing /opt/airflow/dags/silver_layer_dag.py took 0.331 seconds
[2025-10-24T09:02:34.670+0000] {processor.py:161} INFO - Started process (PID=181) to work on /opt/airflow/dags/silver_layer_dag.py
[2025-10-24T09:02:34.671+0000] {processor.py:830} INFO - Processing file /opt/airflow/dags/silver_layer_dag.py for tasks to queue
[2025-10-24T09:02:34.672+0000] {logging_mixin.py:188} INFO - [2025-10-24T09:02:34.672+0000] {dagbag.py:540} INFO - Filling up the DagBag from /opt/airflow/dags/silver_layer_dag.py
[2025-10-24T09:02:34.918+0000] {processor.py:840} INFO - DAG(s) 'silver_layer_dag' retrieved from /opt/airflow/dags/silver_layer_dag.py
[2025-10-24T09:02:34.933+0000] {logging_mixin.py:188} INFO - [2025-10-24T09:02:34.932+0000] {dag.py:3096} INFO - Sync 1 DAGs
[2025-10-24T09:02:34.940+0000] {logging_mixin.py:188} INFO - [2025-10-24T09:02:34.940+0000] {dag.py:3954} INFO - Setting next_dagrun for silver_layer_dag to None, run_after=None
[2025-10-24T09:02:34.953+0000] {processor.py:183} INFO - Processing /opt/airflow/dags/silver_layer_dag.py took 0.288 seconds
[2025-10-24T09:03:05.470+0000] {processor.py:161} INFO - Started process (PID=185) to work on /opt/airflow/dags/silver_layer_dag.py
[2025-10-24T09:03:05.471+0000] {processor.py:830} INFO - Processing file /opt/airflow/dags/silver_layer_dag.py for tasks to queue
[2025-10-24T09:03:05.472+0000] {logging_mixin.py:188} INFO - [2025-10-24T09:03:05.472+0000] {dagbag.py:540} INFO - Filling up the DagBag from /opt/airflow/dags/silver_layer_dag.py
[2025-10-24T09:03:05.766+0000] {processor.py:840} INFO - DAG(s) 'silver_layer_dag' retrieved from /opt/airflow/dags/silver_layer_dag.py
[2025-10-24T09:03:05.785+0000] {logging_mixin.py:188} INFO - [2025-10-24T09:03:05.784+0000] {dag.py:3096} INFO - Sync 1 DAGs
[2025-10-24T09:03:05.794+0000] {logging_mixin.py:188} INFO - [2025-10-24T09:03:05.794+0000] {dag.py:3954} INFO - Setting next_dagrun for silver_layer_dag to None, run_after=None
[2025-10-24T09:03:05.810+0000] {processor.py:183} INFO - Processing /opt/airflow/dags/silver_layer_dag.py took 0.345 seconds
[2025-10-24T09:03:35.997+0000] {processor.py:161} INFO - Started process (PID=189) to work on /opt/airflow/dags/silver_layer_dag.py
[2025-10-24T09:03:35.997+0000] {processor.py:830} INFO - Processing file /opt/airflow/dags/silver_layer_dag.py for tasks to queue
[2025-10-24T09:03:35.998+0000] {logging_mixin.py:188} INFO - [2025-10-24T09:03:35.998+0000] {dagbag.py:540} INFO - Filling up the DagBag from /opt/airflow/dags/silver_layer_dag.py
[2025-10-24T09:03:36.214+0000] {processor.py:840} INFO - DAG(s) 'silver_layer_dag' retrieved from /opt/airflow/dags/silver_layer_dag.py
[2025-10-24T09:03:36.227+0000] {logging_mixin.py:188} INFO - [2025-10-24T09:03:36.227+0000] {dag.py:3096} INFO - Sync 1 DAGs
[2025-10-24T09:03:36.235+0000] {logging_mixin.py:188} INFO - [2025-10-24T09:03:36.234+0000] {dag.py:3954} INFO - Setting next_dagrun for silver_layer_dag to None, run_after=None
[2025-10-24T09:03:36.246+0000] {processor.py:183} INFO - Processing /opt/airflow/dags/silver_layer_dag.py took 0.254 seconds
[2025-10-24T09:04:06.623+0000] {processor.py:161} INFO - Started process (PID=193) to work on /opt/airflow/dags/silver_layer_dag.py
[2025-10-24T09:04:06.624+0000] {processor.py:830} INFO - Processing file /opt/airflow/dags/silver_layer_dag.py for tasks to queue
[2025-10-24T09:04:06.625+0000] {logging_mixin.py:188} INFO - [2025-10-24T09:04:06.625+0000] {dagbag.py:540} INFO - Filling up the DagBag from /opt/airflow/dags/silver_layer_dag.py
[2025-10-24T09:04:06.865+0000] {processor.py:840} INFO - DAG(s) 'silver_layer_dag' retrieved from /opt/airflow/dags/silver_layer_dag.py
[2025-10-24T09:04:06.879+0000] {logging_mixin.py:188} INFO - [2025-10-24T09:04:06.879+0000] {dag.py:3096} INFO - Sync 1 DAGs
[2025-10-24T09:04:06.887+0000] {logging_mixin.py:188} INFO - [2025-10-24T09:04:06.887+0000] {dag.py:3954} INFO - Setting next_dagrun for silver_layer_dag to None, run_after=None
[2025-10-24T09:04:06.900+0000] {processor.py:183} INFO - Processing /opt/airflow/dags/silver_layer_dag.py took 0.282 seconds
[2025-10-24T09:04:37.263+0000] {processor.py:161} INFO - Started process (PID=197) to work on /opt/airflow/dags/silver_layer_dag.py
[2025-10-24T09:04:37.264+0000] {processor.py:830} INFO - Processing file /opt/airflow/dags/silver_layer_dag.py for tasks to queue
[2025-10-24T09:04:37.265+0000] {logging_mixin.py:188} INFO - [2025-10-24T09:04:37.264+0000] {dagbag.py:540} INFO - Filling up the DagBag from /opt/airflow/dags/silver_layer_dag.py
[2025-10-24T09:04:37.502+0000] {processor.py:840} INFO - DAG(s) 'silver_layer_dag' retrieved from /opt/airflow/dags/silver_layer_dag.py
[2025-10-24T09:04:37.517+0000] {logging_mixin.py:188} INFO - [2025-10-24T09:04:37.517+0000] {dag.py:3096} INFO - Sync 1 DAGs
[2025-10-24T09:04:37.525+0000] {logging_mixin.py:188} INFO - [2025-10-24T09:04:37.525+0000] {dag.py:3954} INFO - Setting next_dagrun for silver_layer_dag to None, run_after=None
[2025-10-24T09:04:37.538+0000] {processor.py:183} INFO - Processing /opt/airflow/dags/silver_layer_dag.py took 0.279 seconds
[2025-10-24T09:05:08.450+0000] {processor.py:161} INFO - Started process (PID=201) to work on /opt/airflow/dags/silver_layer_dag.py
[2025-10-24T09:05:08.451+0000] {processor.py:830} INFO - Processing file /opt/airflow/dags/silver_layer_dag.py for tasks to queue
[2025-10-24T09:05:08.452+0000] {logging_mixin.py:188} INFO - [2025-10-24T09:05:08.452+0000] {dagbag.py:540} INFO - Filling up the DagBag from /opt/airflow/dags/silver_layer_dag.py
[2025-10-24T09:05:08.576+0000] {processor.py:840} INFO - DAG(s) 'silver_layer_dag' retrieved from /opt/airflow/dags/silver_layer_dag.py
[2025-10-24T09:05:08.594+0000] {logging_mixin.py:188} INFO - [2025-10-24T09:05:08.594+0000] {dag.py:3096} INFO - Sync 1 DAGs
[2025-10-24T09:05:08.604+0000] {logging_mixin.py:188} INFO - [2025-10-24T09:05:08.604+0000] {dag.py:3954} INFO - Setting next_dagrun for silver_layer_dag to None, run_after=None
[2025-10-24T09:05:08.618+0000] {processor.py:183} INFO - Processing /opt/airflow/dags/silver_layer_dag.py took 0.172 seconds
[2025-10-24T09:05:38.731+0000] {processor.py:161} INFO - Started process (PID=205) to work on /opt/airflow/dags/silver_layer_dag.py
[2025-10-24T09:05:38.732+0000] {processor.py:830} INFO - Processing file /opt/airflow/dags/silver_layer_dag.py for tasks to queue
[2025-10-24T09:05:38.732+0000] {logging_mixin.py:188} INFO - [2025-10-24T09:05:38.732+0000] {dagbag.py:540} INFO - Filling up the DagBag from /opt/airflow/dags/silver_layer_dag.py
[2025-10-24T09:05:38.848+0000] {processor.py:840} INFO - DAG(s) 'silver_layer_dag' retrieved from /opt/airflow/dags/silver_layer_dag.py
[2025-10-24T09:05:38.865+0000] {logging_mixin.py:188} INFO - [2025-10-24T09:05:38.864+0000] {dag.py:3096} INFO - Sync 1 DAGs
[2025-10-24T09:05:38.873+0000] {logging_mixin.py:188} INFO - [2025-10-24T09:05:38.873+0000] {dag.py:3954} INFO - Setting next_dagrun for silver_layer_dag to None, run_after=None
[2025-10-24T09:05:38.886+0000] {processor.py:183} INFO - Processing /opt/airflow/dags/silver_layer_dag.py took 0.159 seconds
[2025-10-24T09:06:09.174+0000] {processor.py:161} INFO - Started process (PID=209) to work on /opt/airflow/dags/silver_layer_dag.py
[2025-10-24T09:06:09.175+0000] {processor.py:830} INFO - Processing file /opt/airflow/dags/silver_layer_dag.py for tasks to queue
[2025-10-24T09:06:09.176+0000] {logging_mixin.py:188} INFO - [2025-10-24T09:06:09.175+0000] {dagbag.py:540} INFO - Filling up the DagBag from /opt/airflow/dags/silver_layer_dag.py
[2025-10-24T09:06:09.303+0000] {processor.py:840} INFO - DAG(s) 'silver_layer_dag' retrieved from /opt/airflow/dags/silver_layer_dag.py
[2025-10-24T09:06:09.323+0000] {logging_mixin.py:188} INFO - [2025-10-24T09:06:09.322+0000] {dag.py:3096} INFO - Sync 1 DAGs
[2025-10-24T09:06:09.332+0000] {logging_mixin.py:188} INFO - [2025-10-24T09:06:09.332+0000] {dag.py:3954} INFO - Setting next_dagrun for silver_layer_dag to None, run_after=None
[2025-10-24T09:06:09.347+0000] {processor.py:183} INFO - Processing /opt/airflow/dags/silver_layer_dag.py took 0.178 seconds
[2025-10-24T09:06:39.493+0000] {processor.py:161} INFO - Started process (PID=213) to work on /opt/airflow/dags/silver_layer_dag.py
[2025-10-24T09:06:39.494+0000] {processor.py:830} INFO - Processing file /opt/airflow/dags/silver_layer_dag.py for tasks to queue
[2025-10-24T09:06:39.495+0000] {logging_mixin.py:188} INFO - [2025-10-24T09:06:39.495+0000] {dagbag.py:540} INFO - Filling up the DagBag from /opt/airflow/dags/silver_layer_dag.py
[2025-10-24T09:06:39.621+0000] {processor.py:840} INFO - DAG(s) 'silver_layer_dag' retrieved from /opt/airflow/dags/silver_layer_dag.py
[2025-10-24T09:06:39.640+0000] {logging_mixin.py:188} INFO - [2025-10-24T09:06:39.640+0000] {dag.py:3096} INFO - Sync 1 DAGs
[2025-10-24T09:06:39.649+0000] {logging_mixin.py:188} INFO - [2025-10-24T09:06:39.649+0000] {dag.py:3954} INFO - Setting next_dagrun for silver_layer_dag to None, run_after=None
[2025-10-24T09:06:39.663+0000] {processor.py:183} INFO - Processing /opt/airflow/dags/silver_layer_dag.py took 0.174 seconds
[2025-10-24T09:07:10.174+0000] {processor.py:161} INFO - Started process (PID=217) to work on /opt/airflow/dags/silver_layer_dag.py
[2025-10-24T09:07:10.175+0000] {processor.py:830} INFO - Processing file /opt/airflow/dags/silver_layer_dag.py for tasks to queue
[2025-10-24T09:07:10.175+0000] {logging_mixin.py:188} INFO - [2025-10-24T09:07:10.175+0000] {dagbag.py:540} INFO - Filling up the DagBag from /opt/airflow/dags/silver_layer_dag.py
[2025-10-24T09:07:10.295+0000] {processor.py:840} INFO - DAG(s) 'silver_layer_dag' retrieved from /opt/airflow/dags/silver_layer_dag.py
[2025-10-24T09:07:10.311+0000] {logging_mixin.py:188} INFO - [2025-10-24T09:07:10.311+0000] {dag.py:3096} INFO - Sync 1 DAGs
[2025-10-24T09:07:10.320+0000] {logging_mixin.py:188} INFO - [2025-10-24T09:07:10.320+0000] {dag.py:3954} INFO - Setting next_dagrun for silver_layer_dag to None, run_after=None
[2025-10-24T09:07:10.333+0000] {processor.py:183} INFO - Processing /opt/airflow/dags/silver_layer_dag.py took 0.163 seconds
[2025-10-24T09:07:40.610+0000] {processor.py:161} INFO - Started process (PID=221) to work on /opt/airflow/dags/silver_layer_dag.py
[2025-10-24T09:07:40.611+0000] {processor.py:830} INFO - Processing file /opt/airflow/dags/silver_layer_dag.py for tasks to queue
[2025-10-24T09:07:40.611+0000] {logging_mixin.py:188} INFO - [2025-10-24T09:07:40.611+0000] {dagbag.py:540} INFO - Filling up the DagBag from /opt/airflow/dags/silver_layer_dag.py
[2025-10-24T09:07:40.768+0000] {processor.py:840} INFO - DAG(s) 'silver_layer_dag' retrieved from /opt/airflow/dags/silver_layer_dag.py
[2025-10-24T09:07:40.785+0000] {logging_mixin.py:188} INFO - [2025-10-24T09:07:40.785+0000] {dag.py:3096} INFO - Sync 1 DAGs
[2025-10-24T09:07:40.796+0000] {logging_mixin.py:188} INFO - [2025-10-24T09:07:40.796+0000] {dag.py:3954} INFO - Setting next_dagrun for silver_layer_dag to None, run_after=None
[2025-10-24T09:07:40.812+0000] {processor.py:183} INFO - Processing /opt/airflow/dags/silver_layer_dag.py took 0.207 seconds
[2025-10-24T09:08:10.905+0000] {processor.py:161} INFO - Started process (PID=225) to work on /opt/airflow/dags/silver_layer_dag.py
[2025-10-24T09:08:10.906+0000] {processor.py:830} INFO - Processing file /opt/airflow/dags/silver_layer_dag.py for tasks to queue
[2025-10-24T09:08:10.907+0000] {logging_mixin.py:188} INFO - [2025-10-24T09:08:10.906+0000] {dagbag.py:540} INFO - Filling up the DagBag from /opt/airflow/dags/silver_layer_dag.py
[2025-10-24T09:08:11.027+0000] {processor.py:840} INFO - DAG(s) 'silver_layer_dag' retrieved from /opt/airflow/dags/silver_layer_dag.py
[2025-10-24T09:08:11.045+0000] {logging_mixin.py:188} INFO - [2025-10-24T09:08:11.045+0000] {dag.py:3096} INFO - Sync 1 DAGs
[2025-10-24T09:08:11.055+0000] {logging_mixin.py:188} INFO - [2025-10-24T09:08:11.055+0000] {dag.py:3954} INFO - Setting next_dagrun for silver_layer_dag to None, run_after=None
[2025-10-24T09:08:11.069+0000] {processor.py:183} INFO - Processing /opt/airflow/dags/silver_layer_dag.py took 0.168 seconds
[2025-10-24T09:08:41.745+0000] {processor.py:161} INFO - Started process (PID=229) to work on /opt/airflow/dags/silver_layer_dag.py
[2025-10-24T09:08:41.746+0000] {processor.py:830} INFO - Processing file /opt/airflow/dags/silver_layer_dag.py for tasks to queue
[2025-10-24T09:08:41.747+0000] {logging_mixin.py:188} INFO - [2025-10-24T09:08:41.747+0000] {dagbag.py:540} INFO - Filling up the DagBag from /opt/airflow/dags/silver_layer_dag.py
[2025-10-24T09:08:41.874+0000] {processor.py:840} INFO - DAG(s) 'silver_layer_dag' retrieved from /opt/airflow/dags/silver_layer_dag.py
[2025-10-24T09:08:41.893+0000] {logging_mixin.py:188} INFO - [2025-10-24T09:08:41.892+0000] {dag.py:3096} INFO - Sync 1 DAGs
[2025-10-24T09:08:41.902+0000] {logging_mixin.py:188} INFO - [2025-10-24T09:08:41.902+0000] {dag.py:3954} INFO - Setting next_dagrun for silver_layer_dag to None, run_after=None
[2025-10-24T09:08:41.917+0000] {processor.py:183} INFO - Processing /opt/airflow/dags/silver_layer_dag.py took 0.176 seconds
[2025-10-24T09:09:12.208+0000] {processor.py:161} INFO - Started process (PID=233) to work on /opt/airflow/dags/silver_layer_dag.py
[2025-10-24T09:09:12.208+0000] {processor.py:830} INFO - Processing file /opt/airflow/dags/silver_layer_dag.py for tasks to queue
[2025-10-24T09:09:12.209+0000] {logging_mixin.py:188} INFO - [2025-10-24T09:09:12.209+0000] {dagbag.py:540} INFO - Filling up the DagBag from /opt/airflow/dags/silver_layer_dag.py
[2025-10-24T09:09:12.334+0000] {processor.py:840} INFO - DAG(s) 'silver_layer_dag' retrieved from /opt/airflow/dags/silver_layer_dag.py
[2025-10-24T09:09:12.352+0000] {logging_mixin.py:188} INFO - [2025-10-24T09:09:12.352+0000] {dag.py:3096} INFO - Sync 1 DAGs
[2025-10-24T09:09:12.362+0000] {logging_mixin.py:188} INFO - [2025-10-24T09:09:12.362+0000] {dag.py:3954} INFO - Setting next_dagrun for silver_layer_dag to None, run_after=None
[2025-10-24T09:09:12.376+0000] {processor.py:183} INFO - Processing /opt/airflow/dags/silver_layer_dag.py took 0.173 seconds
[2025-10-24T09:09:42.624+0000] {processor.py:161} INFO - Started process (PID=237) to work on /opt/airflow/dags/silver_layer_dag.py
[2025-10-24T09:09:42.625+0000] {processor.py:830} INFO - Processing file /opt/airflow/dags/silver_layer_dag.py for tasks to queue
[2025-10-24T09:09:42.625+0000] {logging_mixin.py:188} INFO - [2025-10-24T09:09:42.625+0000] {dagbag.py:540} INFO - Filling up the DagBag from /opt/airflow/dags/silver_layer_dag.py
[2025-10-24T09:09:42.750+0000] {processor.py:840} INFO - DAG(s) 'silver_layer_dag' retrieved from /opt/airflow/dags/silver_layer_dag.py
[2025-10-24T09:09:42.768+0000] {logging_mixin.py:188} INFO - [2025-10-24T09:09:42.768+0000] {dag.py:3096} INFO - Sync 1 DAGs
[2025-10-24T09:09:42.779+0000] {logging_mixin.py:188} INFO - [2025-10-24T09:09:42.778+0000] {dag.py:3954} INFO - Setting next_dagrun for silver_layer_dag to None, run_after=None
[2025-10-24T09:09:42.793+0000] {processor.py:183} INFO - Processing /opt/airflow/dags/silver_layer_dag.py took 0.174 seconds
[2025-10-24T09:10:13.009+0000] {processor.py:161} INFO - Started process (PID=241) to work on /opt/airflow/dags/silver_layer_dag.py
[2025-10-24T09:10:13.010+0000] {processor.py:830} INFO - Processing file /opt/airflow/dags/silver_layer_dag.py for tasks to queue
[2025-10-24T09:10:13.011+0000] {logging_mixin.py:188} INFO - [2025-10-24T09:10:13.011+0000] {dagbag.py:540} INFO - Filling up the DagBag from /opt/airflow/dags/silver_layer_dag.py
[2025-10-24T09:10:13.137+0000] {processor.py:840} INFO - DAG(s) 'silver_layer_dag' retrieved from /opt/airflow/dags/silver_layer_dag.py
[2025-10-24T09:10:13.155+0000] {logging_mixin.py:188} INFO - [2025-10-24T09:10:13.155+0000] {dag.py:3096} INFO - Sync 1 DAGs
[2025-10-24T09:10:13.165+0000] {logging_mixin.py:188} INFO - [2025-10-24T09:10:13.165+0000] {dag.py:3954} INFO - Setting next_dagrun for silver_layer_dag to None, run_after=None
[2025-10-24T09:10:13.179+0000] {processor.py:183} INFO - Processing /opt/airflow/dags/silver_layer_dag.py took 0.174 seconds
[2025-10-24T09:10:43.351+0000] {processor.py:161} INFO - Started process (PID=245) to work on /opt/airflow/dags/silver_layer_dag.py
[2025-10-24T09:10:43.352+0000] {processor.py:830} INFO - Processing file /opt/airflow/dags/silver_layer_dag.py for tasks to queue
[2025-10-24T09:10:43.352+0000] {logging_mixin.py:188} INFO - [2025-10-24T09:10:43.352+0000] {dagbag.py:540} INFO - Filling up the DagBag from /opt/airflow/dags/silver_layer_dag.py
[2025-10-24T09:10:43.485+0000] {processor.py:840} INFO - DAG(s) 'silver_layer_dag' retrieved from /opt/airflow/dags/silver_layer_dag.py
[2025-10-24T09:10:43.503+0000] {logging_mixin.py:188} INFO - [2025-10-24T09:10:43.503+0000] {dag.py:3096} INFO - Sync 1 DAGs
[2025-10-24T09:10:43.514+0000] {logging_mixin.py:188} INFO - [2025-10-24T09:10:43.514+0000] {dag.py:3954} INFO - Setting next_dagrun for silver_layer_dag to None, run_after=None
[2025-10-24T09:10:43.529+0000] {processor.py:183} INFO - Processing /opt/airflow/dags/silver_layer_dag.py took 0.183 seconds
[2025-10-24T09:11:13.785+0000] {processor.py:161} INFO - Started process (PID=249) to work on /opt/airflow/dags/silver_layer_dag.py
[2025-10-24T09:11:13.786+0000] {processor.py:830} INFO - Processing file /opt/airflow/dags/silver_layer_dag.py for tasks to queue
[2025-10-24T09:11:13.787+0000] {logging_mixin.py:188} INFO - [2025-10-24T09:11:13.786+0000] {dagbag.py:540} INFO - Filling up the DagBag from /opt/airflow/dags/silver_layer_dag.py
[2025-10-24T09:11:13.911+0000] {processor.py:840} INFO - DAG(s) 'silver_layer_dag' retrieved from /opt/airflow/dags/silver_layer_dag.py
[2025-10-24T09:11:13.930+0000] {logging_mixin.py:188} INFO - [2025-10-24T09:11:13.930+0000] {dag.py:3096} INFO - Sync 1 DAGs
[2025-10-24T09:11:13.940+0000] {logging_mixin.py:188} INFO - [2025-10-24T09:11:13.940+0000] {dag.py:3954} INFO - Setting next_dagrun for silver_layer_dag to None, run_after=None
[2025-10-24T09:11:13.954+0000] {processor.py:183} INFO - Processing /opt/airflow/dags/silver_layer_dag.py took 0.174 seconds
[2025-10-24T09:11:44.319+0000] {processor.py:161} INFO - Started process (PID=253) to work on /opt/airflow/dags/silver_layer_dag.py
[2025-10-24T09:11:44.319+0000] {processor.py:830} INFO - Processing file /opt/airflow/dags/silver_layer_dag.py for tasks to queue
[2025-10-24T09:11:44.320+0000] {logging_mixin.py:188} INFO - [2025-10-24T09:11:44.320+0000] {dagbag.py:540} INFO - Filling up the DagBag from /opt/airflow/dags/silver_layer_dag.py
[2025-10-24T09:11:44.443+0000] {processor.py:840} INFO - DAG(s) 'silver_layer_dag' retrieved from /opt/airflow/dags/silver_layer_dag.py
[2025-10-24T09:11:44.459+0000] {logging_mixin.py:188} INFO - [2025-10-24T09:11:44.459+0000] {dag.py:3096} INFO - Sync 1 DAGs
[2025-10-24T09:11:44.468+0000] {logging_mixin.py:188} INFO - [2025-10-24T09:11:44.468+0000] {dag.py:3954} INFO - Setting next_dagrun for silver_layer_dag to None, run_after=None
[2025-10-24T09:11:44.481+0000] {processor.py:183} INFO - Processing /opt/airflow/dags/silver_layer_dag.py took 0.167 seconds
[2025-10-24T09:12:14.552+0000] {processor.py:161} INFO - Started process (PID=257) to work on /opt/airflow/dags/silver_layer_dag.py
[2025-10-24T09:12:14.553+0000] {processor.py:830} INFO - Processing file /opt/airflow/dags/silver_layer_dag.py for tasks to queue
[2025-10-24T09:12:14.554+0000] {logging_mixin.py:188} INFO - [2025-10-24T09:12:14.554+0000] {dagbag.py:540} INFO - Filling up the DagBag from /opt/airflow/dags/silver_layer_dag.py
[2025-10-24T09:12:14.692+0000] {processor.py:840} INFO - DAG(s) 'silver_layer_dag' retrieved from /opt/airflow/dags/silver_layer_dag.py
[2025-10-24T09:12:14.712+0000] {logging_mixin.py:188} INFO - [2025-10-24T09:12:14.712+0000] {dag.py:3096} INFO - Sync 1 DAGs
[2025-10-24T09:12:14.723+0000] {logging_mixin.py:188} INFO - [2025-10-24T09:12:14.723+0000] {dag.py:3954} INFO - Setting next_dagrun for silver_layer_dag to None, run_after=None
[2025-10-24T09:12:14.739+0000] {processor.py:183} INFO - Processing /opt/airflow/dags/silver_layer_dag.py took 0.192 seconds
[2025-10-24T09:12:44.797+0000] {processor.py:161} INFO - Started process (PID=261) to work on /opt/airflow/dags/silver_layer_dag.py
[2025-10-24T09:12:44.798+0000] {processor.py:830} INFO - Processing file /opt/airflow/dags/silver_layer_dag.py for tasks to queue
[2025-10-24T09:12:44.799+0000] {logging_mixin.py:188} INFO - [2025-10-24T09:12:44.798+0000] {dagbag.py:540} INFO - Filling up the DagBag from /opt/airflow/dags/silver_layer_dag.py
[2025-10-24T09:12:44.921+0000] {processor.py:840} INFO - DAG(s) 'silver_layer_dag' retrieved from /opt/airflow/dags/silver_layer_dag.py
[2025-10-24T09:12:44.942+0000] {logging_mixin.py:188} INFO - [2025-10-24T09:12:44.942+0000] {dag.py:3096} INFO - Sync 1 DAGs
[2025-10-24T09:12:44.952+0000] {logging_mixin.py:188} INFO - [2025-10-24T09:12:44.952+0000] {dag.py:3954} INFO - Setting next_dagrun for silver_layer_dag to None, run_after=None
[2025-10-24T09:12:44.965+0000] {processor.py:183} INFO - Processing /opt/airflow/dags/silver_layer_dag.py took 0.172 seconds
[2025-10-24T09:13:15.295+0000] {processor.py:161} INFO - Started process (PID=265) to work on /opt/airflow/dags/silver_layer_dag.py
[2025-10-24T09:13:15.296+0000] {processor.py:830} INFO - Processing file /opt/airflow/dags/silver_layer_dag.py for tasks to queue
[2025-10-24T09:13:15.297+0000] {logging_mixin.py:188} INFO - [2025-10-24T09:13:15.296+0000] {dagbag.py:540} INFO - Filling up the DagBag from /opt/airflow/dags/silver_layer_dag.py
[2025-10-24T09:13:15.416+0000] {processor.py:840} INFO - DAG(s) 'silver_layer_dag' retrieved from /opt/airflow/dags/silver_layer_dag.py
[2025-10-24T09:13:15.434+0000] {logging_mixin.py:188} INFO - [2025-10-24T09:13:15.434+0000] {dag.py:3096} INFO - Sync 1 DAGs
[2025-10-24T09:13:15.443+0000] {logging_mixin.py:188} INFO - [2025-10-24T09:13:15.443+0000] {dag.py:3954} INFO - Setting next_dagrun for silver_layer_dag to None, run_after=None
[2025-10-24T09:13:15.457+0000] {processor.py:183} INFO - Processing /opt/airflow/dags/silver_layer_dag.py took 0.166 seconds
[2025-10-24T09:13:45.805+0000] {processor.py:161} INFO - Started process (PID=269) to work on /opt/airflow/dags/silver_layer_dag.py
[2025-10-24T09:13:45.806+0000] {processor.py:830} INFO - Processing file /opt/airflow/dags/silver_layer_dag.py for tasks to queue
[2025-10-24T09:13:45.807+0000] {logging_mixin.py:188} INFO - [2025-10-24T09:13:45.806+0000] {dagbag.py:540} INFO - Filling up the DagBag from /opt/airflow/dags/silver_layer_dag.py
[2025-10-24T09:13:45.931+0000] {processor.py:840} INFO - DAG(s) 'silver_layer_dag' retrieved from /opt/airflow/dags/silver_layer_dag.py
[2025-10-24T09:13:45.949+0000] {logging_mixin.py:188} INFO - [2025-10-24T09:13:45.949+0000] {dag.py:3096} INFO - Sync 1 DAGs
[2025-10-24T09:13:45.958+0000] {logging_mixin.py:188} INFO - [2025-10-24T09:13:45.958+0000] {dag.py:3954} INFO - Setting next_dagrun for silver_layer_dag to None, run_after=None
[2025-10-24T09:13:45.972+0000] {processor.py:183} INFO - Processing /opt/airflow/dags/silver_layer_dag.py took 0.171 seconds
[2025-10-24T09:14:16.261+0000] {processor.py:161} INFO - Started process (PID=273) to work on /opt/airflow/dags/silver_layer_dag.py
[2025-10-24T09:14:16.261+0000] {processor.py:830} INFO - Processing file /opt/airflow/dags/silver_layer_dag.py for tasks to queue
[2025-10-24T09:14:16.262+0000] {logging_mixin.py:188} INFO - [2025-10-24T09:14:16.262+0000] {dagbag.py:540} INFO - Filling up the DagBag from /opt/airflow/dags/silver_layer_dag.py
[2025-10-24T09:14:16.399+0000] {processor.py:840} INFO - DAG(s) 'silver_layer_dag' retrieved from /opt/airflow/dags/silver_layer_dag.py
[2025-10-24T09:14:16.418+0000] {logging_mixin.py:188} INFO - [2025-10-24T09:14:16.418+0000] {dag.py:3096} INFO - Sync 1 DAGs
[2025-10-24T09:14:16.428+0000] {logging_mixin.py:188} INFO - [2025-10-24T09:14:16.428+0000] {dag.py:3954} INFO - Setting next_dagrun for silver_layer_dag to None, run_after=None
[2025-10-24T09:14:16.443+0000] {processor.py:183} INFO - Processing /opt/airflow/dags/silver_layer_dag.py took 0.187 seconds
[2025-10-24T09:14:46.656+0000] {processor.py:161} INFO - Started process (PID=277) to work on /opt/airflow/dags/silver_layer_dag.py
[2025-10-24T09:14:46.657+0000] {processor.py:830} INFO - Processing file /opt/airflow/dags/silver_layer_dag.py for tasks to queue
[2025-10-24T09:14:46.658+0000] {logging_mixin.py:188} INFO - [2025-10-24T09:14:46.657+0000] {dagbag.py:540} INFO - Filling up the DagBag from /opt/airflow/dags/silver_layer_dag.py
[2025-10-24T09:14:46.786+0000] {processor.py:840} INFO - DAG(s) 'silver_layer_dag' retrieved from /opt/airflow/dags/silver_layer_dag.py
[2025-10-24T09:14:46.805+0000] {logging_mixin.py:188} INFO - [2025-10-24T09:14:46.805+0000] {dag.py:3096} INFO - Sync 1 DAGs
[2025-10-24T09:14:46.818+0000] {logging_mixin.py:188} INFO - [2025-10-24T09:14:46.818+0000] {dag.py:3954} INFO - Setting next_dagrun for silver_layer_dag to None, run_after=None
[2025-10-24T09:14:46.833+0000] {processor.py:183} INFO - Processing /opt/airflow/dags/silver_layer_dag.py took 0.182 seconds
[2025-10-24T09:15:17.127+0000] {processor.py:161} INFO - Started process (PID=281) to work on /opt/airflow/dags/silver_layer_dag.py
[2025-10-24T09:15:17.128+0000] {processor.py:830} INFO - Processing file /opt/airflow/dags/silver_layer_dag.py for tasks to queue
[2025-10-24T09:15:17.128+0000] {logging_mixin.py:188} INFO - [2025-10-24T09:15:17.128+0000] {dagbag.py:540} INFO - Filling up the DagBag from /opt/airflow/dags/silver_layer_dag.py
[2025-10-24T09:15:17.252+0000] {processor.py:840} INFO - DAG(s) 'silver_layer_dag' retrieved from /opt/airflow/dags/silver_layer_dag.py
[2025-10-24T09:15:17.270+0000] {logging_mixin.py:188} INFO - [2025-10-24T09:15:17.270+0000] {dag.py:3096} INFO - Sync 1 DAGs
[2025-10-24T09:15:17.280+0000] {logging_mixin.py:188} INFO - [2025-10-24T09:15:17.280+0000] {dag.py:3954} INFO - Setting next_dagrun for silver_layer_dag to None, run_after=None
[2025-10-24T09:15:17.293+0000] {processor.py:183} INFO - Processing /opt/airflow/dags/silver_layer_dag.py took 0.171 seconds
[2025-10-24T09:15:47.488+0000] {processor.py:161} INFO - Started process (PID=285) to work on /opt/airflow/dags/silver_layer_dag.py
[2025-10-24T09:15:47.489+0000] {processor.py:830} INFO - Processing file /opt/airflow/dags/silver_layer_dag.py for tasks to queue
[2025-10-24T09:15:47.490+0000] {logging_mixin.py:188} INFO - [2025-10-24T09:15:47.489+0000] {dagbag.py:540} INFO - Filling up the DagBag from /opt/airflow/dags/silver_layer_dag.py
[2025-10-24T09:15:47.612+0000] {processor.py:840} INFO - DAG(s) 'silver_layer_dag' retrieved from /opt/airflow/dags/silver_layer_dag.py
[2025-10-24T09:15:47.630+0000] {logging_mixin.py:188} INFO - [2025-10-24T09:15:47.630+0000] {dag.py:3096} INFO - Sync 1 DAGs
[2025-10-24T09:15:47.640+0000] {logging_mixin.py:188} INFO - [2025-10-24T09:15:47.640+0000] {dag.py:3954} INFO - Setting next_dagrun for silver_layer_dag to None, run_after=None
[2025-10-24T09:15:47.655+0000] {processor.py:183} INFO - Processing /opt/airflow/dags/silver_layer_dag.py took 0.171 seconds
[2025-10-24T09:16:17.912+0000] {processor.py:161} INFO - Started process (PID=289) to work on /opt/airflow/dags/silver_layer_dag.py
[2025-10-24T09:16:17.912+0000] {processor.py:830} INFO - Processing file /opt/airflow/dags/silver_layer_dag.py for tasks to queue
[2025-10-24T09:16:17.913+0000] {logging_mixin.py:188} INFO - [2025-10-24T09:16:17.913+0000] {dagbag.py:540} INFO - Filling up the DagBag from /opt/airflow/dags/silver_layer_dag.py
[2025-10-24T09:16:18.038+0000] {processor.py:840} INFO - DAG(s) 'silver_layer_dag' retrieved from /opt/airflow/dags/silver_layer_dag.py
[2025-10-24T09:16:18.057+0000] {logging_mixin.py:188} INFO - [2025-10-24T09:16:18.057+0000] {dag.py:3096} INFO - Sync 1 DAGs
[2025-10-24T09:16:18.067+0000] {logging_mixin.py:188} INFO - [2025-10-24T09:16:18.067+0000] {dag.py:3954} INFO - Setting next_dagrun for silver_layer_dag to None, run_after=None
[2025-10-24T09:16:18.082+0000] {processor.py:183} INFO - Processing /opt/airflow/dags/silver_layer_dag.py took 0.175 seconds
[2025-10-24T09:16:48.153+0000] {processor.py:161} INFO - Started process (PID=293) to work on /opt/airflow/dags/silver_layer_dag.py
[2025-10-24T09:16:48.154+0000] {processor.py:830} INFO - Processing file /opt/airflow/dags/silver_layer_dag.py for tasks to queue
[2025-10-24T09:16:48.154+0000] {logging_mixin.py:188} INFO - [2025-10-24T09:16:48.154+0000] {dagbag.py:540} INFO - Filling up the DagBag from /opt/airflow/dags/silver_layer_dag.py
[2025-10-24T09:16:48.271+0000] {processor.py:840} INFO - DAG(s) 'silver_layer_dag' retrieved from /opt/airflow/dags/silver_layer_dag.py
[2025-10-24T09:16:48.287+0000] {logging_mixin.py:188} INFO - [2025-10-24T09:16:48.287+0000] {dag.py:3096} INFO - Sync 1 DAGs
[2025-10-24T09:16:48.296+0000] {logging_mixin.py:188} INFO - [2025-10-24T09:16:48.296+0000] {dag.py:3954} INFO - Setting next_dagrun for silver_layer_dag to None, run_after=None
[2025-10-24T09:16:48.309+0000] {processor.py:183} INFO - Processing /opt/airflow/dags/silver_layer_dag.py took 0.160 seconds
[2025-10-24T09:17:18.623+0000] {processor.py:161} INFO - Started process (PID=297) to work on /opt/airflow/dags/silver_layer_dag.py
[2025-10-24T09:17:18.623+0000] {processor.py:830} INFO - Processing file /opt/airflow/dags/silver_layer_dag.py for tasks to queue
[2025-10-24T09:17:18.624+0000] {logging_mixin.py:188} INFO - [2025-10-24T09:17:18.624+0000] {dagbag.py:540} INFO - Filling up the DagBag from /opt/airflow/dags/silver_layer_dag.py
[2025-10-24T09:17:18.748+0000] {processor.py:840} INFO - DAG(s) 'silver_layer_dag' retrieved from /opt/airflow/dags/silver_layer_dag.py
[2025-10-24T09:17:18.766+0000] {logging_mixin.py:188} INFO - [2025-10-24T09:17:18.766+0000] {dag.py:3096} INFO - Sync 1 DAGs
[2025-10-24T09:17:18.776+0000] {logging_mixin.py:188} INFO - [2025-10-24T09:17:18.776+0000] {dag.py:3954} INFO - Setting next_dagrun for silver_layer_dag to None, run_after=None
[2025-10-24T09:17:18.791+0000] {processor.py:183} INFO - Processing /opt/airflow/dags/silver_layer_dag.py took 0.173 seconds
[2025-10-24T09:17:49.672+0000] {processor.py:161} INFO - Started process (PID=301) to work on /opt/airflow/dags/silver_layer_dag.py
[2025-10-24T09:17:49.672+0000] {processor.py:830} INFO - Processing file /opt/airflow/dags/silver_layer_dag.py for tasks to queue
[2025-10-24T09:17:49.673+0000] {logging_mixin.py:188} INFO - [2025-10-24T09:17:49.673+0000] {dagbag.py:540} INFO - Filling up the DagBag from /opt/airflow/dags/silver_layer_dag.py
[2025-10-24T09:17:49.788+0000] {processor.py:840} INFO - DAG(s) 'silver_layer_dag' retrieved from /opt/airflow/dags/silver_layer_dag.py
[2025-10-24T09:17:49.805+0000] {logging_mixin.py:188} INFO - [2025-10-24T09:17:49.804+0000] {dag.py:3096} INFO - Sync 1 DAGs
[2025-10-24T09:17:49.813+0000] {logging_mixin.py:188} INFO - [2025-10-24T09:17:49.813+0000] {dag.py:3954} INFO - Setting next_dagrun for silver_layer_dag to None, run_after=None
[2025-10-24T09:17:49.826+0000] {processor.py:183} INFO - Processing /opt/airflow/dags/silver_layer_dag.py took 0.159 seconds
[2025-10-24T09:18:20.292+0000] {processor.py:161} INFO - Started process (PID=304) to work on /opt/airflow/dags/silver_layer_dag.py
[2025-10-24T09:18:20.292+0000] {processor.py:830} INFO - Processing file /opt/airflow/dags/silver_layer_dag.py for tasks to queue
[2025-10-24T09:18:20.293+0000] {logging_mixin.py:188} INFO - [2025-10-24T09:18:20.293+0000] {dagbag.py:540} INFO - Filling up the DagBag from /opt/airflow/dags/silver_layer_dag.py
[2025-10-24T09:18:20.425+0000] {processor.py:840} INFO - DAG(s) 'silver_layer_dag' retrieved from /opt/airflow/dags/silver_layer_dag.py
[2025-10-24T09:18:20.442+0000] {logging_mixin.py:188} INFO - [2025-10-24T09:18:20.442+0000] {dag.py:3096} INFO - Sync 1 DAGs
[2025-10-24T09:18:20.451+0000] {logging_mixin.py:188} INFO - [2025-10-24T09:18:20.451+0000] {dag.py:3954} INFO - Setting next_dagrun for silver_layer_dag to None, run_after=None
[2025-10-24T09:18:20.465+0000] {processor.py:183} INFO - Processing /opt/airflow/dags/silver_layer_dag.py took 0.178 seconds
[2025-10-24T09:18:51.921+0000] {processor.py:161} INFO - Started process (PID=308) to work on /opt/airflow/dags/silver_layer_dag.py
[2025-10-24T09:18:51.922+0000] {processor.py:830} INFO - Processing file /opt/airflow/dags/silver_layer_dag.py for tasks to queue
[2025-10-24T09:18:51.922+0000] {logging_mixin.py:188} INFO - [2025-10-24T09:18:51.922+0000] {dagbag.py:540} INFO - Filling up the DagBag from /opt/airflow/dags/silver_layer_dag.py
[2025-10-24T09:18:52.042+0000] {processor.py:840} INFO - DAG(s) 'silver_layer_dag' retrieved from /opt/airflow/dags/silver_layer_dag.py
[2025-10-24T09:18:52.057+0000] {logging_mixin.py:188} INFO - [2025-10-24T09:18:52.057+0000] {dag.py:3096} INFO - Sync 1 DAGs
[2025-10-24T09:18:52.066+0000] {logging_mixin.py:188} INFO - [2025-10-24T09:18:52.066+0000] {dag.py:3954} INFO - Setting next_dagrun for silver_layer_dag to None, run_after=None
[2025-10-24T09:18:52.078+0000] {processor.py:183} INFO - Processing /opt/airflow/dags/silver_layer_dag.py took 0.161 seconds
[2025-10-24T09:19:24.699+0000] {processor.py:161} INFO - Started process (PID=312) to work on /opt/airflow/dags/silver_layer_dag.py
[2025-10-24T09:19:24.700+0000] {processor.py:830} INFO - Processing file /opt/airflow/dags/silver_layer_dag.py for tasks to queue
[2025-10-24T09:19:24.701+0000] {logging_mixin.py:188} INFO - [2025-10-24T09:19:24.700+0000] {dagbag.py:540} INFO - Filling up the DagBag from /opt/airflow/dags/silver_layer_dag.py
[2025-10-24T09:19:24.825+0000] {processor.py:840} INFO - DAG(s) 'silver_layer_dag' retrieved from /opt/airflow/dags/silver_layer_dag.py
[2025-10-24T09:19:24.841+0000] {logging_mixin.py:188} INFO - [2025-10-24T09:19:24.841+0000] {dag.py:3096} INFO - Sync 1 DAGs
[2025-10-24T09:19:24.849+0000] {logging_mixin.py:188} INFO - [2025-10-24T09:19:24.849+0000] {dag.py:3954} INFO - Setting next_dagrun for silver_layer_dag to None, run_after=None
[2025-10-24T09:19:24.862+0000] {processor.py:183} INFO - Processing /opt/airflow/dags/silver_layer_dag.py took 0.167 seconds
[2025-10-24T09:19:56.578+0000] {processor.py:161} INFO - Started process (PID=316) to work on /opt/airflow/dags/silver_layer_dag.py
[2025-10-24T09:19:56.578+0000] {processor.py:830} INFO - Processing file /opt/airflow/dags/silver_layer_dag.py for tasks to queue
[2025-10-24T09:19:56.579+0000] {logging_mixin.py:188} INFO - [2025-10-24T09:19:56.579+0000] {dagbag.py:540} INFO - Filling up the DagBag from /opt/airflow/dags/silver_layer_dag.py
[2025-10-24T09:19:56.705+0000] {processor.py:840} INFO - DAG(s) 'silver_layer_dag' retrieved from /opt/airflow/dags/silver_layer_dag.py
[2025-10-24T09:19:56.721+0000] {logging_mixin.py:188} INFO - [2025-10-24T09:19:56.721+0000] {dag.py:3096} INFO - Sync 1 DAGs
[2025-10-24T09:19:56.730+0000] {logging_mixin.py:188} INFO - [2025-10-24T09:19:56.730+0000] {dag.py:3954} INFO - Setting next_dagrun for silver_layer_dag to None, run_after=None
[2025-10-24T09:19:56.742+0000] {processor.py:183} INFO - Processing /opt/airflow/dags/silver_layer_dag.py took 0.169 seconds
[2025-10-24T09:20:28.825+0000] {processor.py:161} INFO - Started process (PID=321) to work on /opt/airflow/dags/silver_layer_dag.py
[2025-10-24T09:20:28.826+0000] {processor.py:830} INFO - Processing file /opt/airflow/dags/silver_layer_dag.py for tasks to queue
[2025-10-24T09:20:28.827+0000] {logging_mixin.py:188} INFO - [2025-10-24T09:20:28.826+0000] {dagbag.py:540} INFO - Filling up the DagBag from /opt/airflow/dags/silver_layer_dag.py
[2025-10-24T09:20:28.949+0000] {processor.py:840} INFO - DAG(s) 'silver_layer_dag' retrieved from /opt/airflow/dags/silver_layer_dag.py
[2025-10-24T09:20:28.968+0000] {logging_mixin.py:188} INFO - [2025-10-24T09:20:28.967+0000] {dag.py:3096} INFO - Sync 1 DAGs
[2025-10-24T09:20:28.979+0000] {logging_mixin.py:188} INFO - [2025-10-24T09:20:28.978+0000] {dag.py:3954} INFO - Setting next_dagrun for silver_layer_dag to None, run_after=None
[2025-10-24T09:20:28.996+0000] {processor.py:183} INFO - Processing /opt/airflow/dags/silver_layer_dag.py took 0.176 seconds
[2025-10-24T09:20:59.645+0000] {processor.py:161} INFO - Started process (PID=324) to work on /opt/airflow/dags/silver_layer_dag.py
[2025-10-24T09:20:59.646+0000] {processor.py:830} INFO - Processing file /opt/airflow/dags/silver_layer_dag.py for tasks to queue
[2025-10-24T09:20:59.646+0000] {logging_mixin.py:188} INFO - [2025-10-24T09:20:59.646+0000] {dagbag.py:540} INFO - Filling up the DagBag from /opt/airflow/dags/silver_layer_dag.py
[2025-10-24T09:20:59.765+0000] {processor.py:840} INFO - DAG(s) 'silver_layer_dag' retrieved from /opt/airflow/dags/silver_layer_dag.py
[2025-10-24T09:20:59.781+0000] {logging_mixin.py:188} INFO - [2025-10-24T09:20:59.780+0000] {dag.py:3096} INFO - Sync 1 DAGs
[2025-10-24T09:20:59.788+0000] {logging_mixin.py:188} INFO - [2025-10-24T09:20:59.788+0000] {dag.py:3954} INFO - Setting next_dagrun for silver_layer_dag to None, run_after=None
[2025-10-24T09:20:59.801+0000] {processor.py:183} INFO - Processing /opt/airflow/dags/silver_layer_dag.py took 0.160 seconds
[2025-10-24T09:21:31.345+0000] {processor.py:161} INFO - Started process (PID=328) to work on /opt/airflow/dags/silver_layer_dag.py
[2025-10-24T09:21:31.346+0000] {processor.py:830} INFO - Processing file /opt/airflow/dags/silver_layer_dag.py for tasks to queue
[2025-10-24T09:21:31.346+0000] {logging_mixin.py:188} INFO - [2025-10-24T09:21:31.346+0000] {dagbag.py:540} INFO - Filling up the DagBag from /opt/airflow/dags/silver_layer_dag.py
[2025-10-24T09:21:31.477+0000] {processor.py:840} INFO - DAG(s) 'silver_layer_dag' retrieved from /opt/airflow/dags/silver_layer_dag.py
[2025-10-24T09:21:31.493+0000] {logging_mixin.py:188} INFO - [2025-10-24T09:21:31.493+0000] {dag.py:3096} INFO - Sync 1 DAGs
[2025-10-24T09:21:31.501+0000] {logging_mixin.py:188} INFO - [2025-10-24T09:21:31.501+0000] {dag.py:3954} INFO - Setting next_dagrun for silver_layer_dag to None, run_after=None
[2025-10-24T09:21:31.519+0000] {processor.py:183} INFO - Processing /opt/airflow/dags/silver_layer_dag.py took 0.179 seconds
[2025-10-24T09:22:03.783+0000] {processor.py:161} INFO - Started process (PID=332) to work on /opt/airflow/dags/silver_layer_dag.py
[2025-10-24T09:22:03.784+0000] {processor.py:830} INFO - Processing file /opt/airflow/dags/silver_layer_dag.py for tasks to queue
[2025-10-24T09:22:03.785+0000] {logging_mixin.py:188} INFO - [2025-10-24T09:22:03.785+0000] {dagbag.py:540} INFO - Filling up the DagBag from /opt/airflow/dags/silver_layer_dag.py
[2025-10-24T09:22:03.902+0000] {processor.py:840} INFO - DAG(s) 'silver_layer_dag' retrieved from /opt/airflow/dags/silver_layer_dag.py
[2025-10-24T09:22:03.917+0000] {logging_mixin.py:188} INFO - [2025-10-24T09:22:03.916+0000] {dag.py:3096} INFO - Sync 1 DAGs
[2025-10-24T09:22:03.925+0000] {logging_mixin.py:188} INFO - [2025-10-24T09:22:03.925+0000] {dag.py:3954} INFO - Setting next_dagrun for silver_layer_dag to None, run_after=None
[2025-10-24T09:22:03.938+0000] {processor.py:183} INFO - Processing /opt/airflow/dags/silver_layer_dag.py took 0.160 seconds
[2025-10-24T09:22:35.942+0000] {processor.py:161} INFO - Started process (PID=336) to work on /opt/airflow/dags/silver_layer_dag.py
[2025-10-24T09:22:35.943+0000] {processor.py:830} INFO - Processing file /opt/airflow/dags/silver_layer_dag.py for tasks to queue
[2025-10-24T09:22:35.944+0000] {logging_mixin.py:188} INFO - [2025-10-24T09:22:35.943+0000] {dagbag.py:540} INFO - Filling up the DagBag from /opt/airflow/dags/silver_layer_dag.py
[2025-10-24T09:22:36.067+0000] {processor.py:840} INFO - DAG(s) 'silver_layer_dag' retrieved from /opt/airflow/dags/silver_layer_dag.py
[2025-10-24T09:22:36.087+0000] {logging_mixin.py:188} INFO - [2025-10-24T09:22:36.087+0000] {dag.py:3096} INFO - Sync 1 DAGs
[2025-10-24T09:22:36.098+0000] {logging_mixin.py:188} INFO - [2025-10-24T09:22:36.098+0000] {dag.py:3954} INFO - Setting next_dagrun for silver_layer_dag to None, run_after=None
[2025-10-24T09:22:36.113+0000] {processor.py:183} INFO - Processing /opt/airflow/dags/silver_layer_dag.py took 0.176 seconds
[2025-10-24T09:23:08.796+0000] {processor.py:161} INFO - Started process (PID=340) to work on /opt/airflow/dags/silver_layer_dag.py
[2025-10-24T09:23:08.797+0000] {processor.py:830} INFO - Processing file /opt/airflow/dags/silver_layer_dag.py for tasks to queue
[2025-10-24T09:23:08.798+0000] {logging_mixin.py:188} INFO - [2025-10-24T09:23:08.798+0000] {dagbag.py:540} INFO - Filling up the DagBag from /opt/airflow/dags/silver_layer_dag.py
[2025-10-24T09:23:08.927+0000] {processor.py:840} INFO - DAG(s) 'silver_layer_dag' retrieved from /opt/airflow/dags/silver_layer_dag.py
[2025-10-24T09:23:08.948+0000] {logging_mixin.py:188} INFO - [2025-10-24T09:23:08.948+0000] {dag.py:3096} INFO - Sync 1 DAGs
[2025-10-24T09:23:08.959+0000] {logging_mixin.py:188} INFO - [2025-10-24T09:23:08.959+0000] {dag.py:3954} INFO - Setting next_dagrun for silver_layer_dag to None, run_after=None
[2025-10-24T09:23:08.974+0000] {processor.py:183} INFO - Processing /opt/airflow/dags/silver_layer_dag.py took 0.182 seconds
[2025-10-24T09:23:40.528+0000] {processor.py:161} INFO - Started process (PID=344) to work on /opt/airflow/dags/silver_layer_dag.py
[2025-10-24T09:23:40.529+0000] {processor.py:830} INFO - Processing file /opt/airflow/dags/silver_layer_dag.py for tasks to queue
[2025-10-24T09:23:40.529+0000] {logging_mixin.py:188} INFO - [2025-10-24T09:23:40.529+0000] {dagbag.py:540} INFO - Filling up the DagBag from /opt/airflow/dags/silver_layer_dag.py
[2025-10-24T09:23:40.655+0000] {processor.py:840} INFO - DAG(s) 'silver_layer_dag' retrieved from /opt/airflow/dags/silver_layer_dag.py
[2025-10-24T09:23:40.673+0000] {logging_mixin.py:188} INFO - [2025-10-24T09:23:40.673+0000] {dag.py:3096} INFO - Sync 1 DAGs
[2025-10-24T09:23:40.682+0000] {logging_mixin.py:188} INFO - [2025-10-24T09:23:40.682+0000] {dag.py:3954} INFO - Setting next_dagrun for silver_layer_dag to None, run_after=None
[2025-10-24T09:23:40.696+0000] {processor.py:183} INFO - Processing /opt/airflow/dags/silver_layer_dag.py took 0.173 seconds
[2025-10-24T09:24:13.248+0000] {processor.py:161} INFO - Started process (PID=348) to work on /opt/airflow/dags/silver_layer_dag.py
[2025-10-24T09:24:13.248+0000] {processor.py:830} INFO - Processing file /opt/airflow/dags/silver_layer_dag.py for tasks to queue
[2025-10-24T09:24:13.249+0000] {logging_mixin.py:188} INFO - [2025-10-24T09:24:13.249+0000] {dagbag.py:540} INFO - Filling up the DagBag from /opt/airflow/dags/silver_layer_dag.py
[2025-10-24T09:24:13.366+0000] {processor.py:840} INFO - DAG(s) 'silver_layer_dag' retrieved from /opt/airflow/dags/silver_layer_dag.py
[2025-10-24T09:24:13.383+0000] {logging_mixin.py:188} INFO - [2025-10-24T09:24:13.383+0000] {dag.py:3096} INFO - Sync 1 DAGs
[2025-10-24T09:24:13.393+0000] {logging_mixin.py:188} INFO - [2025-10-24T09:24:13.393+0000] {dag.py:3954} INFO - Setting next_dagrun for silver_layer_dag to None, run_after=None
[2025-10-24T09:24:13.406+0000] {processor.py:183} INFO - Processing /opt/airflow/dags/silver_layer_dag.py took 0.163 seconds
[2025-10-24T09:24:45.399+0000] {processor.py:161} INFO - Started process (PID=352) to work on /opt/airflow/dags/silver_layer_dag.py
[2025-10-24T09:24:45.400+0000] {processor.py:830} INFO - Processing file /opt/airflow/dags/silver_layer_dag.py for tasks to queue
[2025-10-24T09:24:45.400+0000] {logging_mixin.py:188} INFO - [2025-10-24T09:24:45.400+0000] {dagbag.py:540} INFO - Filling up the DagBag from /opt/airflow/dags/silver_layer_dag.py
[2025-10-24T09:24:45.552+0000] {processor.py:840} INFO - DAG(s) 'silver_layer_dag' retrieved from /opt/airflow/dags/silver_layer_dag.py
[2025-10-24T09:24:45.574+0000] {logging_mixin.py:188} INFO - [2025-10-24T09:24:45.574+0000] {dag.py:3096} INFO - Sync 1 DAGs
[2025-10-24T09:24:45.585+0000] {logging_mixin.py:188} INFO - [2025-10-24T09:24:45.585+0000] {dag.py:3954} INFO - Setting next_dagrun for silver_layer_dag to None, run_after=None
[2025-10-24T09:24:45.600+0000] {processor.py:183} INFO - Processing /opt/airflow/dags/silver_layer_dag.py took 0.206 seconds
[2025-10-24T09:25:18.362+0000] {processor.py:161} INFO - Started process (PID=356) to work on /opt/airflow/dags/silver_layer_dag.py
[2025-10-24T09:25:18.363+0000] {processor.py:830} INFO - Processing file /opt/airflow/dags/silver_layer_dag.py for tasks to queue
[2025-10-24T09:25:18.364+0000] {logging_mixin.py:188} INFO - [2025-10-24T09:25:18.364+0000] {dagbag.py:540} INFO - Filling up the DagBag from /opt/airflow/dags/silver_layer_dag.py
[2025-10-24T09:25:18.483+0000] {processor.py:840} INFO - DAG(s) 'silver_layer_dag' retrieved from /opt/airflow/dags/silver_layer_dag.py
[2025-10-24T09:25:18.501+0000] {logging_mixin.py:188} INFO - [2025-10-24T09:25:18.501+0000] {dag.py:3096} INFO - Sync 1 DAGs
[2025-10-24T09:25:18.510+0000] {logging_mixin.py:188} INFO - [2025-10-24T09:25:18.510+0000] {dag.py:3954} INFO - Setting next_dagrun for silver_layer_dag to None, run_after=None
[2025-10-24T09:25:18.523+0000] {processor.py:183} INFO - Processing /opt/airflow/dags/silver_layer_dag.py took 0.166 seconds
[2025-10-24T09:25:50.119+0000] {processor.py:161} INFO - Started process (PID=360) to work on /opt/airflow/dags/silver_layer_dag.py
[2025-10-24T09:25:50.120+0000] {processor.py:830} INFO - Processing file /opt/airflow/dags/silver_layer_dag.py for tasks to queue
[2025-10-24T09:25:50.120+0000] {logging_mixin.py:188} INFO - [2025-10-24T09:25:50.120+0000] {dagbag.py:540} INFO - Filling up the DagBag from /opt/airflow/dags/silver_layer_dag.py
[2025-10-24T09:25:50.237+0000] {processor.py:840} INFO - DAG(s) 'silver_layer_dag' retrieved from /opt/airflow/dags/silver_layer_dag.py
[2025-10-24T09:25:50.255+0000] {logging_mixin.py:188} INFO - [2025-10-24T09:25:50.254+0000] {dag.py:3096} INFO - Sync 1 DAGs
[2025-10-24T09:25:50.264+0000] {logging_mixin.py:188} INFO - [2025-10-24T09:25:50.263+0000] {dag.py:3954} INFO - Setting next_dagrun for silver_layer_dag to None, run_after=None
[2025-10-24T09:25:50.277+0000] {processor.py:183} INFO - Processing /opt/airflow/dags/silver_layer_dag.py took 0.162 seconds
[2025-10-24T09:26:22.836+0000] {processor.py:161} INFO - Started process (PID=364) to work on /opt/airflow/dags/silver_layer_dag.py
[2025-10-24T09:26:22.837+0000] {processor.py:830} INFO - Processing file /opt/airflow/dags/silver_layer_dag.py for tasks to queue
[2025-10-24T09:26:22.838+0000] {logging_mixin.py:188} INFO - [2025-10-24T09:26:22.838+0000] {dagbag.py:540} INFO - Filling up the DagBag from /opt/airflow/dags/silver_layer_dag.py
[2025-10-24T09:26:22.960+0000] {processor.py:840} INFO - DAG(s) 'silver_layer_dag' retrieved from /opt/airflow/dags/silver_layer_dag.py
[2025-10-24T09:26:22.979+0000] {logging_mixin.py:188} INFO - [2025-10-24T09:26:22.979+0000] {dag.py:3096} INFO - Sync 1 DAGs
[2025-10-24T09:26:22.989+0000] {logging_mixin.py:188} INFO - [2025-10-24T09:26:22.988+0000] {dag.py:3954} INFO - Setting next_dagrun for silver_layer_dag to None, run_after=None
[2025-10-24T09:26:23.004+0000] {processor.py:183} INFO - Processing /opt/airflow/dags/silver_layer_dag.py took 0.172 seconds
[2025-10-24T09:26:53.791+0000] {processor.py:161} INFO - Started process (PID=368) to work on /opt/airflow/dags/silver_layer_dag.py
[2025-10-24T09:26:53.792+0000] {processor.py:830} INFO - Processing file /opt/airflow/dags/silver_layer_dag.py for tasks to queue
[2025-10-24T09:26:53.793+0000] {logging_mixin.py:188} INFO - [2025-10-24T09:26:53.793+0000] {dagbag.py:540} INFO - Filling up the DagBag from /opt/airflow/dags/silver_layer_dag.py
[2025-10-24T09:26:53.920+0000] {processor.py:840} INFO - DAG(s) 'silver_layer_dag' retrieved from /opt/airflow/dags/silver_layer_dag.py
[2025-10-24T09:26:53.940+0000] {logging_mixin.py:188} INFO - [2025-10-24T09:26:53.940+0000] {dag.py:3096} INFO - Sync 1 DAGs
[2025-10-24T09:26:53.950+0000] {logging_mixin.py:188} INFO - [2025-10-24T09:26:53.950+0000] {dag.py:3954} INFO - Setting next_dagrun for silver_layer_dag to None, run_after=None
[2025-10-24T09:26:53.965+0000] {processor.py:183} INFO - Processing /opt/airflow/dags/silver_layer_dag.py took 0.180 seconds
[2025-10-24T09:27:24.408+0000] {processor.py:161} INFO - Started process (PID=372) to work on /opt/airflow/dags/silver_layer_dag.py
[2025-10-24T09:27:24.409+0000] {processor.py:830} INFO - Processing file /opt/airflow/dags/silver_layer_dag.py for tasks to queue
[2025-10-24T09:27:24.410+0000] {logging_mixin.py:188} INFO - [2025-10-24T09:27:24.410+0000] {dagbag.py:540} INFO - Filling up the DagBag from /opt/airflow/dags/silver_layer_dag.py
[2025-10-24T09:27:24.537+0000] {processor.py:840} INFO - DAG(s) 'silver_layer_dag' retrieved from /opt/airflow/dags/silver_layer_dag.py
[2025-10-24T09:27:24.562+0000] {logging_mixin.py:188} INFO - [2025-10-24T09:27:24.562+0000] {dag.py:3096} INFO - Sync 1 DAGs
[2025-10-24T09:27:24.574+0000] {logging_mixin.py:188} INFO - [2025-10-24T09:27:24.574+0000] {dag.py:3954} INFO - Setting next_dagrun for silver_layer_dag to None, run_after=None
[2025-10-24T09:27:24.590+0000] {processor.py:183} INFO - Processing /opt/airflow/dags/silver_layer_dag.py took 0.186 seconds
[2025-10-24T09:27:55.130+0000] {processor.py:161} INFO - Started process (PID=376) to work on /opt/airflow/dags/silver_layer_dag.py
[2025-10-24T09:27:55.131+0000] {processor.py:830} INFO - Processing file /opt/airflow/dags/silver_layer_dag.py for tasks to queue
[2025-10-24T09:27:55.131+0000] {logging_mixin.py:188} INFO - [2025-10-24T09:27:55.131+0000] {dagbag.py:540} INFO - Filling up the DagBag from /opt/airflow/dags/silver_layer_dag.py
[2025-10-24T09:27:55.292+0000] {processor.py:840} INFO - DAG(s) 'silver_layer_dag' retrieved from /opt/airflow/dags/silver_layer_dag.py
[2025-10-24T09:27:55.318+0000] {logging_mixin.py:188} INFO - [2025-10-24T09:27:55.317+0000] {dag.py:3096} INFO - Sync 1 DAGs
[2025-10-24T09:27:55.328+0000] {logging_mixin.py:188} INFO - [2025-10-24T09:27:55.328+0000] {dag.py:3954} INFO - Setting next_dagrun for silver_layer_dag to None, run_after=None
[2025-10-24T09:27:55.343+0000] {processor.py:183} INFO - Processing /opt/airflow/dags/silver_layer_dag.py took 0.219 seconds
[2025-10-24T09:28:26.408+0000] {processor.py:161} INFO - Started process (PID=380) to work on /opt/airflow/dags/silver_layer_dag.py
[2025-10-24T09:28:26.408+0000] {processor.py:830} INFO - Processing file /opt/airflow/dags/silver_layer_dag.py for tasks to queue
[2025-10-24T09:28:26.409+0000] {logging_mixin.py:188} INFO - [2025-10-24T09:28:26.409+0000] {dagbag.py:540} INFO - Filling up the DagBag from /opt/airflow/dags/silver_layer_dag.py
[2025-10-24T09:28:26.527+0000] {processor.py:840} INFO - DAG(s) 'silver_layer_dag' retrieved from /opt/airflow/dags/silver_layer_dag.py
[2025-10-24T09:28:26.545+0000] {logging_mixin.py:188} INFO - [2025-10-24T09:28:26.545+0000] {dag.py:3096} INFO - Sync 1 DAGs
[2025-10-24T09:28:26.554+0000] {logging_mixin.py:188} INFO - [2025-10-24T09:28:26.553+0000] {dag.py:3954} INFO - Setting next_dagrun for silver_layer_dag to None, run_after=None
[2025-10-24T09:28:26.567+0000] {processor.py:183} INFO - Processing /opt/airflow/dags/silver_layer_dag.py took 0.164 seconds
[2025-10-24T09:28:57.231+0000] {processor.py:161} INFO - Started process (PID=384) to work on /opt/airflow/dags/silver_layer_dag.py
[2025-10-24T09:28:57.232+0000] {processor.py:830} INFO - Processing file /opt/airflow/dags/silver_layer_dag.py for tasks to queue
[2025-10-24T09:28:57.233+0000] {logging_mixin.py:188} INFO - [2025-10-24T09:28:57.233+0000] {dagbag.py:540} INFO - Filling up the DagBag from /opt/airflow/dags/silver_layer_dag.py
[2025-10-24T09:28:57.367+0000] {processor.py:840} INFO - DAG(s) 'silver_layer_dag' retrieved from /opt/airflow/dags/silver_layer_dag.py
[2025-10-24T09:28:57.389+0000] {logging_mixin.py:188} INFO - [2025-10-24T09:28:57.389+0000] {dag.py:3096} INFO - Sync 1 DAGs
[2025-10-24T09:28:57.400+0000] {logging_mixin.py:188} INFO - [2025-10-24T09:28:57.400+0000] {dag.py:3954} INFO - Setting next_dagrun for silver_layer_dag to None, run_after=None
[2025-10-24T09:28:57.417+0000] {processor.py:183} INFO - Processing /opt/airflow/dags/silver_layer_dag.py took 0.190 seconds
[2025-10-24T09:29:27.753+0000] {processor.py:161} INFO - Started process (PID=388) to work on /opt/airflow/dags/silver_layer_dag.py
[2025-10-24T09:29:27.754+0000] {processor.py:830} INFO - Processing file /opt/airflow/dags/silver_layer_dag.py for tasks to queue
[2025-10-24T09:29:27.755+0000] {logging_mixin.py:188} INFO - [2025-10-24T09:29:27.754+0000] {dagbag.py:540} INFO - Filling up the DagBag from /opt/airflow/dags/silver_layer_dag.py
[2025-10-24T09:29:27.875+0000] {processor.py:840} INFO - DAG(s) 'silver_layer_dag' retrieved from /opt/airflow/dags/silver_layer_dag.py
[2025-10-24T09:29:26.239+0000] {logging_mixin.py:188} INFO - [2025-10-24T09:29:26.239+0000] {dag.py:3096} INFO - Sync 1 DAGs
[2025-10-24T09:29:26.249+0000] {logging_mixin.py:188} INFO - [2025-10-24T09:29:26.249+0000] {dag.py:3954} INFO - Setting next_dagrun for silver_layer_dag to None, run_after=None
[2025-10-24T09:29:26.263+0000] {processor.py:183} INFO - Processing /opt/airflow/dags/silver_layer_dag.py took 0.166 seconds
[2025-10-24T09:29:56.955+0000] {processor.py:161} INFO - Started process (PID=392) to work on /opt/airflow/dags/silver_layer_dag.py
[2025-10-24T09:29:56.955+0000] {processor.py:830} INFO - Processing file /opt/airflow/dags/silver_layer_dag.py for tasks to queue
[2025-10-24T09:29:56.956+0000] {logging_mixin.py:188} INFO - [2025-10-24T09:29:56.956+0000] {dagbag.py:540} INFO - Filling up the DagBag from /opt/airflow/dags/silver_layer_dag.py
[2025-10-24T09:29:57.089+0000] {processor.py:840} INFO - DAG(s) 'silver_layer_dag' retrieved from /opt/airflow/dags/silver_layer_dag.py
[2025-10-24T09:29:57.109+0000] {logging_mixin.py:188} INFO - [2025-10-24T09:29:57.109+0000] {dag.py:3096} INFO - Sync 1 DAGs
[2025-10-24T09:29:57.119+0000] {logging_mixin.py:188} INFO - [2025-10-24T09:29:57.119+0000] {dag.py:3954} INFO - Setting next_dagrun for silver_layer_dag to None, run_after=None
[2025-10-24T09:29:57.133+0000] {processor.py:183} INFO - Processing /opt/airflow/dags/silver_layer_dag.py took 0.183 seconds
[2025-10-24T09:30:27.590+0000] {processor.py:161} INFO - Started process (PID=396) to work on /opt/airflow/dags/silver_layer_dag.py
[2025-10-24T09:30:27.591+0000] {processor.py:830} INFO - Processing file /opt/airflow/dags/silver_layer_dag.py for tasks to queue
[2025-10-24T09:30:27.592+0000] {logging_mixin.py:188} INFO - [2025-10-24T09:30:27.591+0000] {dagbag.py:540} INFO - Filling up the DagBag from /opt/airflow/dags/silver_layer_dag.py
[2025-10-24T09:30:27.719+0000] {processor.py:840} INFO - DAG(s) 'silver_layer_dag' retrieved from /opt/airflow/dags/silver_layer_dag.py
[2025-10-24T09:30:27.737+0000] {logging_mixin.py:188} INFO - [2025-10-24T09:30:27.737+0000] {dag.py:3096} INFO - Sync 1 DAGs
[2025-10-24T09:30:27.747+0000] {logging_mixin.py:188} INFO - [2025-10-24T09:30:27.747+0000] {dag.py:3954} INFO - Setting next_dagrun for silver_layer_dag to None, run_after=None
[2025-10-24T09:30:27.762+0000] {processor.py:183} INFO - Processing /opt/airflow/dags/silver_layer_dag.py took 0.176 seconds
[2025-10-24T09:30:58.008+0000] {processor.py:161} INFO - Started process (PID=400) to work on /opt/airflow/dags/silver_layer_dag.py
[2025-10-24T09:30:58.009+0000] {processor.py:830} INFO - Processing file /opt/airflow/dags/silver_layer_dag.py for tasks to queue
[2025-10-24T09:30:58.010+0000] {logging_mixin.py:188} INFO - [2025-10-24T09:30:58.010+0000] {dagbag.py:540} INFO - Filling up the DagBag from /opt/airflow/dags/silver_layer_dag.py
[2025-10-24T09:30:58.141+0000] {processor.py:840} INFO - DAG(s) 'silver_layer_dag' retrieved from /opt/airflow/dags/silver_layer_dag.py
[2025-10-24T09:30:58.157+0000] {logging_mixin.py:188} INFO - [2025-10-24T09:30:58.157+0000] {dag.py:3096} INFO - Sync 1 DAGs
[2025-10-24T09:30:58.166+0000] {logging_mixin.py:188} INFO - [2025-10-24T09:30:58.166+0000] {dag.py:3954} INFO - Setting next_dagrun for silver_layer_dag to None, run_after=None
[2025-10-24T09:30:58.181+0000] {processor.py:183} INFO - Processing /opt/airflow/dags/silver_layer_dag.py took 0.179 seconds
[2025-10-24T09:31:28.251+0000] {processor.py:161} INFO - Started process (PID=404) to work on /opt/airflow/dags/silver_layer_dag.py
[2025-10-24T09:31:28.252+0000] {processor.py:830} INFO - Processing file /opt/airflow/dags/silver_layer_dag.py for tasks to queue
[2025-10-24T09:31:28.252+0000] {logging_mixin.py:188} INFO - [2025-10-24T09:31:28.252+0000] {dagbag.py:540} INFO - Filling up the DagBag from /opt/airflow/dags/silver_layer_dag.py
[2025-10-24T09:31:28.378+0000] {processor.py:840} INFO - DAG(s) 'silver_layer_dag' retrieved from /opt/airflow/dags/silver_layer_dag.py
[2025-10-24T09:31:28.396+0000] {logging_mixin.py:188} INFO - [2025-10-24T09:31:28.396+0000] {dag.py:3096} INFO - Sync 1 DAGs
[2025-10-24T09:31:28.406+0000] {logging_mixin.py:188} INFO - [2025-10-24T09:31:28.406+0000] {dag.py:3954} INFO - Setting next_dagrun for silver_layer_dag to None, run_after=None
[2025-10-24T09:31:28.421+0000] {processor.py:183} INFO - Processing /opt/airflow/dags/silver_layer_dag.py took 0.175 seconds
[2025-10-24T09:31:58.964+0000] {processor.py:161} INFO - Started process (PID=408) to work on /opt/airflow/dags/silver_layer_dag.py
[2025-10-24T09:31:58.965+0000] {processor.py:830} INFO - Processing file /opt/airflow/dags/silver_layer_dag.py for tasks to queue
[2025-10-24T09:31:58.965+0000] {logging_mixin.py:188} INFO - [2025-10-24T09:31:58.965+0000] {dagbag.py:540} INFO - Filling up the DagBag from /opt/airflow/dags/silver_layer_dag.py
[2025-10-24T09:31:59.092+0000] {processor.py:840} INFO - DAG(s) 'silver_layer_dag' retrieved from /opt/airflow/dags/silver_layer_dag.py
[2025-10-24T09:31:59.111+0000] {logging_mixin.py:188} INFO - [2025-10-24T09:31:59.111+0000] {dag.py:3096} INFO - Sync 1 DAGs
[2025-10-24T09:31:59.121+0000] {logging_mixin.py:188} INFO - [2025-10-24T09:31:59.121+0000] {dag.py:3954} INFO - Setting next_dagrun for silver_layer_dag to None, run_after=None
[2025-10-24T09:31:59.135+0000] {processor.py:183} INFO - Processing /opt/airflow/dags/silver_layer_dag.py took 0.176 seconds
[2025-10-24T09:32:29.464+0000] {processor.py:161} INFO - Started process (PID=412) to work on /opt/airflow/dags/silver_layer_dag.py
[2025-10-24T09:32:29.465+0000] {processor.py:830} INFO - Processing file /opt/airflow/dags/silver_layer_dag.py for tasks to queue
[2025-10-24T09:32:29.466+0000] {logging_mixin.py:188} INFO - [2025-10-24T09:32:29.466+0000] {dagbag.py:540} INFO - Filling up the DagBag from /opt/airflow/dags/silver_layer_dag.py
[2025-10-24T09:32:29.603+0000] {processor.py:840} INFO - DAG(s) 'silver_layer_dag' retrieved from /opt/airflow/dags/silver_layer_dag.py
[2025-10-24T09:32:29.623+0000] {logging_mixin.py:188} INFO - [2025-10-24T09:32:29.623+0000] {dag.py:3096} INFO - Sync 1 DAGs
[2025-10-24T09:32:29.635+0000] {logging_mixin.py:188} INFO - [2025-10-24T09:32:29.635+0000] {dag.py:3954} INFO - Setting next_dagrun for silver_layer_dag to None, run_after=None
[2025-10-24T09:32:29.655+0000] {processor.py:183} INFO - Processing /opt/airflow/dags/silver_layer_dag.py took 0.196 seconds
[2025-10-24T09:33:00.070+0000] {processor.py:161} INFO - Started process (PID=416) to work on /opt/airflow/dags/silver_layer_dag.py
[2025-10-24T09:33:00.071+0000] {processor.py:830} INFO - Processing file /opt/airflow/dags/silver_layer_dag.py for tasks to queue
[2025-10-24T09:33:00.072+0000] {logging_mixin.py:188} INFO - [2025-10-24T09:33:00.072+0000] {dagbag.py:540} INFO - Filling up the DagBag from /opt/airflow/dags/silver_layer_dag.py
[2025-10-24T09:33:00.189+0000] {processor.py:840} INFO - DAG(s) 'silver_layer_dag' retrieved from /opt/airflow/dags/silver_layer_dag.py
[2025-10-24T09:33:00.206+0000] {logging_mixin.py:188} INFO - [2025-10-24T09:33:00.206+0000] {dag.py:3096} INFO - Sync 1 DAGs
[2025-10-24T09:33:00.216+0000] {logging_mixin.py:188} INFO - [2025-10-24T09:33:00.216+0000] {dag.py:3954} INFO - Setting next_dagrun for silver_layer_dag to None, run_after=None
[2025-10-24T09:33:00.230+0000] {processor.py:183} INFO - Processing /opt/airflow/dags/silver_layer_dag.py took 0.164 seconds
[2025-10-24T09:33:31.158+0000] {processor.py:161} INFO - Started process (PID=420) to work on /opt/airflow/dags/silver_layer_dag.py
[2025-10-24T09:33:31.159+0000] {processor.py:830} INFO - Processing file /opt/airflow/dags/silver_layer_dag.py for tasks to queue
[2025-10-24T09:33:31.159+0000] {logging_mixin.py:188} INFO - [2025-10-24T09:33:31.159+0000] {dagbag.py:540} INFO - Filling up the DagBag from /opt/airflow/dags/silver_layer_dag.py
[2025-10-24T09:33:31.288+0000] {processor.py:840} INFO - DAG(s) 'silver_layer_dag' retrieved from /opt/airflow/dags/silver_layer_dag.py
[2025-10-24T09:33:31.306+0000] {logging_mixin.py:188} INFO - [2025-10-24T09:33:31.306+0000] {dag.py:3096} INFO - Sync 1 DAGs
[2025-10-24T09:33:31.316+0000] {logging_mixin.py:188} INFO - [2025-10-24T09:33:31.316+0000] {dag.py:3954} INFO - Setting next_dagrun for silver_layer_dag to None, run_after=None
[2025-10-24T09:33:31.331+0000] {processor.py:183} INFO - Processing /opt/airflow/dags/silver_layer_dag.py took 0.178 seconds
[2025-10-24T09:34:01.432+0000] {processor.py:161} INFO - Started process (PID=424) to work on /opt/airflow/dags/silver_layer_dag.py
[2025-10-24T09:34:01.432+0000] {processor.py:830} INFO - Processing file /opt/airflow/dags/silver_layer_dag.py for tasks to queue
[2025-10-24T09:34:01.433+0000] {logging_mixin.py:188} INFO - [2025-10-24T09:34:01.433+0000] {dagbag.py:540} INFO - Filling up the DagBag from /opt/airflow/dags/silver_layer_dag.py
[2025-10-24T09:34:01.550+0000] {processor.py:840} INFO - DAG(s) 'silver_layer_dag' retrieved from /opt/airflow/dags/silver_layer_dag.py
[2025-10-24T09:34:01.567+0000] {logging_mixin.py:188} INFO - [2025-10-24T09:34:01.567+0000] {dag.py:3096} INFO - Sync 1 DAGs
[2025-10-24T09:34:01.576+0000] {logging_mixin.py:188} INFO - [2025-10-24T09:34:01.576+0000] {dag.py:3954} INFO - Setting next_dagrun for silver_layer_dag to None, run_after=None
[2025-10-24T09:34:01.589+0000] {processor.py:183} INFO - Processing /opt/airflow/dags/silver_layer_dag.py took 0.162 seconds
[2025-10-24T09:34:31.886+0000] {processor.py:161} INFO - Started process (PID=428) to work on /opt/airflow/dags/silver_layer_dag.py
[2025-10-24T09:34:31.887+0000] {processor.py:830} INFO - Processing file /opt/airflow/dags/silver_layer_dag.py for tasks to queue
[2025-10-24T09:34:31.888+0000] {logging_mixin.py:188} INFO - [2025-10-24T09:34:31.887+0000] {dagbag.py:540} INFO - Filling up the DagBag from /opt/airflow/dags/silver_layer_dag.py
[2025-10-24T09:34:32.015+0000] {processor.py:840} INFO - DAG(s) 'silver_layer_dag' retrieved from /opt/airflow/dags/silver_layer_dag.py
[2025-10-24T09:34:32.035+0000] {logging_mixin.py:188} INFO - [2025-10-24T09:34:32.034+0000] {dag.py:3096} INFO - Sync 1 DAGs
[2025-10-24T09:34:32.045+0000] {logging_mixin.py:188} INFO - [2025-10-24T09:34:32.044+0000] {dag.py:3954} INFO - Setting next_dagrun for silver_layer_dag to None, run_after=None
[2025-10-24T09:34:32.058+0000] {processor.py:183} INFO - Processing /opt/airflow/dags/silver_layer_dag.py took 0.177 seconds
[2025-10-24T09:35:02.288+0000] {processor.py:161} INFO - Started process (PID=432) to work on /opt/airflow/dags/silver_layer_dag.py
[2025-10-24T09:35:02.289+0000] {processor.py:830} INFO - Processing file /opt/airflow/dags/silver_layer_dag.py for tasks to queue
[2025-10-24T09:35:02.290+0000] {logging_mixin.py:188} INFO - [2025-10-24T09:35:02.289+0000] {dagbag.py:540} INFO - Filling up the DagBag from /opt/airflow/dags/silver_layer_dag.py
[2025-10-24T09:35:02.417+0000] {processor.py:840} INFO - DAG(s) 'silver_layer_dag' retrieved from /opt/airflow/dags/silver_layer_dag.py
[2025-10-24T09:35:02.436+0000] {logging_mixin.py:188} INFO - [2025-10-24T09:35:02.435+0000] {dag.py:3096} INFO - Sync 1 DAGs
[2025-10-24T09:35:02.445+0000] {logging_mixin.py:188} INFO - [2025-10-24T09:35:02.445+0000] {dag.py:3954} INFO - Setting next_dagrun for silver_layer_dag to None, run_after=None
[2025-10-24T09:35:02.459+0000] {processor.py:183} INFO - Processing /opt/airflow/dags/silver_layer_dag.py took 0.176 seconds
[2025-10-24T09:35:32.645+0000] {processor.py:161} INFO - Started process (PID=436) to work on /opt/airflow/dags/silver_layer_dag.py
[2025-10-24T09:35:32.645+0000] {processor.py:830} INFO - Processing file /opt/airflow/dags/silver_layer_dag.py for tasks to queue
[2025-10-24T09:35:32.646+0000] {logging_mixin.py:188} INFO - [2025-10-24T09:35:32.646+0000] {dagbag.py:540} INFO - Filling up the DagBag from /opt/airflow/dags/silver_layer_dag.py
[2025-10-24T09:35:32.771+0000] {processor.py:840} INFO - DAG(s) 'silver_layer_dag' retrieved from /opt/airflow/dags/silver_layer_dag.py
[2025-10-24T09:35:32.789+0000] {logging_mixin.py:188} INFO - [2025-10-24T09:35:32.789+0000] {dag.py:3096} INFO - Sync 1 DAGs
[2025-10-24T09:35:32.799+0000] {logging_mixin.py:188} INFO - [2025-10-24T09:35:32.799+0000] {dag.py:3954} INFO - Setting next_dagrun for silver_layer_dag to None, run_after=None
[2025-10-24T09:35:32.813+0000] {processor.py:183} INFO - Processing /opt/airflow/dags/silver_layer_dag.py took 0.174 seconds
[2025-10-24T09:36:02.859+0000] {processor.py:161} INFO - Started process (PID=440) to work on /opt/airflow/dags/silver_layer_dag.py
[2025-10-24T09:36:02.860+0000] {processor.py:830} INFO - Processing file /opt/airflow/dags/silver_layer_dag.py for tasks to queue
[2025-10-24T09:36:02.861+0000] {logging_mixin.py:188} INFO - [2025-10-24T09:36:02.860+0000] {dagbag.py:540} INFO - Filling up the DagBag from /opt/airflow/dags/silver_layer_dag.py
[2025-10-24T09:36:02.977+0000] {processor.py:840} INFO - DAG(s) 'silver_layer_dag' retrieved from /opt/airflow/dags/silver_layer_dag.py
[2025-10-24T09:36:02.997+0000] {logging_mixin.py:188} INFO - [2025-10-24T09:36:02.996+0000] {dag.py:3096} INFO - Sync 1 DAGs
[2025-10-24T09:36:03.006+0000] {logging_mixin.py:188} INFO - [2025-10-24T09:36:03.006+0000] {dag.py:3954} INFO - Setting next_dagrun for silver_layer_dag to None, run_after=None
[2025-10-24T09:36:03.020+0000] {processor.py:183} INFO - Processing /opt/airflow/dags/silver_layer_dag.py took 0.165 seconds
[2025-10-24T09:36:33.305+0000] {processor.py:161} INFO - Started process (PID=444) to work on /opt/airflow/dags/silver_layer_dag.py
[2025-10-24T09:36:33.306+0000] {processor.py:830} INFO - Processing file /opt/airflow/dags/silver_layer_dag.py for tasks to queue
[2025-10-24T09:36:33.307+0000] {logging_mixin.py:188} INFO - [2025-10-24T09:36:33.307+0000] {dagbag.py:540} INFO - Filling up the DagBag from /opt/airflow/dags/silver_layer_dag.py
[2025-10-24T09:36:33.425+0000] {processor.py:840} INFO - DAG(s) 'silver_layer_dag' retrieved from /opt/airflow/dags/silver_layer_dag.py
[2025-10-24T09:36:33.442+0000] {logging_mixin.py:188} INFO - [2025-10-24T09:36:33.442+0000] {dag.py:3096} INFO - Sync 1 DAGs
[2025-10-24T09:36:33.451+0000] {logging_mixin.py:188} INFO - [2025-10-24T09:36:33.451+0000] {dag.py:3954} INFO - Setting next_dagrun for silver_layer_dag to None, run_after=None
[2025-10-24T09:36:33.464+0000] {processor.py:183} INFO - Processing /opt/airflow/dags/silver_layer_dag.py took 0.163 seconds
[2025-10-24T09:37:03.648+0000] {processor.py:161} INFO - Started process (PID=448) to work on /opt/airflow/dags/silver_layer_dag.py
[2025-10-24T09:37:03.649+0000] {processor.py:830} INFO - Processing file /opt/airflow/dags/silver_layer_dag.py for tasks to queue
[2025-10-24T09:37:03.650+0000] {logging_mixin.py:188} INFO - [2025-10-24T09:37:03.650+0000] {dagbag.py:540} INFO - Filling up the DagBag from /opt/airflow/dags/silver_layer_dag.py
[2025-10-24T09:37:03.768+0000] {processor.py:840} INFO - DAG(s) 'silver_layer_dag' retrieved from /opt/airflow/dags/silver_layer_dag.py
[2025-10-24T09:37:03.787+0000] {logging_mixin.py:188} INFO - [2025-10-24T09:37:03.786+0000] {dag.py:3096} INFO - Sync 1 DAGs
[2025-10-24T09:37:03.796+0000] {logging_mixin.py:188} INFO - [2025-10-24T09:37:03.796+0000] {dag.py:3954} INFO - Setting next_dagrun for silver_layer_dag to None, run_after=None
[2025-10-24T09:37:03.810+0000] {processor.py:183} INFO - Processing /opt/airflow/dags/silver_layer_dag.py took 0.166 seconds
[2025-10-24T09:37:34.349+0000] {processor.py:161} INFO - Started process (PID=452) to work on /opt/airflow/dags/silver_layer_dag.py
[2025-10-24T09:37:34.350+0000] {processor.py:830} INFO - Processing file /opt/airflow/dags/silver_layer_dag.py for tasks to queue
[2025-10-24T09:37:34.351+0000] {logging_mixin.py:188} INFO - [2025-10-24T09:37:34.350+0000] {dagbag.py:540} INFO - Filling up the DagBag from /opt/airflow/dags/silver_layer_dag.py
[2025-10-24T09:37:34.471+0000] {processor.py:840} INFO - DAG(s) 'silver_layer_dag' retrieved from /opt/airflow/dags/silver_layer_dag.py
[2025-10-24T09:37:34.490+0000] {logging_mixin.py:188} INFO - [2025-10-24T09:37:34.490+0000] {dag.py:3096} INFO - Sync 1 DAGs
[2025-10-24T09:37:34.501+0000] {logging_mixin.py:188} INFO - [2025-10-24T09:37:34.501+0000] {dag.py:3954} INFO - Setting next_dagrun for silver_layer_dag to None, run_after=None
[2025-10-24T09:37:34.515+0000] {processor.py:183} INFO - Processing /opt/airflow/dags/silver_layer_dag.py took 0.170 seconds
[2025-10-24T09:38:04.905+0000] {processor.py:161} INFO - Started process (PID=456) to work on /opt/airflow/dags/silver_layer_dag.py
[2025-10-24T09:38:04.906+0000] {processor.py:830} INFO - Processing file /opt/airflow/dags/silver_layer_dag.py for tasks to queue
[2025-10-24T09:38:04.906+0000] {logging_mixin.py:188} INFO - [2025-10-24T09:38:04.906+0000] {dagbag.py:540} INFO - Filling up the DagBag from /opt/airflow/dags/silver_layer_dag.py
[2025-10-24T09:38:05.025+0000] {processor.py:840} INFO - DAG(s) 'silver_layer_dag' retrieved from /opt/airflow/dags/silver_layer_dag.py
[2025-10-24T09:38:05.042+0000] {logging_mixin.py:188} INFO - [2025-10-24T09:38:05.042+0000] {dag.py:3096} INFO - Sync 1 DAGs
[2025-10-24T09:38:05.051+0000] {logging_mixin.py:188} INFO - [2025-10-24T09:38:05.051+0000] {dag.py:3954} INFO - Setting next_dagrun for silver_layer_dag to None, run_after=None
[2025-10-24T09:38:05.065+0000] {processor.py:183} INFO - Processing /opt/airflow/dags/silver_layer_dag.py took 0.164 seconds
[2025-10-24T09:38:35.473+0000] {processor.py:161} INFO - Started process (PID=460) to work on /opt/airflow/dags/silver_layer_dag.py
[2025-10-24T09:38:35.474+0000] {processor.py:830} INFO - Processing file /opt/airflow/dags/silver_layer_dag.py for tasks to queue
[2025-10-24T09:38:35.475+0000] {logging_mixin.py:188} INFO - [2025-10-24T09:38:35.474+0000] {dagbag.py:540} INFO - Filling up the DagBag from /opt/airflow/dags/silver_layer_dag.py
[2025-10-24T09:38:35.594+0000] {processor.py:840} INFO - DAG(s) 'silver_layer_dag' retrieved from /opt/airflow/dags/silver_layer_dag.py
[2025-10-24T09:38:35.612+0000] {logging_mixin.py:188} INFO - [2025-10-24T09:38:35.612+0000] {dag.py:3096} INFO - Sync 1 DAGs
[2025-10-24T09:38:35.623+0000] {logging_mixin.py:188} INFO - [2025-10-24T09:38:35.623+0000] {dag.py:3954} INFO - Setting next_dagrun for silver_layer_dag to None, run_after=None
[2025-10-24T09:38:35.637+0000] {processor.py:183} INFO - Processing /opt/airflow/dags/silver_layer_dag.py took 0.168 seconds
[2025-10-24T09:39:05.861+0000] {processor.py:161} INFO - Started process (PID=464) to work on /opt/airflow/dags/silver_layer_dag.py
[2025-10-24T09:39:05.861+0000] {processor.py:830} INFO - Processing file /opt/airflow/dags/silver_layer_dag.py for tasks to queue
[2025-10-24T09:39:05.862+0000] {logging_mixin.py:188} INFO - [2025-10-24T09:39:05.862+0000] {dagbag.py:540} INFO - Filling up the DagBag from /opt/airflow/dags/silver_layer_dag.py
[2025-10-24T09:39:05.987+0000] {processor.py:840} INFO - DAG(s) 'silver_layer_dag' retrieved from /opt/airflow/dags/silver_layer_dag.py
[2025-10-24T09:39:06.006+0000] {logging_mixin.py:188} INFO - [2025-10-24T09:39:06.006+0000] {dag.py:3096} INFO - Sync 1 DAGs
[2025-10-24T09:39:06.015+0000] {logging_mixin.py:188} INFO - [2025-10-24T09:39:06.015+0000] {dag.py:3954} INFO - Setting next_dagrun for silver_layer_dag to None, run_after=None
[2025-10-24T09:39:06.030+0000] {processor.py:183} INFO - Processing /opt/airflow/dags/silver_layer_dag.py took 0.174 seconds
[2025-10-24T09:39:36.485+0000] {processor.py:161} INFO - Started process (PID=468) to work on /opt/airflow/dags/silver_layer_dag.py
[2025-10-24T09:39:36.486+0000] {processor.py:830} INFO - Processing file /opt/airflow/dags/silver_layer_dag.py for tasks to queue
[2025-10-24T09:39:36.487+0000] {logging_mixin.py:188} INFO - [2025-10-24T09:39:36.486+0000] {dagbag.py:540} INFO - Filling up the DagBag from /opt/airflow/dags/silver_layer_dag.py
[2025-10-24T09:39:36.615+0000] {processor.py:840} INFO - DAG(s) 'silver_layer_dag' retrieved from /opt/airflow/dags/silver_layer_dag.py
[2025-10-24T09:39:36.634+0000] {logging_mixin.py:188} INFO - [2025-10-24T09:39:36.633+0000] {dag.py:3096} INFO - Sync 1 DAGs
[2025-10-24T09:39:36.643+0000] {logging_mixin.py:188} INFO - [2025-10-24T09:39:36.643+0000] {dag.py:3954} INFO - Setting next_dagrun for silver_layer_dag to None, run_after=None
[2025-10-24T09:39:36.657+0000] {processor.py:183} INFO - Processing /opt/airflow/dags/silver_layer_dag.py took 0.178 seconds
[2025-10-24T09:40:06.822+0000] {processor.py:161} INFO - Started process (PID=472) to work on /opt/airflow/dags/silver_layer_dag.py
[2025-10-24T09:40:06.823+0000] {processor.py:830} INFO - Processing file /opt/airflow/dags/silver_layer_dag.py for tasks to queue
[2025-10-24T09:40:06.823+0000] {logging_mixin.py:188} INFO - [2025-10-24T09:40:06.823+0000] {dagbag.py:540} INFO - Filling up the DagBag from /opt/airflow/dags/silver_layer_dag.py
[2025-10-24T09:40:06.947+0000] {processor.py:840} INFO - DAG(s) 'silver_layer_dag' retrieved from /opt/airflow/dags/silver_layer_dag.py
[2025-10-24T09:40:06.966+0000] {logging_mixin.py:188} INFO - [2025-10-24T09:40:06.966+0000] {dag.py:3096} INFO - Sync 1 DAGs
[2025-10-24T09:40:06.977+0000] {logging_mixin.py:188} INFO - [2025-10-24T09:40:06.977+0000] {dag.py:3954} INFO - Setting next_dagrun for silver_layer_dag to None, run_after=None
[2025-10-24T09:40:06.991+0000] {processor.py:183} INFO - Processing /opt/airflow/dags/silver_layer_dag.py took 0.175 seconds
[2025-10-24T09:40:37.198+0000] {processor.py:161} INFO - Started process (PID=476) to work on /opt/airflow/dags/silver_layer_dag.py
[2025-10-24T09:40:37.199+0000] {processor.py:830} INFO - Processing file /opt/airflow/dags/silver_layer_dag.py for tasks to queue
[2025-10-24T09:40:37.199+0000] {logging_mixin.py:188} INFO - [2025-10-24T09:40:37.199+0000] {dagbag.py:540} INFO - Filling up the DagBag from /opt/airflow/dags/silver_layer_dag.py
[2025-10-24T09:40:37.316+0000] {processor.py:840} INFO - DAG(s) 'silver_layer_dag' retrieved from /opt/airflow/dags/silver_layer_dag.py
[2025-10-24T09:40:37.334+0000] {logging_mixin.py:188} INFO - [2025-10-24T09:40:37.334+0000] {dag.py:3096} INFO - Sync 1 DAGs
[2025-10-24T09:40:37.343+0000] {logging_mixin.py:188} INFO - [2025-10-24T09:40:37.343+0000] {dag.py:3954} INFO - Setting next_dagrun for silver_layer_dag to None, run_after=None
[2025-10-24T09:40:37.356+0000] {processor.py:183} INFO - Processing /opt/airflow/dags/silver_layer_dag.py took 0.163 seconds
[2025-10-24T09:41:07.410+0000] {processor.py:161} INFO - Started process (PID=480) to work on /opt/airflow/dags/silver_layer_dag.py
[2025-10-24T09:41:07.410+0000] {processor.py:830} INFO - Processing file /opt/airflow/dags/silver_layer_dag.py for tasks to queue
[2025-10-24T09:41:07.411+0000] {logging_mixin.py:188} INFO - [2025-10-24T09:41:07.411+0000] {dagbag.py:540} INFO - Filling up the DagBag from /opt/airflow/dags/silver_layer_dag.py
[2025-10-24T09:41:07.540+0000] {processor.py:840} INFO - DAG(s) 'silver_layer_dag' retrieved from /opt/airflow/dags/silver_layer_dag.py
[2025-10-24T09:41:07.561+0000] {logging_mixin.py:188} INFO - [2025-10-24T09:41:07.560+0000] {dag.py:3096} INFO - Sync 1 DAGs
[2025-10-24T09:41:07.571+0000] {logging_mixin.py:188} INFO - [2025-10-24T09:41:07.571+0000] {dag.py:3954} INFO - Setting next_dagrun for silver_layer_dag to None, run_after=None
[2025-10-24T09:41:07.590+0000] {processor.py:183} INFO - Processing /opt/airflow/dags/silver_layer_dag.py took 0.185 seconds
[2025-10-24T09:41:37.798+0000] {processor.py:161} INFO - Started process (PID=484) to work on /opt/airflow/dags/silver_layer_dag.py
[2025-10-24T09:41:37.799+0000] {processor.py:830} INFO - Processing file /opt/airflow/dags/silver_layer_dag.py for tasks to queue
[2025-10-24T09:41:37.800+0000] {logging_mixin.py:188} INFO - [2025-10-24T09:41:37.799+0000] {dagbag.py:540} INFO - Filling up the DagBag from /opt/airflow/dags/silver_layer_dag.py
[2025-10-24T09:41:37.931+0000] {processor.py:840} INFO - DAG(s) 'silver_layer_dag' retrieved from /opt/airflow/dags/silver_layer_dag.py
[2025-10-24T09:41:37.950+0000] {logging_mixin.py:188} INFO - [2025-10-24T09:41:37.950+0000] {dag.py:3096} INFO - Sync 1 DAGs
[2025-10-24T09:41:37.960+0000] {logging_mixin.py:188} INFO - [2025-10-24T09:41:37.960+0000] {dag.py:3954} INFO - Setting next_dagrun for silver_layer_dag to None, run_after=None
[2025-10-24T09:41:37.974+0000] {processor.py:183} INFO - Processing /opt/airflow/dags/silver_layer_dag.py took 0.180 seconds
[2025-10-24T09:42:08.119+0000] {processor.py:161} INFO - Started process (PID=488) to work on /opt/airflow/dags/silver_layer_dag.py
[2025-10-24T09:42:08.120+0000] {processor.py:830} INFO - Processing file /opt/airflow/dags/silver_layer_dag.py for tasks to queue
[2025-10-24T09:42:08.121+0000] {logging_mixin.py:188} INFO - [2025-10-24T09:42:08.121+0000] {dagbag.py:540} INFO - Filling up the DagBag from /opt/airflow/dags/silver_layer_dag.py
[2025-10-24T09:42:08.240+0000] {processor.py:840} INFO - DAG(s) 'silver_layer_dag' retrieved from /opt/airflow/dags/silver_layer_dag.py
[2025-10-24T09:42:08.258+0000] {logging_mixin.py:188} INFO - [2025-10-24T09:42:08.257+0000] {dag.py:3096} INFO - Sync 1 DAGs
[2025-10-24T09:42:08.267+0000] {logging_mixin.py:188} INFO - [2025-10-24T09:42:08.266+0000] {dag.py:3954} INFO - Setting next_dagrun for silver_layer_dag to None, run_after=None
[2025-10-24T09:42:08.280+0000] {processor.py:183} INFO - Processing /opt/airflow/dags/silver_layer_dag.py took 0.165 seconds
[2025-10-24T09:42:38.419+0000] {processor.py:161} INFO - Started process (PID=492) to work on /opt/airflow/dags/silver_layer_dag.py
[2025-10-24T09:42:38.420+0000] {processor.py:830} INFO - Processing file /opt/airflow/dags/silver_layer_dag.py for tasks to queue
[2025-10-24T09:42:38.420+0000] {logging_mixin.py:188} INFO - [2025-10-24T09:42:38.420+0000] {dagbag.py:540} INFO - Filling up the DagBag from /opt/airflow/dags/silver_layer_dag.py
[2025-10-24T09:42:38.549+0000] {processor.py:840} INFO - DAG(s) 'silver_layer_dag' retrieved from /opt/airflow/dags/silver_layer_dag.py
[2025-10-24T09:42:38.571+0000] {logging_mixin.py:188} INFO - [2025-10-24T09:42:38.571+0000] {dag.py:3096} INFO - Sync 1 DAGs
[2025-10-24T09:42:38.583+0000] {logging_mixin.py:188} INFO - [2025-10-24T09:42:38.583+0000] {dag.py:3954} INFO - Setting next_dagrun for silver_layer_dag to None, run_after=None
[2025-10-24T09:42:38.602+0000] {processor.py:183} INFO - Processing /opt/airflow/dags/silver_layer_dag.py took 0.187 seconds
[2025-10-24T09:43:08.823+0000] {processor.py:161} INFO - Started process (PID=496) to work on /opt/airflow/dags/silver_layer_dag.py
[2025-10-24T09:43:08.824+0000] {processor.py:830} INFO - Processing file /opt/airflow/dags/silver_layer_dag.py for tasks to queue
[2025-10-24T09:43:08.825+0000] {logging_mixin.py:188} INFO - [2025-10-24T09:43:08.825+0000] {dagbag.py:540} INFO - Filling up the DagBag from /opt/airflow/dags/silver_layer_dag.py
[2025-10-24T09:43:08.959+0000] {processor.py:840} INFO - DAG(s) 'silver_layer_dag' retrieved from /opt/airflow/dags/silver_layer_dag.py
[2025-10-24T09:43:08.982+0000] {logging_mixin.py:188} INFO - [2025-10-24T09:43:08.982+0000] {dag.py:3096} INFO - Sync 1 DAGs
[2025-10-24T09:43:08.993+0000] {logging_mixin.py:188} INFO - [2025-10-24T09:43:08.993+0000] {dag.py:3954} INFO - Setting next_dagrun for silver_layer_dag to None, run_after=None
[2025-10-24T09:43:09.008+0000] {processor.py:183} INFO - Processing /opt/airflow/dags/silver_layer_dag.py took 0.190 seconds
[2025-10-24T09:43:39.444+0000] {processor.py:161} INFO - Started process (PID=500) to work on /opt/airflow/dags/silver_layer_dag.py
[2025-10-24T09:43:39.445+0000] {processor.py:830} INFO - Processing file /opt/airflow/dags/silver_layer_dag.py for tasks to queue
[2025-10-24T09:43:39.446+0000] {logging_mixin.py:188} INFO - [2025-10-24T09:43:39.446+0000] {dagbag.py:540} INFO - Filling up the DagBag from /opt/airflow/dags/silver_layer_dag.py
[2025-10-24T09:43:39.570+0000] {processor.py:840} INFO - DAG(s) 'silver_layer_dag' retrieved from /opt/airflow/dags/silver_layer_dag.py
[2025-10-24T09:43:39.589+0000] {logging_mixin.py:188} INFO - [2025-10-24T09:43:39.589+0000] {dag.py:3096} INFO - Sync 1 DAGs
[2025-10-24T09:43:39.598+0000] {logging_mixin.py:188} INFO - [2025-10-24T09:43:39.598+0000] {dag.py:3954} INFO - Setting next_dagrun for silver_layer_dag to None, run_after=None
[2025-10-24T09:43:39.616+0000] {processor.py:183} INFO - Processing /opt/airflow/dags/silver_layer_dag.py took 0.176 seconds
[2025-10-24T09:44:10.014+0000] {processor.py:161} INFO - Started process (PID=504) to work on /opt/airflow/dags/silver_layer_dag.py
[2025-10-24T09:44:10.015+0000] {processor.py:830} INFO - Processing file /opt/airflow/dags/silver_layer_dag.py for tasks to queue
[2025-10-24T09:44:10.016+0000] {logging_mixin.py:188} INFO - [2025-10-24T09:44:10.015+0000] {dagbag.py:540} INFO - Filling up the DagBag from /opt/airflow/dags/silver_layer_dag.py
[2025-10-24T09:44:10.142+0000] {processor.py:840} INFO - DAG(s) 'silver_layer_dag' retrieved from /opt/airflow/dags/silver_layer_dag.py
[2025-10-24T09:44:10.164+0000] {logging_mixin.py:188} INFO - [2025-10-24T09:44:10.163+0000] {dag.py:3096} INFO - Sync 1 DAGs
[2025-10-24T09:44:10.174+0000] {logging_mixin.py:188} INFO - [2025-10-24T09:44:10.174+0000] {dag.py:3954} INFO - Setting next_dagrun for silver_layer_dag to None, run_after=None
[2025-10-24T09:44:10.189+0000] {processor.py:183} INFO - Processing /opt/airflow/dags/silver_layer_dag.py took 0.180 seconds
[2025-10-24T09:44:40.361+0000] {processor.py:161} INFO - Started process (PID=508) to work on /opt/airflow/dags/silver_layer_dag.py
[2025-10-24T09:44:40.362+0000] {processor.py:830} INFO - Processing file /opt/airflow/dags/silver_layer_dag.py for tasks to queue
[2025-10-24T09:44:40.363+0000] {logging_mixin.py:188} INFO - [2025-10-24T09:44:40.362+0000] {dagbag.py:540} INFO - Filling up the DagBag from /opt/airflow/dags/silver_layer_dag.py
[2025-10-24T09:44:40.482+0000] {processor.py:840} INFO - DAG(s) 'silver_layer_dag' retrieved from /opt/airflow/dags/silver_layer_dag.py
[2025-10-24T09:44:40.498+0000] {logging_mixin.py:188} INFO - [2025-10-24T09:44:40.498+0000] {dag.py:3096} INFO - Sync 1 DAGs
[2025-10-24T09:44:40.506+0000] {logging_mixin.py:188} INFO - [2025-10-24T09:44:40.506+0000] {dag.py:3954} INFO - Setting next_dagrun for silver_layer_dag to None, run_after=None
[2025-10-24T09:44:40.519+0000] {processor.py:183} INFO - Processing /opt/airflow/dags/silver_layer_dag.py took 0.162 seconds
[2025-10-24T09:45:10.625+0000] {processor.py:161} INFO - Started process (PID=512) to work on /opt/airflow/dags/silver_layer_dag.py
[2025-10-24T09:45:10.626+0000] {processor.py:830} INFO - Processing file /opt/airflow/dags/silver_layer_dag.py for tasks to queue
[2025-10-24T09:45:10.627+0000] {logging_mixin.py:188} INFO - [2025-10-24T09:45:10.627+0000] {dagbag.py:540} INFO - Filling up the DagBag from /opt/airflow/dags/silver_layer_dag.py
[2025-10-24T09:45:10.763+0000] {processor.py:840} INFO - DAG(s) 'silver_layer_dag' retrieved from /opt/airflow/dags/silver_layer_dag.py
[2025-10-24T09:45:10.781+0000] {logging_mixin.py:188} INFO - [2025-10-24T09:45:10.781+0000] {dag.py:3096} INFO - Sync 1 DAGs
[2025-10-24T09:45:10.790+0000] {logging_mixin.py:188} INFO - [2025-10-24T09:45:10.790+0000] {dag.py:3954} INFO - Setting next_dagrun for silver_layer_dag to None, run_after=None
[2025-10-24T09:45:10.805+0000] {processor.py:183} INFO - Processing /opt/airflow/dags/silver_layer_dag.py took 0.186 seconds
[2025-10-24T09:45:40.856+0000] {processor.py:161} INFO - Started process (PID=514) to work on /opt/airflow/dags/silver_layer_dag.py
[2025-10-24T09:45:40.857+0000] {processor.py:830} INFO - Processing file /opt/airflow/dags/silver_layer_dag.py for tasks to queue
[2025-10-24T09:45:40.857+0000] {logging_mixin.py:188} INFO - [2025-10-24T09:45:40.857+0000] {dagbag.py:540} INFO - Filling up the DagBag from /opt/airflow/dags/silver_layer_dag.py
[2025-10-24T09:45:41.003+0000] {processor.py:840} INFO - DAG(s) 'silver_layer_dag' retrieved from /opt/airflow/dags/silver_layer_dag.py
[2025-10-24T09:45:41.022+0000] {logging_mixin.py:188} INFO - [2025-10-24T09:45:41.022+0000] {dag.py:3096} INFO - Sync 1 DAGs
[2025-10-24T09:45:41.032+0000] {logging_mixin.py:188} INFO - [2025-10-24T09:45:41.032+0000] {dag.py:3954} INFO - Setting next_dagrun for silver_layer_dag to None, run_after=None
[2025-10-24T09:45:41.046+0000] {processor.py:183} INFO - Processing /opt/airflow/dags/silver_layer_dag.py took 0.194 seconds
[2025-10-24T09:46:12.002+0000] {processor.py:161} INFO - Started process (PID=518) to work on /opt/airflow/dags/silver_layer_dag.py
[2025-10-24T09:46:12.003+0000] {processor.py:830} INFO - Processing file /opt/airflow/dags/silver_layer_dag.py for tasks to queue
[2025-10-24T09:46:12.004+0000] {logging_mixin.py:188} INFO - [2025-10-24T09:46:12.004+0000] {dagbag.py:540} INFO - Filling up the DagBag from /opt/airflow/dags/silver_layer_dag.py
[2025-10-24T09:46:12.130+0000] {processor.py:840} INFO - DAG(s) 'silver_layer_dag' retrieved from /opt/airflow/dags/silver_layer_dag.py
[2025-10-24T09:46:12.151+0000] {logging_mixin.py:188} INFO - [2025-10-24T09:46:12.150+0000] {dag.py:3096} INFO - Sync 1 DAGs
[2025-10-24T09:46:12.161+0000] {logging_mixin.py:188} INFO - [2025-10-24T09:46:12.161+0000] {dag.py:3954} INFO - Setting next_dagrun for silver_layer_dag to None, run_after=None
[2025-10-24T09:46:12.177+0000] {processor.py:183} INFO - Processing /opt/airflow/dags/silver_layer_dag.py took 0.180 seconds
[2025-10-24T09:46:42.451+0000] {processor.py:161} INFO - Started process (PID=522) to work on /opt/airflow/dags/silver_layer_dag.py
[2025-10-24T09:46:42.452+0000] {processor.py:830} INFO - Processing file /opt/airflow/dags/silver_layer_dag.py for tasks to queue
[2025-10-24T09:46:42.453+0000] {logging_mixin.py:188} INFO - [2025-10-24T09:46:42.452+0000] {dagbag.py:540} INFO - Filling up the DagBag from /opt/airflow/dags/silver_layer_dag.py
[2025-10-24T09:46:42.585+0000] {processor.py:840} INFO - DAG(s) 'silver_layer_dag' retrieved from /opt/airflow/dags/silver_layer_dag.py
[2025-10-24T09:46:42.602+0000] {logging_mixin.py:188} INFO - [2025-10-24T09:46:42.602+0000] {dag.py:3096} INFO - Sync 1 DAGs
[2025-10-24T09:46:42.612+0000] {logging_mixin.py:188} INFO - [2025-10-24T09:46:42.611+0000] {dag.py:3954} INFO - Setting next_dagrun for silver_layer_dag to None, run_after=None
[2025-10-24T09:46:42.625+0000] {processor.py:183} INFO - Processing /opt/airflow/dags/silver_layer_dag.py took 0.180 seconds
[2025-10-24T09:47:12.943+0000] {processor.py:161} INFO - Started process (PID=526) to work on /opt/airflow/dags/silver_layer_dag.py
[2025-10-24T09:47:12.944+0000] {processor.py:830} INFO - Processing file /opt/airflow/dags/silver_layer_dag.py for tasks to queue
[2025-10-24T09:47:12.945+0000] {logging_mixin.py:188} INFO - [2025-10-24T09:47:12.945+0000] {dagbag.py:540} INFO - Filling up the DagBag from /opt/airflow/dags/silver_layer_dag.py
[2025-10-24T09:47:13.080+0000] {processor.py:840} INFO - DAG(s) 'silver_layer_dag' retrieved from /opt/airflow/dags/silver_layer_dag.py
[2025-10-24T09:47:13.100+0000] {logging_mixin.py:188} INFO - [2025-10-24T09:47:13.100+0000] {dag.py:3096} INFO - Sync 1 DAGs
[2025-10-24T09:47:13.110+0000] {logging_mixin.py:188} INFO - [2025-10-24T09:47:13.109+0000] {dag.py:3954} INFO - Setting next_dagrun for silver_layer_dag to None, run_after=None
[2025-10-24T09:47:13.124+0000] {processor.py:183} INFO - Processing /opt/airflow/dags/silver_layer_dag.py took 0.186 seconds
[2025-10-24T09:47:43.286+0000] {processor.py:161} INFO - Started process (PID=530) to work on /opt/airflow/dags/silver_layer_dag.py
[2025-10-24T09:47:43.287+0000] {processor.py:830} INFO - Processing file /opt/airflow/dags/silver_layer_dag.py for tasks to queue
[2025-10-24T09:47:43.288+0000] {logging_mixin.py:188} INFO - [2025-10-24T09:47:43.288+0000] {dagbag.py:540} INFO - Filling up the DagBag from /opt/airflow/dags/silver_layer_dag.py
[2025-10-24T09:47:43.406+0000] {processor.py:840} INFO - DAG(s) 'silver_layer_dag' retrieved from /opt/airflow/dags/silver_layer_dag.py
[2025-10-24T09:47:43.424+0000] {logging_mixin.py:188} INFO - [2025-10-24T09:47:43.424+0000] {dag.py:3096} INFO - Sync 1 DAGs
[2025-10-24T09:47:43.434+0000] {logging_mixin.py:188} INFO - [2025-10-24T09:47:43.434+0000] {dag.py:3954} INFO - Setting next_dagrun for silver_layer_dag to None, run_after=None
[2025-10-24T09:47:43.447+0000] {processor.py:183} INFO - Processing /opt/airflow/dags/silver_layer_dag.py took 0.166 seconds
[2025-10-24T09:48:14.496+0000] {processor.py:161} INFO - Started process (PID=534) to work on /opt/airflow/dags/silver_layer_dag.py
[2025-10-24T09:48:14.497+0000] {processor.py:830} INFO - Processing file /opt/airflow/dags/silver_layer_dag.py for tasks to queue
[2025-10-24T09:48:14.497+0000] {logging_mixin.py:188} INFO - [2025-10-24T09:48:14.497+0000] {dagbag.py:540} INFO - Filling up the DagBag from /opt/airflow/dags/silver_layer_dag.py
[2025-10-24T09:48:14.641+0000] {processor.py:840} INFO - DAG(s) 'silver_layer_dag' retrieved from /opt/airflow/dags/silver_layer_dag.py
[2025-10-24T09:48:14.664+0000] {logging_mixin.py:188} INFO - [2025-10-24T09:48:14.664+0000] {dag.py:3096} INFO - Sync 1 DAGs
[2025-10-24T09:48:14.676+0000] {logging_mixin.py:188} INFO - [2025-10-24T09:48:14.675+0000] {dag.py:3954} INFO - Setting next_dagrun for silver_layer_dag to None, run_after=None
[2025-10-24T09:48:14.693+0000] {processor.py:183} INFO - Processing /opt/airflow/dags/silver_layer_dag.py took 0.203 seconds
[2025-10-24T09:48:46.909+0000] {processor.py:161} INFO - Started process (PID=538) to work on /opt/airflow/dags/silver_layer_dag.py
[2025-10-24T09:48:46.909+0000] {processor.py:830} INFO - Processing file /opt/airflow/dags/silver_layer_dag.py for tasks to queue
[2025-10-24T09:48:46.910+0000] {logging_mixin.py:188} INFO - [2025-10-24T09:48:46.910+0000] {dagbag.py:540} INFO - Filling up the DagBag from /opt/airflow/dags/silver_layer_dag.py
[2025-10-24T09:48:47.040+0000] {processor.py:840} INFO - DAG(s) 'silver_layer_dag' retrieved from /opt/airflow/dags/silver_layer_dag.py
[2025-10-24T09:48:47.061+0000] {logging_mixin.py:188} INFO - [2025-10-24T09:48:47.060+0000] {dag.py:3096} INFO - Sync 1 DAGs
[2025-10-24T09:48:47.071+0000] {logging_mixin.py:188} INFO - [2025-10-24T09:48:47.071+0000] {dag.py:3954} INFO - Setting next_dagrun for silver_layer_dag to None, run_after=None
[2025-10-24T09:48:47.088+0000] {processor.py:183} INFO - Processing /opt/airflow/dags/silver_layer_dag.py took 0.184 seconds
[2025-10-24T09:49:17.248+0000] {processor.py:161} INFO - Started process (PID=542) to work on /opt/airflow/dags/silver_layer_dag.py
[2025-10-24T09:49:17.249+0000] {processor.py:830} INFO - Processing file /opt/airflow/dags/silver_layer_dag.py for tasks to queue
[2025-10-24T09:49:17.250+0000] {logging_mixin.py:188} INFO - [2025-10-24T09:49:17.250+0000] {dagbag.py:540} INFO - Filling up the DagBag from /opt/airflow/dags/silver_layer_dag.py
[2025-10-24T09:49:17.370+0000] {processor.py:840} INFO - DAG(s) 'silver_layer_dag' retrieved from /opt/airflow/dags/silver_layer_dag.py
[2025-10-24T09:49:17.386+0000] {logging_mixin.py:188} INFO - [2025-10-24T09:49:17.386+0000] {dag.py:3096} INFO - Sync 1 DAGs
[2025-10-24T09:49:17.394+0000] {logging_mixin.py:188} INFO - [2025-10-24T09:49:17.394+0000] {dag.py:3954} INFO - Setting next_dagrun for silver_layer_dag to None, run_after=None
[2025-10-24T09:49:17.407+0000] {processor.py:183} INFO - Processing /opt/airflow/dags/silver_layer_dag.py took 0.164 seconds
[2025-10-24T09:49:47.706+0000] {processor.py:161} INFO - Started process (PID=546) to work on /opt/airflow/dags/silver_layer_dag.py
[2025-10-24T09:49:47.706+0000] {processor.py:830} INFO - Processing file /opt/airflow/dags/silver_layer_dag.py for tasks to queue
[2025-10-24T09:49:47.707+0000] {logging_mixin.py:188} INFO - [2025-10-24T09:49:47.707+0000] {dagbag.py:540} INFO - Filling up the DagBag from /opt/airflow/dags/silver_layer_dag.py
[2025-10-24T09:49:47.836+0000] {processor.py:840} INFO - DAG(s) 'silver_layer_dag' retrieved from /opt/airflow/dags/silver_layer_dag.py
[2025-10-24T09:49:47.852+0000] {logging_mixin.py:188} INFO - [2025-10-24T09:49:47.852+0000] {dag.py:3096} INFO - Sync 1 DAGs
[2025-10-24T09:49:47.860+0000] {logging_mixin.py:188} INFO - [2025-10-24T09:49:47.860+0000] {dag.py:3954} INFO - Setting next_dagrun for silver_layer_dag to None, run_after=None
[2025-10-24T09:49:47.873+0000] {processor.py:183} INFO - Processing /opt/airflow/dags/silver_layer_dag.py took 0.172 seconds
[2025-10-24T09:50:18.093+0000] {processor.py:161} INFO - Started process (PID=550) to work on /opt/airflow/dags/silver_layer_dag.py
[2025-10-24T09:50:18.094+0000] {processor.py:830} INFO - Processing file /opt/airflow/dags/silver_layer_dag.py for tasks to queue
[2025-10-24T09:50:18.094+0000] {logging_mixin.py:188} INFO - [2025-10-24T09:50:18.094+0000] {dagbag.py:540} INFO - Filling up the DagBag from /opt/airflow/dags/silver_layer_dag.py
[2025-10-24T09:50:18.225+0000] {processor.py:840} INFO - DAG(s) 'silver_layer_dag' retrieved from /opt/airflow/dags/silver_layer_dag.py
[2025-10-24T09:50:18.242+0000] {logging_mixin.py:188} INFO - [2025-10-24T09:50:18.242+0000] {dag.py:3096} INFO - Sync 1 DAGs
[2025-10-24T09:50:18.250+0000] {logging_mixin.py:188} INFO - [2025-10-24T09:50:18.250+0000] {dag.py:3954} INFO - Setting next_dagrun for silver_layer_dag to None, run_after=None
[2025-10-24T09:50:18.264+0000] {processor.py:183} INFO - Processing /opt/airflow/dags/silver_layer_dag.py took 0.176 seconds
[2025-10-24T09:50:48.658+0000] {processor.py:161} INFO - Started process (PID=554) to work on /opt/airflow/dags/silver_layer_dag.py
[2025-10-24T09:50:48.658+0000] {processor.py:830} INFO - Processing file /opt/airflow/dags/silver_layer_dag.py for tasks to queue
[2025-10-24T09:50:48.659+0000] {logging_mixin.py:188} INFO - [2025-10-24T09:50:48.659+0000] {dagbag.py:540} INFO - Filling up the DagBag from /opt/airflow/dags/silver_layer_dag.py
[2025-10-24T09:50:48.973+0000] {processor.py:840} INFO - DAG(s) 'silver_layer_dag' retrieved from /opt/airflow/dags/silver_layer_dag.py
[2025-10-24T09:50:48.990+0000] {logging_mixin.py:188} INFO - [2025-10-24T09:50:48.990+0000] {dag.py:3096} INFO - Sync 1 DAGs
[2025-10-24T09:50:51.050+0000] {logging_mixin.py:188} INFO - [2025-10-24T09:50:51.050+0000] {dag.py:3954} INFO - Setting next_dagrun for silver_layer_dag to None, run_after=None
[2025-10-24T09:50:51.064+0000] {processor.py:183} INFO - Processing /opt/airflow/dags/silver_layer_dag.py took 0.214 seconds
[2025-10-24T09:51:21.828+0000] {processor.py:161} INFO - Started process (PID=559) to work on /opt/airflow/dags/silver_layer_dag.py
[2025-10-24T09:51:21.828+0000] {processor.py:830} INFO - Processing file /opt/airflow/dags/silver_layer_dag.py for tasks to queue
[2025-10-24T09:51:21.829+0000] {logging_mixin.py:188} INFO - [2025-10-24T09:51:21.829+0000] {dagbag.py:540} INFO - Filling up the DagBag from /opt/airflow/dags/silver_layer_dag.py
[2025-10-24T09:51:21.976+0000] {processor.py:840} INFO - DAG(s) 'silver_layer_dag' retrieved from /opt/airflow/dags/silver_layer_dag.py
[2025-10-24T09:51:21.995+0000] {logging_mixin.py:188} INFO - [2025-10-24T09:51:21.995+0000] {dag.py:3096} INFO - Sync 1 DAGs
[2025-10-24T09:51:22.004+0000] {logging_mixin.py:188} INFO - [2025-10-24T09:51:22.004+0000] {dag.py:3954} INFO - Setting next_dagrun for silver_layer_dag to None, run_after=None
[2025-10-24T09:51:22.017+0000] {processor.py:183} INFO - Processing /opt/airflow/dags/silver_layer_dag.py took 0.194 seconds
[2025-10-24T09:51:52.446+0000] {processor.py:161} INFO - Started process (PID=563) to work on /opt/airflow/dags/silver_layer_dag.py
[2025-10-24T09:51:52.447+0000] {processor.py:830} INFO - Processing file /opt/airflow/dags/silver_layer_dag.py for tasks to queue
[2025-10-24T09:51:52.448+0000] {logging_mixin.py:188} INFO - [2025-10-24T09:51:52.447+0000] {dagbag.py:540} INFO - Filling up the DagBag from /opt/airflow/dags/silver_layer_dag.py
[2025-10-24T09:51:52.574+0000] {processor.py:840} INFO - DAG(s) 'silver_layer_dag' retrieved from /opt/airflow/dags/silver_layer_dag.py
[2025-10-24T09:51:52.595+0000] {logging_mixin.py:188} INFO - [2025-10-24T09:51:52.594+0000] {dag.py:3096} INFO - Sync 1 DAGs
[2025-10-24T09:51:52.605+0000] {logging_mixin.py:188} INFO - [2025-10-24T09:51:52.605+0000] {dag.py:3954} INFO - Setting next_dagrun for silver_layer_dag to None, run_after=None
[2025-10-24T09:51:52.620+0000] {processor.py:183} INFO - Processing /opt/airflow/dags/silver_layer_dag.py took 0.179 seconds
[2025-10-24T09:52:22.962+0000] {processor.py:161} INFO - Started process (PID=567) to work on /opt/airflow/dags/silver_layer_dag.py
[2025-10-24T09:52:22.963+0000] {processor.py:830} INFO - Processing file /opt/airflow/dags/silver_layer_dag.py for tasks to queue
[2025-10-24T09:52:22.963+0000] {logging_mixin.py:188} INFO - [2025-10-24T09:52:22.963+0000] {dagbag.py:540} INFO - Filling up the DagBag from /opt/airflow/dags/silver_layer_dag.py
[2025-10-24T09:52:23.083+0000] {processor.py:840} INFO - DAG(s) 'silver_layer_dag' retrieved from /opt/airflow/dags/silver_layer_dag.py
[2025-10-24T09:52:23.100+0000] {logging_mixin.py:188} INFO - [2025-10-24T09:52:23.100+0000] {dag.py:3096} INFO - Sync 1 DAGs
[2025-10-24T09:52:23.109+0000] {logging_mixin.py:188} INFO - [2025-10-24T09:52:23.109+0000] {dag.py:3954} INFO - Setting next_dagrun for silver_layer_dag to None, run_after=None
[2025-10-24T09:52:23.122+0000] {processor.py:183} INFO - Processing /opt/airflow/dags/silver_layer_dag.py took 0.165 seconds
[2025-10-24T09:52:54.447+0000] {processor.py:161} INFO - Started process (PID=571) to work on /opt/airflow/dags/silver_layer_dag.py
[2025-10-24T09:52:54.448+0000] {processor.py:830} INFO - Processing file /opt/airflow/dags/silver_layer_dag.py for tasks to queue
[2025-10-24T09:52:54.448+0000] {logging_mixin.py:188} INFO - [2025-10-24T09:52:54.448+0000] {dagbag.py:540} INFO - Filling up the DagBag from /opt/airflow/dags/silver_layer_dag.py
[2025-10-24T09:52:54.584+0000] {processor.py:840} INFO - DAG(s) 'silver_layer_dag' retrieved from /opt/airflow/dags/silver_layer_dag.py
[2025-10-24T09:52:54.606+0000] {logging_mixin.py:188} INFO - [2025-10-24T09:52:54.606+0000] {dag.py:3096} INFO - Sync 1 DAGs
[2025-10-24T09:52:54.617+0000] {logging_mixin.py:188} INFO - [2025-10-24T09:52:54.617+0000] {dag.py:3954} INFO - Setting next_dagrun for silver_layer_dag to None, run_after=None
[2025-10-24T09:52:54.634+0000] {processor.py:183} INFO - Processing /opt/airflow/dags/silver_layer_dag.py took 0.192 seconds
[2025-10-24T09:53:25.529+0000] {processor.py:161} INFO - Started process (PID=575) to work on /opt/airflow/dags/silver_layer_dag.py
[2025-10-24T09:53:25.530+0000] {processor.py:830} INFO - Processing file /opt/airflow/dags/silver_layer_dag.py for tasks to queue
[2025-10-24T09:53:25.530+0000] {logging_mixin.py:188} INFO - [2025-10-24T09:53:25.530+0000] {dagbag.py:540} INFO - Filling up the DagBag from /opt/airflow/dags/silver_layer_dag.py
[2025-10-24T09:53:25.647+0000] {processor.py:840} INFO - DAG(s) 'silver_layer_dag' retrieved from /opt/airflow/dags/silver_layer_dag.py
[2025-10-24T09:53:25.664+0000] {logging_mixin.py:188} INFO - [2025-10-24T09:53:25.664+0000] {dag.py:3096} INFO - Sync 1 DAGs
[2025-10-24T09:53:25.673+0000] {logging_mixin.py:188} INFO - [2025-10-24T09:53:25.673+0000] {dag.py:3954} INFO - Setting next_dagrun for silver_layer_dag to None, run_after=None
[2025-10-24T09:53:25.686+0000] {processor.py:183} INFO - Processing /opt/airflow/dags/silver_layer_dag.py took 0.163 seconds
[2025-10-24T09:53:55.958+0000] {processor.py:161} INFO - Started process (PID=579) to work on /opt/airflow/dags/silver_layer_dag.py
[2025-10-24T09:53:55.959+0000] {processor.py:830} INFO - Processing file /opt/airflow/dags/silver_layer_dag.py for tasks to queue
[2025-10-24T09:53:55.960+0000] {logging_mixin.py:188} INFO - [2025-10-24T09:53:55.960+0000] {dagbag.py:540} INFO - Filling up the DagBag from /opt/airflow/dags/silver_layer_dag.py
[2025-10-24T09:53:56.088+0000] {processor.py:840} INFO - DAG(s) 'silver_layer_dag' retrieved from /opt/airflow/dags/silver_layer_dag.py
[2025-10-24T09:53:56.107+0000] {logging_mixin.py:188} INFO - [2025-10-24T09:53:56.106+0000] {dag.py:3096} INFO - Sync 1 DAGs
[2025-10-24T09:53:56.116+0000] {logging_mixin.py:188} INFO - [2025-10-24T09:53:56.116+0000] {dag.py:3954} INFO - Setting next_dagrun for silver_layer_dag to None, run_after=None
[2025-10-24T09:53:56.130+0000] {processor.py:183} INFO - Processing /opt/airflow/dags/silver_layer_dag.py took 0.176 seconds
[2025-10-24T09:54:26.338+0000] {processor.py:161} INFO - Started process (PID=583) to work on /opt/airflow/dags/silver_layer_dag.py
[2025-10-24T09:54:26.339+0000] {processor.py:830} INFO - Processing file /opt/airflow/dags/silver_layer_dag.py for tasks to queue
[2025-10-24T09:54:26.340+0000] {logging_mixin.py:188} INFO - [2025-10-24T09:54:26.340+0000] {dagbag.py:540} INFO - Filling up the DagBag from /opt/airflow/dags/silver_layer_dag.py
[2025-10-24T09:54:26.468+0000] {processor.py:840} INFO - DAG(s) 'silver_layer_dag' retrieved from /opt/airflow/dags/silver_layer_dag.py
[2025-10-24T09:54:26.487+0000] {logging_mixin.py:188} INFO - [2025-10-24T09:54:26.487+0000] {dag.py:3096} INFO - Sync 1 DAGs
[2025-10-24T09:54:26.498+0000] {logging_mixin.py:188} INFO - [2025-10-24T09:54:26.497+0000] {dag.py:3954} INFO - Setting next_dagrun for silver_layer_dag to None, run_after=None
[2025-10-24T09:54:26.512+0000] {processor.py:183} INFO - Processing /opt/airflow/dags/silver_layer_dag.py took 0.179 seconds
[2025-10-24T09:54:56.870+0000] {processor.py:161} INFO - Started process (PID=587) to work on /opt/airflow/dags/silver_layer_dag.py
[2025-10-24T09:54:56.871+0000] {processor.py:830} INFO - Processing file /opt/airflow/dags/silver_layer_dag.py for tasks to queue
[2025-10-24T09:54:56.871+0000] {logging_mixin.py:188} INFO - [2025-10-24T09:54:56.871+0000] {dagbag.py:540} INFO - Filling up the DagBag from /opt/airflow/dags/silver_layer_dag.py
[2025-10-24T09:54:56.991+0000] {processor.py:840} INFO - DAG(s) 'silver_layer_dag' retrieved from /opt/airflow/dags/silver_layer_dag.py
[2025-10-24T09:54:57.007+0000] {logging_mixin.py:188} INFO - [2025-10-24T09:54:57.007+0000] {dag.py:3096} INFO - Sync 1 DAGs
[2025-10-24T09:54:57.016+0000] {logging_mixin.py:188} INFO - [2025-10-24T09:54:57.016+0000] {dag.py:3954} INFO - Setting next_dagrun for silver_layer_dag to None, run_after=None
[2025-10-24T09:54:57.029+0000] {processor.py:183} INFO - Processing /opt/airflow/dags/silver_layer_dag.py took 0.163 seconds
[2025-10-24T09:55:28.590+0000] {processor.py:161} INFO - Started process (PID=591) to work on /opt/airflow/dags/silver_layer_dag.py
[2025-10-24T09:55:28.590+0000] {processor.py:830} INFO - Processing file /opt/airflow/dags/silver_layer_dag.py for tasks to queue
[2025-10-24T09:55:28.591+0000] {logging_mixin.py:188} INFO - [2025-10-24T09:55:28.591+0000] {dagbag.py:540} INFO - Filling up the DagBag from /opt/airflow/dags/silver_layer_dag.py
[2025-10-24T09:55:28.717+0000] {processor.py:840} INFO - DAG(s) 'silver_layer_dag' retrieved from /opt/airflow/dags/silver_layer_dag.py
[2025-10-24T09:55:28.737+0000] {logging_mixin.py:188} INFO - [2025-10-24T09:55:28.736+0000] {dag.py:3096} INFO - Sync 1 DAGs
[2025-10-24T09:55:28.746+0000] {logging_mixin.py:188} INFO - [2025-10-24T09:55:28.746+0000] {dag.py:3954} INFO - Setting next_dagrun for silver_layer_dag to None, run_after=None
[2025-10-24T09:55:28.761+0000] {processor.py:183} INFO - Processing /opt/airflow/dags/silver_layer_dag.py took 0.176 seconds
[2025-10-24T09:55:59.034+0000] {processor.py:161} INFO - Started process (PID=595) to work on /opt/airflow/dags/silver_layer_dag.py
[2025-10-24T09:55:59.035+0000] {processor.py:830} INFO - Processing file /opt/airflow/dags/silver_layer_dag.py for tasks to queue
[2025-10-24T09:55:59.036+0000] {logging_mixin.py:188} INFO - [2025-10-24T09:55:59.035+0000] {dagbag.py:540} INFO - Filling up the DagBag from /opt/airflow/dags/silver_layer_dag.py
[2025-10-24T09:55:59.152+0000] {processor.py:840} INFO - DAG(s) 'silver_layer_dag' retrieved from /opt/airflow/dags/silver_layer_dag.py
[2025-10-24T09:55:59.169+0000] {logging_mixin.py:188} INFO - [2025-10-24T09:55:59.169+0000] {dag.py:3096} INFO - Sync 1 DAGs
[2025-10-24T09:55:59.178+0000] {logging_mixin.py:188} INFO - [2025-10-24T09:55:59.178+0000] {dag.py:3954} INFO - Setting next_dagrun for silver_layer_dag to None, run_after=None
[2025-10-24T09:55:59.191+0000] {processor.py:183} INFO - Processing /opt/airflow/dags/silver_layer_dag.py took 0.161 seconds
[2025-10-24T09:56:31.150+0000] {processor.py:161} INFO - Started process (PID=599) to work on /opt/airflow/dags/silver_layer_dag.py
[2025-10-24T09:56:31.151+0000] {processor.py:830} INFO - Processing file /opt/airflow/dags/silver_layer_dag.py for tasks to queue
[2025-10-24T09:56:31.151+0000] {logging_mixin.py:188} INFO - [2025-10-24T09:56:31.151+0000] {dagbag.py:540} INFO - Filling up the DagBag from /opt/airflow/dags/silver_layer_dag.py
[2025-10-24T09:56:31.283+0000] {processor.py:840} INFO - DAG(s) 'silver_layer_dag' retrieved from /opt/airflow/dags/silver_layer_dag.py
[2025-10-24T09:56:31.302+0000] {logging_mixin.py:188} INFO - [2025-10-24T09:56:31.302+0000] {dag.py:3096} INFO - Sync 1 DAGs
[2025-10-24T09:56:31.312+0000] {logging_mixin.py:188} INFO - [2025-10-24T09:56:31.312+0000] {dag.py:3954} INFO - Setting next_dagrun for silver_layer_dag to None, run_after=None
[2025-10-24T09:56:31.327+0000] {processor.py:183} INFO - Processing /opt/airflow/dags/silver_layer_dag.py took 0.181 seconds
[2025-10-24T09:57:03.516+0000] {processor.py:161} INFO - Started process (PID=603) to work on /opt/airflow/dags/silver_layer_dag.py
[2025-10-24T09:57:03.517+0000] {processor.py:830} INFO - Processing file /opt/airflow/dags/silver_layer_dag.py for tasks to queue
[2025-10-24T09:57:03.518+0000] {logging_mixin.py:188} INFO - [2025-10-24T09:57:03.518+0000] {dagbag.py:540} INFO - Filling up the DagBag from /opt/airflow/dags/silver_layer_dag.py
[2025-10-24T09:57:03.637+0000] {processor.py:840} INFO - DAG(s) 'silver_layer_dag' retrieved from /opt/airflow/dags/silver_layer_dag.py
[2025-10-24T09:57:03.655+0000] {logging_mixin.py:188} INFO - [2025-10-24T09:57:03.655+0000] {dag.py:3096} INFO - Sync 1 DAGs
[2025-10-24T09:57:03.664+0000] {logging_mixin.py:188} INFO - [2025-10-24T09:57:03.664+0000] {dag.py:3954} INFO - Setting next_dagrun for silver_layer_dag to None, run_after=None
[2025-10-24T09:57:03.678+0000] {processor.py:183} INFO - Processing /opt/airflow/dags/silver_layer_dag.py took 0.166 seconds
[2025-10-24T09:57:36.522+0000] {processor.py:161} INFO - Started process (PID=607) to work on /opt/airflow/dags/silver_layer_dag.py
[2025-10-24T09:57:36.523+0000] {processor.py:830} INFO - Processing file /opt/airflow/dags/silver_layer_dag.py for tasks to queue
[2025-10-24T09:57:36.523+0000] {logging_mixin.py:188} INFO - [2025-10-24T09:57:36.523+0000] {dagbag.py:540} INFO - Filling up the DagBag from /opt/airflow/dags/silver_layer_dag.py
[2025-10-24T09:57:36.643+0000] {processor.py:840} INFO - DAG(s) 'silver_layer_dag' retrieved from /opt/airflow/dags/silver_layer_dag.py
[2025-10-24T09:57:36.663+0000] {logging_mixin.py:188} INFO - [2025-10-24T09:57:36.663+0000] {dag.py:3096} INFO - Sync 1 DAGs
[2025-10-24T09:57:36.673+0000] {logging_mixin.py:188} INFO - [2025-10-24T09:57:36.673+0000] {dag.py:3954} INFO - Setting next_dagrun for silver_layer_dag to None, run_after=None
[2025-10-24T09:57:36.687+0000] {processor.py:183} INFO - Processing /opt/airflow/dags/silver_layer_dag.py took 0.170 seconds
[2025-10-24T09:58:08.481+0000] {processor.py:161} INFO - Started process (PID=611) to work on /opt/airflow/dags/silver_layer_dag.py
[2025-10-24T09:58:08.482+0000] {processor.py:830} INFO - Processing file /opt/airflow/dags/silver_layer_dag.py for tasks to queue
[2025-10-24T09:58:08.482+0000] {logging_mixin.py:188} INFO - [2025-10-24T09:58:08.482+0000] {dagbag.py:540} INFO - Filling up the DagBag from /opt/airflow/dags/silver_layer_dag.py
[2025-10-24T09:58:08.608+0000] {processor.py:840} INFO - DAG(s) 'silver_layer_dag' retrieved from /opt/airflow/dags/silver_layer_dag.py
[2025-10-24T09:58:08.625+0000] {logging_mixin.py:188} INFO - [2025-10-24T09:58:08.625+0000] {dag.py:3096} INFO - Sync 1 DAGs
[2025-10-24T09:58:08.635+0000] {logging_mixin.py:188} INFO - [2025-10-24T09:58:08.635+0000] {dag.py:3954} INFO - Setting next_dagrun for silver_layer_dag to None, run_after=None
[2025-10-24T09:58:08.649+0000] {processor.py:183} INFO - Processing /opt/airflow/dags/silver_layer_dag.py took 0.173 seconds
[2025-10-24T09:58:41.275+0000] {processor.py:161} INFO - Started process (PID=615) to work on /opt/airflow/dags/silver_layer_dag.py
[2025-10-24T09:58:41.276+0000] {processor.py:830} INFO - Processing file /opt/airflow/dags/silver_layer_dag.py for tasks to queue
[2025-10-24T09:58:41.276+0000] {logging_mixin.py:188} INFO - [2025-10-24T09:58:41.276+0000] {dagbag.py:540} INFO - Filling up the DagBag from /opt/airflow/dags/silver_layer_dag.py
[2025-10-24T09:58:41.402+0000] {processor.py:840} INFO - DAG(s) 'silver_layer_dag' retrieved from /opt/airflow/dags/silver_layer_dag.py
[2025-10-24T09:58:41.421+0000] {logging_mixin.py:188} INFO - [2025-10-24T09:58:41.421+0000] {dag.py:3096} INFO - Sync 1 DAGs
[2025-10-24T09:58:41.430+0000] {logging_mixin.py:188} INFO - [2025-10-24T09:58:41.430+0000] {dag.py:3954} INFO - Setting next_dagrun for silver_layer_dag to None, run_after=None
[2025-10-24T09:58:41.444+0000] {processor.py:183} INFO - Processing /opt/airflow/dags/silver_layer_dag.py took 0.173 seconds
[2025-10-24T09:59:12.071+0000] {processor.py:161} INFO - Started process (PID=619) to work on /opt/airflow/dags/silver_layer_dag.py
[2025-10-24T09:59:12.071+0000] {processor.py:830} INFO - Processing file /opt/airflow/dags/silver_layer_dag.py for tasks to queue
[2025-10-24T09:59:12.072+0000] {logging_mixin.py:188} INFO - [2025-10-24T09:59:12.072+0000] {dagbag.py:540} INFO - Filling up the DagBag from /opt/airflow/dags/silver_layer_dag.py
[2025-10-24T09:59:12.190+0000] {processor.py:840} INFO - DAG(s) 'silver_layer_dag' retrieved from /opt/airflow/dags/silver_layer_dag.py
[2025-10-24T09:59:12.207+0000] {logging_mixin.py:188} INFO - [2025-10-24T09:59:12.207+0000] {dag.py:3096} INFO - Sync 1 DAGs
[2025-10-24T09:59:12.218+0000] {logging_mixin.py:188} INFO - [2025-10-24T09:59:12.218+0000] {dag.py:3954} INFO - Setting next_dagrun for silver_layer_dag to None, run_after=None
[2025-10-24T09:59:12.232+0000] {processor.py:183} INFO - Processing /opt/airflow/dags/silver_layer_dag.py took 0.166 seconds
[2025-10-24T09:59:42.512+0000] {processor.py:161} INFO - Started process (PID=623) to work on /opt/airflow/dags/silver_layer_dag.py
[2025-10-24T09:59:42.513+0000] {processor.py:830} INFO - Processing file /opt/airflow/dags/silver_layer_dag.py for tasks to queue
[2025-10-24T09:59:42.513+0000] {logging_mixin.py:188} INFO - [2025-10-24T09:59:42.513+0000] {dagbag.py:540} INFO - Filling up the DagBag from /opt/airflow/dags/silver_layer_dag.py
[2025-10-24T09:59:42.637+0000] {processor.py:840} INFO - DAG(s) 'silver_layer_dag' retrieved from /opt/airflow/dags/silver_layer_dag.py
[2025-10-24T09:59:42.657+0000] {logging_mixin.py:188} INFO - [2025-10-24T09:59:42.657+0000] {dag.py:3096} INFO - Sync 1 DAGs
[2025-10-24T09:59:42.667+0000] {logging_mixin.py:188} INFO - [2025-10-24T09:59:42.667+0000] {dag.py:3954} INFO - Setting next_dagrun for silver_layer_dag to None, run_after=None
[2025-10-24T09:59:42.682+0000] {processor.py:183} INFO - Processing /opt/airflow/dags/silver_layer_dag.py took 0.175 seconds
[2025-10-24T10:00:13.379+0000] {processor.py:161} INFO - Started process (PID=627) to work on /opt/airflow/dags/silver_layer_dag.py
[2025-10-24T10:00:13.380+0000] {processor.py:830} INFO - Processing file /opt/airflow/dags/silver_layer_dag.py for tasks to queue
[2025-10-24T10:00:13.381+0000] {logging_mixin.py:188} INFO - [2025-10-24T10:00:13.381+0000] {dagbag.py:540} INFO - Filling up the DagBag from /opt/airflow/dags/silver_layer_dag.py
[2025-10-24T10:00:13.505+0000] {processor.py:840} INFO - DAG(s) 'silver_layer_dag' retrieved from /opt/airflow/dags/silver_layer_dag.py
[2025-10-24T10:00:13.524+0000] {logging_mixin.py:188} INFO - [2025-10-24T10:00:13.524+0000] {dag.py:3096} INFO - Sync 1 DAGs
[2025-10-24T10:00:13.534+0000] {logging_mixin.py:188} INFO - [2025-10-24T10:00:13.534+0000] {dag.py:3954} INFO - Setting next_dagrun for silver_layer_dag to None, run_after=None
[2025-10-24T10:00:13.548+0000] {processor.py:183} INFO - Processing /opt/airflow/dags/silver_layer_dag.py took 0.173 seconds
[2025-10-24T10:00:44.109+0000] {processor.py:161} INFO - Started process (PID=631) to work on /opt/airflow/dags/silver_layer_dag.py
[2025-10-24T10:00:44.109+0000] {processor.py:830} INFO - Processing file /opt/airflow/dags/silver_layer_dag.py for tasks to queue
[2025-10-24T10:00:44.110+0000] {logging_mixin.py:188} INFO - [2025-10-24T10:00:44.110+0000] {dagbag.py:540} INFO - Filling up the DagBag from /opt/airflow/dags/silver_layer_dag.py
[2025-10-24T10:00:44.228+0000] {processor.py:840} INFO - DAG(s) 'silver_layer_dag' retrieved from /opt/airflow/dags/silver_layer_dag.py
[2025-10-24T10:00:44.246+0000] {logging_mixin.py:188} INFO - [2025-10-24T10:00:44.246+0000] {dag.py:3096} INFO - Sync 1 DAGs
[2025-10-24T10:00:44.256+0000] {logging_mixin.py:188} INFO - [2025-10-24T10:00:44.256+0000] {dag.py:3954} INFO - Setting next_dagrun for silver_layer_dag to None, run_after=None
[2025-10-24T10:00:44.270+0000] {processor.py:183} INFO - Processing /opt/airflow/dags/silver_layer_dag.py took 0.165 seconds
[2025-10-24T10:01:14.340+0000] {processor.py:161} INFO - Started process (PID=635) to work on /opt/airflow/dags/silver_layer_dag.py
[2025-10-24T10:01:14.341+0000] {processor.py:830} INFO - Processing file /opt/airflow/dags/silver_layer_dag.py for tasks to queue
[2025-10-24T10:01:14.341+0000] {logging_mixin.py:188} INFO - [2025-10-24T10:01:14.341+0000] {dagbag.py:540} INFO - Filling up the DagBag from /opt/airflow/dags/silver_layer_dag.py
[2025-10-24T10:01:14.459+0000] {processor.py:840} INFO - DAG(s) 'silver_layer_dag' retrieved from /opt/airflow/dags/silver_layer_dag.py
[2025-10-24T10:01:14.476+0000] {logging_mixin.py:188} INFO - [2025-10-24T10:01:14.476+0000] {dag.py:3096} INFO - Sync 1 DAGs
[2025-10-24T10:01:14.486+0000] {logging_mixin.py:188} INFO - [2025-10-24T10:01:14.486+0000] {dag.py:3954} INFO - Setting next_dagrun for silver_layer_dag to None, run_after=None
[2025-10-24T10:01:14.499+0000] {processor.py:183} INFO - Processing /opt/airflow/dags/silver_layer_dag.py took 0.164 seconds
[2025-10-24T10:01:44.536+0000] {processor.py:161} INFO - Started process (PID=639) to work on /opt/airflow/dags/silver_layer_dag.py
[2025-10-24T10:01:44.537+0000] {processor.py:830} INFO - Processing file /opt/airflow/dags/silver_layer_dag.py for tasks to queue
[2025-10-24T10:01:44.537+0000] {logging_mixin.py:188} INFO - [2025-10-24T10:01:44.537+0000] {dagbag.py:540} INFO - Filling up the DagBag from /opt/airflow/dags/silver_layer_dag.py
[2025-10-24T10:01:44.665+0000] {processor.py:840} INFO - DAG(s) 'silver_layer_dag' retrieved from /opt/airflow/dags/silver_layer_dag.py
[2025-10-24T10:01:44.685+0000] {logging_mixin.py:188} INFO - [2025-10-24T10:01:44.685+0000] {dag.py:3096} INFO - Sync 1 DAGs
[2025-10-24T10:01:44.694+0000] {logging_mixin.py:188} INFO - [2025-10-24T10:01:44.694+0000] {dag.py:3954} INFO - Setting next_dagrun for silver_layer_dag to None, run_after=None
[2025-10-24T10:01:44.708+0000] {processor.py:183} INFO - Processing /opt/airflow/dags/silver_layer_dag.py took 0.177 seconds
[2025-10-24T10:02:15.060+0000] {processor.py:161} INFO - Started process (PID=643) to work on /opt/airflow/dags/silver_layer_dag.py
[2025-10-24T10:02:15.061+0000] {processor.py:830} INFO - Processing file /opt/airflow/dags/silver_layer_dag.py for tasks to queue
[2025-10-24T10:02:15.062+0000] {logging_mixin.py:188} INFO - [2025-10-24T10:02:15.061+0000] {dagbag.py:540} INFO - Filling up the DagBag from /opt/airflow/dags/silver_layer_dag.py
[2025-10-24T10:02:15.184+0000] {processor.py:840} INFO - DAG(s) 'silver_layer_dag' retrieved from /opt/airflow/dags/silver_layer_dag.py
[2025-10-24T10:02:15.202+0000] {logging_mixin.py:188} INFO - [2025-10-24T10:02:15.202+0000] {dag.py:3096} INFO - Sync 1 DAGs
[2025-10-24T10:02:15.211+0000] {logging_mixin.py:188} INFO - [2025-10-24T10:02:15.211+0000] {dag.py:3954} INFO - Setting next_dagrun for silver_layer_dag to None, run_after=None
[2025-10-24T10:02:15.225+0000] {processor.py:183} INFO - Processing /opt/airflow/dags/silver_layer_dag.py took 0.169 seconds
[2025-10-24T10:02:45.323+0000] {processor.py:161} INFO - Started process (PID=647) to work on /opt/airflow/dags/silver_layer_dag.py
[2025-10-24T10:02:45.324+0000] {processor.py:830} INFO - Processing file /opt/airflow/dags/silver_layer_dag.py for tasks to queue
[2025-10-24T10:02:45.325+0000] {logging_mixin.py:188} INFO - [2025-10-24T10:02:45.325+0000] {dagbag.py:540} INFO - Filling up the DagBag from /opt/airflow/dags/silver_layer_dag.py
[2025-10-24T10:02:45.463+0000] {processor.py:840} INFO - DAG(s) 'silver_layer_dag' retrieved from /opt/airflow/dags/silver_layer_dag.py
[2025-10-24T10:02:45.483+0000] {logging_mixin.py:188} INFO - [2025-10-24T10:02:45.483+0000] {dag.py:3096} INFO - Sync 1 DAGs
[2025-10-24T10:02:45.493+0000] {logging_mixin.py:188} INFO - [2025-10-24T10:02:45.493+0000] {dag.py:3954} INFO - Setting next_dagrun for silver_layer_dag to None, run_after=None
[2025-10-24T10:02:45.508+0000] {processor.py:183} INFO - Processing /opt/airflow/dags/silver_layer_dag.py took 0.190 seconds
[2025-10-24T10:03:15.549+0000] {processor.py:161} INFO - Started process (PID=651) to work on /opt/airflow/dags/silver_layer_dag.py
[2025-10-24T10:03:15.549+0000] {processor.py:830} INFO - Processing file /opt/airflow/dags/silver_layer_dag.py for tasks to queue
[2025-10-24T10:03:15.550+0000] {logging_mixin.py:188} INFO - [2025-10-24T10:03:15.550+0000] {dagbag.py:540} INFO - Filling up the DagBag from /opt/airflow/dags/silver_layer_dag.py
[2025-10-24T10:03:15.677+0000] {processor.py:840} INFO - DAG(s) 'silver_layer_dag' retrieved from /opt/airflow/dags/silver_layer_dag.py
[2025-10-24T10:03:15.696+0000] {logging_mixin.py:188} INFO - [2025-10-24T10:03:15.695+0000] {dag.py:3096} INFO - Sync 1 DAGs
[2025-10-24T10:03:15.706+0000] {logging_mixin.py:188} INFO - [2025-10-24T10:03:15.706+0000] {dag.py:3954} INFO - Setting next_dagrun for silver_layer_dag to None, run_after=None
[2025-10-24T10:03:15.720+0000] {processor.py:183} INFO - Processing /opt/airflow/dags/silver_layer_dag.py took 0.176 seconds
[2025-10-24T10:03:46.076+0000] {processor.py:161} INFO - Started process (PID=655) to work on /opt/airflow/dags/silver_layer_dag.py
[2025-10-24T10:03:46.077+0000] {processor.py:830} INFO - Processing file /opt/airflow/dags/silver_layer_dag.py for tasks to queue
[2025-10-24T10:03:46.078+0000] {logging_mixin.py:188} INFO - [2025-10-24T10:03:46.077+0000] {dagbag.py:540} INFO - Filling up the DagBag from /opt/airflow/dags/silver_layer_dag.py
[2025-10-24T10:03:46.191+0000] {processor.py:840} INFO - DAG(s) 'silver_layer_dag' retrieved from /opt/airflow/dags/silver_layer_dag.py
[2025-10-24T10:03:46.208+0000] {logging_mixin.py:188} INFO - [2025-10-24T10:03:46.208+0000] {dag.py:3096} INFO - Sync 1 DAGs
[2025-10-24T10:03:46.217+0000] {logging_mixin.py:188} INFO - [2025-10-24T10:03:46.217+0000] {dag.py:3954} INFO - Setting next_dagrun for silver_layer_dag to None, run_after=None
[2025-10-24T10:03:46.230+0000] {processor.py:183} INFO - Processing /opt/airflow/dags/silver_layer_dag.py took 0.158 seconds
[2025-10-24T10:04:17.172+0000] {processor.py:161} INFO - Started process (PID=659) to work on /opt/airflow/dags/silver_layer_dag.py
[2025-10-24T10:04:17.173+0000] {processor.py:830} INFO - Processing file /opt/airflow/dags/silver_layer_dag.py for tasks to queue
[2025-10-24T10:04:17.174+0000] {logging_mixin.py:188} INFO - [2025-10-24T10:04:17.174+0000] {dagbag.py:540} INFO - Filling up the DagBag from /opt/airflow/dags/silver_layer_dag.py
[2025-10-24T10:04:17.305+0000] {processor.py:840} INFO - DAG(s) 'silver_layer_dag' retrieved from /opt/airflow/dags/silver_layer_dag.py
[2025-10-24T10:04:17.321+0000] {logging_mixin.py:188} INFO - [2025-10-24T10:04:17.321+0000] {dag.py:3096} INFO - Sync 1 DAGs
[2025-10-24T10:04:17.330+0000] {logging_mixin.py:188} INFO - [2025-10-24T10:04:17.330+0000] {dag.py:3954} INFO - Setting next_dagrun for silver_layer_dag to None, run_after=None
[2025-10-24T10:04:17.343+0000] {processor.py:183} INFO - Processing /opt/airflow/dags/silver_layer_dag.py took 0.175 seconds
[2025-10-24T10:04:48.304+0000] {processor.py:161} INFO - Started process (PID=663) to work on /opt/airflow/dags/silver_layer_dag.py
[2025-10-24T10:04:48.305+0000] {processor.py:830} INFO - Processing file /opt/airflow/dags/silver_layer_dag.py for tasks to queue
[2025-10-24T10:04:48.306+0000] {logging_mixin.py:188} INFO - [2025-10-24T10:04:48.306+0000] {dagbag.py:540} INFO - Filling up the DagBag from /opt/airflow/dags/silver_layer_dag.py
[2025-10-24T10:04:48.430+0000] {processor.py:840} INFO - DAG(s) 'silver_layer_dag' retrieved from /opt/airflow/dags/silver_layer_dag.py
[2025-10-24T10:04:48.449+0000] {logging_mixin.py:188} INFO - [2025-10-24T10:04:48.449+0000] {dag.py:3096} INFO - Sync 1 DAGs
[2025-10-24T10:04:48.459+0000] {logging_mixin.py:188} INFO - [2025-10-24T10:04:48.459+0000] {dag.py:3954} INFO - Setting next_dagrun for silver_layer_dag to None, run_after=None
[2025-10-24T10:04:48.474+0000] {processor.py:183} INFO - Processing /opt/airflow/dags/silver_layer_dag.py took 0.175 seconds
[2025-10-24T10:05:18.837+0000] {processor.py:161} INFO - Started process (PID=667) to work on /opt/airflow/dags/silver_layer_dag.py
[2025-10-24T10:05:18.838+0000] {processor.py:830} INFO - Processing file /opt/airflow/dags/silver_layer_dag.py for tasks to queue
[2025-10-24T10:05:18.839+0000] {logging_mixin.py:188} INFO - [2025-10-24T10:05:18.838+0000] {dagbag.py:540} INFO - Filling up the DagBag from /opt/airflow/dags/silver_layer_dag.py
[2025-10-24T10:05:18.963+0000] {processor.py:840} INFO - DAG(s) 'silver_layer_dag' retrieved from /opt/airflow/dags/silver_layer_dag.py
[2025-10-24T10:05:18.981+0000] {logging_mixin.py:188} INFO - [2025-10-24T10:05:18.980+0000] {dag.py:3096} INFO - Sync 1 DAGs
[2025-10-24T10:05:18.990+0000] {logging_mixin.py:188} INFO - [2025-10-24T10:05:18.990+0000] {dag.py:3954} INFO - Setting next_dagrun for silver_layer_dag to None, run_after=None
[2025-10-24T10:05:19.004+0000] {processor.py:183} INFO - Processing /opt/airflow/dags/silver_layer_dag.py took 0.172 seconds
[2025-10-24T10:05:49.384+0000] {processor.py:161} INFO - Started process (PID=671) to work on /opt/airflow/dags/silver_layer_dag.py
[2025-10-24T10:05:49.385+0000] {processor.py:830} INFO - Processing file /opt/airflow/dags/silver_layer_dag.py for tasks to queue
[2025-10-24T10:05:49.386+0000] {logging_mixin.py:188} INFO - [2025-10-24T10:05:49.386+0000] {dagbag.py:540} INFO - Filling up the DagBag from /opt/airflow/dags/silver_layer_dag.py
[2025-10-24T10:05:49.512+0000] {processor.py:840} INFO - DAG(s) 'silver_layer_dag' retrieved from /opt/airflow/dags/silver_layer_dag.py
[2025-10-24T10:05:49.531+0000] {logging_mixin.py:188} INFO - [2025-10-24T10:05:49.531+0000] {dag.py:3096} INFO - Sync 1 DAGs
[2025-10-24T10:05:49.541+0000] {logging_mixin.py:188} INFO - [2025-10-24T10:05:49.541+0000] {dag.py:3954} INFO - Setting next_dagrun for silver_layer_dag to None, run_after=None
[2025-10-24T10:05:49.554+0000] {processor.py:183} INFO - Processing /opt/airflow/dags/silver_layer_dag.py took 0.175 seconds
[2025-10-24T10:06:20.502+0000] {processor.py:161} INFO - Started process (PID=675) to work on /opt/airflow/dags/silver_layer_dag.py
[2025-10-24T10:06:20.503+0000] {processor.py:830} INFO - Processing file /opt/airflow/dags/silver_layer_dag.py for tasks to queue
[2025-10-24T10:06:20.504+0000] {logging_mixin.py:188} INFO - [2025-10-24T10:06:20.503+0000] {dagbag.py:540} INFO - Filling up the DagBag from /opt/airflow/dags/silver_layer_dag.py
[2025-10-24T10:06:20.622+0000] {processor.py:840} INFO - DAG(s) 'silver_layer_dag' retrieved from /opt/airflow/dags/silver_layer_dag.py
[2025-10-24T10:06:20.639+0000] {logging_mixin.py:188} INFO - [2025-10-24T10:06:20.639+0000] {dag.py:3096} INFO - Sync 1 DAGs
[2025-10-24T10:06:20.647+0000] {logging_mixin.py:188} INFO - [2025-10-24T10:06:20.647+0000] {dag.py:3954} INFO - Setting next_dagrun for silver_layer_dag to None, run_after=None
[2025-10-24T10:06:20.660+0000] {processor.py:183} INFO - Processing /opt/airflow/dags/silver_layer_dag.py took 0.163 seconds
[2025-10-24T10:06:50.880+0000] {processor.py:161} INFO - Started process (PID=679) to work on /opt/airflow/dags/silver_layer_dag.py
[2025-10-24T10:06:50.882+0000] {processor.py:830} INFO - Processing file /opt/airflow/dags/silver_layer_dag.py for tasks to queue
[2025-10-24T10:06:50.883+0000] {logging_mixin.py:188} INFO - [2025-10-24T10:06:50.883+0000] {dagbag.py:540} INFO - Filling up the DagBag from /opt/airflow/dags/silver_layer_dag.py
[2025-10-24T10:06:51.013+0000] {processor.py:840} INFO - DAG(s) 'silver_layer_dag' retrieved from /opt/airflow/dags/silver_layer_dag.py
[2025-10-24T10:06:51.031+0000] {logging_mixin.py:188} INFO - [2025-10-24T10:06:51.030+0000] {dag.py:3096} INFO - Sync 1 DAGs
[2025-10-24T10:06:51.040+0000] {logging_mixin.py:188} INFO - [2025-10-24T10:06:51.039+0000] {dag.py:3954} INFO - Setting next_dagrun for silver_layer_dag to None, run_after=None
[2025-10-24T10:06:51.058+0000] {processor.py:183} INFO - Processing /opt/airflow/dags/silver_layer_dag.py took 0.186 seconds
[2025-10-24T10:07:21.144+0000] {processor.py:161} INFO - Started process (PID=683) to work on /opt/airflow/dags/silver_layer_dag.py
[2025-10-24T10:07:21.145+0000] {processor.py:830} INFO - Processing file /opt/airflow/dags/silver_layer_dag.py for tasks to queue
[2025-10-24T10:07:21.146+0000] {logging_mixin.py:188} INFO - [2025-10-24T10:07:21.146+0000] {dagbag.py:540} INFO - Filling up the DagBag from /opt/airflow/dags/silver_layer_dag.py
[2025-10-24T10:07:21.262+0000] {processor.py:840} INFO - DAG(s) 'silver_layer_dag' retrieved from /opt/airflow/dags/silver_layer_dag.py
[2025-10-24T10:07:21.280+0000] {logging_mixin.py:188} INFO - [2025-10-24T10:07:21.279+0000] {dag.py:3096} INFO - Sync 1 DAGs
[2025-10-24T10:07:21.288+0000] {logging_mixin.py:188} INFO - [2025-10-24T10:07:21.288+0000] {dag.py:3954} INFO - Setting next_dagrun for silver_layer_dag to None, run_after=None
[2025-10-24T10:07:21.302+0000] {processor.py:183} INFO - Processing /opt/airflow/dags/silver_layer_dag.py took 0.162 seconds
[2025-10-24T10:07:52.087+0000] {processor.py:161} INFO - Started process (PID=687) to work on /opt/airflow/dags/silver_layer_dag.py
[2025-10-24T10:07:52.087+0000] {processor.py:830} INFO - Processing file /opt/airflow/dags/silver_layer_dag.py for tasks to queue
[2025-10-24T10:07:52.088+0000] {logging_mixin.py:188} INFO - [2025-10-24T10:07:52.088+0000] {dagbag.py:540} INFO - Filling up the DagBag from /opt/airflow/dags/silver_layer_dag.py
[2025-10-24T10:07:52.201+0000] {processor.py:840} INFO - DAG(s) 'silver_layer_dag' retrieved from /opt/airflow/dags/silver_layer_dag.py
[2025-10-24T10:07:52.218+0000] {logging_mixin.py:188} INFO - [2025-10-24T10:07:52.218+0000] {dag.py:3096} INFO - Sync 1 DAGs
[2025-10-24T10:07:52.228+0000] {logging_mixin.py:188} INFO - [2025-10-24T10:07:52.227+0000] {dag.py:3954} INFO - Setting next_dagrun for silver_layer_dag to None, run_after=None
[2025-10-24T10:07:52.242+0000] {processor.py:183} INFO - Processing /opt/airflow/dags/silver_layer_dag.py took 0.160 seconds
[2025-10-24T10:08:22.853+0000] {processor.py:161} INFO - Started process (PID=691) to work on /opt/airflow/dags/silver_layer_dag.py
[2025-10-24T10:08:22.854+0000] {processor.py:830} INFO - Processing file /opt/airflow/dags/silver_layer_dag.py for tasks to queue
[2025-10-24T10:08:22.854+0000] {logging_mixin.py:188} INFO - [2025-10-24T10:08:22.854+0000] {dagbag.py:540} INFO - Filling up the DagBag from /opt/airflow/dags/silver_layer_dag.py
[2025-10-24T10:08:22.969+0000] {processor.py:840} INFO - DAG(s) 'silver_layer_dag' retrieved from /opt/airflow/dags/silver_layer_dag.py
[2025-10-24T10:08:22.986+0000] {logging_mixin.py:188} INFO - [2025-10-24T10:08:22.986+0000] {dag.py:3096} INFO - Sync 1 DAGs
[2025-10-24T10:08:22.994+0000] {logging_mixin.py:188} INFO - [2025-10-24T10:08:22.994+0000] {dag.py:3954} INFO - Setting next_dagrun for silver_layer_dag to None, run_after=None
[2025-10-24T10:08:23.007+0000] {processor.py:183} INFO - Processing /opt/airflow/dags/silver_layer_dag.py took 0.159 seconds
[2025-10-24T10:08:53.068+0000] {processor.py:161} INFO - Started process (PID=695) to work on /opt/airflow/dags/silver_layer_dag.py
[2025-10-24T10:08:53.069+0000] {processor.py:830} INFO - Processing file /opt/airflow/dags/silver_layer_dag.py for tasks to queue
[2025-10-24T10:08:53.070+0000] {logging_mixin.py:188} INFO - [2025-10-24T10:08:53.070+0000] {dagbag.py:540} INFO - Filling up the DagBag from /opt/airflow/dags/silver_layer_dag.py
[2025-10-24T10:08:53.207+0000] {processor.py:840} INFO - DAG(s) 'silver_layer_dag' retrieved from /opt/airflow/dags/silver_layer_dag.py
[2025-10-24T10:08:53.229+0000] {logging_mixin.py:188} INFO - [2025-10-24T10:08:53.229+0000] {dag.py:3096} INFO - Sync 1 DAGs
[2025-10-24T10:08:53.240+0000] {logging_mixin.py:188} INFO - [2025-10-24T10:08:53.240+0000] {dag.py:3954} INFO - Setting next_dagrun for silver_layer_dag to None, run_after=None
[2025-10-24T10:08:53.256+0000] {processor.py:183} INFO - Processing /opt/airflow/dags/silver_layer_dag.py took 0.193 seconds
[2025-10-24T10:09:23.650+0000] {processor.py:161} INFO - Started process (PID=699) to work on /opt/airflow/dags/silver_layer_dag.py
[2025-10-24T10:09:23.651+0000] {processor.py:830} INFO - Processing file /opt/airflow/dags/silver_layer_dag.py for tasks to queue
[2025-10-24T10:09:23.651+0000] {logging_mixin.py:188} INFO - [2025-10-24T10:09:23.651+0000] {dagbag.py:540} INFO - Filling up the DagBag from /opt/airflow/dags/silver_layer_dag.py
[2025-10-24T10:09:23.775+0000] {processor.py:840} INFO - DAG(s) 'silver_layer_dag' retrieved from /opt/airflow/dags/silver_layer_dag.py
[2025-10-24T10:09:23.793+0000] {logging_mixin.py:188} INFO - [2025-10-24T10:09:23.792+0000] {dag.py:3096} INFO - Sync 1 DAGs
[2025-10-24T10:09:23.802+0000] {logging_mixin.py:188} INFO - [2025-10-24T10:09:23.802+0000] {dag.py:3954} INFO - Setting next_dagrun for silver_layer_dag to None, run_after=None
[2025-10-24T10:09:23.817+0000] {processor.py:183} INFO - Processing /opt/airflow/dags/silver_layer_dag.py took 0.172 seconds
[2025-10-24T10:09:54.196+0000] {processor.py:161} INFO - Started process (PID=703) to work on /opt/airflow/dags/silver_layer_dag.py
[2025-10-24T10:09:54.197+0000] {processor.py:830} INFO - Processing file /opt/airflow/dags/silver_layer_dag.py for tasks to queue
[2025-10-24T10:09:54.198+0000] {logging_mixin.py:188} INFO - [2025-10-24T10:09:54.198+0000] {dagbag.py:540} INFO - Filling up the DagBag from /opt/airflow/dags/silver_layer_dag.py
[2025-10-24T10:09:54.324+0000] {processor.py:840} INFO - DAG(s) 'silver_layer_dag' retrieved from /opt/airflow/dags/silver_layer_dag.py
[2025-10-24T10:09:54.341+0000] {logging_mixin.py:188} INFO - [2025-10-24T10:09:54.341+0000] {dag.py:3096} INFO - Sync 1 DAGs
[2025-10-24T10:09:54.351+0000] {logging_mixin.py:188} INFO - [2025-10-24T10:09:54.351+0000] {dag.py:3954} INFO - Setting next_dagrun for silver_layer_dag to None, run_after=None
[2025-10-24T10:09:54.365+0000] {processor.py:183} INFO - Processing /opt/airflow/dags/silver_layer_dag.py took 0.173 seconds
[2025-10-24T10:10:24.690+0000] {processor.py:161} INFO - Started process (PID=707) to work on /opt/airflow/dags/silver_layer_dag.py
[2025-10-24T10:10:24.691+0000] {processor.py:830} INFO - Processing file /opt/airflow/dags/silver_layer_dag.py for tasks to queue
[2025-10-24T10:10:24.692+0000] {logging_mixin.py:188} INFO - [2025-10-24T10:10:24.691+0000] {dagbag.py:540} INFO - Filling up the DagBag from /opt/airflow/dags/silver_layer_dag.py
[2025-10-24T10:10:24.811+0000] {processor.py:840} INFO - DAG(s) 'silver_layer_dag' retrieved from /opt/airflow/dags/silver_layer_dag.py
[2025-10-24T10:10:24.828+0000] {logging_mixin.py:188} INFO - [2025-10-24T10:10:24.828+0000] {dag.py:3096} INFO - Sync 1 DAGs
[2025-10-24T10:10:24.838+0000] {logging_mixin.py:188} INFO - [2025-10-24T10:10:24.837+0000] {dag.py:3954} INFO - Setting next_dagrun for silver_layer_dag to None, run_after=None
[2025-10-24T10:10:24.851+0000] {processor.py:183} INFO - Processing /opt/airflow/dags/silver_layer_dag.py took 0.166 seconds
[2025-10-24T10:10:55.142+0000] {processor.py:161} INFO - Started process (PID=711) to work on /opt/airflow/dags/silver_layer_dag.py
[2025-10-24T10:10:55.143+0000] {processor.py:830} INFO - Processing file /opt/airflow/dags/silver_layer_dag.py for tasks to queue
[2025-10-24T10:10:55.143+0000] {logging_mixin.py:188} INFO - [2025-10-24T10:10:55.143+0000] {dagbag.py:540} INFO - Filling up the DagBag from /opt/airflow/dags/silver_layer_dag.py
[2025-10-24T10:10:55.260+0000] {processor.py:840} INFO - DAG(s) 'silver_layer_dag' retrieved from /opt/airflow/dags/silver_layer_dag.py
[2025-10-24T10:10:55.278+0000] {logging_mixin.py:188} INFO - [2025-10-24T10:10:55.277+0000] {dag.py:3096} INFO - Sync 1 DAGs
[2025-10-24T10:10:55.286+0000] {logging_mixin.py:188} INFO - [2025-10-24T10:10:55.286+0000] {dag.py:3954} INFO - Setting next_dagrun for silver_layer_dag to None, run_after=None
[2025-10-24T10:10:55.300+0000] {processor.py:183} INFO - Processing /opt/airflow/dags/silver_layer_dag.py took 0.163 seconds
[2025-10-24T10:11:25.564+0000] {processor.py:161} INFO - Started process (PID=715) to work on /opt/airflow/dags/silver_layer_dag.py
[2025-10-24T10:11:25.564+0000] {processor.py:830} INFO - Processing file /opt/airflow/dags/silver_layer_dag.py for tasks to queue
[2025-10-24T10:11:25.565+0000] {logging_mixin.py:188} INFO - [2025-10-24T10:11:25.565+0000] {dagbag.py:540} INFO - Filling up the DagBag from /opt/airflow/dags/silver_layer_dag.py
[2025-10-24T10:11:25.693+0000] {processor.py:840} INFO - DAG(s) 'silver_layer_dag' retrieved from /opt/airflow/dags/silver_layer_dag.py
[2025-10-24T10:11:25.712+0000] {logging_mixin.py:188} INFO - [2025-10-24T10:11:25.712+0000] {dag.py:3096} INFO - Sync 1 DAGs
[2025-10-24T10:11:25.722+0000] {logging_mixin.py:188} INFO - [2025-10-24T10:11:25.721+0000] {dag.py:3954} INFO - Setting next_dagrun for silver_layer_dag to None, run_after=None
[2025-10-24T10:11:25.736+0000] {processor.py:183} INFO - Processing /opt/airflow/dags/silver_layer_dag.py took 0.178 seconds
[2025-10-24T10:11:55.983+0000] {processor.py:161} INFO - Started process (PID=719) to work on /opt/airflow/dags/silver_layer_dag.py
[2025-10-24T10:11:55.984+0000] {processor.py:830} INFO - Processing file /opt/airflow/dags/silver_layer_dag.py for tasks to queue
[2025-10-24T10:11:55.985+0000] {logging_mixin.py:188} INFO - [2025-10-24T10:11:55.985+0000] {dagbag.py:540} INFO - Filling up the DagBag from /opt/airflow/dags/silver_layer_dag.py
[2025-10-24T10:11:56.112+0000] {processor.py:840} INFO - DAG(s) 'silver_layer_dag' retrieved from /opt/airflow/dags/silver_layer_dag.py
[2025-10-24T10:11:56.131+0000] {logging_mixin.py:188} INFO - [2025-10-24T10:11:56.131+0000] {dag.py:3096} INFO - Sync 1 DAGs
[2025-10-24T10:11:56.142+0000] {logging_mixin.py:188} INFO - [2025-10-24T10:11:56.142+0000] {dag.py:3954} INFO - Setting next_dagrun for silver_layer_dag to None, run_after=None
[2025-10-24T10:11:56.157+0000] {processor.py:183} INFO - Processing /opt/airflow/dags/silver_layer_dag.py took 0.178 seconds
[2025-10-24T10:12:27.470+0000] {processor.py:161} INFO - Started process (PID=723) to work on /opt/airflow/dags/silver_layer_dag.py
[2025-10-24T10:12:27.471+0000] {processor.py:830} INFO - Processing file /opt/airflow/dags/silver_layer_dag.py for tasks to queue
[2025-10-24T10:12:27.471+0000] {logging_mixin.py:188} INFO - [2025-10-24T10:12:27.471+0000] {dagbag.py:540} INFO - Filling up the DagBag from /opt/airflow/dags/silver_layer_dag.py
[2025-10-24T10:12:27.595+0000] {processor.py:840} INFO - DAG(s) 'silver_layer_dag' retrieved from /opt/airflow/dags/silver_layer_dag.py
[2025-10-24T10:12:27.614+0000] {logging_mixin.py:188} INFO - [2025-10-24T10:12:27.614+0000] {dag.py:3096} INFO - Sync 1 DAGs
[2025-10-24T10:12:27.625+0000] {logging_mixin.py:188} INFO - [2025-10-24T10:12:27.625+0000] {dag.py:3954} INFO - Setting next_dagrun for silver_layer_dag to None, run_after=None
[2025-10-24T10:12:27.640+0000] {processor.py:183} INFO - Processing /opt/airflow/dags/silver_layer_dag.py took 0.175 seconds
[2025-10-24T10:12:57.917+0000] {processor.py:161} INFO - Started process (PID=727) to work on /opt/airflow/dags/silver_layer_dag.py
[2025-10-24T10:12:57.918+0000] {processor.py:830} INFO - Processing file /opt/airflow/dags/silver_layer_dag.py for tasks to queue
[2025-10-24T10:12:57.919+0000] {logging_mixin.py:188} INFO - [2025-10-24T10:12:57.918+0000] {dagbag.py:540} INFO - Filling up the DagBag from /opt/airflow/dags/silver_layer_dag.py
[2025-10-24T10:12:58.051+0000] {processor.py:840} INFO - DAG(s) 'silver_layer_dag' retrieved from /opt/airflow/dags/silver_layer_dag.py
[2025-10-24T10:12:58.069+0000] {logging_mixin.py:188} INFO - [2025-10-24T10:12:58.068+0000] {dag.py:3096} INFO - Sync 1 DAGs
[2025-10-24T10:12:58.078+0000] {logging_mixin.py:188} INFO - [2025-10-24T10:12:58.078+0000] {dag.py:3954} INFO - Setting next_dagrun for silver_layer_dag to None, run_after=None
[2025-10-24T10:12:58.090+0000] {processor.py:183} INFO - Processing /opt/airflow/dags/silver_layer_dag.py took 0.178 seconds
[2025-10-24T10:13:28.206+0000] {processor.py:161} INFO - Started process (PID=731) to work on /opt/airflow/dags/silver_layer_dag.py
[2025-10-24T10:13:28.206+0000] {processor.py:830} INFO - Processing file /opt/airflow/dags/silver_layer_dag.py for tasks to queue
[2025-10-24T10:13:28.207+0000] {logging_mixin.py:188} INFO - [2025-10-24T10:13:28.207+0000] {dagbag.py:540} INFO - Filling up the DagBag from /opt/airflow/dags/silver_layer_dag.py
[2025-10-24T10:13:28.332+0000] {processor.py:840} INFO - DAG(s) 'silver_layer_dag' retrieved from /opt/airflow/dags/silver_layer_dag.py
[2025-10-24T10:13:28.351+0000] {logging_mixin.py:188} INFO - [2025-10-24T10:13:28.351+0000] {dag.py:3096} INFO - Sync 1 DAGs
[2025-10-24T10:13:28.361+0000] {logging_mixin.py:188} INFO - [2025-10-24T10:13:28.361+0000] {dag.py:3954} INFO - Setting next_dagrun for silver_layer_dag to None, run_after=None
[2025-10-24T10:13:28.374+0000] {processor.py:183} INFO - Processing /opt/airflow/dags/silver_layer_dag.py took 0.174 seconds
[2025-10-24T10:13:58.570+0000] {processor.py:161} INFO - Started process (PID=735) to work on /opt/airflow/dags/silver_layer_dag.py
[2025-10-24T10:13:58.570+0000] {processor.py:830} INFO - Processing file /opt/airflow/dags/silver_layer_dag.py for tasks to queue
[2025-10-24T10:13:58.571+0000] {logging_mixin.py:188} INFO - [2025-10-24T10:13:58.571+0000] {dagbag.py:540} INFO - Filling up the DagBag from /opt/airflow/dags/silver_layer_dag.py
[2025-10-24T10:13:58.700+0000] {processor.py:840} INFO - DAG(s) 'silver_layer_dag' retrieved from /opt/airflow/dags/silver_layer_dag.py
[2025-10-24T10:13:58.719+0000] {logging_mixin.py:188} INFO - [2025-10-24T10:13:58.719+0000] {dag.py:3096} INFO - Sync 1 DAGs
[2025-10-24T10:13:58.730+0000] {logging_mixin.py:188} INFO - [2025-10-24T10:13:58.729+0000] {dag.py:3954} INFO - Setting next_dagrun for silver_layer_dag to None, run_after=None
[2025-10-24T10:13:58.744+0000] {processor.py:183} INFO - Processing /opt/airflow/dags/silver_layer_dag.py took 0.179 seconds
[2025-10-24T10:14:28.950+0000] {processor.py:161} INFO - Started process (PID=739) to work on /opt/airflow/dags/silver_layer_dag.py
[2025-10-24T10:14:28.951+0000] {processor.py:830} INFO - Processing file /opt/airflow/dags/silver_layer_dag.py for tasks to queue
[2025-10-24T10:14:28.952+0000] {logging_mixin.py:188} INFO - [2025-10-24T10:14:28.951+0000] {dagbag.py:540} INFO - Filling up the DagBag from /opt/airflow/dags/silver_layer_dag.py
[2025-10-24T10:14:29.078+0000] {processor.py:840} INFO - DAG(s) 'silver_layer_dag' retrieved from /opt/airflow/dags/silver_layer_dag.py
[2025-10-24T10:14:29.096+0000] {logging_mixin.py:188} INFO - [2025-10-24T10:14:29.096+0000] {dag.py:3096} INFO - Sync 1 DAGs
[2025-10-24T10:14:29.106+0000] {logging_mixin.py:188} INFO - [2025-10-24T10:14:29.106+0000] {dag.py:3954} INFO - Setting next_dagrun for silver_layer_dag to None, run_after=None
[2025-10-24T10:14:29.120+0000] {processor.py:183} INFO - Processing /opt/airflow/dags/silver_layer_dag.py took 0.175 seconds
[2025-10-24T10:14:59.934+0000] {processor.py:161} INFO - Started process (PID=743) to work on /opt/airflow/dags/silver_layer_dag.py
[2025-10-24T10:14:59.935+0000] {processor.py:830} INFO - Processing file /opt/airflow/dags/silver_layer_dag.py for tasks to queue
[2025-10-24T10:14:59.936+0000] {logging_mixin.py:188} INFO - [2025-10-24T10:14:59.936+0000] {dagbag.py:540} INFO - Filling up the DagBag from /opt/airflow/dags/silver_layer_dag.py
[2025-10-24T10:15:00.064+0000] {processor.py:840} INFO - DAG(s) 'silver_layer_dag' retrieved from /opt/airflow/dags/silver_layer_dag.py
[2025-10-24T10:15:00.083+0000] {logging_mixin.py:188} INFO - [2025-10-24T10:15:00.083+0000] {dag.py:3096} INFO - Sync 1 DAGs
[2025-10-24T10:15:00.093+0000] {logging_mixin.py:188} INFO - [2025-10-24T10:15:00.093+0000] {dag.py:3954} INFO - Setting next_dagrun for silver_layer_dag to None, run_after=None
[2025-10-24T10:15:00.108+0000] {processor.py:183} INFO - Processing /opt/airflow/dags/silver_layer_dag.py took 0.178 seconds
[2025-10-24T10:15:30.773+0000] {processor.py:161} INFO - Started process (PID=747) to work on /opt/airflow/dags/silver_layer_dag.py
[2025-10-24T10:15:30.774+0000] {processor.py:830} INFO - Processing file /opt/airflow/dags/silver_layer_dag.py for tasks to queue
[2025-10-24T10:15:30.774+0000] {logging_mixin.py:188} INFO - [2025-10-24T10:15:30.774+0000] {dagbag.py:540} INFO - Filling up the DagBag from /opt/airflow/dags/silver_layer_dag.py
[2025-10-24T10:15:30.899+0000] {processor.py:840} INFO - DAG(s) 'silver_layer_dag' retrieved from /opt/airflow/dags/silver_layer_dag.py
[2025-10-24T10:15:30.918+0000] {logging_mixin.py:188} INFO - [2025-10-24T10:15:30.918+0000] {dag.py:3096} INFO - Sync 1 DAGs
[2025-10-24T10:15:30.928+0000] {logging_mixin.py:188} INFO - [2025-10-24T10:15:30.928+0000] {dag.py:3954} INFO - Setting next_dagrun for silver_layer_dag to None, run_after=None
[2025-10-24T10:15:30.946+0000] {processor.py:183} INFO - Processing /opt/airflow/dags/silver_layer_dag.py took 0.178 seconds
[2025-10-24T10:16:01.298+0000] {processor.py:161} INFO - Started process (PID=751) to work on /opt/airflow/dags/silver_layer_dag.py
[2025-10-24T10:16:01.298+0000] {processor.py:830} INFO - Processing file /opt/airflow/dags/silver_layer_dag.py for tasks to queue
[2025-10-24T10:16:01.299+0000] {logging_mixin.py:188} INFO - [2025-10-24T10:16:01.299+0000] {dagbag.py:540} INFO - Filling up the DagBag from /opt/airflow/dags/silver_layer_dag.py
[2025-10-24T10:16:01.415+0000] {processor.py:840} INFO - DAG(s) 'silver_layer_dag' retrieved from /opt/airflow/dags/silver_layer_dag.py
[2025-10-24T10:16:01.432+0000] {logging_mixin.py:188} INFO - [2025-10-24T10:16:01.431+0000] {dag.py:3096} INFO - Sync 1 DAGs
[2025-10-24T10:16:01.441+0000] {logging_mixin.py:188} INFO - [2025-10-24T10:16:01.440+0000] {dag.py:3954} INFO - Setting next_dagrun for silver_layer_dag to None, run_after=None
[2025-10-24T10:16:01.454+0000] {processor.py:183} INFO - Processing /opt/airflow/dags/silver_layer_dag.py took 0.161 seconds
[2025-10-24T10:16:31.921+0000] {processor.py:161} INFO - Started process (PID=755) to work on /opt/airflow/dags/silver_layer_dag.py
[2025-10-24T10:16:31.922+0000] {processor.py:830} INFO - Processing file /opt/airflow/dags/silver_layer_dag.py for tasks to queue
[2025-10-24T10:16:31.923+0000] {logging_mixin.py:188} INFO - [2025-10-24T10:16:31.923+0000] {dagbag.py:540} INFO - Filling up the DagBag from /opt/airflow/dags/silver_layer_dag.py
[2025-10-24T10:16:32.043+0000] {processor.py:840} INFO - DAG(s) 'silver_layer_dag' retrieved from /opt/airflow/dags/silver_layer_dag.py
[2025-10-24T10:16:32.061+0000] {logging_mixin.py:188} INFO - [2025-10-24T10:16:32.061+0000] {dag.py:3096} INFO - Sync 1 DAGs
[2025-10-24T10:16:32.072+0000] {logging_mixin.py:188} INFO - [2025-10-24T10:16:32.072+0000] {dag.py:3954} INFO - Setting next_dagrun for silver_layer_dag to None, run_after=None
[2025-10-24T10:16:32.086+0000] {processor.py:183} INFO - Processing /opt/airflow/dags/silver_layer_dag.py took 0.169 seconds
[2025-10-24T10:17:02.126+0000] {processor.py:161} INFO - Started process (PID=759) to work on /opt/airflow/dags/silver_layer_dag.py
[2025-10-24T10:17:02.127+0000] {processor.py:830} INFO - Processing file /opt/airflow/dags/silver_layer_dag.py for tasks to queue
[2025-10-24T10:17:02.128+0000] {logging_mixin.py:188} INFO - [2025-10-24T10:17:02.127+0000] {dagbag.py:540} INFO - Filling up the DagBag from /opt/airflow/dags/silver_layer_dag.py
[2025-10-24T10:17:02.244+0000] {processor.py:840} INFO - DAG(s) 'silver_layer_dag' retrieved from /opt/airflow/dags/silver_layer_dag.py
[2025-10-24T10:17:02.263+0000] {logging_mixin.py:188} INFO - [2025-10-24T10:17:02.263+0000] {dag.py:3096} INFO - Sync 1 DAGs
[2025-10-24T10:17:02.273+0000] {logging_mixin.py:188} INFO - [2025-10-24T10:17:02.272+0000] {dag.py:3954} INFO - Setting next_dagrun for silver_layer_dag to None, run_after=None
[2025-10-24T10:17:02.286+0000] {processor.py:183} INFO - Processing /opt/airflow/dags/silver_layer_dag.py took 0.165 seconds
[2025-10-24T10:17:32.815+0000] {processor.py:161} INFO - Started process (PID=763) to work on /opt/airflow/dags/silver_layer_dag.py
[2025-10-24T10:17:32.816+0000] {processor.py:830} INFO - Processing file /opt/airflow/dags/silver_layer_dag.py for tasks to queue
[2025-10-24T10:17:32.816+0000] {logging_mixin.py:188} INFO - [2025-10-24T10:17:32.816+0000] {dagbag.py:540} INFO - Filling up the DagBag from /opt/airflow/dags/silver_layer_dag.py
[2025-10-24T10:17:32.937+0000] {processor.py:840} INFO - DAG(s) 'silver_layer_dag' retrieved from /opt/airflow/dags/silver_layer_dag.py
[2025-10-24T10:17:32.956+0000] {logging_mixin.py:188} INFO - [2025-10-24T10:17:32.955+0000] {dag.py:3096} INFO - Sync 1 DAGs
[2025-10-24T10:17:32.966+0000] {logging_mixin.py:188} INFO - [2025-10-24T10:17:32.966+0000] {dag.py:3954} INFO - Setting next_dagrun for silver_layer_dag to None, run_after=None
[2025-10-24T10:17:32.980+0000] {processor.py:183} INFO - Processing /opt/airflow/dags/silver_layer_dag.py took 0.170 seconds
[2025-10-24T10:18:03.117+0000] {processor.py:161} INFO - Started process (PID=767) to work on /opt/airflow/dags/silver_layer_dag.py
[2025-10-24T10:18:03.117+0000] {processor.py:830} INFO - Processing file /opt/airflow/dags/silver_layer_dag.py for tasks to queue
[2025-10-24T10:18:03.118+0000] {logging_mixin.py:188} INFO - [2025-10-24T10:18:03.118+0000] {dagbag.py:540} INFO - Filling up the DagBag from /opt/airflow/dags/silver_layer_dag.py
[2025-10-24T10:18:03.231+0000] {processor.py:840} INFO - DAG(s) 'silver_layer_dag' retrieved from /opt/airflow/dags/silver_layer_dag.py
[2025-10-24T10:18:03.249+0000] {logging_mixin.py:188} INFO - [2025-10-24T10:18:03.249+0000] {dag.py:3096} INFO - Sync 1 DAGs
[2025-10-24T10:18:03.258+0000] {logging_mixin.py:188} INFO - [2025-10-24T10:18:03.258+0000] {dag.py:3954} INFO - Setting next_dagrun for silver_layer_dag to None, run_after=None
[2025-10-24T10:18:03.271+0000] {processor.py:183} INFO - Processing /opt/airflow/dags/silver_layer_dag.py took 0.158 seconds
[2025-10-24T10:18:33.675+0000] {processor.py:161} INFO - Started process (PID=771) to work on /opt/airflow/dags/silver_layer_dag.py
[2025-10-24T10:18:33.676+0000] {processor.py:830} INFO - Processing file /opt/airflow/dags/silver_layer_dag.py for tasks to queue
[2025-10-24T10:18:33.676+0000] {logging_mixin.py:188} INFO - [2025-10-24T10:18:33.676+0000] {dagbag.py:540} INFO - Filling up the DagBag from /opt/airflow/dags/silver_layer_dag.py
[2025-10-24T10:18:33.798+0000] {processor.py:840} INFO - DAG(s) 'silver_layer_dag' retrieved from /opt/airflow/dags/silver_layer_dag.py
[2025-10-24T10:18:33.817+0000] {logging_mixin.py:188} INFO - [2025-10-24T10:18:33.817+0000] {dag.py:3096} INFO - Sync 1 DAGs
[2025-10-24T10:18:33.827+0000] {logging_mixin.py:188} INFO - [2025-10-24T10:18:33.827+0000] {dag.py:3954} INFO - Setting next_dagrun for silver_layer_dag to None, run_after=None
[2025-10-24T10:18:33.842+0000] {processor.py:183} INFO - Processing /opt/airflow/dags/silver_layer_dag.py took 0.172 seconds
[2025-10-24T10:19:04.085+0000] {processor.py:161} INFO - Started process (PID=775) to work on /opt/airflow/dags/silver_layer_dag.py
[2025-10-24T10:19:04.086+0000] {processor.py:830} INFO - Processing file /opt/airflow/dags/silver_layer_dag.py for tasks to queue
[2025-10-24T10:19:04.087+0000] {logging_mixin.py:188} INFO - [2025-10-24T10:19:04.086+0000] {dagbag.py:540} INFO - Filling up the DagBag from /opt/airflow/dags/silver_layer_dag.py
[2025-10-24T10:19:04.214+0000] {processor.py:840} INFO - DAG(s) 'silver_layer_dag' retrieved from /opt/airflow/dags/silver_layer_dag.py
[2025-10-24T10:19:04.234+0000] {logging_mixin.py:188} INFO - [2025-10-24T10:19:04.234+0000] {dag.py:3096} INFO - Sync 1 DAGs
[2025-10-24T10:19:04.244+0000] {logging_mixin.py:188} INFO - [2025-10-24T10:19:04.244+0000] {dag.py:3954} INFO - Setting next_dagrun for silver_layer_dag to None, run_after=None
[2025-10-24T10:19:04.258+0000] {processor.py:183} INFO - Processing /opt/airflow/dags/silver_layer_dag.py took 0.177 seconds
[2025-10-24T10:19:34.512+0000] {processor.py:161} INFO - Started process (PID=779) to work on /opt/airflow/dags/silver_layer_dag.py
[2025-10-24T10:19:34.513+0000] {processor.py:830} INFO - Processing file /opt/airflow/dags/silver_layer_dag.py for tasks to queue
[2025-10-24T10:19:34.514+0000] {logging_mixin.py:188} INFO - [2025-10-24T10:19:34.513+0000] {dagbag.py:540} INFO - Filling up the DagBag from /opt/airflow/dags/silver_layer_dag.py
[2025-10-24T10:19:34.628+0000] {processor.py:840} INFO - DAG(s) 'silver_layer_dag' retrieved from /opt/airflow/dags/silver_layer_dag.py
[2025-10-24T10:19:34.645+0000] {logging_mixin.py:188} INFO - [2025-10-24T10:19:34.645+0000] {dag.py:3096} INFO - Sync 1 DAGs
[2025-10-24T10:19:34.654+0000] {logging_mixin.py:188} INFO - [2025-10-24T10:19:34.654+0000] {dag.py:3954} INFO - Setting next_dagrun for silver_layer_dag to None, run_after=None
[2025-10-24T10:19:34.668+0000] {processor.py:183} INFO - Processing /opt/airflow/dags/silver_layer_dag.py took 0.160 seconds
[2025-10-24T10:20:05.158+0000] {processor.py:161} INFO - Started process (PID=783) to work on /opt/airflow/dags/silver_layer_dag.py
[2025-10-24T10:20:05.159+0000] {processor.py:830} INFO - Processing file /opt/airflow/dags/silver_layer_dag.py for tasks to queue
[2025-10-24T10:20:05.160+0000] {logging_mixin.py:188} INFO - [2025-10-24T10:20:05.160+0000] {dagbag.py:540} INFO - Filling up the DagBag from /opt/airflow/dags/silver_layer_dag.py
[2025-10-24T10:20:05.292+0000] {processor.py:840} INFO - DAG(s) 'silver_layer_dag' retrieved from /opt/airflow/dags/silver_layer_dag.py
[2025-10-24T10:20:05.312+0000] {logging_mixin.py:188} INFO - [2025-10-24T10:20:05.311+0000] {dag.py:3096} INFO - Sync 1 DAGs
[2025-10-24T10:20:05.328+0000] {logging_mixin.py:188} INFO - [2025-10-24T10:20:05.328+0000] {dag.py:3954} INFO - Setting next_dagrun for silver_layer_dag to None, run_after=None
[2025-10-24T10:20:05.344+0000] {processor.py:183} INFO - Processing /opt/airflow/dags/silver_layer_dag.py took 0.191 seconds
[2025-10-24T10:20:35.618+0000] {processor.py:161} INFO - Started process (PID=787) to work on /opt/airflow/dags/silver_layer_dag.py
[2025-10-24T10:20:35.619+0000] {processor.py:830} INFO - Processing file /opt/airflow/dags/silver_layer_dag.py for tasks to queue
[2025-10-24T10:20:35.620+0000] {logging_mixin.py:188} INFO - [2025-10-24T10:20:35.619+0000] {dagbag.py:540} INFO - Filling up the DagBag from /opt/airflow/dags/silver_layer_dag.py
[2025-10-24T10:20:35.742+0000] {processor.py:840} INFO - DAG(s) 'silver_layer_dag' retrieved from /opt/airflow/dags/silver_layer_dag.py
[2025-10-24T10:20:35.761+0000] {logging_mixin.py:188} INFO - [2025-10-24T10:20:35.761+0000] {dag.py:3096} INFO - Sync 1 DAGs
[2025-10-24T10:20:35.771+0000] {logging_mixin.py:188} INFO - [2025-10-24T10:20:35.771+0000] {dag.py:3954} INFO - Setting next_dagrun for silver_layer_dag to None, run_after=None
[2025-10-24T10:20:35.784+0000] {processor.py:183} INFO - Processing /opt/airflow/dags/silver_layer_dag.py took 0.171 seconds
[2025-10-24T10:21:05.982+0000] {processor.py:161} INFO - Started process (PID=791) to work on /opt/airflow/dags/silver_layer_dag.py
[2025-10-24T10:21:05.983+0000] {processor.py:830} INFO - Processing file /opt/airflow/dags/silver_layer_dag.py for tasks to queue
[2025-10-24T10:21:05.984+0000] {logging_mixin.py:188} INFO - [2025-10-24T10:21:05.984+0000] {dagbag.py:540} INFO - Filling up the DagBag from /opt/airflow/dags/silver_layer_dag.py
[2025-10-24T10:21:06.112+0000] {processor.py:840} INFO - DAG(s) 'silver_layer_dag' retrieved from /opt/airflow/dags/silver_layer_dag.py
[2025-10-24T10:21:06.133+0000] {logging_mixin.py:188} INFO - [2025-10-24T10:21:06.133+0000] {dag.py:3096} INFO - Sync 1 DAGs
[2025-10-24T10:21:06.144+0000] {logging_mixin.py:188} INFO - [2025-10-24T10:21:06.144+0000] {dag.py:3954} INFO - Setting next_dagrun for silver_layer_dag to None, run_after=None
[2025-10-24T10:21:06.159+0000] {processor.py:183} INFO - Processing /opt/airflow/dags/silver_layer_dag.py took 0.182 seconds
[2025-10-24T10:21:36.544+0000] {processor.py:161} INFO - Started process (PID=795) to work on /opt/airflow/dags/silver_layer_dag.py
[2025-10-24T10:21:36.545+0000] {processor.py:830} INFO - Processing file /opt/airflow/dags/silver_layer_dag.py for tasks to queue
[2025-10-24T10:21:36.545+0000] {logging_mixin.py:188} INFO - [2025-10-24T10:21:36.545+0000] {dagbag.py:540} INFO - Filling up the DagBag from /opt/airflow/dags/silver_layer_dag.py
[2025-10-24T10:21:36.666+0000] {processor.py:840} INFO - DAG(s) 'silver_layer_dag' retrieved from /opt/airflow/dags/silver_layer_dag.py
[2025-10-24T10:21:36.684+0000] {logging_mixin.py:188} INFO - [2025-10-24T10:21:36.684+0000] {dag.py:3096} INFO - Sync 1 DAGs
[2025-10-24T10:21:36.693+0000] {logging_mixin.py:188} INFO - [2025-10-24T10:21:36.693+0000] {dag.py:3954} INFO - Setting next_dagrun for silver_layer_dag to None, run_after=None
[2025-10-24T10:21:36.706+0000] {processor.py:183} INFO - Processing /opt/airflow/dags/silver_layer_dag.py took 0.166 seconds
[2025-10-24T10:22:07.143+0000] {processor.py:161} INFO - Started process (PID=799) to work on /opt/airflow/dags/silver_layer_dag.py
[2025-10-24T10:22:07.144+0000] {processor.py:830} INFO - Processing file /opt/airflow/dags/silver_layer_dag.py for tasks to queue
[2025-10-24T10:22:07.145+0000] {logging_mixin.py:188} INFO - [2025-10-24T10:22:07.144+0000] {dagbag.py:540} INFO - Filling up the DagBag from /opt/airflow/dags/silver_layer_dag.py
[2025-10-24T10:22:07.267+0000] {processor.py:840} INFO - DAG(s) 'silver_layer_dag' retrieved from /opt/airflow/dags/silver_layer_dag.py
[2025-10-24T10:22:07.286+0000] {logging_mixin.py:188} INFO - [2025-10-24T10:22:07.286+0000] {dag.py:3096} INFO - Sync 1 DAGs
[2025-10-24T10:22:07.297+0000] {logging_mixin.py:188} INFO - [2025-10-24T10:22:07.296+0000] {dag.py:3954} INFO - Setting next_dagrun for silver_layer_dag to None, run_after=None
[2025-10-24T10:22:07.310+0000] {processor.py:183} INFO - Processing /opt/airflow/dags/silver_layer_dag.py took 0.172 seconds
[2025-10-24T10:22:37.539+0000] {processor.py:161} INFO - Started process (PID=803) to work on /opt/airflow/dags/silver_layer_dag.py
[2025-10-24T10:22:37.540+0000] {processor.py:830} INFO - Processing file /opt/airflow/dags/silver_layer_dag.py for tasks to queue
[2025-10-24T10:22:37.540+0000] {logging_mixin.py:188} INFO - [2025-10-24T10:22:37.540+0000] {dagbag.py:540} INFO - Filling up the DagBag from /opt/airflow/dags/silver_layer_dag.py
[2025-10-24T10:22:37.658+0000] {processor.py:840} INFO - DAG(s) 'silver_layer_dag' retrieved from /opt/airflow/dags/silver_layer_dag.py
[2025-10-24T10:22:37.676+0000] {logging_mixin.py:188} INFO - [2025-10-24T10:22:37.675+0000] {dag.py:3096} INFO - Sync 1 DAGs
[2025-10-24T10:22:37.685+0000] {logging_mixin.py:188} INFO - [2025-10-24T10:22:37.685+0000] {dag.py:3954} INFO - Setting next_dagrun for silver_layer_dag to None, run_after=None
[2025-10-24T10:22:37.698+0000] {processor.py:183} INFO - Processing /opt/airflow/dags/silver_layer_dag.py took 0.163 seconds
[2025-10-24T10:23:07.945+0000] {processor.py:161} INFO - Started process (PID=807) to work on /opt/airflow/dags/silver_layer_dag.py
[2025-10-24T10:23:07.945+0000] {processor.py:830} INFO - Processing file /opt/airflow/dags/silver_layer_dag.py for tasks to queue
[2025-10-24T10:23:07.946+0000] {logging_mixin.py:188} INFO - [2025-10-24T10:23:07.946+0000] {dagbag.py:540} INFO - Filling up the DagBag from /opt/airflow/dags/silver_layer_dag.py
[2025-10-24T10:23:08.073+0000] {processor.py:840} INFO - DAG(s) 'silver_layer_dag' retrieved from /opt/airflow/dags/silver_layer_dag.py
[2025-10-24T10:23:08.093+0000] {logging_mixin.py:188} INFO - [2025-10-24T10:23:08.093+0000] {dag.py:3096} INFO - Sync 1 DAGs
[2025-10-24T10:23:08.103+0000] {logging_mixin.py:188} INFO - [2025-10-24T10:23:08.103+0000] {dag.py:3954} INFO - Setting next_dagrun for silver_layer_dag to None, run_after=None
[2025-10-24T10:23:08.118+0000] {processor.py:183} INFO - Processing /opt/airflow/dags/silver_layer_dag.py took 0.178 seconds
[2025-10-24T10:23:38.232+0000] {processor.py:161} INFO - Started process (PID=811) to work on /opt/airflow/dags/silver_layer_dag.py
[2025-10-24T10:23:38.233+0000] {processor.py:830} INFO - Processing file /opt/airflow/dags/silver_layer_dag.py for tasks to queue
[2025-10-24T10:23:38.234+0000] {logging_mixin.py:188} INFO - [2025-10-24T10:23:38.233+0000] {dagbag.py:540} INFO - Filling up the DagBag from /opt/airflow/dags/silver_layer_dag.py
[2025-10-24T10:23:38.365+0000] {processor.py:840} INFO - DAG(s) 'silver_layer_dag' retrieved from /opt/airflow/dags/silver_layer_dag.py
[2025-10-24T10:23:38.384+0000] {logging_mixin.py:188} INFO - [2025-10-24T10:23:38.384+0000] {dag.py:3096} INFO - Sync 1 DAGs
[2025-10-24T10:23:38.394+0000] {logging_mixin.py:188} INFO - [2025-10-24T10:23:38.394+0000] {dag.py:3954} INFO - Setting next_dagrun for silver_layer_dag to None, run_after=None
[2025-10-24T10:23:38.408+0000] {processor.py:183} INFO - Processing /opt/airflow/dags/silver_layer_dag.py took 0.180 seconds
[2025-10-24T10:24:08.516+0000] {processor.py:161} INFO - Started process (PID=815) to work on /opt/airflow/dags/silver_layer_dag.py
[2025-10-24T10:24:08.517+0000] {processor.py:830} INFO - Processing file /opt/airflow/dags/silver_layer_dag.py for tasks to queue
[2025-10-24T10:24:08.517+0000] {logging_mixin.py:188} INFO - [2025-10-24T10:24:08.517+0000] {dagbag.py:540} INFO - Filling up the DagBag from /opt/airflow/dags/silver_layer_dag.py
[2025-10-24T10:24:08.642+0000] {processor.py:840} INFO - DAG(s) 'silver_layer_dag' retrieved from /opt/airflow/dags/silver_layer_dag.py
[2025-10-24T10:24:08.661+0000] {logging_mixin.py:188} INFO - [2025-10-24T10:24:08.661+0000] {dag.py:3096} INFO - Sync 1 DAGs
[2025-10-24T10:24:08.671+0000] {logging_mixin.py:188} INFO - [2025-10-24T10:24:08.671+0000] {dag.py:3954} INFO - Setting next_dagrun for silver_layer_dag to None, run_after=None
[2025-10-24T10:24:08.685+0000] {processor.py:183} INFO - Processing /opt/airflow/dags/silver_layer_dag.py took 0.174 seconds
[2025-10-24T10:24:38.788+0000] {processor.py:161} INFO - Started process (PID=819) to work on /opt/airflow/dags/silver_layer_dag.py
[2025-10-24T10:24:38.789+0000] {processor.py:830} INFO - Processing file /opt/airflow/dags/silver_layer_dag.py for tasks to queue
[2025-10-24T10:24:38.790+0000] {logging_mixin.py:188} INFO - [2025-10-24T10:24:38.789+0000] {dagbag.py:540} INFO - Filling up the DagBag from /opt/airflow/dags/silver_layer_dag.py
[2025-10-24T10:24:38.921+0000] {processor.py:840} INFO - DAG(s) 'silver_layer_dag' retrieved from /opt/airflow/dags/silver_layer_dag.py
[2025-10-24T10:24:38.942+0000] {logging_mixin.py:188} INFO - [2025-10-24T10:24:38.942+0000] {dag.py:3096} INFO - Sync 1 DAGs
[2025-10-24T10:24:38.954+0000] {logging_mixin.py:188} INFO - [2025-10-24T10:24:38.953+0000] {dag.py:3954} INFO - Setting next_dagrun for silver_layer_dag to None, run_after=None
[2025-10-24T10:24:38.968+0000] {processor.py:183} INFO - Processing /opt/airflow/dags/silver_layer_dag.py took 0.186 seconds
[2025-10-24T10:25:09.068+0000] {processor.py:161} INFO - Started process (PID=823) to work on /opt/airflow/dags/silver_layer_dag.py
[2025-10-24T10:25:09.069+0000] {processor.py:830} INFO - Processing file /opt/airflow/dags/silver_layer_dag.py for tasks to queue
[2025-10-24T10:25:09.070+0000] {logging_mixin.py:188} INFO - [2025-10-24T10:25:09.069+0000] {dagbag.py:540} INFO - Filling up the DagBag from /opt/airflow/dags/silver_layer_dag.py
[2025-10-24T10:25:09.198+0000] {processor.py:840} INFO - DAG(s) 'silver_layer_dag' retrieved from /opt/airflow/dags/silver_layer_dag.py
[2025-10-24T10:25:09.218+0000] {logging_mixin.py:188} INFO - [2025-10-24T10:25:09.218+0000] {dag.py:3096} INFO - Sync 1 DAGs
[2025-10-24T10:25:09.228+0000] {logging_mixin.py:188} INFO - [2025-10-24T10:25:09.228+0000] {dag.py:3954} INFO - Setting next_dagrun for silver_layer_dag to None, run_after=None
[2025-10-24T10:25:09.243+0000] {processor.py:183} INFO - Processing /opt/airflow/dags/silver_layer_dag.py took 0.179 seconds
[2025-10-24T10:25:39.331+0000] {processor.py:161} INFO - Started process (PID=827) to work on /opt/airflow/dags/silver_layer_dag.py
[2025-10-24T10:25:39.332+0000] {processor.py:830} INFO - Processing file /opt/airflow/dags/silver_layer_dag.py for tasks to queue
[2025-10-24T10:25:39.333+0000] {logging_mixin.py:188} INFO - [2025-10-24T10:25:39.333+0000] {dagbag.py:540} INFO - Filling up the DagBag from /opt/airflow/dags/silver_layer_dag.py
[2025-10-24T10:25:39.459+0000] {processor.py:840} INFO - DAG(s) 'silver_layer_dag' retrieved from /opt/airflow/dags/silver_layer_dag.py
[2025-10-24T10:25:39.479+0000] {logging_mixin.py:188} INFO - [2025-10-24T10:25:39.479+0000] {dag.py:3096} INFO - Sync 1 DAGs
[2025-10-24T10:25:39.488+0000] {logging_mixin.py:188} INFO - [2025-10-24T10:25:39.488+0000] {dag.py:3954} INFO - Setting next_dagrun for silver_layer_dag to None, run_after=None
[2025-10-24T10:25:39.502+0000] {processor.py:183} INFO - Processing /opt/airflow/dags/silver_layer_dag.py took 0.176 seconds
[2025-10-24T10:26:09.601+0000] {processor.py:161} INFO - Started process (PID=831) to work on /opt/airflow/dags/silver_layer_dag.py
[2025-10-24T10:26:09.601+0000] {processor.py:830} INFO - Processing file /opt/airflow/dags/silver_layer_dag.py for tasks to queue
[2025-10-24T10:26:09.602+0000] {logging_mixin.py:188} INFO - [2025-10-24T10:26:09.602+0000] {dagbag.py:540} INFO - Filling up the DagBag from /opt/airflow/dags/silver_layer_dag.py
[2025-10-24T10:26:09.724+0000] {processor.py:840} INFO - DAG(s) 'silver_layer_dag' retrieved from /opt/airflow/dags/silver_layer_dag.py
[2025-10-24T10:26:09.743+0000] {logging_mixin.py:188} INFO - [2025-10-24T10:26:09.743+0000] {dag.py:3096} INFO - Sync 1 DAGs
[2025-10-24T10:26:09.753+0000] {logging_mixin.py:188} INFO - [2025-10-24T10:26:09.753+0000] {dag.py:3954} INFO - Setting next_dagrun for silver_layer_dag to None, run_after=None
[2025-10-24T10:26:09.767+0000] {processor.py:183} INFO - Processing /opt/airflow/dags/silver_layer_dag.py took 0.171 seconds
[2025-10-24T10:26:39.869+0000] {processor.py:161} INFO - Started process (PID=835) to work on /opt/airflow/dags/silver_layer_dag.py
[2025-10-24T10:26:39.870+0000] {processor.py:830} INFO - Processing file /opt/airflow/dags/silver_layer_dag.py for tasks to queue
[2025-10-24T10:26:39.871+0000] {logging_mixin.py:188} INFO - [2025-10-24T10:26:39.871+0000] {dagbag.py:540} INFO - Filling up the DagBag from /opt/airflow/dags/silver_layer_dag.py
[2025-10-24T10:26:39.996+0000] {processor.py:840} INFO - DAG(s) 'silver_layer_dag' retrieved from /opt/airflow/dags/silver_layer_dag.py
[2025-10-24T10:26:40.016+0000] {logging_mixin.py:188} INFO - [2025-10-24T10:26:40.015+0000] {dag.py:3096} INFO - Sync 1 DAGs
[2025-10-24T10:26:40.026+0000] {logging_mixin.py:188} INFO - [2025-10-24T10:26:40.026+0000] {dag.py:3954} INFO - Setting next_dagrun for silver_layer_dag to None, run_after=None
[2025-10-24T10:26:40.040+0000] {processor.py:183} INFO - Processing /opt/airflow/dags/silver_layer_dag.py took 0.176 seconds
[2025-10-24T10:27:10.242+0000] {processor.py:161} INFO - Started process (PID=839) to work on /opt/airflow/dags/silver_layer_dag.py
[2025-10-24T10:27:10.243+0000] {processor.py:830} INFO - Processing file /opt/airflow/dags/silver_layer_dag.py for tasks to queue
[2025-10-24T10:27:10.244+0000] {logging_mixin.py:188} INFO - [2025-10-24T10:27:10.244+0000] {dagbag.py:540} INFO - Filling up the DagBag from /opt/airflow/dags/silver_layer_dag.py
[2025-10-24T10:27:10.373+0000] {processor.py:840} INFO - DAG(s) 'silver_layer_dag' retrieved from /opt/airflow/dags/silver_layer_dag.py
[2025-10-24T10:27:10.392+0000] {logging_mixin.py:188} INFO - [2025-10-24T10:27:10.392+0000] {dag.py:3096} INFO - Sync 1 DAGs
[2025-10-24T10:27:10.522+0000] {logging_mixin.py:188} INFO - [2025-10-24T10:27:10.522+0000] {dag.py:3954} INFO - Setting next_dagrun for silver_layer_dag to None, run_after=None
[2025-10-24T10:27:10.535+0000] {processor.py:183} INFO - Processing /opt/airflow/dags/silver_layer_dag.py took 0.297 seconds
[2025-10-24T10:27:40.854+0000] {processor.py:161} INFO - Started process (PID=843) to work on /opt/airflow/dags/silver_layer_dag.py
[2025-10-24T10:27:40.855+0000] {processor.py:830} INFO - Processing file /opt/airflow/dags/silver_layer_dag.py for tasks to queue
[2025-10-24T10:27:40.855+0000] {logging_mixin.py:188} INFO - [2025-10-24T10:27:40.855+0000] {dagbag.py:540} INFO - Filling up the DagBag from /opt/airflow/dags/silver_layer_dag.py
[2025-10-24T10:27:41.088+0000] {processor.py:840} INFO - DAG(s) 'silver_layer_dag' retrieved from /opt/airflow/dags/silver_layer_dag.py
[2025-10-24T10:27:41.101+0000] {logging_mixin.py:188} INFO - [2025-10-24T10:27:41.101+0000] {dag.py:3096} INFO - Sync 1 DAGs
[2025-10-24T10:27:41.108+0000] {logging_mixin.py:188} INFO - [2025-10-24T10:27:41.108+0000] {dag.py:3954} INFO - Setting next_dagrun for silver_layer_dag to None, run_after=None
[2025-10-24T10:27:41.120+0000] {processor.py:183} INFO - Processing /opt/airflow/dags/silver_layer_dag.py took 0.270 seconds
[2025-10-24T10:28:11.582+0000] {processor.py:161} INFO - Started process (PID=847) to work on /opt/airflow/dags/silver_layer_dag.py
[2025-10-24T10:28:11.583+0000] {processor.py:830} INFO - Processing file /opt/airflow/dags/silver_layer_dag.py for tasks to queue
[2025-10-24T10:28:11.583+0000] {logging_mixin.py:188} INFO - [2025-10-24T10:28:11.583+0000] {dagbag.py:540} INFO - Filling up the DagBag from /opt/airflow/dags/silver_layer_dag.py
[2025-10-24T10:28:11.711+0000] {processor.py:840} INFO - DAG(s) 'silver_layer_dag' retrieved from /opt/airflow/dags/silver_layer_dag.py
[2025-10-24T10:28:11.732+0000] {logging_mixin.py:188} INFO - [2025-10-24T10:28:11.731+0000] {dag.py:3096} INFO - Sync 1 DAGs
[2025-10-24T10:28:11.742+0000] {logging_mixin.py:188} INFO - [2025-10-24T10:28:11.742+0000] {dag.py:3954} INFO - Setting next_dagrun for silver_layer_dag to None, run_after=None
[2025-10-24T10:28:11.757+0000] {processor.py:183} INFO - Processing /opt/airflow/dags/silver_layer_dag.py took 0.180 seconds
[2025-10-24T10:28:41.833+0000] {processor.py:161} INFO - Started process (PID=851) to work on /opt/airflow/dags/silver_layer_dag.py
[2025-10-24T10:28:41.834+0000] {processor.py:830} INFO - Processing file /opt/airflow/dags/silver_layer_dag.py for tasks to queue
[2025-10-24T10:28:41.834+0000] {logging_mixin.py:188} INFO - [2025-10-24T10:28:41.834+0000] {dagbag.py:540} INFO - Filling up the DagBag from /opt/airflow/dags/silver_layer_dag.py
[2025-10-24T10:28:42.065+0000] {processor.py:840} INFO - DAG(s) 'silver_layer_dag' retrieved from /opt/airflow/dags/silver_layer_dag.py
[2025-10-24T10:28:42.081+0000] {logging_mixin.py:188} INFO - [2025-10-24T10:28:42.081+0000] {dag.py:3096} INFO - Sync 1 DAGs
[2025-10-24T10:28:42.089+0000] {logging_mixin.py:188} INFO - [2025-10-24T10:28:42.089+0000] {dag.py:3954} INFO - Setting next_dagrun for silver_layer_dag to None, run_after=None
[2025-10-24T10:28:42.106+0000] {processor.py:183} INFO - Processing /opt/airflow/dags/silver_layer_dag.py took 0.278 seconds
[2025-10-24T10:29:12.522+0000] {processor.py:161} INFO - Started process (PID=855) to work on /opt/airflow/dags/silver_layer_dag.py
[2025-10-24T10:29:12.523+0000] {processor.py:830} INFO - Processing file /opt/airflow/dags/silver_layer_dag.py for tasks to queue
[2025-10-24T10:29:12.524+0000] {logging_mixin.py:188} INFO - [2025-10-24T10:29:12.524+0000] {dagbag.py:540} INFO - Filling up the DagBag from /opt/airflow/dags/silver_layer_dag.py
[2025-10-24T10:29:12.773+0000] {processor.py:840} INFO - DAG(s) 'silver_layer_dag' retrieved from /opt/airflow/dags/silver_layer_dag.py
[2025-10-24T10:29:12.789+0000] {logging_mixin.py:188} INFO - [2025-10-24T10:29:12.789+0000] {dag.py:3096} INFO - Sync 1 DAGs
[2025-10-24T10:29:12.797+0000] {logging_mixin.py:188} INFO - [2025-10-24T10:29:12.797+0000] {dag.py:3954} INFO - Setting next_dagrun for silver_layer_dag to None, run_after=None
[2025-10-24T10:29:12.811+0000] {processor.py:183} INFO - Processing /opt/airflow/dags/silver_layer_dag.py took 0.293 seconds
[2025-10-24T10:29:43.321+0000] {processor.py:161} INFO - Started process (PID=859) to work on /opt/airflow/dags/silver_layer_dag.py
[2025-10-24T10:29:43.322+0000] {processor.py:830} INFO - Processing file /opt/airflow/dags/silver_layer_dag.py for tasks to queue
[2025-10-24T10:29:43.323+0000] {logging_mixin.py:188} INFO - [2025-10-24T10:29:43.322+0000] {dagbag.py:540} INFO - Filling up the DagBag from /opt/airflow/dags/silver_layer_dag.py
[2025-10-24T10:29:43.549+0000] {processor.py:840} INFO - DAG(s) 'silver_layer_dag' retrieved from /opt/airflow/dags/silver_layer_dag.py
[2025-10-24T10:29:43.563+0000] {logging_mixin.py:188} INFO - [2025-10-24T10:29:43.563+0000] {dag.py:3096} INFO - Sync 1 DAGs
[2025-10-24T10:29:43.570+0000] {logging_mixin.py:188} INFO - [2025-10-24T10:29:43.569+0000] {dag.py:3954} INFO - Setting next_dagrun for silver_layer_dag to None, run_after=None
[2025-10-24T10:29:43.581+0000] {processor.py:183} INFO - Processing /opt/airflow/dags/silver_layer_dag.py took 0.265 seconds
[2025-10-24T10:30:13.953+0000] {processor.py:161} INFO - Started process (PID=863) to work on /opt/airflow/dags/silver_layer_dag.py
[2025-10-24T10:30:13.954+0000] {processor.py:830} INFO - Processing file /opt/airflow/dags/silver_layer_dag.py for tasks to queue
[2025-10-24T10:30:13.955+0000] {logging_mixin.py:188} INFO - [2025-10-24T10:30:13.954+0000] {dagbag.py:540} INFO - Filling up the DagBag from /opt/airflow/dags/silver_layer_dag.py
[2025-10-24T10:30:14.194+0000] {processor.py:840} INFO - DAG(s) 'silver_layer_dag' retrieved from /opt/airflow/dags/silver_layer_dag.py
[2025-10-24T10:30:14.209+0000] {logging_mixin.py:188} INFO - [2025-10-24T10:30:14.209+0000] {dag.py:3096} INFO - Sync 1 DAGs
[2025-10-24T10:30:14.216+0000] {logging_mixin.py:188} INFO - [2025-10-24T10:30:14.216+0000] {dag.py:3954} INFO - Setting next_dagrun for silver_layer_dag to None, run_after=None
[2025-10-24T10:30:14.230+0000] {processor.py:183} INFO - Processing /opt/airflow/dags/silver_layer_dag.py took 0.281 seconds
[2025-10-24T10:30:44.341+0000] {processor.py:161} INFO - Started process (PID=866) to work on /opt/airflow/dags/silver_layer_dag.py
[2025-10-24T10:30:44.342+0000] {processor.py:830} INFO - Processing file /opt/airflow/dags/silver_layer_dag.py for tasks to queue
[2025-10-24T10:30:44.343+0000] {logging_mixin.py:188} INFO - [2025-10-24T10:30:44.343+0000] {dagbag.py:540} INFO - Filling up the DagBag from /opt/airflow/dags/silver_layer_dag.py
[2025-10-24T10:30:44.631+0000] {processor.py:840} INFO - DAG(s) 'silver_layer_dag' retrieved from /opt/airflow/dags/silver_layer_dag.py
[2025-10-24T10:30:44.645+0000] {logging_mixin.py:188} INFO - [2025-10-24T10:30:44.645+0000] {dag.py:3096} INFO - Sync 1 DAGs
[2025-10-24T10:30:44.652+0000] {logging_mixin.py:188} INFO - [2025-10-24T10:30:44.652+0000] {dag.py:3954} INFO - Setting next_dagrun for silver_layer_dag to None, run_after=None
[2025-10-24T10:30:44.664+0000] {processor.py:183} INFO - Processing /opt/airflow/dags/silver_layer_dag.py took 0.329 seconds
[2025-10-24T10:31:15.463+0000] {processor.py:161} INFO - Started process (PID=869) to work on /opt/airflow/dags/silver_layer_dag.py
[2025-10-24T10:31:15.464+0000] {processor.py:830} INFO - Processing file /opt/airflow/dags/silver_layer_dag.py for tasks to queue
[2025-10-24T10:31:15.464+0000] {logging_mixin.py:188} INFO - [2025-10-24T10:31:15.464+0000] {dagbag.py:540} INFO - Filling up the DagBag from /opt/airflow/dags/silver_layer_dag.py
[2025-10-24T10:31:15.707+0000] {processor.py:840} INFO - DAG(s) 'silver_layer_dag' retrieved from /opt/airflow/dags/silver_layer_dag.py
[2025-10-24T10:31:15.720+0000] {logging_mixin.py:188} INFO - [2025-10-24T10:31:15.720+0000] {dag.py:3096} INFO - Sync 1 DAGs
[2025-10-24T10:31:15.727+0000] {logging_mixin.py:188} INFO - [2025-10-24T10:31:15.727+0000] {dag.py:3954} INFO - Setting next_dagrun for silver_layer_dag to None, run_after=None
[2025-10-24T10:31:15.740+0000] {processor.py:183} INFO - Processing /opt/airflow/dags/silver_layer_dag.py took 0.281 seconds
[2025-10-24T10:31:45.806+0000] {processor.py:161} INFO - Started process (PID=873) to work on /opt/airflow/dags/silver_layer_dag.py
[2025-10-24T10:31:45.807+0000] {processor.py:830} INFO - Processing file /opt/airflow/dags/silver_layer_dag.py for tasks to queue
[2025-10-24T10:31:45.808+0000] {logging_mixin.py:188} INFO - [2025-10-24T10:31:45.807+0000] {dagbag.py:540} INFO - Filling up the DagBag from /opt/airflow/dags/silver_layer_dag.py
[2025-10-24T10:31:46.073+0000] {processor.py:840} INFO - DAG(s) 'silver_layer_dag' retrieved from /opt/airflow/dags/silver_layer_dag.py
[2025-10-24T10:31:46.089+0000] {logging_mixin.py:188} INFO - [2025-10-24T10:31:46.088+0000] {dag.py:3096} INFO - Sync 1 DAGs
[2025-10-24T10:31:46.097+0000] {logging_mixin.py:188} INFO - [2025-10-24T10:31:46.096+0000] {dag.py:3954} INFO - Setting next_dagrun for silver_layer_dag to None, run_after=None
[2025-10-24T10:31:46.111+0000] {processor.py:183} INFO - Processing /opt/airflow/dags/silver_layer_dag.py took 0.309 seconds
[2025-10-24T10:32:17.031+0000] {processor.py:161} INFO - Started process (PID=877) to work on /opt/airflow/dags/silver_layer_dag.py
[2025-10-24T10:32:17.032+0000] {processor.py:830} INFO - Processing file /opt/airflow/dags/silver_layer_dag.py for tasks to queue
[2025-10-24T10:32:17.033+0000] {logging_mixin.py:188} INFO - [2025-10-24T10:32:17.032+0000] {dagbag.py:540} INFO - Filling up the DagBag from /opt/airflow/dags/silver_layer_dag.py
[2025-10-24T10:32:17.273+0000] {processor.py:840} INFO - DAG(s) 'silver_layer_dag' retrieved from /opt/airflow/dags/silver_layer_dag.py
[2025-10-24T10:32:17.287+0000] {logging_mixin.py:188} INFO - [2025-10-24T10:32:17.287+0000] {dag.py:3096} INFO - Sync 1 DAGs
[2025-10-24T10:32:17.294+0000] {logging_mixin.py:188} INFO - [2025-10-24T10:32:17.294+0000] {dag.py:3954} INFO - Setting next_dagrun for silver_layer_dag to None, run_after=None
[2025-10-24T10:32:17.306+0000] {processor.py:183} INFO - Processing /opt/airflow/dags/silver_layer_dag.py took 0.280 seconds
[2025-10-24T10:32:48.058+0000] {processor.py:161} INFO - Started process (PID=881) to work on /opt/airflow/dags/silver_layer_dag.py
[2025-10-24T10:32:48.059+0000] {processor.py:830} INFO - Processing file /opt/airflow/dags/silver_layer_dag.py for tasks to queue
[2025-10-24T10:32:48.059+0000] {logging_mixin.py:188} INFO - [2025-10-24T10:32:48.059+0000] {dagbag.py:540} INFO - Filling up the DagBag from /opt/airflow/dags/silver_layer_dag.py
[2025-10-24T10:32:48.324+0000] {processor.py:840} INFO - DAG(s) 'silver_layer_dag' retrieved from /opt/airflow/dags/silver_layer_dag.py
[2025-10-24T10:32:48.339+0000] {logging_mixin.py:188} INFO - [2025-10-24T10:32:48.338+0000] {dag.py:3096} INFO - Sync 1 DAGs
[2025-10-24T10:32:48.346+0000] {logging_mixin.py:188} INFO - [2025-10-24T10:32:48.346+0000] {dag.py:3954} INFO - Setting next_dagrun for silver_layer_dag to None, run_after=None
[2025-10-24T10:32:48.359+0000] {processor.py:183} INFO - Processing /opt/airflow/dags/silver_layer_dag.py took 0.305 seconds
[2025-10-24T10:33:18.563+0000] {processor.py:161} INFO - Started process (PID=885) to work on /opt/airflow/dags/silver_layer_dag.py
[2025-10-24T10:33:18.564+0000] {processor.py:830} INFO - Processing file /opt/airflow/dags/silver_layer_dag.py for tasks to queue
[2025-10-24T10:33:18.564+0000] {logging_mixin.py:188} INFO - [2025-10-24T10:33:18.564+0000] {dagbag.py:540} INFO - Filling up the DagBag from /opt/airflow/dags/silver_layer_dag.py
[2025-10-24T10:33:18.823+0000] {processor.py:840} INFO - DAG(s) 'silver_layer_dag' retrieved from /opt/airflow/dags/silver_layer_dag.py
[2025-10-24T10:33:18.838+0000] {logging_mixin.py:188} INFO - [2025-10-24T10:33:18.838+0000] {dag.py:3096} INFO - Sync 1 DAGs
[2025-10-24T10:33:18.845+0000] {logging_mixin.py:188} INFO - [2025-10-24T10:33:18.845+0000] {dag.py:3954} INFO - Setting next_dagrun for silver_layer_dag to None, run_after=None
[2025-10-24T10:33:18.859+0000] {processor.py:183} INFO - Processing /opt/airflow/dags/silver_layer_dag.py took 0.301 seconds
[2025-10-24T10:33:49.160+0000] {processor.py:161} INFO - Started process (PID=889) to work on /opt/airflow/dags/silver_layer_dag.py
[2025-10-24T10:33:49.161+0000] {processor.py:830} INFO - Processing file /opt/airflow/dags/silver_layer_dag.py for tasks to queue
[2025-10-24T10:33:49.162+0000] {logging_mixin.py:188} INFO - [2025-10-24T10:33:49.162+0000] {dagbag.py:540} INFO - Filling up the DagBag from /opt/airflow/dags/silver_layer_dag.py
[2025-10-24T10:33:49.463+0000] {processor.py:840} INFO - DAG(s) 'silver_layer_dag' retrieved from /opt/airflow/dags/silver_layer_dag.py
[2025-10-24T10:33:49.479+0000] {logging_mixin.py:188} INFO - [2025-10-24T10:33:49.478+0000] {dag.py:3096} INFO - Sync 1 DAGs
[2025-10-24T10:33:49.486+0000] {logging_mixin.py:188} INFO - [2025-10-24T10:33:49.486+0000] {dag.py:3954} INFO - Setting next_dagrun for silver_layer_dag to None, run_after=None
[2025-10-24T10:33:49.499+0000] {processor.py:183} INFO - Processing /opt/airflow/dags/silver_layer_dag.py took 0.343 seconds
[2025-10-24T10:34:19.713+0000] {processor.py:161} INFO - Started process (PID=893) to work on /opt/airflow/dags/silver_layer_dag.py
[2025-10-24T10:34:19.714+0000] {processor.py:830} INFO - Processing file /opt/airflow/dags/silver_layer_dag.py for tasks to queue
[2025-10-24T10:34:19.715+0000] {logging_mixin.py:188} INFO - [2025-10-24T10:34:19.714+0000] {dagbag.py:540} INFO - Filling up the DagBag from /opt/airflow/dags/silver_layer_dag.py
[2025-10-24T10:34:19.973+0000] {processor.py:840} INFO - DAG(s) 'silver_layer_dag' retrieved from /opt/airflow/dags/silver_layer_dag.py
[2025-10-24T10:34:19.988+0000] {logging_mixin.py:188} INFO - [2025-10-24T10:34:19.988+0000] {dag.py:3096} INFO - Sync 1 DAGs
[2025-10-24T10:34:19.996+0000] {logging_mixin.py:188} INFO - [2025-10-24T10:34:19.996+0000] {dag.py:3954} INFO - Setting next_dagrun for silver_layer_dag to None, run_after=None
[2025-10-24T10:34:20.008+0000] {processor.py:183} INFO - Processing /opt/airflow/dags/silver_layer_dag.py took 0.300 seconds
[2025-10-24T10:34:50.266+0000] {processor.py:161} INFO - Started process (PID=897) to work on /opt/airflow/dags/silver_layer_dag.py
[2025-10-24T10:34:50.267+0000] {processor.py:830} INFO - Processing file /opt/airflow/dags/silver_layer_dag.py for tasks to queue
[2025-10-24T10:34:50.268+0000] {logging_mixin.py:188} INFO - [2025-10-24T10:34:50.268+0000] {dagbag.py:540} INFO - Filling up the DagBag from /opt/airflow/dags/silver_layer_dag.py
[2025-10-24T10:34:50.556+0000] {processor.py:840} INFO - DAG(s) 'silver_layer_dag' retrieved from /opt/airflow/dags/silver_layer_dag.py
[2025-10-24T10:34:50.571+0000] {logging_mixin.py:188} INFO - [2025-10-24T10:34:50.571+0000] {dag.py:3096} INFO - Sync 1 DAGs
[2025-10-24T10:34:50.578+0000] {logging_mixin.py:188} INFO - [2025-10-24T10:34:50.578+0000] {dag.py:3954} INFO - Setting next_dagrun for silver_layer_dag to None, run_after=None
[2025-10-24T10:34:50.590+0000] {processor.py:183} INFO - Processing /opt/airflow/dags/silver_layer_dag.py took 0.329 seconds
[2025-10-24T10:35:20.693+0000] {processor.py:161} INFO - Started process (PID=901) to work on /opt/airflow/dags/silver_layer_dag.py
[2025-10-24T10:35:20.694+0000] {processor.py:830} INFO - Processing file /opt/airflow/dags/silver_layer_dag.py for tasks to queue
[2025-10-24T10:35:20.695+0000] {logging_mixin.py:188} INFO - [2025-10-24T10:35:20.694+0000] {dagbag.py:540} INFO - Filling up the DagBag from /opt/airflow/dags/silver_layer_dag.py
[2025-10-24T10:35:20.979+0000] {processor.py:840} INFO - DAG(s) 'silver_layer_dag' retrieved from /opt/airflow/dags/silver_layer_dag.py
[2025-10-24T10:35:20.994+0000] {logging_mixin.py:188} INFO - [2025-10-24T10:35:20.994+0000] {dag.py:3096} INFO - Sync 1 DAGs
[2025-10-24T10:35:21.001+0000] {logging_mixin.py:188} INFO - [2025-10-24T10:35:21.001+0000] {dag.py:3954} INFO - Setting next_dagrun for silver_layer_dag to None, run_after=None
[2025-10-24T10:35:21.016+0000] {processor.py:183} INFO - Processing /opt/airflow/dags/silver_layer_dag.py took 0.328 seconds
[2025-10-24T10:35:51.239+0000] {processor.py:161} INFO - Started process (PID=905) to work on /opt/airflow/dags/silver_layer_dag.py
[2025-10-24T10:35:51.240+0000] {processor.py:830} INFO - Processing file /opt/airflow/dags/silver_layer_dag.py for tasks to queue
[2025-10-24T10:35:51.241+0000] {logging_mixin.py:188} INFO - [2025-10-24T10:35:51.241+0000] {dagbag.py:540} INFO - Filling up the DagBag from /opt/airflow/dags/silver_layer_dag.py
[2025-10-24T10:35:51.467+0000] {processor.py:840} INFO - DAG(s) 'silver_layer_dag' retrieved from /opt/airflow/dags/silver_layer_dag.py
[2025-10-24T10:35:51.481+0000] {logging_mixin.py:188} INFO - [2025-10-24T10:35:51.481+0000] {dag.py:3096} INFO - Sync 1 DAGs
[2025-10-24T10:35:51.488+0000] {logging_mixin.py:188} INFO - [2025-10-24T10:35:51.488+0000] {dag.py:3954} INFO - Setting next_dagrun for silver_layer_dag to None, run_after=None
[2025-10-24T10:35:51.501+0000] {processor.py:183} INFO - Processing /opt/airflow/dags/silver_layer_dag.py took 0.266 seconds
[2025-10-24T10:36:22.244+0000] {processor.py:161} INFO - Started process (PID=909) to work on /opt/airflow/dags/silver_layer_dag.py
[2025-10-24T10:36:22.245+0000] {processor.py:830} INFO - Processing file /opt/airflow/dags/silver_layer_dag.py for tasks to queue
[2025-10-24T10:36:22.246+0000] {logging_mixin.py:188} INFO - [2025-10-24T10:36:22.245+0000] {dagbag.py:540} INFO - Filling up the DagBag from /opt/airflow/dags/silver_layer_dag.py
[2025-10-24T10:36:22.495+0000] {processor.py:840} INFO - DAG(s) 'silver_layer_dag' retrieved from /opt/airflow/dags/silver_layer_dag.py
[2025-10-24T10:36:22.510+0000] {logging_mixin.py:188} INFO - [2025-10-24T10:36:22.510+0000] {dag.py:3096} INFO - Sync 1 DAGs
[2025-10-24T10:36:22.518+0000] {logging_mixin.py:188} INFO - [2025-10-24T10:36:22.517+0000] {dag.py:3954} INFO - Setting next_dagrun for silver_layer_dag to None, run_after=None
[2025-10-24T10:36:22.530+0000] {processor.py:183} INFO - Processing /opt/airflow/dags/silver_layer_dag.py took 0.292 seconds
[2025-10-24T10:36:52.626+0000] {processor.py:161} INFO - Started process (PID=913) to work on /opt/airflow/dags/silver_layer_dag.py
[2025-10-24T10:36:52.627+0000] {processor.py:830} INFO - Processing file /opt/airflow/dags/silver_layer_dag.py for tasks to queue
[2025-10-24T10:36:52.628+0000] {logging_mixin.py:188} INFO - [2025-10-24T10:36:52.628+0000] {dagbag.py:540} INFO - Filling up the DagBag from /opt/airflow/dags/silver_layer_dag.py
[2025-10-24T10:36:52.857+0000] {processor.py:840} INFO - DAG(s) 'silver_layer_dag' retrieved from /opt/airflow/dags/silver_layer_dag.py
[2025-10-24T10:36:52.870+0000] {logging_mixin.py:188} INFO - [2025-10-24T10:36:52.870+0000] {dag.py:3096} INFO - Sync 1 DAGs
[2025-10-24T10:36:52.877+0000] {logging_mixin.py:188} INFO - [2025-10-24T10:36:52.877+0000] {dag.py:3954} INFO - Setting next_dagrun for silver_layer_dag to None, run_after=None
[2025-10-24T10:36:52.889+0000] {processor.py:183} INFO - Processing /opt/airflow/dags/silver_layer_dag.py took 0.267 seconds
[2025-10-24T10:37:24.308+0000] {processor.py:161} INFO - Started process (PID=917) to work on /opt/airflow/dags/silver_layer_dag.py
[2025-10-24T10:37:24.309+0000] {processor.py:830} INFO - Processing file /opt/airflow/dags/silver_layer_dag.py for tasks to queue
[2025-10-24T10:37:24.309+0000] {logging_mixin.py:188} INFO - [2025-10-24T10:37:24.309+0000] {dagbag.py:540} INFO - Filling up the DagBag from /opt/airflow/dags/silver_layer_dag.py
[2025-10-24T10:37:24.566+0000] {processor.py:840} INFO - DAG(s) 'silver_layer_dag' retrieved from /opt/airflow/dags/silver_layer_dag.py
[2025-10-24T10:37:24.580+0000] {logging_mixin.py:188} INFO - [2025-10-24T10:37:24.580+0000] {dag.py:3096} INFO - Sync 1 DAGs
[2025-10-24T10:37:24.588+0000] {logging_mixin.py:188} INFO - [2025-10-24T10:37:24.587+0000] {dag.py:3954} INFO - Setting next_dagrun for silver_layer_dag to None, run_after=None
[2025-10-24T10:37:24.601+0000] {processor.py:183} INFO - Processing /opt/airflow/dags/silver_layer_dag.py took 0.298 seconds
[2025-10-24T10:37:56.049+0000] {processor.py:161} INFO - Started process (PID=921) to work on /opt/airflow/dags/silver_layer_dag.py
[2025-10-24T10:37:56.050+0000] {processor.py:830} INFO - Processing file /opt/airflow/dags/silver_layer_dag.py for tasks to queue
[2025-10-24T10:37:56.051+0000] {logging_mixin.py:188} INFO - [2025-10-24T10:37:56.051+0000] {dagbag.py:540} INFO - Filling up the DagBag from /opt/airflow/dags/silver_layer_dag.py
[2025-10-24T10:37:56.294+0000] {processor.py:840} INFO - DAG(s) 'silver_layer_dag' retrieved from /opt/airflow/dags/silver_layer_dag.py
[2025-10-24T10:37:56.309+0000] {logging_mixin.py:188} INFO - [2025-10-24T10:37:56.309+0000] {dag.py:3096} INFO - Sync 1 DAGs
[2025-10-24T10:37:56.316+0000] {logging_mixin.py:188} INFO - [2025-10-24T10:37:56.316+0000] {dag.py:3954} INFO - Setting next_dagrun for silver_layer_dag to None, run_after=None
[2025-10-24T10:37:56.328+0000] {processor.py:183} INFO - Processing /opt/airflow/dags/silver_layer_dag.py took 0.283 seconds
[2025-10-24T10:38:29.157+0000] {processor.py:161} INFO - Started process (PID=925) to work on /opt/airflow/dags/silver_layer_dag.py
[2025-10-24T10:38:29.158+0000] {processor.py:830} INFO - Processing file /opt/airflow/dags/silver_layer_dag.py for tasks to queue
[2025-10-24T10:38:29.159+0000] {logging_mixin.py:188} INFO - [2025-10-24T10:38:29.159+0000] {dagbag.py:540} INFO - Filling up the DagBag from /opt/airflow/dags/silver_layer_dag.py
[2025-10-24T10:38:29.437+0000] {processor.py:840} INFO - DAG(s) 'silver_layer_dag' retrieved from /opt/airflow/dags/silver_layer_dag.py
[2025-10-24T10:38:29.452+0000] {logging_mixin.py:188} INFO - [2025-10-24T10:38:29.452+0000] {dag.py:3096} INFO - Sync 1 DAGs
[2025-10-24T10:38:29.460+0000] {logging_mixin.py:188} INFO - [2025-10-24T10:38:29.460+0000] {dag.py:3954} INFO - Setting next_dagrun for silver_layer_dag to None, run_after=None
[2025-10-24T10:38:29.473+0000] {processor.py:183} INFO - Processing /opt/airflow/dags/silver_layer_dag.py took 0.321 seconds
[2025-10-24T10:39:01.255+0000] {processor.py:161} INFO - Started process (PID=929) to work on /opt/airflow/dags/silver_layer_dag.py
[2025-10-24T10:39:01.256+0000] {processor.py:830} INFO - Processing file /opt/airflow/dags/silver_layer_dag.py for tasks to queue
[2025-10-24T10:39:01.257+0000] {logging_mixin.py:188} INFO - [2025-10-24T10:39:01.256+0000] {dagbag.py:540} INFO - Filling up the DagBag from /opt/airflow/dags/silver_layer_dag.py
[2025-10-24T10:39:01.508+0000] {processor.py:840} INFO - DAG(s) 'silver_layer_dag' retrieved from /opt/airflow/dags/silver_layer_dag.py
[2025-10-24T10:39:01.522+0000] {logging_mixin.py:188} INFO - [2025-10-24T10:39:01.522+0000] {dag.py:3096} INFO - Sync 1 DAGs
[2025-10-24T10:39:01.529+0000] {logging_mixin.py:188} INFO - [2025-10-24T10:39:01.529+0000] {dag.py:3954} INFO - Setting next_dagrun for silver_layer_dag to None, run_after=None
[2025-10-24T10:39:01.541+0000] {processor.py:183} INFO - Processing /opt/airflow/dags/silver_layer_dag.py took 0.290 seconds
[2025-10-24T10:39:33.427+0000] {processor.py:161} INFO - Started process (PID=933) to work on /opt/airflow/dags/silver_layer_dag.py
[2025-10-24T10:39:33.428+0000] {processor.py:830} INFO - Processing file /opt/airflow/dags/silver_layer_dag.py for tasks to queue
[2025-10-24T10:39:33.429+0000] {logging_mixin.py:188} INFO - [2025-10-24T10:39:33.428+0000] {dagbag.py:540} INFO - Filling up the DagBag from /opt/airflow/dags/silver_layer_dag.py
[2025-10-24T10:39:33.690+0000] {processor.py:840} INFO - DAG(s) 'silver_layer_dag' retrieved from /opt/airflow/dags/silver_layer_dag.py
[2025-10-24T10:39:33.703+0000] {logging_mixin.py:188} INFO - [2025-10-24T10:39:33.703+0000] {dag.py:3096} INFO - Sync 1 DAGs
[2025-10-24T10:39:33.711+0000] {logging_mixin.py:188} INFO - [2025-10-24T10:39:33.710+0000] {dag.py:3954} INFO - Setting next_dagrun for silver_layer_dag to None, run_after=None
[2025-10-24T10:39:33.723+0000] {processor.py:183} INFO - Processing /opt/airflow/dags/silver_layer_dag.py took 0.300 seconds
[2025-10-24T10:40:04.289+0000] {processor.py:161} INFO - Started process (PID=937) to work on /opt/airflow/dags/silver_layer_dag.py
[2025-10-24T10:40:04.290+0000] {processor.py:830} INFO - Processing file /opt/airflow/dags/silver_layer_dag.py for tasks to queue
[2025-10-24T10:40:04.291+0000] {logging_mixin.py:188} INFO - [2025-10-24T10:40:04.291+0000] {dagbag.py:540} INFO - Filling up the DagBag from /opt/airflow/dags/silver_layer_dag.py
[2025-10-24T10:40:04.532+0000] {processor.py:840} INFO - DAG(s) 'silver_layer_dag' retrieved from /opt/airflow/dags/silver_layer_dag.py
[2025-10-24T10:40:04.546+0000] {logging_mixin.py:188} INFO - [2025-10-24T10:40:04.546+0000] {dag.py:3096} INFO - Sync 1 DAGs
[2025-10-24T10:40:04.553+0000] {logging_mixin.py:188} INFO - [2025-10-24T10:40:04.553+0000] {dag.py:3954} INFO - Setting next_dagrun for silver_layer_dag to None, run_after=None
[2025-10-24T10:40:04.564+0000] {processor.py:183} INFO - Processing /opt/airflow/dags/silver_layer_dag.py took 0.279 seconds
[2025-10-24T10:40:35.539+0000] {processor.py:161} INFO - Started process (PID=941) to work on /opt/airflow/dags/silver_layer_dag.py
[2025-10-24T10:40:35.539+0000] {processor.py:830} INFO - Processing file /opt/airflow/dags/silver_layer_dag.py for tasks to queue
[2025-10-24T10:40:35.540+0000] {logging_mixin.py:188} INFO - [2025-10-24T10:40:35.540+0000] {dagbag.py:540} INFO - Filling up the DagBag from /opt/airflow/dags/silver_layer_dag.py
[2025-10-24T10:40:35.798+0000] {processor.py:840} INFO - DAG(s) 'silver_layer_dag' retrieved from /opt/airflow/dags/silver_layer_dag.py
[2025-10-24T10:40:35.813+0000] {logging_mixin.py:188} INFO - [2025-10-24T10:40:35.813+0000] {dag.py:3096} INFO - Sync 1 DAGs
[2025-10-24T10:40:35.821+0000] {logging_mixin.py:188} INFO - [2025-10-24T10:40:35.821+0000] {dag.py:3954} INFO - Setting next_dagrun for silver_layer_dag to None, run_after=None
[2025-10-24T10:40:35.834+0000] {processor.py:183} INFO - Processing /opt/airflow/dags/silver_layer_dag.py took 0.299 seconds
[2025-10-24T10:41:06.025+0000] {processor.py:161} INFO - Started process (PID=945) to work on /opt/airflow/dags/silver_layer_dag.py
[2025-10-24T10:41:06.026+0000] {processor.py:830} INFO - Processing file /opt/airflow/dags/silver_layer_dag.py for tasks to queue
[2025-10-24T10:41:06.027+0000] {logging_mixin.py:188} INFO - [2025-10-24T10:41:06.026+0000] {dagbag.py:540} INFO - Filling up the DagBag from /opt/airflow/dags/silver_layer_dag.py
[2025-10-24T10:41:06.260+0000] {processor.py:840} INFO - DAG(s) 'silver_layer_dag' retrieved from /opt/airflow/dags/silver_layer_dag.py
[2025-10-24T10:41:06.273+0000] {logging_mixin.py:188} INFO - [2025-10-24T10:41:06.273+0000] {dag.py:3096} INFO - Sync 1 DAGs
[2025-10-24T10:41:06.280+0000] {logging_mixin.py:188} INFO - [2025-10-24T10:41:06.280+0000] {dag.py:3954} INFO - Setting next_dagrun for silver_layer_dag to None, run_after=None
[2025-10-24T10:41:06.293+0000] {processor.py:183} INFO - Processing /opt/airflow/dags/silver_layer_dag.py took 0.273 seconds
[2025-10-24T10:41:36.918+0000] {processor.py:161} INFO - Started process (PID=949) to work on /opt/airflow/dags/silver_layer_dag.py
[2025-10-24T10:41:36.919+0000] {processor.py:830} INFO - Processing file /opt/airflow/dags/silver_layer_dag.py for tasks to queue
[2025-10-24T10:41:36.919+0000] {logging_mixin.py:188} INFO - [2025-10-24T10:41:36.919+0000] {dagbag.py:540} INFO - Filling up the DagBag from /opt/airflow/dags/silver_layer_dag.py
[2025-10-24T10:41:37.178+0000] {processor.py:840} INFO - DAG(s) 'silver_layer_dag' retrieved from /opt/airflow/dags/silver_layer_dag.py
[2025-10-24T10:41:37.194+0000] {logging_mixin.py:188} INFO - [2025-10-24T10:41:37.194+0000] {dag.py:3096} INFO - Sync 1 DAGs
[2025-10-24T10:41:37.201+0000] {logging_mixin.py:188} INFO - [2025-10-24T10:41:37.201+0000] {dag.py:3954} INFO - Setting next_dagrun for silver_layer_dag to None, run_after=None
[2025-10-24T10:41:37.216+0000] {processor.py:183} INFO - Processing /opt/airflow/dags/silver_layer_dag.py took 0.302 seconds
[2025-10-24T10:42:07.786+0000] {processor.py:161} INFO - Started process (PID=953) to work on /opt/airflow/dags/silver_layer_dag.py
[2025-10-24T10:42:07.786+0000] {processor.py:830} INFO - Processing file /opt/airflow/dags/silver_layer_dag.py for tasks to queue
[2025-10-24T10:42:07.787+0000] {logging_mixin.py:188} INFO - [2025-10-24T10:42:07.787+0000] {dagbag.py:540} INFO - Filling up the DagBag from /opt/airflow/dags/silver_layer_dag.py
[2025-10-24T10:42:08.033+0000] {processor.py:840} INFO - DAG(s) 'silver_layer_dag' retrieved from /opt/airflow/dags/silver_layer_dag.py
[2025-10-24T10:42:08.048+0000] {logging_mixin.py:188} INFO - [2025-10-24T10:42:08.048+0000] {dag.py:3096} INFO - Sync 1 DAGs
[2025-10-24T10:42:08.055+0000] {logging_mixin.py:188} INFO - [2025-10-24T10:42:08.055+0000] {dag.py:3954} INFO - Setting next_dagrun for silver_layer_dag to None, run_after=None
[2025-10-24T10:42:08.068+0000] {processor.py:183} INFO - Processing /opt/airflow/dags/silver_layer_dag.py took 0.286 seconds
[2025-10-24T10:42:38.472+0000] {processor.py:161} INFO - Started process (PID=957) to work on /opt/airflow/dags/silver_layer_dag.py
[2025-10-24T10:42:38.473+0000] {processor.py:830} INFO - Processing file /opt/airflow/dags/silver_layer_dag.py for tasks to queue
[2025-10-24T10:42:38.474+0000] {logging_mixin.py:188} INFO - [2025-10-24T10:42:38.473+0000] {dagbag.py:540} INFO - Filling up the DagBag from /opt/airflow/dags/silver_layer_dag.py
[2025-10-24T10:42:38.728+0000] {processor.py:840} INFO - DAG(s) 'silver_layer_dag' retrieved from /opt/airflow/dags/silver_layer_dag.py
[2025-10-24T10:42:38.742+0000] {logging_mixin.py:188} INFO - [2025-10-24T10:42:38.742+0000] {dag.py:3096} INFO - Sync 1 DAGs
[2025-10-24T10:42:38.749+0000] {logging_mixin.py:188} INFO - [2025-10-24T10:42:38.749+0000] {dag.py:3954} INFO - Setting next_dagrun for silver_layer_dag to None, run_after=None
[2025-10-24T10:42:38.761+0000] {processor.py:183} INFO - Processing /opt/airflow/dags/silver_layer_dag.py took 0.293 seconds
[2025-10-24T10:43:09.652+0000] {processor.py:161} INFO - Started process (PID=961) to work on /opt/airflow/dags/silver_layer_dag.py
[2025-10-24T10:43:09.653+0000] {processor.py:830} INFO - Processing file /opt/airflow/dags/silver_layer_dag.py for tasks to queue
[2025-10-24T10:43:09.654+0000] {logging_mixin.py:188} INFO - [2025-10-24T10:43:09.653+0000] {dagbag.py:540} INFO - Filling up the DagBag from /opt/airflow/dags/silver_layer_dag.py
[2025-10-24T10:43:09.917+0000] {processor.py:840} INFO - DAG(s) 'silver_layer_dag' retrieved from /opt/airflow/dags/silver_layer_dag.py
[2025-10-24T10:43:09.931+0000] {logging_mixin.py:188} INFO - [2025-10-24T10:43:09.931+0000] {dag.py:3096} INFO - Sync 1 DAGs
[2025-10-24T10:43:09.939+0000] {logging_mixin.py:188} INFO - [2025-10-24T10:43:09.939+0000] {dag.py:3954} INFO - Setting next_dagrun for silver_layer_dag to None, run_after=None
[2025-10-24T10:43:09.951+0000] {processor.py:183} INFO - Processing /opt/airflow/dags/silver_layer_dag.py took 0.303 seconds
[2025-10-24T10:43:40.678+0000] {processor.py:161} INFO - Started process (PID=965) to work on /opt/airflow/dags/silver_layer_dag.py
[2025-10-24T10:43:40.679+0000] {processor.py:830} INFO - Processing file /opt/airflow/dags/silver_layer_dag.py for tasks to queue
[2025-10-24T10:43:40.679+0000] {logging_mixin.py:188} INFO - [2025-10-24T10:43:40.679+0000] {dagbag.py:540} INFO - Filling up the DagBag from /opt/airflow/dags/silver_layer_dag.py
[2025-10-24T10:43:40.935+0000] {processor.py:840} INFO - DAG(s) 'silver_layer_dag' retrieved from /opt/airflow/dags/silver_layer_dag.py
[2025-10-24T10:43:40.949+0000] {logging_mixin.py:188} INFO - [2025-10-24T10:43:40.948+0000] {dag.py:3096} INFO - Sync 1 DAGs
[2025-10-24T10:43:40.956+0000] {logging_mixin.py:188} INFO - [2025-10-24T10:43:40.956+0000] {dag.py:3954} INFO - Setting next_dagrun for silver_layer_dag to None, run_after=None
[2025-10-24T10:43:40.968+0000] {processor.py:183} INFO - Processing /opt/airflow/dags/silver_layer_dag.py took 0.294 seconds
[2025-10-24T10:44:11.519+0000] {processor.py:161} INFO - Started process (PID=969) to work on /opt/airflow/dags/silver_layer_dag.py
[2025-10-24T10:44:11.520+0000] {processor.py:830} INFO - Processing file /opt/airflow/dags/silver_layer_dag.py for tasks to queue
[2025-10-24T10:44:11.521+0000] {logging_mixin.py:188} INFO - [2025-10-24T10:44:11.521+0000] {dagbag.py:540} INFO - Filling up the DagBag from /opt/airflow/dags/silver_layer_dag.py
[2025-10-24T10:44:11.808+0000] {processor.py:840} INFO - DAG(s) 'silver_layer_dag' retrieved from /opt/airflow/dags/silver_layer_dag.py
[2025-10-24T10:44:11.823+0000] {logging_mixin.py:188} INFO - [2025-10-24T10:44:11.823+0000] {dag.py:3096} INFO - Sync 1 DAGs
[2025-10-24T10:44:11.831+0000] {logging_mixin.py:188} INFO - [2025-10-24T10:44:11.831+0000] {dag.py:3954} INFO - Setting next_dagrun for silver_layer_dag to None, run_after=None
[2025-10-24T10:44:11.844+0000] {processor.py:183} INFO - Processing /opt/airflow/dags/silver_layer_dag.py took 0.329 seconds
[2025-10-24T10:44:42.459+0000] {processor.py:161} INFO - Started process (PID=973) to work on /opt/airflow/dags/silver_layer_dag.py
[2025-10-24T10:44:42.460+0000] {processor.py:830} INFO - Processing file /opt/airflow/dags/silver_layer_dag.py for tasks to queue
[2025-10-24T10:44:42.461+0000] {logging_mixin.py:188} INFO - [2025-10-24T10:44:42.461+0000] {dagbag.py:540} INFO - Filling up the DagBag from /opt/airflow/dags/silver_layer_dag.py
[2025-10-24T10:44:42.717+0000] {processor.py:840} INFO - DAG(s) 'silver_layer_dag' retrieved from /opt/airflow/dags/silver_layer_dag.py
[2025-10-24T10:44:42.731+0000] {logging_mixin.py:188} INFO - [2025-10-24T10:44:42.731+0000] {dag.py:3096} INFO - Sync 1 DAGs
[2025-10-24T10:44:42.738+0000] {logging_mixin.py:188} INFO - [2025-10-24T10:44:42.738+0000] {dag.py:3954} INFO - Setting next_dagrun for silver_layer_dag to None, run_after=None
[2025-10-24T10:44:42.750+0000] {processor.py:183} INFO - Processing /opt/airflow/dags/silver_layer_dag.py took 0.295 seconds
[2025-10-24T10:45:13.382+0000] {processor.py:161} INFO - Started process (PID=977) to work on /opt/airflow/dags/silver_layer_dag.py
[2025-10-24T10:45:13.383+0000] {processor.py:830} INFO - Processing file /opt/airflow/dags/silver_layer_dag.py for tasks to queue
[2025-10-24T10:45:13.384+0000] {logging_mixin.py:188} INFO - [2025-10-24T10:45:13.384+0000] {dagbag.py:540} INFO - Filling up the DagBag from /opt/airflow/dags/silver_layer_dag.py
[2025-10-24T10:45:13.687+0000] {processor.py:840} INFO - DAG(s) 'silver_layer_dag' retrieved from /opt/airflow/dags/silver_layer_dag.py
[2025-10-24T10:45:13.706+0000] {logging_mixin.py:188} INFO - [2025-10-24T10:45:13.706+0000] {dag.py:3096} INFO - Sync 1 DAGs
[2025-10-24T10:45:13.714+0000] {logging_mixin.py:188} INFO - [2025-10-24T10:45:13.714+0000] {dag.py:3954} INFO - Setting next_dagrun for silver_layer_dag to None, run_after=None
[2025-10-24T10:45:13.729+0000] {processor.py:183} INFO - Processing /opt/airflow/dags/silver_layer_dag.py took 0.352 seconds
[2025-10-24T10:45:44.556+0000] {processor.py:161} INFO - Started process (PID=981) to work on /opt/airflow/dags/silver_layer_dag.py
[2025-10-24T10:45:44.557+0000] {processor.py:830} INFO - Processing file /opt/airflow/dags/silver_layer_dag.py for tasks to queue
[2025-10-24T10:45:44.558+0000] {logging_mixin.py:188} INFO - [2025-10-24T10:45:44.558+0000] {dagbag.py:540} INFO - Filling up the DagBag from /opt/airflow/dags/silver_layer_dag.py
[2025-10-24T10:45:44.808+0000] {processor.py:840} INFO - DAG(s) 'silver_layer_dag' retrieved from /opt/airflow/dags/silver_layer_dag.py
[2025-10-24T10:45:44.822+0000] {logging_mixin.py:188} INFO - [2025-10-24T10:45:44.822+0000] {dag.py:3096} INFO - Sync 1 DAGs
[2025-10-24T10:45:44.829+0000] {logging_mixin.py:188} INFO - [2025-10-24T10:45:44.829+0000] {dag.py:3954} INFO - Setting next_dagrun for silver_layer_dag to None, run_after=None
[2025-10-24T10:45:44.841+0000] {processor.py:183} INFO - Processing /opt/airflow/dags/silver_layer_dag.py took 0.289 seconds
[2025-10-24T10:46:15.321+0000] {processor.py:161} INFO - Started process (PID=985) to work on /opt/airflow/dags/silver_layer_dag.py
[2025-10-24T10:46:15.322+0000] {processor.py:830} INFO - Processing file /opt/airflow/dags/silver_layer_dag.py for tasks to queue
[2025-10-24T10:46:15.323+0000] {logging_mixin.py:188} INFO - [2025-10-24T10:46:15.322+0000] {dagbag.py:540} INFO - Filling up the DagBag from /opt/airflow/dags/silver_layer_dag.py
[2025-10-24T10:46:15.620+0000] {processor.py:840} INFO - DAG(s) 'silver_layer_dag' retrieved from /opt/airflow/dags/silver_layer_dag.py
[2025-10-24T10:46:15.636+0000] {logging_mixin.py:188} INFO - [2025-10-24T10:46:15.636+0000] {dag.py:3096} INFO - Sync 1 DAGs
[2025-10-24T10:46:15.644+0000] {logging_mixin.py:188} INFO - [2025-10-24T10:46:15.644+0000] {dag.py:3954} INFO - Setting next_dagrun for silver_layer_dag to None, run_after=None
[2025-10-24T10:46:15.658+0000] {processor.py:183} INFO - Processing /opt/airflow/dags/silver_layer_dag.py took 0.342 seconds
[2025-10-24T10:46:46.026+0000] {processor.py:161} INFO - Started process (PID=989) to work on /opt/airflow/dags/silver_layer_dag.py
[2025-10-24T10:46:46.027+0000] {processor.py:830} INFO - Processing file /opt/airflow/dags/silver_layer_dag.py for tasks to queue
[2025-10-24T10:46:46.028+0000] {logging_mixin.py:188} INFO - [2025-10-24T10:46:46.028+0000] {dagbag.py:540} INFO - Filling up the DagBag from /opt/airflow/dags/silver_layer_dag.py
[2025-10-24T10:46:46.289+0000] {processor.py:840} INFO - DAG(s) 'silver_layer_dag' retrieved from /opt/airflow/dags/silver_layer_dag.py
[2025-10-24T10:46:46.304+0000] {logging_mixin.py:188} INFO - [2025-10-24T10:46:46.304+0000] {dag.py:3096} INFO - Sync 1 DAGs
[2025-10-24T10:46:46.312+0000] {logging_mixin.py:188} INFO - [2025-10-24T10:46:46.311+0000] {dag.py:3954} INFO - Setting next_dagrun for silver_layer_dag to None, run_after=None
[2025-10-24T10:46:46.324+0000] {processor.py:183} INFO - Processing /opt/airflow/dags/silver_layer_dag.py took 0.303 seconds
[2025-10-24T10:47:16.749+0000] {processor.py:161} INFO - Started process (PID=993) to work on /opt/airflow/dags/silver_layer_dag.py
[2025-10-24T10:47:16.750+0000] {processor.py:830} INFO - Processing file /opt/airflow/dags/silver_layer_dag.py for tasks to queue
[2025-10-24T10:47:16.751+0000] {logging_mixin.py:188} INFO - [2025-10-24T10:47:16.750+0000] {dagbag.py:540} INFO - Filling up the DagBag from /opt/airflow/dags/silver_layer_dag.py
[2025-10-24T10:47:17.010+0000] {processor.py:840} INFO - DAG(s) 'silver_layer_dag' retrieved from /opt/airflow/dags/silver_layer_dag.py
[2025-10-24T10:47:17.026+0000] {logging_mixin.py:188} INFO - [2025-10-24T10:47:17.025+0000] {dag.py:3096} INFO - Sync 1 DAGs
[2025-10-24T10:47:17.033+0000] {logging_mixin.py:188} INFO - [2025-10-24T10:47:17.033+0000] {dag.py:3954} INFO - Setting next_dagrun for silver_layer_dag to None, run_after=None
[2025-10-24T10:47:17.047+0000] {processor.py:183} INFO - Processing /opt/airflow/dags/silver_layer_dag.py took 0.302 seconds
[2025-10-24T10:47:47.482+0000] {processor.py:161} INFO - Started process (PID=997) to work on /opt/airflow/dags/silver_layer_dag.py
[2025-10-24T10:47:47.483+0000] {processor.py:830} INFO - Processing file /opt/airflow/dags/silver_layer_dag.py for tasks to queue
[2025-10-24T10:47:47.484+0000] {logging_mixin.py:188} INFO - [2025-10-24T10:47:47.484+0000] {dagbag.py:540} INFO - Filling up the DagBag from /opt/airflow/dags/silver_layer_dag.py
[2025-10-24T10:47:47.788+0000] {processor.py:840} INFO - DAG(s) 'silver_layer_dag' retrieved from /opt/airflow/dags/silver_layer_dag.py
[2025-10-24T10:47:47.807+0000] {logging_mixin.py:188} INFO - [2025-10-24T10:47:47.807+0000] {dag.py:3096} INFO - Sync 1 DAGs
[2025-10-24T10:47:47.814+0000] {logging_mixin.py:188} INFO - [2025-10-24T10:47:47.814+0000] {dag.py:3954} INFO - Setting next_dagrun for silver_layer_dag to None, run_after=None
[2025-10-24T10:47:47.828+0000] {processor.py:183} INFO - Processing /opt/airflow/dags/silver_layer_dag.py took 0.351 seconds
[2025-10-24T10:48:18.307+0000] {processor.py:161} INFO - Started process (PID=1001) to work on /opt/airflow/dags/silver_layer_dag.py
[2025-10-24T10:48:18.307+0000] {processor.py:830} INFO - Processing file /opt/airflow/dags/silver_layer_dag.py for tasks to queue
[2025-10-24T10:48:18.308+0000] {logging_mixin.py:188} INFO - [2025-10-24T10:48:18.308+0000] {dagbag.py:540} INFO - Filling up the DagBag from /opt/airflow/dags/silver_layer_dag.py
[2025-10-24T10:48:18.563+0000] {processor.py:840} INFO - DAG(s) 'silver_layer_dag' retrieved from /opt/airflow/dags/silver_layer_dag.py
[2025-10-24T10:48:18.578+0000] {logging_mixin.py:188} INFO - [2025-10-24T10:48:18.578+0000] {dag.py:3096} INFO - Sync 1 DAGs
[2025-10-24T10:48:18.586+0000] {logging_mixin.py:188} INFO - [2025-10-24T10:48:18.586+0000] {dag.py:3954} INFO - Setting next_dagrun for silver_layer_dag to None, run_after=None
[2025-10-24T10:48:18.600+0000] {processor.py:183} INFO - Processing /opt/airflow/dags/silver_layer_dag.py took 0.298 seconds
[2025-10-24T10:48:48.901+0000] {processor.py:161} INFO - Started process (PID=1005) to work on /opt/airflow/dags/silver_layer_dag.py
[2025-10-24T10:48:48.902+0000] {processor.py:830} INFO - Processing file /opt/airflow/dags/silver_layer_dag.py for tasks to queue
[2025-10-24T10:48:48.903+0000] {logging_mixin.py:188} INFO - [2025-10-24T10:48:48.903+0000] {dagbag.py:540} INFO - Filling up the DagBag from /opt/airflow/dags/silver_layer_dag.py
[2025-10-24T10:48:49.159+0000] {processor.py:840} INFO - DAG(s) 'silver_layer_dag' retrieved from /opt/airflow/dags/silver_layer_dag.py
[2025-10-24T10:48:49.173+0000] {logging_mixin.py:188} INFO - [2025-10-24T10:48:49.173+0000] {dag.py:3096} INFO - Sync 1 DAGs
[2025-10-24T10:48:49.181+0000] {logging_mixin.py:188} INFO - [2025-10-24T10:48:49.181+0000] {dag.py:3954} INFO - Setting next_dagrun for silver_layer_dag to None, run_after=None
[2025-10-24T10:48:49.192+0000] {processor.py:183} INFO - Processing /opt/airflow/dags/silver_layer_dag.py took 0.295 seconds
[2025-10-24T10:49:20.007+0000] {processor.py:161} INFO - Started process (PID=1009) to work on /opt/airflow/dags/silver_layer_dag.py
[2025-10-24T10:49:20.008+0000] {processor.py:830} INFO - Processing file /opt/airflow/dags/silver_layer_dag.py for tasks to queue
[2025-10-24T10:49:20.009+0000] {logging_mixin.py:188} INFO - [2025-10-24T10:49:20.009+0000] {dagbag.py:540} INFO - Filling up the DagBag from /opt/airflow/dags/silver_layer_dag.py
[2025-10-24T10:49:20.311+0000] {processor.py:840} INFO - DAG(s) 'silver_layer_dag' retrieved from /opt/airflow/dags/silver_layer_dag.py
[2025-10-24T10:49:20.328+0000] {logging_mixin.py:188} INFO - [2025-10-24T10:49:20.328+0000] {dag.py:3096} INFO - Sync 1 DAGs
[2025-10-24T10:49:20.336+0000] {logging_mixin.py:188} INFO - [2025-10-24T10:49:20.336+0000] {dag.py:3954} INFO - Setting next_dagrun for silver_layer_dag to None, run_after=None
[2025-10-24T10:49:20.351+0000] {processor.py:183} INFO - Processing /opt/airflow/dags/silver_layer_dag.py took 0.348 seconds
[2025-10-24T10:49:50.590+0000] {processor.py:161} INFO - Started process (PID=1013) to work on /opt/airflow/dags/silver_layer_dag.py
[2025-10-24T10:49:50.591+0000] {processor.py:830} INFO - Processing file /opt/airflow/dags/silver_layer_dag.py for tasks to queue
[2025-10-24T10:49:50.591+0000] {logging_mixin.py:188} INFO - [2025-10-24T10:49:50.591+0000] {dagbag.py:540} INFO - Filling up the DagBag from /opt/airflow/dags/silver_layer_dag.py
[2025-10-24T10:49:50.848+0000] {processor.py:840} INFO - DAG(s) 'silver_layer_dag' retrieved from /opt/airflow/dags/silver_layer_dag.py
[2025-10-24T10:49:50.863+0000] {logging_mixin.py:188} INFO - [2025-10-24T10:49:50.863+0000] {dag.py:3096} INFO - Sync 1 DAGs
[2025-10-24T10:49:50.870+0000] {logging_mixin.py:188} INFO - [2025-10-24T10:49:50.870+0000] {dag.py:3954} INFO - Setting next_dagrun for silver_layer_dag to None, run_after=None
[2025-10-24T10:49:50.883+0000] {processor.py:183} INFO - Processing /opt/airflow/dags/silver_layer_dag.py took 0.297 seconds
[2025-10-24T10:50:21.251+0000] {processor.py:161} INFO - Started process (PID=1017) to work on /opt/airflow/dags/silver_layer_dag.py
[2025-10-24T10:50:21.252+0000] {processor.py:830} INFO - Processing file /opt/airflow/dags/silver_layer_dag.py for tasks to queue
[2025-10-24T10:50:21.253+0000] {logging_mixin.py:188} INFO - [2025-10-24T10:50:21.253+0000] {dagbag.py:540} INFO - Filling up the DagBag from /opt/airflow/dags/silver_layer_dag.py
[2025-10-24T10:50:21.504+0000] {processor.py:840} INFO - DAG(s) 'silver_layer_dag' retrieved from /opt/airflow/dags/silver_layer_dag.py
[2025-10-24T10:50:21.518+0000] {logging_mixin.py:188} INFO - [2025-10-24T10:50:21.518+0000] {dag.py:3096} INFO - Sync 1 DAGs
[2025-10-24T10:50:21.525+0000] {logging_mixin.py:188} INFO - [2025-10-24T10:50:21.525+0000] {dag.py:3954} INFO - Setting next_dagrun for silver_layer_dag to None, run_after=None
[2025-10-24T10:50:21.536+0000] {processor.py:183} INFO - Processing /opt/airflow/dags/silver_layer_dag.py took 0.290 seconds
[2025-10-24T10:50:51.576+0000] {processor.py:161} INFO - Started process (PID=1021) to work on /opt/airflow/dags/silver_layer_dag.py
[2025-10-24T10:50:51.576+0000] {processor.py:830} INFO - Processing file /opt/airflow/dags/silver_layer_dag.py for tasks to queue
[2025-10-24T10:50:51.577+0000] {logging_mixin.py:188} INFO - [2025-10-24T10:50:51.577+0000] {dagbag.py:540} INFO - Filling up the DagBag from /opt/airflow/dags/silver_layer_dag.py
[2025-10-24T10:50:51.815+0000] {processor.py:840} INFO - DAG(s) 'silver_layer_dag' retrieved from /opt/airflow/dags/silver_layer_dag.py
[2025-10-24T10:50:51.829+0000] {logging_mixin.py:188} INFO - [2025-10-24T10:50:51.829+0000] {dag.py:3096} INFO - Sync 1 DAGs
[2025-10-24T10:50:51.836+0000] {logging_mixin.py:188} INFO - [2025-10-24T10:50:51.836+0000] {dag.py:3954} INFO - Setting next_dagrun for silver_layer_dag to None, run_after=None
[2025-10-24T10:50:51.847+0000] {processor.py:183} INFO - Processing /opt/airflow/dags/silver_layer_dag.py took 0.276 seconds
[2025-10-24T10:51:21.945+0000] {processor.py:161} INFO - Started process (PID=1025) to work on /opt/airflow/dags/silver_layer_dag.py
[2025-10-24T10:51:21.946+0000] {processor.py:830} INFO - Processing file /opt/airflow/dags/silver_layer_dag.py for tasks to queue
[2025-10-24T10:51:21.946+0000] {logging_mixin.py:188} INFO - [2025-10-24T10:51:21.946+0000] {dagbag.py:540} INFO - Filling up the DagBag from /opt/airflow/dags/silver_layer_dag.py
[2025-10-24T10:51:22.199+0000] {processor.py:840} INFO - DAG(s) 'silver_layer_dag' retrieved from /opt/airflow/dags/silver_layer_dag.py
[2025-10-24T10:51:22.214+0000] {logging_mixin.py:188} INFO - [2025-10-24T10:51:22.214+0000] {dag.py:3096} INFO - Sync 1 DAGs
[2025-10-24T10:51:22.222+0000] {logging_mixin.py:188} INFO - [2025-10-24T10:51:22.222+0000] {dag.py:3954} INFO - Setting next_dagrun for silver_layer_dag to None, run_after=None
[2025-10-24T10:51:22.236+0000] {processor.py:183} INFO - Processing /opt/airflow/dags/silver_layer_dag.py took 0.296 seconds
[2025-10-24T10:51:53.215+0000] {processor.py:161} INFO - Started process (PID=1029) to work on /opt/airflow/dags/silver_layer_dag.py
[2025-10-24T10:51:53.216+0000] {processor.py:830} INFO - Processing file /opt/airflow/dags/silver_layer_dag.py for tasks to queue
[2025-10-24T10:51:53.217+0000] {logging_mixin.py:188} INFO - [2025-10-24T10:51:53.217+0000] {dagbag.py:540} INFO - Filling up the DagBag from /opt/airflow/dags/silver_layer_dag.py
[2025-10-24T10:51:53.485+0000] {processor.py:840} INFO - DAG(s) 'silver_layer_dag' retrieved from /opt/airflow/dags/silver_layer_dag.py
[2025-10-24T10:51:53.501+0000] {logging_mixin.py:188} INFO - [2025-10-24T10:51:53.501+0000] {dag.py:3096} INFO - Sync 1 DAGs
[2025-10-24T10:51:53.509+0000] {logging_mixin.py:188} INFO - [2025-10-24T10:51:53.509+0000] {dag.py:3954} INFO - Setting next_dagrun for silver_layer_dag to None, run_after=None
[2025-10-24T10:51:53.524+0000] {processor.py:183} INFO - Processing /opt/airflow/dags/silver_layer_dag.py took 0.313 seconds
[2025-10-24T10:52:23.851+0000] {processor.py:161} INFO - Started process (PID=1033) to work on /opt/airflow/dags/silver_layer_dag.py
[2025-10-24T10:52:23.851+0000] {processor.py:830} INFO - Processing file /opt/airflow/dags/silver_layer_dag.py for tasks to queue
[2025-10-24T10:52:23.852+0000] {logging_mixin.py:188} INFO - [2025-10-24T10:52:23.852+0000] {dagbag.py:540} INFO - Filling up the DagBag from /opt/airflow/dags/silver_layer_dag.py
[2025-10-24T10:52:24.095+0000] {processor.py:840} INFO - DAG(s) 'silver_layer_dag' retrieved from /opt/airflow/dags/silver_layer_dag.py
[2025-10-24T10:52:24.109+0000] {logging_mixin.py:188} INFO - [2025-10-24T10:52:24.109+0000] {dag.py:3096} INFO - Sync 1 DAGs
[2025-10-24T10:52:24.116+0000] {logging_mixin.py:188} INFO - [2025-10-24T10:52:24.116+0000] {dag.py:3954} INFO - Setting next_dagrun for silver_layer_dag to None, run_after=None
[2025-10-24T10:52:24.128+0000] {processor.py:183} INFO - Processing /opt/airflow/dags/silver_layer_dag.py took 0.281 seconds
[2025-10-24T10:52:54.926+0000] {processor.py:161} INFO - Started process (PID=1037) to work on /opt/airflow/dags/silver_layer_dag.py
[2025-10-24T10:52:54.927+0000] {processor.py:830} INFO - Processing file /opt/airflow/dags/silver_layer_dag.py for tasks to queue
[2025-10-24T10:52:54.927+0000] {logging_mixin.py:188} INFO - [2025-10-24T10:52:54.927+0000] {dagbag.py:540} INFO - Filling up the DagBag from /opt/airflow/dags/silver_layer_dag.py
[2025-10-24T10:52:55.191+0000] {processor.py:840} INFO - DAG(s) 'silver_layer_dag' retrieved from /opt/airflow/dags/silver_layer_dag.py
[2025-10-24T10:52:55.207+0000] {logging_mixin.py:188} INFO - [2025-10-24T10:52:55.207+0000] {dag.py:3096} INFO - Sync 1 DAGs
[2025-10-24T10:52:55.214+0000] {logging_mixin.py:188} INFO - [2025-10-24T10:52:55.214+0000] {dag.py:3954} INFO - Setting next_dagrun for silver_layer_dag to None, run_after=None
[2025-10-24T10:52:55.226+0000] {processor.py:183} INFO - Processing /opt/airflow/dags/silver_layer_dag.py took 0.306 seconds
[2025-10-24T10:53:25.703+0000] {processor.py:161} INFO - Started process (PID=1041) to work on /opt/airflow/dags/silver_layer_dag.py
[2025-10-24T10:53:25.704+0000] {processor.py:830} INFO - Processing file /opt/airflow/dags/silver_layer_dag.py for tasks to queue
[2025-10-24T10:53:25.705+0000] {logging_mixin.py:188} INFO - [2025-10-24T10:53:25.705+0000] {dagbag.py:540} INFO - Filling up the DagBag from /opt/airflow/dags/silver_layer_dag.py
[2025-10-24T10:53:25.966+0000] {processor.py:840} INFO - DAG(s) 'silver_layer_dag' retrieved from /opt/airflow/dags/silver_layer_dag.py
[2025-10-24T10:53:25.981+0000] {logging_mixin.py:188} INFO - [2025-10-24T10:53:25.981+0000] {dag.py:3096} INFO - Sync 1 DAGs
[2025-10-24T10:53:25.988+0000] {logging_mixin.py:188} INFO - [2025-10-24T10:53:25.988+0000] {dag.py:3954} INFO - Setting next_dagrun for silver_layer_dag to None, run_after=None
[2025-10-24T10:53:26.007+0000] {processor.py:183} INFO - Processing /opt/airflow/dags/silver_layer_dag.py took 0.308 seconds
[2025-10-24T10:53:56.409+0000] {processor.py:161} INFO - Started process (PID=1045) to work on /opt/airflow/dags/silver_layer_dag.py
[2025-10-24T10:53:56.410+0000] {processor.py:830} INFO - Processing file /opt/airflow/dags/silver_layer_dag.py for tasks to queue
[2025-10-24T10:53:56.411+0000] {logging_mixin.py:188} INFO - [2025-10-24T10:53:56.411+0000] {dagbag.py:540} INFO - Filling up the DagBag from /opt/airflow/dags/silver_layer_dag.py
[2025-10-24T10:53:56.684+0000] {processor.py:840} INFO - DAG(s) 'silver_layer_dag' retrieved from /opt/airflow/dags/silver_layer_dag.py
[2025-10-24T10:53:56.700+0000] {logging_mixin.py:188} INFO - [2025-10-24T10:53:56.700+0000] {dag.py:3096} INFO - Sync 1 DAGs
[2025-10-24T10:53:56.708+0000] {logging_mixin.py:188} INFO - [2025-10-24T10:53:56.708+0000] {dag.py:3954} INFO - Setting next_dagrun for silver_layer_dag to None, run_after=None
[2025-10-24T10:53:56.722+0000] {processor.py:183} INFO - Processing /opt/airflow/dags/silver_layer_dag.py took 0.317 seconds
[2025-10-24T10:54:27.234+0000] {processor.py:161} INFO - Started process (PID=1049) to work on /opt/airflow/dags/silver_layer_dag.py
[2025-10-24T10:54:27.234+0000] {processor.py:830} INFO - Processing file /opt/airflow/dags/silver_layer_dag.py for tasks to queue
[2025-10-24T10:54:27.235+0000] {logging_mixin.py:188} INFO - [2025-10-24T10:54:27.235+0000] {dagbag.py:540} INFO - Filling up the DagBag from /opt/airflow/dags/silver_layer_dag.py
[2025-10-24T10:54:27.504+0000] {processor.py:840} INFO - DAG(s) 'silver_layer_dag' retrieved from /opt/airflow/dags/silver_layer_dag.py
[2025-10-24T10:54:27.522+0000] {logging_mixin.py:188} INFO - [2025-10-24T10:54:27.521+0000] {dag.py:3096} INFO - Sync 1 DAGs
[2025-10-24T10:54:27.530+0000] {logging_mixin.py:188} INFO - [2025-10-24T10:54:27.530+0000] {dag.py:3954} INFO - Setting next_dagrun for silver_layer_dag to None, run_after=None
[2025-10-24T10:54:27.547+0000] {processor.py:183} INFO - Processing /opt/airflow/dags/silver_layer_dag.py took 0.319 seconds
[2025-10-24T10:54:57.664+0000] {processor.py:161} INFO - Started process (PID=1053) to work on /opt/airflow/dags/silver_layer_dag.py
[2025-10-24T10:54:57.665+0000] {processor.py:830} INFO - Processing file /opt/airflow/dags/silver_layer_dag.py for tasks to queue
[2025-10-24T10:54:57.665+0000] {logging_mixin.py:188} INFO - [2025-10-24T10:54:57.665+0000] {dagbag.py:540} INFO - Filling up the DagBag from /opt/airflow/dags/silver_layer_dag.py
[2025-10-24T10:54:57.894+0000] {processor.py:840} INFO - DAG(s) 'silver_layer_dag' retrieved from /opt/airflow/dags/silver_layer_dag.py
[2025-10-24T10:54:57.908+0000] {logging_mixin.py:188} INFO - [2025-10-24T10:54:57.908+0000] {dag.py:3096} INFO - Sync 1 DAGs
[2025-10-24T10:54:57.915+0000] {logging_mixin.py:188} INFO - [2025-10-24T10:54:57.915+0000] {dag.py:3954} INFO - Setting next_dagrun for silver_layer_dag to None, run_after=None
[2025-10-24T10:54:57.927+0000] {processor.py:183} INFO - Processing /opt/airflow/dags/silver_layer_dag.py took 0.267 seconds
[2025-10-24T10:55:28.029+0000] {processor.py:161} INFO - Started process (PID=1057) to work on /opt/airflow/dags/silver_layer_dag.py
[2025-10-24T10:55:28.029+0000] {processor.py:830} INFO - Processing file /opt/airflow/dags/silver_layer_dag.py for tasks to queue
[2025-10-24T10:55:28.030+0000] {logging_mixin.py:188} INFO - [2025-10-24T10:55:28.030+0000] {dagbag.py:540} INFO - Filling up the DagBag from /opt/airflow/dags/silver_layer_dag.py
[2025-10-24T10:55:28.267+0000] {processor.py:840} INFO - DAG(s) 'silver_layer_dag' retrieved from /opt/airflow/dags/silver_layer_dag.py
[2025-10-24T10:55:28.279+0000] {logging_mixin.py:188} INFO - [2025-10-24T10:55:28.279+0000] {dag.py:3096} INFO - Sync 1 DAGs
[2025-10-24T10:55:28.286+0000] {logging_mixin.py:188} INFO - [2025-10-24T10:55:28.286+0000] {dag.py:3954} INFO - Setting next_dagrun for silver_layer_dag to None, run_after=None
[2025-10-24T10:55:28.298+0000] {processor.py:183} INFO - Processing /opt/airflow/dags/silver_layer_dag.py took 0.274 seconds
[2025-10-24T10:55:58.774+0000] {processor.py:161} INFO - Started process (PID=1061) to work on /opt/airflow/dags/silver_layer_dag.py
[2025-10-24T10:55:58.775+0000] {processor.py:830} INFO - Processing file /opt/airflow/dags/silver_layer_dag.py for tasks to queue
[2025-10-24T10:55:58.775+0000] {logging_mixin.py:188} INFO - [2025-10-24T10:55:58.775+0000] {dagbag.py:540} INFO - Filling up the DagBag from /opt/airflow/dags/silver_layer_dag.py
[2025-10-24T10:55:59.017+0000] {processor.py:840} INFO - DAG(s) 'silver_layer_dag' retrieved from /opt/airflow/dags/silver_layer_dag.py
[2025-10-24T10:55:59.031+0000] {logging_mixin.py:188} INFO - [2025-10-24T10:55:59.031+0000] {dag.py:3096} INFO - Sync 1 DAGs
[2025-10-24T10:55:59.039+0000] {logging_mixin.py:188} INFO - [2025-10-24T10:55:59.039+0000] {dag.py:3954} INFO - Setting next_dagrun for silver_layer_dag to None, run_after=None
[2025-10-24T10:55:59.052+0000] {processor.py:183} INFO - Processing /opt/airflow/dags/silver_layer_dag.py took 0.283 seconds
[2025-10-24T10:56:29.529+0000] {processor.py:161} INFO - Started process (PID=1065) to work on /opt/airflow/dags/silver_layer_dag.py
[2025-10-24T10:56:29.530+0000] {processor.py:830} INFO - Processing file /opt/airflow/dags/silver_layer_dag.py for tasks to queue
[2025-10-24T10:56:29.531+0000] {logging_mixin.py:188} INFO - [2025-10-24T10:56:29.531+0000] {dagbag.py:540} INFO - Filling up the DagBag from /opt/airflow/dags/silver_layer_dag.py
[2025-10-24T10:56:29.794+0000] {processor.py:840} INFO - DAG(s) 'silver_layer_dag' retrieved from /opt/airflow/dags/silver_layer_dag.py
[2025-10-24T10:56:29.809+0000] {logging_mixin.py:188} INFO - [2025-10-24T10:56:29.809+0000] {dag.py:3096} INFO - Sync 1 DAGs
[2025-10-24T10:56:29.816+0000] {logging_mixin.py:188} INFO - [2025-10-24T10:56:29.816+0000] {dag.py:3954} INFO - Setting next_dagrun for silver_layer_dag to None, run_after=None
[2025-10-24T10:56:29.828+0000] {processor.py:183} INFO - Processing /opt/airflow/dags/silver_layer_dag.py took 0.304 seconds
[2025-10-24T10:56:59.972+0000] {processor.py:161} INFO - Started process (PID=1069) to work on /opt/airflow/dags/silver_layer_dag.py
[2025-10-24T10:56:59.973+0000] {processor.py:830} INFO - Processing file /opt/airflow/dags/silver_layer_dag.py for tasks to queue
[2025-10-24T10:56:59.973+0000] {logging_mixin.py:188} INFO - [2025-10-24T10:56:59.973+0000] {dagbag.py:540} INFO - Filling up the DagBag from /opt/airflow/dags/silver_layer_dag.py
[2025-10-24T10:57:00.194+0000] {processor.py:840} INFO - DAG(s) 'silver_layer_dag' retrieved from /opt/airflow/dags/silver_layer_dag.py
[2025-10-24T10:57:00.207+0000] {logging_mixin.py:188} INFO - [2025-10-24T10:57:00.207+0000] {dag.py:3096} INFO - Sync 1 DAGs
[2025-10-24T10:57:00.214+0000] {logging_mixin.py:188} INFO - [2025-10-24T10:57:00.214+0000] {dag.py:3954} INFO - Setting next_dagrun for silver_layer_dag to None, run_after=None
[2025-10-24T10:57:00.226+0000] {processor.py:183} INFO - Processing /opt/airflow/dags/silver_layer_dag.py took 0.259 seconds
[2025-10-24T10:57:30.333+0000] {processor.py:161} INFO - Started process (PID=1074) to work on /opt/airflow/dags/silver_layer_dag.py
[2025-10-24T10:57:30.334+0000] {processor.py:830} INFO - Processing file /opt/airflow/dags/silver_layer_dag.py for tasks to queue
[2025-10-24T10:57:30.335+0000] {logging_mixin.py:188} INFO - [2025-10-24T10:57:30.335+0000] {dagbag.py:540} INFO - Filling up the DagBag from /opt/airflow/dags/silver_layer_dag.py
[2025-10-24T10:57:30.550+0000] {processor.py:840} INFO - DAG(s) 'silver_layer_dag' retrieved from /opt/airflow/dags/silver_layer_dag.py
[2025-10-24T10:57:30.564+0000] {logging_mixin.py:188} INFO - [2025-10-24T10:57:30.563+0000] {dag.py:3096} INFO - Sync 1 DAGs
[2025-10-24T10:57:30.571+0000] {logging_mixin.py:188} INFO - [2025-10-24T10:57:30.571+0000] {dag.py:3954} INFO - Setting next_dagrun for silver_layer_dag to None, run_after=None
[2025-10-24T10:57:30.583+0000] {processor.py:183} INFO - Processing /opt/airflow/dags/silver_layer_dag.py took 0.254 seconds
[2025-10-24T10:58:00.863+0000] {processor.py:161} INFO - Started process (PID=1077) to work on /opt/airflow/dags/silver_layer_dag.py
[2025-10-24T10:58:00.864+0000] {processor.py:830} INFO - Processing file /opt/airflow/dags/silver_layer_dag.py for tasks to queue
[2025-10-24T10:58:00.865+0000] {logging_mixin.py:188} INFO - [2025-10-24T10:58:00.865+0000] {dagbag.py:540} INFO - Filling up the DagBag from /opt/airflow/dags/silver_layer_dag.py
[2025-10-24T10:58:01.123+0000] {processor.py:840} INFO - DAG(s) 'silver_layer_dag' retrieved from /opt/airflow/dags/silver_layer_dag.py
[2025-10-24T10:58:01.135+0000] {logging_mixin.py:188} INFO - [2025-10-24T10:58:01.135+0000] {dag.py:3096} INFO - Sync 1 DAGs
[2025-10-24T10:58:01.142+0000] {logging_mixin.py:188} INFO - [2025-10-24T10:58:01.142+0000] {dag.py:3954} INFO - Setting next_dagrun for silver_layer_dag to None, run_after=None
[2025-10-24T10:58:01.154+0000] {processor.py:183} INFO - Processing /opt/airflow/dags/silver_layer_dag.py took 0.295 seconds
[2025-10-24T10:58:31.206+0000] {processor.py:161} INFO - Started process (PID=1081) to work on /opt/airflow/dags/silver_layer_dag.py
[2025-10-24T10:58:31.207+0000] {processor.py:830} INFO - Processing file /opt/airflow/dags/silver_layer_dag.py for tasks to queue
[2025-10-24T10:58:31.207+0000] {logging_mixin.py:188} INFO - [2025-10-24T10:58:31.207+0000] {dagbag.py:540} INFO - Filling up the DagBag from /opt/airflow/dags/silver_layer_dag.py
[2025-10-24T10:58:31.431+0000] {processor.py:840} INFO - DAG(s) 'silver_layer_dag' retrieved from /opt/airflow/dags/silver_layer_dag.py
[2025-10-24T10:58:31.444+0000] {logging_mixin.py:188} INFO - [2025-10-24T10:58:31.444+0000] {dag.py:3096} INFO - Sync 1 DAGs
[2025-10-24T10:58:31.451+0000] {logging_mixin.py:188} INFO - [2025-10-24T10:58:31.451+0000] {dag.py:3954} INFO - Setting next_dagrun for silver_layer_dag to None, run_after=None
[2025-10-24T10:58:31.466+0000] {processor.py:183} INFO - Processing /opt/airflow/dags/silver_layer_dag.py took 0.264 seconds
[2025-10-24T10:59:02.395+0000] {processor.py:161} INFO - Started process (PID=1086) to work on /opt/airflow/dags/silver_layer_dag.py
[2025-10-24T10:59:02.396+0000] {processor.py:830} INFO - Processing file /opt/airflow/dags/silver_layer_dag.py for tasks to queue
[2025-10-24T10:59:02.397+0000] {logging_mixin.py:188} INFO - [2025-10-24T10:59:02.396+0000] {dagbag.py:540} INFO - Filling up the DagBag from /opt/airflow/dags/silver_layer_dag.py
[2025-10-24T10:59:02.627+0000] {processor.py:840} INFO - DAG(s) 'silver_layer_dag' retrieved from /opt/airflow/dags/silver_layer_dag.py
[2025-10-24T10:59:02.643+0000] {logging_mixin.py:188} INFO - [2025-10-24T10:59:02.643+0000] {dag.py:3096} INFO - Sync 1 DAGs
[2025-10-24T10:59:02.651+0000] {logging_mixin.py:188} INFO - [2025-10-24T10:59:02.651+0000] {dag.py:3954} INFO - Setting next_dagrun for silver_layer_dag to None, run_after=None
[2025-10-24T10:59:02.669+0000] {processor.py:183} INFO - Processing /opt/airflow/dags/silver_layer_dag.py took 0.278 seconds
[2025-10-24T10:59:32.716+0000] {processor.py:161} INFO - Started process (PID=1090) to work on /opt/airflow/dags/silver_layer_dag.py
[2025-10-24T10:59:32.717+0000] {processor.py:830} INFO - Processing file /opt/airflow/dags/silver_layer_dag.py for tasks to queue
[2025-10-24T10:59:32.718+0000] {logging_mixin.py:188} INFO - [2025-10-24T10:59:32.718+0000] {dagbag.py:540} INFO - Filling up the DagBag from /opt/airflow/dags/silver_layer_dag.py
[2025-10-24T10:59:32.970+0000] {processor.py:840} INFO - DAG(s) 'silver_layer_dag' retrieved from /opt/airflow/dags/silver_layer_dag.py
[2025-10-24T10:59:32.985+0000] {logging_mixin.py:188} INFO - [2025-10-24T10:59:32.985+0000] {dag.py:3096} INFO - Sync 1 DAGs
[2025-10-24T10:59:32.993+0000] {logging_mixin.py:188} INFO - [2025-10-24T10:59:32.993+0000] {dag.py:3954} INFO - Setting next_dagrun for silver_layer_dag to None, run_after=None
[2025-10-24T10:59:33.008+0000] {processor.py:183} INFO - Processing /opt/airflow/dags/silver_layer_dag.py took 0.296 seconds
[2025-10-24T11:00:03.832+0000] {processor.py:161} INFO - Started process (PID=1094) to work on /opt/airflow/dags/silver_layer_dag.py
[2025-10-24T11:00:03.833+0000] {processor.py:830} INFO - Processing file /opt/airflow/dags/silver_layer_dag.py for tasks to queue
[2025-10-24T11:00:03.833+0000] {logging_mixin.py:188} INFO - [2025-10-24T11:00:03.833+0000] {dagbag.py:540} INFO - Filling up the DagBag from /opt/airflow/dags/silver_layer_dag.py
[2025-10-24T11:00:04.065+0000] {processor.py:840} INFO - DAG(s) 'silver_layer_dag' retrieved from /opt/airflow/dags/silver_layer_dag.py
[2025-10-24T11:00:04.078+0000] {logging_mixin.py:188} INFO - [2025-10-24T11:00:04.078+0000] {dag.py:3096} INFO - Sync 1 DAGs
[2025-10-24T11:00:04.085+0000] {logging_mixin.py:188} INFO - [2025-10-24T11:00:04.085+0000] {dag.py:3954} INFO - Setting next_dagrun for silver_layer_dag to None, run_after=None
[2025-10-24T11:00:04.097+0000] {processor.py:183} INFO - Processing /opt/airflow/dags/silver_layer_dag.py took 0.269 seconds
[2025-10-24T11:00:34.161+0000] {processor.py:161} INFO - Started process (PID=1098) to work on /opt/airflow/dags/silver_layer_dag.py
[2025-10-24T11:00:34.162+0000] {processor.py:830} INFO - Processing file /opt/airflow/dags/silver_layer_dag.py for tasks to queue
[2025-10-24T11:00:34.162+0000] {logging_mixin.py:188} INFO - [2025-10-24T11:00:34.162+0000] {dagbag.py:540} INFO - Filling up the DagBag from /opt/airflow/dags/silver_layer_dag.py
[2025-10-24T11:00:34.439+0000] {processor.py:840} INFO - DAG(s) 'silver_layer_dag' retrieved from /opt/airflow/dags/silver_layer_dag.py
[2025-10-24T11:00:34.455+0000] {logging_mixin.py:188} INFO - [2025-10-24T11:00:34.454+0000] {dag.py:3096} INFO - Sync 1 DAGs
[2025-10-24T11:00:34.463+0000] {logging_mixin.py:188} INFO - [2025-10-24T11:00:34.462+0000] {dag.py:3954} INFO - Setting next_dagrun for silver_layer_dag to None, run_after=None
[2025-10-24T11:00:34.475+0000] {processor.py:183} INFO - Processing /opt/airflow/dags/silver_layer_dag.py took 0.319 seconds
[2025-10-24T11:01:05.020+0000] {processor.py:161} INFO - Started process (PID=1102) to work on /opt/airflow/dags/silver_layer_dag.py
[2025-10-24T11:01:05.021+0000] {processor.py:830} INFO - Processing file /opt/airflow/dags/silver_layer_dag.py for tasks to queue
[2025-10-24T11:01:05.022+0000] {logging_mixin.py:188} INFO - [2025-10-24T11:01:05.021+0000] {dagbag.py:540} INFO - Filling up the DagBag from /opt/airflow/dags/silver_layer_dag.py
[2025-10-24T11:01:05.267+0000] {processor.py:840} INFO - DAG(s) 'silver_layer_dag' retrieved from /opt/airflow/dags/silver_layer_dag.py
[2025-10-24T11:01:05.281+0000] {logging_mixin.py:188} INFO - [2025-10-24T11:01:05.281+0000] {dag.py:3096} INFO - Sync 1 DAGs
[2025-10-24T11:01:05.290+0000] {logging_mixin.py:188} INFO - [2025-10-24T11:01:05.289+0000] {dag.py:3954} INFO - Setting next_dagrun for silver_layer_dag to None, run_after=None
[2025-10-24T11:01:05.302+0000] {processor.py:183} INFO - Processing /opt/airflow/dags/silver_layer_dag.py took 0.287 seconds
[2025-10-24T11:01:35.848+0000] {processor.py:161} INFO - Started process (PID=1106) to work on /opt/airflow/dags/silver_layer_dag.py
[2025-10-24T11:01:35.849+0000] {processor.py:830} INFO - Processing file /opt/airflow/dags/silver_layer_dag.py for tasks to queue
[2025-10-24T11:01:35.849+0000] {logging_mixin.py:188} INFO - [2025-10-24T11:01:35.849+0000] {dagbag.py:540} INFO - Filling up the DagBag from /opt/airflow/dags/silver_layer_dag.py
[2025-10-24T11:01:36.147+0000] {processor.py:840} INFO - DAG(s) 'silver_layer_dag' retrieved from /opt/airflow/dags/silver_layer_dag.py
[2025-10-24T11:01:36.163+0000] {logging_mixin.py:188} INFO - [2025-10-24T11:01:36.163+0000] {dag.py:3096} INFO - Sync 1 DAGs
[2025-10-24T11:01:36.174+0000] {logging_mixin.py:188} INFO - [2025-10-24T11:01:36.174+0000] {dag.py:3954} INFO - Setting next_dagrun for silver_layer_dag to None, run_after=None
[2025-10-24T11:01:36.194+0000] {processor.py:183} INFO - Processing /opt/airflow/dags/silver_layer_dag.py took 0.352 seconds
[2025-10-24T11:02:06.836+0000] {processor.py:161} INFO - Started process (PID=1110) to work on /opt/airflow/dags/silver_layer_dag.py
[2025-10-24T11:02:06.837+0000] {processor.py:830} INFO - Processing file /opt/airflow/dags/silver_layer_dag.py for tasks to queue
[2025-10-24T11:02:06.838+0000] {logging_mixin.py:188} INFO - [2025-10-24T11:02:06.838+0000] {dagbag.py:540} INFO - Filling up the DagBag from /opt/airflow/dags/silver_layer_dag.py
[2025-10-24T11:02:07.083+0000] {processor.py:840} INFO - DAG(s) 'silver_layer_dag' retrieved from /opt/airflow/dags/silver_layer_dag.py
[2025-10-24T11:02:07.098+0000] {logging_mixin.py:188} INFO - [2025-10-24T11:02:07.097+0000] {dag.py:3096} INFO - Sync 1 DAGs
[2025-10-24T11:02:07.105+0000] {logging_mixin.py:188} INFO - [2025-10-24T11:02:07.105+0000] {dag.py:3954} INFO - Setting next_dagrun for silver_layer_dag to None, run_after=None
[2025-10-24T11:02:07.117+0000] {processor.py:183} INFO - Processing /opt/airflow/dags/silver_layer_dag.py took 0.286 seconds
[2025-10-24T11:02:37.502+0000] {processor.py:161} INFO - Started process (PID=1114) to work on /opt/airflow/dags/silver_layer_dag.py
[2025-10-24T11:02:37.503+0000] {processor.py:830} INFO - Processing file /opt/airflow/dags/silver_layer_dag.py for tasks to queue
[2025-10-24T11:02:37.504+0000] {logging_mixin.py:188} INFO - [2025-10-24T11:02:37.503+0000] {dagbag.py:540} INFO - Filling up the DagBag from /opt/airflow/dags/silver_layer_dag.py
[2025-10-24T11:02:37.756+0000] {processor.py:840} INFO - DAG(s) 'silver_layer_dag' retrieved from /opt/airflow/dags/silver_layer_dag.py
[2025-10-24T11:02:37.770+0000] {logging_mixin.py:188} INFO - [2025-10-24T11:02:37.770+0000] {dag.py:3096} INFO - Sync 1 DAGs
[2025-10-24T11:02:37.778+0000] {logging_mixin.py:188} INFO - [2025-10-24T11:02:37.778+0000] {dag.py:3954} INFO - Setting next_dagrun for silver_layer_dag to None, run_after=None
[2025-10-24T11:02:37.790+0000] {processor.py:183} INFO - Processing /opt/airflow/dags/silver_layer_dag.py took 0.293 seconds
[2025-10-24T11:03:07.958+0000] {processor.py:161} INFO - Started process (PID=1118) to work on /opt/airflow/dags/silver_layer_dag.py
[2025-10-24T11:03:07.959+0000] {processor.py:830} INFO - Processing file /opt/airflow/dags/silver_layer_dag.py for tasks to queue
[2025-10-24T11:03:07.960+0000] {logging_mixin.py:188} INFO - [2025-10-24T11:03:07.960+0000] {dagbag.py:540} INFO - Filling up the DagBag from /opt/airflow/dags/silver_layer_dag.py
[2025-10-24T11:03:08.194+0000] {processor.py:840} INFO - DAG(s) 'silver_layer_dag' retrieved from /opt/airflow/dags/silver_layer_dag.py
[2025-10-24T11:03:08.208+0000] {logging_mixin.py:188} INFO - [2025-10-24T11:03:08.208+0000] {dag.py:3096} INFO - Sync 1 DAGs
[2025-10-24T11:03:08.218+0000] {logging_mixin.py:188} INFO - [2025-10-24T11:03:08.218+0000] {dag.py:3954} INFO - Setting next_dagrun for silver_layer_dag to None, run_after=None
[2025-10-24T11:03:08.232+0000] {processor.py:183} INFO - Processing /opt/airflow/dags/silver_layer_dag.py took 0.278 seconds
[2025-10-24T11:03:38.472+0000] {processor.py:161} INFO - Started process (PID=1122) to work on /opt/airflow/dags/silver_layer_dag.py
[2025-10-24T11:03:38.472+0000] {processor.py:830} INFO - Processing file /opt/airflow/dags/silver_layer_dag.py for tasks to queue
[2025-10-24T11:03:38.473+0000] {logging_mixin.py:188} INFO - [2025-10-24T11:03:38.473+0000] {dagbag.py:540} INFO - Filling up the DagBag from /opt/airflow/dags/silver_layer_dag.py
[2025-10-24T11:03:38.692+0000] {processor.py:840} INFO - DAG(s) 'silver_layer_dag' retrieved from /opt/airflow/dags/silver_layer_dag.py
[2025-10-24T11:03:38.706+0000] {logging_mixin.py:188} INFO - [2025-10-24T11:03:38.706+0000] {dag.py:3096} INFO - Sync 1 DAGs
[2025-10-24T11:03:38.713+0000] {logging_mixin.py:188} INFO - [2025-10-24T11:03:38.713+0000] {dag.py:3954} INFO - Setting next_dagrun for silver_layer_dag to None, run_after=None
[2025-10-24T11:03:38.725+0000] {processor.py:183} INFO - Processing /opt/airflow/dags/silver_layer_dag.py took 0.258 seconds
[2025-10-24T11:04:09.879+0000] {processor.py:161} INFO - Started process (PID=1125) to work on /opt/airflow/dags/silver_layer_dag.py
[2025-10-24T11:04:09.880+0000] {processor.py:830} INFO - Processing file /opt/airflow/dags/silver_layer_dag.py for tasks to queue
[2025-10-24T11:04:09.881+0000] {logging_mixin.py:188} INFO - [2025-10-24T11:04:09.881+0000] {dagbag.py:540} INFO - Filling up the DagBag from /opt/airflow/dags/silver_layer_dag.py
[2025-10-24T11:04:10.174+0000] {processor.py:840} INFO - DAG(s) 'silver_layer_dag' retrieved from /opt/airflow/dags/silver_layer_dag.py
[2025-10-24T11:04:10.189+0000] {logging_mixin.py:188} INFO - [2025-10-24T11:04:10.189+0000] {dag.py:3096} INFO - Sync 1 DAGs
[2025-10-24T11:04:10.197+0000] {logging_mixin.py:188} INFO - [2025-10-24T11:04:10.196+0000] {dag.py:3954} INFO - Setting next_dagrun for silver_layer_dag to None, run_after=None
[2025-10-24T11:04:10.210+0000] {processor.py:183} INFO - Processing /opt/airflow/dags/silver_layer_dag.py took 0.336 seconds
[2025-10-24T11:04:40.587+0000] {processor.py:161} INFO - Started process (PID=1129) to work on /opt/airflow/dags/silver_layer_dag.py
[2025-10-24T11:04:40.588+0000] {processor.py:830} INFO - Processing file /opt/airflow/dags/silver_layer_dag.py for tasks to queue
[2025-10-24T11:04:40.589+0000] {logging_mixin.py:188} INFO - [2025-10-24T11:04:40.589+0000] {dagbag.py:540} INFO - Filling up the DagBag from /opt/airflow/dags/silver_layer_dag.py
[2025-10-24T11:04:40.848+0000] {processor.py:840} INFO - DAG(s) 'silver_layer_dag' retrieved from /opt/airflow/dags/silver_layer_dag.py
[2025-10-24T11:04:40.863+0000] {logging_mixin.py:188} INFO - [2025-10-24T11:04:40.863+0000] {dag.py:3096} INFO - Sync 1 DAGs
[2025-10-24T11:04:40.871+0000] {logging_mixin.py:188} INFO - [2025-10-24T11:04:40.870+0000] {dag.py:3954} INFO - Setting next_dagrun for silver_layer_dag to None, run_after=None
[2025-10-24T11:04:40.883+0000] {processor.py:183} INFO - Processing /opt/airflow/dags/silver_layer_dag.py took 0.301 seconds
[2025-10-24T11:05:11.749+0000] {processor.py:161} INFO - Started process (PID=1134) to work on /opt/airflow/dags/silver_layer_dag.py
[2025-10-24T11:05:11.750+0000] {processor.py:830} INFO - Processing file /opt/airflow/dags/silver_layer_dag.py for tasks to queue
[2025-10-24T11:05:11.751+0000] {logging_mixin.py:188} INFO - [2025-10-24T11:05:11.751+0000] {dagbag.py:540} INFO - Filling up the DagBag from /opt/airflow/dags/silver_layer_dag.py
[2025-10-24T11:05:12.041+0000] {processor.py:840} INFO - DAG(s) 'silver_layer_dag' retrieved from /opt/airflow/dags/silver_layer_dag.py
[2025-10-24T11:05:12.055+0000] {logging_mixin.py:188} INFO - [2025-10-24T11:05:12.055+0000] {dag.py:3096} INFO - Sync 1 DAGs
[2025-10-24T11:05:12.063+0000] {logging_mixin.py:188} INFO - [2025-10-24T11:05:12.063+0000] {dag.py:3954} INFO - Setting next_dagrun for silver_layer_dag to None, run_after=None
[2025-10-24T11:05:12.080+0000] {processor.py:183} INFO - Processing /opt/airflow/dags/silver_layer_dag.py took 0.335 seconds
[2025-10-24T11:05:42.583+0000] {processor.py:161} INFO - Started process (PID=1138) to work on /opt/airflow/dags/silver_layer_dag.py
[2025-10-24T11:05:42.584+0000] {processor.py:830} INFO - Processing file /opt/airflow/dags/silver_layer_dag.py for tasks to queue
[2025-10-24T11:05:42.584+0000] {logging_mixin.py:188} INFO - [2025-10-24T11:05:42.584+0000] {dagbag.py:540} INFO - Filling up the DagBag from /opt/airflow/dags/silver_layer_dag.py
[2025-10-24T11:05:42.849+0000] {processor.py:840} INFO - DAG(s) 'silver_layer_dag' retrieved from /opt/airflow/dags/silver_layer_dag.py
[2025-10-24T11:05:42.865+0000] {logging_mixin.py:188} INFO - [2025-10-24T11:05:42.865+0000] {dag.py:3096} INFO - Sync 1 DAGs
[2025-10-24T11:05:42.873+0000] {logging_mixin.py:188} INFO - [2025-10-24T11:05:42.873+0000] {dag.py:3954} INFO - Setting next_dagrun for silver_layer_dag to None, run_after=None
[2025-10-24T11:05:42.887+0000] {processor.py:183} INFO - Processing /opt/airflow/dags/silver_layer_dag.py took 0.309 seconds
[2025-10-24T11:06:13.422+0000] {processor.py:161} INFO - Started process (PID=1142) to work on /opt/airflow/dags/silver_layer_dag.py
[2025-10-24T11:06:13.423+0000] {processor.py:830} INFO - Processing file /opt/airflow/dags/silver_layer_dag.py for tasks to queue
[2025-10-24T11:06:13.423+0000] {logging_mixin.py:188} INFO - [2025-10-24T11:06:13.423+0000] {dagbag.py:540} INFO - Filling up the DagBag from /opt/airflow/dags/silver_layer_dag.py
[2025-10-24T11:06:13.657+0000] {processor.py:840} INFO - DAG(s) 'silver_layer_dag' retrieved from /opt/airflow/dags/silver_layer_dag.py
[2025-10-24T11:06:13.674+0000] {logging_mixin.py:188} INFO - [2025-10-24T11:06:13.673+0000] {dag.py:3096} INFO - Sync 1 DAGs
[2025-10-24T11:06:13.682+0000] {logging_mixin.py:188} INFO - [2025-10-24T11:06:13.682+0000] {dag.py:3954} INFO - Setting next_dagrun for silver_layer_dag to None, run_after=None
[2025-10-24T11:06:13.695+0000] {processor.py:183} INFO - Processing /opt/airflow/dags/silver_layer_dag.py took 0.278 seconds
[2025-10-24T11:06:44.304+0000] {processor.py:161} INFO - Started process (PID=1145) to work on /opt/airflow/dags/silver_layer_dag.py
[2025-10-24T11:06:44.305+0000] {processor.py:830} INFO - Processing file /opt/airflow/dags/silver_layer_dag.py for tasks to queue
[2025-10-24T11:06:44.306+0000] {logging_mixin.py:188} INFO - [2025-10-24T11:06:44.305+0000] {dagbag.py:540} INFO - Filling up the DagBag from /opt/airflow/dags/silver_layer_dag.py
[2025-10-24T11:06:44.566+0000] {processor.py:840} INFO - DAG(s) 'silver_layer_dag' retrieved from /opt/airflow/dags/silver_layer_dag.py
[2025-10-24T11:06:44.581+0000] {logging_mixin.py:188} INFO - [2025-10-24T11:06:44.581+0000] {dag.py:3096} INFO - Sync 1 DAGs
[2025-10-24T11:06:44.588+0000] {logging_mixin.py:188} INFO - [2025-10-24T11:06:44.588+0000] {dag.py:3954} INFO - Setting next_dagrun for silver_layer_dag to None, run_after=None
[2025-10-24T11:06:44.599+0000] {processor.py:183} INFO - Processing /opt/airflow/dags/silver_layer_dag.py took 0.301 seconds
[2025-10-24T11:07:17.289+0000] {processor.py:161} INFO - Started process (PID=1149) to work on /opt/airflow/dags/silver_layer_dag.py
[2025-10-24T11:07:17.290+0000] {processor.py:830} INFO - Processing file /opt/airflow/dags/silver_layer_dag.py for tasks to queue
[2025-10-24T11:07:17.291+0000] {logging_mixin.py:188} INFO - [2025-10-24T11:07:17.291+0000] {dagbag.py:540} INFO - Filling up the DagBag from /opt/airflow/dags/silver_layer_dag.py
[2025-10-24T11:07:17.552+0000] {processor.py:840} INFO - DAG(s) 'silver_layer_dag' retrieved from /opt/airflow/dags/silver_layer_dag.py
[2025-10-24T11:07:17.568+0000] {logging_mixin.py:188} INFO - [2025-10-24T11:07:17.568+0000] {dag.py:3096} INFO - Sync 1 DAGs
[2025-10-24T11:07:17.575+0000] {logging_mixin.py:188} INFO - [2025-10-24T11:07:17.575+0000] {dag.py:3954} INFO - Setting next_dagrun for silver_layer_dag to None, run_after=None
[2025-10-24T11:07:17.588+0000] {processor.py:183} INFO - Processing /opt/airflow/dags/silver_layer_dag.py took 0.304 seconds
[2025-10-24T11:07:47.800+0000] {processor.py:161} INFO - Started process (PID=1154) to work on /opt/airflow/dags/silver_layer_dag.py
[2025-10-24T11:07:47.801+0000] {processor.py:830} INFO - Processing file /opt/airflow/dags/silver_layer_dag.py for tasks to queue
[2025-10-24T11:07:47.801+0000] {logging_mixin.py:188} INFO - [2025-10-24T11:07:47.801+0000] {dagbag.py:540} INFO - Filling up the DagBag from /opt/airflow/dags/silver_layer_dag.py
[2025-10-24T11:07:48.022+0000] {processor.py:840} INFO - DAG(s) 'silver_layer_dag' retrieved from /opt/airflow/dags/silver_layer_dag.py
[2025-10-24T11:07:48.038+0000] {logging_mixin.py:188} INFO - [2025-10-24T11:07:48.038+0000] {dag.py:3096} INFO - Sync 1 DAGs
[2025-10-24T11:07:48.045+0000] {logging_mixin.py:188} INFO - [2025-10-24T11:07:48.045+0000] {dag.py:3954} INFO - Setting next_dagrun for silver_layer_dag to None, run_after=None
[2025-10-24T11:07:48.058+0000] {processor.py:183} INFO - Processing /opt/airflow/dags/silver_layer_dag.py took 0.263 seconds
[2025-10-24T11:08:18.322+0000] {processor.py:161} INFO - Started process (PID=1158) to work on /opt/airflow/dags/silver_layer_dag.py
[2025-10-24T11:08:18.323+0000] {processor.py:830} INFO - Processing file /opt/airflow/dags/silver_layer_dag.py for tasks to queue
[2025-10-24T11:08:18.323+0000] {logging_mixin.py:188} INFO - [2025-10-24T11:08:18.323+0000] {dagbag.py:540} INFO - Filling up the DagBag from /opt/airflow/dags/silver_layer_dag.py
[2025-10-24T11:08:18.587+0000] {processor.py:840} INFO - DAG(s) 'silver_layer_dag' retrieved from /opt/airflow/dags/silver_layer_dag.py
[2025-10-24T11:08:18.603+0000] {logging_mixin.py:188} INFO - [2025-10-24T11:08:18.603+0000] {dag.py:3096} INFO - Sync 1 DAGs
[2025-10-24T11:08:18.611+0000] {logging_mixin.py:188} INFO - [2025-10-24T11:08:18.611+0000] {dag.py:3954} INFO - Setting next_dagrun for silver_layer_dag to None, run_after=None
[2025-10-24T11:08:18.623+0000] {processor.py:183} INFO - Processing /opt/airflow/dags/silver_layer_dag.py took 0.306 seconds
[2025-10-24T11:08:51.801+0000] {processor.py:161} INFO - Started process (PID=1162) to work on /opt/airflow/dags/silver_layer_dag.py
[2025-10-24T11:08:51.802+0000] {processor.py:830} INFO - Processing file /opt/airflow/dags/silver_layer_dag.py for tasks to queue
[2025-10-24T11:08:51.803+0000] {logging_mixin.py:188} INFO - [2025-10-24T11:08:51.802+0000] {dagbag.py:540} INFO - Filling up the DagBag from /opt/airflow/dags/silver_layer_dag.py
[2025-10-24T11:08:52.106+0000] {processor.py:840} INFO - DAG(s) 'silver_layer_dag' retrieved from /opt/airflow/dags/silver_layer_dag.py
[2025-10-24T11:08:52.122+0000] {logging_mixin.py:188} INFO - [2025-10-24T11:08:52.122+0000] {dag.py:3096} INFO - Sync 1 DAGs
[2025-10-24T11:08:52.130+0000] {logging_mixin.py:188} INFO - [2025-10-24T11:08:52.129+0000] {dag.py:3954} INFO - Setting next_dagrun for silver_layer_dag to None, run_after=None
[2025-10-24T11:08:52.143+0000] {processor.py:183} INFO - Processing /opt/airflow/dags/silver_layer_dag.py took 0.347 seconds
[2025-10-24T11:09:22.721+0000] {processor.py:161} INFO - Started process (PID=1166) to work on /opt/airflow/dags/silver_layer_dag.py
[2025-10-24T11:09:22.721+0000] {processor.py:830} INFO - Processing file /opt/airflow/dags/silver_layer_dag.py for tasks to queue
[2025-10-24T11:09:22.722+0000] {logging_mixin.py:188} INFO - [2025-10-24T11:09:22.722+0000] {dagbag.py:540} INFO - Filling up the DagBag from /opt/airflow/dags/silver_layer_dag.py
[2025-10-24T11:09:22.997+0000] {processor.py:840} INFO - DAG(s) 'silver_layer_dag' retrieved from /opt/airflow/dags/silver_layer_dag.py
[2025-10-24T11:09:23.012+0000] {logging_mixin.py:188} INFO - [2025-10-24T11:09:23.012+0000] {dag.py:3096} INFO - Sync 1 DAGs
[2025-10-24T11:09:23.020+0000] {logging_mixin.py:188} INFO - [2025-10-24T11:09:23.019+0000] {dag.py:3954} INFO - Setting next_dagrun for silver_layer_dag to None, run_after=None
[2025-10-24T11:09:23.035+0000] {processor.py:183} INFO - Processing /opt/airflow/dags/silver_layer_dag.py took 0.319 seconds
[2025-10-24T11:09:56.123+0000] {processor.py:161} INFO - Started process (PID=1170) to work on /opt/airflow/dags/silver_layer_dag.py
[2025-10-24T11:09:56.124+0000] {processor.py:830} INFO - Processing file /opt/airflow/dags/silver_layer_dag.py for tasks to queue
[2025-10-24T11:09:56.125+0000] {logging_mixin.py:188} INFO - [2025-10-24T11:09:56.124+0000] {dagbag.py:540} INFO - Filling up the DagBag from /opt/airflow/dags/silver_layer_dag.py
[2025-10-24T11:09:56.503+0000] {processor.py:840} INFO - DAG(s) 'silver_layer_dag' retrieved from /opt/airflow/dags/silver_layer_dag.py
[2025-10-24T11:09:56.523+0000] {logging_mixin.py:188} INFO - [2025-10-24T11:09:56.523+0000] {dag.py:3096} INFO - Sync 1 DAGs
[2025-10-24T11:09:56.533+0000] {logging_mixin.py:188} INFO - [2025-10-24T11:09:56.533+0000] {dag.py:3954} INFO - Setting next_dagrun for silver_layer_dag to None, run_after=None
[2025-10-24T11:09:56.550+0000] {processor.py:183} INFO - Processing /opt/airflow/dags/silver_layer_dag.py took 0.434 seconds
[2025-10-24T11:10:27.913+0000] {processor.py:161} INFO - Started process (PID=1174) to work on /opt/airflow/dags/silver_layer_dag.py
[2025-10-24T11:10:27.914+0000] {processor.py:830} INFO - Processing file /opt/airflow/dags/silver_layer_dag.py for tasks to queue
[2025-10-24T11:10:27.915+0000] {logging_mixin.py:188} INFO - [2025-10-24T11:10:27.915+0000] {dagbag.py:540} INFO - Filling up the DagBag from /opt/airflow/dags/silver_layer_dag.py
[2025-10-24T11:10:28.187+0000] {processor.py:840} INFO - DAG(s) 'silver_layer_dag' retrieved from /opt/airflow/dags/silver_layer_dag.py
[2025-10-24T11:10:28.203+0000] {logging_mixin.py:188} INFO - [2025-10-24T11:10:28.203+0000] {dag.py:3096} INFO - Sync 1 DAGs
[2025-10-24T11:10:28.212+0000] {logging_mixin.py:188} INFO - [2025-10-24T11:10:28.212+0000] {dag.py:3954} INFO - Setting next_dagrun for silver_layer_dag to None, run_after=None
[2025-10-24T11:10:28.225+0000] {processor.py:183} INFO - Processing /opt/airflow/dags/silver_layer_dag.py took 0.316 seconds
[2025-10-24T11:11:00.156+0000] {processor.py:161} INFO - Started process (PID=1178) to work on /opt/airflow/dags/silver_layer_dag.py
[2025-10-24T11:11:00.157+0000] {processor.py:830} INFO - Processing file /opt/airflow/dags/silver_layer_dag.py for tasks to queue
[2025-10-24T11:11:00.158+0000] {logging_mixin.py:188} INFO - [2025-10-24T11:11:00.158+0000] {dagbag.py:540} INFO - Filling up the DagBag from /opt/airflow/dags/silver_layer_dag.py
[2025-10-24T11:11:00.465+0000] {processor.py:840} INFO - DAG(s) 'silver_layer_dag' retrieved from /opt/airflow/dags/silver_layer_dag.py
[2025-10-24T11:11:00.480+0000] {logging_mixin.py:188} INFO - [2025-10-24T11:11:00.480+0000] {dag.py:3096} INFO - Sync 1 DAGs
[2025-10-24T11:11:00.488+0000] {logging_mixin.py:188} INFO - [2025-10-24T11:11:00.488+0000] {dag.py:3954} INFO - Setting next_dagrun for silver_layer_dag to None, run_after=None
[2025-10-24T11:11:00.503+0000] {processor.py:183} INFO - Processing /opt/airflow/dags/silver_layer_dag.py took 0.354 seconds
[2025-10-24T11:11:33.250+0000] {processor.py:161} INFO - Started process (PID=1182) to work on /opt/airflow/dags/silver_layer_dag.py
[2025-10-24T11:11:33.251+0000] {processor.py:830} INFO - Processing file /opt/airflow/dags/silver_layer_dag.py for tasks to queue
[2025-10-24T11:11:33.252+0000] {logging_mixin.py:188} INFO - [2025-10-24T11:11:33.252+0000] {dagbag.py:540} INFO - Filling up the DagBag from /opt/airflow/dags/silver_layer_dag.py
[2025-10-24T11:11:33.567+0000] {processor.py:840} INFO - DAG(s) 'silver_layer_dag' retrieved from /opt/airflow/dags/silver_layer_dag.py
[2025-10-24T11:11:33.584+0000] {logging_mixin.py:188} INFO - [2025-10-24T11:11:33.584+0000] {dag.py:3096} INFO - Sync 1 DAGs
[2025-10-24T11:11:33.593+0000] {logging_mixin.py:188} INFO - [2025-10-24T11:11:33.593+0000] {dag.py:3954} INFO - Setting next_dagrun for silver_layer_dag to None, run_after=None
[2025-10-24T11:11:33.607+0000] {processor.py:183} INFO - Processing /opt/airflow/dags/silver_layer_dag.py took 0.362 seconds
[2025-10-24T11:12:05.397+0000] {processor.py:161} INFO - Started process (PID=1186) to work on /opt/airflow/dags/silver_layer_dag.py
[2025-10-24T11:12:05.398+0000] {processor.py:830} INFO - Processing file /opt/airflow/dags/silver_layer_dag.py for tasks to queue
[2025-10-24T11:12:05.399+0000] {logging_mixin.py:188} INFO - [2025-10-24T11:12:05.398+0000] {dagbag.py:540} INFO - Filling up the DagBag from /opt/airflow/dags/silver_layer_dag.py
[2025-10-24T11:12:05.729+0000] {processor.py:840} INFO - DAG(s) 'silver_layer_dag' retrieved from /opt/airflow/dags/silver_layer_dag.py
[2025-10-24T11:12:05.748+0000] {logging_mixin.py:188} INFO - [2025-10-24T11:12:05.748+0000] {dag.py:3096} INFO - Sync 1 DAGs
[2025-10-24T11:12:05.757+0000] {logging_mixin.py:188} INFO - [2025-10-24T11:12:05.757+0000] {dag.py:3954} INFO - Setting next_dagrun for silver_layer_dag to None, run_after=None
[2025-10-24T11:12:05.773+0000] {processor.py:183} INFO - Processing /opt/airflow/dags/silver_layer_dag.py took 0.383 seconds
[2025-10-24T11:12:37.745+0000] {processor.py:161} INFO - Started process (PID=1190) to work on /opt/airflow/dags/silver_layer_dag.py
[2025-10-24T11:12:37.746+0000] {processor.py:830} INFO - Processing file /opt/airflow/dags/silver_layer_dag.py for tasks to queue
[2025-10-24T11:12:37.747+0000] {logging_mixin.py:188} INFO - [2025-10-24T11:12:37.747+0000] {dagbag.py:540} INFO - Filling up the DagBag from /opt/airflow/dags/silver_layer_dag.py
[2025-10-24T11:12:38.058+0000] {processor.py:840} INFO - DAG(s) 'silver_layer_dag' retrieved from /opt/airflow/dags/silver_layer_dag.py
[2025-10-24T11:12:38.076+0000] {logging_mixin.py:188} INFO - [2025-10-24T11:12:38.076+0000] {dag.py:3096} INFO - Sync 1 DAGs
[2025-10-24T11:12:38.084+0000] {logging_mixin.py:188} INFO - [2025-10-24T11:12:38.084+0000] {dag.py:3954} INFO - Setting next_dagrun for silver_layer_dag to None, run_after=None
[2025-10-24T11:12:38.098+0000] {processor.py:183} INFO - Processing /opt/airflow/dags/silver_layer_dag.py took 0.360 seconds
[2025-10-24T11:13:10.834+0000] {processor.py:161} INFO - Started process (PID=1194) to work on /opt/airflow/dags/silver_layer_dag.py
[2025-10-24T11:13:10.835+0000] {processor.py:830} INFO - Processing file /opt/airflow/dags/silver_layer_dag.py for tasks to queue
[2025-10-24T11:13:10.836+0000] {logging_mixin.py:188} INFO - [2025-10-24T11:13:10.836+0000] {dagbag.py:540} INFO - Filling up the DagBag from /opt/airflow/dags/silver_layer_dag.py
[2025-10-24T11:13:11.127+0000] {processor.py:840} INFO - DAG(s) 'silver_layer_dag' retrieved from /opt/airflow/dags/silver_layer_dag.py
[2025-10-24T11:13:11.145+0000] {logging_mixin.py:188} INFO - [2025-10-24T11:13:11.144+0000] {dag.py:3096} INFO - Sync 1 DAGs
[2025-10-24T11:13:11.153+0000] {logging_mixin.py:188} INFO - [2025-10-24T11:13:11.153+0000] {dag.py:3954} INFO - Setting next_dagrun for silver_layer_dag to None, run_after=None
[2025-10-24T11:13:11.168+0000] {processor.py:183} INFO - Processing /opt/airflow/dags/silver_layer_dag.py took 0.339 seconds
[2025-10-24T11:13:42.053+0000] {processor.py:161} INFO - Started process (PID=1198) to work on /opt/airflow/dags/silver_layer_dag.py
[2025-10-24T11:13:42.054+0000] {processor.py:830} INFO - Processing file /opt/airflow/dags/silver_layer_dag.py for tasks to queue
[2025-10-24T11:13:42.055+0000] {logging_mixin.py:188} INFO - [2025-10-24T11:13:42.054+0000] {dagbag.py:540} INFO - Filling up the DagBag from /opt/airflow/dags/silver_layer_dag.py
[2025-10-24T11:13:42.313+0000] {processor.py:840} INFO - DAG(s) 'silver_layer_dag' retrieved from /opt/airflow/dags/silver_layer_dag.py
[2025-10-24T11:13:42.327+0000] {logging_mixin.py:188} INFO - [2025-10-24T11:13:42.327+0000] {dag.py:3096} INFO - Sync 1 DAGs
[2025-10-24T11:13:42.335+0000] {logging_mixin.py:188} INFO - [2025-10-24T11:13:42.334+0000] {dag.py:3954} INFO - Setting next_dagrun for silver_layer_dag to None, run_after=None
[2025-10-24T11:13:42.348+0000] {processor.py:183} INFO - Processing /opt/airflow/dags/silver_layer_dag.py took 0.299 seconds
[2025-10-24T11:14:13.103+0000] {processor.py:161} INFO - Started process (PID=1202) to work on /opt/airflow/dags/silver_layer_dag.py
[2025-10-24T11:14:13.104+0000] {processor.py:830} INFO - Processing file /opt/airflow/dags/silver_layer_dag.py for tasks to queue
[2025-10-24T11:14:13.105+0000] {logging_mixin.py:188} INFO - [2025-10-24T11:14:13.105+0000] {dagbag.py:540} INFO - Filling up the DagBag from /opt/airflow/dags/silver_layer_dag.py
[2025-10-24T11:14:13.374+0000] {processor.py:840} INFO - DAG(s) 'silver_layer_dag' retrieved from /opt/airflow/dags/silver_layer_dag.py
[2025-10-24T11:14:13.392+0000] {logging_mixin.py:188} INFO - [2025-10-24T11:14:13.392+0000] {dag.py:3096} INFO - Sync 1 DAGs
[2025-10-24T11:14:13.401+0000] {logging_mixin.py:188} INFO - [2025-10-24T11:14:13.401+0000] {dag.py:3954} INFO - Setting next_dagrun for silver_layer_dag to None, run_after=None
[2025-10-24T11:14:13.416+0000] {processor.py:183} INFO - Processing /opt/airflow/dags/silver_layer_dag.py took 0.317 seconds
[2025-10-24T11:14:44.053+0000] {processor.py:161} INFO - Started process (PID=1208) to work on /opt/airflow/dags/silver_layer_dag.py
[2025-10-24T11:14:44.054+0000] {processor.py:830} INFO - Processing file /opt/airflow/dags/silver_layer_dag.py for tasks to queue
[2025-10-24T11:14:44.054+0000] {logging_mixin.py:188} INFO - [2025-10-24T11:14:44.054+0000] {dagbag.py:540} INFO - Filling up the DagBag from /opt/airflow/dags/silver_layer_dag.py
[2025-10-24T11:14:44.306+0000] {processor.py:840} INFO - DAG(s) 'silver_layer_dag' retrieved from /opt/airflow/dags/silver_layer_dag.py
[2025-10-24T11:14:44.321+0000] {logging_mixin.py:188} INFO - [2025-10-24T11:14:44.321+0000] {dag.py:3096} INFO - Sync 1 DAGs
[2025-10-24T11:14:44.329+0000] {logging_mixin.py:188} INFO - [2025-10-24T11:14:44.329+0000] {dag.py:3954} INFO - Setting next_dagrun for silver_layer_dag to None, run_after=None
[2025-10-24T11:14:44.342+0000] {processor.py:183} INFO - Processing /opt/airflow/dags/silver_layer_dag.py took 0.293 seconds
[2025-10-24T11:15:14.507+0000] {processor.py:161} INFO - Started process (PID=1212) to work on /opt/airflow/dags/silver_layer_dag.py
[2025-10-24T11:15:14.508+0000] {processor.py:830} INFO - Processing file /opt/airflow/dags/silver_layer_dag.py for tasks to queue
[2025-10-24T11:15:14.509+0000] {logging_mixin.py:188} INFO - [2025-10-24T11:15:14.508+0000] {dagbag.py:540} INFO - Filling up the DagBag from /opt/airflow/dags/silver_layer_dag.py
[2025-10-24T11:15:14.633+0000] {processor.py:840} INFO - DAG(s) 'silver_layer_dag' retrieved from /opt/airflow/dags/silver_layer_dag.py
[2025-10-24T11:15:14.653+0000] {logging_mixin.py:188} INFO - [2025-10-24T11:15:14.653+0000] {dag.py:3096} INFO - Sync 1 DAGs
[2025-10-24T11:15:14.663+0000] {logging_mixin.py:188} INFO - [2025-10-24T11:15:14.663+0000] {dag.py:3954} INFO - Setting next_dagrun for silver_layer_dag to None, run_after=None
[2025-10-24T11:15:14.678+0000] {processor.py:183} INFO - Processing /opt/airflow/dags/silver_layer_dag.py took 0.176 seconds
[2025-10-24T11:15:44.828+0000] {processor.py:161} INFO - Started process (PID=1216) to work on /opt/airflow/dags/silver_layer_dag.py
[2025-10-24T11:15:44.828+0000] {processor.py:830} INFO - Processing file /opt/airflow/dags/silver_layer_dag.py for tasks to queue
[2025-10-24T11:15:44.829+0000] {logging_mixin.py:188} INFO - [2025-10-24T11:15:44.829+0000] {dagbag.py:540} INFO - Filling up the DagBag from /opt/airflow/dags/silver_layer_dag.py
[2025-10-24T11:15:44.945+0000] {processor.py:840} INFO - DAG(s) 'silver_layer_dag' retrieved from /opt/airflow/dags/silver_layer_dag.py
[2025-10-24T11:15:44.961+0000] {logging_mixin.py:188} INFO - [2025-10-24T11:15:44.961+0000] {dag.py:3096} INFO - Sync 1 DAGs
[2025-10-24T11:15:44.969+0000] {logging_mixin.py:188} INFO - [2025-10-24T11:15:44.969+0000] {dag.py:3954} INFO - Setting next_dagrun for silver_layer_dag to None, run_after=None
[2025-10-24T11:15:44.983+0000] {processor.py:183} INFO - Processing /opt/airflow/dags/silver_layer_dag.py took 0.160 seconds
[2025-10-24T11:16:15.680+0000] {processor.py:161} INFO - Started process (PID=1218) to work on /opt/airflow/dags/silver_layer_dag.py
[2025-10-24T11:16:15.681+0000] {processor.py:830} INFO - Processing file /opt/airflow/dags/silver_layer_dag.py for tasks to queue
[2025-10-24T11:16:15.682+0000] {logging_mixin.py:188} INFO - [2025-10-24T11:16:15.681+0000] {dagbag.py:540} INFO - Filling up the DagBag from /opt/airflow/dags/silver_layer_dag.py
[2025-10-24T11:16:15.809+0000] {processor.py:840} INFO - DAG(s) 'silver_layer_dag' retrieved from /opt/airflow/dags/silver_layer_dag.py
[2025-10-24T11:16:15.829+0000] {logging_mixin.py:188} INFO - [2025-10-24T11:16:15.829+0000] {dag.py:3096} INFO - Sync 1 DAGs
[2025-10-24T11:16:15.839+0000] {logging_mixin.py:188} INFO - [2025-10-24T11:16:15.839+0000] {dag.py:3954} INFO - Setting next_dagrun for silver_layer_dag to None, run_after=None
[2025-10-24T11:16:15.853+0000] {processor.py:183} INFO - Processing /opt/airflow/dags/silver_layer_dag.py took 0.177 seconds
[2025-10-24T11:16:46.480+0000] {processor.py:161} INFO - Started process (PID=1222) to work on /opt/airflow/dags/silver_layer_dag.py
[2025-10-24T11:16:46.481+0000] {processor.py:830} INFO - Processing file /opt/airflow/dags/silver_layer_dag.py for tasks to queue
[2025-10-24T11:16:46.482+0000] {logging_mixin.py:188} INFO - [2025-10-24T11:16:46.482+0000] {dagbag.py:540} INFO - Filling up the DagBag from /opt/airflow/dags/silver_layer_dag.py
[2025-10-24T11:16:46.618+0000] {processor.py:840} INFO - DAG(s) 'silver_layer_dag' retrieved from /opt/airflow/dags/silver_layer_dag.py
[2025-10-24T11:16:46.637+0000] {logging_mixin.py:188} INFO - [2025-10-24T11:16:46.637+0000] {dag.py:3096} INFO - Sync 1 DAGs
[2025-10-24T11:16:46.649+0000] {logging_mixin.py:188} INFO - [2025-10-24T11:16:46.649+0000] {dag.py:3954} INFO - Setting next_dagrun for silver_layer_dag to None, run_after=None
[2025-10-24T11:16:46.665+0000] {processor.py:183} INFO - Processing /opt/airflow/dags/silver_layer_dag.py took 0.191 seconds
[2025-10-24T11:17:17.328+0000] {processor.py:161} INFO - Started process (PID=1226) to work on /opt/airflow/dags/silver_layer_dag.py
[2025-10-24T11:17:17.329+0000] {processor.py:830} INFO - Processing file /opt/airflow/dags/silver_layer_dag.py for tasks to queue
[2025-10-24T11:17:17.330+0000] {logging_mixin.py:188} INFO - [2025-10-24T11:17:17.330+0000] {dagbag.py:540} INFO - Filling up the DagBag from /opt/airflow/dags/silver_layer_dag.py
[2025-10-24T11:17:17.481+0000] {processor.py:840} INFO - DAG(s) 'silver_layer_dag' retrieved from /opt/airflow/dags/silver_layer_dag.py
[2025-10-24T11:17:17.503+0000] {logging_mixin.py:188} INFO - [2025-10-24T11:17:17.503+0000] {dag.py:3096} INFO - Sync 1 DAGs
[2025-10-24T11:17:17.514+0000] {logging_mixin.py:188} INFO - [2025-10-24T11:17:17.513+0000] {dag.py:3954} INFO - Setting next_dagrun for silver_layer_dag to None, run_after=None
[2025-10-24T11:17:17.528+0000] {processor.py:183} INFO - Processing /opt/airflow/dags/silver_layer_dag.py took 0.204 seconds
[2025-10-24T11:17:47.607+0000] {processor.py:161} INFO - Started process (PID=1230) to work on /opt/airflow/dags/silver_layer_dag.py
[2025-10-24T11:17:47.608+0000] {processor.py:830} INFO - Processing file /opt/airflow/dags/silver_layer_dag.py for tasks to queue
[2025-10-24T11:17:47.608+0000] {logging_mixin.py:188} INFO - [2025-10-24T11:17:47.608+0000] {dagbag.py:540} INFO - Filling up the DagBag from /opt/airflow/dags/silver_layer_dag.py
[2025-10-24T11:17:47.726+0000] {processor.py:840} INFO - DAG(s) 'silver_layer_dag' retrieved from /opt/airflow/dags/silver_layer_dag.py
[2025-10-24T11:17:47.744+0000] {logging_mixin.py:188} INFO - [2025-10-24T11:17:47.744+0000] {dag.py:3096} INFO - Sync 1 DAGs
[2025-10-24T11:17:47.753+0000] {logging_mixin.py:188} INFO - [2025-10-24T11:17:47.753+0000] {dag.py:3954} INFO - Setting next_dagrun for silver_layer_dag to None, run_after=None
[2025-10-24T11:17:47.767+0000] {processor.py:183} INFO - Processing /opt/airflow/dags/silver_layer_dag.py took 0.165 seconds
[2025-10-24T11:18:18.207+0000] {processor.py:161} INFO - Started process (PID=1234) to work on /opt/airflow/dags/silver_layer_dag.py
[2025-10-24T11:18:18.208+0000] {processor.py:830} INFO - Processing file /opt/airflow/dags/silver_layer_dag.py for tasks to queue
[2025-10-24T11:18:18.209+0000] {logging_mixin.py:188} INFO - [2025-10-24T11:18:18.209+0000] {dagbag.py:540} INFO - Filling up the DagBag from /opt/airflow/dags/silver_layer_dag.py
[2025-10-24T11:18:18.328+0000] {processor.py:840} INFO - DAG(s) 'silver_layer_dag' retrieved from /opt/airflow/dags/silver_layer_dag.py
[2025-10-24T11:18:18.347+0000] {logging_mixin.py:188} INFO - [2025-10-24T11:18:18.347+0000] {dag.py:3096} INFO - Sync 1 DAGs
[2025-10-24T11:18:18.357+0000] {logging_mixin.py:188} INFO - [2025-10-24T11:18:18.357+0000] {dag.py:3954} INFO - Setting next_dagrun for silver_layer_dag to None, run_after=None
[2025-10-24T11:18:18.371+0000] {processor.py:183} INFO - Processing /opt/airflow/dags/silver_layer_dag.py took 0.168 seconds
[2025-10-24T11:18:48.972+0000] {processor.py:161} INFO - Started process (PID=1238) to work on /opt/airflow/dags/silver_layer_dag.py
[2025-10-24T11:18:48.973+0000] {processor.py:830} INFO - Processing file /opt/airflow/dags/silver_layer_dag.py for tasks to queue
[2025-10-24T11:18:48.973+0000] {logging_mixin.py:188} INFO - [2025-10-24T11:18:48.973+0000] {dagbag.py:540} INFO - Filling up the DagBag from /opt/airflow/dags/silver_layer_dag.py
[2025-10-24T11:18:49.094+0000] {processor.py:840} INFO - DAG(s) 'silver_layer_dag' retrieved from /opt/airflow/dags/silver_layer_dag.py
[2025-10-24T11:18:49.111+0000] {logging_mixin.py:188} INFO - [2025-10-24T11:18:49.111+0000] {dag.py:3096} INFO - Sync 1 DAGs
[2025-10-24T11:18:49.122+0000] {logging_mixin.py:188} INFO - [2025-10-24T11:18:49.122+0000] {dag.py:3954} INFO - Setting next_dagrun for silver_layer_dag to None, run_after=None
[2025-10-24T11:18:49.136+0000] {processor.py:183} INFO - Processing /opt/airflow/dags/silver_layer_dag.py took 0.169 seconds
[2025-10-24T11:19:19.221+0000] {processor.py:161} INFO - Started process (PID=1242) to work on /opt/airflow/dags/silver_layer_dag.py
[2025-10-24T11:19:19.222+0000] {processor.py:830} INFO - Processing file /opt/airflow/dags/silver_layer_dag.py for tasks to queue
[2025-10-24T11:19:19.223+0000] {logging_mixin.py:188} INFO - [2025-10-24T11:19:19.223+0000] {dagbag.py:540} INFO - Filling up the DagBag from /opt/airflow/dags/silver_layer_dag.py
[2025-10-24T11:19:19.363+0000] {processor.py:840} INFO - DAG(s) 'silver_layer_dag' retrieved from /opt/airflow/dags/silver_layer_dag.py
[2025-10-24T11:19:19.382+0000] {logging_mixin.py:188} INFO - [2025-10-24T11:19:19.382+0000] {dag.py:3096} INFO - Sync 1 DAGs
[2025-10-24T11:19:19.392+0000] {logging_mixin.py:188} INFO - [2025-10-24T11:19:19.391+0000] {dag.py:3954} INFO - Setting next_dagrun for silver_layer_dag to None, run_after=None
[2025-10-24T11:19:19.404+0000] {processor.py:183} INFO - Processing /opt/airflow/dags/silver_layer_dag.py took 0.188 seconds
[2025-10-24T11:19:49.450+0000] {processor.py:161} INFO - Started process (PID=1246) to work on /opt/airflow/dags/silver_layer_dag.py
[2025-10-24T11:19:49.451+0000] {processor.py:830} INFO - Processing file /opt/airflow/dags/silver_layer_dag.py for tasks to queue
[2025-10-24T11:19:49.451+0000] {logging_mixin.py:188} INFO - [2025-10-24T11:19:49.451+0000] {dagbag.py:540} INFO - Filling up the DagBag from /opt/airflow/dags/silver_layer_dag.py
[2025-10-24T11:19:49.580+0000] {processor.py:840} INFO - DAG(s) 'silver_layer_dag' retrieved from /opt/airflow/dags/silver_layer_dag.py
[2025-10-24T11:19:49.597+0000] {logging_mixin.py:188} INFO - [2025-10-24T11:19:49.596+0000] {dag.py:3096} INFO - Sync 1 DAGs
[2025-10-24T11:19:49.605+0000] {logging_mixin.py:188} INFO - [2025-10-24T11:19:49.605+0000] {dag.py:3954} INFO - Setting next_dagrun for silver_layer_dag to None, run_after=None
[2025-10-24T11:19:49.619+0000] {processor.py:183} INFO - Processing /opt/airflow/dags/silver_layer_dag.py took 0.176 seconds
[2025-10-24T11:20:20.541+0000] {processor.py:161} INFO - Started process (PID=1250) to work on /opt/airflow/dags/silver_layer_dag.py
[2025-10-24T11:20:20.542+0000] {processor.py:830} INFO - Processing file /opt/airflow/dags/silver_layer_dag.py for tasks to queue
[2025-10-24T11:20:20.542+0000] {logging_mixin.py:188} INFO - [2025-10-24T11:20:20.542+0000] {dagbag.py:540} INFO - Filling up the DagBag from /opt/airflow/dags/silver_layer_dag.py
[2025-10-24T11:20:20.671+0000] {processor.py:840} INFO - DAG(s) 'silver_layer_dag' retrieved from /opt/airflow/dags/silver_layer_dag.py
[2025-10-24T11:20:20.690+0000] {logging_mixin.py:188} INFO - [2025-10-24T11:20:20.690+0000] {dag.py:3096} INFO - Sync 1 DAGs
[2025-10-24T11:20:20.700+0000] {logging_mixin.py:188} INFO - [2025-10-24T11:20:20.700+0000] {dag.py:3954} INFO - Setting next_dagrun for silver_layer_dag to None, run_after=None
[2025-10-24T11:20:20.715+0000] {processor.py:183} INFO - Processing /opt/airflow/dags/silver_layer_dag.py took 0.179 seconds
[2025-10-24T11:20:51.455+0000] {processor.py:161} INFO - Started process (PID=1254) to work on /opt/airflow/dags/silver_layer_dag.py
[2025-10-24T11:20:51.456+0000] {processor.py:830} INFO - Processing file /opt/airflow/dags/silver_layer_dag.py for tasks to queue
[2025-10-24T11:20:51.457+0000] {logging_mixin.py:188} INFO - [2025-10-24T11:20:51.456+0000] {dagbag.py:540} INFO - Filling up the DagBag from /opt/airflow/dags/silver_layer_dag.py
[2025-10-24T11:20:51.621+0000] {processor.py:840} INFO - DAG(s) 'silver_layer_dag' retrieved from /opt/airflow/dags/silver_layer_dag.py
[2025-10-24T11:20:51.641+0000] {logging_mixin.py:188} INFO - [2025-10-24T11:20:51.640+0000] {dag.py:3096} INFO - Sync 1 DAGs
[2025-10-24T11:20:51.651+0000] {logging_mixin.py:188} INFO - [2025-10-24T11:20:51.651+0000] {dag.py:3954} INFO - Setting next_dagrun for silver_layer_dag to None, run_after=None
[2025-10-24T11:20:51.668+0000] {processor.py:183} INFO - Processing /opt/airflow/dags/silver_layer_dag.py took 0.218 seconds
[2025-10-24T11:21:22.410+0000] {processor.py:161} INFO - Started process (PID=1258) to work on /opt/airflow/dags/silver_layer_dag.py
[2025-10-24T11:21:22.410+0000] {processor.py:830} INFO - Processing file /opt/airflow/dags/silver_layer_dag.py for tasks to queue
[2025-10-24T11:21:22.411+0000] {logging_mixin.py:188} INFO - [2025-10-24T11:21:22.411+0000] {dagbag.py:540} INFO - Filling up the DagBag from /opt/airflow/dags/silver_layer_dag.py
[2025-10-24T11:21:22.535+0000] {processor.py:840} INFO - DAG(s) 'silver_layer_dag' retrieved from /opt/airflow/dags/silver_layer_dag.py
[2025-10-24T11:21:22.552+0000] {logging_mixin.py:188} INFO - [2025-10-24T11:21:22.552+0000] {dag.py:3096} INFO - Sync 1 DAGs
[2025-10-24T11:21:22.562+0000] {logging_mixin.py:188} INFO - [2025-10-24T11:21:22.562+0000] {dag.py:3954} INFO - Setting next_dagrun for silver_layer_dag to None, run_after=None
[2025-10-24T11:21:22.578+0000] {processor.py:183} INFO - Processing /opt/airflow/dags/silver_layer_dag.py took 0.173 seconds
[2025-10-24T11:21:52.683+0000] {processor.py:161} INFO - Started process (PID=1262) to work on /opt/airflow/dags/silver_layer_dag.py
[2025-10-24T11:21:52.683+0000] {processor.py:830} INFO - Processing file /opt/airflow/dags/silver_layer_dag.py for tasks to queue
[2025-10-24T11:21:52.684+0000] {logging_mixin.py:188} INFO - [2025-10-24T11:21:52.684+0000] {dagbag.py:540} INFO - Filling up the DagBag from /opt/airflow/dags/silver_layer_dag.py
[2025-10-24T11:21:52.802+0000] {processor.py:840} INFO - DAG(s) 'silver_layer_dag' retrieved from /opt/airflow/dags/silver_layer_dag.py
[2025-10-24T11:21:52.819+0000] {logging_mixin.py:188} INFO - [2025-10-24T11:21:52.819+0000] {dag.py:3096} INFO - Sync 1 DAGs
[2025-10-24T11:21:52.828+0000] {logging_mixin.py:188} INFO - [2025-10-24T11:21:52.828+0000] {dag.py:3954} INFO - Setting next_dagrun for silver_layer_dag to None, run_after=None
[2025-10-24T11:21:52.842+0000] {processor.py:183} INFO - Processing /opt/airflow/dags/silver_layer_dag.py took 0.164 seconds
[2025-10-24T11:23:38.979+0000] {processor.py:161} INFO - Started process (PID=55) to work on /opt/airflow/dags/silver_layer_dag.py
[2025-10-24T11:23:38.980+0000] {processor.py:830} INFO - Processing file /opt/airflow/dags/silver_layer_dag.py for tasks to queue
[2025-10-24T11:23:38.982+0000] {logging_mixin.py:188} INFO - [2025-10-24T11:23:38.982+0000] {dagbag.py:540} INFO - Filling up the DagBag from /opt/airflow/dags/silver_layer_dag.py
[2025-10-24T11:23:39.140+0000] {processor.py:840} INFO - DAG(s) 'silver_layer_dag' retrieved from /opt/airflow/dags/silver_layer_dag.py
[2025-10-24T11:23:39.283+0000] {logging_mixin.py:188} INFO - [2025-10-24T11:23:39.283+0000] {dag.py:3096} INFO - Sync 1 DAGs
[2025-10-24T11:23:39.291+0000] {logging_mixin.py:188} INFO - [2025-10-24T11:23:39.291+0000] {dag.py:3954} INFO - Setting next_dagrun for silver_layer_dag to None, run_after=None
[2025-10-24T11:23:39.307+0000] {processor.py:183} INFO - Processing /opt/airflow/dags/silver_layer_dag.py took 0.333 seconds
[2025-10-24T11:24:09.366+0000] {processor.py:161} INFO - Started process (PID=60) to work on /opt/airflow/dags/silver_layer_dag.py
[2025-10-24T11:24:09.367+0000] {processor.py:830} INFO - Processing file /opt/airflow/dags/silver_layer_dag.py for tasks to queue
[2025-10-24T11:24:09.369+0000] {logging_mixin.py:188} INFO - [2025-10-24T11:24:09.369+0000] {dagbag.py:540} INFO - Filling up the DagBag from /opt/airflow/dags/silver_layer_dag.py
[2025-10-24T11:24:09.485+0000] {processor.py:840} INFO - DAG(s) 'silver_layer_dag' retrieved from /opt/airflow/dags/silver_layer_dag.py
[2025-10-24T11:24:09.503+0000] {logging_mixin.py:188} INFO - [2025-10-24T11:24:09.503+0000] {dag.py:3096} INFO - Sync 1 DAGs
[2025-10-24T11:24:09.513+0000] {logging_mixin.py:188} INFO - [2025-10-24T11:24:09.513+0000] {dag.py:3954} INFO - Setting next_dagrun for silver_layer_dag to None, run_after=None
[2025-10-24T11:24:09.528+0000] {processor.py:183} INFO - Processing /opt/airflow/dags/silver_layer_dag.py took 0.166 seconds
[2025-10-24T11:24:39.981+0000] {processor.py:161} INFO - Started process (PID=66) to work on /opt/airflow/dags/silver_layer_dag.py
[2025-10-24T11:24:39.982+0000] {processor.py:830} INFO - Processing file /opt/airflow/dags/silver_layer_dag.py for tasks to queue
[2025-10-24T11:24:39.983+0000] {logging_mixin.py:188} INFO - [2025-10-24T11:24:39.983+0000] {dagbag.py:540} INFO - Filling up the DagBag from /opt/airflow/dags/silver_layer_dag.py
[2025-10-24T11:24:40.109+0000] {processor.py:840} INFO - DAG(s) 'silver_layer_dag' retrieved from /opt/airflow/dags/silver_layer_dag.py
[2025-10-24T11:24:40.129+0000] {logging_mixin.py:188} INFO - [2025-10-24T11:24:40.129+0000] {dag.py:3096} INFO - Sync 1 DAGs
[2025-10-24T11:24:40.140+0000] {logging_mixin.py:188} INFO - [2025-10-24T11:24:40.140+0000] {dag.py:3954} INFO - Setting next_dagrun for silver_layer_dag to None, run_after=None
[2025-10-24T11:24:40.154+0000] {processor.py:183} INFO - Processing /opt/airflow/dags/silver_layer_dag.py took 0.178 seconds
[2025-10-24T11:25:10.411+0000] {processor.py:161} INFO - Started process (PID=72) to work on /opt/airflow/dags/silver_layer_dag.py
[2025-10-24T11:25:10.412+0000] {processor.py:830} INFO - Processing file /opt/airflow/dags/silver_layer_dag.py for tasks to queue
[2025-10-24T11:25:10.414+0000] {logging_mixin.py:188} INFO - [2025-10-24T11:25:10.414+0000] {dagbag.py:540} INFO - Filling up the DagBag from /opt/airflow/dags/silver_layer_dag.py
[2025-10-24T11:25:10.533+0000] {processor.py:840} INFO - DAG(s) 'silver_layer_dag' retrieved from /opt/airflow/dags/silver_layer_dag.py
[2025-10-24T11:25:10.549+0000] {logging_mixin.py:188} INFO - [2025-10-24T11:25:10.548+0000] {dag.py:3096} INFO - Sync 1 DAGs
[2025-10-24T11:25:10.556+0000] {logging_mixin.py:188} INFO - [2025-10-24T11:25:10.556+0000] {dag.py:3954} INFO - Setting next_dagrun for silver_layer_dag to None, run_after=None
[2025-10-24T11:25:10.568+0000] {processor.py:183} INFO - Processing /opt/airflow/dags/silver_layer_dag.py took 0.161 seconds
[2025-10-24T11:25:40.728+0000] {processor.py:161} INFO - Started process (PID=78) to work on /opt/airflow/dags/silver_layer_dag.py
[2025-10-24T11:25:40.729+0000] {processor.py:830} INFO - Processing file /opt/airflow/dags/silver_layer_dag.py for tasks to queue
[2025-10-24T11:25:40.730+0000] {logging_mixin.py:188} INFO - [2025-10-24T11:25:40.730+0000] {dagbag.py:540} INFO - Filling up the DagBag from /opt/airflow/dags/silver_layer_dag.py
[2025-10-24T11:25:40.844+0000] {processor.py:840} INFO - DAG(s) 'silver_layer_dag' retrieved from /opt/airflow/dags/silver_layer_dag.py
[2025-10-24T11:25:40.859+0000] {logging_mixin.py:188} INFO - [2025-10-24T11:25:40.859+0000] {dag.py:3096} INFO - Sync 1 DAGs
[2025-10-24T11:25:40.867+0000] {logging_mixin.py:188} INFO - [2025-10-24T11:25:40.867+0000] {dag.py:3954} INFO - Setting next_dagrun for silver_layer_dag to None, run_after=None
[2025-10-24T11:25:40.878+0000] {processor.py:183} INFO - Processing /opt/airflow/dags/silver_layer_dag.py took 0.155 seconds
[2025-10-24T11:26:11.166+0000] {processor.py:161} INFO - Started process (PID=84) to work on /opt/airflow/dags/silver_layer_dag.py
[2025-10-24T11:26:11.167+0000] {processor.py:830} INFO - Processing file /opt/airflow/dags/silver_layer_dag.py for tasks to queue
[2025-10-24T11:26:11.169+0000] {logging_mixin.py:188} INFO - [2025-10-24T11:26:11.169+0000] {dagbag.py:540} INFO - Filling up the DagBag from /opt/airflow/dags/silver_layer_dag.py
[2025-10-24T11:26:11.283+0000] {processor.py:840} INFO - DAG(s) 'silver_layer_dag' retrieved from /opt/airflow/dags/silver_layer_dag.py
[2025-10-24T11:26:11.298+0000] {logging_mixin.py:188} INFO - [2025-10-24T11:26:11.298+0000] {dag.py:3096} INFO - Sync 1 DAGs
[2025-10-24T11:26:11.307+0000] {logging_mixin.py:188} INFO - [2025-10-24T11:26:11.307+0000] {dag.py:3954} INFO - Setting next_dagrun for silver_layer_dag to None, run_after=None
[2025-10-24T11:26:11.326+0000] {processor.py:183} INFO - Processing /opt/airflow/dags/silver_layer_dag.py took 0.164 seconds
[2025-10-24T11:26:43.519+0000] {processor.py:161} INFO - Started process (PID=90) to work on /opt/airflow/dags/silver_layer_dag.py
[2025-10-24T11:26:43.520+0000] {processor.py:830} INFO - Processing file /opt/airflow/dags/silver_layer_dag.py for tasks to queue
[2025-10-24T11:26:43.522+0000] {logging_mixin.py:188} INFO - [2025-10-24T11:26:43.522+0000] {dagbag.py:540} INFO - Filling up the DagBag from /opt/airflow/dags/silver_layer_dag.py
[2025-10-24T11:26:43.656+0000] {processor.py:840} INFO - DAG(s) 'silver_layer_dag' retrieved from /opt/airflow/dags/silver_layer_dag.py
[2025-10-24T11:26:43.673+0000] {logging_mixin.py:188} INFO - [2025-10-24T11:26:43.673+0000] {dag.py:3096} INFO - Sync 1 DAGs
[2025-10-24T11:26:43.683+0000] {logging_mixin.py:188} INFO - [2025-10-24T11:26:43.682+0000] {dag.py:3954} INFO - Setting next_dagrun for silver_layer_dag to None, run_after=None
[2025-10-24T11:26:43.697+0000] {processor.py:183} INFO - Processing /opt/airflow/dags/silver_layer_dag.py took 0.183 seconds
[2025-10-24T11:27:16.146+0000] {processor.py:161} INFO - Started process (PID=96) to work on /opt/airflow/dags/silver_layer_dag.py
[2025-10-24T11:27:16.148+0000] {processor.py:830} INFO - Processing file /opt/airflow/dags/silver_layer_dag.py for tasks to queue
[2025-10-24T11:27:16.152+0000] {logging_mixin.py:188} INFO - [2025-10-24T11:27:16.152+0000] {dagbag.py:540} INFO - Filling up the DagBag from /opt/airflow/dags/silver_layer_dag.py
[2025-10-24T11:27:16.323+0000] {processor.py:840} INFO - DAG(s) 'silver_layer_dag' retrieved from /opt/airflow/dags/silver_layer_dag.py
[2025-10-24T11:27:16.343+0000] {logging_mixin.py:188} INFO - [2025-10-24T11:27:16.343+0000] {dag.py:3096} INFO - Sync 1 DAGs
[2025-10-24T11:27:16.355+0000] {logging_mixin.py:188} INFO - [2025-10-24T11:27:16.354+0000] {dag.py:3954} INFO - Setting next_dagrun for silver_layer_dag to None, run_after=None
[2025-10-24T11:27:16.372+0000] {processor.py:183} INFO - Processing /opt/airflow/dags/silver_layer_dag.py took 0.237 seconds
[2025-10-24T11:27:48.872+0000] {processor.py:161} INFO - Started process (PID=107) to work on /opt/airflow/dags/silver_layer_dag.py
[2025-10-24T11:27:48.872+0000] {processor.py:830} INFO - Processing file /opt/airflow/dags/silver_layer_dag.py for tasks to queue
[2025-10-24T11:27:48.874+0000] {logging_mixin.py:188} INFO - [2025-10-24T11:27:48.874+0000] {dagbag.py:540} INFO - Filling up the DagBag from /opt/airflow/dags/silver_layer_dag.py
[2025-10-24T11:27:49.021+0000] {processor.py:840} INFO - DAG(s) 'silver_layer_dag' retrieved from /opt/airflow/dags/silver_layer_dag.py
[2025-10-24T11:27:49.039+0000] {logging_mixin.py:188} INFO - [2025-10-24T11:27:49.039+0000] {dag.py:3096} INFO - Sync 1 DAGs
[2025-10-24T11:27:49.175+0000] {logging_mixin.py:188} INFO - [2025-10-24T11:27:49.175+0000] {dag.py:3954} INFO - Setting next_dagrun for silver_layer_dag to None, run_after=None
[2025-10-24T11:27:49.188+0000] {processor.py:183} INFO - Processing /opt/airflow/dags/silver_layer_dag.py took 0.322 seconds
[2025-10-24T11:28:21.156+0000] {processor.py:161} INFO - Started process (PID=113) to work on /opt/airflow/dags/silver_layer_dag.py
[2025-10-24T11:28:21.157+0000] {processor.py:830} INFO - Processing file /opt/airflow/dags/silver_layer_dag.py for tasks to queue
[2025-10-24T11:28:21.158+0000] {logging_mixin.py:188} INFO - [2025-10-24T11:28:21.158+0000] {dagbag.py:540} INFO - Filling up the DagBag from /opt/airflow/dags/silver_layer_dag.py
[2025-10-24T11:28:21.280+0000] {processor.py:840} INFO - DAG(s) 'silver_layer_dag' retrieved from /opt/airflow/dags/silver_layer_dag.py
[2025-10-24T11:28:21.301+0000] {logging_mixin.py:188} INFO - [2025-10-24T11:28:21.301+0000] {dag.py:3096} INFO - Sync 1 DAGs
[2025-10-24T11:28:21.312+0000] {logging_mixin.py:188} INFO - [2025-10-24T11:28:21.312+0000] {dag.py:3954} INFO - Setting next_dagrun for silver_layer_dag to None, run_after=None
[2025-10-24T11:28:21.328+0000] {processor.py:183} INFO - Processing /opt/airflow/dags/silver_layer_dag.py took 0.176 seconds
[2025-10-24T11:28:53.579+0000] {processor.py:161} INFO - Started process (PID=119) to work on /opt/airflow/dags/silver_layer_dag.py
[2025-10-24T11:28:53.580+0000] {processor.py:830} INFO - Processing file /opt/airflow/dags/silver_layer_dag.py for tasks to queue
[2025-10-24T11:28:53.582+0000] {logging_mixin.py:188} INFO - [2025-10-24T11:28:53.582+0000] {dagbag.py:540} INFO - Filling up the DagBag from /opt/airflow/dags/silver_layer_dag.py
[2025-10-24T11:28:53.751+0000] {processor.py:840} INFO - DAG(s) 'silver_layer_dag' retrieved from /opt/airflow/dags/silver_layer_dag.py
[2025-10-24T11:28:53.779+0000] {logging_mixin.py:188} INFO - [2025-10-24T11:28:53.779+0000] {dag.py:3096} INFO - Sync 1 DAGs
[2025-10-24T11:28:53.795+0000] {logging_mixin.py:188} INFO - [2025-10-24T11:28:53.795+0000] {dag.py:3954} INFO - Setting next_dagrun for silver_layer_dag to None, run_after=None
[2025-10-24T11:28:53.813+0000] {processor.py:183} INFO - Processing /opt/airflow/dags/silver_layer_dag.py took 0.240 seconds
[2025-10-24T11:29:26.074+0000] {processor.py:161} INFO - Started process (PID=125) to work on /opt/airflow/dags/silver_layer_dag.py
[2025-10-24T11:29:26.074+0000] {processor.py:830} INFO - Processing file /opt/airflow/dags/silver_layer_dag.py for tasks to queue
[2025-10-24T11:29:26.076+0000] {logging_mixin.py:188} INFO - [2025-10-24T11:29:26.076+0000] {dagbag.py:540} INFO - Filling up the DagBag from /opt/airflow/dags/silver_layer_dag.py
[2025-10-24T11:29:26.198+0000] {processor.py:840} INFO - DAG(s) 'silver_layer_dag' retrieved from /opt/airflow/dags/silver_layer_dag.py
[2025-10-24T11:29:26.215+0000] {logging_mixin.py:188} INFO - [2025-10-24T11:29:26.215+0000] {dag.py:3096} INFO - Sync 1 DAGs
[2025-10-24T11:29:26.224+0000] {logging_mixin.py:188} INFO - [2025-10-24T11:29:26.224+0000] {dag.py:3954} INFO - Setting next_dagrun for silver_layer_dag to None, run_after=None
[2025-10-24T11:29:26.371+0000] {processor.py:183} INFO - Processing /opt/airflow/dags/silver_layer_dag.py took 0.303 seconds
[2025-10-24T11:29:58.665+0000] {processor.py:161} INFO - Started process (PID=131) to work on /opt/airflow/dags/silver_layer_dag.py
[2025-10-24T11:29:58.666+0000] {processor.py:830} INFO - Processing file /opt/airflow/dags/silver_layer_dag.py for tasks to queue
[2025-10-24T11:29:58.668+0000] {logging_mixin.py:188} INFO - [2025-10-24T11:29:58.667+0000] {dagbag.py:540} INFO - Filling up the DagBag from /opt/airflow/dags/silver_layer_dag.py
[2025-10-24T11:29:58.787+0000] {processor.py:840} INFO - DAG(s) 'silver_layer_dag' retrieved from /opt/airflow/dags/silver_layer_dag.py
[2025-10-24T11:29:58.806+0000] {logging_mixin.py:188} INFO - [2025-10-24T11:29:58.806+0000] {dag.py:3096} INFO - Sync 1 DAGs
[2025-10-24T11:29:58.816+0000] {logging_mixin.py:188} INFO - [2025-10-24T11:29:58.816+0000] {dag.py:3954} INFO - Setting next_dagrun for silver_layer_dag to None, run_after=None
[2025-10-24T11:29:58.830+0000] {processor.py:183} INFO - Processing /opt/airflow/dags/silver_layer_dag.py took 0.171 seconds
[2025-10-24T11:30:32.032+0000] {processor.py:161} INFO - Started process (PID=137) to work on /opt/airflow/dags/silver_layer_dag.py
[2025-10-24T11:30:32.033+0000] {processor.py:830} INFO - Processing file /opt/airflow/dags/silver_layer_dag.py for tasks to queue
[2025-10-24T11:30:32.035+0000] {logging_mixin.py:188} INFO - [2025-10-24T11:30:32.035+0000] {dagbag.py:540} INFO - Filling up the DagBag from /opt/airflow/dags/silver_layer_dag.py
[2025-10-24T11:30:32.165+0000] {processor.py:840} INFO - DAG(s) 'silver_layer_dag' retrieved from /opt/airflow/dags/silver_layer_dag.py
[2025-10-24T11:30:32.185+0000] {logging_mixin.py:188} INFO - [2025-10-24T11:30:32.185+0000] {dag.py:3096} INFO - Sync 1 DAGs
[2025-10-24T11:30:32.196+0000] {logging_mixin.py:188} INFO - [2025-10-24T11:30:32.195+0000] {dag.py:3954} INFO - Setting next_dagrun for silver_layer_dag to None, run_after=None
[2025-10-24T11:30:32.210+0000] {processor.py:183} INFO - Processing /opt/airflow/dags/silver_layer_dag.py took 0.185 seconds
[2025-10-24T11:31:03.087+0000] {processor.py:161} INFO - Started process (PID=143) to work on /opt/airflow/dags/silver_layer_dag.py
[2025-10-24T11:31:03.088+0000] {processor.py:830} INFO - Processing file /opt/airflow/dags/silver_layer_dag.py for tasks to queue
[2025-10-24T11:31:03.090+0000] {logging_mixin.py:188} INFO - [2025-10-24T11:31:03.090+0000] {dagbag.py:540} INFO - Filling up the DagBag from /opt/airflow/dags/silver_layer_dag.py
[2025-10-24T11:31:03.225+0000] {processor.py:840} INFO - DAG(s) 'silver_layer_dag' retrieved from /opt/airflow/dags/silver_layer_dag.py
[2025-10-24T11:31:03.244+0000] {logging_mixin.py:188} INFO - [2025-10-24T11:31:03.244+0000] {dag.py:3096} INFO - Sync 1 DAGs
[2025-10-24T11:31:03.254+0000] {logging_mixin.py:188} INFO - [2025-10-24T11:31:03.254+0000] {dag.py:3954} INFO - Setting next_dagrun for silver_layer_dag to None, run_after=None
[2025-10-24T11:31:03.269+0000] {processor.py:183} INFO - Processing /opt/airflow/dags/silver_layer_dag.py took 0.188 seconds
[2025-10-24T11:31:34.029+0000] {processor.py:161} INFO - Started process (PID=149) to work on /opt/airflow/dags/silver_layer_dag.py
[2025-10-24T11:31:34.030+0000] {processor.py:830} INFO - Processing file /opt/airflow/dags/silver_layer_dag.py for tasks to queue
[2025-10-24T11:31:34.032+0000] {logging_mixin.py:188} INFO - [2025-10-24T11:31:34.031+0000] {dagbag.py:540} INFO - Filling up the DagBag from /opt/airflow/dags/silver_layer_dag.py
[2025-10-24T11:31:34.299+0000] {processor.py:840} INFO - DAG(s) 'silver_layer_dag' retrieved from /opt/airflow/dags/silver_layer_dag.py
[2025-10-24T11:31:34.320+0000] {logging_mixin.py:188} INFO - [2025-10-24T11:31:34.320+0000] {dag.py:3096} INFO - Sync 1 DAGs
[2025-10-24T11:31:34.330+0000] {logging_mixin.py:188} INFO - [2025-10-24T11:31:34.330+0000] {dag.py:3954} INFO - Setting next_dagrun for silver_layer_dag to None, run_after=None
[2025-10-24T11:31:34.344+0000] {processor.py:183} INFO - Processing /opt/airflow/dags/silver_layer_dag.py took 0.320 seconds
[2025-10-24T11:32:04.852+0000] {processor.py:161} INFO - Started process (PID=155) to work on /opt/airflow/dags/silver_layer_dag.py
[2025-10-24T11:32:04.853+0000] {processor.py:830} INFO - Processing file /opt/airflow/dags/silver_layer_dag.py for tasks to queue
[2025-10-24T11:32:04.854+0000] {logging_mixin.py:188} INFO - [2025-10-24T11:32:04.854+0000] {dagbag.py:540} INFO - Filling up the DagBag from /opt/airflow/dags/silver_layer_dag.py
[2025-10-24T11:32:05.133+0000] {processor.py:840} INFO - DAG(s) 'silver_layer_dag' retrieved from /opt/airflow/dags/silver_layer_dag.py
[2025-10-24T11:32:05.149+0000] {logging_mixin.py:188} INFO - [2025-10-24T11:32:05.149+0000] {dag.py:3096} INFO - Sync 1 DAGs
[2025-10-24T11:32:05.157+0000] {logging_mixin.py:188} INFO - [2025-10-24T11:32:05.157+0000] {dag.py:3954} INFO - Setting next_dagrun for silver_layer_dag to None, run_after=None
[2025-10-24T11:32:05.170+0000] {processor.py:183} INFO - Processing /opt/airflow/dags/silver_layer_dag.py took 0.323 seconds
[2025-10-24T11:32:35.571+0000] {processor.py:161} INFO - Started process (PID=161) to work on /opt/airflow/dags/silver_layer_dag.py
[2025-10-24T11:32:35.572+0000] {processor.py:830} INFO - Processing file /opt/airflow/dags/silver_layer_dag.py for tasks to queue
[2025-10-24T11:32:35.574+0000] {logging_mixin.py:188} INFO - [2025-10-24T11:32:35.574+0000] {dagbag.py:540} INFO - Filling up the DagBag from /opt/airflow/dags/silver_layer_dag.py
[2025-10-24T11:32:35.875+0000] {processor.py:840} INFO - DAG(s) 'silver_layer_dag' retrieved from /opt/airflow/dags/silver_layer_dag.py
[2025-10-24T11:32:35.891+0000] {logging_mixin.py:188} INFO - [2025-10-24T11:32:35.891+0000] {dag.py:3096} INFO - Sync 1 DAGs
[2025-10-24T11:32:35.900+0000] {logging_mixin.py:188} INFO - [2025-10-24T11:32:35.899+0000] {dag.py:3954} INFO - Setting next_dagrun for silver_layer_dag to None, run_after=None
[2025-10-24T11:32:35.914+0000] {processor.py:183} INFO - Processing /opt/airflow/dags/silver_layer_dag.py took 0.348 seconds
[2025-10-24T11:33:42.796+0000] {processor.py:161} INFO - Started process (PID=55) to work on /opt/airflow/dags/silver_layer_dag.py
[2025-10-24T11:33:42.798+0000] {processor.py:830} INFO - Processing file /opt/airflow/dags/silver_layer_dag.py for tasks to queue
[2025-10-24T11:33:42.799+0000] {logging_mixin.py:188} INFO - [2025-10-24T11:33:42.799+0000] {dagbag.py:540} INFO - Filling up the DagBag from /opt/airflow/dags/silver_layer_dag.py
[2025-10-24T11:33:42.957+0000] {processor.py:840} INFO - DAG(s) 'silver_layer_dag' retrieved from /opt/airflow/dags/silver_layer_dag.py
[2025-10-24T11:33:43.084+0000] {logging_mixin.py:188} INFO - [2025-10-24T11:33:43.084+0000] {dag.py:3096} INFO - Sync 1 DAGs
[2025-10-24T11:33:43.102+0000] {logging_mixin.py:188} INFO - [2025-10-24T11:33:43.102+0000] {dag.py:3954} INFO - Setting next_dagrun for silver_layer_dag to None, run_after=None
[2025-10-24T11:33:43.141+0000] {processor.py:183} INFO - Processing /opt/airflow/dags/silver_layer_dag.py took 0.351 seconds
[2025-10-24T11:34:13.753+0000] {processor.py:161} INFO - Started process (PID=61) to work on /opt/airflow/dags/silver_layer_dag.py
[2025-10-24T11:34:13.754+0000] {processor.py:830} INFO - Processing file /opt/airflow/dags/silver_layer_dag.py for tasks to queue
[2025-10-24T11:34:13.756+0000] {logging_mixin.py:188} INFO - [2025-10-24T11:34:13.756+0000] {dagbag.py:540} INFO - Filling up the DagBag from /opt/airflow/dags/silver_layer_dag.py
[2025-10-24T11:34:13.883+0000] {processor.py:840} INFO - DAG(s) 'silver_layer_dag' retrieved from /opt/airflow/dags/silver_layer_dag.py
[2025-10-24T11:34:13.905+0000] {logging_mixin.py:188} INFO - [2025-10-24T11:34:13.905+0000] {dag.py:3096} INFO - Sync 1 DAGs
[2025-10-24T11:34:13.916+0000] {logging_mixin.py:188} INFO - [2025-10-24T11:34:13.916+0000] {dag.py:3954} INFO - Setting next_dagrun for silver_layer_dag to None, run_after=None
[2025-10-24T11:34:13.945+0000] {processor.py:183} INFO - Processing /opt/airflow/dags/silver_layer_dag.py took 0.197 seconds
[2025-10-24T11:34:44.139+0000] {processor.py:161} INFO - Started process (PID=66) to work on /opt/airflow/dags/silver_layer_dag.py
[2025-10-24T11:34:44.140+0000] {processor.py:830} INFO - Processing file /opt/airflow/dags/silver_layer_dag.py for tasks to queue
[2025-10-24T11:34:44.142+0000] {logging_mixin.py:188} INFO - [2025-10-24T11:34:44.141+0000] {dagbag.py:540} INFO - Filling up the DagBag from /opt/airflow/dags/silver_layer_dag.py
[2025-10-24T11:34:44.394+0000] {processor.py:840} INFO - DAG(s) 'silver_layer_dag' retrieved from /opt/airflow/dags/silver_layer_dag.py
[2025-10-24T11:34:44.435+0000] {logging_mixin.py:188} INFO - [2025-10-24T11:34:44.434+0000] {dag.py:3096} INFO - Sync 1 DAGs
[2025-10-24T11:34:44.453+0000] {logging_mixin.py:188} INFO - [2025-10-24T11:34:44.453+0000] {dag.py:3954} INFO - Setting next_dagrun for silver_layer_dag to None, run_after=None
[2025-10-24T11:34:44.474+0000] {processor.py:183} INFO - Processing /opt/airflow/dags/silver_layer_dag.py took 0.339 seconds
[2025-10-24T11:35:14.924+0000] {processor.py:161} INFO - Started process (PID=72) to work on /opt/airflow/dags/silver_layer_dag.py
[2025-10-24T11:35:14.924+0000] {processor.py:830} INFO - Processing file /opt/airflow/dags/silver_layer_dag.py for tasks to queue
[2025-10-24T11:35:14.926+0000] {logging_mixin.py:188} INFO - [2025-10-24T11:35:14.926+0000] {dagbag.py:540} INFO - Filling up the DagBag from /opt/airflow/dags/silver_layer_dag.py
[2025-10-24T11:35:15.072+0000] {processor.py:840} INFO - DAG(s) 'silver_layer_dag' retrieved from /opt/airflow/dags/silver_layer_dag.py
[2025-10-24T11:35:15.090+0000] {logging_mixin.py:188} INFO - [2025-10-24T11:35:15.089+0000] {dag.py:3096} INFO - Sync 1 DAGs
[2025-10-24T11:35:15.099+0000] {logging_mixin.py:188} INFO - [2025-10-24T11:35:15.098+0000] {dag.py:3954} INFO - Setting next_dagrun for silver_layer_dag to None, run_after=None
[2025-10-24T11:35:15.115+0000] {processor.py:183} INFO - Processing /opt/airflow/dags/silver_layer_dag.py took 0.196 seconds
[2025-10-24T11:35:45.233+0000] {processor.py:161} INFO - Started process (PID=79) to work on /opt/airflow/dags/silver_layer_dag.py
[2025-10-24T11:35:45.234+0000] {processor.py:830} INFO - Processing file /opt/airflow/dags/silver_layer_dag.py for tasks to queue
[2025-10-24T11:35:45.235+0000] {logging_mixin.py:188} INFO - [2025-10-24T11:35:45.235+0000] {dagbag.py:540} INFO - Filling up the DagBag from /opt/airflow/dags/silver_layer_dag.py
[2025-10-24T11:35:45.352+0000] {processor.py:840} INFO - DAG(s) 'silver_layer_dag' retrieved from /opt/airflow/dags/silver_layer_dag.py
[2025-10-24T11:35:45.371+0000] {logging_mixin.py:188} INFO - [2025-10-24T11:35:45.371+0000] {dag.py:3096} INFO - Sync 1 DAGs
[2025-10-24T11:35:45.380+0000] {logging_mixin.py:188} INFO - [2025-10-24T11:35:45.380+0000] {dag.py:3954} INFO - Setting next_dagrun for silver_layer_dag to None, run_after=None
[2025-10-24T11:35:45.395+0000] {processor.py:183} INFO - Processing /opt/airflow/dags/silver_layer_dag.py took 0.166 seconds
[2025-10-24T11:36:15.511+0000] {processor.py:161} INFO - Started process (PID=85) to work on /opt/airflow/dags/silver_layer_dag.py
[2025-10-24T11:36:15.512+0000] {processor.py:830} INFO - Processing file /opt/airflow/dags/silver_layer_dag.py for tasks to queue
[2025-10-24T11:36:15.513+0000] {logging_mixin.py:188} INFO - [2025-10-24T11:36:15.513+0000] {dagbag.py:540} INFO - Filling up the DagBag from /opt/airflow/dags/silver_layer_dag.py
[2025-10-24T11:36:15.627+0000] {processor.py:840} INFO - DAG(s) 'silver_layer_dag' retrieved from /opt/airflow/dags/silver_layer_dag.py
[2025-10-24T11:36:15.645+0000] {logging_mixin.py:188} INFO - [2025-10-24T11:36:15.645+0000] {dag.py:3096} INFO - Sync 1 DAGs
[2025-10-24T11:36:15.654+0000] {logging_mixin.py:188} INFO - [2025-10-24T11:36:15.653+0000] {dag.py:3954} INFO - Setting next_dagrun for silver_layer_dag to None, run_after=None
[2025-10-24T11:36:15.667+0000] {processor.py:183} INFO - Processing /opt/airflow/dags/silver_layer_dag.py took 0.160 seconds
[2025-10-24T11:36:46.603+0000] {processor.py:161} INFO - Started process (PID=91) to work on /opt/airflow/dags/silver_layer_dag.py
[2025-10-24T11:36:46.603+0000] {processor.py:830} INFO - Processing file /opt/airflow/dags/silver_layer_dag.py for tasks to queue
[2025-10-24T11:36:46.605+0000] {logging_mixin.py:188} INFO - [2025-10-24T11:36:46.605+0000] {dagbag.py:540} INFO - Filling up the DagBag from /opt/airflow/dags/silver_layer_dag.py
[2025-10-24T11:36:46.714+0000] {processor.py:840} INFO - DAG(s) 'silver_layer_dag' retrieved from /opt/airflow/dags/silver_layer_dag.py
[2025-10-24T11:36:46.733+0000] {logging_mixin.py:188} INFO - [2025-10-24T11:36:46.732+0000] {dag.py:3096} INFO - Sync 1 DAGs
[2025-10-24T11:36:46.741+0000] {logging_mixin.py:188} INFO - [2025-10-24T11:36:46.741+0000] {dag.py:3954} INFO - Setting next_dagrun for silver_layer_dag to None, run_after=None
[2025-10-24T11:36:46.754+0000] {processor.py:183} INFO - Processing /opt/airflow/dags/silver_layer_dag.py took 0.156 seconds
[2025-10-24T11:37:16.818+0000] {processor.py:161} INFO - Started process (PID=97) to work on /opt/airflow/dags/silver_layer_dag.py
[2025-10-24T11:37:16.819+0000] {processor.py:830} INFO - Processing file /opt/airflow/dags/silver_layer_dag.py for tasks to queue
[2025-10-24T11:37:16.820+0000] {logging_mixin.py:188} INFO - [2025-10-24T11:37:16.820+0000] {dagbag.py:540} INFO - Filling up the DagBag from /opt/airflow/dags/silver_layer_dag.py
[2025-10-24T11:37:16.936+0000] {processor.py:840} INFO - DAG(s) 'silver_layer_dag' retrieved from /opt/airflow/dags/silver_layer_dag.py
[2025-10-24T11:37:16.958+0000] {logging_mixin.py:188} INFO - [2025-10-24T11:37:16.958+0000] {dag.py:3096} INFO - Sync 1 DAGs
[2025-10-24T11:37:16.969+0000] {logging_mixin.py:188} INFO - [2025-10-24T11:37:16.969+0000] {dag.py:3954} INFO - Setting next_dagrun for silver_layer_dag to None, run_after=None
[2025-10-24T11:37:16.983+0000] {processor.py:183} INFO - Processing /opt/airflow/dags/silver_layer_dag.py took 0.169 seconds
[2025-10-24T11:37:48.258+0000] {processor.py:161} INFO - Started process (PID=102) to work on /opt/airflow/dags/silver_layer_dag.py
[2025-10-24T11:37:48.259+0000] {processor.py:830} INFO - Processing file /opt/airflow/dags/silver_layer_dag.py for tasks to queue
[2025-10-24T11:37:48.261+0000] {logging_mixin.py:188} INFO - [2025-10-24T11:37:48.260+0000] {dagbag.py:540} INFO - Filling up the DagBag from /opt/airflow/dags/silver_layer_dag.py
[2025-10-24T11:37:48.389+0000] {processor.py:840} INFO - DAG(s) 'silver_layer_dag' retrieved from /opt/airflow/dags/silver_layer_dag.py
[2025-10-24T11:37:48.404+0000] {logging_mixin.py:188} INFO - [2025-10-24T11:37:48.404+0000] {dag.py:3096} INFO - Sync 1 DAGs
[2025-10-24T11:37:48.540+0000] {logging_mixin.py:188} INFO - [2025-10-24T11:37:48.539+0000] {dag.py:3954} INFO - Setting next_dagrun for silver_layer_dag to None, run_after=None
[2025-10-24T11:37:48.552+0000] {processor.py:183} INFO - Processing /opt/airflow/dags/silver_layer_dag.py took 0.299 seconds
[2025-10-24T11:38:20.544+0000] {processor.py:161} INFO - Started process (PID=108) to work on /opt/airflow/dags/silver_layer_dag.py
[2025-10-24T11:38:20.545+0000] {processor.py:830} INFO - Processing file /opt/airflow/dags/silver_layer_dag.py for tasks to queue
[2025-10-24T11:38:20.546+0000] {logging_mixin.py:188} INFO - [2025-10-24T11:38:20.546+0000] {dagbag.py:540} INFO - Filling up the DagBag from /opt/airflow/dags/silver_layer_dag.py
[2025-10-24T11:38:20.773+0000] {processor.py:840} INFO - DAG(s) 'silver_layer_dag' retrieved from /opt/airflow/dags/silver_layer_dag.py
[2025-10-24T11:38:20.787+0000] {logging_mixin.py:188} INFO - [2025-10-24T11:38:20.786+0000] {dag.py:3096} INFO - Sync 1 DAGs
[2025-10-24T11:38:20.794+0000] {logging_mixin.py:188} INFO - [2025-10-24T11:38:20.794+0000] {dag.py:3954} INFO - Setting next_dagrun for silver_layer_dag to None, run_after=None
[2025-10-24T11:38:20.806+0000] {processor.py:183} INFO - Processing /opt/airflow/dags/silver_layer_dag.py took 0.266 seconds
[2025-10-24T11:38:51.707+0000] {processor.py:161} INFO - Started process (PID=115) to work on /opt/airflow/dags/silver_layer_dag.py
[2025-10-24T11:38:51.708+0000] {processor.py:830} INFO - Processing file /opt/airflow/dags/silver_layer_dag.py for tasks to queue
[2025-10-24T11:38:51.710+0000] {logging_mixin.py:188} INFO - [2025-10-24T11:38:51.710+0000] {dagbag.py:540} INFO - Filling up the DagBag from /opt/airflow/dags/silver_layer_dag.py
[2025-10-24T11:38:51.822+0000] {processor.py:840} INFO - DAG(s) 'silver_layer_dag' retrieved from /opt/airflow/dags/silver_layer_dag.py
[2025-10-24T11:38:51.840+0000] {logging_mixin.py:188} INFO - [2025-10-24T11:38:51.839+0000] {dag.py:3096} INFO - Sync 1 DAGs
[2025-10-24T11:38:51.848+0000] {logging_mixin.py:188} INFO - [2025-10-24T11:38:51.848+0000] {dag.py:3954} INFO - Setting next_dagrun for silver_layer_dag to None, run_after=None
[2025-10-24T11:38:51.861+0000] {processor.py:183} INFO - Processing /opt/airflow/dags/silver_layer_dag.py took 0.158 seconds
[2025-10-24T11:39:25.245+0000] {processor.py:161} INFO - Started process (PID=121) to work on /opt/airflow/dags/silver_layer_dag.py
[2025-10-24T11:39:25.246+0000] {processor.py:830} INFO - Processing file /opt/airflow/dags/silver_layer_dag.py for tasks to queue
[2025-10-24T11:39:25.248+0000] {logging_mixin.py:188} INFO - [2025-10-24T11:39:25.248+0000] {dagbag.py:540} INFO - Filling up the DagBag from /opt/airflow/dags/silver_layer_dag.py
[2025-10-24T11:39:25.564+0000] {processor.py:840} INFO - DAG(s) 'silver_layer_dag' retrieved from /opt/airflow/dags/silver_layer_dag.py
[2025-10-24T11:39:25.582+0000] {logging_mixin.py:188} INFO - [2025-10-24T11:39:25.581+0000] {dag.py:3096} INFO - Sync 1 DAGs
[2025-10-24T11:39:25.592+0000] {logging_mixin.py:188} INFO - [2025-10-24T11:39:25.592+0000] {dag.py:3954} INFO - Setting next_dagrun for silver_layer_dag to None, run_after=None
[2025-10-24T11:39:25.607+0000] {processor.py:183} INFO - Processing /opt/airflow/dags/silver_layer_dag.py took 0.368 seconds
[2025-10-24T11:39:57.431+0000] {processor.py:161} INFO - Started process (PID=127) to work on /opt/airflow/dags/silver_layer_dag.py
[2025-10-24T11:39:57.432+0000] {processor.py:830} INFO - Processing file /opt/airflow/dags/silver_layer_dag.py for tasks to queue
[2025-10-24T11:39:57.434+0000] {logging_mixin.py:188} INFO - [2025-10-24T11:39:57.433+0000] {dagbag.py:540} INFO - Filling up the DagBag from /opt/airflow/dags/silver_layer_dag.py
[2025-10-24T11:39:57.552+0000] {processor.py:840} INFO - DAG(s) 'silver_layer_dag' retrieved from /opt/airflow/dags/silver_layer_dag.py
[2025-10-24T11:39:57.751+0000] {logging_mixin.py:188} INFO - [2025-10-24T11:39:57.751+0000] {dag.py:3096} INFO - Sync 1 DAGs
[2025-10-24T11:39:57.761+0000] {logging_mixin.py:188} INFO - [2025-10-24T11:39:57.761+0000] {dag.py:3954} INFO - Setting next_dagrun for silver_layer_dag to None, run_after=None
[2025-10-24T11:39:57.775+0000] {processor.py:183} INFO - Processing /opt/airflow/dags/silver_layer_dag.py took 0.349 seconds
[2025-10-24T11:40:30.129+0000] {processor.py:161} INFO - Started process (PID=133) to work on /opt/airflow/dags/silver_layer_dag.py
[2025-10-24T11:40:30.130+0000] {processor.py:830} INFO - Processing file /opt/airflow/dags/silver_layer_dag.py for tasks to queue
[2025-10-24T11:40:30.131+0000] {logging_mixin.py:188} INFO - [2025-10-24T11:40:30.131+0000] {dagbag.py:540} INFO - Filling up the DagBag from /opt/airflow/dags/silver_layer_dag.py
[2025-10-24T11:40:30.404+0000] {processor.py:840} INFO - DAG(s) 'silver_layer_dag' retrieved from /opt/airflow/dags/silver_layer_dag.py
[2025-10-24T11:40:30.419+0000] {logging_mixin.py:188} INFO - [2025-10-24T11:40:30.419+0000] {dag.py:3096} INFO - Sync 1 DAGs
[2025-10-24T11:40:30.428+0000] {logging_mixin.py:188} INFO - [2025-10-24T11:40:30.427+0000] {dag.py:3954} INFO - Setting next_dagrun for silver_layer_dag to None, run_after=None
[2025-10-24T11:40:30.441+0000] {processor.py:183} INFO - Processing /opt/airflow/dags/silver_layer_dag.py took 0.317 seconds
[2025-10-24T11:41:02.454+0000] {processor.py:161} INFO - Started process (PID=139) to work on /opt/airflow/dags/silver_layer_dag.py
[2025-10-24T11:41:02.454+0000] {processor.py:830} INFO - Processing file /opt/airflow/dags/silver_layer_dag.py for tasks to queue
[2025-10-24T11:41:02.456+0000] {logging_mixin.py:188} INFO - [2025-10-24T11:41:02.456+0000] {dagbag.py:540} INFO - Filling up the DagBag from /opt/airflow/dags/silver_layer_dag.py
[2025-10-24T11:41:02.714+0000] {processor.py:840} INFO - DAG(s) 'silver_layer_dag' retrieved from /opt/airflow/dags/silver_layer_dag.py
[2025-10-24T11:41:02.729+0000] {logging_mixin.py:188} INFO - [2025-10-24T11:41:02.729+0000] {dag.py:3096} INFO - Sync 1 DAGs
[2025-10-24T11:41:02.736+0000] {logging_mixin.py:188} INFO - [2025-10-24T11:41:02.736+0000] {dag.py:3954} INFO - Setting next_dagrun for silver_layer_dag to None, run_after=None
[2025-10-24T11:41:02.749+0000] {processor.py:183} INFO - Processing /opt/airflow/dags/silver_layer_dag.py took 0.300 seconds
[2025-10-24T11:41:33.450+0000] {processor.py:161} INFO - Started process (PID=145) to work on /opt/airflow/dags/silver_layer_dag.py
[2025-10-24T11:41:33.450+0000] {processor.py:830} INFO - Processing file /opt/airflow/dags/silver_layer_dag.py for tasks to queue
[2025-10-24T11:41:33.452+0000] {logging_mixin.py:188} INFO - [2025-10-24T11:41:33.451+0000] {dagbag.py:540} INFO - Filling up the DagBag from /opt/airflow/dags/silver_layer_dag.py
[2025-10-24T11:41:33.566+0000] {processor.py:840} INFO - DAG(s) 'silver_layer_dag' retrieved from /opt/airflow/dags/silver_layer_dag.py
[2025-10-24T11:41:33.585+0000] {logging_mixin.py:188} INFO - [2025-10-24T11:41:33.585+0000] {dag.py:3096} INFO - Sync 1 DAGs
[2025-10-24T11:41:33.739+0000] {logging_mixin.py:188} INFO - [2025-10-24T11:41:33.739+0000] {dag.py:3954} INFO - Setting next_dagrun for silver_layer_dag to None, run_after=None
[2025-10-24T11:41:33.753+0000] {processor.py:183} INFO - Processing /opt/airflow/dags/silver_layer_dag.py took 0.307 seconds
[2025-10-24T11:42:03.911+0000] {processor.py:161} INFO - Started process (PID=150) to work on /opt/airflow/dags/silver_layer_dag.py
[2025-10-24T11:42:03.912+0000] {processor.py:830} INFO - Processing file /opt/airflow/dags/silver_layer_dag.py for tasks to queue
[2025-10-24T11:42:03.914+0000] {logging_mixin.py:188} INFO - [2025-10-24T11:42:03.914+0000] {dagbag.py:540} INFO - Filling up the DagBag from /opt/airflow/dags/silver_layer_dag.py
[2025-10-24T11:42:04.161+0000] {processor.py:840} INFO - DAG(s) 'silver_layer_dag' retrieved from /opt/airflow/dags/silver_layer_dag.py
[2025-10-24T11:42:04.180+0000] {logging_mixin.py:188} INFO - [2025-10-24T11:42:04.179+0000] {dag.py:3096} INFO - Sync 1 DAGs
[2025-10-24T11:42:04.189+0000] {logging_mixin.py:188} INFO - [2025-10-24T11:42:04.188+0000] {dag.py:3954} INFO - Setting next_dagrun for silver_layer_dag to None, run_after=None
[2025-10-24T11:42:04.203+0000] {processor.py:183} INFO - Processing /opt/airflow/dags/silver_layer_dag.py took 0.296 seconds
[2025-10-24T11:42:34.783+0000] {processor.py:161} INFO - Started process (PID=157) to work on /opt/airflow/dags/silver_layer_dag.py
[2025-10-24T11:42:34.784+0000] {processor.py:830} INFO - Processing file /opt/airflow/dags/silver_layer_dag.py for tasks to queue
[2025-10-24T11:42:34.786+0000] {logging_mixin.py:188} INFO - [2025-10-24T11:42:34.785+0000] {dagbag.py:540} INFO - Filling up the DagBag from /opt/airflow/dags/silver_layer_dag.py
[2025-10-24T11:42:35.053+0000] {processor.py:840} INFO - DAG(s) 'silver_layer_dag' retrieved from /opt/airflow/dags/silver_layer_dag.py
[2025-10-24T11:42:35.072+0000] {logging_mixin.py:188} INFO - [2025-10-24T11:42:35.072+0000] {dag.py:3096} INFO - Sync 1 DAGs
[2025-10-24T11:42:35.081+0000] {logging_mixin.py:188} INFO - [2025-10-24T11:42:35.081+0000] {dag.py:3954} INFO - Setting next_dagrun for silver_layer_dag to None, run_after=None
[2025-10-24T11:42:35.098+0000] {processor.py:183} INFO - Processing /opt/airflow/dags/silver_layer_dag.py took 0.319 seconds
[2025-10-24T11:43:05.320+0000] {processor.py:161} INFO - Started process (PID=162) to work on /opt/airflow/dags/silver_layer_dag.py
[2025-10-24T11:43:05.321+0000] {processor.py:830} INFO - Processing file /opt/airflow/dags/silver_layer_dag.py for tasks to queue
[2025-10-24T11:43:05.322+0000] {logging_mixin.py:188} INFO - [2025-10-24T11:43:05.322+0000] {dagbag.py:540} INFO - Filling up the DagBag from /opt/airflow/dags/silver_layer_dag.py
[2025-10-24T11:43:05.598+0000] {processor.py:840} INFO - DAG(s) 'silver_layer_dag' retrieved from /opt/airflow/dags/silver_layer_dag.py
[2025-10-24T11:43:05.612+0000] {logging_mixin.py:188} INFO - [2025-10-24T11:43:05.612+0000] {dag.py:3096} INFO - Sync 1 DAGs
[2025-10-24T11:43:05.619+0000] {logging_mixin.py:188} INFO - [2025-10-24T11:43:05.619+0000] {dag.py:3954} INFO - Setting next_dagrun for silver_layer_dag to None, run_after=None
[2025-10-24T11:43:05.633+0000] {processor.py:183} INFO - Processing /opt/airflow/dags/silver_layer_dag.py took 0.318 seconds
[2025-10-24T11:43:35.939+0000] {processor.py:161} INFO - Started process (PID=168) to work on /opt/airflow/dags/silver_layer_dag.py
[2025-10-24T11:43:35.940+0000] {processor.py:830} INFO - Processing file /opt/airflow/dags/silver_layer_dag.py for tasks to queue
[2025-10-24T11:43:35.941+0000] {logging_mixin.py:188} INFO - [2025-10-24T11:43:35.941+0000] {dagbag.py:540} INFO - Filling up the DagBag from /opt/airflow/dags/silver_layer_dag.py
[2025-10-24T11:43:36.174+0000] {processor.py:840} INFO - DAG(s) 'silver_layer_dag' retrieved from /opt/airflow/dags/silver_layer_dag.py
[2025-10-24T11:43:36.188+0000] {logging_mixin.py:188} INFO - [2025-10-24T11:43:36.188+0000] {dag.py:3096} INFO - Sync 1 DAGs
[2025-10-24T11:43:36.195+0000] {logging_mixin.py:188} INFO - [2025-10-24T11:43:36.195+0000] {dag.py:3954} INFO - Setting next_dagrun for silver_layer_dag to None, run_after=None
[2025-10-24T11:43:36.207+0000] {processor.py:183} INFO - Processing /opt/airflow/dags/silver_layer_dag.py took 0.273 seconds
[2025-10-24T11:44:06.541+0000] {processor.py:161} INFO - Started process (PID=174) to work on /opt/airflow/dags/silver_layer_dag.py
[2025-10-24T11:44:06.542+0000] {processor.py:830} INFO - Processing file /opt/airflow/dags/silver_layer_dag.py for tasks to queue
[2025-10-24T11:44:06.544+0000] {logging_mixin.py:188} INFO - [2025-10-24T11:44:06.543+0000] {dagbag.py:540} INFO - Filling up the DagBag from /opt/airflow/dags/silver_layer_dag.py
[2025-10-24T11:44:06.790+0000] {processor.py:840} INFO - DAG(s) 'silver_layer_dag' retrieved from /opt/airflow/dags/silver_layer_dag.py
[2025-10-24T11:44:06.804+0000] {logging_mixin.py:188} INFO - [2025-10-24T11:44:06.804+0000] {dag.py:3096} INFO - Sync 1 DAGs
[2025-10-24T11:44:06.811+0000] {logging_mixin.py:188} INFO - [2025-10-24T11:44:06.811+0000] {dag.py:3954} INFO - Setting next_dagrun for silver_layer_dag to None, run_after=None
[2025-10-24T11:44:06.823+0000] {processor.py:183} INFO - Processing /opt/airflow/dags/silver_layer_dag.py took 0.286 seconds
[2025-10-24T11:44:37.080+0000] {processor.py:161} INFO - Started process (PID=180) to work on /opt/airflow/dags/silver_layer_dag.py
[2025-10-24T11:44:37.081+0000] {processor.py:830} INFO - Processing file /opt/airflow/dags/silver_layer_dag.py for tasks to queue
[2025-10-24T11:44:37.082+0000] {logging_mixin.py:188} INFO - [2025-10-24T11:44:37.082+0000] {dagbag.py:540} INFO - Filling up the DagBag from /opt/airflow/dags/silver_layer_dag.py
[2025-10-24T11:44:37.337+0000] {processor.py:840} INFO - DAG(s) 'silver_layer_dag' retrieved from /opt/airflow/dags/silver_layer_dag.py
[2025-10-24T11:44:37.352+0000] {logging_mixin.py:188} INFO - [2025-10-24T11:44:37.352+0000] {dag.py:3096} INFO - Sync 1 DAGs
[2025-10-24T11:44:37.360+0000] {logging_mixin.py:188} INFO - [2025-10-24T11:44:37.359+0000] {dag.py:3954} INFO - Setting next_dagrun for silver_layer_dag to None, run_after=None
[2025-10-24T11:44:37.372+0000] {processor.py:183} INFO - Processing /opt/airflow/dags/silver_layer_dag.py took 0.297 seconds
[2025-10-24T11:45:07.489+0000] {processor.py:161} INFO - Started process (PID=187) to work on /opt/airflow/dags/silver_layer_dag.py
[2025-10-24T11:45:07.490+0000] {processor.py:830} INFO - Processing file /opt/airflow/dags/silver_layer_dag.py for tasks to queue
[2025-10-24T11:45:07.491+0000] {logging_mixin.py:188} INFO - [2025-10-24T11:45:07.491+0000] {dagbag.py:540} INFO - Filling up the DagBag from /opt/airflow/dags/silver_layer_dag.py
[2025-10-24T11:45:07.713+0000] {processor.py:840} INFO - DAG(s) 'silver_layer_dag' retrieved from /opt/airflow/dags/silver_layer_dag.py
[2025-10-24T11:45:07.727+0000] {logging_mixin.py:188} INFO - [2025-10-24T11:45:07.727+0000] {dag.py:3096} INFO - Sync 1 DAGs
[2025-10-24T11:45:07.733+0000] {logging_mixin.py:188} INFO - [2025-10-24T11:45:07.733+0000] {dag.py:3954} INFO - Setting next_dagrun for silver_layer_dag to None, run_after=None
[2025-10-24T11:45:07.745+0000] {processor.py:183} INFO - Processing /opt/airflow/dags/silver_layer_dag.py took 0.260 seconds
[2025-10-24T11:45:37.859+0000] {processor.py:161} INFO - Started process (PID=193) to work on /opt/airflow/dags/silver_layer_dag.py
[2025-10-24T11:45:37.860+0000] {processor.py:830} INFO - Processing file /opt/airflow/dags/silver_layer_dag.py for tasks to queue
[2025-10-24T11:45:37.862+0000] {logging_mixin.py:188} INFO - [2025-10-24T11:45:37.862+0000] {dagbag.py:540} INFO - Filling up the DagBag from /opt/airflow/dags/silver_layer_dag.py
[2025-10-24T11:45:38.074+0000] {processor.py:840} INFO - DAG(s) 'silver_layer_dag' retrieved from /opt/airflow/dags/silver_layer_dag.py
[2025-10-24T11:45:38.087+0000] {logging_mixin.py:188} INFO - [2025-10-24T11:45:38.087+0000] {dag.py:3096} INFO - Sync 1 DAGs
[2025-10-24T11:45:38.094+0000] {logging_mixin.py:188} INFO - [2025-10-24T11:45:38.094+0000] {dag.py:3954} INFO - Setting next_dagrun for silver_layer_dag to None, run_after=None
[2025-10-24T11:45:38.106+0000] {processor.py:183} INFO - Processing /opt/airflow/dags/silver_layer_dag.py took 0.250 seconds
[2025-10-24T11:46:08.371+0000] {processor.py:161} INFO - Started process (PID=198) to work on /opt/airflow/dags/silver_layer_dag.py
[2025-10-24T11:46:08.372+0000] {processor.py:830} INFO - Processing file /opt/airflow/dags/silver_layer_dag.py for tasks to queue
[2025-10-24T11:46:08.373+0000] {logging_mixin.py:188} INFO - [2025-10-24T11:46:08.373+0000] {dagbag.py:540} INFO - Filling up the DagBag from /opt/airflow/dags/silver_layer_dag.py
[2025-10-24T11:46:08.600+0000] {processor.py:840} INFO - DAG(s) 'silver_layer_dag' retrieved from /opt/airflow/dags/silver_layer_dag.py
[2025-10-24T11:46:08.613+0000] {logging_mixin.py:188} INFO - [2025-10-24T11:46:08.613+0000] {dag.py:3096} INFO - Sync 1 DAGs
[2025-10-24T11:46:08.620+0000] {logging_mixin.py:188} INFO - [2025-10-24T11:46:08.620+0000] {dag.py:3954} INFO - Setting next_dagrun for silver_layer_dag to None, run_after=None
[2025-10-24T11:46:08.633+0000] {processor.py:183} INFO - Processing /opt/airflow/dags/silver_layer_dag.py took 0.266 seconds
[2025-10-24T11:46:38.868+0000] {processor.py:161} INFO - Started process (PID=204) to work on /opt/airflow/dags/silver_layer_dag.py
[2025-10-24T11:46:38.869+0000] {processor.py:830} INFO - Processing file /opt/airflow/dags/silver_layer_dag.py for tasks to queue
[2025-10-24T11:46:38.873+0000] {logging_mixin.py:188} INFO - [2025-10-24T11:46:38.873+0000] {dagbag.py:540} INFO - Filling up the DagBag from /opt/airflow/dags/silver_layer_dag.py
[2025-10-24T11:46:39.143+0000] {processor.py:840} INFO - DAG(s) 'silver_layer_dag' retrieved from /opt/airflow/dags/silver_layer_dag.py
[2025-10-24T11:46:39.158+0000] {logging_mixin.py:188} INFO - [2025-10-24T11:46:39.158+0000] {dag.py:3096} INFO - Sync 1 DAGs
[2025-10-24T11:46:39.165+0000] {logging_mixin.py:188} INFO - [2025-10-24T11:46:39.165+0000] {dag.py:3954} INFO - Setting next_dagrun for silver_layer_dag to None, run_after=None
[2025-10-24T11:46:39.177+0000] {processor.py:183} INFO - Processing /opt/airflow/dags/silver_layer_dag.py took 0.316 seconds
[2025-10-24T11:47:09.374+0000] {processor.py:161} INFO - Started process (PID=211) to work on /opt/airflow/dags/silver_layer_dag.py
[2025-10-24T11:47:09.375+0000] {processor.py:830} INFO - Processing file /opt/airflow/dags/silver_layer_dag.py for tasks to queue
[2025-10-24T11:47:09.376+0000] {logging_mixin.py:188} INFO - [2025-10-24T11:47:09.376+0000] {dagbag.py:540} INFO - Filling up the DagBag from /opt/airflow/dags/silver_layer_dag.py
[2025-10-24T11:47:09.642+0000] {processor.py:840} INFO - DAG(s) 'silver_layer_dag' retrieved from /opt/airflow/dags/silver_layer_dag.py
[2025-10-24T11:47:09.660+0000] {logging_mixin.py:188} INFO - [2025-10-24T11:47:09.659+0000] {dag.py:3096} INFO - Sync 1 DAGs
[2025-10-24T11:47:09.668+0000] {logging_mixin.py:188} INFO - [2025-10-24T11:47:09.668+0000] {dag.py:3954} INFO - Setting next_dagrun for silver_layer_dag to None, run_after=None
[2025-10-24T11:47:09.682+0000] {processor.py:183} INFO - Processing /opt/airflow/dags/silver_layer_dag.py took 0.313 seconds
[2025-10-24T11:47:40.045+0000] {processor.py:161} INFO - Started process (PID=216) to work on /opt/airflow/dags/silver_layer_dag.py
[2025-10-24T11:47:40.045+0000] {processor.py:830} INFO - Processing file /opt/airflow/dags/silver_layer_dag.py for tasks to queue
[2025-10-24T11:47:40.047+0000] {logging_mixin.py:188} INFO - [2025-10-24T11:47:40.047+0000] {dagbag.py:540} INFO - Filling up the DagBag from /opt/airflow/dags/silver_layer_dag.py
[2025-10-24T11:47:40.359+0000] {processor.py:840} INFO - DAG(s) 'silver_layer_dag' retrieved from /opt/airflow/dags/silver_layer_dag.py
[2025-10-24T11:47:40.381+0000] {logging_mixin.py:188} INFO - [2025-10-24T11:47:40.380+0000] {dag.py:3096} INFO - Sync 1 DAGs
[2025-10-24T11:47:40.392+0000] {logging_mixin.py:188} INFO - [2025-10-24T11:47:40.392+0000] {dag.py:3954} INFO - Setting next_dagrun for silver_layer_dag to None, run_after=None
[2025-10-24T11:47:40.412+0000] {processor.py:183} INFO - Processing /opt/airflow/dags/silver_layer_dag.py took 0.371 seconds
[2025-10-24T11:48:10.573+0000] {processor.py:161} INFO - Started process (PID=222) to work on /opt/airflow/dags/silver_layer_dag.py
[2025-10-24T11:48:10.574+0000] {processor.py:830} INFO - Processing file /opt/airflow/dags/silver_layer_dag.py for tasks to queue
[2025-10-24T11:48:10.576+0000] {logging_mixin.py:188} INFO - [2025-10-24T11:48:10.576+0000] {dagbag.py:540} INFO - Filling up the DagBag from /opt/airflow/dags/silver_layer_dag.py
[2025-10-24T11:48:10.835+0000] {processor.py:840} INFO - DAG(s) 'silver_layer_dag' retrieved from /opt/airflow/dags/silver_layer_dag.py
[2025-10-24T11:48:10.849+0000] {logging_mixin.py:188} INFO - [2025-10-24T11:48:10.849+0000] {dag.py:3096} INFO - Sync 1 DAGs
[2025-10-24T11:48:10.857+0000] {logging_mixin.py:188} INFO - [2025-10-24T11:48:10.857+0000] {dag.py:3954} INFO - Setting next_dagrun for silver_layer_dag to None, run_after=None
[2025-10-24T11:48:10.870+0000] {processor.py:183} INFO - Processing /opt/airflow/dags/silver_layer_dag.py took 0.303 seconds
[2025-10-24T11:48:41.043+0000] {processor.py:161} INFO - Started process (PID=231) to work on /opt/airflow/dags/silver_layer_dag.py
[2025-10-24T11:48:41.044+0000] {processor.py:830} INFO - Processing file /opt/airflow/dags/silver_layer_dag.py for tasks to queue
[2025-10-24T11:48:41.046+0000] {logging_mixin.py:188} INFO - [2025-10-24T11:48:41.046+0000] {dagbag.py:540} INFO - Filling up the DagBag from /opt/airflow/dags/silver_layer_dag.py
[2025-10-24T11:48:41.270+0000] {processor.py:840} INFO - DAG(s) 'silver_layer_dag' retrieved from /opt/airflow/dags/silver_layer_dag.py
[2025-10-24T11:48:41.284+0000] {logging_mixin.py:188} INFO - [2025-10-24T11:48:41.284+0000] {dag.py:3096} INFO - Sync 1 DAGs
[2025-10-24T11:48:41.291+0000] {logging_mixin.py:188} INFO - [2025-10-24T11:48:41.291+0000] {dag.py:3954} INFO - Setting next_dagrun for silver_layer_dag to None, run_after=None
[2025-10-24T11:48:41.304+0000] {processor.py:183} INFO - Processing /opt/airflow/dags/silver_layer_dag.py took 0.264 seconds
[2025-10-24T11:49:32.464+0000] {processor.py:161} INFO - Started process (PID=55) to work on /opt/airflow/dags/silver_layer_dag.py
[2025-10-24T11:49:32.465+0000] {processor.py:830} INFO - Processing file /opt/airflow/dags/silver_layer_dag.py for tasks to queue
[2025-10-24T11:49:32.466+0000] {logging_mixin.py:188} INFO - [2025-10-24T11:49:32.466+0000] {dagbag.py:540} INFO - Filling up the DagBag from /opt/airflow/dags/silver_layer_dag.py
[2025-10-24T11:49:32.594+0000] {processor.py:840} INFO - DAG(s) 'silver_layer_dag' retrieved from /opt/airflow/dags/silver_layer_dag.py
[2025-10-24T11:49:32.713+0000] {logging_mixin.py:188} INFO - [2025-10-24T11:49:32.712+0000] {dag.py:3096} INFO - Sync 1 DAGs
[2025-10-24T11:49:32.721+0000] {logging_mixin.py:188} INFO - [2025-10-24T11:49:32.721+0000] {dag.py:3954} INFO - Setting next_dagrun for silver_layer_dag to None, run_after=None
[2025-10-24T11:49:32.737+0000] {processor.py:183} INFO - Processing /opt/airflow/dags/silver_layer_dag.py took 0.277 seconds
[2025-10-24T11:50:02.857+0000] {processor.py:161} INFO - Started process (PID=60) to work on /opt/airflow/dags/silver_layer_dag.py
[2025-10-24T11:50:02.859+0000] {processor.py:830} INFO - Processing file /opt/airflow/dags/silver_layer_dag.py for tasks to queue
[2025-10-24T11:50:02.860+0000] {logging_mixin.py:188} INFO - [2025-10-24T11:50:02.860+0000] {dagbag.py:540} INFO - Filling up the DagBag from /opt/airflow/dags/silver_layer_dag.py
[2025-10-24T11:50:02.987+0000] {processor.py:840} INFO - DAG(s) 'silver_layer_dag' retrieved from /opt/airflow/dags/silver_layer_dag.py
[2025-10-24T11:50:03.005+0000] {logging_mixin.py:188} INFO - [2025-10-24T11:50:03.005+0000] {dag.py:3096} INFO - Sync 1 DAGs
[2025-10-24T11:50:03.015+0000] {logging_mixin.py:188} INFO - [2025-10-24T11:50:03.015+0000] {dag.py:3954} INFO - Setting next_dagrun for silver_layer_dag to None, run_after=None
[2025-10-24T11:50:03.030+0000] {processor.py:183} INFO - Processing /opt/airflow/dags/silver_layer_dag.py took 0.177 seconds
[2025-10-24T11:50:33.362+0000] {processor.py:161} INFO - Started process (PID=66) to work on /opt/airflow/dags/silver_layer_dag.py
[2025-10-24T11:50:33.363+0000] {processor.py:830} INFO - Processing file /opt/airflow/dags/silver_layer_dag.py for tasks to queue
[2025-10-24T11:50:33.364+0000] {logging_mixin.py:188} INFO - [2025-10-24T11:50:33.364+0000] {dagbag.py:540} INFO - Filling up the DagBag from /opt/airflow/dags/silver_layer_dag.py
[2025-10-24T11:50:33.481+0000] {processor.py:840} INFO - DAG(s) 'silver_layer_dag' retrieved from /opt/airflow/dags/silver_layer_dag.py
[2025-10-24T11:50:33.498+0000] {logging_mixin.py:188} INFO - [2025-10-24T11:50:33.498+0000] {dag.py:3096} INFO - Sync 1 DAGs
[2025-10-24T11:50:33.507+0000] {logging_mixin.py:188} INFO - [2025-10-24T11:50:33.507+0000] {dag.py:3954} INFO - Setting next_dagrun for silver_layer_dag to None, run_after=None
[2025-10-24T11:50:33.521+0000] {processor.py:183} INFO - Processing /opt/airflow/dags/silver_layer_dag.py took 0.163 seconds
[2025-10-24T12:05:23.185+0000] {processor.py:161} INFO - Started process (PID=85) to work on /opt/airflow/dags/silver_layer_dag.py
[2025-10-24T12:05:23.186+0000] {processor.py:830} INFO - Processing file /opt/airflow/dags/silver_layer_dag.py for tasks to queue
[2025-10-24T12:05:23.188+0000] {logging_mixin.py:188} INFO - [2025-10-24T12:05:23.188+0000] {dagbag.py:540} INFO - Filling up the DagBag from /opt/airflow/dags/silver_layer_dag.py
[2025-10-24T12:05:23.387+0000] {processor.py:840} INFO - DAG(s) 'silver_layer_dag' retrieved from /opt/airflow/dags/silver_layer_dag.py
[2025-10-24T12:05:23.540+0000] {logging_mixin.py:188} INFO - [2025-10-24T12:05:23.539+0000] {dag.py:3096} INFO - Sync 1 DAGs
[2025-10-24T12:05:23.547+0000] {logging_mixin.py:188} INFO - [2025-10-24T12:05:23.547+0000] {dag.py:3954} INFO - Setting next_dagrun for silver_layer_dag to None, run_after=None
[2025-10-24T12:05:23.561+0000] {processor.py:183} INFO - Processing /opt/airflow/dags/silver_layer_dag.py took 0.380 seconds
[2025-10-24T12:05:54.195+0000] {processor.py:161} INFO - Started process (PID=90) to work on /opt/airflow/dags/silver_layer_dag.py
[2025-10-24T12:05:54.196+0000] {processor.py:830} INFO - Processing file /opt/airflow/dags/silver_layer_dag.py for tasks to queue
[2025-10-24T12:05:54.197+0000] {logging_mixin.py:188} INFO - [2025-10-24T12:05:54.197+0000] {dagbag.py:540} INFO - Filling up the DagBag from /opt/airflow/dags/silver_layer_dag.py
[2025-10-24T12:05:54.354+0000] {processor.py:840} INFO - DAG(s) 'silver_layer_dag' retrieved from /opt/airflow/dags/silver_layer_dag.py
[2025-10-24T12:05:54.383+0000] {logging_mixin.py:188} INFO - [2025-10-24T12:05:54.383+0000] {dag.py:3096} INFO - Sync 1 DAGs
[2025-10-24T12:05:54.399+0000] {logging_mixin.py:188} INFO - [2025-10-24T12:05:54.399+0000] {dag.py:3954} INFO - Setting next_dagrun for silver_layer_dag to None, run_after=None
[2025-10-24T12:05:54.416+0000] {processor.py:183} INFO - Processing /opt/airflow/dags/silver_layer_dag.py took 0.226 seconds
[2025-10-24T12:06:25.221+0000] {processor.py:161} INFO - Started process (PID=97) to work on /opt/airflow/dags/silver_layer_dag.py
[2025-10-24T12:06:25.222+0000] {processor.py:830} INFO - Processing file /opt/airflow/dags/silver_layer_dag.py for tasks to queue
[2025-10-24T12:06:25.224+0000] {logging_mixin.py:188} INFO - [2025-10-24T12:06:25.224+0000] {dagbag.py:540} INFO - Filling up the DagBag from /opt/airflow/dags/silver_layer_dag.py
[2025-10-24T12:06:25.368+0000] {processor.py:840} INFO - DAG(s) 'silver_layer_dag' retrieved from /opt/airflow/dags/silver_layer_dag.py
[2025-10-24T12:06:25.390+0000] {logging_mixin.py:188} INFO - [2025-10-24T12:06:25.389+0000] {dag.py:3096} INFO - Sync 1 DAGs
[2025-10-24T12:06:25.400+0000] {logging_mixin.py:188} INFO - [2025-10-24T12:06:25.400+0000] {dag.py:3954} INFO - Setting next_dagrun for silver_layer_dag to None, run_after=None
[2025-10-24T12:06:25.416+0000] {processor.py:183} INFO - Processing /opt/airflow/dags/silver_layer_dag.py took 0.199 seconds
[2025-10-24T12:06:55.749+0000] {processor.py:161} INFO - Started process (PID=102) to work on /opt/airflow/dags/silver_layer_dag.py
[2025-10-24T12:06:55.762+0000] {processor.py:830} INFO - Processing file /opt/airflow/dags/silver_layer_dag.py for tasks to queue
[2025-10-24T12:06:55.766+0000] {logging_mixin.py:188} INFO - [2025-10-24T12:06:55.765+0000] {dagbag.py:540} INFO - Filling up the DagBag from /opt/airflow/dags/silver_layer_dag.py
[2025-10-24T12:06:55.907+0000] {processor.py:840} INFO - DAG(s) 'silver_layer_dag' retrieved from /opt/airflow/dags/silver_layer_dag.py
[2025-10-24T12:06:55.929+0000] {logging_mixin.py:188} INFO - [2025-10-24T12:06:55.929+0000] {dag.py:3096} INFO - Sync 1 DAGs
[2025-10-24T12:06:55.941+0000] {logging_mixin.py:188} INFO - [2025-10-24T12:06:55.941+0000] {dag.py:3954} INFO - Setting next_dagrun for silver_layer_dag to None, run_after=None
[2025-10-24T12:06:55.962+0000] {processor.py:183} INFO - Processing /opt/airflow/dags/silver_layer_dag.py took 0.220 seconds
[2025-10-24T12:07:28.428+0000] {processor.py:161} INFO - Started process (PID=109) to work on /opt/airflow/dags/silver_layer_dag.py
[2025-10-24T12:07:28.429+0000] {processor.py:830} INFO - Processing file /opt/airflow/dags/silver_layer_dag.py for tasks to queue
[2025-10-24T12:07:28.430+0000] {logging_mixin.py:188} INFO - [2025-10-24T12:07:28.430+0000] {dagbag.py:540} INFO - Filling up the DagBag from /opt/airflow/dags/silver_layer_dag.py
[2025-10-24T12:07:28.567+0000] {processor.py:840} INFO - DAG(s) 'silver_layer_dag' retrieved from /opt/airflow/dags/silver_layer_dag.py
[2025-10-24T12:07:28.588+0000] {logging_mixin.py:188} INFO - [2025-10-24T12:07:28.588+0000] {dag.py:3096} INFO - Sync 1 DAGs
[2025-10-24T12:07:28.600+0000] {logging_mixin.py:188} INFO - [2025-10-24T12:07:28.600+0000] {dag.py:3954} INFO - Setting next_dagrun for silver_layer_dag to None, run_after=None
[2025-10-24T12:07:28.617+0000] {processor.py:183} INFO - Processing /opt/airflow/dags/silver_layer_dag.py took 0.194 seconds
[2025-10-24T12:08:00.787+0000] {processor.py:161} INFO - Started process (PID=118) to work on /opt/airflow/dags/silver_layer_dag.py
[2025-10-24T12:08:00.788+0000] {processor.py:830} INFO - Processing file /opt/airflow/dags/silver_layer_dag.py for tasks to queue
[2025-10-24T12:08:00.789+0000] {logging_mixin.py:188} INFO - [2025-10-24T12:08:00.789+0000] {dagbag.py:540} INFO - Filling up the DagBag from /opt/airflow/dags/silver_layer_dag.py
[2025-10-24T12:08:00.918+0000] {processor.py:840} INFO - DAG(s) 'silver_layer_dag' retrieved from /opt/airflow/dags/silver_layer_dag.py
[2025-10-24T12:08:00.941+0000] {logging_mixin.py:188} INFO - [2025-10-24T12:08:00.941+0000] {dag.py:3096} INFO - Sync 1 DAGs
[2025-10-24T12:08:00.952+0000] {logging_mixin.py:188} INFO - [2025-10-24T12:08:00.952+0000] {dag.py:3954} INFO - Setting next_dagrun for silver_layer_dag to None, run_after=None
[2025-10-24T12:08:00.970+0000] {processor.py:183} INFO - Processing /opt/airflow/dags/silver_layer_dag.py took 0.187 seconds
[2025-10-24T12:08:33.042+0000] {processor.py:161} INFO - Started process (PID=124) to work on /opt/airflow/dags/silver_layer_dag.py
[2025-10-24T12:08:33.042+0000] {processor.py:830} INFO - Processing file /opt/airflow/dags/silver_layer_dag.py for tasks to queue
[2025-10-24T12:08:33.044+0000] {logging_mixin.py:188} INFO - [2025-10-24T12:08:33.044+0000] {dagbag.py:540} INFO - Filling up the DagBag from /opt/airflow/dags/silver_layer_dag.py
[2025-10-24T12:08:33.170+0000] {processor.py:840} INFO - DAG(s) 'silver_layer_dag' retrieved from /opt/airflow/dags/silver_layer_dag.py
[2025-10-24T12:08:33.195+0000] {logging_mixin.py:188} INFO - [2025-10-24T12:08:33.194+0000] {dag.py:3096} INFO - Sync 1 DAGs
[2025-10-24T12:08:33.207+0000] {logging_mixin.py:188} INFO - [2025-10-24T12:08:33.207+0000] {dag.py:3954} INFO - Setting next_dagrun for silver_layer_dag to None, run_after=None
[2025-10-24T12:08:33.223+0000] {processor.py:183} INFO - Processing /opt/airflow/dags/silver_layer_dag.py took 0.186 seconds
[2025-10-24T12:09:05.344+0000] {processor.py:161} INFO - Started process (PID=130) to work on /opt/airflow/dags/silver_layer_dag.py
[2025-10-24T12:09:05.345+0000] {processor.py:830} INFO - Processing file /opt/airflow/dags/silver_layer_dag.py for tasks to queue
[2025-10-24T12:09:05.346+0000] {logging_mixin.py:188} INFO - [2025-10-24T12:09:05.346+0000] {dagbag.py:540} INFO - Filling up the DagBag from /opt/airflow/dags/silver_layer_dag.py
[2025-10-24T12:09:05.472+0000] {processor.py:840} INFO - DAG(s) 'silver_layer_dag' retrieved from /opt/airflow/dags/silver_layer_dag.py
[2025-10-24T12:09:05.489+0000] {logging_mixin.py:188} INFO - [2025-10-24T12:09:05.489+0000] {dag.py:3096} INFO - Sync 1 DAGs
[2025-10-24T12:09:05.499+0000] {logging_mixin.py:188} INFO - [2025-10-24T12:09:05.499+0000] {dag.py:3954} INFO - Setting next_dagrun for silver_layer_dag to None, run_after=None
[2025-10-24T12:09:05.514+0000] {processor.py:183} INFO - Processing /opt/airflow/dags/silver_layer_dag.py took 0.175 seconds
[2025-10-24T12:09:35.706+0000] {processor.py:161} INFO - Started process (PID=136) to work on /opt/airflow/dags/silver_layer_dag.py
[2025-10-24T12:09:35.707+0000] {processor.py:830} INFO - Processing file /opt/airflow/dags/silver_layer_dag.py for tasks to queue
[2025-10-24T12:09:35.709+0000] {logging_mixin.py:188} INFO - [2025-10-24T12:09:35.708+0000] {dagbag.py:540} INFO - Filling up the DagBag from /opt/airflow/dags/silver_layer_dag.py
[2025-10-24T12:09:35.833+0000] {processor.py:840} INFO - DAG(s) 'silver_layer_dag' retrieved from /opt/airflow/dags/silver_layer_dag.py
[2025-10-24T12:09:35.849+0000] {logging_mixin.py:188} INFO - [2025-10-24T12:09:35.849+0000] {dag.py:3096} INFO - Sync 1 DAGs
[2025-10-24T12:09:35.857+0000] {logging_mixin.py:188} INFO - [2025-10-24T12:09:35.857+0000] {dag.py:3954} INFO - Setting next_dagrun for silver_layer_dag to None, run_after=None
[2025-10-24T12:09:35.871+0000] {processor.py:183} INFO - Processing /opt/airflow/dags/silver_layer_dag.py took 0.170 seconds
[2025-10-24T12:10:08.637+0000] {processor.py:161} INFO - Started process (PID=142) to work on /opt/airflow/dags/silver_layer_dag.py
[2025-10-24T12:10:08.638+0000] {processor.py:830} INFO - Processing file /opt/airflow/dags/silver_layer_dag.py for tasks to queue
[2025-10-24T12:10:08.639+0000] {logging_mixin.py:188} INFO - [2025-10-24T12:10:08.639+0000] {dagbag.py:540} INFO - Filling up the DagBag from /opt/airflow/dags/silver_layer_dag.py
[2025-10-24T12:10:08.767+0000] {processor.py:840} INFO - DAG(s) 'silver_layer_dag' retrieved from /opt/airflow/dags/silver_layer_dag.py
[2025-10-24T12:10:08.788+0000] {logging_mixin.py:188} INFO - [2025-10-24T12:10:08.788+0000] {dag.py:3096} INFO - Sync 1 DAGs
[2025-10-24T12:10:08.799+0000] {logging_mixin.py:188} INFO - [2025-10-24T12:10:08.799+0000] {dag.py:3954} INFO - Setting next_dagrun for silver_layer_dag to None, run_after=None
[2025-10-24T12:10:08.814+0000] {processor.py:183} INFO - Processing /opt/airflow/dags/silver_layer_dag.py took 0.182 seconds
[2025-10-24T12:10:39.293+0000] {processor.py:161} INFO - Started process (PID=148) to work on /opt/airflow/dags/silver_layer_dag.py
[2025-10-24T12:10:39.294+0000] {processor.py:830} INFO - Processing file /opt/airflow/dags/silver_layer_dag.py for tasks to queue
[2025-10-24T12:10:39.296+0000] {logging_mixin.py:188} INFO - [2025-10-24T12:10:39.295+0000] {dagbag.py:540} INFO - Filling up the DagBag from /opt/airflow/dags/silver_layer_dag.py
[2025-10-24T12:10:39.417+0000] {processor.py:840} INFO - DAG(s) 'silver_layer_dag' retrieved from /opt/airflow/dags/silver_layer_dag.py
[2025-10-24T12:10:39.436+0000] {logging_mixin.py:188} INFO - [2025-10-24T12:10:39.436+0000] {dag.py:3096} INFO - Sync 1 DAGs
[2025-10-24T12:10:39.447+0000] {logging_mixin.py:188} INFO - [2025-10-24T12:10:39.447+0000] {dag.py:3954} INFO - Setting next_dagrun for silver_layer_dag to None, run_after=None
[2025-10-24T12:10:39.462+0000] {processor.py:183} INFO - Processing /opt/airflow/dags/silver_layer_dag.py took 0.173 seconds
[2025-10-24T12:11:09.836+0000] {processor.py:161} INFO - Started process (PID=154) to work on /opt/airflow/dags/silver_layer_dag.py
[2025-10-24T12:11:09.837+0000] {processor.py:830} INFO - Processing file /opt/airflow/dags/silver_layer_dag.py for tasks to queue
[2025-10-24T12:11:09.838+0000] {logging_mixin.py:188} INFO - [2025-10-24T12:11:09.838+0000] {dagbag.py:540} INFO - Filling up the DagBag from /opt/airflow/dags/silver_layer_dag.py
[2025-10-24T12:11:09.958+0000] {processor.py:840} INFO - DAG(s) 'silver_layer_dag' retrieved from /opt/airflow/dags/silver_layer_dag.py
[2025-10-24T12:11:09.976+0000] {logging_mixin.py:188} INFO - [2025-10-24T12:11:09.976+0000] {dag.py:3096} INFO - Sync 1 DAGs
[2025-10-24T12:11:09.986+0000] {logging_mixin.py:188} INFO - [2025-10-24T12:11:09.986+0000] {dag.py:3954} INFO - Setting next_dagrun for silver_layer_dag to None, run_after=None
[2025-10-24T12:11:10.001+0000] {processor.py:183} INFO - Processing /opt/airflow/dags/silver_layer_dag.py took 0.169 seconds
[2025-10-24T12:11:40.098+0000] {processor.py:161} INFO - Started process (PID=160) to work on /opt/airflow/dags/silver_layer_dag.py
[2025-10-24T12:11:40.099+0000] {processor.py:830} INFO - Processing file /opt/airflow/dags/silver_layer_dag.py for tasks to queue
[2025-10-24T12:11:40.101+0000] {logging_mixin.py:188} INFO - [2025-10-24T12:11:40.100+0000] {dagbag.py:540} INFO - Filling up the DagBag from /opt/airflow/dags/silver_layer_dag.py
[2025-10-24T12:11:40.230+0000] {processor.py:840} INFO - DAG(s) 'silver_layer_dag' retrieved from /opt/airflow/dags/silver_layer_dag.py
[2025-10-24T12:11:40.250+0000] {logging_mixin.py:188} INFO - [2025-10-24T12:11:40.250+0000] {dag.py:3096} INFO - Sync 1 DAGs
[2025-10-24T12:11:40.261+0000] {logging_mixin.py:188} INFO - [2025-10-24T12:11:40.261+0000] {dag.py:3954} INFO - Setting next_dagrun for silver_layer_dag to None, run_after=None
[2025-10-24T12:11:40.278+0000] {processor.py:183} INFO - Processing /opt/airflow/dags/silver_layer_dag.py took 0.185 seconds
[2025-10-24T12:12:11.282+0000] {processor.py:161} INFO - Started process (PID=166) to work on /opt/airflow/dags/silver_layer_dag.py
[2025-10-24T12:12:11.283+0000] {processor.py:830} INFO - Processing file /opt/airflow/dags/silver_layer_dag.py for tasks to queue
[2025-10-24T12:12:11.285+0000] {logging_mixin.py:188} INFO - [2025-10-24T12:12:11.285+0000] {dagbag.py:540} INFO - Filling up the DagBag from /opt/airflow/dags/silver_layer_dag.py
[2025-10-24T12:12:11.437+0000] {processor.py:840} INFO - DAG(s) 'silver_layer_dag' retrieved from /opt/airflow/dags/silver_layer_dag.py
[2025-10-24T12:12:11.461+0000] {logging_mixin.py:188} INFO - [2025-10-24T12:12:11.460+0000] {dag.py:3096} INFO - Sync 1 DAGs
[2025-10-24T12:12:11.473+0000] {logging_mixin.py:188} INFO - [2025-10-24T12:12:11.473+0000] {dag.py:3954} INFO - Setting next_dagrun for silver_layer_dag to None, run_after=None
[2025-10-24T12:12:11.655+0000] {processor.py:183} INFO - Processing /opt/airflow/dags/silver_layer_dag.py took 0.378 seconds
[2025-10-24T12:12:41.730+0000] {processor.py:161} INFO - Started process (PID=181) to work on /opt/airflow/dags/silver_layer_dag.py
[2025-10-24T12:12:41.731+0000] {processor.py:830} INFO - Processing file /opt/airflow/dags/silver_layer_dag.py for tasks to queue
[2025-10-24T12:12:41.732+0000] {logging_mixin.py:188} INFO - [2025-10-24T12:12:41.732+0000] {dagbag.py:540} INFO - Filling up the DagBag from /opt/airflow/dags/silver_layer_dag.py
[2025-10-24T12:12:41.851+0000] {processor.py:840} INFO - DAG(s) 'silver_layer_dag' retrieved from /opt/airflow/dags/silver_layer_dag.py
[2025-10-24T12:12:42.005+0000] {logging_mixin.py:188} INFO - [2025-10-24T12:12:42.005+0000] {dag.py:3096} INFO - Sync 1 DAGs
[2025-10-24T12:12:42.012+0000] {logging_mixin.py:188} INFO - [2025-10-24T12:12:42.012+0000] {dag.py:3954} INFO - Setting next_dagrun for silver_layer_dag to None, run_after=None
[2025-10-24T12:12:42.023+0000] {processor.py:183} INFO - Processing /opt/airflow/dags/silver_layer_dag.py took 0.298 seconds
[2025-10-24T12:13:12.713+0000] {processor.py:161} INFO - Started process (PID=189) to work on /opt/airflow/dags/silver_layer_dag.py
[2025-10-24T12:13:12.714+0000] {processor.py:830} INFO - Processing file /opt/airflow/dags/silver_layer_dag.py for tasks to queue
[2025-10-24T12:13:12.715+0000] {logging_mixin.py:188} INFO - [2025-10-24T12:13:12.715+0000] {dagbag.py:540} INFO - Filling up the DagBag from /opt/airflow/dags/silver_layer_dag.py
[2025-10-24T12:13:12.837+0000] {processor.py:840} INFO - DAG(s) 'silver_layer_dag' retrieved from /opt/airflow/dags/silver_layer_dag.py
[2025-10-24T12:13:12.857+0000] {logging_mixin.py:188} INFO - [2025-10-24T12:13:12.856+0000] {dag.py:3096} INFO - Sync 1 DAGs
[2025-10-24T12:13:12.867+0000] {logging_mixin.py:188} INFO - [2025-10-24T12:13:12.867+0000] {dag.py:3954} INFO - Setting next_dagrun for silver_layer_dag to None, run_after=None
[2025-10-24T12:13:12.882+0000] {processor.py:183} INFO - Processing /opt/airflow/dags/silver_layer_dag.py took 0.173 seconds
[2025-10-24T12:13:43.393+0000] {processor.py:161} INFO - Started process (PID=195) to work on /opt/airflow/dags/silver_layer_dag.py
[2025-10-24T12:13:43.394+0000] {processor.py:830} INFO - Processing file /opt/airflow/dags/silver_layer_dag.py for tasks to queue
[2025-10-24T12:13:43.396+0000] {logging_mixin.py:188} INFO - [2025-10-24T12:13:43.395+0000] {dagbag.py:540} INFO - Filling up the DagBag from /opt/airflow/dags/silver_layer_dag.py
[2025-10-24T12:13:43.517+0000] {processor.py:840} INFO - DAG(s) 'silver_layer_dag' retrieved from /opt/airflow/dags/silver_layer_dag.py
[2025-10-24T12:13:43.534+0000] {logging_mixin.py:188} INFO - [2025-10-24T12:13:43.534+0000] {dag.py:3096} INFO - Sync 1 DAGs
[2025-10-24T12:13:43.542+0000] {logging_mixin.py:188} INFO - [2025-10-24T12:13:43.542+0000] {dag.py:3954} INFO - Setting next_dagrun for silver_layer_dag to None, run_after=None
[2025-10-24T12:13:43.702+0000] {processor.py:183} INFO - Processing /opt/airflow/dags/silver_layer_dag.py took 0.313 seconds
[2025-10-24T12:14:13.892+0000] {processor.py:161} INFO - Started process (PID=201) to work on /opt/airflow/dags/silver_layer_dag.py
[2025-10-24T12:14:13.893+0000] {processor.py:830} INFO - Processing file /opt/airflow/dags/silver_layer_dag.py for tasks to queue
[2025-10-24T12:14:13.895+0000] {logging_mixin.py:188} INFO - [2025-10-24T12:14:13.894+0000] {dagbag.py:540} INFO - Filling up the DagBag from /opt/airflow/dags/silver_layer_dag.py
[2025-10-24T12:14:14.134+0000] {processor.py:840} INFO - DAG(s) 'silver_layer_dag' retrieved from /opt/airflow/dags/silver_layer_dag.py
[2025-10-24T12:14:14.148+0000] {logging_mixin.py:188} INFO - [2025-10-24T12:14:14.148+0000] {dag.py:3096} INFO - Sync 1 DAGs
[2025-10-24T12:14:14.156+0000] {logging_mixin.py:188} INFO - [2025-10-24T12:14:14.155+0000] {dag.py:3954} INFO - Setting next_dagrun for silver_layer_dag to None, run_after=None
[2025-10-24T12:14:14.169+0000] {processor.py:183} INFO - Processing /opt/airflow/dags/silver_layer_dag.py took 0.281 seconds
[2025-10-24T12:14:44.281+0000] {processor.py:161} INFO - Started process (PID=208) to work on /opt/airflow/dags/silver_layer_dag.py
[2025-10-24T12:14:44.282+0000] {processor.py:830} INFO - Processing file /opt/airflow/dags/silver_layer_dag.py for tasks to queue
[2025-10-24T12:14:44.284+0000] {logging_mixin.py:188} INFO - [2025-10-24T12:14:44.283+0000] {dagbag.py:540} INFO - Filling up the DagBag from /opt/airflow/dags/silver_layer_dag.py
[2025-10-24T12:14:44.534+0000] {processor.py:840} INFO - DAG(s) 'silver_layer_dag' retrieved from /opt/airflow/dags/silver_layer_dag.py
[2025-10-24T12:14:44.547+0000] {logging_mixin.py:188} INFO - [2025-10-24T12:14:44.547+0000] {dag.py:3096} INFO - Sync 1 DAGs
[2025-10-24T12:14:44.554+0000] {logging_mixin.py:188} INFO - [2025-10-24T12:14:44.554+0000] {dag.py:3954} INFO - Setting next_dagrun for silver_layer_dag to None, run_after=None
[2025-10-24T12:14:44.565+0000] {processor.py:183} INFO - Processing /opt/airflow/dags/silver_layer_dag.py took 0.289 seconds
[2025-10-24T12:15:14.781+0000] {processor.py:161} INFO - Started process (PID=213) to work on /opt/airflow/dags/silver_layer_dag.py
[2025-10-24T12:15:14.782+0000] {processor.py:830} INFO - Processing file /opt/airflow/dags/silver_layer_dag.py for tasks to queue
[2025-10-24T12:15:14.783+0000] {logging_mixin.py:188} INFO - [2025-10-24T12:15:14.783+0000] {dagbag.py:540} INFO - Filling up the DagBag from /opt/airflow/dags/silver_layer_dag.py
[2025-10-24T12:15:15.051+0000] {processor.py:840} INFO - DAG(s) 'silver_layer_dag' retrieved from /opt/airflow/dags/silver_layer_dag.py
[2025-10-24T12:15:15.066+0000] {logging_mixin.py:188} INFO - [2025-10-24T12:15:15.065+0000] {dag.py:3096} INFO - Sync 1 DAGs
[2025-10-24T12:15:15.073+0000] {logging_mixin.py:188} INFO - [2025-10-24T12:15:15.073+0000] {dag.py:3954} INFO - Setting next_dagrun for silver_layer_dag to None, run_after=None
[2025-10-24T12:15:15.089+0000] {processor.py:183} INFO - Processing /opt/airflow/dags/silver_layer_dag.py took 0.313 seconds
[2025-10-24T12:15:46.045+0000] {processor.py:161} INFO - Started process (PID=220) to work on /opt/airflow/dags/silver_layer_dag.py
[2025-10-24T12:15:46.046+0000] {processor.py:830} INFO - Processing file /opt/airflow/dags/silver_layer_dag.py for tasks to queue
[2025-10-24T12:15:46.048+0000] {logging_mixin.py:188} INFO - [2025-10-24T12:15:46.047+0000] {dagbag.py:540} INFO - Filling up the DagBag from /opt/airflow/dags/silver_layer_dag.py
[2025-10-24T12:15:46.305+0000] {processor.py:840} INFO - DAG(s) 'silver_layer_dag' retrieved from /opt/airflow/dags/silver_layer_dag.py
[2025-10-24T12:15:46.320+0000] {logging_mixin.py:188} INFO - [2025-10-24T12:15:46.320+0000] {dag.py:3096} INFO - Sync 1 DAGs
[2025-10-24T12:15:46.329+0000] {logging_mixin.py:188} INFO - [2025-10-24T12:15:46.329+0000] {dag.py:3954} INFO - Setting next_dagrun for silver_layer_dag to None, run_after=None
[2025-10-24T12:15:46.342+0000] {processor.py:183} INFO - Processing /opt/airflow/dags/silver_layer_dag.py took 0.301 seconds
[2025-10-24T12:16:16.451+0000] {processor.py:161} INFO - Started process (PID=226) to work on /opt/airflow/dags/silver_layer_dag.py
[2025-10-24T12:16:16.452+0000] {processor.py:830} INFO - Processing file /opt/airflow/dags/silver_layer_dag.py for tasks to queue
[2025-10-24T12:16:16.454+0000] {logging_mixin.py:188} INFO - [2025-10-24T12:16:16.453+0000] {dagbag.py:540} INFO - Filling up the DagBag from /opt/airflow/dags/silver_layer_dag.py
[2025-10-24T12:16:16.698+0000] {processor.py:840} INFO - DAG(s) 'silver_layer_dag' retrieved from /opt/airflow/dags/silver_layer_dag.py
[2025-10-24T12:16:16.714+0000] {logging_mixin.py:188} INFO - [2025-10-24T12:16:16.713+0000] {dag.py:3096} INFO - Sync 1 DAGs
[2025-10-24T12:16:16.721+0000] {logging_mixin.py:188} INFO - [2025-10-24T12:16:16.721+0000] {dag.py:3954} INFO - Setting next_dagrun for silver_layer_dag to None, run_after=None
[2025-10-24T12:16:16.734+0000] {processor.py:183} INFO - Processing /opt/airflow/dags/silver_layer_dag.py took 0.288 seconds
[2025-10-24T12:16:47.499+0000] {processor.py:161} INFO - Started process (PID=232) to work on /opt/airflow/dags/silver_layer_dag.py
[2025-10-24T12:16:47.500+0000] {processor.py:830} INFO - Processing file /opt/airflow/dags/silver_layer_dag.py for tasks to queue
[2025-10-24T12:16:47.501+0000] {logging_mixin.py:188} INFO - [2025-10-24T12:16:47.501+0000] {dagbag.py:540} INFO - Filling up the DagBag from /opt/airflow/dags/silver_layer_dag.py
[2025-10-24T12:16:47.769+0000] {processor.py:840} INFO - DAG(s) 'silver_layer_dag' retrieved from /opt/airflow/dags/silver_layer_dag.py
[2025-10-24T12:16:47.789+0000] {logging_mixin.py:188} INFO - [2025-10-24T12:16:47.788+0000] {dag.py:3096} INFO - Sync 1 DAGs
[2025-10-24T12:16:47.798+0000] {logging_mixin.py:188} INFO - [2025-10-24T12:16:47.798+0000] {dag.py:3954} INFO - Setting next_dagrun for silver_layer_dag to None, run_after=None
[2025-10-24T12:16:47.814+0000] {processor.py:183} INFO - Processing /opt/airflow/dags/silver_layer_dag.py took 0.320 seconds
[2025-10-24T12:17:17.904+0000] {processor.py:161} INFO - Started process (PID=238) to work on /opt/airflow/dags/silver_layer_dag.py
[2025-10-24T12:17:17.905+0000] {processor.py:830} INFO - Processing file /opt/airflow/dags/silver_layer_dag.py for tasks to queue
[2025-10-24T12:17:17.906+0000] {logging_mixin.py:188} INFO - [2025-10-24T12:17:17.906+0000] {dagbag.py:540} INFO - Filling up the DagBag from /opt/airflow/dags/silver_layer_dag.py
[2025-10-24T12:17:18.158+0000] {processor.py:840} INFO - DAG(s) 'silver_layer_dag' retrieved from /opt/airflow/dags/silver_layer_dag.py
[2025-10-24T12:17:18.172+0000] {logging_mixin.py:188} INFO - [2025-10-24T12:17:18.172+0000] {dag.py:3096} INFO - Sync 1 DAGs
[2025-10-24T12:17:18.179+0000] {logging_mixin.py:188} INFO - [2025-10-24T12:17:18.179+0000] {dag.py:3954} INFO - Setting next_dagrun for silver_layer_dag to None, run_after=None
[2025-10-24T12:17:18.192+0000] {processor.py:183} INFO - Processing /opt/airflow/dags/silver_layer_dag.py took 0.293 seconds
[2025-10-24T12:17:48.796+0000] {processor.py:161} INFO - Started process (PID=244) to work on /opt/airflow/dags/silver_layer_dag.py
[2025-10-24T12:17:48.797+0000] {processor.py:830} INFO - Processing file /opt/airflow/dags/silver_layer_dag.py for tasks to queue
[2025-10-24T12:17:48.799+0000] {logging_mixin.py:188} INFO - [2025-10-24T12:17:48.799+0000] {dagbag.py:540} INFO - Filling up the DagBag from /opt/airflow/dags/silver_layer_dag.py
[2025-10-24T12:17:49.093+0000] {processor.py:840} INFO - DAG(s) 'silver_layer_dag' retrieved from /opt/airflow/dags/silver_layer_dag.py
[2025-10-24T12:17:49.109+0000] {logging_mixin.py:188} INFO - [2025-10-24T12:17:49.109+0000] {dag.py:3096} INFO - Sync 1 DAGs
[2025-10-24T12:17:49.117+0000] {logging_mixin.py:188} INFO - [2025-10-24T12:17:49.117+0000] {dag.py:3954} INFO - Setting next_dagrun for silver_layer_dag to None, run_after=None
[2025-10-24T12:17:49.131+0000] {processor.py:183} INFO - Processing /opt/airflow/dags/silver_layer_dag.py took 0.340 seconds
[2025-10-24T12:18:19.861+0000] {processor.py:161} INFO - Started process (PID=250) to work on /opt/airflow/dags/silver_layer_dag.py
[2025-10-24T12:18:19.863+0000] {processor.py:830} INFO - Processing file /opt/airflow/dags/silver_layer_dag.py for tasks to queue
[2025-10-24T12:18:19.865+0000] {logging_mixin.py:188} INFO - [2025-10-24T12:18:19.864+0000] {dagbag.py:540} INFO - Filling up the DagBag from /opt/airflow/dags/silver_layer_dag.py
[2025-10-24T12:18:20.143+0000] {processor.py:840} INFO - DAG(s) 'silver_layer_dag' retrieved from /opt/airflow/dags/silver_layer_dag.py
[2025-10-24T12:18:20.162+0000] {logging_mixin.py:188} INFO - [2025-10-24T12:18:20.162+0000] {dag.py:3096} INFO - Sync 1 DAGs
[2025-10-24T12:18:20.172+0000] {logging_mixin.py:188} INFO - [2025-10-24T12:18:20.172+0000] {dag.py:3954} INFO - Setting next_dagrun for silver_layer_dag to None, run_after=None
[2025-10-24T12:18:20.190+0000] {processor.py:183} INFO - Processing /opt/airflow/dags/silver_layer_dag.py took 0.333 seconds
[2025-10-24T12:18:50.917+0000] {processor.py:161} INFO - Started process (PID=268) to work on /opt/airflow/dags/silver_layer_dag.py
[2025-10-24T12:18:50.918+0000] {processor.py:830} INFO - Processing file /opt/airflow/dags/silver_layer_dag.py for tasks to queue
[2025-10-24T12:18:50.920+0000] {logging_mixin.py:188} INFO - [2025-10-24T12:18:50.920+0000] {dagbag.py:540} INFO - Filling up the DagBag from /opt/airflow/dags/silver_layer_dag.py
[2025-10-24T12:18:51.059+0000] {processor.py:840} INFO - DAG(s) 'silver_layer_dag' retrieved from /opt/airflow/dags/silver_layer_dag.py
[2025-10-24T12:18:51.082+0000] {logging_mixin.py:188} INFO - [2025-10-24T12:18:51.082+0000] {dag.py:3096} INFO - Sync 1 DAGs
[2025-10-24T12:18:51.093+0000] {logging_mixin.py:188} INFO - [2025-10-24T12:18:51.093+0000] {dag.py:3954} INFO - Setting next_dagrun for silver_layer_dag to None, run_after=None
[2025-10-24T12:18:51.110+0000] {processor.py:183} INFO - Processing /opt/airflow/dags/silver_layer_dag.py took 0.197 seconds
[2025-10-24T12:19:21.699+0000] {processor.py:161} INFO - Started process (PID=274) to work on /opt/airflow/dags/silver_layer_dag.py
[2025-10-24T12:19:21.700+0000] {processor.py:830} INFO - Processing file /opt/airflow/dags/silver_layer_dag.py for tasks to queue
[2025-10-24T12:19:21.702+0000] {logging_mixin.py:188} INFO - [2025-10-24T12:19:21.702+0000] {dagbag.py:540} INFO - Filling up the DagBag from /opt/airflow/dags/silver_layer_dag.py
[2025-10-24T12:19:21.839+0000] {processor.py:840} INFO - DAG(s) 'silver_layer_dag' retrieved from /opt/airflow/dags/silver_layer_dag.py
[2025-10-24T12:19:21.859+0000] {logging_mixin.py:188} INFO - [2025-10-24T12:19:21.859+0000] {dag.py:3096} INFO - Sync 1 DAGs
[2025-10-24T12:19:21.870+0000] {logging_mixin.py:188} INFO - [2025-10-24T12:19:21.870+0000] {dag.py:3954} INFO - Setting next_dagrun for silver_layer_dag to None, run_after=None
[2025-10-24T12:19:21.886+0000] {processor.py:183} INFO - Processing /opt/airflow/dags/silver_layer_dag.py took 0.191 seconds
[2025-10-24T12:19:52.031+0000] {processor.py:161} INFO - Started process (PID=280) to work on /opt/airflow/dags/silver_layer_dag.py
[2025-10-24T12:19:52.031+0000] {processor.py:830} INFO - Processing file /opt/airflow/dags/silver_layer_dag.py for tasks to queue
[2025-10-24T12:19:52.033+0000] {logging_mixin.py:188} INFO - [2025-10-24T12:19:52.033+0000] {dagbag.py:540} INFO - Filling up the DagBag from /opt/airflow/dags/silver_layer_dag.py
[2025-10-24T12:19:52.160+0000] {processor.py:840} INFO - DAG(s) 'silver_layer_dag' retrieved from /opt/airflow/dags/silver_layer_dag.py
[2025-10-24T12:19:52.179+0000] {logging_mixin.py:188} INFO - [2025-10-24T12:19:52.179+0000] {dag.py:3096} INFO - Sync 1 DAGs
[2025-10-24T12:19:52.189+0000] {logging_mixin.py:188} INFO - [2025-10-24T12:19:52.189+0000] {dag.py:3954} INFO - Setting next_dagrun for silver_layer_dag to None, run_after=None
[2025-10-24T12:19:52.205+0000] {processor.py:183} INFO - Processing /opt/airflow/dags/silver_layer_dag.py took 0.179 seconds
[2025-10-24T12:20:22.871+0000] {processor.py:161} INFO - Started process (PID=286) to work on /opt/airflow/dags/silver_layer_dag.py
[2025-10-24T12:20:22.872+0000] {processor.py:830} INFO - Processing file /opt/airflow/dags/silver_layer_dag.py for tasks to queue
[2025-10-24T12:20:22.873+0000] {logging_mixin.py:188} INFO - [2025-10-24T12:20:22.873+0000] {dagbag.py:540} INFO - Filling up the DagBag from /opt/airflow/dags/silver_layer_dag.py
[2025-10-24T12:20:23.014+0000] {processor.py:840} INFO - DAG(s) 'silver_layer_dag' retrieved from /opt/airflow/dags/silver_layer_dag.py
[2025-10-24T12:20:23.037+0000] {logging_mixin.py:188} INFO - [2025-10-24T12:20:23.037+0000] {dag.py:3096} INFO - Sync 1 DAGs
[2025-10-24T12:20:23.049+0000] {logging_mixin.py:188} INFO - [2025-10-24T12:20:23.049+0000] {dag.py:3954} INFO - Setting next_dagrun for silver_layer_dag to None, run_after=None
[2025-10-24T12:20:23.067+0000] {processor.py:183} INFO - Processing /opt/airflow/dags/silver_layer_dag.py took 0.201 seconds
[2025-10-24T12:20:53.367+0000] {processor.py:161} INFO - Started process (PID=294) to work on /opt/airflow/dags/silver_layer_dag.py
[2025-10-24T12:20:53.368+0000] {processor.py:830} INFO - Processing file /opt/airflow/dags/silver_layer_dag.py for tasks to queue
[2025-10-24T12:20:53.370+0000] {logging_mixin.py:188} INFO - [2025-10-24T12:20:53.370+0000] {dagbag.py:540} INFO - Filling up the DagBag from /opt/airflow/dags/silver_layer_dag.py
[2025-10-24T12:20:53.495+0000] {processor.py:840} INFO - DAG(s) 'silver_layer_dag' retrieved from /opt/airflow/dags/silver_layer_dag.py
[2025-10-24T12:20:53.513+0000] {logging_mixin.py:188} INFO - [2025-10-24T12:20:53.513+0000] {dag.py:3096} INFO - Sync 1 DAGs
[2025-10-24T12:20:53.523+0000] {logging_mixin.py:188} INFO - [2025-10-24T12:20:53.523+0000] {dag.py:3954} INFO - Setting next_dagrun for silver_layer_dag to None, run_after=None
[2025-10-24T12:20:53.538+0000] {processor.py:183} INFO - Processing /opt/airflow/dags/silver_layer_dag.py took 0.176 seconds
[2025-10-24T12:21:26.111+0000] {processor.py:161} INFO - Started process (PID=300) to work on /opt/airflow/dags/silver_layer_dag.py
[2025-10-24T12:21:26.112+0000] {processor.py:830} INFO - Processing file /opt/airflow/dags/silver_layer_dag.py for tasks to queue
[2025-10-24T12:21:26.114+0000] {logging_mixin.py:188} INFO - [2025-10-24T12:21:26.113+0000] {dagbag.py:540} INFO - Filling up the DagBag from /opt/airflow/dags/silver_layer_dag.py
[2025-10-24T12:21:26.237+0000] {processor.py:840} INFO - DAG(s) 'silver_layer_dag' retrieved from /opt/airflow/dags/silver_layer_dag.py
[2025-10-24T12:21:26.255+0000] {logging_mixin.py:188} INFO - [2025-10-24T12:21:26.255+0000] {dag.py:3096} INFO - Sync 1 DAGs
[2025-10-24T12:21:26.266+0000] {logging_mixin.py:188} INFO - [2025-10-24T12:21:26.266+0000] {dag.py:3954} INFO - Setting next_dagrun for silver_layer_dag to None, run_after=None
[2025-10-24T12:21:26.280+0000] {processor.py:183} INFO - Processing /opt/airflow/dags/silver_layer_dag.py took 0.174 seconds
[2025-10-24T12:21:56.484+0000] {processor.py:161} INFO - Started process (PID=306) to work on /opt/airflow/dags/silver_layer_dag.py
[2025-10-24T12:21:56.487+0000] {processor.py:830} INFO - Processing file /opt/airflow/dags/silver_layer_dag.py for tasks to queue
[2025-10-24T12:21:56.492+0000] {logging_mixin.py:188} INFO - [2025-10-24T12:21:56.491+0000] {dagbag.py:540} INFO - Filling up the DagBag from /opt/airflow/dags/silver_layer_dag.py
[2025-10-24T12:21:56.693+0000] {processor.py:840} INFO - DAG(s) 'silver_layer_dag' retrieved from /opt/airflow/dags/silver_layer_dag.py
[2025-10-24T12:21:56.731+0000] {logging_mixin.py:188} INFO - [2025-10-24T12:21:56.731+0000] {dag.py:3096} INFO - Sync 1 DAGs
[2025-10-24T12:21:56.764+0000] {logging_mixin.py:188} INFO - [2025-10-24T12:21:56.764+0000] {dag.py:3954} INFO - Setting next_dagrun for silver_layer_dag to None, run_after=None
[2025-10-24T12:21:56.791+0000] {processor.py:183} INFO - Processing /opt/airflow/dags/silver_layer_dag.py took 0.336 seconds
[2025-10-24T12:22:26.898+0000] {processor.py:161} INFO - Started process (PID=312) to work on /opt/airflow/dags/silver_layer_dag.py
[2025-10-24T12:22:26.899+0000] {processor.py:830} INFO - Processing file /opt/airflow/dags/silver_layer_dag.py for tasks to queue
[2025-10-24T12:22:26.900+0000] {logging_mixin.py:188} INFO - [2025-10-24T12:22:26.900+0000] {dagbag.py:540} INFO - Filling up the DagBag from /opt/airflow/dags/silver_layer_dag.py
[2025-10-24T12:22:27.033+0000] {processor.py:840} INFO - DAG(s) 'silver_layer_dag' retrieved from /opt/airflow/dags/silver_layer_dag.py
[2025-10-24T12:22:27.052+0000] {logging_mixin.py:188} INFO - [2025-10-24T12:22:27.051+0000] {dag.py:3096} INFO - Sync 1 DAGs
[2025-10-24T12:22:27.062+0000] {logging_mixin.py:188} INFO - [2025-10-24T12:22:27.061+0000] {dag.py:3954} INFO - Setting next_dagrun for silver_layer_dag to None, run_after=None
[2025-10-24T12:22:27.078+0000] {processor.py:183} INFO - Processing /opt/airflow/dags/silver_layer_dag.py took 0.186 seconds
[2025-10-24T12:22:59.138+0000] {processor.py:161} INFO - Started process (PID=318) to work on /opt/airflow/dags/silver_layer_dag.py
[2025-10-24T12:22:59.139+0000] {processor.py:830} INFO - Processing file /opt/airflow/dags/silver_layer_dag.py for tasks to queue
[2025-10-24T12:22:59.140+0000] {logging_mixin.py:188} INFO - [2025-10-24T12:22:59.140+0000] {dagbag.py:540} INFO - Filling up the DagBag from /opt/airflow/dags/silver_layer_dag.py
[2025-10-24T12:22:59.267+0000] {processor.py:840} INFO - DAG(s) 'silver_layer_dag' retrieved from /opt/airflow/dags/silver_layer_dag.py
[2025-10-24T12:22:59.284+0000] {logging_mixin.py:188} INFO - [2025-10-24T12:22:59.284+0000] {dag.py:3096} INFO - Sync 1 DAGs
[2025-10-24T12:22:59.294+0000] {logging_mixin.py:188} INFO - [2025-10-24T12:22:59.294+0000] {dag.py:3954} INFO - Setting next_dagrun for silver_layer_dag to None, run_after=None
[2025-10-24T12:22:59.308+0000] {processor.py:183} INFO - Processing /opt/airflow/dags/silver_layer_dag.py took 0.175 seconds
[2025-10-24T12:23:29.781+0000] {processor.py:161} INFO - Started process (PID=324) to work on /opt/airflow/dags/silver_layer_dag.py
[2025-10-24T12:23:29.782+0000] {processor.py:830} INFO - Processing file /opt/airflow/dags/silver_layer_dag.py for tasks to queue
[2025-10-24T12:23:29.783+0000] {logging_mixin.py:188} INFO - [2025-10-24T12:23:29.783+0000] {dagbag.py:540} INFO - Filling up the DagBag from /opt/airflow/dags/silver_layer_dag.py
[2025-10-24T12:23:29.908+0000] {processor.py:840} INFO - DAG(s) 'silver_layer_dag' retrieved from /opt/airflow/dags/silver_layer_dag.py
[2025-10-24T12:23:29.924+0000] {logging_mixin.py:188} INFO - [2025-10-24T12:23:29.924+0000] {dag.py:3096} INFO - Sync 1 DAGs
[2025-10-24T12:23:29.934+0000] {logging_mixin.py:188} INFO - [2025-10-24T12:23:29.934+0000] {dag.py:3954} INFO - Setting next_dagrun for silver_layer_dag to None, run_after=None
[2025-10-24T12:23:29.950+0000] {processor.py:183} INFO - Processing /opt/airflow/dags/silver_layer_dag.py took 0.174 seconds
[2025-10-24T12:23:59.989+0000] {processor.py:161} INFO - Started process (PID=330) to work on /opt/airflow/dags/silver_layer_dag.py
[2025-10-24T12:23:59.990+0000] {processor.py:830} INFO - Processing file /opt/airflow/dags/silver_layer_dag.py for tasks to queue
[2025-10-24T12:23:59.992+0000] {logging_mixin.py:188} INFO - [2025-10-24T12:23:59.991+0000] {dagbag.py:540} INFO - Filling up the DagBag from /opt/airflow/dags/silver_layer_dag.py
[2025-10-24T12:24:00.114+0000] {processor.py:840} INFO - DAG(s) 'silver_layer_dag' retrieved from /opt/airflow/dags/silver_layer_dag.py
[2025-10-24T12:24:00.131+0000] {logging_mixin.py:188} INFO - [2025-10-24T12:24:00.130+0000] {dag.py:3096} INFO - Sync 1 DAGs
[2025-10-24T12:24:00.140+0000] {logging_mixin.py:188} INFO - [2025-10-24T12:24:00.140+0000] {dag.py:3954} INFO - Setting next_dagrun for silver_layer_dag to None, run_after=None
[2025-10-24T12:24:00.152+0000] {processor.py:183} INFO - Processing /opt/airflow/dags/silver_layer_dag.py took 0.168 seconds
[2025-10-24T12:24:30.960+0000] {processor.py:161} INFO - Started process (PID=336) to work on /opt/airflow/dags/silver_layer_dag.py
[2025-10-24T12:24:30.960+0000] {processor.py:830} INFO - Processing file /opt/airflow/dags/silver_layer_dag.py for tasks to queue
[2025-10-24T12:24:30.962+0000] {logging_mixin.py:188} INFO - [2025-10-24T12:24:30.962+0000] {dagbag.py:540} INFO - Filling up the DagBag from /opt/airflow/dags/silver_layer_dag.py
[2025-10-24T12:24:31.078+0000] {processor.py:840} INFO - DAG(s) 'silver_layer_dag' retrieved from /opt/airflow/dags/silver_layer_dag.py
[2025-10-24T12:24:31.096+0000] {logging_mixin.py:188} INFO - [2025-10-24T12:24:31.095+0000] {dag.py:3096} INFO - Sync 1 DAGs
[2025-10-24T12:24:31.105+0000] {logging_mixin.py:188} INFO - [2025-10-24T12:24:31.105+0000] {dag.py:3954} INFO - Setting next_dagrun for silver_layer_dag to None, run_after=None
[2025-10-24T12:24:31.118+0000] {processor.py:183} INFO - Processing /opt/airflow/dags/silver_layer_dag.py took 0.163 seconds
[2025-10-24T12:25:01.780+0000] {processor.py:161} INFO - Started process (PID=342) to work on /opt/airflow/dags/silver_layer_dag.py
[2025-10-24T12:25:01.781+0000] {processor.py:830} INFO - Processing file /opt/airflow/dags/silver_layer_dag.py for tasks to queue
[2025-10-24T12:25:01.783+0000] {logging_mixin.py:188} INFO - [2025-10-24T12:25:01.782+0000] {dagbag.py:540} INFO - Filling up the DagBag from /opt/airflow/dags/silver_layer_dag.py
[2025-10-24T12:25:01.908+0000] {processor.py:840} INFO - DAG(s) 'silver_layer_dag' retrieved from /opt/airflow/dags/silver_layer_dag.py
[2025-10-24T12:25:01.925+0000] {logging_mixin.py:188} INFO - [2025-10-24T12:25:01.925+0000] {dag.py:3096} INFO - Sync 1 DAGs
[2025-10-24T12:25:01.935+0000] {logging_mixin.py:188} INFO - [2025-10-24T12:25:01.935+0000] {dag.py:3954} INFO - Setting next_dagrun for silver_layer_dag to None, run_after=None
[2025-10-24T12:25:01.949+0000] {processor.py:183} INFO - Processing /opt/airflow/dags/silver_layer_dag.py took 0.174 seconds
[2025-10-24T12:25:32.842+0000] {processor.py:161} INFO - Started process (PID=348) to work on /opt/airflow/dags/silver_layer_dag.py
[2025-10-24T12:25:32.843+0000] {processor.py:830} INFO - Processing file /opt/airflow/dags/silver_layer_dag.py for tasks to queue
[2025-10-24T12:25:32.844+0000] {logging_mixin.py:188} INFO - [2025-10-24T12:25:32.844+0000] {dagbag.py:540} INFO - Filling up the DagBag from /opt/airflow/dags/silver_layer_dag.py
[2025-10-24T12:25:32.958+0000] {processor.py:840} INFO - DAG(s) 'silver_layer_dag' retrieved from /opt/airflow/dags/silver_layer_dag.py
[2025-10-24T12:25:32.977+0000] {logging_mixin.py:188} INFO - [2025-10-24T12:25:32.976+0000] {dag.py:3096} INFO - Sync 1 DAGs
[2025-10-24T12:25:32.988+0000] {logging_mixin.py:188} INFO - [2025-10-24T12:25:32.988+0000] {dag.py:3954} INFO - Setting next_dagrun for silver_layer_dag to None, run_after=None
[2025-10-24T12:25:33.002+0000] {processor.py:183} INFO - Processing /opt/airflow/dags/silver_layer_dag.py took 0.164 seconds
[2025-10-24T12:26:03.183+0000] {processor.py:161} INFO - Started process (PID=354) to work on /opt/airflow/dags/silver_layer_dag.py
[2025-10-24T12:26:03.184+0000] {processor.py:830} INFO - Processing file /opt/airflow/dags/silver_layer_dag.py for tasks to queue
[2025-10-24T12:26:03.185+0000] {logging_mixin.py:188} INFO - [2025-10-24T12:26:03.185+0000] {dagbag.py:540} INFO - Filling up the DagBag from /opt/airflow/dags/silver_layer_dag.py
[2025-10-24T12:26:03.300+0000] {processor.py:840} INFO - DAG(s) 'silver_layer_dag' retrieved from /opt/airflow/dags/silver_layer_dag.py
[2025-10-24T12:26:03.316+0000] {logging_mixin.py:188} INFO - [2025-10-24T12:26:03.315+0000] {dag.py:3096} INFO - Sync 1 DAGs
[2025-10-24T12:26:03.324+0000] {logging_mixin.py:188} INFO - [2025-10-24T12:26:03.324+0000] {dag.py:3954} INFO - Setting next_dagrun for silver_layer_dag to None, run_after=None
[2025-10-24T12:26:03.336+0000] {processor.py:183} INFO - Processing /opt/airflow/dags/silver_layer_dag.py took 0.157 seconds
[2025-10-24T12:26:33.405+0000] {processor.py:161} INFO - Started process (PID=360) to work on /opt/airflow/dags/silver_layer_dag.py
[2025-10-24T12:26:33.406+0000] {processor.py:830} INFO - Processing file /opt/airflow/dags/silver_layer_dag.py for tasks to queue
[2025-10-24T12:26:33.407+0000] {logging_mixin.py:188} INFO - [2025-10-24T12:26:33.407+0000] {dagbag.py:540} INFO - Filling up the DagBag from /opt/airflow/dags/silver_layer_dag.py
[2025-10-24T12:26:33.520+0000] {processor.py:840} INFO - DAG(s) 'silver_layer_dag' retrieved from /opt/airflow/dags/silver_layer_dag.py
[2025-10-24T12:26:33.536+0000] {logging_mixin.py:188} INFO - [2025-10-24T12:26:33.536+0000] {dag.py:3096} INFO - Sync 1 DAGs
[2025-10-24T12:26:33.545+0000] {logging_mixin.py:188} INFO - [2025-10-24T12:26:33.545+0000] {dag.py:3954} INFO - Setting next_dagrun for silver_layer_dag to None, run_after=None
[2025-10-24T12:26:33.558+0000] {processor.py:183} INFO - Processing /opt/airflow/dags/silver_layer_dag.py took 0.157 seconds
[2025-10-24T12:27:03.937+0000] {processor.py:161} INFO - Started process (PID=366) to work on /opt/airflow/dags/silver_layer_dag.py
[2025-10-24T12:27:03.938+0000] {processor.py:830} INFO - Processing file /opt/airflow/dags/silver_layer_dag.py for tasks to queue
[2025-10-24T12:27:03.940+0000] {logging_mixin.py:188} INFO - [2025-10-24T12:27:03.940+0000] {dagbag.py:540} INFO - Filling up the DagBag from /opt/airflow/dags/silver_layer_dag.py
[2025-10-24T12:27:04.075+0000] {processor.py:840} INFO - DAG(s) 'silver_layer_dag' retrieved from /opt/airflow/dags/silver_layer_dag.py
[2025-10-24T12:27:04.097+0000] {logging_mixin.py:188} INFO - [2025-10-24T12:27:04.097+0000] {dag.py:3096} INFO - Sync 1 DAGs
[2025-10-24T12:27:04.111+0000] {logging_mixin.py:188} INFO - [2025-10-24T12:27:04.110+0000] {dag.py:3954} INFO - Setting next_dagrun for silver_layer_dag to None, run_after=None
[2025-10-24T12:27:04.129+0000] {processor.py:183} INFO - Processing /opt/airflow/dags/silver_layer_dag.py took 0.197 seconds
[2025-10-24T12:27:34.948+0000] {processor.py:161} INFO - Started process (PID=372) to work on /opt/airflow/dags/silver_layer_dag.py
[2025-10-24T12:27:34.949+0000] {processor.py:830} INFO - Processing file /opt/airflow/dags/silver_layer_dag.py for tasks to queue
[2025-10-24T12:27:34.950+0000] {logging_mixin.py:188} INFO - [2025-10-24T12:27:34.950+0000] {dagbag.py:540} INFO - Filling up the DagBag from /opt/airflow/dags/silver_layer_dag.py
[2025-10-24T12:27:35.079+0000] {processor.py:840} INFO - DAG(s) 'silver_layer_dag' retrieved from /opt/airflow/dags/silver_layer_dag.py
[2025-10-24T12:27:35.097+0000] {logging_mixin.py:188} INFO - [2025-10-24T12:27:35.097+0000] {dag.py:3096} INFO - Sync 1 DAGs
[2025-10-24T12:27:35.106+0000] {logging_mixin.py:188} INFO - [2025-10-24T12:27:35.106+0000] {dag.py:3954} INFO - Setting next_dagrun for silver_layer_dag to None, run_after=None
[2025-10-24T12:27:35.119+0000] {processor.py:183} INFO - Processing /opt/airflow/dags/silver_layer_dag.py took 0.176 seconds
[2025-10-24T12:28:06.154+0000] {processor.py:161} INFO - Started process (PID=378) to work on /opt/airflow/dags/silver_layer_dag.py
[2025-10-24T12:28:06.155+0000] {processor.py:830} INFO - Processing file /opt/airflow/dags/silver_layer_dag.py for tasks to queue
[2025-10-24T12:28:06.156+0000] {logging_mixin.py:188} INFO - [2025-10-24T12:28:06.156+0000] {dagbag.py:540} INFO - Filling up the DagBag from /opt/airflow/dags/silver_layer_dag.py
[2025-10-24T12:28:06.275+0000] {processor.py:840} INFO - DAG(s) 'silver_layer_dag' retrieved from /opt/airflow/dags/silver_layer_dag.py
[2025-10-24T12:28:06.295+0000] {logging_mixin.py:188} INFO - [2025-10-24T12:28:06.294+0000] {dag.py:3096} INFO - Sync 1 DAGs
[2025-10-24T12:28:06.304+0000] {logging_mixin.py:188} INFO - [2025-10-24T12:28:06.304+0000] {dag.py:3954} INFO - Setting next_dagrun for silver_layer_dag to None, run_after=None
[2025-10-24T12:28:06.318+0000] {processor.py:183} INFO - Processing /opt/airflow/dags/silver_layer_dag.py took 0.169 seconds
[2025-10-24T12:28:39.641+0000] {processor.py:161} INFO - Started process (PID=384) to work on /opt/airflow/dags/silver_layer_dag.py
[2025-10-24T12:28:39.642+0000] {processor.py:830} INFO - Processing file /opt/airflow/dags/silver_layer_dag.py for tasks to queue
[2025-10-24T12:28:39.643+0000] {logging_mixin.py:188} INFO - [2025-10-24T12:28:39.643+0000] {dagbag.py:540} INFO - Filling up the DagBag from /opt/airflow/dags/silver_layer_dag.py
[2025-10-24T12:28:39.777+0000] {processor.py:840} INFO - DAG(s) 'silver_layer_dag' retrieved from /opt/airflow/dags/silver_layer_dag.py
[2025-10-24T12:28:39.800+0000] {logging_mixin.py:188} INFO - [2025-10-24T12:28:39.800+0000] {dag.py:3096} INFO - Sync 1 DAGs
[2025-10-24T12:28:39.811+0000] {logging_mixin.py:188} INFO - [2025-10-24T12:28:39.810+0000] {dag.py:3954} INFO - Setting next_dagrun for silver_layer_dag to None, run_after=None
[2025-10-24T12:28:39.825+0000] {processor.py:183} INFO - Processing /opt/airflow/dags/silver_layer_dag.py took 0.189 seconds
[2025-10-24T12:29:11.099+0000] {processor.py:161} INFO - Started process (PID=390) to work on /opt/airflow/dags/silver_layer_dag.py
[2025-10-24T12:29:11.100+0000] {processor.py:830} INFO - Processing file /opt/airflow/dags/silver_layer_dag.py for tasks to queue
[2025-10-24T12:29:11.101+0000] {logging_mixin.py:188} INFO - [2025-10-24T12:29:11.101+0000] {dagbag.py:540} INFO - Filling up the DagBag from /opt/airflow/dags/silver_layer_dag.py
[2025-10-24T12:29:11.220+0000] {processor.py:840} INFO - DAG(s) 'silver_layer_dag' retrieved from /opt/airflow/dags/silver_layer_dag.py
[2025-10-24T12:29:11.236+0000] {logging_mixin.py:188} INFO - [2025-10-24T12:29:11.236+0000] {dag.py:3096} INFO - Sync 1 DAGs
[2025-10-24T12:29:11.245+0000] {logging_mixin.py:188} INFO - [2025-10-24T12:29:11.245+0000] {dag.py:3954} INFO - Setting next_dagrun for silver_layer_dag to None, run_after=None
[2025-10-24T12:29:11.258+0000] {processor.py:183} INFO - Processing /opt/airflow/dags/silver_layer_dag.py took 0.163 seconds
[2025-10-24T12:29:43.461+0000] {processor.py:161} INFO - Started process (PID=396) to work on /opt/airflow/dags/silver_layer_dag.py
[2025-10-24T12:29:43.462+0000] {processor.py:830} INFO - Processing file /opt/airflow/dags/silver_layer_dag.py for tasks to queue
[2025-10-24T12:29:43.464+0000] {logging_mixin.py:188} INFO - [2025-10-24T12:29:43.463+0000] {dagbag.py:540} INFO - Filling up the DagBag from /opt/airflow/dags/silver_layer_dag.py
[2025-10-24T12:29:43.582+0000] {processor.py:840} INFO - DAG(s) 'silver_layer_dag' retrieved from /opt/airflow/dags/silver_layer_dag.py
[2025-10-24T12:29:43.599+0000] {logging_mixin.py:188} INFO - [2025-10-24T12:29:43.599+0000] {dag.py:3096} INFO - Sync 1 DAGs
[2025-10-24T12:29:43.607+0000] {logging_mixin.py:188} INFO - [2025-10-24T12:29:43.607+0000] {dag.py:3954} INFO - Setting next_dagrun for silver_layer_dag to None, run_after=None
[2025-10-24T12:29:43.620+0000] {processor.py:183} INFO - Processing /opt/airflow/dags/silver_layer_dag.py took 0.164 seconds
[2025-10-24T12:30:16.334+0000] {processor.py:161} INFO - Started process (PID=402) to work on /opt/airflow/dags/silver_layer_dag.py
[2025-10-24T12:30:16.335+0000] {processor.py:830} INFO - Processing file /opt/airflow/dags/silver_layer_dag.py for tasks to queue
[2025-10-24T12:30:16.337+0000] {logging_mixin.py:188} INFO - [2025-10-24T12:30:16.337+0000] {dagbag.py:540} INFO - Filling up the DagBag from /opt/airflow/dags/silver_layer_dag.py
[2025-10-24T12:30:16.460+0000] {processor.py:840} INFO - DAG(s) 'silver_layer_dag' retrieved from /opt/airflow/dags/silver_layer_dag.py
[2025-10-24T12:30:16.478+0000] {logging_mixin.py:188} INFO - [2025-10-24T12:30:16.478+0000] {dag.py:3096} INFO - Sync 1 DAGs
[2025-10-24T12:30:16.488+0000] {logging_mixin.py:188} INFO - [2025-10-24T12:30:16.488+0000] {dag.py:3954} INFO - Setting next_dagrun for silver_layer_dag to None, run_after=None
[2025-10-24T12:30:16.502+0000] {processor.py:183} INFO - Processing /opt/airflow/dags/silver_layer_dag.py took 0.174 seconds
[2025-10-24T12:30:48.597+0000] {processor.py:161} INFO - Started process (PID=408) to work on /opt/airflow/dags/silver_layer_dag.py
[2025-10-24T12:30:48.598+0000] {processor.py:830} INFO - Processing file /opt/airflow/dags/silver_layer_dag.py for tasks to queue
[2025-10-24T12:30:48.600+0000] {logging_mixin.py:188} INFO - [2025-10-24T12:30:48.600+0000] {dagbag.py:540} INFO - Filling up the DagBag from /opt/airflow/dags/silver_layer_dag.py
[2025-10-24T12:30:48.719+0000] {processor.py:840} INFO - DAG(s) 'silver_layer_dag' retrieved from /opt/airflow/dags/silver_layer_dag.py
[2025-10-24T12:30:48.735+0000] {logging_mixin.py:188} INFO - [2025-10-24T12:30:48.735+0000] {dag.py:3096} INFO - Sync 1 DAGs
[2025-10-24T12:30:48.746+0000] {logging_mixin.py:188} INFO - [2025-10-24T12:30:48.746+0000] {dag.py:3954} INFO - Setting next_dagrun for silver_layer_dag to None, run_after=None
[2025-10-24T12:30:48.758+0000] {processor.py:183} INFO - Processing /opt/airflow/dags/silver_layer_dag.py took 0.166 seconds
[2025-10-24T12:31:20.817+0000] {processor.py:161} INFO - Started process (PID=414) to work on /opt/airflow/dags/silver_layer_dag.py
[2025-10-24T12:31:20.818+0000] {processor.py:830} INFO - Processing file /opt/airflow/dags/silver_layer_dag.py for tasks to queue
[2025-10-24T12:31:20.820+0000] {logging_mixin.py:188} INFO - [2025-10-24T12:31:20.820+0000] {dagbag.py:540} INFO - Filling up the DagBag from /opt/airflow/dags/silver_layer_dag.py
[2025-10-24T12:31:20.947+0000] {processor.py:840} INFO - DAG(s) 'silver_layer_dag' retrieved from /opt/airflow/dags/silver_layer_dag.py
[2025-10-24T12:31:20.966+0000] {logging_mixin.py:188} INFO - [2025-10-24T12:31:20.966+0000] {dag.py:3096} INFO - Sync 1 DAGs
[2025-10-24T12:31:20.976+0000] {logging_mixin.py:188} INFO - [2025-10-24T12:31:20.976+0000] {dag.py:3954} INFO - Setting next_dagrun for silver_layer_dag to None, run_after=None
[2025-10-24T12:31:20.990+0000] {processor.py:183} INFO - Processing /opt/airflow/dags/silver_layer_dag.py took 0.178 seconds
[2025-10-24T12:31:51.611+0000] {processor.py:161} INFO - Started process (PID=420) to work on /opt/airflow/dags/silver_layer_dag.py
[2025-10-24T12:31:51.612+0000] {processor.py:830} INFO - Processing file /opt/airflow/dags/silver_layer_dag.py for tasks to queue
[2025-10-24T12:31:51.613+0000] {logging_mixin.py:188} INFO - [2025-10-24T12:31:51.613+0000] {dagbag.py:540} INFO - Filling up the DagBag from /opt/airflow/dags/silver_layer_dag.py
[2025-10-24T12:31:51.730+0000] {processor.py:840} INFO - DAG(s) 'silver_layer_dag' retrieved from /opt/airflow/dags/silver_layer_dag.py
[2025-10-24T12:31:51.748+0000] {logging_mixin.py:188} INFO - [2025-10-24T12:31:51.747+0000] {dag.py:3096} INFO - Sync 1 DAGs
[2025-10-24T12:31:51.757+0000] {logging_mixin.py:188} INFO - [2025-10-24T12:31:51.757+0000] {dag.py:3954} INFO - Setting next_dagrun for silver_layer_dag to None, run_after=None
[2025-10-24T12:31:51.770+0000] {processor.py:183} INFO - Processing /opt/airflow/dags/silver_layer_dag.py took 0.163 seconds
[2025-10-24T12:32:22.957+0000] {processor.py:161} INFO - Started process (PID=426) to work on /opt/airflow/dags/silver_layer_dag.py
[2025-10-24T12:32:22.958+0000] {processor.py:830} INFO - Processing file /opt/airflow/dags/silver_layer_dag.py for tasks to queue
[2025-10-24T12:32:22.960+0000] {logging_mixin.py:188} INFO - [2025-10-24T12:32:22.960+0000] {dagbag.py:540} INFO - Filling up the DagBag from /opt/airflow/dags/silver_layer_dag.py
[2025-10-24T12:32:23.112+0000] {processor.py:840} INFO - DAG(s) 'silver_layer_dag' retrieved from /opt/airflow/dags/silver_layer_dag.py
[2025-10-24T12:32:23.135+0000] {logging_mixin.py:188} INFO - [2025-10-24T12:32:23.135+0000] {dag.py:3096} INFO - Sync 1 DAGs
[2025-10-24T12:32:23.149+0000] {logging_mixin.py:188} INFO - [2025-10-24T12:32:23.148+0000] {dag.py:3954} INFO - Setting next_dagrun for silver_layer_dag to None, run_after=None
[2025-10-24T12:32:23.167+0000] {processor.py:183} INFO - Processing /opt/airflow/dags/silver_layer_dag.py took 0.218 seconds
[2025-10-24T12:32:53.469+0000] {processor.py:161} INFO - Started process (PID=432) to work on /opt/airflow/dags/silver_layer_dag.py
[2025-10-24T12:32:53.470+0000] {processor.py:830} INFO - Processing file /opt/airflow/dags/silver_layer_dag.py for tasks to queue
[2025-10-24T12:32:53.471+0000] {logging_mixin.py:188} INFO - [2025-10-24T12:32:53.471+0000] {dagbag.py:540} INFO - Filling up the DagBag from /opt/airflow/dags/silver_layer_dag.py
[2025-10-24T12:32:53.592+0000] {processor.py:840} INFO - DAG(s) 'silver_layer_dag' retrieved from /opt/airflow/dags/silver_layer_dag.py
[2025-10-24T12:32:53.611+0000] {logging_mixin.py:188} INFO - [2025-10-24T12:32:53.610+0000] {dag.py:3096} INFO - Sync 1 DAGs
[2025-10-24T12:32:53.620+0000] {logging_mixin.py:188} INFO - [2025-10-24T12:32:53.620+0000] {dag.py:3954} INFO - Setting next_dagrun for silver_layer_dag to None, run_after=None
[2025-10-24T12:32:53.635+0000] {processor.py:183} INFO - Processing /opt/airflow/dags/silver_layer_dag.py took 0.171 seconds
[2025-10-24T12:33:23.792+0000] {processor.py:161} INFO - Started process (PID=438) to work on /opt/airflow/dags/silver_layer_dag.py
[2025-10-24T12:33:23.793+0000] {processor.py:830} INFO - Processing file /opt/airflow/dags/silver_layer_dag.py for tasks to queue
[2025-10-24T12:33:23.795+0000] {logging_mixin.py:188} INFO - [2025-10-24T12:33:23.794+0000] {dagbag.py:540} INFO - Filling up the DagBag from /opt/airflow/dags/silver_layer_dag.py
[2025-10-24T12:33:23.918+0000] {processor.py:840} INFO - DAG(s) 'silver_layer_dag' retrieved from /opt/airflow/dags/silver_layer_dag.py
[2025-10-24T12:33:23.937+0000] {logging_mixin.py:188} INFO - [2025-10-24T12:33:23.937+0000] {dag.py:3096} INFO - Sync 1 DAGs
[2025-10-24T12:33:23.947+0000] {logging_mixin.py:188} INFO - [2025-10-24T12:33:23.947+0000] {dag.py:3954} INFO - Setting next_dagrun for silver_layer_dag to None, run_after=None
[2025-10-24T12:33:23.961+0000] {processor.py:183} INFO - Processing /opt/airflow/dags/silver_layer_dag.py took 0.174 seconds
[2025-10-24T12:33:54.013+0000] {processor.py:161} INFO - Started process (PID=444) to work on /opt/airflow/dags/silver_layer_dag.py
[2025-10-24T12:33:54.014+0000] {processor.py:830} INFO - Processing file /opt/airflow/dags/silver_layer_dag.py for tasks to queue
[2025-10-24T12:33:54.015+0000] {logging_mixin.py:188} INFO - [2025-10-24T12:33:54.015+0000] {dagbag.py:540} INFO - Filling up the DagBag from /opt/airflow/dags/silver_layer_dag.py
[2025-10-24T12:33:54.138+0000] {processor.py:840} INFO - DAG(s) 'silver_layer_dag' retrieved from /opt/airflow/dags/silver_layer_dag.py
[2025-10-24T12:33:54.157+0000] {logging_mixin.py:188} INFO - [2025-10-24T12:33:54.157+0000] {dag.py:3096} INFO - Sync 1 DAGs
[2025-10-24T12:33:54.168+0000] {logging_mixin.py:188} INFO - [2025-10-24T12:33:54.168+0000] {dag.py:3954} INFO - Setting next_dagrun for silver_layer_dag to None, run_after=None
[2025-10-24T12:33:54.182+0000] {processor.py:183} INFO - Processing /opt/airflow/dags/silver_layer_dag.py took 0.175 seconds
[2025-10-24T12:34:24.379+0000] {processor.py:161} INFO - Started process (PID=450) to work on /opt/airflow/dags/silver_layer_dag.py
[2025-10-24T12:34:24.380+0000] {processor.py:830} INFO - Processing file /opt/airflow/dags/silver_layer_dag.py for tasks to queue
[2025-10-24T12:34:24.381+0000] {logging_mixin.py:188} INFO - [2025-10-24T12:34:24.381+0000] {dagbag.py:540} INFO - Filling up the DagBag from /opt/airflow/dags/silver_layer_dag.py
[2025-10-24T12:34:24.502+0000] {processor.py:840} INFO - DAG(s) 'silver_layer_dag' retrieved from /opt/airflow/dags/silver_layer_dag.py
[2025-10-24T12:34:24.521+0000] {logging_mixin.py:188} INFO - [2025-10-24T12:34:24.521+0000] {dag.py:3096} INFO - Sync 1 DAGs
[2025-10-24T12:34:24.530+0000] {logging_mixin.py:188} INFO - [2025-10-24T12:34:24.530+0000] {dag.py:3954} INFO - Setting next_dagrun for silver_layer_dag to None, run_after=None
[2025-10-24T12:34:24.544+0000] {processor.py:183} INFO - Processing /opt/airflow/dags/silver_layer_dag.py took 0.170 seconds
[2025-10-24T12:34:54.887+0000] {processor.py:161} INFO - Started process (PID=456) to work on /opt/airflow/dags/silver_layer_dag.py
[2025-10-24T12:34:54.888+0000] {processor.py:830} INFO - Processing file /opt/airflow/dags/silver_layer_dag.py for tasks to queue
[2025-10-24T12:34:54.889+0000] {logging_mixin.py:188} INFO - [2025-10-24T12:34:54.889+0000] {dagbag.py:540} INFO - Filling up the DagBag from /opt/airflow/dags/silver_layer_dag.py
[2025-10-24T12:34:55.004+0000] {processor.py:840} INFO - DAG(s) 'silver_layer_dag' retrieved from /opt/airflow/dags/silver_layer_dag.py
[2025-10-24T12:34:55.022+0000] {logging_mixin.py:188} INFO - [2025-10-24T12:34:55.022+0000] {dag.py:3096} INFO - Sync 1 DAGs
[2025-10-24T12:34:55.031+0000] {logging_mixin.py:188} INFO - [2025-10-24T12:34:55.031+0000] {dag.py:3954} INFO - Setting next_dagrun for silver_layer_dag to None, run_after=None
[2025-10-24T12:34:55.044+0000] {processor.py:183} INFO - Processing /opt/airflow/dags/silver_layer_dag.py took 0.162 seconds
[2025-10-24T12:35:25.230+0000] {processor.py:161} INFO - Started process (PID=462) to work on /opt/airflow/dags/silver_layer_dag.py
[2025-10-24T12:35:25.231+0000] {processor.py:830} INFO - Processing file /opt/airflow/dags/silver_layer_dag.py for tasks to queue
[2025-10-24T12:35:25.233+0000] {logging_mixin.py:188} INFO - [2025-10-24T12:35:25.232+0000] {dagbag.py:540} INFO - Filling up the DagBag from /opt/airflow/dags/silver_layer_dag.py
[2025-10-24T12:35:25.349+0000] {processor.py:840} INFO - DAG(s) 'silver_layer_dag' retrieved from /opt/airflow/dags/silver_layer_dag.py
[2025-10-24T12:35:25.367+0000] {logging_mixin.py:188} INFO - [2025-10-24T12:35:25.367+0000] {dag.py:3096} INFO - Sync 1 DAGs
[2025-10-24T12:35:25.377+0000] {logging_mixin.py:188} INFO - [2025-10-24T12:35:25.377+0000] {dag.py:3954} INFO - Setting next_dagrun for silver_layer_dag to None, run_after=None
[2025-10-24T12:35:25.390+0000] {processor.py:183} INFO - Processing /opt/airflow/dags/silver_layer_dag.py took 0.165 seconds
[2025-10-24T12:35:55.526+0000] {processor.py:161} INFO - Started process (PID=468) to work on /opt/airflow/dags/silver_layer_dag.py
[2025-10-24T12:35:55.527+0000] {processor.py:830} INFO - Processing file /opt/airflow/dags/silver_layer_dag.py for tasks to queue
[2025-10-24T12:35:55.529+0000] {logging_mixin.py:188} INFO - [2025-10-24T12:35:55.529+0000] {dagbag.py:540} INFO - Filling up the DagBag from /opt/airflow/dags/silver_layer_dag.py
[2025-10-24T12:35:55.659+0000] {processor.py:840} INFO - DAG(s) 'silver_layer_dag' retrieved from /opt/airflow/dags/silver_layer_dag.py
[2025-10-24T12:35:55.680+0000] {logging_mixin.py:188} INFO - [2025-10-24T12:35:55.680+0000] {dag.py:3096} INFO - Sync 1 DAGs
[2025-10-24T12:35:55.691+0000] {logging_mixin.py:188} INFO - [2025-10-24T12:35:55.691+0000] {dag.py:3954} INFO - Setting next_dagrun for silver_layer_dag to None, run_after=None
[2025-10-24T12:35:55.705+0000] {processor.py:183} INFO - Processing /opt/airflow/dags/silver_layer_dag.py took 0.184 seconds
[2025-10-24T12:36:25.847+0000] {processor.py:161} INFO - Started process (PID=474) to work on /opt/airflow/dags/silver_layer_dag.py
[2025-10-24T12:36:25.848+0000] {processor.py:830} INFO - Processing file /opt/airflow/dags/silver_layer_dag.py for tasks to queue
[2025-10-24T12:36:25.850+0000] {logging_mixin.py:188} INFO - [2025-10-24T12:36:25.849+0000] {dagbag.py:540} INFO - Filling up the DagBag from /opt/airflow/dags/silver_layer_dag.py
[2025-10-24T12:36:25.974+0000] {processor.py:840} INFO - DAG(s) 'silver_layer_dag' retrieved from /opt/airflow/dags/silver_layer_dag.py
[2025-10-24T12:36:25.993+0000] {logging_mixin.py:188} INFO - [2025-10-24T12:36:25.992+0000] {dag.py:3096} INFO - Sync 1 DAGs
[2025-10-24T12:36:26.002+0000] {logging_mixin.py:188} INFO - [2025-10-24T12:36:26.002+0000] {dag.py:3954} INFO - Setting next_dagrun for silver_layer_dag to None, run_after=None
[2025-10-24T12:36:26.017+0000] {processor.py:183} INFO - Processing /opt/airflow/dags/silver_layer_dag.py took 0.175 seconds
[2025-10-24T12:36:56.174+0000] {processor.py:161} INFO - Started process (PID=480) to work on /opt/airflow/dags/silver_layer_dag.py
[2025-10-24T12:36:56.175+0000] {processor.py:830} INFO - Processing file /opt/airflow/dags/silver_layer_dag.py for tasks to queue
[2025-10-24T12:36:56.177+0000] {logging_mixin.py:188} INFO - [2025-10-24T12:36:56.176+0000] {dagbag.py:540} INFO - Filling up the DagBag from /opt/airflow/dags/silver_layer_dag.py
[2025-10-24T12:36:56.293+0000] {processor.py:840} INFO - DAG(s) 'silver_layer_dag' retrieved from /opt/airflow/dags/silver_layer_dag.py
[2025-10-24T12:36:56.311+0000] {logging_mixin.py:188} INFO - [2025-10-24T12:36:56.311+0000] {dag.py:3096} INFO - Sync 1 DAGs
[2025-10-24T12:36:56.321+0000] {logging_mixin.py:188} INFO - [2025-10-24T12:36:56.321+0000] {dag.py:3954} INFO - Setting next_dagrun for silver_layer_dag to None, run_after=None
[2025-10-24T12:36:56.334+0000] {processor.py:183} INFO - Processing /opt/airflow/dags/silver_layer_dag.py took 0.165 seconds
[2025-10-24T12:37:26.714+0000] {processor.py:161} INFO - Started process (PID=486) to work on /opt/airflow/dags/silver_layer_dag.py
[2025-10-24T12:37:26.715+0000] {processor.py:830} INFO - Processing file /opt/airflow/dags/silver_layer_dag.py for tasks to queue
[2025-10-24T12:37:26.716+0000] {logging_mixin.py:188} INFO - [2025-10-24T12:37:26.716+0000] {dagbag.py:540} INFO - Filling up the DagBag from /opt/airflow/dags/silver_layer_dag.py
[2025-10-24T12:37:26.834+0000] {processor.py:840} INFO - DAG(s) 'silver_layer_dag' retrieved from /opt/airflow/dags/silver_layer_dag.py
[2025-10-24T12:37:26.852+0000] {logging_mixin.py:188} INFO - [2025-10-24T12:37:26.852+0000] {dag.py:3096} INFO - Sync 1 DAGs
[2025-10-24T12:37:26.862+0000] {logging_mixin.py:188} INFO - [2025-10-24T12:37:26.861+0000] {dag.py:3954} INFO - Setting next_dagrun for silver_layer_dag to None, run_after=None
[2025-10-24T12:37:26.876+0000] {processor.py:183} INFO - Processing /opt/airflow/dags/silver_layer_dag.py took 0.166 seconds
[2025-10-24T12:37:56.967+0000] {processor.py:161} INFO - Started process (PID=492) to work on /opt/airflow/dags/silver_layer_dag.py
[2025-10-24T12:37:56.968+0000] {processor.py:830} INFO - Processing file /opt/airflow/dags/silver_layer_dag.py for tasks to queue
[2025-10-24T12:37:56.969+0000] {logging_mixin.py:188} INFO - [2025-10-24T12:37:56.969+0000] {dagbag.py:540} INFO - Filling up the DagBag from /opt/airflow/dags/silver_layer_dag.py
[2025-10-24T12:37:57.086+0000] {processor.py:840} INFO - DAG(s) 'silver_layer_dag' retrieved from /opt/airflow/dags/silver_layer_dag.py
[2025-10-24T12:37:57.103+0000] {logging_mixin.py:188} INFO - [2025-10-24T12:37:57.103+0000] {dag.py:3096} INFO - Sync 1 DAGs
[2025-10-24T12:37:57.112+0000] {logging_mixin.py:188} INFO - [2025-10-24T12:37:57.112+0000] {dag.py:3954} INFO - Setting next_dagrun for silver_layer_dag to None, run_after=None
[2025-10-24T12:37:57.125+0000] {processor.py:183} INFO - Processing /opt/airflow/dags/silver_layer_dag.py took 0.162 seconds
[2025-10-24T12:38:27.645+0000] {processor.py:161} INFO - Started process (PID=498) to work on /opt/airflow/dags/silver_layer_dag.py
[2025-10-24T12:38:27.646+0000] {processor.py:830} INFO - Processing file /opt/airflow/dags/silver_layer_dag.py for tasks to queue
[2025-10-24T12:38:27.647+0000] {logging_mixin.py:188} INFO - [2025-10-24T12:38:27.647+0000] {dagbag.py:540} INFO - Filling up the DagBag from /opt/airflow/dags/silver_layer_dag.py
[2025-10-24T12:38:27.767+0000] {processor.py:840} INFO - DAG(s) 'silver_layer_dag' retrieved from /opt/airflow/dags/silver_layer_dag.py
[2025-10-24T12:38:27.786+0000] {logging_mixin.py:188} INFO - [2025-10-24T12:38:27.786+0000] {dag.py:3096} INFO - Sync 1 DAGs
[2025-10-24T12:38:27.797+0000] {logging_mixin.py:188} INFO - [2025-10-24T12:38:27.797+0000] {dag.py:3954} INFO - Setting next_dagrun for silver_layer_dag to None, run_after=None
[2025-10-24T12:38:27.812+0000] {processor.py:183} INFO - Processing /opt/airflow/dags/silver_layer_dag.py took 0.171 seconds
[2025-10-24T12:38:57.912+0000] {processor.py:161} INFO - Started process (PID=504) to work on /opt/airflow/dags/silver_layer_dag.py
[2025-10-24T12:38:57.912+0000] {processor.py:830} INFO - Processing file /opt/airflow/dags/silver_layer_dag.py for tasks to queue
[2025-10-24T12:38:57.914+0000] {logging_mixin.py:188} INFO - [2025-10-24T12:38:57.913+0000] {dagbag.py:540} INFO - Filling up the DagBag from /opt/airflow/dags/silver_layer_dag.py
[2025-10-24T12:38:58.028+0000] {processor.py:840} INFO - DAG(s) 'silver_layer_dag' retrieved from /opt/airflow/dags/silver_layer_dag.py
[2025-10-24T12:38:58.045+0000] {logging_mixin.py:188} INFO - [2025-10-24T12:38:58.045+0000] {dag.py:3096} INFO - Sync 1 DAGs
[2025-10-24T12:38:58.054+0000] {logging_mixin.py:188} INFO - [2025-10-24T12:38:58.054+0000] {dag.py:3954} INFO - Setting next_dagrun for silver_layer_dag to None, run_after=None
[2025-10-24T12:38:58.067+0000] {processor.py:183} INFO - Processing /opt/airflow/dags/silver_layer_dag.py took 0.160 seconds
[2025-10-24T12:39:28.242+0000] {processor.py:161} INFO - Started process (PID=510) to work on /opt/airflow/dags/silver_layer_dag.py
[2025-10-24T12:39:28.243+0000] {processor.py:830} INFO - Processing file /opt/airflow/dags/silver_layer_dag.py for tasks to queue
[2025-10-24T12:39:28.245+0000] {logging_mixin.py:188} INFO - [2025-10-24T12:39:28.244+0000] {dagbag.py:540} INFO - Filling up the DagBag from /opt/airflow/dags/silver_layer_dag.py
[2025-10-24T12:39:28.359+0000] {processor.py:840} INFO - DAG(s) 'silver_layer_dag' retrieved from /opt/airflow/dags/silver_layer_dag.py
[2025-10-24T12:39:28.377+0000] {logging_mixin.py:188} INFO - [2025-10-24T12:39:28.377+0000] {dag.py:3096} INFO - Sync 1 DAGs
[2025-10-24T12:39:28.386+0000] {logging_mixin.py:188} INFO - [2025-10-24T12:39:28.386+0000] {dag.py:3954} INFO - Setting next_dagrun for silver_layer_dag to None, run_after=None
[2025-10-24T12:39:28.399+0000] {processor.py:183} INFO - Processing /opt/airflow/dags/silver_layer_dag.py took 0.161 seconds
[2025-10-24T12:39:58.824+0000] {processor.py:161} INFO - Started process (PID=516) to work on /opt/airflow/dags/silver_layer_dag.py
[2025-10-24T12:39:58.825+0000] {processor.py:830} INFO - Processing file /opt/airflow/dags/silver_layer_dag.py for tasks to queue
[2025-10-24T12:39:58.827+0000] {logging_mixin.py:188} INFO - [2025-10-24T12:39:58.827+0000] {dagbag.py:540} INFO - Filling up the DagBag from /opt/airflow/dags/silver_layer_dag.py
[2025-10-24T12:39:58.959+0000] {processor.py:840} INFO - DAG(s) 'silver_layer_dag' retrieved from /opt/airflow/dags/silver_layer_dag.py
[2025-10-24T12:39:58.977+0000] {logging_mixin.py:188} INFO - [2025-10-24T12:39:58.977+0000] {dag.py:3096} INFO - Sync 1 DAGs
[2025-10-24T12:39:58.987+0000] {logging_mixin.py:188} INFO - [2025-10-24T12:39:58.987+0000] {dag.py:3954} INFO - Setting next_dagrun for silver_layer_dag to None, run_after=None
[2025-10-24T12:39:59.018+0000] {processor.py:183} INFO - Processing /opt/airflow/dags/silver_layer_dag.py took 0.200 seconds
[2025-10-24T12:40:29.093+0000] {processor.py:161} INFO - Started process (PID=522) to work on /opt/airflow/dags/silver_layer_dag.py
[2025-10-24T12:40:29.094+0000] {processor.py:830} INFO - Processing file /opt/airflow/dags/silver_layer_dag.py for tasks to queue
[2025-10-24T12:40:29.096+0000] {logging_mixin.py:188} INFO - [2025-10-24T12:40:29.095+0000] {dagbag.py:540} INFO - Filling up the DagBag from /opt/airflow/dags/silver_layer_dag.py
[2025-10-24T12:40:29.209+0000] {processor.py:840} INFO - DAG(s) 'silver_layer_dag' retrieved from /opt/airflow/dags/silver_layer_dag.py
[2025-10-24T12:40:29.226+0000] {logging_mixin.py:188} INFO - [2025-10-24T12:40:29.226+0000] {dag.py:3096} INFO - Sync 1 DAGs
[2025-10-24T12:40:29.235+0000] {logging_mixin.py:188} INFO - [2025-10-24T12:40:29.235+0000] {dag.py:3954} INFO - Setting next_dagrun for silver_layer_dag to None, run_after=None
[2025-10-24T12:40:29.250+0000] {processor.py:183} INFO - Processing /opt/airflow/dags/silver_layer_dag.py took 0.161 seconds
[2025-10-24T12:40:59.417+0000] {processor.py:161} INFO - Started process (PID=528) to work on /opt/airflow/dags/silver_layer_dag.py
[2025-10-24T12:40:59.418+0000] {processor.py:830} INFO - Processing file /opt/airflow/dags/silver_layer_dag.py for tasks to queue
[2025-10-24T12:40:59.419+0000] {logging_mixin.py:188} INFO - [2025-10-24T12:40:59.419+0000] {dagbag.py:540} INFO - Filling up the DagBag from /opt/airflow/dags/silver_layer_dag.py
[2025-10-24T12:40:59.545+0000] {processor.py:840} INFO - DAG(s) 'silver_layer_dag' retrieved from /opt/airflow/dags/silver_layer_dag.py
[2025-10-24T12:40:59.565+0000] {logging_mixin.py:188} INFO - [2025-10-24T12:40:59.565+0000] {dag.py:3096} INFO - Sync 1 DAGs
[2025-10-24T12:40:59.726+0000] {logging_mixin.py:188} INFO - [2025-10-24T12:40:59.726+0000] {dag.py:3954} INFO - Setting next_dagrun for silver_layer_dag to None, run_after=None
[2025-10-24T12:40:59.740+0000] {processor.py:183} INFO - Processing /opt/airflow/dags/silver_layer_dag.py took 0.328 seconds
[2025-10-24T12:41:30.084+0000] {processor.py:161} INFO - Started process (PID=534) to work on /opt/airflow/dags/silver_layer_dag.py
[2025-10-24T12:41:30.085+0000] {processor.py:830} INFO - Processing file /opt/airflow/dags/silver_layer_dag.py for tasks to queue
[2025-10-24T12:41:30.086+0000] {logging_mixin.py:188} INFO - [2025-10-24T12:41:30.086+0000] {dagbag.py:540} INFO - Filling up the DagBag from /opt/airflow/dags/silver_layer_dag.py
[2025-10-24T12:41:30.199+0000] {processor.py:840} INFO - DAG(s) 'silver_layer_dag' retrieved from /opt/airflow/dags/silver_layer_dag.py
[2025-10-24T12:41:30.214+0000] {logging_mixin.py:188} INFO - [2025-10-24T12:41:30.214+0000] {dag.py:3096} INFO - Sync 1 DAGs
[2025-10-24T12:41:30.222+0000] {logging_mixin.py:188} INFO - [2025-10-24T12:41:30.222+0000] {dag.py:3954} INFO - Setting next_dagrun for silver_layer_dag to None, run_after=None
[2025-10-24T12:41:30.234+0000] {processor.py:183} INFO - Processing /opt/airflow/dags/silver_layer_dag.py took 0.154 seconds
[2025-10-24T12:42:01.121+0000] {processor.py:161} INFO - Started process (PID=540) to work on /opt/airflow/dags/silver_layer_dag.py
[2025-10-24T12:42:01.122+0000] {processor.py:830} INFO - Processing file /opt/airflow/dags/silver_layer_dag.py for tasks to queue
[2025-10-24T12:42:01.124+0000] {logging_mixin.py:188} INFO - [2025-10-24T12:42:01.123+0000] {dagbag.py:540} INFO - Filling up the DagBag from /opt/airflow/dags/silver_layer_dag.py
[2025-10-24T12:42:01.311+0000] {processor.py:840} INFO - DAG(s) 'silver_layer_dag' retrieved from /opt/airflow/dags/silver_layer_dag.py
[2025-10-24T12:42:01.338+0000] {logging_mixin.py:188} INFO - [2025-10-24T12:42:01.337+0000] {dag.py:3096} INFO - Sync 1 DAGs
[2025-10-24T12:42:01.357+0000] {logging_mixin.py:188} INFO - [2025-10-24T12:42:01.357+0000] {dag.py:3954} INFO - Setting next_dagrun for silver_layer_dag to None, run_after=None
[2025-10-24T12:42:01.383+0000] {processor.py:183} INFO - Processing /opt/airflow/dags/silver_layer_dag.py took 0.266 seconds
[2025-10-24T12:42:32.422+0000] {processor.py:161} INFO - Started process (PID=546) to work on /opt/airflow/dags/silver_layer_dag.py
[2025-10-24T12:42:32.423+0000] {processor.py:830} INFO - Processing file /opt/airflow/dags/silver_layer_dag.py for tasks to queue
[2025-10-24T12:42:32.425+0000] {logging_mixin.py:188} INFO - [2025-10-24T12:42:32.424+0000] {dagbag.py:540} INFO - Filling up the DagBag from /opt/airflow/dags/silver_layer_dag.py
[2025-10-24T12:42:32.538+0000] {processor.py:840} INFO - DAG(s) 'silver_layer_dag' retrieved from /opt/airflow/dags/silver_layer_dag.py
[2025-10-24T12:42:32.554+0000] {logging_mixin.py:188} INFO - [2025-10-24T12:42:32.554+0000] {dag.py:3096} INFO - Sync 1 DAGs
[2025-10-24T12:42:32.562+0000] {logging_mixin.py:188} INFO - [2025-10-24T12:42:32.562+0000] {dag.py:3954} INFO - Setting next_dagrun for silver_layer_dag to None, run_after=None
[2025-10-24T12:42:32.680+0000] {processor.py:183} INFO - Processing /opt/airflow/dags/silver_layer_dag.py took 0.262 seconds
[2025-10-24T12:43:04.720+0000] {processor.py:161} INFO - Started process (PID=552) to work on /opt/airflow/dags/silver_layer_dag.py
[2025-10-24T12:43:04.720+0000] {processor.py:830} INFO - Processing file /opt/airflow/dags/silver_layer_dag.py for tasks to queue
[2025-10-24T12:43:04.722+0000] {logging_mixin.py:188} INFO - [2025-10-24T12:43:04.722+0000] {dagbag.py:540} INFO - Filling up the DagBag from /opt/airflow/dags/silver_layer_dag.py
[2025-10-24T12:43:04.835+0000] {processor.py:840} INFO - DAG(s) 'silver_layer_dag' retrieved from /opt/airflow/dags/silver_layer_dag.py
[2025-10-24T12:43:04.959+0000] {logging_mixin.py:188} INFO - [2025-10-24T12:43:04.959+0000] {dag.py:3096} INFO - Sync 1 DAGs
[2025-10-24T12:43:04.967+0000] {logging_mixin.py:188} INFO - [2025-10-24T12:43:04.967+0000] {dag.py:3954} INFO - Setting next_dagrun for silver_layer_dag to None, run_after=None
[2025-10-24T12:43:04.979+0000] {processor.py:183} INFO - Processing /opt/airflow/dags/silver_layer_dag.py took 0.264 seconds
[2025-10-24T12:43:35.633+0000] {processor.py:161} INFO - Started process (PID=558) to work on /opt/airflow/dags/silver_layer_dag.py
[2025-10-24T12:43:35.634+0000] {processor.py:830} INFO - Processing file /opt/airflow/dags/silver_layer_dag.py for tasks to queue
[2025-10-24T12:43:35.636+0000] {logging_mixin.py:188} INFO - [2025-10-24T12:43:35.635+0000] {dagbag.py:540} INFO - Filling up the DagBag from /opt/airflow/dags/silver_layer_dag.py
[2025-10-24T12:43:35.756+0000] {processor.py:840} INFO - DAG(s) 'silver_layer_dag' retrieved from /opt/airflow/dags/silver_layer_dag.py
[2025-10-24T12:43:35.773+0000] {logging_mixin.py:188} INFO - [2025-10-24T12:43:35.773+0000] {dag.py:3096} INFO - Sync 1 DAGs
[2025-10-24T12:43:35.782+0000] {logging_mixin.py:188} INFO - [2025-10-24T12:43:35.782+0000] {dag.py:3954} INFO - Setting next_dagrun for silver_layer_dag to None, run_after=None
[2025-10-24T12:43:35.797+0000] {processor.py:183} INFO - Processing /opt/airflow/dags/silver_layer_dag.py took 0.170 seconds
[2025-10-24T12:44:06.851+0000] {processor.py:161} INFO - Started process (PID=564) to work on /opt/airflow/dags/silver_layer_dag.py
[2025-10-24T12:44:06.852+0000] {processor.py:830} INFO - Processing file /opt/airflow/dags/silver_layer_dag.py for tasks to queue
[2025-10-24T12:44:06.853+0000] {logging_mixin.py:188} INFO - [2025-10-24T12:44:06.853+0000] {dagbag.py:540} INFO - Filling up the DagBag from /opt/airflow/dags/silver_layer_dag.py
[2025-10-24T12:44:07.101+0000] {processor.py:840} INFO - DAG(s) 'silver_layer_dag' retrieved from /opt/airflow/dags/silver_layer_dag.py
[2025-10-24T12:44:07.115+0000] {logging_mixin.py:188} INFO - [2025-10-24T12:44:07.115+0000] {dag.py:3096} INFO - Sync 1 DAGs
[2025-10-24T12:44:07.122+0000] {logging_mixin.py:188} INFO - [2025-10-24T12:44:07.122+0000] {dag.py:3954} INFO - Setting next_dagrun for silver_layer_dag to None, run_after=None
[2025-10-24T12:44:07.137+0000] {processor.py:183} INFO - Processing /opt/airflow/dags/silver_layer_dag.py took 0.291 seconds
[2025-10-24T12:44:37.936+0000] {processor.py:161} INFO - Started process (PID=570) to work on /opt/airflow/dags/silver_layer_dag.py
[2025-10-24T12:44:37.937+0000] {processor.py:830} INFO - Processing file /opt/airflow/dags/silver_layer_dag.py for tasks to queue
[2025-10-24T12:44:37.939+0000] {logging_mixin.py:188} INFO - [2025-10-24T12:44:37.938+0000] {dagbag.py:540} INFO - Filling up the DagBag from /opt/airflow/dags/silver_layer_dag.py
[2025-10-24T12:44:38.174+0000] {processor.py:840} INFO - DAG(s) 'silver_layer_dag' retrieved from /opt/airflow/dags/silver_layer_dag.py
[2025-10-24T12:44:38.188+0000] {logging_mixin.py:188} INFO - [2025-10-24T12:44:38.188+0000] {dag.py:3096} INFO - Sync 1 DAGs
[2025-10-24T12:44:38.195+0000] {logging_mixin.py:188} INFO - [2025-10-24T12:44:38.195+0000] {dag.py:3954} INFO - Setting next_dagrun for silver_layer_dag to None, run_after=None
[2025-10-24T12:44:38.207+0000] {processor.py:183} INFO - Processing /opt/airflow/dags/silver_layer_dag.py took 0.276 seconds
[2025-10-24T12:45:08.657+0000] {processor.py:161} INFO - Started process (PID=576) to work on /opt/airflow/dags/silver_layer_dag.py
[2025-10-24T12:45:08.658+0000] {processor.py:830} INFO - Processing file /opt/airflow/dags/silver_layer_dag.py for tasks to queue
[2025-10-24T12:45:08.659+0000] {logging_mixin.py:188} INFO - [2025-10-24T12:45:08.659+0000] {dagbag.py:540} INFO - Filling up the DagBag from /opt/airflow/dags/silver_layer_dag.py
[2025-10-24T12:45:08.878+0000] {processor.py:840} INFO - DAG(s) 'silver_layer_dag' retrieved from /opt/airflow/dags/silver_layer_dag.py
[2025-10-24T12:45:08.895+0000] {logging_mixin.py:188} INFO - [2025-10-24T12:45:08.895+0000] {dag.py:3096} INFO - Sync 1 DAGs
[2025-10-24T12:45:08.905+0000] {logging_mixin.py:188} INFO - [2025-10-24T12:45:08.905+0000] {dag.py:3954} INFO - Setting next_dagrun for silver_layer_dag to None, run_after=None
[2025-10-24T12:45:08.922+0000] {processor.py:183} INFO - Processing /opt/airflow/dags/silver_layer_dag.py took 0.269 seconds
[2025-10-24T12:45:39.401+0000] {processor.py:161} INFO - Started process (PID=582) to work on /opt/airflow/dags/silver_layer_dag.py
[2025-10-24T12:45:39.402+0000] {processor.py:830} INFO - Processing file /opt/airflow/dags/silver_layer_dag.py for tasks to queue
[2025-10-24T12:45:39.403+0000] {logging_mixin.py:188} INFO - [2025-10-24T12:45:39.403+0000] {dagbag.py:540} INFO - Filling up the DagBag from /opt/airflow/dags/silver_layer_dag.py
[2025-10-24T12:45:39.695+0000] {processor.py:840} INFO - DAG(s) 'silver_layer_dag' retrieved from /opt/airflow/dags/silver_layer_dag.py
[2025-10-24T12:45:39.712+0000] {logging_mixin.py:188} INFO - [2025-10-24T12:45:39.712+0000] {dag.py:3096} INFO - Sync 1 DAGs
[2025-10-24T12:45:39.720+0000] {logging_mixin.py:188} INFO - [2025-10-24T12:45:39.720+0000] {dag.py:3954} INFO - Setting next_dagrun for silver_layer_dag to None, run_after=None
[2025-10-24T12:45:39.734+0000] {processor.py:183} INFO - Processing /opt/airflow/dags/silver_layer_dag.py took 0.337 seconds
[2025-10-24T12:46:12.626+0000] {processor.py:161} INFO - Started process (PID=588) to work on /opt/airflow/dags/silver_layer_dag.py
[2025-10-24T12:46:12.627+0000] {processor.py:830} INFO - Processing file /opt/airflow/dags/silver_layer_dag.py for tasks to queue
[2025-10-24T12:46:12.629+0000] {logging_mixin.py:188} INFO - [2025-10-24T12:46:12.628+0000] {dagbag.py:540} INFO - Filling up the DagBag from /opt/airflow/dags/silver_layer_dag.py
[2025-10-24T12:46:12.857+0000] {processor.py:840} INFO - DAG(s) 'silver_layer_dag' retrieved from /opt/airflow/dags/silver_layer_dag.py
[2025-10-24T12:46:12.871+0000] {logging_mixin.py:188} INFO - [2025-10-24T12:46:12.871+0000] {dag.py:3096} INFO - Sync 1 DAGs
[2025-10-24T12:46:12.877+0000] {logging_mixin.py:188} INFO - [2025-10-24T12:46:12.877+0000] {dag.py:3954} INFO - Setting next_dagrun for silver_layer_dag to None, run_after=None
[2025-10-24T12:46:12.888+0000] {processor.py:183} INFO - Processing /opt/airflow/dags/silver_layer_dag.py took 0.266 seconds
[2025-10-24T12:46:44.942+0000] {processor.py:161} INFO - Started process (PID=594) to work on /opt/airflow/dags/silver_layer_dag.py
[2025-10-24T12:46:44.943+0000] {processor.py:830} INFO - Processing file /opt/airflow/dags/silver_layer_dag.py for tasks to queue
[2025-10-24T12:46:44.945+0000] {logging_mixin.py:188} INFO - [2025-10-24T12:46:44.944+0000] {dagbag.py:540} INFO - Filling up the DagBag from /opt/airflow/dags/silver_layer_dag.py
[2025-10-24T12:46:45.061+0000] {processor.py:840} INFO - DAG(s) 'silver_layer_dag' retrieved from /opt/airflow/dags/silver_layer_dag.py
[2025-10-24T12:46:45.077+0000] {logging_mixin.py:188} INFO - [2025-10-24T12:46:45.076+0000] {dag.py:3096} INFO - Sync 1 DAGs
[2025-10-24T12:46:45.085+0000] {logging_mixin.py:188} INFO - [2025-10-24T12:46:45.085+0000] {dag.py:3954} INFO - Setting next_dagrun for silver_layer_dag to None, run_after=None
[2025-10-24T12:46:45.099+0000] {processor.py:183} INFO - Processing /opt/airflow/dags/silver_layer_dag.py took 0.161 seconds
[2025-10-24T12:47:17.090+0000] {processor.py:161} INFO - Started process (PID=600) to work on /opt/airflow/dags/silver_layer_dag.py
[2025-10-24T12:47:17.091+0000] {processor.py:830} INFO - Processing file /opt/airflow/dags/silver_layer_dag.py for tasks to queue
[2025-10-24T12:47:17.092+0000] {logging_mixin.py:188} INFO - [2025-10-24T12:47:17.092+0000] {dagbag.py:540} INFO - Filling up the DagBag from /opt/airflow/dags/silver_layer_dag.py
[2025-10-24T12:47:17.245+0000] {processor.py:840} INFO - DAG(s) 'silver_layer_dag' retrieved from /opt/airflow/dags/silver_layer_dag.py
[2025-10-24T12:47:17.265+0000] {logging_mixin.py:188} INFO - [2025-10-24T12:47:17.265+0000] {dag.py:3096} INFO - Sync 1 DAGs
[2025-10-24T12:47:17.273+0000] {logging_mixin.py:188} INFO - [2025-10-24T12:47:17.273+0000] {dag.py:3954} INFO - Setting next_dagrun for silver_layer_dag to None, run_after=None
[2025-10-24T12:47:17.286+0000] {processor.py:183} INFO - Processing /opt/airflow/dags/silver_layer_dag.py took 0.200 seconds
[2025-10-24T12:47:47.888+0000] {processor.py:161} INFO - Started process (PID=606) to work on /opt/airflow/dags/silver_layer_dag.py
[2025-10-24T12:47:47.888+0000] {processor.py:830} INFO - Processing file /opt/airflow/dags/silver_layer_dag.py for tasks to queue
[2025-10-24T12:47:47.890+0000] {logging_mixin.py:188} INFO - [2025-10-24T12:47:47.890+0000] {dagbag.py:540} INFO - Filling up the DagBag from /opt/airflow/dags/silver_layer_dag.py
[2025-10-24T12:47:48.003+0000] {processor.py:840} INFO - DAG(s) 'silver_layer_dag' retrieved from /opt/airflow/dags/silver_layer_dag.py
[2025-10-24T12:47:48.020+0000] {logging_mixin.py:188} INFO - [2025-10-24T12:47:48.020+0000] {dag.py:3096} INFO - Sync 1 DAGs
[2025-10-24T12:47:48.027+0000] {logging_mixin.py:188} INFO - [2025-10-24T12:47:48.027+0000] {dag.py:3954} INFO - Setting next_dagrun for silver_layer_dag to None, run_after=None
[2025-10-24T12:47:48.040+0000] {processor.py:183} INFO - Processing /opt/airflow/dags/silver_layer_dag.py took 0.157 seconds
[2025-10-24T12:48:22.665+0000] {processor.py:161} INFO - Started process (PID=612) to work on /opt/airflow/dags/silver_layer_dag.py
[2025-10-24T12:48:22.665+0000] {processor.py:830} INFO - Processing file /opt/airflow/dags/silver_layer_dag.py for tasks to queue
[2025-10-24T12:48:22.667+0000] {logging_mixin.py:188} INFO - [2025-10-24T12:48:22.667+0000] {dagbag.py:540} INFO - Filling up the DagBag from /opt/airflow/dags/silver_layer_dag.py
[2025-10-24T12:48:22.778+0000] {processor.py:840} INFO - DAG(s) 'silver_layer_dag' retrieved from /opt/airflow/dags/silver_layer_dag.py
[2025-10-24T12:48:22.794+0000] {logging_mixin.py:188} INFO - [2025-10-24T12:48:22.794+0000] {dag.py:3096} INFO - Sync 1 DAGs
[2025-10-24T12:48:22.801+0000] {logging_mixin.py:188} INFO - [2025-10-24T12:48:22.801+0000] {dag.py:3954} INFO - Setting next_dagrun for silver_layer_dag to None, run_after=None
[2025-10-24T12:48:22.813+0000] {processor.py:183} INFO - Processing /opt/airflow/dags/silver_layer_dag.py took 0.153 seconds
[2025-10-24T12:48:54.693+0000] {processor.py:161} INFO - Started process (PID=618) to work on /opt/airflow/dags/silver_layer_dag.py
[2025-10-24T12:48:54.694+0000] {processor.py:830} INFO - Processing file /opt/airflow/dags/silver_layer_dag.py for tasks to queue
[2025-10-24T12:48:54.696+0000] {logging_mixin.py:188} INFO - [2025-10-24T12:48:54.695+0000] {dagbag.py:540} INFO - Filling up the DagBag from /opt/airflow/dags/silver_layer_dag.py
[2025-10-24T12:48:54.810+0000] {processor.py:840} INFO - DAG(s) 'silver_layer_dag' retrieved from /opt/airflow/dags/silver_layer_dag.py
[2025-10-24T12:48:54.826+0000] {logging_mixin.py:188} INFO - [2025-10-24T12:48:54.826+0000] {dag.py:3096} INFO - Sync 1 DAGs
[2025-10-24T12:48:54.834+0000] {logging_mixin.py:188} INFO - [2025-10-24T12:48:54.833+0000] {dag.py:3954} INFO - Setting next_dagrun for silver_layer_dag to None, run_after=None
[2025-10-24T12:48:54.847+0000] {processor.py:183} INFO - Processing /opt/airflow/dags/silver_layer_dag.py took 0.158 seconds
[2025-10-24T12:49:28.056+0000] {processor.py:161} INFO - Started process (PID=624) to work on /opt/airflow/dags/silver_layer_dag.py
[2025-10-24T12:49:28.057+0000] {processor.py:830} INFO - Processing file /opt/airflow/dags/silver_layer_dag.py for tasks to queue
[2025-10-24T12:49:28.058+0000] {logging_mixin.py:188} INFO - [2025-10-24T12:49:28.058+0000] {dagbag.py:540} INFO - Filling up the DagBag from /opt/airflow/dags/silver_layer_dag.py
[2025-10-24T12:49:28.184+0000] {processor.py:840} INFO - DAG(s) 'silver_layer_dag' retrieved from /opt/airflow/dags/silver_layer_dag.py
[2025-10-24T12:49:28.202+0000] {logging_mixin.py:188} INFO - [2025-10-24T12:49:28.202+0000] {dag.py:3096} INFO - Sync 1 DAGs
[2025-10-24T12:49:28.212+0000] {logging_mixin.py:188} INFO - [2025-10-24T12:49:28.212+0000] {dag.py:3954} INFO - Setting next_dagrun for silver_layer_dag to None, run_after=None
[2025-10-24T12:49:28.225+0000] {processor.py:183} INFO - Processing /opt/airflow/dags/silver_layer_dag.py took 0.174 seconds
[2025-10-24T12:50:00.251+0000] {processor.py:161} INFO - Started process (PID=630) to work on /opt/airflow/dags/silver_layer_dag.py
[2025-10-24T12:50:00.252+0000] {processor.py:830} INFO - Processing file /opt/airflow/dags/silver_layer_dag.py for tasks to queue
[2025-10-24T12:50:00.253+0000] {logging_mixin.py:188} INFO - [2025-10-24T12:50:00.253+0000] {dagbag.py:540} INFO - Filling up the DagBag from /opt/airflow/dags/silver_layer_dag.py
[2025-10-24T12:50:00.369+0000] {processor.py:840} INFO - DAG(s) 'silver_layer_dag' retrieved from /opt/airflow/dags/silver_layer_dag.py
[2025-10-24T12:50:00.385+0000] {logging_mixin.py:188} INFO - [2025-10-24T12:50:00.385+0000] {dag.py:3096} INFO - Sync 1 DAGs
[2025-10-24T12:50:00.393+0000] {logging_mixin.py:188} INFO - [2025-10-24T12:50:00.393+0000] {dag.py:3954} INFO - Setting next_dagrun for silver_layer_dag to None, run_after=None
[2025-10-24T12:50:00.405+0000] {processor.py:183} INFO - Processing /opt/airflow/dags/silver_layer_dag.py took 0.158 seconds
[2025-10-24T12:50:32.068+0000] {processor.py:161} INFO - Started process (PID=633) to work on /opt/airflow/dags/silver_layer_dag.py
[2025-10-24T12:50:32.069+0000] {processor.py:830} INFO - Processing file /opt/airflow/dags/silver_layer_dag.py for tasks to queue
[2025-10-24T12:50:32.070+0000] {logging_mixin.py:188} INFO - [2025-10-24T12:50:32.070+0000] {dagbag.py:540} INFO - Filling up the DagBag from /opt/airflow/dags/silver_layer_dag.py
[2025-10-24T12:50:32.201+0000] {processor.py:840} INFO - DAG(s) 'silver_layer_dag' retrieved from /opt/airflow/dags/silver_layer_dag.py
[2025-10-24T12:50:32.220+0000] {logging_mixin.py:188} INFO - [2025-10-24T12:50:32.220+0000] {dag.py:3096} INFO - Sync 1 DAGs
[2025-10-24T12:50:32.231+0000] {logging_mixin.py:188} INFO - [2025-10-24T12:50:32.231+0000] {dag.py:3954} INFO - Setting next_dagrun for silver_layer_dag to None, run_after=None
[2025-10-24T12:50:32.248+0000] {processor.py:183} INFO - Processing /opt/airflow/dags/silver_layer_dag.py took 0.185 seconds
[2025-10-24T12:51:05.171+0000] {processor.py:161} INFO - Started process (PID=637) to work on /opt/airflow/dags/silver_layer_dag.py
[2025-10-24T12:51:05.172+0000] {processor.py:830} INFO - Processing file /opt/airflow/dags/silver_layer_dag.py for tasks to queue
[2025-10-24T12:51:05.173+0000] {logging_mixin.py:188} INFO - [2025-10-24T12:51:05.173+0000] {dagbag.py:540} INFO - Filling up the DagBag from /opt/airflow/dags/silver_layer_dag.py
[2025-10-24T12:51:05.323+0000] {processor.py:840} INFO - DAG(s) 'silver_layer_dag' retrieved from /opt/airflow/dags/silver_layer_dag.py
[2025-10-24T12:51:05.343+0000] {logging_mixin.py:188} INFO - [2025-10-24T12:51:05.343+0000] {dag.py:3096} INFO - Sync 1 DAGs
[2025-10-24T12:51:05.353+0000] {logging_mixin.py:188} INFO - [2025-10-24T12:51:05.353+0000] {dag.py:3954} INFO - Setting next_dagrun for silver_layer_dag to None, run_after=None
[2025-10-24T12:51:05.372+0000] {processor.py:183} INFO - Processing /opt/airflow/dags/silver_layer_dag.py took 0.205 seconds
[2025-10-24T12:51:35.772+0000] {processor.py:161} INFO - Started process (PID=641) to work on /opt/airflow/dags/silver_layer_dag.py
[2025-10-24T12:51:35.773+0000] {processor.py:830} INFO - Processing file /opt/airflow/dags/silver_layer_dag.py for tasks to queue
[2025-10-24T12:51:35.773+0000] {logging_mixin.py:188} INFO - [2025-10-24T12:51:35.773+0000] {dagbag.py:540} INFO - Filling up the DagBag from /opt/airflow/dags/silver_layer_dag.py
[2025-10-24T12:51:35.891+0000] {processor.py:840} INFO - DAG(s) 'silver_layer_dag' retrieved from /opt/airflow/dags/silver_layer_dag.py
[2025-10-24T12:51:35.910+0000] {logging_mixin.py:188} INFO - [2025-10-24T12:51:35.910+0000] {dag.py:3096} INFO - Sync 1 DAGs
[2025-10-24T12:51:35.921+0000] {logging_mixin.py:188} INFO - [2025-10-24T12:51:35.921+0000] {dag.py:3954} INFO - Setting next_dagrun for silver_layer_dag to None, run_after=None
[2025-10-24T12:51:35.936+0000] {processor.py:183} INFO - Processing /opt/airflow/dags/silver_layer_dag.py took 0.168 seconds
[2025-10-24T12:52:06.808+0000] {processor.py:161} INFO - Started process (PID=645) to work on /opt/airflow/dags/silver_layer_dag.py
[2025-10-24T12:52:06.809+0000] {processor.py:830} INFO - Processing file /opt/airflow/dags/silver_layer_dag.py for tasks to queue
[2025-10-24T12:52:06.810+0000] {logging_mixin.py:188} INFO - [2025-10-24T12:52:06.809+0000] {dagbag.py:540} INFO - Filling up the DagBag from /opt/airflow/dags/silver_layer_dag.py
[2025-10-24T12:52:06.958+0000] {processor.py:840} INFO - DAG(s) 'silver_layer_dag' retrieved from /opt/airflow/dags/silver_layer_dag.py
[2025-10-24T12:52:06.981+0000] {logging_mixin.py:188} INFO - [2025-10-24T12:52:06.981+0000] {dag.py:3096} INFO - Sync 1 DAGs
[2025-10-24T12:52:06.994+0000] {logging_mixin.py:188} INFO - [2025-10-24T12:52:06.993+0000] {dag.py:3954} INFO - Setting next_dagrun for silver_layer_dag to None, run_after=None
[2025-10-24T12:52:07.012+0000] {processor.py:183} INFO - Processing /opt/airflow/dags/silver_layer_dag.py took 0.211 seconds
[2025-10-24T12:52:37.204+0000] {processor.py:161} INFO - Started process (PID=648) to work on /opt/airflow/dags/silver_layer_dag.py
[2025-10-24T12:52:37.205+0000] {processor.py:830} INFO - Processing file /opt/airflow/dags/silver_layer_dag.py for tasks to queue
[2025-10-24T12:52:37.205+0000] {logging_mixin.py:188} INFO - [2025-10-24T12:52:37.205+0000] {dagbag.py:540} INFO - Filling up the DagBag from /opt/airflow/dags/silver_layer_dag.py
[2025-10-24T12:52:37.337+0000] {processor.py:840} INFO - DAG(s) 'silver_layer_dag' retrieved from /opt/airflow/dags/silver_layer_dag.py
[2025-10-24T12:52:37.355+0000] {logging_mixin.py:188} INFO - [2025-10-24T12:52:37.355+0000] {dag.py:3096} INFO - Sync 1 DAGs
[2025-10-24T12:52:37.366+0000] {logging_mixin.py:188} INFO - [2025-10-24T12:52:37.366+0000] {dag.py:3954} INFO - Setting next_dagrun for silver_layer_dag to None, run_after=None
[2025-10-24T12:52:37.381+0000] {processor.py:183} INFO - Processing /opt/airflow/dags/silver_layer_dag.py took 0.182 seconds
[2025-10-24T12:53:07.458+0000] {processor.py:161} INFO - Started process (PID=653) to work on /opt/airflow/dags/silver_layer_dag.py
[2025-10-24T12:53:07.459+0000] {processor.py:830} INFO - Processing file /opt/airflow/dags/silver_layer_dag.py for tasks to queue
[2025-10-24T12:53:07.459+0000] {logging_mixin.py:188} INFO - [2025-10-24T12:53:07.459+0000] {dagbag.py:540} INFO - Filling up the DagBag from /opt/airflow/dags/silver_layer_dag.py
[2025-10-24T12:53:07.574+0000] {processor.py:840} INFO - DAG(s) 'silver_layer_dag' retrieved from /opt/airflow/dags/silver_layer_dag.py
[2025-10-24T12:53:07.593+0000] {logging_mixin.py:188} INFO - [2025-10-24T12:53:07.592+0000] {dag.py:3096} INFO - Sync 1 DAGs
[2025-10-24T12:53:07.602+0000] {logging_mixin.py:188} INFO - [2025-10-24T12:53:07.602+0000] {dag.py:3954} INFO - Setting next_dagrun for silver_layer_dag to None, run_after=None
[2025-10-24T12:53:07.616+0000] {processor.py:183} INFO - Processing /opt/airflow/dags/silver_layer_dag.py took 0.162 seconds
[2025-10-24T12:53:38.506+0000] {processor.py:161} INFO - Started process (PID=657) to work on /opt/airflow/dags/silver_layer_dag.py
[2025-10-24T12:53:38.507+0000] {processor.py:830} INFO - Processing file /opt/airflow/dags/silver_layer_dag.py for tasks to queue
[2025-10-24T12:53:38.507+0000] {logging_mixin.py:188} INFO - [2025-10-24T12:53:38.507+0000] {dagbag.py:540} INFO - Filling up the DagBag from /opt/airflow/dags/silver_layer_dag.py
[2025-10-24T12:53:38.623+0000] {processor.py:840} INFO - DAG(s) 'silver_layer_dag' retrieved from /opt/airflow/dags/silver_layer_dag.py
[2025-10-24T12:53:38.639+0000] {logging_mixin.py:188} INFO - [2025-10-24T12:53:38.639+0000] {dag.py:3096} INFO - Sync 1 DAGs
[2025-10-24T12:53:38.648+0000] {logging_mixin.py:188} INFO - [2025-10-24T12:53:38.648+0000] {dag.py:3954} INFO - Setting next_dagrun for silver_layer_dag to None, run_after=None
[2025-10-24T12:53:38.663+0000] {processor.py:183} INFO - Processing /opt/airflow/dags/silver_layer_dag.py took 0.161 seconds
[2025-10-24T12:54:09.266+0000] {processor.py:161} INFO - Started process (PID=661) to work on /opt/airflow/dags/silver_layer_dag.py
[2025-10-24T12:54:09.266+0000] {processor.py:830} INFO - Processing file /opt/airflow/dags/silver_layer_dag.py for tasks to queue
[2025-10-24T12:54:09.267+0000] {logging_mixin.py:188} INFO - [2025-10-24T12:54:09.267+0000] {dagbag.py:540} INFO - Filling up the DagBag from /opt/airflow/dags/silver_layer_dag.py
[2025-10-24T12:54:09.390+0000] {processor.py:840} INFO - DAG(s) 'silver_layer_dag' retrieved from /opt/airflow/dags/silver_layer_dag.py
[2025-10-24T12:54:09.410+0000] {logging_mixin.py:188} INFO - [2025-10-24T12:54:09.409+0000] {dag.py:3096} INFO - Sync 1 DAGs
[2025-10-24T12:54:09.420+0000] {logging_mixin.py:188} INFO - [2025-10-24T12:54:09.420+0000] {dag.py:3954} INFO - Setting next_dagrun for silver_layer_dag to None, run_after=None
[2025-10-24T12:54:09.435+0000] {processor.py:183} INFO - Processing /opt/airflow/dags/silver_layer_dag.py took 0.174 seconds
[2025-10-24T12:54:39.713+0000] {processor.py:161} INFO - Started process (PID=665) to work on /opt/airflow/dags/silver_layer_dag.py
[2025-10-24T12:54:39.714+0000] {processor.py:830} INFO - Processing file /opt/airflow/dags/silver_layer_dag.py for tasks to queue
[2025-10-24T12:54:39.714+0000] {logging_mixin.py:188} INFO - [2025-10-24T12:54:39.714+0000] {dagbag.py:540} INFO - Filling up the DagBag from /opt/airflow/dags/silver_layer_dag.py
[2025-10-24T12:54:39.838+0000] {processor.py:840} INFO - DAG(s) 'silver_layer_dag' retrieved from /opt/airflow/dags/silver_layer_dag.py
[2025-10-24T12:54:39.854+0000] {logging_mixin.py:188} INFO - [2025-10-24T12:54:39.854+0000] {dag.py:3096} INFO - Sync 1 DAGs
[2025-10-24T12:54:39.863+0000] {logging_mixin.py:188} INFO - [2025-10-24T12:54:39.863+0000] {dag.py:3954} INFO - Setting next_dagrun for silver_layer_dag to None, run_after=None
[2025-10-24T12:54:39.876+0000] {processor.py:183} INFO - Processing /opt/airflow/dags/silver_layer_dag.py took 0.167 seconds
[2025-10-24T12:55:09.938+0000] {processor.py:161} INFO - Started process (PID=669) to work on /opt/airflow/dags/silver_layer_dag.py
[2025-10-24T12:55:09.939+0000] {processor.py:830} INFO - Processing file /opt/airflow/dags/silver_layer_dag.py for tasks to queue
[2025-10-24T12:55:09.940+0000] {logging_mixin.py:188} INFO - [2025-10-24T12:55:09.939+0000] {dagbag.py:540} INFO - Filling up the DagBag from /opt/airflow/dags/silver_layer_dag.py
[2025-10-24T12:55:10.053+0000] {processor.py:840} INFO - DAG(s) 'silver_layer_dag' retrieved from /opt/airflow/dags/silver_layer_dag.py
[2025-10-24T12:55:10.071+0000] {logging_mixin.py:188} INFO - [2025-10-24T12:55:10.071+0000] {dag.py:3096} INFO - Sync 1 DAGs
[2025-10-24T12:55:10.080+0000] {logging_mixin.py:188} INFO - [2025-10-24T12:55:10.080+0000] {dag.py:3954} INFO - Setting next_dagrun for silver_layer_dag to None, run_after=None
[2025-10-24T12:55:10.094+0000] {processor.py:183} INFO - Processing /opt/airflow/dags/silver_layer_dag.py took 0.160 seconds
[2025-10-24T12:55:40.173+0000] {processor.py:161} INFO - Started process (PID=674) to work on /opt/airflow/dags/silver_layer_dag.py
[2025-10-24T12:55:40.174+0000] {processor.py:830} INFO - Processing file /opt/airflow/dags/silver_layer_dag.py for tasks to queue
[2025-10-24T12:55:40.175+0000] {logging_mixin.py:188} INFO - [2025-10-24T12:55:40.174+0000] {dagbag.py:540} INFO - Filling up the DagBag from /opt/airflow/dags/silver_layer_dag.py
[2025-10-24T12:55:40.296+0000] {processor.py:840} INFO - DAG(s) 'silver_layer_dag' retrieved from /opt/airflow/dags/silver_layer_dag.py
[2025-10-24T12:55:40.314+0000] {logging_mixin.py:188} INFO - [2025-10-24T12:55:40.314+0000] {dag.py:3096} INFO - Sync 1 DAGs
[2025-10-24T12:55:40.326+0000] {logging_mixin.py:188} INFO - [2025-10-24T12:55:40.326+0000] {dag.py:3954} INFO - Setting next_dagrun for silver_layer_dag to None, run_after=None
[2025-10-24T12:55:40.341+0000] {processor.py:183} INFO - Processing /opt/airflow/dags/silver_layer_dag.py took 0.172 seconds
[2025-10-24T12:56:10.964+0000] {processor.py:161} INFO - Started process (PID=679) to work on /opt/airflow/dags/silver_layer_dag.py
[2025-10-24T12:56:10.964+0000] {processor.py:830} INFO - Processing file /opt/airflow/dags/silver_layer_dag.py for tasks to queue
[2025-10-24T12:56:10.965+0000] {logging_mixin.py:188} INFO - [2025-10-24T12:56:10.965+0000] {dagbag.py:540} INFO - Filling up the DagBag from /opt/airflow/dags/silver_layer_dag.py
[2025-10-24T12:56:11.080+0000] {processor.py:840} INFO - DAG(s) 'silver_layer_dag' retrieved from /opt/airflow/dags/silver_layer_dag.py
[2025-10-24T12:56:11.097+0000] {logging_mixin.py:188} INFO - [2025-10-24T12:56:11.097+0000] {dag.py:3096} INFO - Sync 1 DAGs
[2025-10-24T12:56:11.107+0000] {logging_mixin.py:188} INFO - [2025-10-24T12:56:11.107+0000] {dag.py:3954} INFO - Setting next_dagrun for silver_layer_dag to None, run_after=None
[2025-10-24T12:56:11.120+0000] {processor.py:183} INFO - Processing /opt/airflow/dags/silver_layer_dag.py took 0.161 seconds
[2025-10-24T12:56:41.231+0000] {processor.py:161} INFO - Started process (PID=684) to work on /opt/airflow/dags/silver_layer_dag.py
[2025-10-24T12:56:41.232+0000] {processor.py:830} INFO - Processing file /opt/airflow/dags/silver_layer_dag.py for tasks to queue
[2025-10-24T12:56:41.233+0000] {logging_mixin.py:188} INFO - [2025-10-24T12:56:41.232+0000] {dagbag.py:540} INFO - Filling up the DagBag from /opt/airflow/dags/silver_layer_dag.py
[2025-10-24T12:56:41.349+0000] {processor.py:840} INFO - DAG(s) 'silver_layer_dag' retrieved from /opt/airflow/dags/silver_layer_dag.py
[2025-10-24T12:56:41.365+0000] {logging_mixin.py:188} INFO - [2025-10-24T12:56:41.365+0000] {dag.py:3096} INFO - Sync 1 DAGs
[2025-10-24T12:56:41.374+0000] {logging_mixin.py:188} INFO - [2025-10-24T12:56:41.374+0000] {dag.py:3954} INFO - Setting next_dagrun for silver_layer_dag to None, run_after=None
[2025-10-24T12:56:41.386+0000] {processor.py:183} INFO - Processing /opt/airflow/dags/silver_layer_dag.py took 0.160 seconds
[2025-10-24T12:57:12.102+0000] {processor.py:161} INFO - Started process (PID=689) to work on /opt/airflow/dags/silver_layer_dag.py
[2025-10-24T12:57:12.103+0000] {processor.py:830} INFO - Processing file /opt/airflow/dags/silver_layer_dag.py for tasks to queue
[2025-10-24T12:57:12.104+0000] {logging_mixin.py:188} INFO - [2025-10-24T12:57:12.103+0000] {dagbag.py:540} INFO - Filling up the DagBag from /opt/airflow/dags/silver_layer_dag.py
[2025-10-24T12:57:12.288+0000] {processor.py:840} INFO - DAG(s) 'silver_layer_dag' retrieved from /opt/airflow/dags/silver_layer_dag.py
[2025-10-24T12:57:12.307+0000] {logging_mixin.py:188} INFO - [2025-10-24T12:57:12.307+0000] {dag.py:3096} INFO - Sync 1 DAGs
[2025-10-24T12:57:12.319+0000] {logging_mixin.py:188} INFO - [2025-10-24T12:57:12.319+0000] {dag.py:3954} INFO - Setting next_dagrun for silver_layer_dag to None, run_after=None
[2025-10-24T12:57:12.334+0000] {processor.py:183} INFO - Processing /opt/airflow/dags/silver_layer_dag.py took 0.237 seconds
[2025-10-24T12:57:42.803+0000] {processor.py:161} INFO - Started process (PID=694) to work on /opt/airflow/dags/silver_layer_dag.py
[2025-10-24T12:57:42.803+0000] {processor.py:830} INFO - Processing file /opt/airflow/dags/silver_layer_dag.py for tasks to queue
[2025-10-24T12:57:42.804+0000] {logging_mixin.py:188} INFO - [2025-10-24T12:57:42.804+0000] {dagbag.py:540} INFO - Filling up the DagBag from /opt/airflow/dags/silver_layer_dag.py
[2025-10-24T12:57:42.922+0000] {processor.py:840} INFO - DAG(s) 'silver_layer_dag' retrieved from /opt/airflow/dags/silver_layer_dag.py
[2025-10-24T12:57:42.938+0000] {logging_mixin.py:188} INFO - [2025-10-24T12:57:42.938+0000] {dag.py:3096} INFO - Sync 1 DAGs
[2025-10-24T12:57:42.947+0000] {logging_mixin.py:188} INFO - [2025-10-24T12:57:42.947+0000] {dag.py:3954} INFO - Setting next_dagrun for silver_layer_dag to None, run_after=None
[2025-10-24T12:57:42.961+0000] {processor.py:183} INFO - Processing /opt/airflow/dags/silver_layer_dag.py took 0.163 seconds
[2025-10-24T12:58:13.207+0000] {processor.py:161} INFO - Started process (PID=699) to work on /opt/airflow/dags/silver_layer_dag.py
[2025-10-24T12:58:13.209+0000] {processor.py:830} INFO - Processing file /opt/airflow/dags/silver_layer_dag.py for tasks to queue
[2025-10-24T12:58:13.210+0000] {logging_mixin.py:188} INFO - [2025-10-24T12:58:13.209+0000] {dagbag.py:540} INFO - Filling up the DagBag from /opt/airflow/dags/silver_layer_dag.py
[2025-10-24T12:58:13.346+0000] {processor.py:840} INFO - DAG(s) 'silver_layer_dag' retrieved from /opt/airflow/dags/silver_layer_dag.py
[2025-10-24T12:58:13.367+0000] {logging_mixin.py:188} INFO - [2025-10-24T12:58:13.367+0000] {dag.py:3096} INFO - Sync 1 DAGs
[2025-10-24T12:58:13.380+0000] {logging_mixin.py:188} INFO - [2025-10-24T12:58:13.380+0000] {dag.py:3954} INFO - Setting next_dagrun for silver_layer_dag to None, run_after=None
[2025-10-24T12:58:13.395+0000] {processor.py:183} INFO - Processing /opt/airflow/dags/silver_layer_dag.py took 0.193 seconds
[2025-10-24T12:58:43.529+0000] {processor.py:161} INFO - Started process (PID=704) to work on /opt/airflow/dags/silver_layer_dag.py
[2025-10-24T12:58:43.530+0000] {processor.py:830} INFO - Processing file /opt/airflow/dags/silver_layer_dag.py for tasks to queue
[2025-10-24T12:58:43.530+0000] {logging_mixin.py:188} INFO - [2025-10-24T12:58:43.530+0000] {dagbag.py:540} INFO - Filling up the DagBag from /opt/airflow/dags/silver_layer_dag.py
[2025-10-24T12:58:43.647+0000] {processor.py:840} INFO - DAG(s) 'silver_layer_dag' retrieved from /opt/airflow/dags/silver_layer_dag.py
[2025-10-24T12:58:43.663+0000] {logging_mixin.py:188} INFO - [2025-10-24T12:58:43.663+0000] {dag.py:3096} INFO - Sync 1 DAGs
[2025-10-24T12:58:43.672+0000] {logging_mixin.py:188} INFO - [2025-10-24T12:58:43.672+0000] {dag.py:3954} INFO - Setting next_dagrun for silver_layer_dag to None, run_after=None
[2025-10-24T12:58:43.685+0000] {processor.py:183} INFO - Processing /opt/airflow/dags/silver_layer_dag.py took 0.161 seconds
[2025-10-24T12:59:13.856+0000] {processor.py:161} INFO - Started process (PID=709) to work on /opt/airflow/dags/silver_layer_dag.py
[2025-10-24T12:59:13.857+0000] {processor.py:830} INFO - Processing file /opt/airflow/dags/silver_layer_dag.py for tasks to queue
[2025-10-24T12:59:13.858+0000] {logging_mixin.py:188} INFO - [2025-10-24T12:59:13.858+0000] {dagbag.py:540} INFO - Filling up the DagBag from /opt/airflow/dags/silver_layer_dag.py
[2025-10-24T12:59:13.973+0000] {processor.py:840} INFO - DAG(s) 'silver_layer_dag' retrieved from /opt/airflow/dags/silver_layer_dag.py
[2025-10-24T12:59:13.989+0000] {logging_mixin.py:188} INFO - [2025-10-24T12:59:13.989+0000] {dag.py:3096} INFO - Sync 1 DAGs
[2025-10-24T12:59:13.999+0000] {logging_mixin.py:188} INFO - [2025-10-24T12:59:13.999+0000] {dag.py:3954} INFO - Setting next_dagrun for silver_layer_dag to None, run_after=None
[2025-10-24T12:59:14.011+0000] {processor.py:183} INFO - Processing /opt/airflow/dags/silver_layer_dag.py took 0.159 seconds
[2025-10-24T12:59:44.116+0000] {processor.py:161} INFO - Started process (PID=714) to work on /opt/airflow/dags/silver_layer_dag.py
[2025-10-24T12:59:44.117+0000] {processor.py:830} INFO - Processing file /opt/airflow/dags/silver_layer_dag.py for tasks to queue
[2025-10-24T12:59:44.117+0000] {logging_mixin.py:188} INFO - [2025-10-24T12:59:44.117+0000] {dagbag.py:540} INFO - Filling up the DagBag from /opt/airflow/dags/silver_layer_dag.py
[2025-10-24T12:59:44.235+0000] {processor.py:840} INFO - DAG(s) 'silver_layer_dag' retrieved from /opt/airflow/dags/silver_layer_dag.py
[2025-10-24T12:59:44.253+0000] {logging_mixin.py:188} INFO - [2025-10-24T12:59:44.253+0000] {dag.py:3096} INFO - Sync 1 DAGs
[2025-10-24T12:59:44.264+0000] {logging_mixin.py:188} INFO - [2025-10-24T12:59:44.264+0000] {dag.py:3954} INFO - Setting next_dagrun for silver_layer_dag to None, run_after=None
[2025-10-24T12:59:44.278+0000] {processor.py:183} INFO - Processing /opt/airflow/dags/silver_layer_dag.py took 0.167 seconds
[2025-10-24T13:00:14.716+0000] {processor.py:161} INFO - Started process (PID=719) to work on /opt/airflow/dags/silver_layer_dag.py
[2025-10-24T13:00:14.716+0000] {processor.py:830} INFO - Processing file /opt/airflow/dags/silver_layer_dag.py for tasks to queue
[2025-10-24T13:00:14.717+0000] {logging_mixin.py:188} INFO - [2025-10-24T13:00:14.717+0000] {dagbag.py:540} INFO - Filling up the DagBag from /opt/airflow/dags/silver_layer_dag.py
[2025-10-24T13:00:14.830+0000] {processor.py:840} INFO - DAG(s) 'silver_layer_dag' retrieved from /opt/airflow/dags/silver_layer_dag.py
[2025-10-24T13:00:14.845+0000] {logging_mixin.py:188} INFO - [2025-10-24T13:00:14.845+0000] {dag.py:3096} INFO - Sync 1 DAGs
[2025-10-24T13:00:14.856+0000] {logging_mixin.py:188} INFO - [2025-10-24T13:00:14.855+0000] {dag.py:3954} INFO - Setting next_dagrun for silver_layer_dag to None, run_after=None
[2025-10-24T13:00:14.870+0000] {processor.py:183} INFO - Processing /opt/airflow/dags/silver_layer_dag.py took 0.159 seconds
[2025-10-24T13:00:45.374+0000] {processor.py:161} INFO - Started process (PID=724) to work on /opt/airflow/dags/silver_layer_dag.py
[2025-10-24T13:00:45.374+0000] {processor.py:830} INFO - Processing file /opt/airflow/dags/silver_layer_dag.py for tasks to queue
[2025-10-24T13:00:45.375+0000] {logging_mixin.py:188} INFO - [2025-10-24T13:00:45.375+0000] {dagbag.py:540} INFO - Filling up the DagBag from /opt/airflow/dags/silver_layer_dag.py
[2025-10-24T13:00:45.491+0000] {processor.py:840} INFO - DAG(s) 'silver_layer_dag' retrieved from /opt/airflow/dags/silver_layer_dag.py
[2025-10-24T13:00:45.508+0000] {logging_mixin.py:188} INFO - [2025-10-24T13:00:45.508+0000] {dag.py:3096} INFO - Sync 1 DAGs
[2025-10-24T13:00:45.517+0000] {logging_mixin.py:188} INFO - [2025-10-24T13:00:45.517+0000] {dag.py:3954} INFO - Setting next_dagrun for silver_layer_dag to None, run_after=None
[2025-10-24T13:00:45.531+0000] {processor.py:183} INFO - Processing /opt/airflow/dags/silver_layer_dag.py took 0.162 seconds
[2025-10-24T13:01:16.048+0000] {processor.py:161} INFO - Started process (PID=729) to work on /opt/airflow/dags/silver_layer_dag.py
[2025-10-24T13:01:16.049+0000] {processor.py:830} INFO - Processing file /opt/airflow/dags/silver_layer_dag.py for tasks to queue
[2025-10-24T13:01:16.050+0000] {logging_mixin.py:188} INFO - [2025-10-24T13:01:16.049+0000] {dagbag.py:540} INFO - Filling up the DagBag from /opt/airflow/dags/silver_layer_dag.py
[2025-10-24T13:01:16.176+0000] {processor.py:840} INFO - DAG(s) 'silver_layer_dag' retrieved from /opt/airflow/dags/silver_layer_dag.py
[2025-10-24T13:01:16.195+0000] {logging_mixin.py:188} INFO - [2025-10-24T13:01:16.195+0000] {dag.py:3096} INFO - Sync 1 DAGs
[2025-10-24T13:01:16.206+0000] {logging_mixin.py:188} INFO - [2025-10-24T13:01:16.206+0000] {dag.py:3954} INFO - Setting next_dagrun for silver_layer_dag to None, run_after=None
[2025-10-24T13:01:16.220+0000] {processor.py:183} INFO - Processing /opt/airflow/dags/silver_layer_dag.py took 0.177 seconds
[2025-10-24T13:01:47.094+0000] {processor.py:161} INFO - Started process (PID=739) to work on /opt/airflow/dags/silver_layer_dag.py
[2025-10-24T13:01:47.095+0000] {processor.py:830} INFO - Processing file /opt/airflow/dags/silver_layer_dag.py for tasks to queue
[2025-10-24T13:01:47.096+0000] {logging_mixin.py:188} INFO - [2025-10-24T13:01:47.095+0000] {dagbag.py:540} INFO - Filling up the DagBag from /opt/airflow/dags/silver_layer_dag.py
[2025-10-24T13:01:47.233+0000] {processor.py:840} INFO - DAG(s) 'silver_layer_dag' retrieved from /opt/airflow/dags/silver_layer_dag.py
[2025-10-24T13:01:47.253+0000] {logging_mixin.py:188} INFO - [2025-10-24T13:01:47.252+0000] {dag.py:3096} INFO - Sync 1 DAGs
[2025-10-24T13:01:47.263+0000] {logging_mixin.py:188} INFO - [2025-10-24T13:01:47.263+0000] {dag.py:3954} INFO - Setting next_dagrun for silver_layer_dag to None, run_after=None
[2025-10-24T13:01:47.281+0000] {processor.py:183} INFO - Processing /opt/airflow/dags/silver_layer_dag.py took 0.192 seconds
[2025-10-24T13:02:30.432+0000] {processor.py:161} INFO - Started process (PID=58) to work on /opt/airflow/dags/silver_layer_dag.py
[2025-10-24T13:02:30.432+0000] {processor.py:830} INFO - Processing file /opt/airflow/dags/silver_layer_dag.py for tasks to queue
[2025-10-24T13:02:30.434+0000] {logging_mixin.py:188} INFO - [2025-10-24T13:02:30.434+0000] {dagbag.py:540} INFO - Filling up the DagBag from /opt/airflow/dags/silver_layer_dag.py
[2025-10-24T13:02:30.580+0000] {processor.py:840} INFO - DAG(s) 'silver_layer_dag' retrieved from /opt/airflow/dags/silver_layer_dag.py
[2025-10-24T13:02:30.599+0000] {logging_mixin.py:188} INFO - [2025-10-24T13:02:30.599+0000] {dag.py:3096} INFO - Sync 1 DAGs
[2025-10-24T13:02:30.610+0000] {logging_mixin.py:188} INFO - [2025-10-24T13:02:30.610+0000] {dag.py:3954} INFO - Setting next_dagrun for silver_layer_dag to None, run_after=None
[2025-10-24T13:02:30.627+0000] {processor.py:183} INFO - Processing /opt/airflow/dags/silver_layer_dag.py took 0.200 seconds
[2025-10-24T13:03:01.605+0000] {processor.py:161} INFO - Started process (PID=64) to work on /opt/airflow/dags/silver_layer_dag.py
[2025-10-24T13:03:01.606+0000] {processor.py:830} INFO - Processing file /opt/airflow/dags/silver_layer_dag.py for tasks to queue
[2025-10-24T13:03:01.608+0000] {logging_mixin.py:188} INFO - [2025-10-24T13:03:01.608+0000] {dagbag.py:540} INFO - Filling up the DagBag from /opt/airflow/dags/silver_layer_dag.py
[2025-10-24T13:03:01.739+0000] {processor.py:840} INFO - DAG(s) 'silver_layer_dag' retrieved from /opt/airflow/dags/silver_layer_dag.py
[2025-10-24T13:03:01.831+0000] {logging_mixin.py:188} INFO - [2025-10-24T13:03:01.830+0000] {dag.py:3096} INFO - Sync 1 DAGs
[2025-10-24T13:03:01.838+0000] {logging_mixin.py:188} INFO - [2025-10-24T13:03:01.837+0000] {dag.py:3954} INFO - Setting next_dagrun for silver_layer_dag to None, run_after=None
[2025-10-24T13:03:01.884+0000] {processor.py:183} INFO - Processing /opt/airflow/dags/silver_layer_dag.py took 0.284 seconds
[2025-10-24T13:03:33.145+0000] {processor.py:161} INFO - Started process (PID=70) to work on /opt/airflow/dags/silver_layer_dag.py
[2025-10-24T13:03:33.146+0000] {processor.py:830} INFO - Processing file /opt/airflow/dags/silver_layer_dag.py for tasks to queue
[2025-10-24T13:03:33.147+0000] {logging_mixin.py:188} INFO - [2025-10-24T13:03:33.147+0000] {dagbag.py:540} INFO - Filling up the DagBag from /opt/airflow/dags/silver_layer_dag.py
[2025-10-24T13:03:33.270+0000] {processor.py:840} INFO - DAG(s) 'silver_layer_dag' retrieved from /opt/airflow/dags/silver_layer_dag.py
[2025-10-24T13:03:33.288+0000] {logging_mixin.py:188} INFO - [2025-10-24T13:03:33.288+0000] {dag.py:3096} INFO - Sync 1 DAGs
[2025-10-24T13:03:33.297+0000] {logging_mixin.py:188} INFO - [2025-10-24T13:03:33.297+0000] {dag.py:3954} INFO - Setting next_dagrun for silver_layer_dag to None, run_after=None
[2025-10-24T13:03:33.312+0000] {processor.py:183} INFO - Processing /opt/airflow/dags/silver_layer_dag.py took 0.171 seconds
[2025-10-24T13:04:03.767+0000] {processor.py:161} INFO - Started process (PID=76) to work on /opt/airflow/dags/silver_layer_dag.py
[2025-10-24T13:04:03.768+0000] {processor.py:830} INFO - Processing file /opt/airflow/dags/silver_layer_dag.py for tasks to queue
[2025-10-24T13:04:03.769+0000] {logging_mixin.py:188} INFO - [2025-10-24T13:04:03.769+0000] {dagbag.py:540} INFO - Filling up the DagBag from /opt/airflow/dags/silver_layer_dag.py
[2025-10-24T13:04:03.885+0000] {processor.py:840} INFO - DAG(s) 'silver_layer_dag' retrieved from /opt/airflow/dags/silver_layer_dag.py
[2025-10-24T13:04:03.900+0000] {logging_mixin.py:188} INFO - [2025-10-24T13:04:03.900+0000] {dag.py:3096} INFO - Sync 1 DAGs
[2025-10-24T13:04:03.908+0000] {logging_mixin.py:188} INFO - [2025-10-24T13:04:03.908+0000] {dag.py:3954} INFO - Setting next_dagrun for silver_layer_dag to None, run_after=None
[2025-10-24T13:04:03.921+0000] {processor.py:183} INFO - Processing /opt/airflow/dags/silver_layer_dag.py took 0.158 seconds
[2025-10-24T13:04:34.301+0000] {processor.py:161} INFO - Started process (PID=82) to work on /opt/airflow/dags/silver_layer_dag.py
[2025-10-24T13:04:34.302+0000] {processor.py:830} INFO - Processing file /opt/airflow/dags/silver_layer_dag.py for tasks to queue
[2025-10-24T13:04:34.303+0000] {logging_mixin.py:188} INFO - [2025-10-24T13:04:34.303+0000] {dagbag.py:540} INFO - Filling up the DagBag from /opt/airflow/dags/silver_layer_dag.py
[2025-10-24T13:04:34.442+0000] {processor.py:840} INFO - DAG(s) 'silver_layer_dag' retrieved from /opt/airflow/dags/silver_layer_dag.py
[2025-10-24T13:04:34.459+0000] {logging_mixin.py:188} INFO - [2025-10-24T13:04:34.459+0000] {dag.py:3096} INFO - Sync 1 DAGs
[2025-10-24T13:04:34.468+0000] {logging_mixin.py:188} INFO - [2025-10-24T13:04:34.468+0000] {dag.py:3954} INFO - Setting next_dagrun for silver_layer_dag to None, run_after=None
[2025-10-24T13:04:34.482+0000] {processor.py:183} INFO - Processing /opt/airflow/dags/silver_layer_dag.py took 0.186 seconds
[2025-10-24T13:05:05.763+0000] {processor.py:161} INFO - Started process (PID=88) to work on /opt/airflow/dags/silver_layer_dag.py
[2025-10-24T13:05:05.764+0000] {processor.py:830} INFO - Processing file /opt/airflow/dags/silver_layer_dag.py for tasks to queue
[2025-10-24T13:05:05.766+0000] {logging_mixin.py:188} INFO - [2025-10-24T13:05:05.765+0000] {dagbag.py:540} INFO - Filling up the DagBag from /opt/airflow/dags/silver_layer_dag.py
[2025-10-24T13:05:05.882+0000] {processor.py:840} INFO - DAG(s) 'silver_layer_dag' retrieved from /opt/airflow/dags/silver_layer_dag.py
[2025-10-24T13:05:05.898+0000] {logging_mixin.py:188} INFO - [2025-10-24T13:05:05.897+0000] {dag.py:3096} INFO - Sync 1 DAGs
[2025-10-24T13:05:05.907+0000] {logging_mixin.py:188} INFO - [2025-10-24T13:05:05.907+0000] {dag.py:3954} INFO - Setting next_dagrun for silver_layer_dag to None, run_after=None
[2025-10-24T13:05:05.920+0000] {processor.py:183} INFO - Processing /opt/airflow/dags/silver_layer_dag.py took 0.161 seconds
[2025-10-24T13:05:37.220+0000] {processor.py:161} INFO - Started process (PID=94) to work on /opt/airflow/dags/silver_layer_dag.py
[2025-10-24T13:05:37.221+0000] {processor.py:830} INFO - Processing file /opt/airflow/dags/silver_layer_dag.py for tasks to queue
[2025-10-24T13:05:37.222+0000] {logging_mixin.py:188} INFO - [2025-10-24T13:05:37.222+0000] {dagbag.py:540} INFO - Filling up the DagBag from /opt/airflow/dags/silver_layer_dag.py
[2025-10-24T13:05:37.338+0000] {processor.py:840} INFO - DAG(s) 'silver_layer_dag' retrieved from /opt/airflow/dags/silver_layer_dag.py
[2025-10-24T13:05:37.355+0000] {logging_mixin.py:188} INFO - [2025-10-24T13:05:37.355+0000] {dag.py:3096} INFO - Sync 1 DAGs
[2025-10-24T13:05:37.364+0000] {logging_mixin.py:188} INFO - [2025-10-24T13:05:37.364+0000] {dag.py:3954} INFO - Setting next_dagrun for silver_layer_dag to None, run_after=None
[2025-10-24T13:05:37.378+0000] {processor.py:183} INFO - Processing /opt/airflow/dags/silver_layer_dag.py took 0.162 seconds
[2025-10-24T13:06:08.043+0000] {processor.py:161} INFO - Started process (PID=100) to work on /opt/airflow/dags/silver_layer_dag.py
[2025-10-24T13:06:08.044+0000] {processor.py:830} INFO - Processing file /opt/airflow/dags/silver_layer_dag.py for tasks to queue
[2025-10-24T13:06:08.046+0000] {logging_mixin.py:188} INFO - [2025-10-24T13:06:08.046+0000] {dagbag.py:540} INFO - Filling up the DagBag from /opt/airflow/dags/silver_layer_dag.py
[2025-10-24T13:06:08.171+0000] {processor.py:840} INFO - DAG(s) 'silver_layer_dag' retrieved from /opt/airflow/dags/silver_layer_dag.py
[2025-10-24T13:06:08.188+0000] {logging_mixin.py:188} INFO - [2025-10-24T13:06:08.188+0000] {dag.py:3096} INFO - Sync 1 DAGs
[2025-10-24T13:06:08.197+0000] {logging_mixin.py:188} INFO - [2025-10-24T13:06:08.197+0000] {dag.py:3954} INFO - Setting next_dagrun for silver_layer_dag to None, run_after=None
[2025-10-24T13:06:08.210+0000] {processor.py:183} INFO - Processing /opt/airflow/dags/silver_layer_dag.py took 0.171 seconds
[2025-10-24T13:06:38.623+0000] {processor.py:161} INFO - Started process (PID=106) to work on /opt/airflow/dags/silver_layer_dag.py
[2025-10-24T13:06:38.624+0000] {processor.py:830} INFO - Processing file /opt/airflow/dags/silver_layer_dag.py for tasks to queue
[2025-10-24T13:06:38.626+0000] {logging_mixin.py:188} INFO - [2025-10-24T13:06:38.626+0000] {dagbag.py:540} INFO - Filling up the DagBag from /opt/airflow/dags/silver_layer_dag.py
[2025-10-24T13:06:38.748+0000] {processor.py:840} INFO - DAG(s) 'silver_layer_dag' retrieved from /opt/airflow/dags/silver_layer_dag.py
[2025-10-24T13:06:38.767+0000] {logging_mixin.py:188} INFO - [2025-10-24T13:06:38.767+0000] {dag.py:3096} INFO - Sync 1 DAGs
[2025-10-24T13:06:38.776+0000] {logging_mixin.py:188} INFO - [2025-10-24T13:06:38.776+0000] {dag.py:3954} INFO - Setting next_dagrun for silver_layer_dag to None, run_after=None
[2025-10-24T13:06:38.791+0000] {processor.py:183} INFO - Processing /opt/airflow/dags/silver_layer_dag.py took 0.173 seconds
[2025-10-24T13:07:12.171+0000] {processor.py:161} INFO - Started process (PID=112) to work on /opt/airflow/dags/silver_layer_dag.py
[2025-10-24T13:07:12.172+0000] {processor.py:830} INFO - Processing file /opt/airflow/dags/silver_layer_dag.py for tasks to queue
[2025-10-24T13:07:12.173+0000] {logging_mixin.py:188} INFO - [2025-10-24T13:07:12.173+0000] {dagbag.py:540} INFO - Filling up the DagBag from /opt/airflow/dags/silver_layer_dag.py
[2025-10-24T13:07:12.297+0000] {processor.py:840} INFO - DAG(s) 'silver_layer_dag' retrieved from /opt/airflow/dags/silver_layer_dag.py
[2025-10-24T13:07:12.314+0000] {logging_mixin.py:188} INFO - [2025-10-24T13:07:12.314+0000] {dag.py:3096} INFO - Sync 1 DAGs
[2025-10-24T13:07:12.459+0000] {logging_mixin.py:188} INFO - [2025-10-24T13:07:12.459+0000] {dag.py:3954} INFO - Setting next_dagrun for silver_layer_dag to None, run_after=None
[2025-10-24T13:07:12.473+0000] {processor.py:183} INFO - Processing /opt/airflow/dags/silver_layer_dag.py took 0.306 seconds
[2025-10-24T13:07:43.210+0000] {processor.py:161} INFO - Started process (PID=118) to work on /opt/airflow/dags/silver_layer_dag.py
[2025-10-24T13:07:43.210+0000] {processor.py:830} INFO - Processing file /opt/airflow/dags/silver_layer_dag.py for tasks to queue
[2025-10-24T13:07:43.212+0000] {logging_mixin.py:188} INFO - [2025-10-24T13:07:43.212+0000] {dagbag.py:540} INFO - Filling up the DagBag from /opt/airflow/dags/silver_layer_dag.py
[2025-10-24T13:07:43.327+0000] {processor.py:840} INFO - DAG(s) 'silver_layer_dag' retrieved from /opt/airflow/dags/silver_layer_dag.py
[2025-10-24T13:07:43.343+0000] {logging_mixin.py:188} INFO - [2025-10-24T13:07:43.342+0000] {dag.py:3096} INFO - Sync 1 DAGs
[2025-10-24T13:07:43.350+0000] {logging_mixin.py:188} INFO - [2025-10-24T13:07:43.350+0000] {dag.py:3954} INFO - Setting next_dagrun for silver_layer_dag to None, run_after=None
[2025-10-24T13:07:43.367+0000] {processor.py:183} INFO - Processing /opt/airflow/dags/silver_layer_dag.py took 0.161 seconds
[2025-10-24T13:08:13.765+0000] {processor.py:161} INFO - Started process (PID=124) to work on /opt/airflow/dags/silver_layer_dag.py
[2025-10-24T13:08:13.766+0000] {processor.py:830} INFO - Processing file /opt/airflow/dags/silver_layer_dag.py for tasks to queue
[2025-10-24T13:08:13.767+0000] {logging_mixin.py:188} INFO - [2025-10-24T13:08:13.767+0000] {dagbag.py:540} INFO - Filling up the DagBag from /opt/airflow/dags/silver_layer_dag.py
[2025-10-24T13:08:13.883+0000] {processor.py:840} INFO - DAG(s) 'silver_layer_dag' retrieved from /opt/airflow/dags/silver_layer_dag.py
[2025-10-24T13:08:13.898+0000] {logging_mixin.py:188} INFO - [2025-10-24T13:08:13.898+0000] {dag.py:3096} INFO - Sync 1 DAGs
[2025-10-24T13:08:13.906+0000] {logging_mixin.py:188} INFO - [2025-10-24T13:08:13.906+0000] {dag.py:3954} INFO - Setting next_dagrun for silver_layer_dag to None, run_after=None
[2025-10-24T13:08:13.919+0000] {processor.py:183} INFO - Processing /opt/airflow/dags/silver_layer_dag.py took 0.158 seconds
[2025-10-24T13:08:45.095+0000] {processor.py:161} INFO - Started process (PID=130) to work on /opt/airflow/dags/silver_layer_dag.py
[2025-10-24T13:08:45.096+0000] {processor.py:830} INFO - Processing file /opt/airflow/dags/silver_layer_dag.py for tasks to queue
[2025-10-24T13:08:45.097+0000] {logging_mixin.py:188} INFO - [2025-10-24T13:08:45.097+0000] {dagbag.py:540} INFO - Filling up the DagBag from /opt/airflow/dags/silver_layer_dag.py
[2025-10-24T13:08:45.210+0000] {processor.py:840} INFO - DAG(s) 'silver_layer_dag' retrieved from /opt/airflow/dags/silver_layer_dag.py
[2025-10-24T13:08:45.226+0000] {logging_mixin.py:188} INFO - [2025-10-24T13:08:45.226+0000] {dag.py:3096} INFO - Sync 1 DAGs
[2025-10-24T13:08:45.234+0000] {logging_mixin.py:188} INFO - [2025-10-24T13:08:45.234+0000] {dag.py:3954} INFO - Setting next_dagrun for silver_layer_dag to None, run_after=None
[2025-10-24T13:08:45.350+0000] {processor.py:183} INFO - Processing /opt/airflow/dags/silver_layer_dag.py took 0.259 seconds
[2025-10-24T13:09:16.295+0000] {processor.py:161} INFO - Started process (PID=136) to work on /opt/airflow/dags/silver_layer_dag.py
[2025-10-24T13:09:16.296+0000] {processor.py:830} INFO - Processing file /opt/airflow/dags/silver_layer_dag.py for tasks to queue
[2025-10-24T13:09:16.298+0000] {logging_mixin.py:188} INFO - [2025-10-24T13:09:16.297+0000] {dagbag.py:540} INFO - Filling up the DagBag from /opt/airflow/dags/silver_layer_dag.py
[2025-10-24T13:09:16.520+0000] {processor.py:840} INFO - DAG(s) 'silver_layer_dag' retrieved from /opt/airflow/dags/silver_layer_dag.py
[2025-10-24T13:09:16.533+0000] {logging_mixin.py:188} INFO - [2025-10-24T13:09:16.533+0000] {dag.py:3096} INFO - Sync 1 DAGs
[2025-10-24T13:09:16.540+0000] {logging_mixin.py:188} INFO - [2025-10-24T13:09:16.540+0000] {dag.py:3954} INFO - Setting next_dagrun for silver_layer_dag to None, run_after=None
[2025-10-24T13:09:16.552+0000] {processor.py:183} INFO - Processing /opt/airflow/dags/silver_layer_dag.py took 0.262 seconds
[2025-10-24T13:09:46.885+0000] {processor.py:161} INFO - Started process (PID=142) to work on /opt/airflow/dags/silver_layer_dag.py
[2025-10-24T13:09:46.886+0000] {processor.py:830} INFO - Processing file /opt/airflow/dags/silver_layer_dag.py for tasks to queue
[2025-10-24T13:09:46.887+0000] {logging_mixin.py:188} INFO - [2025-10-24T13:09:46.887+0000] {dagbag.py:540} INFO - Filling up the DagBag from /opt/airflow/dags/silver_layer_dag.py
[2025-10-24T13:09:47.148+0000] {processor.py:840} INFO - DAG(s) 'silver_layer_dag' retrieved from /opt/airflow/dags/silver_layer_dag.py
[2025-10-24T13:09:47.163+0000] {logging_mixin.py:188} INFO - [2025-10-24T13:09:47.162+0000] {dag.py:3096} INFO - Sync 1 DAGs
[2025-10-24T13:09:47.170+0000] {logging_mixin.py:188} INFO - [2025-10-24T13:09:47.169+0000] {dag.py:3954} INFO - Setting next_dagrun for silver_layer_dag to None, run_after=None
[2025-10-24T13:09:47.182+0000] {processor.py:183} INFO - Processing /opt/airflow/dags/silver_layer_dag.py took 0.301 seconds
[2025-10-24T13:10:18.183+0000] {processor.py:161} INFO - Started process (PID=148) to work on /opt/airflow/dags/silver_layer_dag.py
[2025-10-24T13:10:18.184+0000] {processor.py:830} INFO - Processing file /opt/airflow/dags/silver_layer_dag.py for tasks to queue
[2025-10-24T13:10:18.185+0000] {logging_mixin.py:188} INFO - [2025-10-24T13:10:18.185+0000] {dagbag.py:540} INFO - Filling up the DagBag from /opt/airflow/dags/silver_layer_dag.py
[2025-10-24T13:10:18.446+0000] {processor.py:840} INFO - DAG(s) 'silver_layer_dag' retrieved from /opt/airflow/dags/silver_layer_dag.py
[2025-10-24T13:10:18.461+0000] {logging_mixin.py:188} INFO - [2025-10-24T13:10:18.461+0000] {dag.py:3096} INFO - Sync 1 DAGs
[2025-10-24T13:10:18.468+0000] {logging_mixin.py:188} INFO - [2025-10-24T13:10:18.468+0000] {dag.py:3954} INFO - Setting next_dagrun for silver_layer_dag to None, run_after=None
[2025-10-24T13:10:18.481+0000] {processor.py:183} INFO - Processing /opt/airflow/dags/silver_layer_dag.py took 0.302 seconds
[2025-10-24T13:10:49.148+0000] {processor.py:161} INFO - Started process (PID=154) to work on /opt/airflow/dags/silver_layer_dag.py
[2025-10-24T13:10:49.149+0000] {processor.py:830} INFO - Processing file /opt/airflow/dags/silver_layer_dag.py for tasks to queue
[2025-10-24T13:10:49.150+0000] {logging_mixin.py:188} INFO - [2025-10-24T13:10:49.150+0000] {dagbag.py:540} INFO - Filling up the DagBag from /opt/airflow/dags/silver_layer_dag.py
[2025-10-24T13:10:49.399+0000] {processor.py:840} INFO - DAG(s) 'silver_layer_dag' retrieved from /opt/airflow/dags/silver_layer_dag.py
[2025-10-24T13:10:49.413+0000] {logging_mixin.py:188} INFO - [2025-10-24T13:10:49.413+0000] {dag.py:3096} INFO - Sync 1 DAGs
[2025-10-24T13:10:49.420+0000] {logging_mixin.py:188} INFO - [2025-10-24T13:10:49.420+0000] {dag.py:3954} INFO - Setting next_dagrun for silver_layer_dag to None, run_after=None
[2025-10-24T13:10:49.433+0000] {processor.py:183} INFO - Processing /opt/airflow/dags/silver_layer_dag.py took 0.290 seconds
[2025-10-24T13:11:19.997+0000] {processor.py:161} INFO - Started process (PID=160) to work on /opt/airflow/dags/silver_layer_dag.py
[2025-10-24T13:11:19.997+0000] {processor.py:830} INFO - Processing file /opt/airflow/dags/silver_layer_dag.py for tasks to queue
[2025-10-24T13:11:19.999+0000] {logging_mixin.py:188} INFO - [2025-10-24T13:11:19.999+0000] {dagbag.py:540} INFO - Filling up the DagBag from /opt/airflow/dags/silver_layer_dag.py
[2025-10-24T13:11:20.110+0000] {processor.py:840} INFO - DAG(s) 'silver_layer_dag' retrieved from /opt/airflow/dags/silver_layer_dag.py
[2025-10-24T13:11:20.127+0000] {logging_mixin.py:188} INFO - [2025-10-24T13:11:20.126+0000] {dag.py:3096} INFO - Sync 1 DAGs
[2025-10-24T13:11:20.135+0000] {logging_mixin.py:188} INFO - [2025-10-24T13:11:20.135+0000] {dag.py:3954} INFO - Setting next_dagrun for silver_layer_dag to None, run_after=None
[2025-10-24T13:11:20.148+0000] {processor.py:183} INFO - Processing /opt/airflow/dags/silver_layer_dag.py took 0.155 seconds
[2025-10-24T13:11:50.949+0000] {processor.py:161} INFO - Started process (PID=166) to work on /opt/airflow/dags/silver_layer_dag.py
[2025-10-24T13:11:50.950+0000] {processor.py:830} INFO - Processing file /opt/airflow/dags/silver_layer_dag.py for tasks to queue
[2025-10-24T13:11:50.952+0000] {logging_mixin.py:188} INFO - [2025-10-24T13:11:50.951+0000] {dagbag.py:540} INFO - Filling up the DagBag from /opt/airflow/dags/silver_layer_dag.py
[2025-10-24T13:11:51.090+0000] {processor.py:840} INFO - DAG(s) 'silver_layer_dag' retrieved from /opt/airflow/dags/silver_layer_dag.py
[2025-10-24T13:11:51.111+0000] {logging_mixin.py:188} INFO - [2025-10-24T13:11:51.111+0000] {dag.py:3096} INFO - Sync 1 DAGs
[2025-10-24T13:11:51.121+0000] {logging_mixin.py:188} INFO - [2025-10-24T13:11:51.121+0000] {dag.py:3954} INFO - Setting next_dagrun for silver_layer_dag to None, run_after=None
[2025-10-24T13:11:51.137+0000] {processor.py:183} INFO - Processing /opt/airflow/dags/silver_layer_dag.py took 0.193 seconds
[2025-10-24T13:12:21.473+0000] {processor.py:161} INFO - Started process (PID=173) to work on /opt/airflow/dags/silver_layer_dag.py
[2025-10-24T13:12:21.473+0000] {processor.py:830} INFO - Processing file /opt/airflow/dags/silver_layer_dag.py for tasks to queue
[2025-10-24T13:12:21.475+0000] {logging_mixin.py:188} INFO - [2025-10-24T13:12:21.475+0000] {dagbag.py:540} INFO - Filling up the DagBag from /opt/airflow/dags/silver_layer_dag.py
[2025-10-24T13:12:21.591+0000] {processor.py:840} INFO - DAG(s) 'silver_layer_dag' retrieved from /opt/airflow/dags/silver_layer_dag.py
[2025-10-24T13:12:21.606+0000] {logging_mixin.py:188} INFO - [2025-10-24T13:12:21.606+0000] {dag.py:3096} INFO - Sync 1 DAGs
[2025-10-24T13:12:21.614+0000] {logging_mixin.py:188} INFO - [2025-10-24T13:12:21.614+0000] {dag.py:3954} INFO - Setting next_dagrun for silver_layer_dag to None, run_after=None
[2025-10-24T13:12:21.628+0000] {processor.py:183} INFO - Processing /opt/airflow/dags/silver_layer_dag.py took 0.160 seconds
[2025-10-24T13:12:51.977+0000] {processor.py:161} INFO - Started process (PID=178) to work on /opt/airflow/dags/silver_layer_dag.py
[2025-10-24T13:12:51.978+0000] {processor.py:830} INFO - Processing file /opt/airflow/dags/silver_layer_dag.py for tasks to queue
[2025-10-24T13:12:51.980+0000] {logging_mixin.py:188} INFO - [2025-10-24T13:12:51.980+0000] {dagbag.py:540} INFO - Filling up the DagBag from /opt/airflow/dags/silver_layer_dag.py
[2025-10-24T13:12:52.135+0000] {processor.py:840} INFO - DAG(s) 'silver_layer_dag' retrieved from /opt/airflow/dags/silver_layer_dag.py
[2025-10-24T13:12:52.155+0000] {logging_mixin.py:188} INFO - [2025-10-24T13:12:52.155+0000] {dag.py:3096} INFO - Sync 1 DAGs
[2025-10-24T13:12:52.165+0000] {logging_mixin.py:188} INFO - [2025-10-24T13:12:52.165+0000] {dag.py:3954} INFO - Setting next_dagrun for silver_layer_dag to None, run_after=None
[2025-10-24T13:12:52.181+0000] {processor.py:183} INFO - Processing /opt/airflow/dags/silver_layer_dag.py took 0.210 seconds
[2025-10-24T13:13:22.813+0000] {processor.py:161} INFO - Started process (PID=184) to work on /opt/airflow/dags/silver_layer_dag.py
[2025-10-24T13:13:22.813+0000] {processor.py:830} INFO - Processing file /opt/airflow/dags/silver_layer_dag.py for tasks to queue
[2025-10-24T13:13:22.815+0000] {logging_mixin.py:188} INFO - [2025-10-24T13:13:22.814+0000] {dagbag.py:540} INFO - Filling up the DagBag from /opt/airflow/dags/silver_layer_dag.py
[2025-10-24T13:13:22.935+0000] {processor.py:840} INFO - DAG(s) 'silver_layer_dag' retrieved from /opt/airflow/dags/silver_layer_dag.py
[2025-10-24T13:13:22.951+0000] {logging_mixin.py:188} INFO - [2025-10-24T13:13:22.951+0000] {dag.py:3096} INFO - Sync 1 DAGs
[2025-10-24T13:13:22.959+0000] {logging_mixin.py:188} INFO - [2025-10-24T13:13:22.959+0000] {dag.py:3954} INFO - Setting next_dagrun for silver_layer_dag to None, run_after=None
[2025-10-24T13:13:22.971+0000] {processor.py:183} INFO - Processing /opt/airflow/dags/silver_layer_dag.py took 0.163 seconds
[2025-10-24T13:13:56.298+0000] {processor.py:161} INFO - Started process (PID=190) to work on /opt/airflow/dags/silver_layer_dag.py
[2025-10-24T13:13:56.299+0000] {processor.py:830} INFO - Processing file /opt/airflow/dags/silver_layer_dag.py for tasks to queue
[2025-10-24T13:13:56.300+0000] {logging_mixin.py:188} INFO - [2025-10-24T13:13:56.300+0000] {dagbag.py:540} INFO - Filling up the DagBag from /opt/airflow/dags/silver_layer_dag.py
[2025-10-24T13:13:56.429+0000] {processor.py:840} INFO - DAG(s) 'silver_layer_dag' retrieved from /opt/airflow/dags/silver_layer_dag.py
[2025-10-24T13:13:56.446+0000] {logging_mixin.py:188} INFO - [2025-10-24T13:13:56.446+0000] {dag.py:3096} INFO - Sync 1 DAGs
[2025-10-24T13:13:56.454+0000] {logging_mixin.py:188} INFO - [2025-10-24T13:13:56.454+0000] {dag.py:3954} INFO - Setting next_dagrun for silver_layer_dag to None, run_after=None
[2025-10-24T13:13:56.469+0000] {processor.py:183} INFO - Processing /opt/airflow/dags/silver_layer_dag.py took 0.176 seconds
[2025-10-24T13:14:28.849+0000] {processor.py:161} INFO - Started process (PID=196) to work on /opt/airflow/dags/silver_layer_dag.py
[2025-10-24T13:14:28.849+0000] {processor.py:830} INFO - Processing file /opt/airflow/dags/silver_layer_dag.py for tasks to queue
[2025-10-24T13:14:28.851+0000] {logging_mixin.py:188} INFO - [2025-10-24T13:14:28.851+0000] {dagbag.py:540} INFO - Filling up the DagBag from /opt/airflow/dags/silver_layer_dag.py
[2025-10-24T13:14:28.977+0000] {processor.py:840} INFO - DAG(s) 'silver_layer_dag' retrieved from /opt/airflow/dags/silver_layer_dag.py
[2025-10-24T13:14:28.995+0000] {logging_mixin.py:188} INFO - [2025-10-24T13:14:28.995+0000] {dag.py:3096} INFO - Sync 1 DAGs
[2025-10-24T13:14:29.004+0000] {logging_mixin.py:188} INFO - [2025-10-24T13:14:29.004+0000] {dag.py:3954} INFO - Setting next_dagrun for silver_layer_dag to None, run_after=None
[2025-10-24T13:14:29.018+0000] {processor.py:183} INFO - Processing /opt/airflow/dags/silver_layer_dag.py took 0.175 seconds
[2025-10-24T13:14:59.527+0000] {processor.py:161} INFO - Started process (PID=202) to work on /opt/airflow/dags/silver_layer_dag.py
[2025-10-24T13:14:59.528+0000] {processor.py:830} INFO - Processing file /opt/airflow/dags/silver_layer_dag.py for tasks to queue
[2025-10-24T13:14:59.529+0000] {logging_mixin.py:188} INFO - [2025-10-24T13:14:59.529+0000] {dagbag.py:540} INFO - Filling up the DagBag from /opt/airflow/dags/silver_layer_dag.py
[2025-10-24T13:14:59.648+0000] {processor.py:840} INFO - DAG(s) 'silver_layer_dag' retrieved from /opt/airflow/dags/silver_layer_dag.py
[2025-10-24T13:14:59.665+0000] {logging_mixin.py:188} INFO - [2025-10-24T13:14:59.665+0000] {dag.py:3096} INFO - Sync 1 DAGs
[2025-10-24T13:14:59.675+0000] {logging_mixin.py:188} INFO - [2025-10-24T13:14:59.674+0000] {dag.py:3954} INFO - Setting next_dagrun for silver_layer_dag to None, run_after=None
[2025-10-24T13:14:59.688+0000] {processor.py:183} INFO - Processing /opt/airflow/dags/silver_layer_dag.py took 0.166 seconds
[2025-10-24T13:15:30.637+0000] {processor.py:161} INFO - Started process (PID=208) to work on /opt/airflow/dags/silver_layer_dag.py
[2025-10-24T13:15:30.637+0000] {processor.py:830} INFO - Processing file /opt/airflow/dags/silver_layer_dag.py for tasks to queue
[2025-10-24T13:15:30.639+0000] {logging_mixin.py:188} INFO - [2025-10-24T13:15:30.639+0000] {dagbag.py:540} INFO - Filling up the DagBag from /opt/airflow/dags/silver_layer_dag.py
[2025-10-24T13:15:30.757+0000] {processor.py:840} INFO - DAG(s) 'silver_layer_dag' retrieved from /opt/airflow/dags/silver_layer_dag.py
[2025-10-24T13:15:30.773+0000] {logging_mixin.py:188} INFO - [2025-10-24T13:15:30.773+0000] {dag.py:3096} INFO - Sync 1 DAGs
[2025-10-24T13:15:30.782+0000] {logging_mixin.py:188} INFO - [2025-10-24T13:15:30.782+0000] {dag.py:3954} INFO - Setting next_dagrun for silver_layer_dag to None, run_after=None
[2025-10-24T13:15:30.795+0000] {processor.py:183} INFO - Processing /opt/airflow/dags/silver_layer_dag.py took 0.163 seconds
[2025-10-24T13:16:01.523+0000] {processor.py:161} INFO - Started process (PID=214) to work on /opt/airflow/dags/silver_layer_dag.py
[2025-10-24T13:16:01.524+0000] {processor.py:830} INFO - Processing file /opt/airflow/dags/silver_layer_dag.py for tasks to queue
[2025-10-24T13:16:01.526+0000] {logging_mixin.py:188} INFO - [2025-10-24T13:16:01.526+0000] {dagbag.py:540} INFO - Filling up the DagBag from /opt/airflow/dags/silver_layer_dag.py
[2025-10-24T13:16:01.654+0000] {processor.py:840} INFO - DAG(s) 'silver_layer_dag' retrieved from /opt/airflow/dags/silver_layer_dag.py
[2025-10-24T13:16:01.670+0000] {logging_mixin.py:188} INFO - [2025-10-24T13:16:01.670+0000] {dag.py:3096} INFO - Sync 1 DAGs
[2025-10-24T13:16:01.679+0000] {logging_mixin.py:188} INFO - [2025-10-24T13:16:01.679+0000] {dag.py:3954} INFO - Setting next_dagrun for silver_layer_dag to None, run_after=None
[2025-10-24T13:16:01.693+0000] {processor.py:183} INFO - Processing /opt/airflow/dags/silver_layer_dag.py took 0.175 seconds
[2025-10-24T13:16:34.570+0000] {processor.py:161} INFO - Started process (PID=221) to work on /opt/airflow/dags/silver_layer_dag.py
[2025-10-24T13:16:34.571+0000] {processor.py:830} INFO - Processing file /opt/airflow/dags/silver_layer_dag.py for tasks to queue
[2025-10-24T13:16:34.572+0000] {logging_mixin.py:188} INFO - [2025-10-24T13:16:34.572+0000] {dagbag.py:540} INFO - Filling up the DagBag from /opt/airflow/dags/silver_layer_dag.py
[2025-10-24T13:16:34.698+0000] {processor.py:840} INFO - DAG(s) 'silver_layer_dag' retrieved from /opt/airflow/dags/silver_layer_dag.py
[2025-10-24T13:16:34.715+0000] {logging_mixin.py:188} INFO - [2025-10-24T13:16:34.715+0000] {dag.py:3096} INFO - Sync 1 DAGs
[2025-10-24T13:16:34.724+0000] {logging_mixin.py:188} INFO - [2025-10-24T13:16:34.724+0000] {dag.py:3954} INFO - Setting next_dagrun for silver_layer_dag to None, run_after=None
[2025-10-24T13:16:34.738+0000] {processor.py:183} INFO - Processing /opt/airflow/dags/silver_layer_dag.py took 0.173 seconds
[2025-10-24T13:17:05.613+0000] {processor.py:161} INFO - Started process (PID=226) to work on /opt/airflow/dags/silver_layer_dag.py
[2025-10-24T13:17:05.614+0000] {processor.py:830} INFO - Processing file /opt/airflow/dags/silver_layer_dag.py for tasks to queue
[2025-10-24T13:17:05.615+0000] {logging_mixin.py:188} INFO - [2025-10-24T13:17:05.615+0000] {dagbag.py:540} INFO - Filling up the DagBag from /opt/airflow/dags/silver_layer_dag.py
[2025-10-24T13:17:05.733+0000] {processor.py:840} INFO - DAG(s) 'silver_layer_dag' retrieved from /opt/airflow/dags/silver_layer_dag.py
[2025-10-24T13:17:05.748+0000] {logging_mixin.py:188} INFO - [2025-10-24T13:17:05.748+0000] {dag.py:3096} INFO - Sync 1 DAGs
[2025-10-24T13:17:05.757+0000] {logging_mixin.py:188} INFO - [2025-10-24T13:17:05.757+0000] {dag.py:3954} INFO - Setting next_dagrun for silver_layer_dag to None, run_after=None
[2025-10-24T13:17:05.770+0000] {processor.py:183} INFO - Processing /opt/airflow/dags/silver_layer_dag.py took 0.161 seconds
[2025-10-24T13:17:36.944+0000] {processor.py:161} INFO - Started process (PID=232) to work on /opt/airflow/dags/silver_layer_dag.py
[2025-10-24T13:17:36.945+0000] {processor.py:830} INFO - Processing file /opt/airflow/dags/silver_layer_dag.py for tasks to queue
[2025-10-24T13:17:36.947+0000] {logging_mixin.py:188} INFO - [2025-10-24T13:17:36.947+0000] {dagbag.py:540} INFO - Filling up the DagBag from /opt/airflow/dags/silver_layer_dag.py
[2025-10-24T13:17:37.074+0000] {processor.py:840} INFO - DAG(s) 'silver_layer_dag' retrieved from /opt/airflow/dags/silver_layer_dag.py
[2025-10-24T13:17:37.092+0000] {logging_mixin.py:188} INFO - [2025-10-24T13:17:37.091+0000] {dag.py:3096} INFO - Sync 1 DAGs
[2025-10-24T13:17:37.101+0000] {logging_mixin.py:188} INFO - [2025-10-24T13:17:37.101+0000] {dag.py:3954} INFO - Setting next_dagrun for silver_layer_dag to None, run_after=None
[2025-10-24T13:17:37.115+0000] {processor.py:183} INFO - Processing /opt/airflow/dags/silver_layer_dag.py took 0.176 seconds
[2025-10-24T13:18:07.840+0000] {processor.py:161} INFO - Started process (PID=238) to work on /opt/airflow/dags/silver_layer_dag.py
[2025-10-24T13:18:07.841+0000] {processor.py:830} INFO - Processing file /opt/airflow/dags/silver_layer_dag.py for tasks to queue
[2025-10-24T13:18:07.843+0000] {logging_mixin.py:188} INFO - [2025-10-24T13:18:07.843+0000] {dagbag.py:540} INFO - Filling up the DagBag from /opt/airflow/dags/silver_layer_dag.py
[2025-10-24T13:18:07.978+0000] {processor.py:840} INFO - DAG(s) 'silver_layer_dag' retrieved from /opt/airflow/dags/silver_layer_dag.py
[2025-10-24T13:18:07.997+0000] {logging_mixin.py:188} INFO - [2025-10-24T13:18:07.997+0000] {dag.py:3096} INFO - Sync 1 DAGs
[2025-10-24T13:18:08.006+0000] {logging_mixin.py:188} INFO - [2025-10-24T13:18:08.006+0000] {dag.py:3954} INFO - Setting next_dagrun for silver_layer_dag to None, run_after=None
[2025-10-24T13:18:08.021+0000] {processor.py:183} INFO - Processing /opt/airflow/dags/silver_layer_dag.py took 0.185 seconds
[2025-10-24T13:18:38.567+0000] {processor.py:161} INFO - Started process (PID=244) to work on /opt/airflow/dags/silver_layer_dag.py
[2025-10-24T13:18:38.568+0000] {processor.py:830} INFO - Processing file /opt/airflow/dags/silver_layer_dag.py for tasks to queue
[2025-10-24T13:18:38.569+0000] {logging_mixin.py:188} INFO - [2025-10-24T13:18:38.569+0000] {dagbag.py:540} INFO - Filling up the DagBag from /opt/airflow/dags/silver_layer_dag.py
[2025-10-24T13:18:38.689+0000] {processor.py:840} INFO - DAG(s) 'silver_layer_dag' retrieved from /opt/airflow/dags/silver_layer_dag.py
[2025-10-24T13:18:38.705+0000] {logging_mixin.py:188} INFO - [2025-10-24T13:18:38.705+0000] {dag.py:3096} INFO - Sync 1 DAGs
[2025-10-24T13:18:38.715+0000] {logging_mixin.py:188} INFO - [2025-10-24T13:18:38.715+0000] {dag.py:3954} INFO - Setting next_dagrun for silver_layer_dag to None, run_after=None
[2025-10-24T13:18:38.729+0000] {processor.py:183} INFO - Processing /opt/airflow/dags/silver_layer_dag.py took 0.167 seconds
[2025-10-24T13:19:09.168+0000] {processor.py:161} INFO - Started process (PID=249) to work on /opt/airflow/dags/silver_layer_dag.py
[2025-10-24T13:19:09.169+0000] {processor.py:830} INFO - Processing file /opt/airflow/dags/silver_layer_dag.py for tasks to queue
[2025-10-24T13:19:09.171+0000] {logging_mixin.py:188} INFO - [2025-10-24T13:19:09.171+0000] {dagbag.py:540} INFO - Filling up the DagBag from /opt/airflow/dags/silver_layer_dag.py
[2025-10-24T13:19:09.293+0000] {processor.py:840} INFO - DAG(s) 'silver_layer_dag' retrieved from /opt/airflow/dags/silver_layer_dag.py
[2025-10-24T13:19:09.313+0000] {logging_mixin.py:188} INFO - [2025-10-24T13:19:09.313+0000] {dag.py:3096} INFO - Sync 1 DAGs
[2025-10-24T13:19:09.324+0000] {logging_mixin.py:188} INFO - [2025-10-24T13:19:09.324+0000] {dag.py:3954} INFO - Setting next_dagrun for silver_layer_dag to None, run_after=None
[2025-10-24T13:19:09.339+0000] {processor.py:183} INFO - Processing /opt/airflow/dags/silver_layer_dag.py took 0.175 seconds
[2025-10-24T13:19:39.561+0000] {processor.py:161} INFO - Started process (PID=260) to work on /opt/airflow/dags/silver_layer_dag.py
[2025-10-24T13:19:39.561+0000] {processor.py:830} INFO - Processing file /opt/airflow/dags/silver_layer_dag.py for tasks to queue
[2025-10-24T13:19:39.563+0000] {logging_mixin.py:188} INFO - [2025-10-24T13:19:39.562+0000] {dagbag.py:540} INFO - Filling up the DagBag from /opt/airflow/dags/silver_layer_dag.py
[2025-10-24T13:19:39.691+0000] {processor.py:840} INFO - DAG(s) 'silver_layer_dag' retrieved from /opt/airflow/dags/silver_layer_dag.py
[2025-10-24T13:19:39.710+0000] {logging_mixin.py:188} INFO - [2025-10-24T13:19:39.710+0000] {dag.py:3096} INFO - Sync 1 DAGs
[2025-10-24T13:19:39.723+0000] {logging_mixin.py:188} INFO - [2025-10-24T13:19:39.722+0000] {dag.py:3954} INFO - Setting next_dagrun for silver_layer_dag to None, run_after=None
[2025-10-24T13:19:39.742+0000] {processor.py:183} INFO - Processing /opt/airflow/dags/silver_layer_dag.py took 0.185 seconds
[2025-10-24T13:20:10.186+0000] {processor.py:161} INFO - Started process (PID=266) to work on /opt/airflow/dags/silver_layer_dag.py
[2025-10-24T13:20:10.186+0000] {processor.py:830} INFO - Processing file /opt/airflow/dags/silver_layer_dag.py for tasks to queue
[2025-10-24T13:20:10.188+0000] {logging_mixin.py:188} INFO - [2025-10-24T13:20:10.188+0000] {dagbag.py:540} INFO - Filling up the DagBag from /opt/airflow/dags/silver_layer_dag.py
[2025-10-24T13:20:10.317+0000] {processor.py:840} INFO - DAG(s) 'silver_layer_dag' retrieved from /opt/airflow/dags/silver_layer_dag.py
[2025-10-24T13:20:10.336+0000] {logging_mixin.py:188} INFO - [2025-10-24T13:20:10.336+0000] {dag.py:3096} INFO - Sync 1 DAGs
[2025-10-24T13:20:10.347+0000] {logging_mixin.py:188} INFO - [2025-10-24T13:20:10.347+0000] {dag.py:3954} INFO - Setting next_dagrun for silver_layer_dag to None, run_after=None
[2025-10-24T13:20:10.365+0000] {processor.py:183} INFO - Processing /opt/airflow/dags/silver_layer_dag.py took 0.184 seconds
[2025-10-24T13:20:41.011+0000] {processor.py:161} INFO - Started process (PID=272) to work on /opt/airflow/dags/silver_layer_dag.py
[2025-10-24T13:20:41.012+0000] {processor.py:830} INFO - Processing file /opt/airflow/dags/silver_layer_dag.py for tasks to queue
[2025-10-24T13:20:41.013+0000] {logging_mixin.py:188} INFO - [2025-10-24T13:20:41.013+0000] {dagbag.py:540} INFO - Filling up the DagBag from /opt/airflow/dags/silver_layer_dag.py
[2025-10-24T13:20:41.130+0000] {processor.py:840} INFO - DAG(s) 'silver_layer_dag' retrieved from /opt/airflow/dags/silver_layer_dag.py
[2025-10-24T13:20:41.147+0000] {logging_mixin.py:188} INFO - [2025-10-24T13:20:41.147+0000] {dag.py:3096} INFO - Sync 1 DAGs
[2025-10-24T13:20:41.157+0000] {logging_mixin.py:188} INFO - [2025-10-24T13:20:41.157+0000] {dag.py:3954} INFO - Setting next_dagrun for silver_layer_dag to None, run_after=None
[2025-10-24T13:20:41.171+0000] {processor.py:183} INFO - Processing /opt/airflow/dags/silver_layer_dag.py took 0.165 seconds
[2025-10-24T13:21:11.842+0000] {processor.py:161} INFO - Started process (PID=278) to work on /opt/airflow/dags/silver_layer_dag.py
[2025-10-24T13:21:11.842+0000] {processor.py:830} INFO - Processing file /opt/airflow/dags/silver_layer_dag.py for tasks to queue
[2025-10-24T13:21:11.844+0000] {logging_mixin.py:188} INFO - [2025-10-24T13:21:11.844+0000] {dagbag.py:540} INFO - Filling up the DagBag from /opt/airflow/dags/silver_layer_dag.py
[2025-10-24T13:21:11.982+0000] {processor.py:840} INFO - DAG(s) 'silver_layer_dag' retrieved from /opt/airflow/dags/silver_layer_dag.py
[2025-10-24T13:21:12.003+0000] {logging_mixin.py:188} INFO - [2025-10-24T13:21:12.003+0000] {dag.py:3096} INFO - Sync 1 DAGs
[2025-10-24T13:21:12.015+0000] {logging_mixin.py:188} INFO - [2025-10-24T13:21:12.015+0000] {dag.py:3954} INFO - Setting next_dagrun for silver_layer_dag to None, run_after=None
[2025-10-24T13:21:12.034+0000] {processor.py:183} INFO - Processing /opt/airflow/dags/silver_layer_dag.py took 0.197 seconds
[2025-10-24T13:21:42.476+0000] {processor.py:161} INFO - Started process (PID=284) to work on /opt/airflow/dags/silver_layer_dag.py
[2025-10-24T13:21:42.477+0000] {processor.py:830} INFO - Processing file /opt/airflow/dags/silver_layer_dag.py for tasks to queue
[2025-10-24T13:21:42.478+0000] {logging_mixin.py:188} INFO - [2025-10-24T13:21:42.478+0000] {dagbag.py:540} INFO - Filling up the DagBag from /opt/airflow/dags/silver_layer_dag.py
[2025-10-24T13:21:42.594+0000] {processor.py:840} INFO - DAG(s) 'silver_layer_dag' retrieved from /opt/airflow/dags/silver_layer_dag.py
[2025-10-24T13:21:42.610+0000] {logging_mixin.py:188} INFO - [2025-10-24T13:21:42.610+0000] {dag.py:3096} INFO - Sync 1 DAGs
[2025-10-24T13:21:42.620+0000] {logging_mixin.py:188} INFO - [2025-10-24T13:21:42.619+0000] {dag.py:3954} INFO - Setting next_dagrun for silver_layer_dag to None, run_after=None
[2025-10-24T13:21:42.634+0000] {processor.py:183} INFO - Processing /opt/airflow/dags/silver_layer_dag.py took 0.162 seconds
[2025-10-24T13:22:13.252+0000] {processor.py:161} INFO - Started process (PID=290) to work on /opt/airflow/dags/silver_layer_dag.py
[2025-10-24T13:22:13.253+0000] {processor.py:830} INFO - Processing file /opt/airflow/dags/silver_layer_dag.py for tasks to queue
[2025-10-24T13:22:13.254+0000] {logging_mixin.py:188} INFO - [2025-10-24T13:22:13.254+0000] {dagbag.py:540} INFO - Filling up the DagBag from /opt/airflow/dags/silver_layer_dag.py
[2025-10-24T13:22:13.388+0000] {processor.py:840} INFO - DAG(s) 'silver_layer_dag' retrieved from /opt/airflow/dags/silver_layer_dag.py
[2025-10-24T13:22:13.410+0000] {logging_mixin.py:188} INFO - [2025-10-24T13:22:13.410+0000] {dag.py:3096} INFO - Sync 1 DAGs
[2025-10-24T13:22:13.420+0000] {logging_mixin.py:188} INFO - [2025-10-24T13:22:13.420+0000] {dag.py:3954} INFO - Setting next_dagrun for silver_layer_dag to None, run_after=None
[2025-10-24T13:22:13.435+0000] {processor.py:183} INFO - Processing /opt/airflow/dags/silver_layer_dag.py took 0.188 seconds
[2025-10-24T13:22:43.785+0000] {processor.py:161} INFO - Started process (PID=296) to work on /opt/airflow/dags/silver_layer_dag.py
[2025-10-24T13:22:43.785+0000] {processor.py:830} INFO - Processing file /opt/airflow/dags/silver_layer_dag.py for tasks to queue
[2025-10-24T13:22:43.787+0000] {logging_mixin.py:188} INFO - [2025-10-24T13:22:43.786+0000] {dagbag.py:540} INFO - Filling up the DagBag from /opt/airflow/dags/silver_layer_dag.py
[2025-10-24T13:22:43.903+0000] {processor.py:840} INFO - DAG(s) 'silver_layer_dag' retrieved from /opt/airflow/dags/silver_layer_dag.py
[2025-10-24T13:22:43.921+0000] {logging_mixin.py:188} INFO - [2025-10-24T13:22:43.921+0000] {dag.py:3096} INFO - Sync 1 DAGs
[2025-10-24T13:22:43.931+0000] {logging_mixin.py:188} INFO - [2025-10-24T13:22:43.931+0000] {dag.py:3954} INFO - Setting next_dagrun for silver_layer_dag to None, run_after=None
[2025-10-24T13:22:43.945+0000] {processor.py:183} INFO - Processing /opt/airflow/dags/silver_layer_dag.py took 0.165 seconds
[2025-10-24T13:23:14.938+0000] {processor.py:161} INFO - Started process (PID=303) to work on /opt/airflow/dags/silver_layer_dag.py
[2025-10-24T13:23:14.939+0000] {processor.py:830} INFO - Processing file /opt/airflow/dags/silver_layer_dag.py for tasks to queue
[2025-10-24T13:23:14.940+0000] {logging_mixin.py:188} INFO - [2025-10-24T13:23:14.940+0000] {dagbag.py:540} INFO - Filling up the DagBag from /opt/airflow/dags/silver_layer_dag.py
[2025-10-24T13:23:15.070+0000] {processor.py:840} INFO - DAG(s) 'silver_layer_dag' retrieved from /opt/airflow/dags/silver_layer_dag.py
[2025-10-24T13:23:15.090+0000] {logging_mixin.py:188} INFO - [2025-10-24T13:23:15.089+0000] {dag.py:3096} INFO - Sync 1 DAGs
[2025-10-24T13:23:15.099+0000] {logging_mixin.py:188} INFO - [2025-10-24T13:23:15.099+0000] {dag.py:3954} INFO - Setting next_dagrun for silver_layer_dag to None, run_after=None
[2025-10-24T13:23:15.116+0000] {processor.py:183} INFO - Processing /opt/airflow/dags/silver_layer_dag.py took 0.183 seconds
[2025-10-24T13:23:46.050+0000] {processor.py:161} INFO - Started process (PID=309) to work on /opt/airflow/dags/silver_layer_dag.py
[2025-10-24T13:23:46.051+0000] {processor.py:830} INFO - Processing file /opt/airflow/dags/silver_layer_dag.py for tasks to queue
[2025-10-24T13:23:46.053+0000] {logging_mixin.py:188} INFO - [2025-10-24T13:23:46.053+0000] {dagbag.py:540} INFO - Filling up the DagBag from /opt/airflow/dags/silver_layer_dag.py
[2025-10-24T13:23:46.185+0000] {processor.py:840} INFO - DAG(s) 'silver_layer_dag' retrieved from /opt/airflow/dags/silver_layer_dag.py
[2025-10-24T13:23:46.204+0000] {logging_mixin.py:188} INFO - [2025-10-24T13:23:46.204+0000] {dag.py:3096} INFO - Sync 1 DAGs
[2025-10-24T13:23:46.215+0000] {logging_mixin.py:188} INFO - [2025-10-24T13:23:46.215+0000] {dag.py:3954} INFO - Setting next_dagrun for silver_layer_dag to None, run_after=None
[2025-10-24T13:23:46.230+0000] {processor.py:183} INFO - Processing /opt/airflow/dags/silver_layer_dag.py took 0.185 seconds
[2025-10-24T13:24:17.327+0000] {processor.py:161} INFO - Started process (PID=315) to work on /opt/airflow/dags/silver_layer_dag.py
[2025-10-24T13:24:17.328+0000] {processor.py:830} INFO - Processing file /opt/airflow/dags/silver_layer_dag.py for tasks to queue
[2025-10-24T13:24:17.329+0000] {logging_mixin.py:188} INFO - [2025-10-24T13:24:17.329+0000] {dagbag.py:540} INFO - Filling up the DagBag from /opt/airflow/dags/silver_layer_dag.py
[2025-10-24T13:24:17.461+0000] {processor.py:840} INFO - DAG(s) 'silver_layer_dag' retrieved from /opt/airflow/dags/silver_layer_dag.py
[2025-10-24T13:24:17.478+0000] {logging_mixin.py:188} INFO - [2025-10-24T13:24:17.477+0000] {dag.py:3096} INFO - Sync 1 DAGs
[2025-10-24T13:24:17.487+0000] {logging_mixin.py:188} INFO - [2025-10-24T13:24:17.487+0000] {dag.py:3954} INFO - Setting next_dagrun for silver_layer_dag to None, run_after=None
[2025-10-24T13:24:17.501+0000] {processor.py:183} INFO - Processing /opt/airflow/dags/silver_layer_dag.py took 0.179 seconds
[2025-10-24T13:24:47.840+0000] {processor.py:161} INFO - Started process (PID=322) to work on /opt/airflow/dags/silver_layer_dag.py
[2025-10-24T13:24:47.841+0000] {processor.py:830} INFO - Processing file /opt/airflow/dags/silver_layer_dag.py for tasks to queue
[2025-10-24T13:24:47.843+0000] {logging_mixin.py:188} INFO - [2025-10-24T13:24:47.843+0000] {dagbag.py:540} INFO - Filling up the DagBag from /opt/airflow/dags/silver_layer_dag.py
[2025-10-24T13:24:47.970+0000] {processor.py:840} INFO - DAG(s) 'silver_layer_dag' retrieved from /opt/airflow/dags/silver_layer_dag.py
[2025-10-24T13:24:47.987+0000] {logging_mixin.py:188} INFO - [2025-10-24T13:24:47.987+0000] {dag.py:3096} INFO - Sync 1 DAGs
[2025-10-24T13:24:47.996+0000] {logging_mixin.py:188} INFO - [2025-10-24T13:24:47.996+0000] {dag.py:3954} INFO - Setting next_dagrun for silver_layer_dag to None, run_after=None
[2025-10-24T13:24:48.010+0000] {processor.py:183} INFO - Processing /opt/airflow/dags/silver_layer_dag.py took 0.175 seconds
[2025-10-24T13:25:18.484+0000] {processor.py:161} INFO - Started process (PID=328) to work on /opt/airflow/dags/silver_layer_dag.py
[2025-10-24T13:25:18.484+0000] {processor.py:830} INFO - Processing file /opt/airflow/dags/silver_layer_dag.py for tasks to queue
[2025-10-24T13:25:18.486+0000] {logging_mixin.py:188} INFO - [2025-10-24T13:25:18.486+0000] {dagbag.py:540} INFO - Filling up the DagBag from /opt/airflow/dags/silver_layer_dag.py
[2025-10-24T13:25:18.605+0000] {processor.py:840} INFO - DAG(s) 'silver_layer_dag' retrieved from /opt/airflow/dags/silver_layer_dag.py
[2025-10-24T13:25:18.622+0000] {logging_mixin.py:188} INFO - [2025-10-24T13:25:18.622+0000] {dag.py:3096} INFO - Sync 1 DAGs
[2025-10-24T13:25:18.631+0000] {logging_mixin.py:188} INFO - [2025-10-24T13:25:18.631+0000] {dag.py:3954} INFO - Setting next_dagrun for silver_layer_dag to None, run_after=None
[2025-10-24T13:25:18.644+0000] {processor.py:183} INFO - Processing /opt/airflow/dags/silver_layer_dag.py took 0.165 seconds
[2025-10-24T13:25:49.305+0000] {processor.py:161} INFO - Started process (PID=334) to work on /opt/airflow/dags/silver_layer_dag.py
[2025-10-24T13:25:49.306+0000] {processor.py:830} INFO - Processing file /opt/airflow/dags/silver_layer_dag.py for tasks to queue
[2025-10-24T13:25:49.308+0000] {logging_mixin.py:188} INFO - [2025-10-24T13:25:49.308+0000] {dagbag.py:540} INFO - Filling up the DagBag from /opt/airflow/dags/silver_layer_dag.py
[2025-10-24T13:25:49.436+0000] {processor.py:840} INFO - DAG(s) 'silver_layer_dag' retrieved from /opt/airflow/dags/silver_layer_dag.py
[2025-10-24T13:25:49.453+0000] {logging_mixin.py:188} INFO - [2025-10-24T13:25:49.453+0000] {dag.py:3096} INFO - Sync 1 DAGs
[2025-10-24T13:25:49.461+0000] {logging_mixin.py:188} INFO - [2025-10-24T13:25:49.461+0000] {dag.py:3954} INFO - Setting next_dagrun for silver_layer_dag to None, run_after=None
[2025-10-24T13:25:49.475+0000] {processor.py:183} INFO - Processing /opt/airflow/dags/silver_layer_dag.py took 0.177 seconds
[2025-10-24T13:26:19.802+0000] {processor.py:161} INFO - Started process (PID=339) to work on /opt/airflow/dags/silver_layer_dag.py
[2025-10-24T13:26:19.803+0000] {processor.py:830} INFO - Processing file /opt/airflow/dags/silver_layer_dag.py for tasks to queue
[2025-10-24T13:26:19.805+0000] {logging_mixin.py:188} INFO - [2025-10-24T13:26:19.804+0000] {dagbag.py:540} INFO - Filling up the DagBag from /opt/airflow/dags/silver_layer_dag.py
[2025-10-24T13:26:19.931+0000] {processor.py:840} INFO - DAG(s) 'silver_layer_dag' retrieved from /opt/airflow/dags/silver_layer_dag.py
[2025-10-24T13:26:19.948+0000] {logging_mixin.py:188} INFO - [2025-10-24T13:26:19.947+0000] {dag.py:3096} INFO - Sync 1 DAGs
[2025-10-24T13:26:19.956+0000] {logging_mixin.py:188} INFO - [2025-10-24T13:26:19.956+0000] {dag.py:3954} INFO - Setting next_dagrun for silver_layer_dag to None, run_after=None
[2025-10-24T13:26:19.969+0000] {processor.py:183} INFO - Processing /opt/airflow/dags/silver_layer_dag.py took 0.172 seconds
[2025-10-24T13:26:50.245+0000] {processor.py:161} INFO - Started process (PID=345) to work on /opt/airflow/dags/silver_layer_dag.py
[2025-10-24T13:26:50.246+0000] {processor.py:830} INFO - Processing file /opt/airflow/dags/silver_layer_dag.py for tasks to queue
[2025-10-24T13:26:50.247+0000] {logging_mixin.py:188} INFO - [2025-10-24T13:26:50.247+0000] {dagbag.py:540} INFO - Filling up the DagBag from /opt/airflow/dags/silver_layer_dag.py
[2025-10-24T13:26:50.381+0000] {processor.py:840} INFO - DAG(s) 'silver_layer_dag' retrieved from /opt/airflow/dags/silver_layer_dag.py
[2025-10-24T13:26:50.401+0000] {logging_mixin.py:188} INFO - [2025-10-24T13:26:50.401+0000] {dag.py:3096} INFO - Sync 1 DAGs
[2025-10-24T13:26:50.412+0000] {logging_mixin.py:188} INFO - [2025-10-24T13:26:50.412+0000] {dag.py:3954} INFO - Setting next_dagrun for silver_layer_dag to None, run_after=None
[2025-10-24T13:26:50.427+0000] {processor.py:183} INFO - Processing /opt/airflow/dags/silver_layer_dag.py took 0.187 seconds
[2025-10-24T13:27:20.677+0000] {processor.py:161} INFO - Started process (PID=350) to work on /opt/airflow/dags/silver_layer_dag.py
[2025-10-24T13:27:20.677+0000] {processor.py:830} INFO - Processing file /opt/airflow/dags/silver_layer_dag.py for tasks to queue
[2025-10-24T13:27:20.679+0000] {logging_mixin.py:188} INFO - [2025-10-24T13:27:20.678+0000] {dagbag.py:540} INFO - Filling up the DagBag from /opt/airflow/dags/silver_layer_dag.py
[2025-10-24T13:27:20.800+0000] {processor.py:840} INFO - DAG(s) 'silver_layer_dag' retrieved from /opt/airflow/dags/silver_layer_dag.py
[2025-10-24T13:27:20.818+0000] {logging_mixin.py:188} INFO - [2025-10-24T13:27:20.818+0000] {dag.py:3096} INFO - Sync 1 DAGs
[2025-10-24T13:27:20.829+0000] {logging_mixin.py:188} INFO - [2025-10-24T13:27:20.829+0000] {dag.py:3954} INFO - Setting next_dagrun for silver_layer_dag to None, run_after=None
[2025-10-24T13:27:20.845+0000] {processor.py:183} INFO - Processing /opt/airflow/dags/silver_layer_dag.py took 0.173 seconds
[2025-10-24T13:27:52.476+0000] {processor.py:161} INFO - Started process (PID=357) to work on /opt/airflow/dags/silver_layer_dag.py
[2025-10-24T13:27:52.476+0000] {processor.py:830} INFO - Processing file /opt/airflow/dags/silver_layer_dag.py for tasks to queue
[2025-10-24T13:27:52.478+0000] {logging_mixin.py:188} INFO - [2025-10-24T13:27:52.478+0000] {dagbag.py:540} INFO - Filling up the DagBag from /opt/airflow/dags/silver_layer_dag.py
[2025-10-24T13:27:52.625+0000] {processor.py:840} INFO - DAG(s) 'silver_layer_dag' retrieved from /opt/airflow/dags/silver_layer_dag.py
[2025-10-24T13:27:52.644+0000] {logging_mixin.py:188} INFO - [2025-10-24T13:27:52.643+0000] {dag.py:3096} INFO - Sync 1 DAGs
[2025-10-24T13:27:52.653+0000] {logging_mixin.py:188} INFO - [2025-10-24T13:27:52.652+0000] {dag.py:3954} INFO - Setting next_dagrun for silver_layer_dag to None, run_after=None
[2025-10-24T13:27:52.665+0000] {processor.py:183} INFO - Processing /opt/airflow/dags/silver_layer_dag.py took 0.196 seconds
[2025-10-24T13:28:25.061+0000] {processor.py:161} INFO - Started process (PID=363) to work on /opt/airflow/dags/silver_layer_dag.py
[2025-10-24T13:28:25.062+0000] {processor.py:830} INFO - Processing file /opt/airflow/dags/silver_layer_dag.py for tasks to queue
[2025-10-24T13:28:25.064+0000] {logging_mixin.py:188} INFO - [2025-10-24T13:28:25.063+0000] {dagbag.py:540} INFO - Filling up the DagBag from /opt/airflow/dags/silver_layer_dag.py
[2025-10-24T13:28:25.185+0000] {processor.py:840} INFO - DAG(s) 'silver_layer_dag' retrieved from /opt/airflow/dags/silver_layer_dag.py
[2025-10-24T13:28:25.202+0000] {logging_mixin.py:188} INFO - [2025-10-24T13:28:25.202+0000] {dag.py:3096} INFO - Sync 1 DAGs
[2025-10-24T13:28:25.212+0000] {logging_mixin.py:188} INFO - [2025-10-24T13:28:25.212+0000] {dag.py:3954} INFO - Setting next_dagrun for silver_layer_dag to None, run_after=None
[2025-10-24T13:28:25.226+0000] {processor.py:183} INFO - Processing /opt/airflow/dags/silver_layer_dag.py took 0.170 seconds
[2025-10-24T13:28:57.359+0000] {processor.py:161} INFO - Started process (PID=369) to work on /opt/airflow/dags/silver_layer_dag.py
[2025-10-24T13:28:57.360+0000] {processor.py:830} INFO - Processing file /opt/airflow/dags/silver_layer_dag.py for tasks to queue
[2025-10-24T13:28:57.362+0000] {logging_mixin.py:188} INFO - [2025-10-24T13:28:57.361+0000] {dagbag.py:540} INFO - Filling up the DagBag from /opt/airflow/dags/silver_layer_dag.py
[2025-10-24T13:28:57.475+0000] {processor.py:840} INFO - DAG(s) 'silver_layer_dag' retrieved from /opt/airflow/dags/silver_layer_dag.py
[2025-10-24T13:28:57.491+0000] {logging_mixin.py:188} INFO - [2025-10-24T13:28:57.491+0000] {dag.py:3096} INFO - Sync 1 DAGs
[2025-10-24T13:28:57.499+0000] {logging_mixin.py:188} INFO - [2025-10-24T13:28:57.499+0000] {dag.py:3954} INFO - Setting next_dagrun for silver_layer_dag to None, run_after=None
[2025-10-24T13:28:57.511+0000] {processor.py:183} INFO - Processing /opt/airflow/dags/silver_layer_dag.py took 0.157 seconds
[2025-10-24T13:29:30.953+0000] {processor.py:161} INFO - Started process (PID=375) to work on /opt/airflow/dags/silver_layer_dag.py
[2025-10-24T13:29:30.954+0000] {processor.py:830} INFO - Processing file /opt/airflow/dags/silver_layer_dag.py for tasks to queue
[2025-10-24T13:29:30.955+0000] {logging_mixin.py:188} INFO - [2025-10-24T13:29:30.955+0000] {dagbag.py:540} INFO - Filling up the DagBag from /opt/airflow/dags/silver_layer_dag.py
[2025-10-24T13:29:31.069+0000] {processor.py:840} INFO - DAG(s) 'silver_layer_dag' retrieved from /opt/airflow/dags/silver_layer_dag.py
[2025-10-24T13:29:31.085+0000] {logging_mixin.py:188} INFO - [2025-10-24T13:29:31.085+0000] {dag.py:3096} INFO - Sync 1 DAGs
[2025-10-24T13:29:31.093+0000] {logging_mixin.py:188} INFO - [2025-10-24T13:29:31.093+0000] {dag.py:3954} INFO - Setting next_dagrun for silver_layer_dag to None, run_after=None
[2025-10-24T13:29:31.105+0000] {processor.py:183} INFO - Processing /opt/airflow/dags/silver_layer_dag.py took 0.156 seconds
[2025-10-24T13:30:01.667+0000] {processor.py:161} INFO - Started process (PID=381) to work on /opt/airflow/dags/silver_layer_dag.py
[2025-10-24T13:30:01.668+0000] {processor.py:830} INFO - Processing file /opt/airflow/dags/silver_layer_dag.py for tasks to queue
[2025-10-24T13:30:01.669+0000] {logging_mixin.py:188} INFO - [2025-10-24T13:30:01.669+0000] {dagbag.py:540} INFO - Filling up the DagBag from /opt/airflow/dags/silver_layer_dag.py
[2025-10-24T13:30:01.787+0000] {processor.py:840} INFO - DAG(s) 'silver_layer_dag' retrieved from /opt/airflow/dags/silver_layer_dag.py
[2025-10-24T13:30:01.804+0000] {logging_mixin.py:188} INFO - [2025-10-24T13:30:01.804+0000] {dag.py:3096} INFO - Sync 1 DAGs
[2025-10-24T13:30:01.813+0000] {logging_mixin.py:188} INFO - [2025-10-24T13:30:01.813+0000] {dag.py:3954} INFO - Setting next_dagrun for silver_layer_dag to None, run_after=None
[2025-10-24T13:30:01.827+0000] {processor.py:183} INFO - Processing /opt/airflow/dags/silver_layer_dag.py took 0.164 seconds
[2025-10-24T13:30:33.216+0000] {processor.py:161} INFO - Started process (PID=387) to work on /opt/airflow/dags/silver_layer_dag.py
[2025-10-24T13:30:33.217+0000] {processor.py:830} INFO - Processing file /opt/airflow/dags/silver_layer_dag.py for tasks to queue
[2025-10-24T13:30:33.219+0000] {logging_mixin.py:188} INFO - [2025-10-24T13:30:33.219+0000] {dagbag.py:540} INFO - Filling up the DagBag from /opt/airflow/dags/silver_layer_dag.py
[2025-10-24T13:30:33.356+0000] {processor.py:840} INFO - DAG(s) 'silver_layer_dag' retrieved from /opt/airflow/dags/silver_layer_dag.py
[2025-10-24T13:30:33.375+0000] {logging_mixin.py:188} INFO - [2025-10-24T13:30:33.375+0000] {dag.py:3096} INFO - Sync 1 DAGs
[2025-10-24T13:30:33.387+0000] {logging_mixin.py:188} INFO - [2025-10-24T13:30:33.387+0000] {dag.py:3954} INFO - Setting next_dagrun for silver_layer_dag to None, run_after=None
[2025-10-24T13:30:33.403+0000] {processor.py:183} INFO - Processing /opt/airflow/dags/silver_layer_dag.py took 0.192 seconds
[2025-10-24T13:31:05.472+0000] {processor.py:161} INFO - Started process (PID=393) to work on /opt/airflow/dags/silver_layer_dag.py
[2025-10-24T13:31:05.472+0000] {processor.py:830} INFO - Processing file /opt/airflow/dags/silver_layer_dag.py for tasks to queue
[2025-10-24T13:31:05.474+0000] {logging_mixin.py:188} INFO - [2025-10-24T13:31:05.474+0000] {dagbag.py:540} INFO - Filling up the DagBag from /opt/airflow/dags/silver_layer_dag.py
[2025-10-24T13:31:05.592+0000] {processor.py:840} INFO - DAG(s) 'silver_layer_dag' retrieved from /opt/airflow/dags/silver_layer_dag.py
[2025-10-24T13:31:05.608+0000] {logging_mixin.py:188} INFO - [2025-10-24T13:31:05.608+0000] {dag.py:3096} INFO - Sync 1 DAGs
[2025-10-24T13:31:05.616+0000] {logging_mixin.py:188} INFO - [2025-10-24T13:31:05.616+0000] {dag.py:3954} INFO - Setting next_dagrun for silver_layer_dag to None, run_after=None
[2025-10-24T13:31:05.630+0000] {processor.py:183} INFO - Processing /opt/airflow/dags/silver_layer_dag.py took 0.163 seconds
[2025-10-24T13:31:36.291+0000] {processor.py:161} INFO - Started process (PID=399) to work on /opt/airflow/dags/silver_layer_dag.py
[2025-10-24T13:31:36.291+0000] {processor.py:830} INFO - Processing file /opt/airflow/dags/silver_layer_dag.py for tasks to queue
[2025-10-24T13:31:36.293+0000] {logging_mixin.py:188} INFO - [2025-10-24T13:31:36.293+0000] {dagbag.py:540} INFO - Filling up the DagBag from /opt/airflow/dags/silver_layer_dag.py
[2025-10-24T13:31:36.420+0000] {processor.py:840} INFO - DAG(s) 'silver_layer_dag' retrieved from /opt/airflow/dags/silver_layer_dag.py
[2025-10-24T13:31:36.438+0000] {logging_mixin.py:188} INFO - [2025-10-24T13:31:36.438+0000] {dag.py:3096} INFO - Sync 1 DAGs
[2025-10-24T13:31:36.446+0000] {logging_mixin.py:188} INFO - [2025-10-24T13:31:36.446+0000] {dag.py:3954} INFO - Setting next_dagrun for silver_layer_dag to None, run_after=None
[2025-10-24T13:31:36.459+0000] {processor.py:183} INFO - Processing /opt/airflow/dags/silver_layer_dag.py took 0.173 seconds
[2025-10-24T13:32:07.753+0000] {processor.py:161} INFO - Started process (PID=405) to work on /opt/airflow/dags/silver_layer_dag.py
[2025-10-24T13:32:07.754+0000] {processor.py:830} INFO - Processing file /opt/airflow/dags/silver_layer_dag.py for tasks to queue
[2025-10-24T13:32:07.756+0000] {logging_mixin.py:188} INFO - [2025-10-24T13:32:07.756+0000] {dagbag.py:540} INFO - Filling up the DagBag from /opt/airflow/dags/silver_layer_dag.py
[2025-10-24T13:32:07.889+0000] {processor.py:840} INFO - DAG(s) 'silver_layer_dag' retrieved from /opt/airflow/dags/silver_layer_dag.py
[2025-10-24T13:32:07.906+0000] {logging_mixin.py:188} INFO - [2025-10-24T13:32:07.906+0000] {dag.py:3096} INFO - Sync 1 DAGs
[2025-10-24T13:32:07.916+0000] {logging_mixin.py:188} INFO - [2025-10-24T13:32:07.916+0000] {dag.py:3954} INFO - Setting next_dagrun for silver_layer_dag to None, run_after=None
[2025-10-24T13:32:07.931+0000] {processor.py:183} INFO - Processing /opt/airflow/dags/silver_layer_dag.py took 0.182 seconds
[2025-10-24T13:32:38.865+0000] {processor.py:161} INFO - Started process (PID=411) to work on /opt/airflow/dags/silver_layer_dag.py
[2025-10-24T13:32:38.866+0000] {processor.py:830} INFO - Processing file /opt/airflow/dags/silver_layer_dag.py for tasks to queue
[2025-10-24T13:32:38.868+0000] {logging_mixin.py:188} INFO - [2025-10-24T13:32:38.867+0000] {dagbag.py:540} INFO - Filling up the DagBag from /opt/airflow/dags/silver_layer_dag.py
[2025-10-24T13:32:38.993+0000] {processor.py:840} INFO - DAG(s) 'silver_layer_dag' retrieved from /opt/airflow/dags/silver_layer_dag.py
[2025-10-24T13:32:39.010+0000] {logging_mixin.py:188} INFO - [2025-10-24T13:32:39.009+0000] {dag.py:3096} INFO - Sync 1 DAGs
[2025-10-24T13:32:39.019+0000] {logging_mixin.py:188} INFO - [2025-10-24T13:32:39.019+0000] {dag.py:3954} INFO - Setting next_dagrun for silver_layer_dag to None, run_after=None
[2025-10-24T13:32:39.034+0000] {processor.py:183} INFO - Processing /opt/airflow/dags/silver_layer_dag.py took 0.174 seconds
[2025-10-24T13:33:10.247+0000] {processor.py:161} INFO - Started process (PID=417) to work on /opt/airflow/dags/silver_layer_dag.py
[2025-10-24T13:33:10.248+0000] {processor.py:830} INFO - Processing file /opt/airflow/dags/silver_layer_dag.py for tasks to queue
[2025-10-24T13:33:10.250+0000] {logging_mixin.py:188} INFO - [2025-10-24T13:33:10.249+0000] {dagbag.py:540} INFO - Filling up the DagBag from /opt/airflow/dags/silver_layer_dag.py
[2025-10-24T13:33:10.381+0000] {processor.py:840} INFO - DAG(s) 'silver_layer_dag' retrieved from /opt/airflow/dags/silver_layer_dag.py
[2025-10-24T13:33:10.398+0000] {logging_mixin.py:188} INFO - [2025-10-24T13:33:10.398+0000] {dag.py:3096} INFO - Sync 1 DAGs
[2025-10-24T13:33:10.407+0000] {logging_mixin.py:188} INFO - [2025-10-24T13:33:10.407+0000] {dag.py:3954} INFO - Setting next_dagrun for silver_layer_dag to None, run_after=None
[2025-10-24T13:33:10.420+0000] {processor.py:183} INFO - Processing /opt/airflow/dags/silver_layer_dag.py took 0.178 seconds
[2025-10-24T13:33:42.836+0000] {processor.py:161} INFO - Started process (PID=423) to work on /opt/airflow/dags/silver_layer_dag.py
[2025-10-24T13:33:42.836+0000] {processor.py:830} INFO - Processing file /opt/airflow/dags/silver_layer_dag.py for tasks to queue
[2025-10-24T13:33:42.838+0000] {logging_mixin.py:188} INFO - [2025-10-24T13:33:42.838+0000] {dagbag.py:540} INFO - Filling up the DagBag from /opt/airflow/dags/silver_layer_dag.py
[2025-10-24T13:33:42.958+0000] {processor.py:840} INFO - DAG(s) 'silver_layer_dag' retrieved from /opt/airflow/dags/silver_layer_dag.py
[2025-10-24T13:33:42.975+0000] {logging_mixin.py:188} INFO - [2025-10-24T13:33:42.975+0000] {dag.py:3096} INFO - Sync 1 DAGs
[2025-10-24T13:33:42.984+0000] {logging_mixin.py:188} INFO - [2025-10-24T13:33:42.984+0000] {dag.py:3954} INFO - Setting next_dagrun for silver_layer_dag to None, run_after=None
[2025-10-24T13:33:42.997+0000] {processor.py:183} INFO - Processing /opt/airflow/dags/silver_layer_dag.py took 0.165 seconds
[2025-10-24T13:34:13.598+0000] {processor.py:161} INFO - Started process (PID=429) to work on /opt/airflow/dags/silver_layer_dag.py
[2025-10-24T13:34:13.599+0000] {processor.py:830} INFO - Processing file /opt/airflow/dags/silver_layer_dag.py for tasks to queue
[2025-10-24T13:34:13.600+0000] {logging_mixin.py:188} INFO - [2025-10-24T13:34:13.600+0000] {dagbag.py:540} INFO - Filling up the DagBag from /opt/airflow/dags/silver_layer_dag.py
[2025-10-24T13:34:13.755+0000] {processor.py:840} INFO - DAG(s) 'silver_layer_dag' retrieved from /opt/airflow/dags/silver_layer_dag.py
[2025-10-24T13:34:13.771+0000] {logging_mixin.py:188} INFO - [2025-10-24T13:34:13.771+0000] {dag.py:3096} INFO - Sync 1 DAGs
[2025-10-24T13:34:13.780+0000] {logging_mixin.py:188} INFO - [2025-10-24T13:34:13.780+0000] {dag.py:3954} INFO - Setting next_dagrun for silver_layer_dag to None, run_after=None
[2025-10-24T13:34:13.793+0000] {processor.py:183} INFO - Processing /opt/airflow/dags/silver_layer_dag.py took 0.201 seconds
[2025-10-24T13:34:45.324+0000] {processor.py:161} INFO - Started process (PID=435) to work on /opt/airflow/dags/silver_layer_dag.py
[2025-10-24T13:34:45.325+0000] {processor.py:830} INFO - Processing file /opt/airflow/dags/silver_layer_dag.py for tasks to queue
[2025-10-24T13:34:45.327+0000] {logging_mixin.py:188} INFO - [2025-10-24T13:34:45.327+0000] {dagbag.py:540} INFO - Filling up the DagBag from /opt/airflow/dags/silver_layer_dag.py
[2025-10-24T13:34:45.479+0000] {processor.py:840} INFO - DAG(s) 'silver_layer_dag' retrieved from /opt/airflow/dags/silver_layer_dag.py
[2025-10-24T13:34:45.500+0000] {logging_mixin.py:188} INFO - [2025-10-24T13:34:45.500+0000] {dag.py:3096} INFO - Sync 1 DAGs
[2025-10-24T13:34:45.511+0000] {logging_mixin.py:188} INFO - [2025-10-24T13:34:45.510+0000] {dag.py:3954} INFO - Setting next_dagrun for silver_layer_dag to None, run_after=None
[2025-10-24T13:34:45.528+0000] {processor.py:183} INFO - Processing /opt/airflow/dags/silver_layer_dag.py took 0.209 seconds
[2025-10-24T13:35:16.574+0000] {processor.py:161} INFO - Started process (PID=441) to work on /opt/airflow/dags/silver_layer_dag.py
[2025-10-24T13:35:16.575+0000] {processor.py:830} INFO - Processing file /opt/airflow/dags/silver_layer_dag.py for tasks to queue
[2025-10-24T13:35:16.576+0000] {logging_mixin.py:188} INFO - [2025-10-24T13:35:16.576+0000] {dagbag.py:540} INFO - Filling up the DagBag from /opt/airflow/dags/silver_layer_dag.py
[2025-10-24T13:35:16.691+0000] {processor.py:840} INFO - DAG(s) 'silver_layer_dag' retrieved from /opt/airflow/dags/silver_layer_dag.py
[2025-10-24T13:35:16.706+0000] {logging_mixin.py:188} INFO - [2025-10-24T13:35:16.706+0000] {dag.py:3096} INFO - Sync 1 DAGs
[2025-10-24T13:35:16.714+0000] {logging_mixin.py:188} INFO - [2025-10-24T13:35:16.714+0000] {dag.py:3954} INFO - Setting next_dagrun for silver_layer_dag to None, run_after=None
[2025-10-24T13:35:16.726+0000] {processor.py:183} INFO - Processing /opt/airflow/dags/silver_layer_dag.py took 0.157 seconds
[2025-10-24T13:35:49.111+0000] {processor.py:161} INFO - Started process (PID=447) to work on /opt/airflow/dags/silver_layer_dag.py
[2025-10-24T13:35:49.112+0000] {processor.py:830} INFO - Processing file /opt/airflow/dags/silver_layer_dag.py for tasks to queue
[2025-10-24T13:35:49.114+0000] {logging_mixin.py:188} INFO - [2025-10-24T13:35:49.113+0000] {dagbag.py:540} INFO - Filling up the DagBag from /opt/airflow/dags/silver_layer_dag.py
[2025-10-24T13:35:49.236+0000] {processor.py:840} INFO - DAG(s) 'silver_layer_dag' retrieved from /opt/airflow/dags/silver_layer_dag.py
[2025-10-24T13:35:49.252+0000] {logging_mixin.py:188} INFO - [2025-10-24T13:35:49.252+0000] {dag.py:3096} INFO - Sync 1 DAGs
[2025-10-24T13:35:49.261+0000] {logging_mixin.py:188} INFO - [2025-10-24T13:35:49.260+0000] {dag.py:3954} INFO - Setting next_dagrun for silver_layer_dag to None, run_after=None
[2025-10-24T13:35:49.274+0000] {processor.py:183} INFO - Processing /opt/airflow/dags/silver_layer_dag.py took 0.168 seconds
[2025-10-24T13:36:21.187+0000] {processor.py:161} INFO - Started process (PID=453) to work on /opt/airflow/dags/silver_layer_dag.py
[2025-10-24T13:36:21.188+0000] {processor.py:830} INFO - Processing file /opt/airflow/dags/silver_layer_dag.py for tasks to queue
[2025-10-24T13:36:21.189+0000] {logging_mixin.py:188} INFO - [2025-10-24T13:36:21.189+0000] {dagbag.py:540} INFO - Filling up the DagBag from /opt/airflow/dags/silver_layer_dag.py
[2025-10-24T13:36:21.302+0000] {processor.py:840} INFO - DAG(s) 'silver_layer_dag' retrieved from /opt/airflow/dags/silver_layer_dag.py
[2025-10-24T13:36:21.319+0000] {logging_mixin.py:188} INFO - [2025-10-24T13:36:21.318+0000] {dag.py:3096} INFO - Sync 1 DAGs
[2025-10-24T13:36:21.327+0000] {logging_mixin.py:188} INFO - [2025-10-24T13:36:21.327+0000] {dag.py:3954} INFO - Setting next_dagrun for silver_layer_dag to None, run_after=None
[2025-10-24T13:36:21.339+0000] {processor.py:183} INFO - Processing /opt/airflow/dags/silver_layer_dag.py took 0.158 seconds
[2025-10-24T13:36:53.618+0000] {processor.py:161} INFO - Started process (PID=459) to work on /opt/airflow/dags/silver_layer_dag.py
[2025-10-24T13:36:53.619+0000] {processor.py:830} INFO - Processing file /opt/airflow/dags/silver_layer_dag.py for tasks to queue
[2025-10-24T13:36:53.620+0000] {logging_mixin.py:188} INFO - [2025-10-24T13:36:53.620+0000] {dagbag.py:540} INFO - Filling up the DagBag from /opt/airflow/dags/silver_layer_dag.py
[2025-10-24T13:36:53.738+0000] {processor.py:840} INFO - DAG(s) 'silver_layer_dag' retrieved from /opt/airflow/dags/silver_layer_dag.py
[2025-10-24T13:36:53.755+0000] {logging_mixin.py:188} INFO - [2025-10-24T13:36:53.755+0000] {dag.py:3096} INFO - Sync 1 DAGs
[2025-10-24T13:36:53.764+0000] {logging_mixin.py:188} INFO - [2025-10-24T13:36:53.764+0000] {dag.py:3954} INFO - Setting next_dagrun for silver_layer_dag to None, run_after=None
[2025-10-24T13:36:53.777+0000] {processor.py:183} INFO - Processing /opt/airflow/dags/silver_layer_dag.py took 0.163 seconds
[2025-10-24T13:37:24.484+0000] {processor.py:161} INFO - Started process (PID=465) to work on /opt/airflow/dags/silver_layer_dag.py
[2025-10-24T13:37:24.484+0000] {processor.py:830} INFO - Processing file /opt/airflow/dags/silver_layer_dag.py for tasks to queue
[2025-10-24T13:37:24.486+0000] {logging_mixin.py:188} INFO - [2025-10-24T13:37:24.486+0000] {dagbag.py:540} INFO - Filling up the DagBag from /opt/airflow/dags/silver_layer_dag.py
[2025-10-24T13:37:24.599+0000] {processor.py:840} INFO - DAG(s) 'silver_layer_dag' retrieved from /opt/airflow/dags/silver_layer_dag.py
[2025-10-24T13:37:24.614+0000] {logging_mixin.py:188} INFO - [2025-10-24T13:37:24.614+0000] {dag.py:3096} INFO - Sync 1 DAGs
[2025-10-24T13:37:24.622+0000] {logging_mixin.py:188} INFO - [2025-10-24T13:37:24.622+0000] {dag.py:3954} INFO - Setting next_dagrun for silver_layer_dag to None, run_after=None
[2025-10-24T13:37:24.634+0000] {processor.py:183} INFO - Processing /opt/airflow/dags/silver_layer_dag.py took 0.155 seconds
[2025-10-24T13:37:55.658+0000] {processor.py:161} INFO - Started process (PID=471) to work on /opt/airflow/dags/silver_layer_dag.py
[2025-10-24T13:37:55.659+0000] {processor.py:830} INFO - Processing file /opt/airflow/dags/silver_layer_dag.py for tasks to queue
[2025-10-24T13:37:55.661+0000] {logging_mixin.py:188} INFO - [2025-10-24T13:37:55.660+0000] {dagbag.py:540} INFO - Filling up the DagBag from /opt/airflow/dags/silver_layer_dag.py
[2025-10-24T13:37:55.780+0000] {processor.py:840} INFO - DAG(s) 'silver_layer_dag' retrieved from /opt/airflow/dags/silver_layer_dag.py
[2025-10-24T13:37:55.796+0000] {logging_mixin.py:188} INFO - [2025-10-24T13:37:55.796+0000] {dag.py:3096} INFO - Sync 1 DAGs
[2025-10-24T13:37:55.805+0000] {logging_mixin.py:188} INFO - [2025-10-24T13:37:55.805+0000] {dag.py:3954} INFO - Setting next_dagrun for silver_layer_dag to None, run_after=None
[2025-10-24T13:37:55.818+0000] {processor.py:183} INFO - Processing /opt/airflow/dags/silver_layer_dag.py took 0.164 seconds
[2025-10-24T13:38:26.692+0000] {processor.py:161} INFO - Started process (PID=477) to work on /opt/airflow/dags/silver_layer_dag.py
[2025-10-24T13:38:26.693+0000] {processor.py:830} INFO - Processing file /opt/airflow/dags/silver_layer_dag.py for tasks to queue
[2025-10-24T13:38:26.695+0000] {logging_mixin.py:188} INFO - [2025-10-24T13:38:26.694+0000] {dagbag.py:540} INFO - Filling up the DagBag from /opt/airflow/dags/silver_layer_dag.py
[2025-10-24T13:38:26.825+0000] {processor.py:840} INFO - DAG(s) 'silver_layer_dag' retrieved from /opt/airflow/dags/silver_layer_dag.py
[2025-10-24T13:38:26.844+0000] {logging_mixin.py:188} INFO - [2025-10-24T13:38:26.843+0000] {dag.py:3096} INFO - Sync 1 DAGs
[2025-10-24T13:38:26.854+0000] {logging_mixin.py:188} INFO - [2025-10-24T13:38:26.854+0000] {dag.py:3954} INFO - Setting next_dagrun for silver_layer_dag to None, run_after=None
[2025-10-24T13:38:26.873+0000] {processor.py:183} INFO - Processing /opt/airflow/dags/silver_layer_dag.py took 0.186 seconds
[2025-10-24T13:38:59.143+0000] {processor.py:161} INFO - Started process (PID=483) to work on /opt/airflow/dags/silver_layer_dag.py
[2025-10-24T13:38:59.144+0000] {processor.py:830} INFO - Processing file /opt/airflow/dags/silver_layer_dag.py for tasks to queue
[2025-10-24T13:38:59.146+0000] {logging_mixin.py:188} INFO - [2025-10-24T13:38:59.146+0000] {dagbag.py:540} INFO - Filling up the DagBag from /opt/airflow/dags/silver_layer_dag.py
[2025-10-24T13:38:59.264+0000] {processor.py:840} INFO - DAG(s) 'silver_layer_dag' retrieved from /opt/airflow/dags/silver_layer_dag.py
[2025-10-24T13:38:59.280+0000] {logging_mixin.py:188} INFO - [2025-10-24T13:38:59.280+0000] {dag.py:3096} INFO - Sync 1 DAGs
[2025-10-24T13:38:59.289+0000] {logging_mixin.py:188} INFO - [2025-10-24T13:38:59.289+0000] {dag.py:3954} INFO - Setting next_dagrun for silver_layer_dag to None, run_after=None
[2025-10-24T13:38:59.303+0000] {processor.py:183} INFO - Processing /opt/airflow/dags/silver_layer_dag.py took 0.164 seconds
[2025-10-24T13:39:31.763+0000] {processor.py:161} INFO - Started process (PID=489) to work on /opt/airflow/dags/silver_layer_dag.py
[2025-10-24T13:39:31.764+0000] {processor.py:830} INFO - Processing file /opt/airflow/dags/silver_layer_dag.py for tasks to queue
[2025-10-24T13:39:31.765+0000] {logging_mixin.py:188} INFO - [2025-10-24T13:39:31.765+0000] {dagbag.py:540} INFO - Filling up the DagBag from /opt/airflow/dags/silver_layer_dag.py
[2025-10-24T13:39:31.895+0000] {processor.py:840} INFO - DAG(s) 'silver_layer_dag' retrieved from /opt/airflow/dags/silver_layer_dag.py
[2025-10-24T13:39:31.913+0000] {logging_mixin.py:188} INFO - [2025-10-24T13:39:31.913+0000] {dag.py:3096} INFO - Sync 1 DAGs
[2025-10-24T13:39:31.923+0000] {logging_mixin.py:188} INFO - [2025-10-24T13:39:31.923+0000] {dag.py:3954} INFO - Setting next_dagrun for silver_layer_dag to None, run_after=None
[2025-10-24T13:39:31.938+0000] {processor.py:183} INFO - Processing /opt/airflow/dags/silver_layer_dag.py took 0.180 seconds
[2025-10-24T13:40:04.038+0000] {processor.py:161} INFO - Started process (PID=495) to work on /opt/airflow/dags/silver_layer_dag.py
[2025-10-24T13:40:04.039+0000] {processor.py:830} INFO - Processing file /opt/airflow/dags/silver_layer_dag.py for tasks to queue
[2025-10-24T13:40:04.040+0000] {logging_mixin.py:188} INFO - [2025-10-24T13:40:04.040+0000] {dagbag.py:540} INFO - Filling up the DagBag from /opt/airflow/dags/silver_layer_dag.py
[2025-10-24T13:40:04.159+0000] {processor.py:840} INFO - DAG(s) 'silver_layer_dag' retrieved from /opt/airflow/dags/silver_layer_dag.py
[2025-10-24T13:40:04.177+0000] {logging_mixin.py:188} INFO - [2025-10-24T13:40:04.176+0000] {dag.py:3096} INFO - Sync 1 DAGs
[2025-10-24T13:40:04.186+0000] {logging_mixin.py:188} INFO - [2025-10-24T13:40:04.185+0000] {dag.py:3954} INFO - Setting next_dagrun for silver_layer_dag to None, run_after=None
[2025-10-24T13:40:04.199+0000] {processor.py:183} INFO - Processing /opt/airflow/dags/silver_layer_dag.py took 0.165 seconds
[2025-10-24T13:40:36.392+0000] {processor.py:161} INFO - Started process (PID=501) to work on /opt/airflow/dags/silver_layer_dag.py
[2025-10-24T13:40:36.393+0000] {processor.py:830} INFO - Processing file /opt/airflow/dags/silver_layer_dag.py for tasks to queue
[2025-10-24T13:40:36.394+0000] {logging_mixin.py:188} INFO - [2025-10-24T13:40:36.394+0000] {dagbag.py:540} INFO - Filling up the DagBag from /opt/airflow/dags/silver_layer_dag.py
[2025-10-24T13:40:36.540+0000] {processor.py:840} INFO - DAG(s) 'silver_layer_dag' retrieved from /opt/airflow/dags/silver_layer_dag.py
[2025-10-24T13:40:36.558+0000] {logging_mixin.py:188} INFO - [2025-10-24T13:40:36.558+0000] {dag.py:3096} INFO - Sync 1 DAGs
[2025-10-24T13:40:36.569+0000] {logging_mixin.py:188} INFO - [2025-10-24T13:40:36.568+0000] {dag.py:3954} INFO - Setting next_dagrun for silver_layer_dag to None, run_after=None
[2025-10-24T13:40:36.583+0000] {processor.py:183} INFO - Processing /opt/airflow/dags/silver_layer_dag.py took 0.195 seconds
[2025-10-24T13:41:08.549+0000] {processor.py:161} INFO - Started process (PID=507) to work on /opt/airflow/dags/silver_layer_dag.py
[2025-10-24T13:41:08.550+0000] {processor.py:830} INFO - Processing file /opt/airflow/dags/silver_layer_dag.py for tasks to queue
[2025-10-24T13:41:08.551+0000] {logging_mixin.py:188} INFO - [2025-10-24T13:41:08.551+0000] {dagbag.py:540} INFO - Filling up the DagBag from /opt/airflow/dags/silver_layer_dag.py
[2025-10-24T13:41:08.672+0000] {processor.py:840} INFO - DAG(s) 'silver_layer_dag' retrieved from /opt/airflow/dags/silver_layer_dag.py
[2025-10-24T13:41:08.687+0000] {logging_mixin.py:188} INFO - [2025-10-24T13:41:08.687+0000] {dag.py:3096} INFO - Sync 1 DAGs
[2025-10-24T13:41:08.696+0000] {logging_mixin.py:188} INFO - [2025-10-24T13:41:08.696+0000] {dag.py:3954} INFO - Setting next_dagrun for silver_layer_dag to None, run_after=None
[2025-10-24T13:41:08.711+0000] {processor.py:183} INFO - Processing /opt/airflow/dags/silver_layer_dag.py took 0.167 seconds
[2025-10-24T13:41:38.928+0000] {processor.py:161} INFO - Started process (PID=512) to work on /opt/airflow/dags/silver_layer_dag.py
[2025-10-24T13:41:38.929+0000] {processor.py:830} INFO - Processing file /opt/airflow/dags/silver_layer_dag.py for tasks to queue
[2025-10-24T13:41:38.930+0000] {logging_mixin.py:188} INFO - [2025-10-24T13:41:38.930+0000] {dagbag.py:540} INFO - Filling up the DagBag from /opt/airflow/dags/silver_layer_dag.py
[2025-10-24T13:41:39.063+0000] {processor.py:840} INFO - DAG(s) 'silver_layer_dag' retrieved from /opt/airflow/dags/silver_layer_dag.py
[2025-10-24T13:41:39.084+0000] {logging_mixin.py:188} INFO - [2025-10-24T13:41:39.084+0000] {dag.py:3096} INFO - Sync 1 DAGs
[2025-10-24T13:41:39.095+0000] {logging_mixin.py:188} INFO - [2025-10-24T13:41:39.094+0000] {dag.py:3954} INFO - Setting next_dagrun for silver_layer_dag to None, run_after=None
[2025-10-24T13:41:39.112+0000] {processor.py:183} INFO - Processing /opt/airflow/dags/silver_layer_dag.py took 0.189 seconds
[2025-10-24T13:42:11.453+0000] {processor.py:161} INFO - Started process (PID=524) to work on /opt/airflow/dags/silver_layer_dag.py
[2025-10-24T13:42:11.454+0000] {processor.py:830} INFO - Processing file /opt/airflow/dags/silver_layer_dag.py for tasks to queue
[2025-10-24T13:42:11.456+0000] {logging_mixin.py:188} INFO - [2025-10-24T13:42:11.455+0000] {dagbag.py:540} INFO - Filling up the DagBag from /opt/airflow/dags/silver_layer_dag.py
[2025-10-24T13:42:11.586+0000] {processor.py:840} INFO - DAG(s) 'silver_layer_dag' retrieved from /opt/airflow/dags/silver_layer_dag.py
[2025-10-24T13:42:11.607+0000] {logging_mixin.py:188} INFO - [2025-10-24T13:42:11.607+0000] {dag.py:3096} INFO - Sync 1 DAGs
[2025-10-24T13:42:11.619+0000] {logging_mixin.py:188} INFO - [2025-10-24T13:42:11.618+0000] {dag.py:3954} INFO - Setting next_dagrun for silver_layer_dag to None, run_after=None
[2025-10-24T13:42:11.640+0000] {processor.py:183} INFO - Processing /opt/airflow/dags/silver_layer_dag.py took 0.191 seconds
[2025-10-24T13:42:42.015+0000] {processor.py:161} INFO - Started process (PID=530) to work on /opt/airflow/dags/silver_layer_dag.py
[2025-10-24T13:42:42.016+0000] {processor.py:830} INFO - Processing file /opt/airflow/dags/silver_layer_dag.py for tasks to queue
[2025-10-24T13:42:42.017+0000] {logging_mixin.py:188} INFO - [2025-10-24T13:42:42.017+0000] {dagbag.py:540} INFO - Filling up the DagBag from /opt/airflow/dags/silver_layer_dag.py
[2025-10-24T13:42:42.140+0000] {processor.py:840} INFO - DAG(s) 'silver_layer_dag' retrieved from /opt/airflow/dags/silver_layer_dag.py
[2025-10-24T13:42:42.159+0000] {logging_mixin.py:188} INFO - [2025-10-24T13:42:42.159+0000] {dag.py:3096} INFO - Sync 1 DAGs
[2025-10-24T13:42:42.169+0000] {logging_mixin.py:188} INFO - [2025-10-24T13:42:42.169+0000] {dag.py:3954} INFO - Setting next_dagrun for silver_layer_dag to None, run_after=None
[2025-10-24T13:42:42.183+0000] {processor.py:183} INFO - Processing /opt/airflow/dags/silver_layer_dag.py took 0.172 seconds
[2025-10-24T13:43:12.235+0000] {processor.py:161} INFO - Started process (PID=535) to work on /opt/airflow/dags/silver_layer_dag.py
[2025-10-24T13:43:12.236+0000] {processor.py:830} INFO - Processing file /opt/airflow/dags/silver_layer_dag.py for tasks to queue
[2025-10-24T13:43:12.239+0000] {logging_mixin.py:188} INFO - [2025-10-24T13:43:12.238+0000] {dagbag.py:540} INFO - Filling up the DagBag from /opt/airflow/dags/silver_layer_dag.py
[2025-10-24T13:43:12.383+0000] {processor.py:840} INFO - DAG(s) 'silver_layer_dag' retrieved from /opt/airflow/dags/silver_layer_dag.py
[2025-10-24T13:43:12.407+0000] {logging_mixin.py:188} INFO - [2025-10-24T13:43:12.407+0000] {dag.py:3096} INFO - Sync 1 DAGs
[2025-10-24T13:43:12.420+0000] {logging_mixin.py:188} INFO - [2025-10-24T13:43:12.420+0000] {dag.py:3954} INFO - Setting next_dagrun for silver_layer_dag to None, run_after=None
[2025-10-24T13:43:12.438+0000] {processor.py:183} INFO - Processing /opt/airflow/dags/silver_layer_dag.py took 0.208 seconds
[2025-10-24T13:43:43.053+0000] {processor.py:161} INFO - Started process (PID=541) to work on /opt/airflow/dags/silver_layer_dag.py
[2025-10-24T13:43:43.054+0000] {processor.py:830} INFO - Processing file /opt/airflow/dags/silver_layer_dag.py for tasks to queue
[2025-10-24T13:43:43.056+0000] {logging_mixin.py:188} INFO - [2025-10-24T13:43:43.055+0000] {dagbag.py:540} INFO - Filling up the DagBag from /opt/airflow/dags/silver_layer_dag.py
[2025-10-24T13:43:43.185+0000] {processor.py:840} INFO - DAG(s) 'silver_layer_dag' retrieved from /opt/airflow/dags/silver_layer_dag.py
[2025-10-24T13:43:43.201+0000] {logging_mixin.py:188} INFO - [2025-10-24T13:43:43.201+0000] {dag.py:3096} INFO - Sync 1 DAGs
[2025-10-24T13:43:43.209+0000] {logging_mixin.py:188} INFO - [2025-10-24T13:43:43.209+0000] {dag.py:3954} INFO - Setting next_dagrun for silver_layer_dag to None, run_after=None
[2025-10-24T13:43:43.222+0000] {processor.py:183} INFO - Processing /opt/airflow/dags/silver_layer_dag.py took 0.173 seconds
[2025-10-24T13:44:13.902+0000] {processor.py:161} INFO - Started process (PID=548) to work on /opt/airflow/dags/silver_layer_dag.py
[2025-10-24T13:44:13.902+0000] {processor.py:830} INFO - Processing file /opt/airflow/dags/silver_layer_dag.py for tasks to queue
[2025-10-24T13:44:13.904+0000] {logging_mixin.py:188} INFO - [2025-10-24T13:44:13.904+0000] {dagbag.py:540} INFO - Filling up the DagBag from /opt/airflow/dags/silver_layer_dag.py
[2025-10-24T13:44:14.025+0000] {processor.py:840} INFO - DAG(s) 'silver_layer_dag' retrieved from /opt/airflow/dags/silver_layer_dag.py
[2025-10-24T13:44:14.044+0000] {logging_mixin.py:188} INFO - [2025-10-24T13:44:14.043+0000] {dag.py:3096} INFO - Sync 1 DAGs
[2025-10-24T13:44:14.053+0000] {logging_mixin.py:188} INFO - [2025-10-24T13:44:14.053+0000] {dag.py:3954} INFO - Setting next_dagrun for silver_layer_dag to None, run_after=None
[2025-10-24T13:44:14.069+0000] {processor.py:183} INFO - Processing /opt/airflow/dags/silver_layer_dag.py took 0.171 seconds
[2025-10-24T13:44:44.580+0000] {processor.py:161} INFO - Started process (PID=554) to work on /opt/airflow/dags/silver_layer_dag.py
[2025-10-24T13:44:44.580+0000] {processor.py:830} INFO - Processing file /opt/airflow/dags/silver_layer_dag.py for tasks to queue
[2025-10-24T13:44:44.582+0000] {logging_mixin.py:188} INFO - [2025-10-24T13:44:44.581+0000] {dagbag.py:540} INFO - Filling up the DagBag from /opt/airflow/dags/silver_layer_dag.py
[2025-10-24T13:44:44.703+0000] {processor.py:840} INFO - DAG(s) 'silver_layer_dag' retrieved from /opt/airflow/dags/silver_layer_dag.py
[2025-10-24T13:44:44.725+0000] {logging_mixin.py:188} INFO - [2025-10-24T13:44:44.725+0000] {dag.py:3096} INFO - Sync 1 DAGs
[2025-10-24T13:44:44.736+0000] {logging_mixin.py:188} INFO - [2025-10-24T13:44:44.736+0000] {dag.py:3954} INFO - Setting next_dagrun for silver_layer_dag to None, run_after=None
[2025-10-24T13:44:44.753+0000] {processor.py:183} INFO - Processing /opt/airflow/dags/silver_layer_dag.py took 0.178 seconds
[2025-10-24T13:45:14.987+0000] {processor.py:161} INFO - Started process (PID=559) to work on /opt/airflow/dags/silver_layer_dag.py
[2025-10-24T13:45:14.988+0000] {processor.py:830} INFO - Processing file /opt/airflow/dags/silver_layer_dag.py for tasks to queue
[2025-10-24T13:45:14.989+0000] {logging_mixin.py:188} INFO - [2025-10-24T13:45:14.989+0000] {dagbag.py:540} INFO - Filling up the DagBag from /opt/airflow/dags/silver_layer_dag.py
[2025-10-24T13:45:15.110+0000] {processor.py:840} INFO - DAG(s) 'silver_layer_dag' retrieved from /opt/airflow/dags/silver_layer_dag.py
[2025-10-24T13:45:15.125+0000] {logging_mixin.py:188} INFO - [2025-10-24T13:45:15.125+0000] {dag.py:3096} INFO - Sync 1 DAGs
[2025-10-24T13:45:15.135+0000] {logging_mixin.py:188} INFO - [2025-10-24T13:45:15.134+0000] {dag.py:3954} INFO - Setting next_dagrun for silver_layer_dag to None, run_after=None
[2025-10-24T13:45:15.153+0000] {processor.py:183} INFO - Processing /opt/airflow/dags/silver_layer_dag.py took 0.170 seconds
[2025-10-24T13:45:45.818+0000] {processor.py:161} INFO - Started process (PID=566) to work on /opt/airflow/dags/silver_layer_dag.py
[2025-10-24T13:45:45.819+0000] {processor.py:830} INFO - Processing file /opt/airflow/dags/silver_layer_dag.py for tasks to queue
[2025-10-24T13:45:45.821+0000] {logging_mixin.py:188} INFO - [2025-10-24T13:45:45.821+0000] {dagbag.py:540} INFO - Filling up the DagBag from /opt/airflow/dags/silver_layer_dag.py
[2025-10-24T13:45:46.155+0000] {processor.py:840} INFO - DAG(s) 'silver_layer_dag' retrieved from /opt/airflow/dags/silver_layer_dag.py
[2025-10-24T13:45:46.174+0000] {logging_mixin.py:188} INFO - [2025-10-24T13:45:46.174+0000] {dag.py:3096} INFO - Sync 1 DAGs
[2025-10-24T13:45:46.183+0000] {logging_mixin.py:188} INFO - [2025-10-24T13:45:46.183+0000] {dag.py:3954} INFO - Setting next_dagrun for silver_layer_dag to None, run_after=None
[2025-10-24T13:45:46.198+0000] {processor.py:183} INFO - Processing /opt/airflow/dags/silver_layer_dag.py took 0.385 seconds
[2025-10-24T13:46:16.582+0000] {processor.py:161} INFO - Started process (PID=572) to work on /opt/airflow/dags/silver_layer_dag.py
[2025-10-24T13:46:16.583+0000] {processor.py:830} INFO - Processing file /opt/airflow/dags/silver_layer_dag.py for tasks to queue
[2025-10-24T13:46:16.584+0000] {logging_mixin.py:188} INFO - [2025-10-24T13:46:16.584+0000] {dagbag.py:540} INFO - Filling up the DagBag from /opt/airflow/dags/silver_layer_dag.py
[2025-10-24T13:46:16.858+0000] {processor.py:840} INFO - DAG(s) 'silver_layer_dag' retrieved from /opt/airflow/dags/silver_layer_dag.py
[2025-10-24T13:46:16.872+0000] {logging_mixin.py:188} INFO - [2025-10-24T13:46:16.872+0000] {dag.py:3096} INFO - Sync 1 DAGs
[2025-10-24T13:46:16.879+0000] {logging_mixin.py:188} INFO - [2025-10-24T13:46:16.879+0000] {dag.py:3954} INFO - Setting next_dagrun for silver_layer_dag to None, run_after=None
[2025-10-24T13:46:16.892+0000] {processor.py:183} INFO - Processing /opt/airflow/dags/silver_layer_dag.py took 0.315 seconds
[2025-10-24T13:46:47.303+0000] {processor.py:161} INFO - Started process (PID=578) to work on /opt/airflow/dags/silver_layer_dag.py
[2025-10-24T13:46:47.304+0000] {processor.py:830} INFO - Processing file /opt/airflow/dags/silver_layer_dag.py for tasks to queue
[2025-10-24T13:46:47.306+0000] {logging_mixin.py:188} INFO - [2025-10-24T13:46:47.305+0000] {dagbag.py:540} INFO - Filling up the DagBag from /opt/airflow/dags/silver_layer_dag.py
[2025-10-24T13:46:47.655+0000] {processor.py:840} INFO - DAG(s) 'silver_layer_dag' retrieved from /opt/airflow/dags/silver_layer_dag.py
[2025-10-24T13:46:47.679+0000] {logging_mixin.py:188} INFO - [2025-10-24T13:46:47.679+0000] {dag.py:3096} INFO - Sync 1 DAGs
[2025-10-24T13:46:47.690+0000] {logging_mixin.py:188} INFO - [2025-10-24T13:46:47.690+0000] {dag.py:3954} INFO - Setting next_dagrun for silver_layer_dag to None, run_after=None
[2025-10-24T13:46:47.707+0000] {processor.py:183} INFO - Processing /opt/airflow/dags/silver_layer_dag.py took 0.408 seconds
[2025-10-24T13:47:19.047+0000] {processor.py:161} INFO - Started process (PID=584) to work on /opt/airflow/dags/silver_layer_dag.py
[2025-10-24T13:47:19.048+0000] {processor.py:830} INFO - Processing file /opt/airflow/dags/silver_layer_dag.py for tasks to queue
[2025-10-24T13:47:19.049+0000] {logging_mixin.py:188} INFO - [2025-10-24T13:47:19.049+0000] {dagbag.py:540} INFO - Filling up the DagBag from /opt/airflow/dags/silver_layer_dag.py
[2025-10-24T13:47:19.336+0000] {processor.py:840} INFO - DAG(s) 'silver_layer_dag' retrieved from /opt/airflow/dags/silver_layer_dag.py
[2025-10-24T13:47:19.354+0000] {logging_mixin.py:188} INFO - [2025-10-24T13:47:19.354+0000] {dag.py:3096} INFO - Sync 1 DAGs
[2025-10-24T13:47:19.364+0000] {logging_mixin.py:188} INFO - [2025-10-24T13:47:19.364+0000] {dag.py:3954} INFO - Setting next_dagrun for silver_layer_dag to None, run_after=None
[2025-10-24T13:47:19.379+0000] {processor.py:183} INFO - Processing /opt/airflow/dags/silver_layer_dag.py took 0.337 seconds
[2025-10-24T13:47:49.898+0000] {processor.py:161} INFO - Started process (PID=590) to work on /opt/airflow/dags/silver_layer_dag.py
[2025-10-24T13:47:49.899+0000] {processor.py:830} INFO - Processing file /opt/airflow/dags/silver_layer_dag.py for tasks to queue
[2025-10-24T13:47:49.901+0000] {logging_mixin.py:188} INFO - [2025-10-24T13:47:49.900+0000] {dagbag.py:540} INFO - Filling up the DagBag from /opt/airflow/dags/silver_layer_dag.py
[2025-10-24T13:47:50.171+0000] {processor.py:840} INFO - DAG(s) 'silver_layer_dag' retrieved from /opt/airflow/dags/silver_layer_dag.py
[2025-10-24T13:47:50.186+0000] {logging_mixin.py:188} INFO - [2025-10-24T13:47:50.186+0000] {dag.py:3096} INFO - Sync 1 DAGs
[2025-10-24T13:47:50.194+0000] {logging_mixin.py:188} INFO - [2025-10-24T13:47:50.194+0000] {dag.py:3954} INFO - Setting next_dagrun for silver_layer_dag to None, run_after=None
[2025-10-24T13:47:50.208+0000] {processor.py:183} INFO - Processing /opt/airflow/dags/silver_layer_dag.py took 0.317 seconds
[2025-10-24T13:48:20.320+0000] {processor.py:161} INFO - Started process (PID=595) to work on /opt/airflow/dags/silver_layer_dag.py
[2025-10-24T13:48:20.321+0000] {processor.py:830} INFO - Processing file /opt/airflow/dags/silver_layer_dag.py for tasks to queue
[2025-10-24T13:48:20.322+0000] {logging_mixin.py:188} INFO - [2025-10-24T13:48:20.322+0000] {dagbag.py:540} INFO - Filling up the DagBag from /opt/airflow/dags/silver_layer_dag.py
[2025-10-24T13:48:20.575+0000] {processor.py:840} INFO - DAG(s) 'silver_layer_dag' retrieved from /opt/airflow/dags/silver_layer_dag.py
[2025-10-24T13:48:20.589+0000] {logging_mixin.py:188} INFO - [2025-10-24T13:48:20.589+0000] {dag.py:3096} INFO - Sync 1 DAGs
[2025-10-24T13:48:20.597+0000] {logging_mixin.py:188} INFO - [2025-10-24T13:48:20.597+0000] {dag.py:3954} INFO - Setting next_dagrun for silver_layer_dag to None, run_after=None
[2025-10-24T13:48:20.609+0000] {processor.py:183} INFO - Processing /opt/airflow/dags/silver_layer_dag.py took 0.294 seconds
[2025-10-24T13:48:51.044+0000] {processor.py:161} INFO - Started process (PID=601) to work on /opt/airflow/dags/silver_layer_dag.py
[2025-10-24T13:48:51.044+0000] {processor.py:830} INFO - Processing file /opt/airflow/dags/silver_layer_dag.py for tasks to queue
[2025-10-24T13:48:51.046+0000] {logging_mixin.py:188} INFO - [2025-10-24T13:48:51.046+0000] {dagbag.py:540} INFO - Filling up the DagBag from /opt/airflow/dags/silver_layer_dag.py
[2025-10-24T13:48:51.276+0000] {processor.py:840} INFO - DAG(s) 'silver_layer_dag' retrieved from /opt/airflow/dags/silver_layer_dag.py
[2025-10-24T13:48:51.289+0000] {logging_mixin.py:188} INFO - [2025-10-24T13:48:51.289+0000] {dag.py:3096} INFO - Sync 1 DAGs
[2025-10-24T13:48:51.296+0000] {logging_mixin.py:188} INFO - [2025-10-24T13:48:51.296+0000] {dag.py:3954} INFO - Setting next_dagrun for silver_layer_dag to None, run_after=None
[2025-10-24T13:48:51.308+0000] {processor.py:183} INFO - Processing /opt/airflow/dags/silver_layer_dag.py took 0.269 seconds
[2025-10-24T13:49:21.594+0000] {processor.py:161} INFO - Started process (PID=607) to work on /opt/airflow/dags/silver_layer_dag.py
[2025-10-24T13:49:21.595+0000] {processor.py:830} INFO - Processing file /opt/airflow/dags/silver_layer_dag.py for tasks to queue
[2025-10-24T13:49:21.597+0000] {logging_mixin.py:188} INFO - [2025-10-24T13:49:21.596+0000] {dagbag.py:540} INFO - Filling up the DagBag from /opt/airflow/dags/silver_layer_dag.py
[2025-10-24T13:49:21.840+0000] {processor.py:840} INFO - DAG(s) 'silver_layer_dag' retrieved from /opt/airflow/dags/silver_layer_dag.py
[2025-10-24T13:49:21.853+0000] {logging_mixin.py:188} INFO - [2025-10-24T13:49:21.853+0000] {dag.py:3096} INFO - Sync 1 DAGs
[2025-10-24T13:49:21.860+0000] {logging_mixin.py:188} INFO - [2025-10-24T13:49:21.860+0000] {dag.py:3954} INFO - Setting next_dagrun for silver_layer_dag to None, run_after=None
[2025-10-24T13:49:21.873+0000] {processor.py:183} INFO - Processing /opt/airflow/dags/silver_layer_dag.py took 0.283 seconds
[2025-10-24T13:49:51.940+0000] {processor.py:161} INFO - Started process (PID=614) to work on /opt/airflow/dags/silver_layer_dag.py
[2025-10-24T13:49:51.941+0000] {processor.py:830} INFO - Processing file /opt/airflow/dags/silver_layer_dag.py for tasks to queue
[2025-10-24T13:49:51.942+0000] {logging_mixin.py:188} INFO - [2025-10-24T13:49:51.942+0000] {dagbag.py:540} INFO - Filling up the DagBag from /opt/airflow/dags/silver_layer_dag.py
[2025-10-24T13:49:52.158+0000] {processor.py:840} INFO - DAG(s) 'silver_layer_dag' retrieved from /opt/airflow/dags/silver_layer_dag.py
[2025-10-24T13:49:52.172+0000] {logging_mixin.py:188} INFO - [2025-10-24T13:49:52.172+0000] {dag.py:3096} INFO - Sync 1 DAGs
[2025-10-24T13:49:52.179+0000] {logging_mixin.py:188} INFO - [2025-10-24T13:49:52.179+0000] {dag.py:3954} INFO - Setting next_dagrun for silver_layer_dag to None, run_after=None
[2025-10-24T13:49:52.191+0000] {processor.py:183} INFO - Processing /opt/airflow/dags/silver_layer_dag.py took 0.255 seconds
[2025-10-24T13:50:23.037+0000] {processor.py:161} INFO - Started process (PID=620) to work on /opt/airflow/dags/silver_layer_dag.py
[2025-10-24T13:50:23.038+0000] {processor.py:830} INFO - Processing file /opt/airflow/dags/silver_layer_dag.py for tasks to queue
[2025-10-24T13:50:23.039+0000] {logging_mixin.py:188} INFO - [2025-10-24T13:50:23.039+0000] {dagbag.py:540} INFO - Filling up the DagBag from /opt/airflow/dags/silver_layer_dag.py
[2025-10-24T13:50:23.163+0000] {processor.py:840} INFO - DAG(s) 'silver_layer_dag' retrieved from /opt/airflow/dags/silver_layer_dag.py
[2025-10-24T13:50:23.184+0000] {logging_mixin.py:188} INFO - [2025-10-24T13:50:23.183+0000] {dag.py:3096} INFO - Sync 1 DAGs
[2025-10-24T13:50:23.195+0000] {logging_mixin.py:188} INFO - [2025-10-24T13:50:23.194+0000] {dag.py:3954} INFO - Setting next_dagrun for silver_layer_dag to None, run_after=None
[2025-10-24T13:50:23.211+0000] {processor.py:183} INFO - Processing /opt/airflow/dags/silver_layer_dag.py took 0.179 seconds
[2025-10-24T13:50:53.531+0000] {processor.py:161} INFO - Started process (PID=626) to work on /opt/airflow/dags/silver_layer_dag.py
[2025-10-24T13:50:53.532+0000] {processor.py:830} INFO - Processing file /opt/airflow/dags/silver_layer_dag.py for tasks to queue
[2025-10-24T13:50:53.533+0000] {logging_mixin.py:188} INFO - [2025-10-24T13:50:53.533+0000] {dagbag.py:540} INFO - Filling up the DagBag from /opt/airflow/dags/silver_layer_dag.py
[2025-10-24T13:50:53.664+0000] {processor.py:840} INFO - DAG(s) 'silver_layer_dag' retrieved from /opt/airflow/dags/silver_layer_dag.py
[2025-10-24T13:50:53.684+0000] {logging_mixin.py:188} INFO - [2025-10-24T13:50:53.684+0000] {dag.py:3096} INFO - Sync 1 DAGs
[2025-10-24T13:50:53.695+0000] {logging_mixin.py:188} INFO - [2025-10-24T13:50:53.695+0000] {dag.py:3954} INFO - Setting next_dagrun for silver_layer_dag to None, run_after=None
[2025-10-24T13:50:53.711+0000] {processor.py:183} INFO - Processing /opt/airflow/dags/silver_layer_dag.py took 0.185 seconds
[2025-10-24T13:51:24.080+0000] {processor.py:161} INFO - Started process (PID=632) to work on /opt/airflow/dags/silver_layer_dag.py
[2025-10-24T13:51:24.081+0000] {processor.py:830} INFO - Processing file /opt/airflow/dags/silver_layer_dag.py for tasks to queue
[2025-10-24T13:51:24.083+0000] {logging_mixin.py:188} INFO - [2025-10-24T13:51:24.082+0000] {dagbag.py:540} INFO - Filling up the DagBag from /opt/airflow/dags/silver_layer_dag.py
[2025-10-24T13:51:24.206+0000] {processor.py:840} INFO - DAG(s) 'silver_layer_dag' retrieved from /opt/airflow/dags/silver_layer_dag.py
[2025-10-24T13:51:24.223+0000] {logging_mixin.py:188} INFO - [2025-10-24T13:51:24.223+0000] {dag.py:3096} INFO - Sync 1 DAGs
[2025-10-24T13:51:24.231+0000] {logging_mixin.py:188} INFO - [2025-10-24T13:51:24.231+0000] {dag.py:3954} INFO - Setting next_dagrun for silver_layer_dag to None, run_after=None
[2025-10-24T13:51:24.252+0000] {processor.py:183} INFO - Processing /opt/airflow/dags/silver_layer_dag.py took 0.177 seconds
[2025-10-24T13:51:54.570+0000] {processor.py:161} INFO - Started process (PID=638) to work on /opt/airflow/dags/silver_layer_dag.py
[2025-10-24T13:51:54.571+0000] {processor.py:830} INFO - Processing file /opt/airflow/dags/silver_layer_dag.py for tasks to queue
[2025-10-24T13:51:54.572+0000] {logging_mixin.py:188} INFO - [2025-10-24T13:51:54.572+0000] {dagbag.py:540} INFO - Filling up the DagBag from /opt/airflow/dags/silver_layer_dag.py
[2025-10-24T13:51:54.697+0000] {processor.py:840} INFO - DAG(s) 'silver_layer_dag' retrieved from /opt/airflow/dags/silver_layer_dag.py
[2025-10-24T13:51:54.715+0000] {logging_mixin.py:188} INFO - [2025-10-24T13:51:54.714+0000] {dag.py:3096} INFO - Sync 1 DAGs
[2025-10-24T13:51:54.724+0000] {logging_mixin.py:188} INFO - [2025-10-24T13:51:54.724+0000] {dag.py:3954} INFO - Setting next_dagrun for silver_layer_dag to None, run_after=None
[2025-10-24T13:51:54.742+0000] {processor.py:183} INFO - Processing /opt/airflow/dags/silver_layer_dag.py took 0.176 seconds
[2025-10-24T13:52:25.675+0000] {processor.py:161} INFO - Started process (PID=644) to work on /opt/airflow/dags/silver_layer_dag.py
[2025-10-24T13:52:25.676+0000] {processor.py:830} INFO - Processing file /opt/airflow/dags/silver_layer_dag.py for tasks to queue
[2025-10-24T13:52:25.678+0000] {logging_mixin.py:188} INFO - [2025-10-24T13:52:25.678+0000] {dagbag.py:540} INFO - Filling up the DagBag from /opt/airflow/dags/silver_layer_dag.py
[2025-10-24T13:52:25.802+0000] {processor.py:840} INFO - DAG(s) 'silver_layer_dag' retrieved from /opt/airflow/dags/silver_layer_dag.py
[2025-10-24T13:52:25.821+0000] {logging_mixin.py:188} INFO - [2025-10-24T13:52:25.821+0000] {dag.py:3096} INFO - Sync 1 DAGs
[2025-10-24T13:52:25.832+0000] {logging_mixin.py:188} INFO - [2025-10-24T13:52:25.832+0000] {dag.py:3954} INFO - Setting next_dagrun for silver_layer_dag to None, run_after=None
[2025-10-24T13:52:25.848+0000] {processor.py:183} INFO - Processing /opt/airflow/dags/silver_layer_dag.py took 0.177 seconds
[2025-10-24T13:52:56.357+0000] {processor.py:161} INFO - Started process (PID=650) to work on /opt/airflow/dags/silver_layer_dag.py
[2025-10-24T13:52:56.357+0000] {processor.py:830} INFO - Processing file /opt/airflow/dags/silver_layer_dag.py for tasks to queue
[2025-10-24T13:52:56.359+0000] {logging_mixin.py:188} INFO - [2025-10-24T13:52:56.359+0000] {dagbag.py:540} INFO - Filling up the DagBag from /opt/airflow/dags/silver_layer_dag.py
[2025-10-24T13:52:56.482+0000] {processor.py:840} INFO - DAG(s) 'silver_layer_dag' retrieved from /opt/airflow/dags/silver_layer_dag.py
[2025-10-24T13:52:56.500+0000] {logging_mixin.py:188} INFO - [2025-10-24T13:52:56.500+0000] {dag.py:3096} INFO - Sync 1 DAGs
[2025-10-24T13:52:56.510+0000] {logging_mixin.py:188} INFO - [2025-10-24T13:52:56.510+0000] {dag.py:3954} INFO - Setting next_dagrun for silver_layer_dag to None, run_after=None
[2025-10-24T13:52:56.524+0000] {processor.py:183} INFO - Processing /opt/airflow/dags/silver_layer_dag.py took 0.172 seconds
[2025-10-24T13:53:26.810+0000] {processor.py:161} INFO - Started process (PID=656) to work on /opt/airflow/dags/silver_layer_dag.py
[2025-10-24T13:53:26.811+0000] {processor.py:830} INFO - Processing file /opt/airflow/dags/silver_layer_dag.py for tasks to queue
[2025-10-24T13:53:26.813+0000] {logging_mixin.py:188} INFO - [2025-10-24T13:53:26.813+0000] {dagbag.py:540} INFO - Filling up the DagBag from /opt/airflow/dags/silver_layer_dag.py
[2025-10-24T13:53:26.936+0000] {processor.py:840} INFO - DAG(s) 'silver_layer_dag' retrieved from /opt/airflow/dags/silver_layer_dag.py
[2025-10-24T13:53:26.956+0000] {logging_mixin.py:188} INFO - [2025-10-24T13:53:26.956+0000] {dag.py:3096} INFO - Sync 1 DAGs
[2025-10-24T13:53:26.970+0000] {logging_mixin.py:188} INFO - [2025-10-24T13:53:26.970+0000] {dag.py:3954} INFO - Setting next_dagrun for silver_layer_dag to None, run_after=None
[2025-10-24T13:53:26.987+0000] {processor.py:183} INFO - Processing /opt/airflow/dags/silver_layer_dag.py took 0.182 seconds
[2025-10-24T13:53:57.339+0000] {processor.py:161} INFO - Started process (PID=662) to work on /opt/airflow/dags/silver_layer_dag.py
[2025-10-24T13:53:57.340+0000] {processor.py:830} INFO - Processing file /opt/airflow/dags/silver_layer_dag.py for tasks to queue
[2025-10-24T13:53:57.341+0000] {logging_mixin.py:188} INFO - [2025-10-24T13:53:57.341+0000] {dagbag.py:540} INFO - Filling up the DagBag from /opt/airflow/dags/silver_layer_dag.py
[2025-10-24T13:53:57.458+0000] {processor.py:840} INFO - DAG(s) 'silver_layer_dag' retrieved from /opt/airflow/dags/silver_layer_dag.py
[2025-10-24T13:53:57.476+0000] {logging_mixin.py:188} INFO - [2025-10-24T13:53:57.475+0000] {dag.py:3096} INFO - Sync 1 DAGs
[2025-10-24T13:53:57.485+0000] {logging_mixin.py:188} INFO - [2025-10-24T13:53:57.485+0000] {dag.py:3954} INFO - Setting next_dagrun for silver_layer_dag to None, run_after=None
[2025-10-24T13:53:57.499+0000] {processor.py:183} INFO - Processing /opt/airflow/dags/silver_layer_dag.py took 0.165 seconds
[2025-10-24T13:54:27.566+0000] {processor.py:161} INFO - Started process (PID=667) to work on /opt/airflow/dags/silver_layer_dag.py
[2025-10-24T13:54:27.567+0000] {processor.py:830} INFO - Processing file /opt/airflow/dags/silver_layer_dag.py for tasks to queue
[2025-10-24T13:54:27.569+0000] {logging_mixin.py:188} INFO - [2025-10-24T13:54:27.568+0000] {dagbag.py:540} INFO - Filling up the DagBag from /opt/airflow/dags/silver_layer_dag.py
[2025-10-24T13:54:27.703+0000] {processor.py:840} INFO - DAG(s) 'silver_layer_dag' retrieved from /opt/airflow/dags/silver_layer_dag.py
[2025-10-24T13:54:27.722+0000] {logging_mixin.py:188} INFO - [2025-10-24T13:54:27.722+0000] {dag.py:3096} INFO - Sync 1 DAGs
[2025-10-24T13:54:27.732+0000] {logging_mixin.py:188} INFO - [2025-10-24T13:54:27.732+0000] {dag.py:3954} INFO - Setting next_dagrun for silver_layer_dag to None, run_after=None
[2025-10-24T13:54:27.746+0000] {processor.py:183} INFO - Processing /opt/airflow/dags/silver_layer_dag.py took 0.186 seconds
[2025-10-24T13:54:58.176+0000] {processor.py:161} INFO - Started process (PID=673) to work on /opt/airflow/dags/silver_layer_dag.py
[2025-10-24T13:54:58.176+0000] {processor.py:830} INFO - Processing file /opt/airflow/dags/silver_layer_dag.py for tasks to queue
[2025-10-24T13:54:58.178+0000] {logging_mixin.py:188} INFO - [2025-10-24T13:54:58.178+0000] {dagbag.py:540} INFO - Filling up the DagBag from /opt/airflow/dags/silver_layer_dag.py
[2025-10-24T13:54:58.300+0000] {processor.py:840} INFO - DAG(s) 'silver_layer_dag' retrieved from /opt/airflow/dags/silver_layer_dag.py
[2025-10-24T13:54:58.320+0000] {logging_mixin.py:188} INFO - [2025-10-24T13:54:58.320+0000] {dag.py:3096} INFO - Sync 1 DAGs
[2025-10-24T13:54:58.330+0000] {logging_mixin.py:188} INFO - [2025-10-24T13:54:58.330+0000] {dag.py:3954} INFO - Setting next_dagrun for silver_layer_dag to None, run_after=None
[2025-10-24T13:54:58.346+0000] {processor.py:183} INFO - Processing /opt/airflow/dags/silver_layer_dag.py took 0.174 seconds
[2025-10-24T13:55:28.472+0000] {processor.py:161} INFO - Started process (PID=678) to work on /opt/airflow/dags/silver_layer_dag.py
[2025-10-24T13:55:28.473+0000] {processor.py:830} INFO - Processing file /opt/airflow/dags/silver_layer_dag.py for tasks to queue
[2025-10-24T13:55:28.475+0000] {logging_mixin.py:188} INFO - [2025-10-24T13:55:28.474+0000] {dagbag.py:540} INFO - Filling up the DagBag from /opt/airflow/dags/silver_layer_dag.py
[2025-10-24T13:55:28.588+0000] {processor.py:840} INFO - DAG(s) 'silver_layer_dag' retrieved from /opt/airflow/dags/silver_layer_dag.py
[2025-10-24T13:55:28.605+0000] {logging_mixin.py:188} INFO - [2025-10-24T13:55:28.605+0000] {dag.py:3096} INFO - Sync 1 DAGs
[2025-10-24T13:55:28.614+0000] {logging_mixin.py:188} INFO - [2025-10-24T13:55:28.614+0000] {dag.py:3954} INFO - Setting next_dagrun for silver_layer_dag to None, run_after=None
[2025-10-24T13:55:28.627+0000] {processor.py:183} INFO - Processing /opt/airflow/dags/silver_layer_dag.py took 0.159 seconds
[2025-10-24T13:55:58.673+0000] {processor.py:161} INFO - Started process (PID=684) to work on /opt/airflow/dags/silver_layer_dag.py
[2025-10-24T13:55:58.674+0000] {processor.py:830} INFO - Processing file /opt/airflow/dags/silver_layer_dag.py for tasks to queue
[2025-10-24T13:55:58.675+0000] {logging_mixin.py:188} INFO - [2025-10-24T13:55:58.675+0000] {dagbag.py:540} INFO - Filling up the DagBag from /opt/airflow/dags/silver_layer_dag.py
[2025-10-24T13:55:58.795+0000] {processor.py:840} INFO - DAG(s) 'silver_layer_dag' retrieved from /opt/airflow/dags/silver_layer_dag.py
[2025-10-24T13:55:58.812+0000] {logging_mixin.py:188} INFO - [2025-10-24T13:55:58.812+0000] {dag.py:3096} INFO - Sync 1 DAGs
[2025-10-24T13:55:58.821+0000] {logging_mixin.py:188} INFO - [2025-10-24T13:55:58.821+0000] {dag.py:3954} INFO - Setting next_dagrun for silver_layer_dag to None, run_after=None
[2025-10-24T13:55:58.834+0000] {processor.py:183} INFO - Processing /opt/airflow/dags/silver_layer_dag.py took 0.165 seconds
[2025-10-24T13:56:28.949+0000] {processor.py:161} INFO - Started process (PID=690) to work on /opt/airflow/dags/silver_layer_dag.py
[2025-10-24T13:56:28.950+0000] {processor.py:830} INFO - Processing file /opt/airflow/dags/silver_layer_dag.py for tasks to queue
[2025-10-24T13:56:28.952+0000] {logging_mixin.py:188} INFO - [2025-10-24T13:56:28.952+0000] {dagbag.py:540} INFO - Filling up the DagBag from /opt/airflow/dags/silver_layer_dag.py
[2025-10-24T13:56:29.069+0000] {processor.py:840} INFO - DAG(s) 'silver_layer_dag' retrieved from /opt/airflow/dags/silver_layer_dag.py
[2025-10-24T13:56:29.086+0000] {logging_mixin.py:188} INFO - [2025-10-24T13:56:29.085+0000] {dag.py:3096} INFO - Sync 1 DAGs
[2025-10-24T13:56:29.095+0000] {logging_mixin.py:188} INFO - [2025-10-24T13:56:29.095+0000] {dag.py:3954} INFO - Setting next_dagrun for silver_layer_dag to None, run_after=None
[2025-10-24T13:56:29.109+0000] {processor.py:183} INFO - Processing /opt/airflow/dags/silver_layer_dag.py took 0.164 seconds
[2025-10-24T13:57:01.342+0000] {processor.py:161} INFO - Started process (PID=695) to work on /opt/airflow/dags/silver_layer_dag.py
[2025-10-24T13:57:01.344+0000] {processor.py:830} INFO - Processing file /opt/airflow/dags/silver_layer_dag.py for tasks to queue
[2025-10-24T13:57:01.345+0000] {logging_mixin.py:188} INFO - [2025-10-24T13:57:01.345+0000] {dagbag.py:540} INFO - Filling up the DagBag from /opt/airflow/dags/silver_layer_dag.py
[2025-10-24T13:57:01.479+0000] {processor.py:840} INFO - DAG(s) 'silver_layer_dag' retrieved from /opt/airflow/dags/silver_layer_dag.py
[2025-10-24T13:57:01.498+0000] {logging_mixin.py:188} INFO - [2025-10-24T13:57:01.498+0000] {dag.py:3096} INFO - Sync 1 DAGs
[2025-10-24T13:57:01.509+0000] {logging_mixin.py:188} INFO - [2025-10-24T13:57:01.508+0000] {dag.py:3954} INFO - Setting next_dagrun for silver_layer_dag to None, run_after=None
[2025-10-24T13:57:01.524+0000] {processor.py:183} INFO - Processing /opt/airflow/dags/silver_layer_dag.py took 0.187 seconds
[2025-10-24T13:57:31.755+0000] {processor.py:161} INFO - Started process (PID=701) to work on /opt/airflow/dags/silver_layer_dag.py
[2025-10-24T13:57:31.756+0000] {processor.py:830} INFO - Processing file /opt/airflow/dags/silver_layer_dag.py for tasks to queue
[2025-10-24T13:57:31.758+0000] {logging_mixin.py:188} INFO - [2025-10-24T13:57:31.758+0000] {dagbag.py:540} INFO - Filling up the DagBag from /opt/airflow/dags/silver_layer_dag.py
[2025-10-24T13:57:31.912+0000] {processor.py:840} INFO - DAG(s) 'silver_layer_dag' retrieved from /opt/airflow/dags/silver_layer_dag.py
[2025-10-24T13:57:31.932+0000] {logging_mixin.py:188} INFO - [2025-10-24T13:57:31.932+0000] {dag.py:3096} INFO - Sync 1 DAGs
[2025-10-24T13:57:31.947+0000] {logging_mixin.py:188} INFO - [2025-10-24T13:57:31.947+0000] {dag.py:3954} INFO - Setting next_dagrun for silver_layer_dag to None, run_after=None
[2025-10-24T13:57:31.979+0000] {processor.py:183} INFO - Processing /opt/airflow/dags/silver_layer_dag.py took 0.230 seconds
[2025-10-24T13:58:02.493+0000] {processor.py:161} INFO - Started process (PID=708) to work on /opt/airflow/dags/silver_layer_dag.py
[2025-10-24T13:58:02.494+0000] {processor.py:830} INFO - Processing file /opt/airflow/dags/silver_layer_dag.py for tasks to queue
[2025-10-24T13:58:02.495+0000] {logging_mixin.py:188} INFO - [2025-10-24T13:58:02.495+0000] {dagbag.py:540} INFO - Filling up the DagBag from /opt/airflow/dags/silver_layer_dag.py
[2025-10-24T13:58:02.626+0000] {processor.py:840} INFO - DAG(s) 'silver_layer_dag' retrieved from /opt/airflow/dags/silver_layer_dag.py
[2025-10-24T13:58:02.646+0000] {logging_mixin.py:188} INFO - [2025-10-24T13:58:02.646+0000] {dag.py:3096} INFO - Sync 1 DAGs
[2025-10-24T13:58:02.657+0000] {logging_mixin.py:188} INFO - [2025-10-24T13:58:02.657+0000] {dag.py:3954} INFO - Setting next_dagrun for silver_layer_dag to None, run_after=None
[2025-10-24T13:58:02.673+0000] {processor.py:183} INFO - Processing /opt/airflow/dags/silver_layer_dag.py took 0.186 seconds
[2025-10-24T13:58:32.844+0000] {processor.py:161} INFO - Started process (PID=713) to work on /opt/airflow/dags/silver_layer_dag.py
[2025-10-24T13:58:32.845+0000] {processor.py:830} INFO - Processing file /opt/airflow/dags/silver_layer_dag.py for tasks to queue
[2025-10-24T13:58:32.847+0000] {logging_mixin.py:188} INFO - [2025-10-24T13:58:32.847+0000] {dagbag.py:540} INFO - Filling up the DagBag from /opt/airflow/dags/silver_layer_dag.py
[2025-10-24T13:58:32.965+0000] {processor.py:840} INFO - DAG(s) 'silver_layer_dag' retrieved from /opt/airflow/dags/silver_layer_dag.py
[2025-10-24T13:58:32.981+0000] {logging_mixin.py:188} INFO - [2025-10-24T13:58:32.981+0000] {dag.py:3096} INFO - Sync 1 DAGs
[2025-10-24T13:58:32.990+0000] {logging_mixin.py:188} INFO - [2025-10-24T13:58:32.990+0000] {dag.py:3954} INFO - Setting next_dagrun for silver_layer_dag to None, run_after=None
[2025-10-24T13:58:33.006+0000] {processor.py:183} INFO - Processing /opt/airflow/dags/silver_layer_dag.py took 0.166 seconds
[2025-10-24T13:59:03.233+0000] {processor.py:161} INFO - Started process (PID=719) to work on /opt/airflow/dags/silver_layer_dag.py
[2025-10-24T13:59:03.234+0000] {processor.py:830} INFO - Processing file /opt/airflow/dags/silver_layer_dag.py for tasks to queue
[2025-10-24T13:59:03.236+0000] {logging_mixin.py:188} INFO - [2025-10-24T13:59:03.235+0000] {dagbag.py:540} INFO - Filling up the DagBag from /opt/airflow/dags/silver_layer_dag.py
[2025-10-24T13:59:03.363+0000] {processor.py:840} INFO - DAG(s) 'silver_layer_dag' retrieved from /opt/airflow/dags/silver_layer_dag.py
[2025-10-24T13:59:03.380+0000] {logging_mixin.py:188} INFO - [2025-10-24T13:59:03.380+0000] {dag.py:3096} INFO - Sync 1 DAGs
[2025-10-24T13:59:03.389+0000] {logging_mixin.py:188} INFO - [2025-10-24T13:59:03.389+0000] {dag.py:3954} INFO - Setting next_dagrun for silver_layer_dag to None, run_after=None
[2025-10-24T13:59:03.403+0000] {processor.py:183} INFO - Processing /opt/airflow/dags/silver_layer_dag.py took 0.175 seconds
[2025-10-24T13:59:33.508+0000] {processor.py:161} INFO - Started process (PID=726) to work on /opt/airflow/dags/silver_layer_dag.py
[2025-10-24T13:59:33.509+0000] {processor.py:830} INFO - Processing file /opt/airflow/dags/silver_layer_dag.py for tasks to queue
[2025-10-24T13:59:33.510+0000] {logging_mixin.py:188} INFO - [2025-10-24T13:59:33.510+0000] {dagbag.py:540} INFO - Filling up the DagBag from /opt/airflow/dags/silver_layer_dag.py
[2025-10-24T13:59:33.623+0000] {processor.py:840} INFO - DAG(s) 'silver_layer_dag' retrieved from /opt/airflow/dags/silver_layer_dag.py
[2025-10-24T13:59:33.641+0000] {logging_mixin.py:188} INFO - [2025-10-24T13:59:33.641+0000] {dag.py:3096} INFO - Sync 1 DAGs
[2025-10-24T13:59:33.650+0000] {logging_mixin.py:188} INFO - [2025-10-24T13:59:33.650+0000] {dag.py:3954} INFO - Setting next_dagrun for silver_layer_dag to None, run_after=None
[2025-10-24T13:59:33.664+0000] {processor.py:183} INFO - Processing /opt/airflow/dags/silver_layer_dag.py took 0.160 seconds
[2025-10-24T14:00:04.630+0000] {processor.py:161} INFO - Started process (PID=732) to work on /opt/airflow/dags/silver_layer_dag.py
[2025-10-24T14:00:04.631+0000] {processor.py:830} INFO - Processing file /opt/airflow/dags/silver_layer_dag.py for tasks to queue
[2025-10-24T14:00:04.633+0000] {logging_mixin.py:188} INFO - [2025-10-24T14:00:04.633+0000] {dagbag.py:540} INFO - Filling up the DagBag from /opt/airflow/dags/silver_layer_dag.py
[2025-10-24T14:00:04.780+0000] {processor.py:840} INFO - DAG(s) 'silver_layer_dag' retrieved from /opt/airflow/dags/silver_layer_dag.py
[2025-10-24T14:00:04.801+0000] {logging_mixin.py:188} INFO - [2025-10-24T14:00:04.801+0000] {dag.py:3096} INFO - Sync 1 DAGs
[2025-10-24T14:00:04.812+0000] {logging_mixin.py:188} INFO - [2025-10-24T14:00:04.812+0000] {dag.py:3954} INFO - Setting next_dagrun for silver_layer_dag to None, run_after=None
[2025-10-24T14:00:04.829+0000] {processor.py:183} INFO - Processing /opt/airflow/dags/silver_layer_dag.py took 0.204 seconds
[2025-10-24T14:00:35.178+0000] {processor.py:161} INFO - Started process (PID=738) to work on /opt/airflow/dags/silver_layer_dag.py
[2025-10-24T14:00:35.179+0000] {processor.py:830} INFO - Processing file /opt/airflow/dags/silver_layer_dag.py for tasks to queue
[2025-10-24T14:00:35.180+0000] {logging_mixin.py:188} INFO - [2025-10-24T14:00:35.180+0000] {dagbag.py:540} INFO - Filling up the DagBag from /opt/airflow/dags/silver_layer_dag.py
[2025-10-24T14:00:35.301+0000] {processor.py:840} INFO - DAG(s) 'silver_layer_dag' retrieved from /opt/airflow/dags/silver_layer_dag.py
[2025-10-24T14:00:35.319+0000] {logging_mixin.py:188} INFO - [2025-10-24T14:00:35.319+0000] {dag.py:3096} INFO - Sync 1 DAGs
[2025-10-24T14:00:35.329+0000] {logging_mixin.py:188} INFO - [2025-10-24T14:00:35.329+0000] {dag.py:3954} INFO - Setting next_dagrun for silver_layer_dag to None, run_after=None
[2025-10-24T14:00:35.343+0000] {processor.py:183} INFO - Processing /opt/airflow/dags/silver_layer_dag.py took 0.169 seconds
[2025-10-24T14:01:05.400+0000] {processor.py:161} INFO - Started process (PID=744) to work on /opt/airflow/dags/silver_layer_dag.py
[2025-10-24T14:01:05.400+0000] {processor.py:830} INFO - Processing file /opt/airflow/dags/silver_layer_dag.py for tasks to queue
[2025-10-24T14:01:05.402+0000] {logging_mixin.py:188} INFO - [2025-10-24T14:01:05.402+0000] {dagbag.py:540} INFO - Filling up the DagBag from /opt/airflow/dags/silver_layer_dag.py
[2025-10-24T14:01:05.532+0000] {processor.py:840} INFO - DAG(s) 'silver_layer_dag' retrieved from /opt/airflow/dags/silver_layer_dag.py
[2025-10-24T14:01:05.552+0000] {logging_mixin.py:188} INFO - [2025-10-24T14:01:05.552+0000] {dag.py:3096} INFO - Sync 1 DAGs
[2025-10-24T14:01:05.564+0000] {logging_mixin.py:188} INFO - [2025-10-24T14:01:05.564+0000] {dag.py:3954} INFO - Setting next_dagrun for silver_layer_dag to None, run_after=None
[2025-10-24T14:01:05.582+0000] {processor.py:183} INFO - Processing /opt/airflow/dags/silver_layer_dag.py took 0.188 seconds
[2025-10-24T14:01:36.199+0000] {processor.py:161} INFO - Started process (PID=750) to work on /opt/airflow/dags/silver_layer_dag.py
[2025-10-24T14:01:36.200+0000] {processor.py:830} INFO - Processing file /opt/airflow/dags/silver_layer_dag.py for tasks to queue
[2025-10-24T14:01:36.202+0000] {logging_mixin.py:188} INFO - [2025-10-24T14:01:36.201+0000] {dagbag.py:540} INFO - Filling up the DagBag from /opt/airflow/dags/silver_layer_dag.py
[2025-10-24T14:01:36.314+0000] {processor.py:840} INFO - DAG(s) 'silver_layer_dag' retrieved from /opt/airflow/dags/silver_layer_dag.py
[2025-10-24T14:01:36.332+0000] {logging_mixin.py:188} INFO - [2025-10-24T14:01:36.332+0000] {dag.py:3096} INFO - Sync 1 DAGs
[2025-10-24T14:01:36.343+0000] {logging_mixin.py:188} INFO - [2025-10-24T14:01:36.342+0000] {dag.py:3954} INFO - Setting next_dagrun for silver_layer_dag to None, run_after=None
[2025-10-24T14:01:36.357+0000] {processor.py:183} INFO - Processing /opt/airflow/dags/silver_layer_dag.py took 0.162 seconds
[2025-10-24T14:02:06.484+0000] {processor.py:161} INFO - Started process (PID=756) to work on /opt/airflow/dags/silver_layer_dag.py
[2025-10-24T14:02:06.485+0000] {processor.py:830} INFO - Processing file /opt/airflow/dags/silver_layer_dag.py for tasks to queue
[2025-10-24T14:02:06.486+0000] {logging_mixin.py:188} INFO - [2025-10-24T14:02:06.486+0000] {dagbag.py:540} INFO - Filling up the DagBag from /opt/airflow/dags/silver_layer_dag.py
[2025-10-24T14:02:06.603+0000] {processor.py:840} INFO - DAG(s) 'silver_layer_dag' retrieved from /opt/airflow/dags/silver_layer_dag.py
[2025-10-24T14:02:06.619+0000] {logging_mixin.py:188} INFO - [2025-10-24T14:02:06.619+0000] {dag.py:3096} INFO - Sync 1 DAGs
[2025-10-24T14:02:06.628+0000] {logging_mixin.py:188} INFO - [2025-10-24T14:02:06.628+0000] {dag.py:3954} INFO - Setting next_dagrun for silver_layer_dag to None, run_after=None
[2025-10-24T14:02:06.643+0000] {processor.py:183} INFO - Processing /opt/airflow/dags/silver_layer_dag.py took 0.163 seconds
[2025-10-24T14:02:36.796+0000] {processor.py:161} INFO - Started process (PID=762) to work on /opt/airflow/dags/silver_layer_dag.py
[2025-10-24T14:02:36.797+0000] {processor.py:830} INFO - Processing file /opt/airflow/dags/silver_layer_dag.py for tasks to queue
[2025-10-24T14:02:36.798+0000] {logging_mixin.py:188} INFO - [2025-10-24T14:02:36.798+0000] {dagbag.py:540} INFO - Filling up the DagBag from /opt/airflow/dags/silver_layer_dag.py
[2025-10-24T14:02:36.918+0000] {processor.py:840} INFO - DAG(s) 'silver_layer_dag' retrieved from /opt/airflow/dags/silver_layer_dag.py
[2025-10-24T14:02:36.934+0000] {logging_mixin.py:188} INFO - [2025-10-24T14:02:36.934+0000] {dag.py:3096} INFO - Sync 1 DAGs
[2025-10-24T14:02:36.943+0000] {logging_mixin.py:188} INFO - [2025-10-24T14:02:36.943+0000] {dag.py:3954} INFO - Setting next_dagrun for silver_layer_dag to None, run_after=None
[2025-10-24T14:02:36.956+0000] {processor.py:183} INFO - Processing /opt/airflow/dags/silver_layer_dag.py took 0.164 seconds
[2025-10-24T14:03:07.116+0000] {processor.py:161} INFO - Started process (PID=768) to work on /opt/airflow/dags/silver_layer_dag.py
[2025-10-24T14:03:07.116+0000] {processor.py:830} INFO - Processing file /opt/airflow/dags/silver_layer_dag.py for tasks to queue
[2025-10-24T14:03:07.118+0000] {logging_mixin.py:188} INFO - [2025-10-24T14:03:07.117+0000] {dagbag.py:540} INFO - Filling up the DagBag from /opt/airflow/dags/silver_layer_dag.py
[2025-10-24T14:03:07.254+0000] {processor.py:840} INFO - DAG(s) 'silver_layer_dag' retrieved from /opt/airflow/dags/silver_layer_dag.py
[2025-10-24T14:03:07.270+0000] {logging_mixin.py:188} INFO - [2025-10-24T14:03:07.270+0000] {dag.py:3096} INFO - Sync 1 DAGs
[2025-10-24T14:03:07.279+0000] {logging_mixin.py:188} INFO - [2025-10-24T14:03:07.279+0000] {dag.py:3954} INFO - Setting next_dagrun for silver_layer_dag to None, run_after=None
[2025-10-24T14:03:07.291+0000] {processor.py:183} INFO - Processing /opt/airflow/dags/silver_layer_dag.py took 0.180 seconds
[2025-10-24T14:03:37.520+0000] {processor.py:161} INFO - Started process (PID=774) to work on /opt/airflow/dags/silver_layer_dag.py
[2025-10-24T14:03:37.521+0000] {processor.py:830} INFO - Processing file /opt/airflow/dags/silver_layer_dag.py for tasks to queue
[2025-10-24T14:03:37.523+0000] {logging_mixin.py:188} INFO - [2025-10-24T14:03:37.522+0000] {dagbag.py:540} INFO - Filling up the DagBag from /opt/airflow/dags/silver_layer_dag.py
[2025-10-24T14:03:37.639+0000] {processor.py:840} INFO - DAG(s) 'silver_layer_dag' retrieved from /opt/airflow/dags/silver_layer_dag.py
[2025-10-24T14:03:37.656+0000] {logging_mixin.py:188} INFO - [2025-10-24T14:03:37.656+0000] {dag.py:3096} INFO - Sync 1 DAGs
[2025-10-24T14:03:37.665+0000] {logging_mixin.py:188} INFO - [2025-10-24T14:03:37.665+0000] {dag.py:3954} INFO - Setting next_dagrun for silver_layer_dag to None, run_after=None
[2025-10-24T14:03:37.678+0000] {processor.py:183} INFO - Processing /opt/airflow/dags/silver_layer_dag.py took 0.162 seconds
[2025-10-24T14:04:07.967+0000] {processor.py:161} INFO - Started process (PID=780) to work on /opt/airflow/dags/silver_layer_dag.py
[2025-10-24T14:04:07.968+0000] {processor.py:830} INFO - Processing file /opt/airflow/dags/silver_layer_dag.py for tasks to queue
[2025-10-24T14:04:07.970+0000] {logging_mixin.py:188} INFO - [2025-10-24T14:04:07.969+0000] {dagbag.py:540} INFO - Filling up the DagBag from /opt/airflow/dags/silver_layer_dag.py
[2025-10-24T14:04:08.083+0000] {processor.py:840} INFO - DAG(s) 'silver_layer_dag' retrieved from /opt/airflow/dags/silver_layer_dag.py
[2025-10-24T14:04:08.099+0000] {logging_mixin.py:188} INFO - [2025-10-24T14:04:08.099+0000] {dag.py:3096} INFO - Sync 1 DAGs
[2025-10-24T14:04:08.109+0000] {logging_mixin.py:188} INFO - [2025-10-24T14:04:08.108+0000] {dag.py:3954} INFO - Setting next_dagrun for silver_layer_dag to None, run_after=None
[2025-10-24T14:04:08.123+0000] {processor.py:183} INFO - Processing /opt/airflow/dags/silver_layer_dag.py took 0.160 seconds
[2025-10-24T14:04:38.717+0000] {processor.py:161} INFO - Started process (PID=786) to work on /opt/airflow/dags/silver_layer_dag.py
[2025-10-24T14:04:38.718+0000] {processor.py:830} INFO - Processing file /opt/airflow/dags/silver_layer_dag.py for tasks to queue
[2025-10-24T14:04:38.720+0000] {logging_mixin.py:188} INFO - [2025-10-24T14:04:38.719+0000] {dagbag.py:540} INFO - Filling up the DagBag from /opt/airflow/dags/silver_layer_dag.py
[2025-10-24T14:04:38.852+0000] {processor.py:840} INFO - DAG(s) 'silver_layer_dag' retrieved from /opt/airflow/dags/silver_layer_dag.py
[2025-10-24T14:04:38.871+0000] {logging_mixin.py:188} INFO - [2025-10-24T14:04:38.871+0000] {dag.py:3096} INFO - Sync 1 DAGs
[2025-10-24T14:04:38.881+0000] {logging_mixin.py:188} INFO - [2025-10-24T14:04:38.881+0000] {dag.py:3954} INFO - Setting next_dagrun for silver_layer_dag to None, run_after=None
[2025-10-24T14:04:38.898+0000] {processor.py:183} INFO - Processing /opt/airflow/dags/silver_layer_dag.py took 0.185 seconds
[2025-10-24T14:05:09.198+0000] {processor.py:161} INFO - Started process (PID=792) to work on /opt/airflow/dags/silver_layer_dag.py
[2025-10-24T14:05:09.199+0000] {processor.py:830} INFO - Processing file /opt/airflow/dags/silver_layer_dag.py for tasks to queue
[2025-10-24T14:05:09.201+0000] {logging_mixin.py:188} INFO - [2025-10-24T14:05:09.200+0000] {dagbag.py:540} INFO - Filling up the DagBag from /opt/airflow/dags/silver_layer_dag.py
[2025-10-24T14:05:09.350+0000] {processor.py:840} INFO - DAG(s) 'silver_layer_dag' retrieved from /opt/airflow/dags/silver_layer_dag.py
[2025-10-24T14:05:09.368+0000] {logging_mixin.py:188} INFO - [2025-10-24T14:05:09.368+0000] {dag.py:3096} INFO - Sync 1 DAGs
[2025-10-24T14:05:09.376+0000] {logging_mixin.py:188} INFO - [2025-10-24T14:05:09.376+0000] {dag.py:3954} INFO - Setting next_dagrun for silver_layer_dag to None, run_after=None
[2025-10-24T14:05:09.388+0000] {processor.py:183} INFO - Processing /opt/airflow/dags/silver_layer_dag.py took 0.194 seconds
[2025-10-24T14:05:39.435+0000] {processor.py:161} INFO - Started process (PID=797) to work on /opt/airflow/dags/silver_layer_dag.py
[2025-10-24T14:05:39.436+0000] {processor.py:830} INFO - Processing file /opt/airflow/dags/silver_layer_dag.py for tasks to queue
[2025-10-24T14:05:39.437+0000] {logging_mixin.py:188} INFO - [2025-10-24T14:05:39.437+0000] {dagbag.py:540} INFO - Filling up the DagBag from /opt/airflow/dags/silver_layer_dag.py
[2025-10-24T14:05:39.567+0000] {processor.py:840} INFO - DAG(s) 'silver_layer_dag' retrieved from /opt/airflow/dags/silver_layer_dag.py
[2025-10-24T14:05:39.585+0000] {logging_mixin.py:188} INFO - [2025-10-24T14:05:39.584+0000] {dag.py:3096} INFO - Sync 1 DAGs
[2025-10-24T14:05:39.594+0000] {logging_mixin.py:188} INFO - [2025-10-24T14:05:39.594+0000] {dag.py:3954} INFO - Setting next_dagrun for silver_layer_dag to None, run_after=None
[2025-10-24T14:05:39.608+0000] {processor.py:183} INFO - Processing /opt/airflow/dags/silver_layer_dag.py took 0.177 seconds
[2025-10-24T14:06:12.031+0000] {processor.py:161} INFO - Started process (PID=803) to work on /opt/airflow/dags/silver_layer_dag.py
[2025-10-24T14:06:12.032+0000] {processor.py:830} INFO - Processing file /opt/airflow/dags/silver_layer_dag.py for tasks to queue
[2025-10-24T14:06:12.034+0000] {logging_mixin.py:188} INFO - [2025-10-24T14:06:12.034+0000] {dagbag.py:540} INFO - Filling up the DagBag from /opt/airflow/dags/silver_layer_dag.py
[2025-10-24T14:06:12.174+0000] {processor.py:840} INFO - DAG(s) 'silver_layer_dag' retrieved from /opt/airflow/dags/silver_layer_dag.py
[2025-10-24T14:06:12.189+0000] {logging_mixin.py:188} INFO - [2025-10-24T14:06:12.189+0000] {dag.py:3096} INFO - Sync 1 DAGs
[2025-10-24T14:06:12.197+0000] {logging_mixin.py:188} INFO - [2025-10-24T14:06:12.197+0000] {dag.py:3954} INFO - Setting next_dagrun for silver_layer_dag to None, run_after=None
[2025-10-24T14:06:12.210+0000] {processor.py:183} INFO - Processing /opt/airflow/dags/silver_layer_dag.py took 0.183 seconds
[2025-10-24T14:06:44.794+0000] {processor.py:161} INFO - Started process (PID=809) to work on /opt/airflow/dags/silver_layer_dag.py
[2025-10-24T14:06:44.795+0000] {processor.py:830} INFO - Processing file /opt/airflow/dags/silver_layer_dag.py for tasks to queue
[2025-10-24T14:06:44.796+0000] {logging_mixin.py:188} INFO - [2025-10-24T14:06:44.796+0000] {dagbag.py:540} INFO - Filling up the DagBag from /opt/airflow/dags/silver_layer_dag.py
[2025-10-24T14:06:44.919+0000] {processor.py:840} INFO - DAG(s) 'silver_layer_dag' retrieved from /opt/airflow/dags/silver_layer_dag.py
[2025-10-24T14:06:44.935+0000] {logging_mixin.py:188} INFO - [2025-10-24T14:06:44.935+0000] {dag.py:3096} INFO - Sync 1 DAGs
[2025-10-24T14:06:44.945+0000] {logging_mixin.py:188} INFO - [2025-10-24T14:06:44.945+0000] {dag.py:3954} INFO - Setting next_dagrun for silver_layer_dag to None, run_after=None
[2025-10-24T14:06:44.958+0000] {processor.py:183} INFO - Processing /opt/airflow/dags/silver_layer_dag.py took 0.168 seconds
[2025-10-24T14:07:15.522+0000] {processor.py:161} INFO - Started process (PID=815) to work on /opt/airflow/dags/silver_layer_dag.py
[2025-10-24T14:07:15.523+0000] {processor.py:830} INFO - Processing file /opt/airflow/dags/silver_layer_dag.py for tasks to queue
[2025-10-24T14:07:15.524+0000] {logging_mixin.py:188} INFO - [2025-10-24T14:07:15.524+0000] {dagbag.py:540} INFO - Filling up the DagBag from /opt/airflow/dags/silver_layer_dag.py
[2025-10-24T14:07:15.645+0000] {processor.py:840} INFO - DAG(s) 'silver_layer_dag' retrieved from /opt/airflow/dags/silver_layer_dag.py
[2025-10-24T14:07:15.661+0000] {logging_mixin.py:188} INFO - [2025-10-24T14:07:15.661+0000] {dag.py:3096} INFO - Sync 1 DAGs
[2025-10-24T14:07:15.670+0000] {logging_mixin.py:188} INFO - [2025-10-24T14:07:15.669+0000] {dag.py:3954} INFO - Setting next_dagrun for silver_layer_dag to None, run_after=None
[2025-10-24T14:07:15.682+0000] {processor.py:183} INFO - Processing /opt/airflow/dags/silver_layer_dag.py took 0.165 seconds
[2025-10-24T14:07:45.756+0000] {processor.py:161} INFO - Started process (PID=822) to work on /opt/airflow/dags/silver_layer_dag.py
[2025-10-24T14:07:45.757+0000] {processor.py:830} INFO - Processing file /opt/airflow/dags/silver_layer_dag.py for tasks to queue
[2025-10-24T14:07:45.759+0000] {logging_mixin.py:188} INFO - [2025-10-24T14:07:45.758+0000] {dagbag.py:540} INFO - Filling up the DagBag from /opt/airflow/dags/silver_layer_dag.py
[2025-10-24T14:07:45.887+0000] {processor.py:840} INFO - DAG(s) 'silver_layer_dag' retrieved from /opt/airflow/dags/silver_layer_dag.py
[2025-10-24T14:07:45.907+0000] {logging_mixin.py:188} INFO - [2025-10-24T14:07:45.907+0000] {dag.py:3096} INFO - Sync 1 DAGs
[2025-10-24T14:07:45.918+0000] {logging_mixin.py:188} INFO - [2025-10-24T14:07:45.917+0000] {dag.py:3954} INFO - Setting next_dagrun for silver_layer_dag to None, run_after=None
[2025-10-24T14:07:45.933+0000] {processor.py:183} INFO - Processing /opt/airflow/dags/silver_layer_dag.py took 0.181 seconds
[2025-10-24T14:08:16.380+0000] {processor.py:161} INFO - Started process (PID=827) to work on /opt/airflow/dags/silver_layer_dag.py
[2025-10-24T14:08:16.380+0000] {processor.py:830} INFO - Processing file /opt/airflow/dags/silver_layer_dag.py for tasks to queue
[2025-10-24T14:08:16.382+0000] {logging_mixin.py:188} INFO - [2025-10-24T14:08:16.382+0000] {dagbag.py:540} INFO - Filling up the DagBag from /opt/airflow/dags/silver_layer_dag.py
[2025-10-24T14:08:16.516+0000] {processor.py:840} INFO - DAG(s) 'silver_layer_dag' retrieved from /opt/airflow/dags/silver_layer_dag.py
[2025-10-24T14:08:16.534+0000] {logging_mixin.py:188} INFO - [2025-10-24T14:08:16.534+0000] {dag.py:3096} INFO - Sync 1 DAGs
[2025-10-24T14:08:16.544+0000] {logging_mixin.py:188} INFO - [2025-10-24T14:08:16.544+0000] {dag.py:3954} INFO - Setting next_dagrun for silver_layer_dag to None, run_after=None
[2025-10-24T14:08:16.559+0000] {processor.py:183} INFO - Processing /opt/airflow/dags/silver_layer_dag.py took 0.185 seconds
[2025-10-24T14:08:47.150+0000] {processor.py:161} INFO - Started process (PID=833) to work on /opt/airflow/dags/silver_layer_dag.py
[2025-10-24T14:08:47.151+0000] {processor.py:830} INFO - Processing file /opt/airflow/dags/silver_layer_dag.py for tasks to queue
[2025-10-24T14:08:47.153+0000] {logging_mixin.py:188} INFO - [2025-10-24T14:08:47.152+0000] {dagbag.py:540} INFO - Filling up the DagBag from /opt/airflow/dags/silver_layer_dag.py
[2025-10-24T14:08:47.312+0000] {processor.py:840} INFO - DAG(s) 'silver_layer_dag' retrieved from /opt/airflow/dags/silver_layer_dag.py
[2025-10-24T14:08:47.330+0000] {logging_mixin.py:188} INFO - [2025-10-24T14:08:47.329+0000] {dag.py:3096} INFO - Sync 1 DAGs
[2025-10-24T14:08:47.339+0000] {logging_mixin.py:188} INFO - [2025-10-24T14:08:47.339+0000] {dag.py:3954} INFO - Setting next_dagrun for silver_layer_dag to None, run_after=None
[2025-10-24T14:08:47.353+0000] {processor.py:183} INFO - Processing /opt/airflow/dags/silver_layer_dag.py took 0.209 seconds
[2025-10-24T14:09:18.793+0000] {processor.py:161} INFO - Started process (PID=839) to work on /opt/airflow/dags/silver_layer_dag.py
[2025-10-24T14:09:18.794+0000] {processor.py:830} INFO - Processing file /opt/airflow/dags/silver_layer_dag.py for tasks to queue
[2025-10-24T14:09:18.795+0000] {logging_mixin.py:188} INFO - [2025-10-24T14:09:18.795+0000] {dagbag.py:540} INFO - Filling up the DagBag from /opt/airflow/dags/silver_layer_dag.py
[2025-10-24T14:09:18.994+0000] {processor.py:840} INFO - DAG(s) 'silver_layer_dag' retrieved from /opt/airflow/dags/silver_layer_dag.py
[2025-10-24T14:09:19.012+0000] {logging_mixin.py:188} INFO - [2025-10-24T14:09:19.011+0000] {dag.py:3096} INFO - Sync 1 DAGs
[2025-10-24T14:09:19.020+0000] {logging_mixin.py:188} INFO - [2025-10-24T14:09:19.020+0000] {dag.py:3954} INFO - Setting next_dagrun for silver_layer_dag to None, run_after=None
[2025-10-24T14:09:19.032+0000] {processor.py:183} INFO - Processing /opt/airflow/dags/silver_layer_dag.py took 0.245 seconds
[2025-10-24T14:09:50.890+0000] {processor.py:161} INFO - Started process (PID=845) to work on /opt/airflow/dags/silver_layer_dag.py
[2025-10-24T14:09:50.891+0000] {processor.py:830} INFO - Processing file /opt/airflow/dags/silver_layer_dag.py for tasks to queue
[2025-10-24T14:09:50.893+0000] {logging_mixin.py:188} INFO - [2025-10-24T14:09:50.892+0000] {dagbag.py:540} INFO - Filling up the DagBag from /opt/airflow/dags/silver_layer_dag.py
[2025-10-24T14:09:51.062+0000] {processor.py:840} INFO - DAG(s) 'silver_layer_dag' retrieved from /opt/airflow/dags/silver_layer_dag.py
[2025-10-24T14:09:51.081+0000] {logging_mixin.py:188} INFO - [2025-10-24T14:09:51.081+0000] {dag.py:3096} INFO - Sync 1 DAGs
[2025-10-24T14:09:51.091+0000] {logging_mixin.py:188} INFO - [2025-10-24T14:09:51.091+0000] {dag.py:3954} INFO - Setting next_dagrun for silver_layer_dag to None, run_after=None
[2025-10-24T14:09:51.106+0000] {processor.py:183} INFO - Processing /opt/airflow/dags/silver_layer_dag.py took 0.222 seconds
[2025-10-24T14:10:21.997+0000] {processor.py:161} INFO - Started process (PID=851) to work on /opt/airflow/dags/silver_layer_dag.py
[2025-10-24T14:10:21.998+0000] {processor.py:830} INFO - Processing file /opt/airflow/dags/silver_layer_dag.py for tasks to queue
[2025-10-24T14:10:21.999+0000] {logging_mixin.py:188} INFO - [2025-10-24T14:10:21.999+0000] {dagbag.py:540} INFO - Filling up the DagBag from /opt/airflow/dags/silver_layer_dag.py
[2025-10-24T14:10:22.118+0000] {processor.py:840} INFO - DAG(s) 'silver_layer_dag' retrieved from /opt/airflow/dags/silver_layer_dag.py
[2025-10-24T14:10:22.134+0000] {logging_mixin.py:188} INFO - [2025-10-24T14:10:22.134+0000] {dag.py:3096} INFO - Sync 1 DAGs
[2025-10-24T14:10:22.142+0000] {logging_mixin.py:188} INFO - [2025-10-24T14:10:22.142+0000] {dag.py:3954} INFO - Setting next_dagrun for silver_layer_dag to None, run_after=None
[2025-10-24T14:10:22.155+0000] {processor.py:183} INFO - Processing /opt/airflow/dags/silver_layer_dag.py took 0.163 seconds
[2025-10-24T14:10:53.077+0000] {processor.py:161} INFO - Started process (PID=857) to work on /opt/airflow/dags/silver_layer_dag.py
[2025-10-24T14:10:53.078+0000] {processor.py:830} INFO - Processing file /opt/airflow/dags/silver_layer_dag.py for tasks to queue
[2025-10-24T14:10:53.080+0000] {logging_mixin.py:188} INFO - [2025-10-24T14:10:53.080+0000] {dagbag.py:540} INFO - Filling up the DagBag from /opt/airflow/dags/silver_layer_dag.py
[2025-10-24T14:10:53.253+0000] {processor.py:840} INFO - DAG(s) 'silver_layer_dag' retrieved from /opt/airflow/dags/silver_layer_dag.py
[2025-10-24T14:10:53.270+0000] {logging_mixin.py:188} INFO - [2025-10-24T14:10:53.270+0000] {dag.py:3096} INFO - Sync 1 DAGs
[2025-10-24T14:10:53.280+0000] {logging_mixin.py:188} INFO - [2025-10-24T14:10:53.280+0000] {dag.py:3954} INFO - Setting next_dagrun for silver_layer_dag to None, run_after=None
[2025-10-24T14:10:53.295+0000] {processor.py:183} INFO - Processing /opt/airflow/dags/silver_layer_dag.py took 0.225 seconds
[2025-10-24T14:11:24.562+0000] {processor.py:161} INFO - Started process (PID=863) to work on /opt/airflow/dags/silver_layer_dag.py
[2025-10-24T14:11:24.563+0000] {processor.py:830} INFO - Processing file /opt/airflow/dags/silver_layer_dag.py for tasks to queue
[2025-10-24T14:11:24.564+0000] {logging_mixin.py:188} INFO - [2025-10-24T14:11:24.564+0000] {dagbag.py:540} INFO - Filling up the DagBag from /opt/airflow/dags/silver_layer_dag.py
[2025-10-24T14:11:24.681+0000] {processor.py:840} INFO - DAG(s) 'silver_layer_dag' retrieved from /opt/airflow/dags/silver_layer_dag.py
[2025-10-24T14:11:24.697+0000] {logging_mixin.py:188} INFO - [2025-10-24T14:11:24.697+0000] {dag.py:3096} INFO - Sync 1 DAGs
[2025-10-24T14:11:24.705+0000] {logging_mixin.py:188} INFO - [2025-10-24T14:11:24.705+0000] {dag.py:3954} INFO - Setting next_dagrun for silver_layer_dag to None, run_after=None
[2025-10-24T14:11:24.722+0000] {processor.py:183} INFO - Processing /opt/airflow/dags/silver_layer_dag.py took 0.166 seconds
[2025-10-24T14:11:57.807+0000] {processor.py:161} INFO - Started process (PID=873) to work on /opt/airflow/dags/silver_layer_dag.py
[2025-10-24T14:11:57.808+0000] {processor.py:830} INFO - Processing file /opt/airflow/dags/silver_layer_dag.py for tasks to queue
[2025-10-24T14:11:57.810+0000] {logging_mixin.py:188} INFO - [2025-10-24T14:11:57.809+0000] {dagbag.py:540} INFO - Filling up the DagBag from /opt/airflow/dags/silver_layer_dag.py
[2025-10-24T14:11:57.939+0000] {processor.py:840} INFO - DAG(s) 'silver_layer_dag' retrieved from /opt/airflow/dags/silver_layer_dag.py
[2025-10-24T14:11:57.956+0000] {logging_mixin.py:188} INFO - [2025-10-24T14:11:57.956+0000] {dag.py:3096} INFO - Sync 1 DAGs
[2025-10-24T14:11:57.966+0000] {logging_mixin.py:188} INFO - [2025-10-24T14:11:57.966+0000] {dag.py:3954} INFO - Setting next_dagrun for silver_layer_dag to None, run_after=None
[2025-10-24T14:11:57.980+0000] {processor.py:183} INFO - Processing /opt/airflow/dags/silver_layer_dag.py took 0.177 seconds
[2025-10-24T14:12:29.814+0000] {processor.py:161} INFO - Started process (PID=879) to work on /opt/airflow/dags/silver_layer_dag.py
[2025-10-24T14:12:29.815+0000] {processor.py:830} INFO - Processing file /opt/airflow/dags/silver_layer_dag.py for tasks to queue
[2025-10-24T14:12:29.816+0000] {logging_mixin.py:188} INFO - [2025-10-24T14:12:29.816+0000] {dagbag.py:540} INFO - Filling up the DagBag from /opt/airflow/dags/silver_layer_dag.py
[2025-10-24T14:12:29.936+0000] {processor.py:840} INFO - DAG(s) 'silver_layer_dag' retrieved from /opt/airflow/dags/silver_layer_dag.py
[2025-10-24T14:12:29.952+0000] {logging_mixin.py:188} INFO - [2025-10-24T14:12:29.952+0000] {dag.py:3096} INFO - Sync 1 DAGs
[2025-10-24T14:12:29.960+0000] {logging_mixin.py:188} INFO - [2025-10-24T14:12:29.960+0000] {dag.py:3954} INFO - Setting next_dagrun for silver_layer_dag to None, run_after=None
[2025-10-24T14:12:29.973+0000] {processor.py:183} INFO - Processing /opt/airflow/dags/silver_layer_dag.py took 0.165 seconds
[2025-10-24T14:13:02.539+0000] {processor.py:161} INFO - Started process (PID=885) to work on /opt/airflow/dags/silver_layer_dag.py
[2025-10-24T14:13:02.539+0000] {processor.py:830} INFO - Processing file /opt/airflow/dags/silver_layer_dag.py for tasks to queue
[2025-10-24T14:13:02.541+0000] {logging_mixin.py:188} INFO - [2025-10-24T14:13:02.540+0000] {dagbag.py:540} INFO - Filling up the DagBag from /opt/airflow/dags/silver_layer_dag.py
[2025-10-24T14:13:02.669+0000] {processor.py:840} INFO - DAG(s) 'silver_layer_dag' retrieved from /opt/airflow/dags/silver_layer_dag.py
[2025-10-24T14:13:02.687+0000] {logging_mixin.py:188} INFO - [2025-10-24T14:13:02.686+0000] {dag.py:3096} INFO - Sync 1 DAGs
[2025-10-24T14:13:02.696+0000] {logging_mixin.py:188} INFO - [2025-10-24T14:13:02.695+0000] {dag.py:3954} INFO - Setting next_dagrun for silver_layer_dag to None, run_after=None
[2025-10-24T14:13:02.709+0000] {processor.py:183} INFO - Processing /opt/airflow/dags/silver_layer_dag.py took 0.175 seconds
[2025-10-24T14:13:35.036+0000] {processor.py:161} INFO - Started process (PID=891) to work on /opt/airflow/dags/silver_layer_dag.py
[2025-10-24T14:13:35.037+0000] {processor.py:830} INFO - Processing file /opt/airflow/dags/silver_layer_dag.py for tasks to queue
[2025-10-24T14:13:35.038+0000] {logging_mixin.py:188} INFO - [2025-10-24T14:13:35.038+0000] {dagbag.py:540} INFO - Filling up the DagBag from /opt/airflow/dags/silver_layer_dag.py
[2025-10-24T14:13:35.155+0000] {processor.py:840} INFO - DAG(s) 'silver_layer_dag' retrieved from /opt/airflow/dags/silver_layer_dag.py
[2025-10-24T14:13:35.171+0000] {logging_mixin.py:188} INFO - [2025-10-24T14:13:35.170+0000] {dag.py:3096} INFO - Sync 1 DAGs
[2025-10-24T14:13:35.179+0000] {logging_mixin.py:188} INFO - [2025-10-24T14:13:35.179+0000] {dag.py:3954} INFO - Setting next_dagrun for silver_layer_dag to None, run_after=None
[2025-10-24T14:13:35.196+0000] {processor.py:183} INFO - Processing /opt/airflow/dags/silver_layer_dag.py took 0.165 seconds
[2025-10-24T14:14:07.292+0000] {processor.py:161} INFO - Started process (PID=897) to work on /opt/airflow/dags/silver_layer_dag.py
[2025-10-24T14:14:07.292+0000] {processor.py:830} INFO - Processing file /opt/airflow/dags/silver_layer_dag.py for tasks to queue
[2025-10-24T14:14:07.294+0000] {logging_mixin.py:188} INFO - [2025-10-24T14:14:07.293+0000] {dagbag.py:540} INFO - Filling up the DagBag from /opt/airflow/dags/silver_layer_dag.py
[2025-10-24T14:14:07.413+0000] {processor.py:840} INFO - DAG(s) 'silver_layer_dag' retrieved from /opt/airflow/dags/silver_layer_dag.py
[2025-10-24T14:14:07.430+0000] {logging_mixin.py:188} INFO - [2025-10-24T14:14:07.429+0000] {dag.py:3096} INFO - Sync 1 DAGs
[2025-10-24T14:14:07.438+0000] {logging_mixin.py:188} INFO - [2025-10-24T14:14:07.438+0000] {dag.py:3954} INFO - Setting next_dagrun for silver_layer_dag to None, run_after=None
[2025-10-24T14:14:07.450+0000] {processor.py:183} INFO - Processing /opt/airflow/dags/silver_layer_dag.py took 0.163 seconds
[2025-10-24T14:14:38.239+0000] {processor.py:161} INFO - Started process (PID=903) to work on /opt/airflow/dags/silver_layer_dag.py
[2025-10-24T14:14:38.240+0000] {processor.py:830} INFO - Processing file /opt/airflow/dags/silver_layer_dag.py for tasks to queue
[2025-10-24T14:14:38.241+0000] {logging_mixin.py:188} INFO - [2025-10-24T14:14:38.241+0000] {dagbag.py:540} INFO - Filling up the DagBag from /opt/airflow/dags/silver_layer_dag.py
[2025-10-24T14:14:38.354+0000] {processor.py:840} INFO - DAG(s) 'silver_layer_dag' retrieved from /opt/airflow/dags/silver_layer_dag.py
[2025-10-24T14:14:38.369+0000] {logging_mixin.py:188} INFO - [2025-10-24T14:14:38.369+0000] {dag.py:3096} INFO - Sync 1 DAGs
[2025-10-24T14:14:38.377+0000] {logging_mixin.py:188} INFO - [2025-10-24T14:14:38.377+0000] {dag.py:3954} INFO - Setting next_dagrun for silver_layer_dag to None, run_after=None
[2025-10-24T14:14:38.390+0000] {processor.py:183} INFO - Processing /opt/airflow/dags/silver_layer_dag.py took 0.155 seconds
[2025-10-24T14:15:09.346+0000] {processor.py:161} INFO - Started process (PID=909) to work on /opt/airflow/dags/silver_layer_dag.py
[2025-10-24T14:15:09.347+0000] {processor.py:830} INFO - Processing file /opt/airflow/dags/silver_layer_dag.py for tasks to queue
[2025-10-24T14:15:09.348+0000] {logging_mixin.py:188} INFO - [2025-10-24T14:15:09.348+0000] {dagbag.py:540} INFO - Filling up the DagBag from /opt/airflow/dags/silver_layer_dag.py
[2025-10-24T14:15:09.469+0000] {processor.py:840} INFO - DAG(s) 'silver_layer_dag' retrieved from /opt/airflow/dags/silver_layer_dag.py
[2025-10-24T14:15:09.485+0000] {logging_mixin.py:188} INFO - [2025-10-24T14:15:09.485+0000] {dag.py:3096} INFO - Sync 1 DAGs
[2025-10-24T14:15:09.494+0000] {logging_mixin.py:188} INFO - [2025-10-24T14:15:09.493+0000] {dag.py:3954} INFO - Setting next_dagrun for silver_layer_dag to None, run_after=None
[2025-10-24T14:15:09.506+0000] {processor.py:183} INFO - Processing /opt/airflow/dags/silver_layer_dag.py took 0.164 seconds
[2025-10-24T14:15:40.914+0000] {processor.py:161} INFO - Started process (PID=915) to work on /opt/airflow/dags/silver_layer_dag.py
[2025-10-24T14:15:40.915+0000] {processor.py:830} INFO - Processing file /opt/airflow/dags/silver_layer_dag.py for tasks to queue
[2025-10-24T14:15:40.917+0000] {logging_mixin.py:188} INFO - [2025-10-24T14:15:40.917+0000] {dagbag.py:540} INFO - Filling up the DagBag from /opt/airflow/dags/silver_layer_dag.py
[2025-10-24T14:15:41.046+0000] {processor.py:840} INFO - DAG(s) 'silver_layer_dag' retrieved from /opt/airflow/dags/silver_layer_dag.py
[2025-10-24T14:15:41.062+0000] {logging_mixin.py:188} INFO - [2025-10-24T14:15:41.062+0000] {dag.py:3096} INFO - Sync 1 DAGs
[2025-10-24T14:15:41.070+0000] {logging_mixin.py:188} INFO - [2025-10-24T14:15:41.070+0000] {dag.py:3954} INFO - Setting next_dagrun for silver_layer_dag to None, run_after=None
[2025-10-24T14:15:41.084+0000] {processor.py:183} INFO - Processing /opt/airflow/dags/silver_layer_dag.py took 0.174 seconds
[2025-10-24T14:16:11.935+0000] {processor.py:161} INFO - Started process (PID=921) to work on /opt/airflow/dags/silver_layer_dag.py
[2025-10-24T14:16:11.936+0000] {processor.py:830} INFO - Processing file /opt/airflow/dags/silver_layer_dag.py for tasks to queue
[2025-10-24T14:16:11.937+0000] {logging_mixin.py:188} INFO - [2025-10-24T14:16:11.937+0000] {dagbag.py:540} INFO - Filling up the DagBag from /opt/airflow/dags/silver_layer_dag.py
[2025-10-24T14:16:12.129+0000] {processor.py:840} INFO - DAG(s) 'silver_layer_dag' retrieved from /opt/airflow/dags/silver_layer_dag.py
[2025-10-24T14:16:12.157+0000] {logging_mixin.py:188} INFO - [2025-10-24T14:16:12.157+0000] {dag.py:3096} INFO - Sync 1 DAGs
[2025-10-24T14:16:12.170+0000] {logging_mixin.py:188} INFO - [2025-10-24T14:16:12.170+0000] {dag.py:3954} INFO - Setting next_dagrun for silver_layer_dag to None, run_after=None
[2025-10-24T14:16:12.187+0000] {processor.py:183} INFO - Processing /opt/airflow/dags/silver_layer_dag.py took 0.257 seconds
[2025-10-24T14:16:43.259+0000] {processor.py:161} INFO - Started process (PID=927) to work on /opt/airflow/dags/silver_layer_dag.py
[2025-10-24T14:16:43.260+0000] {processor.py:830} INFO - Processing file /opt/airflow/dags/silver_layer_dag.py for tasks to queue
[2025-10-24T14:16:43.262+0000] {logging_mixin.py:188} INFO - [2025-10-24T14:16:43.261+0000] {dagbag.py:540} INFO - Filling up the DagBag from /opt/airflow/dags/silver_layer_dag.py
[2025-10-24T14:16:43.375+0000] {processor.py:840} INFO - DAG(s) 'silver_layer_dag' retrieved from /opt/airflow/dags/silver_layer_dag.py
[2025-10-24T14:16:43.392+0000] {logging_mixin.py:188} INFO - [2025-10-24T14:16:43.392+0000] {dag.py:3096} INFO - Sync 1 DAGs
[2025-10-24T14:16:43.400+0000] {logging_mixin.py:188} INFO - [2025-10-24T14:16:43.400+0000] {dag.py:3954} INFO - Setting next_dagrun for silver_layer_dag to None, run_after=None
[2025-10-24T14:16:43.413+0000] {processor.py:183} INFO - Processing /opt/airflow/dags/silver_layer_dag.py took 0.157 seconds
[2025-10-24T14:17:15.561+0000] {processor.py:161} INFO - Started process (PID=933) to work on /opt/airflow/dags/silver_layer_dag.py
[2025-10-24T14:17:15.561+0000] {processor.py:830} INFO - Processing file /opt/airflow/dags/silver_layer_dag.py for tasks to queue
[2025-10-24T14:17:15.563+0000] {logging_mixin.py:188} INFO - [2025-10-24T14:17:15.562+0000] {dagbag.py:540} INFO - Filling up the DagBag from /opt/airflow/dags/silver_layer_dag.py
[2025-10-24T14:17:15.678+0000] {processor.py:840} INFO - DAG(s) 'silver_layer_dag' retrieved from /opt/airflow/dags/silver_layer_dag.py
[2025-10-24T14:17:15.694+0000] {logging_mixin.py:188} INFO - [2025-10-24T14:17:15.694+0000] {dag.py:3096} INFO - Sync 1 DAGs
[2025-10-24T14:17:15.702+0000] {logging_mixin.py:188} INFO - [2025-10-24T14:17:15.702+0000] {dag.py:3954} INFO - Setting next_dagrun for silver_layer_dag to None, run_after=None
[2025-10-24T14:17:15.715+0000] {processor.py:183} INFO - Processing /opt/airflow/dags/silver_layer_dag.py took 0.159 seconds
[2025-10-24T14:17:46.527+0000] {processor.py:161} INFO - Started process (PID=939) to work on /opt/airflow/dags/silver_layer_dag.py
[2025-10-24T14:17:46.528+0000] {processor.py:830} INFO - Processing file /opt/airflow/dags/silver_layer_dag.py for tasks to queue
[2025-10-24T14:17:46.529+0000] {logging_mixin.py:188} INFO - [2025-10-24T14:17:46.529+0000] {dagbag.py:540} INFO - Filling up the DagBag from /opt/airflow/dags/silver_layer_dag.py
[2025-10-24T14:17:46.660+0000] {processor.py:840} INFO - DAG(s) 'silver_layer_dag' retrieved from /opt/airflow/dags/silver_layer_dag.py
[2025-10-24T14:17:46.678+0000] {logging_mixin.py:188} INFO - [2025-10-24T14:17:46.678+0000] {dag.py:3096} INFO - Sync 1 DAGs
[2025-10-24T14:17:46.687+0000] {logging_mixin.py:188} INFO - [2025-10-24T14:17:46.687+0000] {dag.py:3954} INFO - Setting next_dagrun for silver_layer_dag to None, run_after=None
[2025-10-24T14:17:46.702+0000] {processor.py:183} INFO - Processing /opt/airflow/dags/silver_layer_dag.py took 0.181 seconds
[2025-10-24T14:18:17.800+0000] {processor.py:161} INFO - Started process (PID=945) to work on /opt/airflow/dags/silver_layer_dag.py
[2025-10-24T14:18:17.801+0000] {processor.py:830} INFO - Processing file /opt/airflow/dags/silver_layer_dag.py for tasks to queue
[2025-10-24T14:18:17.803+0000] {logging_mixin.py:188} INFO - [2025-10-24T14:18:17.802+0000] {dagbag.py:540} INFO - Filling up the DagBag from /opt/airflow/dags/silver_layer_dag.py
[2025-10-24T14:18:17.945+0000] {processor.py:840} INFO - DAG(s) 'silver_layer_dag' retrieved from /opt/airflow/dags/silver_layer_dag.py
[2025-10-24T14:18:17.964+0000] {logging_mixin.py:188} INFO - [2025-10-24T14:18:17.964+0000] {dag.py:3096} INFO - Sync 1 DAGs
[2025-10-24T14:18:17.974+0000] {logging_mixin.py:188} INFO - [2025-10-24T14:18:17.974+0000] {dag.py:3954} INFO - Setting next_dagrun for silver_layer_dag to None, run_after=None
[2025-10-24T14:18:17.989+0000] {processor.py:183} INFO - Processing /opt/airflow/dags/silver_layer_dag.py took 0.194 seconds
[2025-10-24T14:18:48.798+0000] {processor.py:161} INFO - Started process (PID=951) to work on /opt/airflow/dags/silver_layer_dag.py
[2025-10-24T14:18:48.799+0000] {processor.py:830} INFO - Processing file /opt/airflow/dags/silver_layer_dag.py for tasks to queue
[2025-10-24T14:18:48.801+0000] {logging_mixin.py:188} INFO - [2025-10-24T14:18:48.801+0000] {dagbag.py:540} INFO - Filling up the DagBag from /opt/airflow/dags/silver_layer_dag.py
[2025-10-24T14:18:48.941+0000] {processor.py:840} INFO - DAG(s) 'silver_layer_dag' retrieved from /opt/airflow/dags/silver_layer_dag.py
[2025-10-24T14:18:48.959+0000] {logging_mixin.py:188} INFO - [2025-10-24T14:18:48.959+0000] {dag.py:3096} INFO - Sync 1 DAGs
[2025-10-24T14:18:48.970+0000] {logging_mixin.py:188} INFO - [2025-10-24T14:18:48.970+0000] {dag.py:3954} INFO - Setting next_dagrun for silver_layer_dag to None, run_after=None
[2025-10-24T14:18:48.985+0000] {processor.py:183} INFO - Processing /opt/airflow/dags/silver_layer_dag.py took 0.191 seconds
[2025-10-24T14:19:19.823+0000] {processor.py:161} INFO - Started process (PID=957) to work on /opt/airflow/dags/silver_layer_dag.py
[2025-10-24T14:19:19.824+0000] {processor.py:830} INFO - Processing file /opt/airflow/dags/silver_layer_dag.py for tasks to queue
[2025-10-24T14:19:19.825+0000] {logging_mixin.py:188} INFO - [2025-10-24T14:19:19.825+0000] {dagbag.py:540} INFO - Filling up the DagBag from /opt/airflow/dags/silver_layer_dag.py
[2025-10-24T14:19:19.942+0000] {processor.py:840} INFO - DAG(s) 'silver_layer_dag' retrieved from /opt/airflow/dags/silver_layer_dag.py
[2025-10-24T14:19:19.958+0000] {logging_mixin.py:188} INFO - [2025-10-24T14:19:19.958+0000] {dag.py:3096} INFO - Sync 1 DAGs
[2025-10-24T14:19:19.966+0000] {logging_mixin.py:188} INFO - [2025-10-24T14:19:19.966+0000] {dag.py:3954} INFO - Setting next_dagrun for silver_layer_dag to None, run_after=None
[2025-10-24T14:19:19.979+0000] {processor.py:183} INFO - Processing /opt/airflow/dags/silver_layer_dag.py took 0.160 seconds
[2025-10-24T14:19:50.592+0000] {processor.py:161} INFO - Started process (PID=963) to work on /opt/airflow/dags/silver_layer_dag.py
[2025-10-24T14:19:50.593+0000] {processor.py:830} INFO - Processing file /opt/airflow/dags/silver_layer_dag.py for tasks to queue
[2025-10-24T14:19:50.595+0000] {logging_mixin.py:188} INFO - [2025-10-24T14:19:50.594+0000] {dagbag.py:540} INFO - Filling up the DagBag from /opt/airflow/dags/silver_layer_dag.py
[2025-10-24T14:19:50.724+0000] {processor.py:840} INFO - DAG(s) 'silver_layer_dag' retrieved from /opt/airflow/dags/silver_layer_dag.py
[2025-10-24T14:19:50.743+0000] {logging_mixin.py:188} INFO - [2025-10-24T14:19:50.743+0000] {dag.py:3096} INFO - Sync 1 DAGs
[2025-10-24T14:19:50.754+0000] {logging_mixin.py:188} INFO - [2025-10-24T14:19:50.754+0000] {dag.py:3954} INFO - Setting next_dagrun for silver_layer_dag to None, run_after=None
[2025-10-24T14:19:50.771+0000] {processor.py:183} INFO - Processing /opt/airflow/dags/silver_layer_dag.py took 0.184 seconds
[2025-10-24T14:20:21.952+0000] {processor.py:161} INFO - Started process (PID=969) to work on /opt/airflow/dags/silver_layer_dag.py
[2025-10-24T14:20:21.952+0000] {processor.py:830} INFO - Processing file /opt/airflow/dags/silver_layer_dag.py for tasks to queue
[2025-10-24T14:20:21.954+0000] {logging_mixin.py:188} INFO - [2025-10-24T14:20:21.954+0000] {dagbag.py:540} INFO - Filling up the DagBag from /opt/airflow/dags/silver_layer_dag.py
[2025-10-24T14:20:22.079+0000] {processor.py:840} INFO - DAG(s) 'silver_layer_dag' retrieved from /opt/airflow/dags/silver_layer_dag.py
[2025-10-24T14:20:22.096+0000] {logging_mixin.py:188} INFO - [2025-10-24T14:20:22.095+0000] {dag.py:3096} INFO - Sync 1 DAGs
[2025-10-24T14:20:22.104+0000] {logging_mixin.py:188} INFO - [2025-10-24T14:20:22.104+0000] {dag.py:3954} INFO - Setting next_dagrun for silver_layer_dag to None, run_after=None
[2025-10-24T14:20:22.118+0000] {processor.py:183} INFO - Processing /opt/airflow/dags/silver_layer_dag.py took 0.171 seconds
[2025-10-24T14:20:53.899+0000] {processor.py:161} INFO - Started process (PID=975) to work on /opt/airflow/dags/silver_layer_dag.py
[2025-10-24T14:20:53.900+0000] {processor.py:830} INFO - Processing file /opt/airflow/dags/silver_layer_dag.py for tasks to queue
[2025-10-24T14:20:53.902+0000] {logging_mixin.py:188} INFO - [2025-10-24T14:20:53.901+0000] {dagbag.py:540} INFO - Filling up the DagBag from /opt/airflow/dags/silver_layer_dag.py
[2025-10-24T14:20:54.030+0000] {processor.py:840} INFO - DAG(s) 'silver_layer_dag' retrieved from /opt/airflow/dags/silver_layer_dag.py
[2025-10-24T14:20:54.046+0000] {logging_mixin.py:188} INFO - [2025-10-24T14:20:54.046+0000] {dag.py:3096} INFO - Sync 1 DAGs
[2025-10-24T14:20:54.055+0000] {logging_mixin.py:188} INFO - [2025-10-24T14:20:54.055+0000] {dag.py:3954} INFO - Setting next_dagrun for silver_layer_dag to None, run_after=None
[2025-10-24T14:20:54.068+0000] {processor.py:183} INFO - Processing /opt/airflow/dags/silver_layer_dag.py took 0.173 seconds
[2025-10-24T14:21:26.463+0000] {processor.py:161} INFO - Started process (PID=981) to work on /opt/airflow/dags/silver_layer_dag.py
[2025-10-24T14:21:26.464+0000] {processor.py:830} INFO - Processing file /opt/airflow/dags/silver_layer_dag.py for tasks to queue
[2025-10-24T14:21:26.465+0000] {logging_mixin.py:188} INFO - [2025-10-24T14:21:26.465+0000] {dagbag.py:540} INFO - Filling up the DagBag from /opt/airflow/dags/silver_layer_dag.py
[2025-10-24T14:21:26.578+0000] {processor.py:840} INFO - DAG(s) 'silver_layer_dag' retrieved from /opt/airflow/dags/silver_layer_dag.py
[2025-10-24T14:21:26.594+0000] {logging_mixin.py:188} INFO - [2025-10-24T14:21:26.593+0000] {dag.py:3096} INFO - Sync 1 DAGs
[2025-10-24T14:21:26.602+0000] {logging_mixin.py:188} INFO - [2025-10-24T14:21:26.602+0000] {dag.py:3954} INFO - Setting next_dagrun for silver_layer_dag to None, run_after=None
[2025-10-24T14:21:26.614+0000] {processor.py:183} INFO - Processing /opt/airflow/dags/silver_layer_dag.py took 0.155 seconds
[2025-10-24T14:21:59.000+0000] {processor.py:161} INFO - Started process (PID=987) to work on /opt/airflow/dags/silver_layer_dag.py
[2025-10-24T14:21:59.001+0000] {processor.py:830} INFO - Processing file /opt/airflow/dags/silver_layer_dag.py for tasks to queue
[2025-10-24T14:21:59.002+0000] {logging_mixin.py:188} INFO - [2025-10-24T14:21:59.002+0000] {dagbag.py:540} INFO - Filling up the DagBag from /opt/airflow/dags/silver_layer_dag.py
[2025-10-24T14:21:59.122+0000] {processor.py:840} INFO - DAG(s) 'silver_layer_dag' retrieved from /opt/airflow/dags/silver_layer_dag.py
[2025-10-24T14:21:59.140+0000] {logging_mixin.py:188} INFO - [2025-10-24T14:21:59.140+0000] {dag.py:3096} INFO - Sync 1 DAGs
[2025-10-24T14:21:59.149+0000] {logging_mixin.py:188} INFO - [2025-10-24T14:21:59.149+0000] {dag.py:3954} INFO - Setting next_dagrun for silver_layer_dag to None, run_after=None
[2025-10-24T14:21:59.164+0000] {processor.py:183} INFO - Processing /opt/airflow/dags/silver_layer_dag.py took 0.168 seconds
[2025-10-24T14:22:32.409+0000] {processor.py:161} INFO - Started process (PID=993) to work on /opt/airflow/dags/silver_layer_dag.py
[2025-10-24T14:22:32.410+0000] {processor.py:830} INFO - Processing file /opt/airflow/dags/silver_layer_dag.py for tasks to queue
[2025-10-24T14:22:32.412+0000] {logging_mixin.py:188} INFO - [2025-10-24T14:22:32.411+0000] {dagbag.py:540} INFO - Filling up the DagBag from /opt/airflow/dags/silver_layer_dag.py
[2025-10-24T14:22:32.544+0000] {processor.py:840} INFO - DAG(s) 'silver_layer_dag' retrieved from /opt/airflow/dags/silver_layer_dag.py
[2025-10-24T14:22:32.563+0000] {logging_mixin.py:188} INFO - [2025-10-24T14:22:32.563+0000] {dag.py:3096} INFO - Sync 1 DAGs
[2025-10-24T14:22:32.571+0000] {logging_mixin.py:188} INFO - [2025-10-24T14:22:32.571+0000] {dag.py:3954} INFO - Setting next_dagrun for silver_layer_dag to None, run_after=None
[2025-10-24T14:22:32.588+0000] {processor.py:183} INFO - Processing /opt/airflow/dags/silver_layer_dag.py took 0.183 seconds
[2025-10-24T14:23:03.424+0000] {processor.py:161} INFO - Started process (PID=999) to work on /opt/airflow/dags/silver_layer_dag.py
[2025-10-24T14:23:03.425+0000] {processor.py:830} INFO - Processing file /opt/airflow/dags/silver_layer_dag.py for tasks to queue
[2025-10-24T14:23:03.426+0000] {logging_mixin.py:188} INFO - [2025-10-24T14:23:03.426+0000] {dagbag.py:540} INFO - Filling up the DagBag from /opt/airflow/dags/silver_layer_dag.py
[2025-10-24T14:23:03.541+0000] {processor.py:840} INFO - DAG(s) 'silver_layer_dag' retrieved from /opt/airflow/dags/silver_layer_dag.py
[2025-10-24T14:23:03.557+0000] {logging_mixin.py:188} INFO - [2025-10-24T14:23:03.556+0000] {dag.py:3096} INFO - Sync 1 DAGs
[2025-10-24T14:23:03.566+0000] {logging_mixin.py:188} INFO - [2025-10-24T14:23:03.566+0000] {dag.py:3954} INFO - Setting next_dagrun for silver_layer_dag to None, run_after=None
[2025-10-24T14:23:03.579+0000] {processor.py:183} INFO - Processing /opt/airflow/dags/silver_layer_dag.py took 0.159 seconds
[2025-10-24T14:23:34.655+0000] {processor.py:161} INFO - Started process (PID=1005) to work on /opt/airflow/dags/silver_layer_dag.py
[2025-10-24T14:23:34.656+0000] {processor.py:830} INFO - Processing file /opt/airflow/dags/silver_layer_dag.py for tasks to queue
[2025-10-24T14:23:34.657+0000] {logging_mixin.py:188} INFO - [2025-10-24T14:23:34.657+0000] {dagbag.py:540} INFO - Filling up the DagBag from /opt/airflow/dags/silver_layer_dag.py
[2025-10-24T14:23:34.794+0000] {processor.py:840} INFO - DAG(s) 'silver_layer_dag' retrieved from /opt/airflow/dags/silver_layer_dag.py
[2025-10-24T14:23:34.813+0000] {logging_mixin.py:188} INFO - [2025-10-24T14:23:34.813+0000] {dag.py:3096} INFO - Sync 1 DAGs
[2025-10-24T14:23:34.822+0000] {logging_mixin.py:188} INFO - [2025-10-24T14:23:34.822+0000] {dag.py:3954} INFO - Setting next_dagrun for silver_layer_dag to None, run_after=None
[2025-10-24T14:23:34.837+0000] {processor.py:183} INFO - Processing /opt/airflow/dags/silver_layer_dag.py took 0.188 seconds
[2025-10-24T14:24:06.954+0000] {processor.py:161} INFO - Started process (PID=1011) to work on /opt/airflow/dags/silver_layer_dag.py
[2025-10-24T14:24:06.955+0000] {processor.py:830} INFO - Processing file /opt/airflow/dags/silver_layer_dag.py for tasks to queue
[2025-10-24T14:24:06.956+0000] {logging_mixin.py:188} INFO - [2025-10-24T14:24:06.956+0000] {dagbag.py:540} INFO - Filling up the DagBag from /opt/airflow/dags/silver_layer_dag.py
[2025-10-24T14:24:07.094+0000] {processor.py:840} INFO - DAG(s) 'silver_layer_dag' retrieved from /opt/airflow/dags/silver_layer_dag.py
[2025-10-24T14:24:07.111+0000] {logging_mixin.py:188} INFO - [2025-10-24T14:24:07.111+0000] {dag.py:3096} INFO - Sync 1 DAGs
[2025-10-24T14:24:07.121+0000] {logging_mixin.py:188} INFO - [2025-10-24T14:24:07.120+0000] {dag.py:3954} INFO - Setting next_dagrun for silver_layer_dag to None, run_after=None
[2025-10-24T14:24:07.136+0000] {processor.py:183} INFO - Processing /opt/airflow/dags/silver_layer_dag.py took 0.187 seconds
[2025-10-24T14:24:39.595+0000] {processor.py:161} INFO - Started process (PID=1017) to work on /opt/airflow/dags/silver_layer_dag.py
[2025-10-24T14:24:39.596+0000] {processor.py:830} INFO - Processing file /opt/airflow/dags/silver_layer_dag.py for tasks to queue
[2025-10-24T14:24:39.597+0000] {logging_mixin.py:188} INFO - [2025-10-24T14:24:39.597+0000] {dagbag.py:540} INFO - Filling up the DagBag from /opt/airflow/dags/silver_layer_dag.py
[2025-10-24T14:24:39.718+0000] {processor.py:840} INFO - DAG(s) 'silver_layer_dag' retrieved from /opt/airflow/dags/silver_layer_dag.py
[2025-10-24T14:24:39.734+0000] {logging_mixin.py:188} INFO - [2025-10-24T14:24:39.734+0000] {dag.py:3096} INFO - Sync 1 DAGs
[2025-10-24T14:24:39.742+0000] {logging_mixin.py:188} INFO - [2025-10-24T14:24:39.742+0000] {dag.py:3954} INFO - Setting next_dagrun for silver_layer_dag to None, run_after=None
[2025-10-24T14:24:39.756+0000] {processor.py:183} INFO - Processing /opt/airflow/dags/silver_layer_dag.py took 0.165 seconds
[2025-10-24T14:25:11.592+0000] {processor.py:161} INFO - Started process (PID=1023) to work on /opt/airflow/dags/silver_layer_dag.py
[2025-10-24T14:25:11.592+0000] {processor.py:830} INFO - Processing file /opt/airflow/dags/silver_layer_dag.py for tasks to queue
[2025-10-24T14:25:11.594+0000] {logging_mixin.py:188} INFO - [2025-10-24T14:25:11.593+0000] {dagbag.py:540} INFO - Filling up the DagBag from /opt/airflow/dags/silver_layer_dag.py
[2025-10-24T14:25:11.722+0000] {processor.py:840} INFO - DAG(s) 'silver_layer_dag' retrieved from /opt/airflow/dags/silver_layer_dag.py
[2025-10-24T14:25:11.740+0000] {logging_mixin.py:188} INFO - [2025-10-24T14:25:11.740+0000] {dag.py:3096} INFO - Sync 1 DAGs
[2025-10-24T14:25:11.750+0000] {logging_mixin.py:188} INFO - [2025-10-24T14:25:11.750+0000] {dag.py:3954} INFO - Setting next_dagrun for silver_layer_dag to None, run_after=None
[2025-10-24T14:25:11.764+0000] {processor.py:183} INFO - Processing /opt/airflow/dags/silver_layer_dag.py took 0.177 seconds
[2025-10-24T14:25:44.152+0000] {processor.py:161} INFO - Started process (PID=1029) to work on /opt/airflow/dags/silver_layer_dag.py
[2025-10-24T14:25:44.152+0000] {processor.py:830} INFO - Processing file /opt/airflow/dags/silver_layer_dag.py for tasks to queue
[2025-10-24T14:25:44.154+0000] {logging_mixin.py:188} INFO - [2025-10-24T14:25:44.153+0000] {dagbag.py:540} INFO - Filling up the DagBag from /opt/airflow/dags/silver_layer_dag.py
[2025-10-24T14:25:44.269+0000] {processor.py:840} INFO - DAG(s) 'silver_layer_dag' retrieved from /opt/airflow/dags/silver_layer_dag.py
[2025-10-24T14:25:44.284+0000] {logging_mixin.py:188} INFO - [2025-10-24T14:25:44.284+0000] {dag.py:3096} INFO - Sync 1 DAGs
[2025-10-24T14:25:44.293+0000] {logging_mixin.py:188} INFO - [2025-10-24T14:25:44.293+0000] {dag.py:3954} INFO - Setting next_dagrun for silver_layer_dag to None, run_after=None
[2025-10-24T14:25:44.306+0000] {processor.py:183} INFO - Processing /opt/airflow/dags/silver_layer_dag.py took 0.158 seconds
[2025-10-24T14:26:15.059+0000] {processor.py:161} INFO - Started process (PID=1035) to work on /opt/airflow/dags/silver_layer_dag.py
[2025-10-24T14:26:15.060+0000] {processor.py:830} INFO - Processing file /opt/airflow/dags/silver_layer_dag.py for tasks to queue
[2025-10-24T14:26:15.061+0000] {logging_mixin.py:188} INFO - [2025-10-24T14:26:15.061+0000] {dagbag.py:540} INFO - Filling up the DagBag from /opt/airflow/dags/silver_layer_dag.py
[2025-10-24T14:26:15.213+0000] {processor.py:840} INFO - DAG(s) 'silver_layer_dag' retrieved from /opt/airflow/dags/silver_layer_dag.py
[2025-10-24T14:26:15.234+0000] {logging_mixin.py:188} INFO - [2025-10-24T14:26:15.234+0000] {dag.py:3096} INFO - Sync 1 DAGs
[2025-10-24T14:26:15.244+0000] {logging_mixin.py:188} INFO - [2025-10-24T14:26:15.243+0000] {dag.py:3954} INFO - Setting next_dagrun for silver_layer_dag to None, run_after=None
[2025-10-24T14:26:15.259+0000] {processor.py:183} INFO - Processing /opt/airflow/dags/silver_layer_dag.py took 0.205 seconds
[2025-10-24T14:26:46.136+0000] {processor.py:161} INFO - Started process (PID=1041) to work on /opt/airflow/dags/silver_layer_dag.py
[2025-10-24T14:26:46.137+0000] {processor.py:830} INFO - Processing file /opt/airflow/dags/silver_layer_dag.py for tasks to queue
[2025-10-24T14:26:46.139+0000] {logging_mixin.py:188} INFO - [2025-10-24T14:26:46.139+0000] {dagbag.py:540} INFO - Filling up the DagBag from /opt/airflow/dags/silver_layer_dag.py
[2025-10-24T14:26:46.272+0000] {processor.py:840} INFO - DAG(s) 'silver_layer_dag' retrieved from /opt/airflow/dags/silver_layer_dag.py
[2025-10-24T14:26:46.293+0000] {logging_mixin.py:188} INFO - [2025-10-24T14:26:46.293+0000] {dag.py:3096} INFO - Sync 1 DAGs
[2025-10-24T14:26:46.303+0000] {logging_mixin.py:188} INFO - [2025-10-24T14:26:46.303+0000] {dag.py:3954} INFO - Setting next_dagrun for silver_layer_dag to None, run_after=None
[2025-10-24T14:26:46.318+0000] {processor.py:183} INFO - Processing /opt/airflow/dags/silver_layer_dag.py took 0.187 seconds
[2025-10-24T14:27:17.318+0000] {processor.py:161} INFO - Started process (PID=1047) to work on /opt/airflow/dags/silver_layer_dag.py
[2025-10-24T14:27:17.319+0000] {processor.py:830} INFO - Processing file /opt/airflow/dags/silver_layer_dag.py for tasks to queue
[2025-10-24T14:27:17.321+0000] {logging_mixin.py:188} INFO - [2025-10-24T14:27:17.321+0000] {dagbag.py:540} INFO - Filling up the DagBag from /opt/airflow/dags/silver_layer_dag.py
[2025-10-24T14:27:17.459+0000] {processor.py:840} INFO - DAG(s) 'silver_layer_dag' retrieved from /opt/airflow/dags/silver_layer_dag.py
[2025-10-24T14:27:17.476+0000] {logging_mixin.py:188} INFO - [2025-10-24T14:27:17.476+0000] {dag.py:3096} INFO - Sync 1 DAGs
[2025-10-24T14:27:17.486+0000] {logging_mixin.py:188} INFO - [2025-10-24T14:27:17.485+0000] {dag.py:3954} INFO - Setting next_dagrun for silver_layer_dag to None, run_after=None
[2025-10-24T14:27:17.500+0000] {processor.py:183} INFO - Processing /opt/airflow/dags/silver_layer_dag.py took 0.186 seconds
[2025-10-24T14:27:48.328+0000] {processor.py:161} INFO - Started process (PID=1053) to work on /opt/airflow/dags/silver_layer_dag.py
[2025-10-24T14:27:48.329+0000] {processor.py:830} INFO - Processing file /opt/airflow/dags/silver_layer_dag.py for tasks to queue
[2025-10-24T14:27:48.331+0000] {logging_mixin.py:188} INFO - [2025-10-24T14:27:48.330+0000] {dagbag.py:540} INFO - Filling up the DagBag from /opt/airflow/dags/silver_layer_dag.py
[2025-10-24T14:27:48.455+0000] {processor.py:840} INFO - DAG(s) 'silver_layer_dag' retrieved from /opt/airflow/dags/silver_layer_dag.py
[2025-10-24T14:27:48.471+0000] {logging_mixin.py:188} INFO - [2025-10-24T14:27:48.471+0000] {dag.py:3096} INFO - Sync 1 DAGs
[2025-10-24T14:27:48.479+0000] {logging_mixin.py:188} INFO - [2025-10-24T14:27:48.479+0000] {dag.py:3954} INFO - Setting next_dagrun for silver_layer_dag to None, run_after=None
[2025-10-24T14:27:48.493+0000] {processor.py:183} INFO - Processing /opt/airflow/dags/silver_layer_dag.py took 0.169 seconds
[2025-10-24T14:28:19.882+0000] {processor.py:161} INFO - Started process (PID=1059) to work on /opt/airflow/dags/silver_layer_dag.py
[2025-10-24T14:28:19.883+0000] {processor.py:830} INFO - Processing file /opt/airflow/dags/silver_layer_dag.py for tasks to queue
[2025-10-24T14:28:19.884+0000] {logging_mixin.py:188} INFO - [2025-10-24T14:28:19.884+0000] {dagbag.py:540} INFO - Filling up the DagBag from /opt/airflow/dags/silver_layer_dag.py
[2025-10-24T14:28:20.011+0000] {processor.py:840} INFO - DAG(s) 'silver_layer_dag' retrieved from /opt/airflow/dags/silver_layer_dag.py
[2025-10-24T14:28:20.029+0000] {logging_mixin.py:188} INFO - [2025-10-24T14:28:20.029+0000] {dag.py:3096} INFO - Sync 1 DAGs
[2025-10-24T14:28:20.039+0000] {logging_mixin.py:188} INFO - [2025-10-24T14:28:20.039+0000] {dag.py:3954} INFO - Setting next_dagrun for silver_layer_dag to None, run_after=None
[2025-10-24T14:28:20.054+0000] {processor.py:183} INFO - Processing /opt/airflow/dags/silver_layer_dag.py took 0.177 seconds
[2025-10-24T14:28:50.593+0000] {processor.py:161} INFO - Started process (PID=1065) to work on /opt/airflow/dags/silver_layer_dag.py
[2025-10-24T14:28:50.594+0000] {processor.py:830} INFO - Processing file /opt/airflow/dags/silver_layer_dag.py for tasks to queue
[2025-10-24T14:28:50.595+0000] {logging_mixin.py:188} INFO - [2025-10-24T14:28:50.595+0000] {dagbag.py:540} INFO - Filling up the DagBag from /opt/airflow/dags/silver_layer_dag.py
[2025-10-24T14:28:50.747+0000] {processor.py:840} INFO - DAG(s) 'silver_layer_dag' retrieved from /opt/airflow/dags/silver_layer_dag.py
[2025-10-24T14:28:50.768+0000] {logging_mixin.py:188} INFO - [2025-10-24T14:28:50.768+0000] {dag.py:3096} INFO - Sync 1 DAGs
[2025-10-24T14:28:50.780+0000] {logging_mixin.py:188} INFO - [2025-10-24T14:28:50.780+0000] {dag.py:3954} INFO - Setting next_dagrun for silver_layer_dag to None, run_after=None
[2025-10-24T14:28:50.798+0000] {processor.py:183} INFO - Processing /opt/airflow/dags/silver_layer_dag.py took 0.210 seconds
[2025-10-24T14:29:22.387+0000] {processor.py:161} INFO - Started process (PID=1071) to work on /opt/airflow/dags/silver_layer_dag.py
[2025-10-24T14:29:22.388+0000] {processor.py:830} INFO - Processing file /opt/airflow/dags/silver_layer_dag.py for tasks to queue
[2025-10-24T14:29:22.389+0000] {logging_mixin.py:188} INFO - [2025-10-24T14:29:22.389+0000] {dagbag.py:540} INFO - Filling up the DagBag from /opt/airflow/dags/silver_layer_dag.py
[2025-10-24T14:29:22.519+0000] {processor.py:840} INFO - DAG(s) 'silver_layer_dag' retrieved from /opt/airflow/dags/silver_layer_dag.py
[2025-10-24T14:29:22.537+0000] {logging_mixin.py:188} INFO - [2025-10-24T14:29:22.536+0000] {dag.py:3096} INFO - Sync 1 DAGs
[2025-10-24T14:29:22.546+0000] {logging_mixin.py:188} INFO - [2025-10-24T14:29:22.546+0000] {dag.py:3954} INFO - Setting next_dagrun for silver_layer_dag to None, run_after=None
[2025-10-24T14:29:22.559+0000] {processor.py:183} INFO - Processing /opt/airflow/dags/silver_layer_dag.py took 0.177 seconds
[2025-10-24T14:29:55.033+0000] {processor.py:161} INFO - Started process (PID=1077) to work on /opt/airflow/dags/silver_layer_dag.py
[2025-10-24T14:29:55.034+0000] {processor.py:830} INFO - Processing file /opt/airflow/dags/silver_layer_dag.py for tasks to queue
[2025-10-24T14:29:55.035+0000] {logging_mixin.py:188} INFO - [2025-10-24T14:29:55.035+0000] {dagbag.py:540} INFO - Filling up the DagBag from /opt/airflow/dags/silver_layer_dag.py
[2025-10-24T14:29:55.150+0000] {processor.py:840} INFO - DAG(s) 'silver_layer_dag' retrieved from /opt/airflow/dags/silver_layer_dag.py
[2025-10-24T14:29:55.165+0000] {logging_mixin.py:188} INFO - [2025-10-24T14:29:55.165+0000] {dag.py:3096} INFO - Sync 1 DAGs
[2025-10-24T14:29:55.174+0000] {logging_mixin.py:188} INFO - [2025-10-24T14:29:55.173+0000] {dag.py:3954} INFO - Setting next_dagrun for silver_layer_dag to None, run_after=None
[2025-10-24T14:29:55.185+0000] {processor.py:183} INFO - Processing /opt/airflow/dags/silver_layer_dag.py took 0.157 seconds
[2025-10-24T14:30:27.262+0000] {processor.py:161} INFO - Started process (PID=1083) to work on /opt/airflow/dags/silver_layer_dag.py
[2025-10-24T14:30:27.263+0000] {processor.py:830} INFO - Processing file /opt/airflow/dags/silver_layer_dag.py for tasks to queue
[2025-10-24T14:30:27.264+0000] {logging_mixin.py:188} INFO - [2025-10-24T14:30:27.264+0000] {dagbag.py:540} INFO - Filling up the DagBag from /opt/airflow/dags/silver_layer_dag.py
[2025-10-24T14:30:27.382+0000] {processor.py:840} INFO - DAG(s) 'silver_layer_dag' retrieved from /opt/airflow/dags/silver_layer_dag.py
[2025-10-24T14:30:27.398+0000] {logging_mixin.py:188} INFO - [2025-10-24T14:30:27.398+0000] {dag.py:3096} INFO - Sync 1 DAGs
[2025-10-24T14:30:27.406+0000] {logging_mixin.py:188} INFO - [2025-10-24T14:30:27.406+0000] {dag.py:3954} INFO - Setting next_dagrun for silver_layer_dag to None, run_after=None
[2025-10-24T14:30:27.419+0000] {processor.py:183} INFO - Processing /opt/airflow/dags/silver_layer_dag.py took 0.161 seconds
[2025-10-24T14:31:00.782+0000] {processor.py:161} INFO - Started process (PID=1089) to work on /opt/airflow/dags/silver_layer_dag.py
[2025-10-24T14:31:00.782+0000] {processor.py:830} INFO - Processing file /opt/airflow/dags/silver_layer_dag.py for tasks to queue
[2025-10-24T14:31:00.784+0000] {logging_mixin.py:188} INFO - [2025-10-24T14:31:00.783+0000] {dagbag.py:540} INFO - Filling up the DagBag from /opt/airflow/dags/silver_layer_dag.py
[2025-10-24T14:31:00.897+0000] {processor.py:840} INFO - DAG(s) 'silver_layer_dag' retrieved from /opt/airflow/dags/silver_layer_dag.py
[2025-10-24T14:31:00.914+0000] {logging_mixin.py:188} INFO - [2025-10-24T14:31:00.913+0000] {dag.py:3096} INFO - Sync 1 DAGs
[2025-10-24T14:31:00.922+0000] {logging_mixin.py:188} INFO - [2025-10-24T14:31:00.922+0000] {dag.py:3954} INFO - Setting next_dagrun for silver_layer_dag to None, run_after=None
[2025-10-24T14:31:00.935+0000] {processor.py:183} INFO - Processing /opt/airflow/dags/silver_layer_dag.py took 0.157 seconds
[2025-10-24T14:31:33.270+0000] {processor.py:161} INFO - Started process (PID=1095) to work on /opt/airflow/dags/silver_layer_dag.py
[2025-10-24T14:31:33.270+0000] {processor.py:830} INFO - Processing file /opt/airflow/dags/silver_layer_dag.py for tasks to queue
[2025-10-24T14:31:33.272+0000] {logging_mixin.py:188} INFO - [2025-10-24T14:31:33.272+0000] {dagbag.py:540} INFO - Filling up the DagBag from /opt/airflow/dags/silver_layer_dag.py
[2025-10-24T14:31:33.385+0000] {processor.py:840} INFO - DAG(s) 'silver_layer_dag' retrieved from /opt/airflow/dags/silver_layer_dag.py
[2025-10-24T14:31:33.400+0000] {logging_mixin.py:188} INFO - [2025-10-24T14:31:33.399+0000] {dag.py:3096} INFO - Sync 1 DAGs
[2025-10-24T14:31:33.408+0000] {logging_mixin.py:188} INFO - [2025-10-24T14:31:33.408+0000] {dag.py:3954} INFO - Setting next_dagrun for silver_layer_dag to None, run_after=None
[2025-10-24T14:31:33.420+0000] {processor.py:183} INFO - Processing /opt/airflow/dags/silver_layer_dag.py took 0.154 seconds
[2025-10-24T14:32:05.553+0000] {processor.py:161} INFO - Started process (PID=1101) to work on /opt/airflow/dags/silver_layer_dag.py
[2025-10-24T14:32:05.554+0000] {processor.py:830} INFO - Processing file /opt/airflow/dags/silver_layer_dag.py for tasks to queue
[2025-10-24T14:32:05.556+0000] {logging_mixin.py:188} INFO - [2025-10-24T14:32:05.555+0000] {dagbag.py:540} INFO - Filling up the DagBag from /opt/airflow/dags/silver_layer_dag.py
[2025-10-24T14:32:05.671+0000] {processor.py:840} INFO - DAG(s) 'silver_layer_dag' retrieved from /opt/airflow/dags/silver_layer_dag.py
[2025-10-24T14:32:05.688+0000] {logging_mixin.py:188} INFO - [2025-10-24T14:32:05.688+0000] {dag.py:3096} INFO - Sync 1 DAGs
[2025-10-24T14:32:05.697+0000] {logging_mixin.py:188} INFO - [2025-10-24T14:32:05.697+0000] {dag.py:3954} INFO - Setting next_dagrun for silver_layer_dag to None, run_after=None
[2025-10-24T14:32:05.710+0000] {processor.py:183} INFO - Processing /opt/airflow/dags/silver_layer_dag.py took 0.161 seconds
[2025-10-24T14:32:38.088+0000] {processor.py:161} INFO - Started process (PID=1107) to work on /opt/airflow/dags/silver_layer_dag.py
[2025-10-24T14:32:38.089+0000] {processor.py:830} INFO - Processing file /opt/airflow/dags/silver_layer_dag.py for tasks to queue
[2025-10-24T14:32:38.090+0000] {logging_mixin.py:188} INFO - [2025-10-24T14:32:38.090+0000] {dagbag.py:540} INFO - Filling up the DagBag from /opt/airflow/dags/silver_layer_dag.py
[2025-10-24T14:32:38.210+0000] {processor.py:840} INFO - DAG(s) 'silver_layer_dag' retrieved from /opt/airflow/dags/silver_layer_dag.py
[2025-10-24T14:32:38.227+0000] {logging_mixin.py:188} INFO - [2025-10-24T14:32:38.227+0000] {dag.py:3096} INFO - Sync 1 DAGs
[2025-10-24T14:32:38.235+0000] {logging_mixin.py:188} INFO - [2025-10-24T14:32:38.235+0000] {dag.py:3954} INFO - Setting next_dagrun for silver_layer_dag to None, run_after=None
[2025-10-24T14:32:38.249+0000] {processor.py:183} INFO - Processing /opt/airflow/dags/silver_layer_dag.py took 0.165 seconds
[2025-10-24T14:33:10.676+0000] {processor.py:161} INFO - Started process (PID=1113) to work on /opt/airflow/dags/silver_layer_dag.py
[2025-10-24T14:33:10.677+0000] {processor.py:830} INFO - Processing file /opt/airflow/dags/silver_layer_dag.py for tasks to queue
[2025-10-24T14:33:10.678+0000] {logging_mixin.py:188} INFO - [2025-10-24T14:33:10.678+0000] {dagbag.py:540} INFO - Filling up the DagBag from /opt/airflow/dags/silver_layer_dag.py
[2025-10-24T14:33:10.804+0000] {processor.py:840} INFO - DAG(s) 'silver_layer_dag' retrieved from /opt/airflow/dags/silver_layer_dag.py
[2025-10-24T14:33:10.822+0000] {logging_mixin.py:188} INFO - [2025-10-24T14:33:10.822+0000] {dag.py:3096} INFO - Sync 1 DAGs
[2025-10-24T14:33:10.833+0000] {logging_mixin.py:188} INFO - [2025-10-24T14:33:10.832+0000] {dag.py:3954} INFO - Setting next_dagrun for silver_layer_dag to None, run_after=None
[2025-10-24T14:33:10.847+0000] {processor.py:183} INFO - Processing /opt/airflow/dags/silver_layer_dag.py took 0.175 seconds
[2025-10-24T14:33:43.275+0000] {processor.py:161} INFO - Started process (PID=1119) to work on /opt/airflow/dags/silver_layer_dag.py
[2025-10-24T14:33:43.276+0000] {processor.py:830} INFO - Processing file /opt/airflow/dags/silver_layer_dag.py for tasks to queue
[2025-10-24T14:33:43.278+0000] {logging_mixin.py:188} INFO - [2025-10-24T14:33:43.277+0000] {dagbag.py:540} INFO - Filling up the DagBag from /opt/airflow/dags/silver_layer_dag.py
[2025-10-24T14:33:43.393+0000] {processor.py:840} INFO - DAG(s) 'silver_layer_dag' retrieved from /opt/airflow/dags/silver_layer_dag.py
[2025-10-24T14:33:43.407+0000] {logging_mixin.py:188} INFO - [2025-10-24T14:33:43.407+0000] {dag.py:3096} INFO - Sync 1 DAGs
[2025-10-24T14:33:43.415+0000] {logging_mixin.py:188} INFO - [2025-10-24T14:33:43.415+0000] {dag.py:3954} INFO - Setting next_dagrun for silver_layer_dag to None, run_after=None
[2025-10-24T14:33:43.427+0000] {processor.py:183} INFO - Processing /opt/airflow/dags/silver_layer_dag.py took 0.157 seconds
[2025-10-24T14:34:15.809+0000] {processor.py:161} INFO - Started process (PID=1125) to work on /opt/airflow/dags/silver_layer_dag.py
[2025-10-24T14:34:15.810+0000] {processor.py:830} INFO - Processing file /opt/airflow/dags/silver_layer_dag.py for tasks to queue
[2025-10-24T14:34:15.812+0000] {logging_mixin.py:188} INFO - [2025-10-24T14:34:15.811+0000] {dagbag.py:540} INFO - Filling up the DagBag from /opt/airflow/dags/silver_layer_dag.py
[2025-10-24T14:34:15.938+0000] {processor.py:840} INFO - DAG(s) 'silver_layer_dag' retrieved from /opt/airflow/dags/silver_layer_dag.py
[2025-10-24T14:34:15.958+0000] {logging_mixin.py:188} INFO - [2025-10-24T14:34:15.957+0000] {dag.py:3096} INFO - Sync 1 DAGs
[2025-10-24T14:34:15.968+0000] {logging_mixin.py:188} INFO - [2025-10-24T14:34:15.967+0000] {dag.py:3954} INFO - Setting next_dagrun for silver_layer_dag to None, run_after=None
[2025-10-24T14:34:15.982+0000] {processor.py:183} INFO - Processing /opt/airflow/dags/silver_layer_dag.py took 0.178 seconds
[2025-10-24T14:34:46.545+0000] {processor.py:161} INFO - Started process (PID=1131) to work on /opt/airflow/dags/silver_layer_dag.py
[2025-10-24T14:34:46.546+0000] {processor.py:830} INFO - Processing file /opt/airflow/dags/silver_layer_dag.py for tasks to queue
[2025-10-24T14:34:46.547+0000] {logging_mixin.py:188} INFO - [2025-10-24T14:34:46.547+0000] {dagbag.py:540} INFO - Filling up the DagBag from /opt/airflow/dags/silver_layer_dag.py
[2025-10-24T14:34:46.668+0000] {processor.py:840} INFO - DAG(s) 'silver_layer_dag' retrieved from /opt/airflow/dags/silver_layer_dag.py
[2025-10-24T14:34:46.684+0000] {logging_mixin.py:188} INFO - [2025-10-24T14:34:46.684+0000] {dag.py:3096} INFO - Sync 1 DAGs
[2025-10-24T14:34:46.693+0000] {logging_mixin.py:188} INFO - [2025-10-24T14:34:46.693+0000] {dag.py:3954} INFO - Setting next_dagrun for silver_layer_dag to None, run_after=None
[2025-10-24T14:34:46.707+0000] {processor.py:183} INFO - Processing /opt/airflow/dags/silver_layer_dag.py took 0.166 seconds
[2025-10-24T14:35:17.939+0000] {processor.py:161} INFO - Started process (PID=1137) to work on /opt/airflow/dags/silver_layer_dag.py
[2025-10-24T14:35:17.940+0000] {processor.py:830} INFO - Processing file /opt/airflow/dags/silver_layer_dag.py for tasks to queue
[2025-10-24T14:35:17.941+0000] {logging_mixin.py:188} INFO - [2025-10-24T14:35:17.941+0000] {dagbag.py:540} INFO - Filling up the DagBag from /opt/airflow/dags/silver_layer_dag.py
[2025-10-24T14:35:18.137+0000] {processor.py:840} INFO - DAG(s) 'silver_layer_dag' retrieved from /opt/airflow/dags/silver_layer_dag.py
[2025-10-24T14:35:18.162+0000] {logging_mixin.py:188} INFO - [2025-10-24T14:35:18.162+0000] {dag.py:3096} INFO - Sync 1 DAGs
[2025-10-24T14:35:18.172+0000] {logging_mixin.py:188} INFO - [2025-10-24T14:35:18.172+0000] {dag.py:3954} INFO - Setting next_dagrun for silver_layer_dag to None, run_after=None
[2025-10-24T14:35:18.186+0000] {processor.py:183} INFO - Processing /opt/airflow/dags/silver_layer_dag.py took 0.252 seconds
[2025-10-24T14:35:49.401+0000] {processor.py:161} INFO - Started process (PID=1143) to work on /opt/airflow/dags/silver_layer_dag.py
[2025-10-24T14:35:49.402+0000] {processor.py:830} INFO - Processing file /opt/airflow/dags/silver_layer_dag.py for tasks to queue
[2025-10-24T14:35:49.403+0000] {logging_mixin.py:188} INFO - [2025-10-24T14:35:49.403+0000] {dagbag.py:540} INFO - Filling up the DagBag from /opt/airflow/dags/silver_layer_dag.py
[2025-10-24T14:35:49.519+0000] {processor.py:840} INFO - DAG(s) 'silver_layer_dag' retrieved from /opt/airflow/dags/silver_layer_dag.py
[2025-10-24T14:35:49.536+0000] {logging_mixin.py:188} INFO - [2025-10-24T14:35:49.535+0000] {dag.py:3096} INFO - Sync 1 DAGs
[2025-10-24T14:35:49.544+0000] {logging_mixin.py:188} INFO - [2025-10-24T14:35:49.544+0000] {dag.py:3954} INFO - Setting next_dagrun for silver_layer_dag to None, run_after=None
[2025-10-24T14:35:49.557+0000] {processor.py:183} INFO - Processing /opt/airflow/dags/silver_layer_dag.py took 0.160 seconds
[2025-10-24T14:36:19.967+0000] {processor.py:161} INFO - Started process (PID=1148) to work on /opt/airflow/dags/silver_layer_dag.py
[2025-10-24T14:36:19.967+0000] {processor.py:830} INFO - Processing file /opt/airflow/dags/silver_layer_dag.py for tasks to queue
[2025-10-24T14:36:19.969+0000] {logging_mixin.py:188} INFO - [2025-10-24T14:36:19.969+0000] {dagbag.py:540} INFO - Filling up the DagBag from /opt/airflow/dags/silver_layer_dag.py
[2025-10-24T14:36:20.092+0000] {processor.py:840} INFO - DAG(s) 'silver_layer_dag' retrieved from /opt/airflow/dags/silver_layer_dag.py
[2025-10-24T14:36:20.111+0000] {logging_mixin.py:188} INFO - [2025-10-24T14:36:20.111+0000] {dag.py:3096} INFO - Sync 1 DAGs
[2025-10-24T14:36:20.121+0000] {logging_mixin.py:188} INFO - [2025-10-24T14:36:20.121+0000] {dag.py:3954} INFO - Setting next_dagrun for silver_layer_dag to None, run_after=None
[2025-10-24T14:36:20.138+0000] {processor.py:183} INFO - Processing /opt/airflow/dags/silver_layer_dag.py took 0.175 seconds
[2025-10-24T14:36:51.941+0000] {processor.py:161} INFO - Started process (PID=1155) to work on /opt/airflow/dags/silver_layer_dag.py
[2025-10-24T14:36:51.942+0000] {processor.py:830} INFO - Processing file /opt/airflow/dags/silver_layer_dag.py for tasks to queue
[2025-10-24T14:36:51.945+0000] {logging_mixin.py:188} INFO - [2025-10-24T14:36:51.944+0000] {dagbag.py:540} INFO - Filling up the DagBag from /opt/airflow/dags/silver_layer_dag.py
[2025-10-24T14:36:52.235+0000] {processor.py:840} INFO - DAG(s) 'silver_layer_dag' retrieved from /opt/airflow/dags/silver_layer_dag.py
[2025-10-24T14:36:52.257+0000] {logging_mixin.py:188} INFO - [2025-10-24T14:36:52.256+0000] {dag.py:3096} INFO - Sync 1 DAGs
[2025-10-24T14:36:52.266+0000] {logging_mixin.py:188} INFO - [2025-10-24T14:36:52.266+0000] {dag.py:3954} INFO - Setting next_dagrun for silver_layer_dag to None, run_after=None
[2025-10-24T14:36:52.281+0000] {processor.py:183} INFO - Processing /opt/airflow/dags/silver_layer_dag.py took 0.347 seconds
[2025-10-24T14:37:23.505+0000] {processor.py:161} INFO - Started process (PID=1161) to work on /opt/airflow/dags/silver_layer_dag.py
[2025-10-24T14:37:23.506+0000] {processor.py:830} INFO - Processing file /opt/airflow/dags/silver_layer_dag.py for tasks to queue
[2025-10-24T14:37:23.508+0000] {logging_mixin.py:188} INFO - [2025-10-24T14:37:23.508+0000] {dagbag.py:540} INFO - Filling up the DagBag from /opt/airflow/dags/silver_layer_dag.py
[2025-10-24T14:37:23.759+0000] {processor.py:840} INFO - DAG(s) 'silver_layer_dag' retrieved from /opt/airflow/dags/silver_layer_dag.py
[2025-10-24T14:37:23.773+0000] {logging_mixin.py:188} INFO - [2025-10-24T14:37:23.773+0000] {dag.py:3096} INFO - Sync 1 DAGs
[2025-10-24T14:37:23.781+0000] {logging_mixin.py:188} INFO - [2025-10-24T14:37:23.780+0000] {dag.py:3954} INFO - Setting next_dagrun for silver_layer_dag to None, run_after=None
[2025-10-24T14:37:23.794+0000] {processor.py:183} INFO - Processing /opt/airflow/dags/silver_layer_dag.py took 0.295 seconds
