[2025-10-22T18:00:33.559+0000] {local_task_job_runner.py:120} INFO - ::group::Pre task execution logs
[2025-10-22T18:00:33.574+0000] {taskinstance.py:2073} INFO - Dependencies all met for dep_context=non-requeueable deps ti=<TaskInstance: silver_layer_dag.run_silver_clean manual__2025-10-22T18:00:29.661261+00:00 [queued]>
[2025-10-22T18:00:33.579+0000] {taskinstance.py:2073} INFO - Dependencies all met for dep_context=requeueable deps ti=<TaskInstance: silver_layer_dag.run_silver_clean manual__2025-10-22T18:00:29.661261+00:00 [queued]>
[2025-10-22T18:00:33.579+0000] {taskinstance.py:2303} INFO - Starting attempt 1 of 2
[2025-10-22T18:00:33.588+0000] {taskinstance.py:2327} INFO - Executing <Task(PythonOperator): run_silver_clean> on 2025-10-22 18:00:29.661261+00:00
[2025-10-22T18:00:33.594+0000] {warnings.py:110} WARNING - /home/***/.local/lib/python3.12/site-packages/***/task/task_runner/standard_task_runner.py:61: DeprecationWarning: This process (pid=561) is multi-threaded, use of fork() may lead to deadlocks in the child.
  pid = os.fork()

[2025-10-22T18:00:33.595+0000] {standard_task_runner.py:63} INFO - Started process 562 to run task
[2025-10-22T18:00:33.595+0000] {standard_task_runner.py:90} INFO - Running: ['***', 'tasks', 'run', 'silver_layer_dag', 'run_silver_clean', 'manual__2025-10-22T18:00:29.661261+00:00', '--job-id', '275', '--raw', '--subdir', 'DAGS_FOLDER/silver_layer_dag.py', '--cfg-path', '/tmp/tmpfb2rqd46']
[2025-10-22T18:00:33.597+0000] {standard_task_runner.py:91} INFO - Job 275: Subtask run_silver_clean
[2025-10-22T18:00:33.607+0000] {warnings.py:110} WARNING - /home/***/.local/lib/python3.12/site-packages/***/settings.py:195: DeprecationWarning: The sql_alchemy_conn option in [core] has been moved to the sql_alchemy_conn option in [database] - the old setting has been used, but please update your config.
  SQL_ALCHEMY_CONN = conf.get("database", "SQL_ALCHEMY_CONN")

[2025-10-22T18:00:33.632+0000] {task_command.py:426} INFO - Running <TaskInstance: silver_layer_dag.run_silver_clean manual__2025-10-22T18:00:29.661261+00:00 [running]> on host c3c22fb7a0df
[2025-10-22T18:00:33.807+0000] {taskinstance.py:2644} INFO - Exporting env vars: AIRFLOW_CTX_DAG_OWNER='data_team' AIRFLOW_CTX_DAG_ID='silver_layer_dag' AIRFLOW_CTX_TASK_ID='run_silver_clean' AIRFLOW_CTX_EXECUTION_DATE='2025-10-22T18:00:29.661261+00:00' AIRFLOW_CTX_TRY_NUMBER='1' AIRFLOW_CTX_DAG_RUN_ID='manual__2025-10-22T18:00:29.661261+00:00'
[2025-10-22T18:00:33.807+0000] {taskinstance.py:430} INFO - ::endgroup::
[2025-10-22T18:00:03.572+0000] {silver_layer_dag.py:214} INFO - Reading customers file s3a://bronze/kaggle_data/20251022_180025/olist_customers_dataset.csv
[2025-10-22T18:00:04.005+0000] {silver_layer_dag.py:306} ERROR - Error processing kaggle customers: An error occurred while calling o45.csv.
: java.lang.RuntimeException: java.lang.ClassNotFoundException: Class org.apache.hadoop.fs.s3a.S3AFileSystem not found
	at org.apache.hadoop.conf.Configuration.getClass(Configuration.java:2737)
	at org.apache.hadoop.fs.FileSystem.getFileSystemClass(FileSystem.java:3569)
	at org.apache.hadoop.fs.FileSystem.createFileSystem(FileSystem.java:3612)
	at org.apache.hadoop.fs.FileSystem.access$300(FileSystem.java:172)
	at org.apache.hadoop.fs.FileSystem$Cache.getInternal(FileSystem.java:3716)
	at org.apache.hadoop.fs.FileSystem$Cache.get(FileSystem.java:3667)
	at org.apache.hadoop.fs.FileSystem.get(FileSystem.java:557)
	at org.apache.hadoop.fs.Path.getFileSystem(Path.java:366)
	at org.apache.spark.sql.execution.datasources.DataSource$.$anonfun$checkAndGlobPathIfNecessary$1(DataSource.scala:777)
	at scala.collection.immutable.List.map(List.scala:247)
	at scala.collection.immutable.List.map(List.scala:79)
	at org.apache.spark.sql.execution.datasources.DataSource$.checkAndGlobPathIfNecessary(DataSource.scala:775)
	at org.apache.spark.sql.execution.datasources.DataSource.checkAndGlobPathIfNecessary(DataSource.scala:575)
	at org.apache.spark.sql.execution.datasources.DataSource.resolveRelation(DataSource.scala:419)
	at org.apache.spark.sql.catalyst.analysis.ResolveDataSource.org$apache$spark$sql$catalyst$analysis$ResolveDataSource$$loadV1BatchSource(ResolveDataSource.scala:143)
	at org.apache.spark.sql.catalyst.analysis.ResolveDataSource$$anonfun$apply$1.$anonfun$applyOrElse$2(ResolveDataSource.scala:61)
	at scala.Option.getOrElse(Option.scala:201)
	at org.apache.spark.sql.catalyst.analysis.ResolveDataSource$$anonfun$apply$1.applyOrElse(ResolveDataSource.scala:61)
	at org.apache.spark.sql.catalyst.analysis.ResolveDataSource$$anonfun$apply$1.applyOrElse(ResolveDataSource.scala:45)
	at org.apache.spark.sql.catalyst.plans.logical.AnalysisHelper.$anonfun$resolveOperatorsUpWithPruning$3(AnalysisHelper.scala:139)
	at org.apache.spark.sql.catalyst.trees.CurrentOrigin$.withOrigin(origin.scala:86)
	at org.apache.spark.sql.catalyst.plans.logical.AnalysisHelper.$anonfun$resolveOperatorsUpWithPruning$1(AnalysisHelper.scala:139)
	at org.apache.spark.sql.catalyst.plans.logical.AnalysisHelper$.allowInvokingTransformsInAnalyzer(AnalysisHelper.scala:416)
	at org.apache.spark.sql.catalyst.plans.logical.AnalysisHelper.resolveOperatorsUpWithPruning(AnalysisHelper.scala:135)
	at org.apache.spark.sql.catalyst.plans.logical.AnalysisHelper.resolveOperatorsUpWithPruning$(AnalysisHelper.scala:131)
	at org.apache.spark.sql.catalyst.plans.logical.LogicalPlan.resolveOperatorsUpWithPruning(LogicalPlan.scala:37)
	at org.apache.spark.sql.catalyst.plans.logical.AnalysisHelper.resolveOperatorsUp(AnalysisHelper.scala:112)
	at org.apache.spark.sql.catalyst.plans.logical.AnalysisHelper.resolveOperatorsUp$(AnalysisHelper.scala:111)
	at org.apache.spark.sql.catalyst.plans.logical.LogicalPlan.resolveOperatorsUp(LogicalPlan.scala:37)
	at org.apache.spark.sql.catalyst.analysis.ResolveDataSource.apply(ResolveDataSource.scala:45)
	at org.apache.spark.sql.catalyst.analysis.ResolveDataSource.apply(ResolveDataSource.scala:43)
	at org.apache.spark.sql.catalyst.rules.RuleExecutor.$anonfun$execute$2(RuleExecutor.scala:242)
	at scala.collection.LinearSeqOps.foldLeft(LinearSeq.scala:183)
	at scala.collection.LinearSeqOps.foldLeft$(LinearSeq.scala:179)
	at scala.collection.immutable.List.foldLeft(List.scala:79)
	at org.apache.spark.sql.catalyst.rules.RuleExecutor.$anonfun$execute$1(RuleExecutor.scala:239)
	at org.apache.spark.sql.catalyst.rules.RuleExecutor.$anonfun$execute$1$adapted(RuleExecutor.scala:231)
	at scala.collection.immutable.List.foreach(List.scala:334)
	at org.apache.spark.sql.catalyst.rules.RuleExecutor.execute(RuleExecutor.scala:231)
	at org.apache.spark.sql.catalyst.analysis.Analyzer.org$apache$spark$sql$catalyst$analysis$Analyzer$$executeSameContext(Analyzer.scala:340)
	at org.apache.spark.sql.catalyst.analysis.Analyzer.$anonfun$execute$1(Analyzer.scala:336)
	at org.apache.spark.sql.catalyst.analysis.AnalysisContext$.withNewAnalysisContext(Analyzer.scala:234)
	at org.apache.spark.sql.catalyst.analysis.Analyzer.execute(Analyzer.scala:336)
	at org.apache.spark.sql.catalyst.analysis.Analyzer.execute(Analyzer.scala:299)
	at org.apache.spark.sql.catalyst.rules.RuleExecutor.$anonfun$executeAndTrack$1(RuleExecutor.scala:201)
	at org.apache.spark.sql.catalyst.QueryPlanningTracker$.withTracker(QueryPlanningTracker.scala:89)
	at org.apache.spark.sql.catalyst.rules.RuleExecutor.executeAndTrack(RuleExecutor.scala:201)
	at org.apache.spark.sql.catalyst.analysis.resolver.HybridAnalyzer.resolveInFixedPoint(HybridAnalyzer.scala:190)
	at org.apache.spark.sql.catalyst.analysis.resolver.HybridAnalyzer.$anonfun$apply$1(HybridAnalyzer.scala:76)
	at org.apache.spark.sql.catalyst.analysis.resolver.HybridAnalyzer.withTrackedAnalyzerBridgeState(HybridAnalyzer.scala:111)
	at org.apache.spark.sql.catalyst.analysis.resolver.HybridAnalyzer.apply(HybridAnalyzer.scala:71)
	at org.apache.spark.sql.catalyst.analysis.Analyzer.$anonfun$executeAndCheck$1(Analyzer.scala:330)
	at org.apache.spark.sql.catalyst.plans.logical.AnalysisHelper$.markInAnalyzer(AnalysisHelper.scala:423)
	at org.apache.spark.sql.catalyst.analysis.Analyzer.executeAndCheck(Analyzer.scala:330)
	at org.apache.spark.sql.execution.QueryExecution.$anonfun$lazyAnalyzed$2(QueryExecution.scala:110)
	at org.apache.spark.sql.catalyst.QueryPlanningTracker.measurePhase(QueryPlanningTracker.scala:148)
	at org.apache.spark.sql.execution.QueryExecution.$anonfun$executePhase$2(QueryExecution.scala:278)
	at org.apache.spark.sql.execution.QueryExecution$.withInternalError(QueryExecution.scala:654)
	at org.apache.spark.sql.execution.QueryExecution.$anonfun$executePhase$1(QueryExecution.scala:278)
	at org.apache.spark.sql.SparkSession.withActive(SparkSession.scala:804)
	at org.apache.spark.sql.execution.QueryExecution.executePhase(QueryExecution.scala:277)
	at org.apache.spark.sql.execution.QueryExecution.$anonfun$lazyAnalyzed$1(QueryExecution.scala:110)
	at scala.util.Try$.apply(Try.scala:217)
	at org.apache.spark.util.Utils$.doTryWithCallerStacktrace(Utils.scala:1378)
	at org.apache.spark.util.Utils$.getTryWithCallerStacktrace(Utils.scala:1439)
	at org.apache.spark.util.LazyTry.get(LazyTry.scala:58)
	at org.apache.spark.sql.execution.QueryExecution.analyzed(QueryExecution.scala:121)
	at org.apache.spark.sql.execution.QueryExecution.assertAnalyzed(QueryExecution.scala:80)
	at org.apache.spark.sql.classic.Dataset$.$anonfun$ofRows$1(Dataset.scala:115)
	at org.apache.spark.sql.SparkSession.withActive(SparkSession.scala:804)
	at org.apache.spark.sql.classic.Dataset$.ofRows(Dataset.scala:113)
	at org.apache.spark.sql.classic.DataFrameReader.load(DataFrameReader.scala:109)
	at org.apache.spark.sql.classic.DataFrameReader.load(DataFrameReader.scala:58)
	at org.apache.spark.sql.DataFrameReader.csv(DataFrameReader.scala:392)
	at org.apache.spark.sql.classic.DataFrameReader.csv(DataFrameReader.scala:259)
	at org.apache.spark.sql.classic.DataFrameReader.csv(DataFrameReader.scala:58)
	at java.base/jdk.internal.reflect.NativeMethodAccessorImpl.invoke0(Native Method)
	at java.base/jdk.internal.reflect.NativeMethodAccessorImpl.invoke(NativeMethodAccessorImpl.java:77)
	at java.base/jdk.internal.reflect.DelegatingMethodAccessorImpl.invoke(DelegatingMethodAccessorImpl.java:43)
	at java.base/java.lang.reflect.Method.invoke(Method.java:569)
	at py4j.reflection.MethodInvoker.invoke(MethodInvoker.java:244)
	at py4j.reflection.ReflectionEngine.invoke(ReflectionEngine.java:374)
	at py4j.Gateway.invoke(Gateway.java:282)
	at py4j.commands.AbstractCommand.invokeMethod(AbstractCommand.java:132)
	at py4j.commands.CallCommand.execute(CallCommand.java:79)
	at py4j.ClientServerConnection.waitForCommands(ClientServerConnection.java:184)
	at py4j.ClientServerConnection.run(ClientServerConnection.java:108)
	at java.base/java.lang.Thread.run(Thread.java:840)
	Suppressed: org.apache.spark.util.Utils$OriginalTryStackTraceException: Full stacktrace of original doTryWithCallerStacktrace caller
		at org.apache.hadoop.conf.Configuration.getClass(Configuration.java:2737)
		at org.apache.hadoop.fs.FileSystem.getFileSystemClass(FileSystem.java:3569)
		at org.apache.hadoop.fs.FileSystem.createFileSystem(FileSystem.java:3612)
		at org.apache.hadoop.fs.FileSystem.access$300(FileSystem.java:172)
		at org.apache.hadoop.fs.FileSystem$Cache.getInternal(FileSystem.java:3716)
		at org.apache.hadoop.fs.FileSystem$Cache.get(FileSystem.java:3667)
		at org.apache.hadoop.fs.FileSystem.get(FileSystem.java:557)
		at org.apache.hadoop.fs.Path.getFileSystem(Path.java:366)
		at org.apache.spark.sql.execution.datasources.DataSource$.$anonfun$checkAndGlobPathIfNecessary$1(DataSource.scala:777)
		at scala.collection.immutable.List.map(List.scala:247)
		at scala.collection.immutable.List.map(List.scala:79)
		at org.apache.spark.sql.execution.datasources.DataSource$.checkAndGlobPathIfNecessary(DataSource.scala:775)
		at org.apache.spark.sql.execution.datasources.DataSource.checkAndGlobPathIfNecessary(DataSource.scala:575)
		at org.apache.spark.sql.execution.datasources.DataSource.resolveRelation(DataSource.scala:419)
		at org.apache.spark.sql.catalyst.analysis.ResolveDataSource.org$apache$spark$sql$catalyst$analysis$ResolveDataSource$$loadV1BatchSource(ResolveDataSource.scala:143)
		at org.apache.spark.sql.catalyst.analysis.ResolveDataSource$$anonfun$apply$1.$anonfun$applyOrElse$2(ResolveDataSource.scala:61)
		at scala.Option.getOrElse(Option.scala:201)
		at org.apache.spark.sql.catalyst.analysis.ResolveDataSource$$anonfun$apply$1.applyOrElse(ResolveDataSource.scala:61)
		at org.apache.spark.sql.catalyst.analysis.ResolveDataSource$$anonfun$apply$1.applyOrElse(ResolveDataSource.scala:45)
		at org.apache.spark.sql.catalyst.plans.logical.AnalysisHelper.$anonfun$resolveOperatorsUpWithPruning$3(AnalysisHelper.scala:139)
		at org.apache.spark.sql.catalyst.trees.CurrentOrigin$.withOrigin(origin.scala:86)
		at org.apache.spark.sql.catalyst.plans.logical.AnalysisHelper.$anonfun$resolveOperatorsUpWithPruning$1(AnalysisHelper.scala:139)
		at org.apache.spark.sql.catalyst.plans.logical.AnalysisHelper$.allowInvokingTransformsInAnalyzer(AnalysisHelper.scala:416)
		at org.apache.spark.sql.catalyst.plans.logical.AnalysisHelper.resolveOperatorsUpWithPruning(AnalysisHelper.scala:135)
		at org.apache.spark.sql.catalyst.plans.logical.AnalysisHelper.resolveOperatorsUpWithPruning$(AnalysisHelper.scala:131)
		at org.apache.spark.sql.catalyst.plans.logical.LogicalPlan.resolveOperatorsUpWithPruning(LogicalPlan.scala:37)
		at org.apache.spark.sql.catalyst.plans.logical.AnalysisHelper.resolveOperatorsUp(AnalysisHelper.scala:112)
		at org.apache.spark.sql.catalyst.plans.logical.AnalysisHelper.resolveOperatorsUp$(AnalysisHelper.scala:111)
		at org.apache.spark.sql.catalyst.plans.logical.LogicalPlan.resolveOperatorsUp(LogicalPlan.scala:37)
		at org.apache.spark.sql.catalyst.analysis.ResolveDataSource.apply(ResolveDataSource.scala:45)
		at org.apache.spark.sql.catalyst.analysis.ResolveDataSource.apply(ResolveDataSource.scala:43)
		at org.apache.spark.sql.catalyst.rules.RuleExecutor.$anonfun$execute$2(RuleExecutor.scala:242)
		at scala.collection.LinearSeqOps.foldLeft(LinearSeq.scala:183)
		at scala.collection.LinearSeqOps.foldLeft$(LinearSeq.scala:179)
		at scala.collection.immutable.List.foldLeft(List.scala:79)
		at org.apache.spark.sql.catalyst.rules.RuleExecutor.$anonfun$execute$1(RuleExecutor.scala:239)
		at org.apache.spark.sql.catalyst.rules.RuleExecutor.$anonfun$execute$1$adapted(RuleExecutor.scala:231)
		at scala.collection.immutable.List.foreach(List.scala:334)
		at org.apache.spark.sql.catalyst.rules.RuleExecutor.execute(RuleExecutor.scala:231)
		at org.apache.spark.sql.catalyst.analysis.Analyzer.org$apache$spark$sql$catalyst$analysis$Analyzer$$executeSameContext(Analyzer.scala:340)
		at org.apache.spark.sql.catalyst.analysis.Analyzer.$anonfun$execute$1(Analyzer.scala:336)
		at org.apache.spark.sql.catalyst.analysis.AnalysisContext$.withNewAnalysisContext(Analyzer.scala:234)
		at org.apache.spark.sql.catalyst.analysis.Analyzer.execute(Analyzer.scala:336)
		at org.apache.spark.sql.catalyst.analysis.Analyzer.execute(Analyzer.scala:299)
		at org.apache.spark.sql.catalyst.rules.RuleExecutor.$anonfun$executeAndTrack$1(RuleExecutor.scala:201)
		at org.apache.spark.sql.catalyst.QueryPlanningTracker$.withTracker(QueryPlanningTracker.scala:89)
		at org.apache.spark.sql.catalyst.rules.RuleExecutor.executeAndTrack(RuleExecutor.scala:201)
		at org.apache.spark.sql.catalyst.analysis.resolver.HybridAnalyzer.resolveInFixedPoint(HybridAnalyzer.scala:190)
		at org.apache.spark.sql.catalyst.analysis.resolver.HybridAnalyzer.$anonfun$apply$1(HybridAnalyzer.scala:76)
		at org.apache.spark.sql.catalyst.analysis.resolver.HybridAnalyzer.withTrackedAnalyzerBridgeState(HybridAnalyzer.scala:111)
		at org.apache.spark.sql.catalyst.analysis.resolver.HybridAnalyzer.apply(HybridAnalyzer.scala:71)
		at org.apache.spark.sql.catalyst.analysis.Analyzer.$anonfun$executeAndCheck$1(Analyzer.scala:330)
		at org.apache.spark.sql.catalyst.plans.logical.AnalysisHelper$.markInAnalyzer(AnalysisHelper.scala:423)
		at org.apache.spark.sql.catalyst.analysis.Analyzer.executeAndCheck(Analyzer.scala:330)
		at org.apache.spark.sql.execution.QueryExecution.$anonfun$lazyAnalyzed$2(QueryExecution.scala:110)
		at org.apache.spark.sql.catalyst.QueryPlanningTracker.measurePhase(QueryPlanningTracker.scala:148)
		at org.apache.spark.sql.execution.QueryExecution.$anonfun$executePhase$2(QueryExecution.scala:278)
		at org.apache.spark.sql.execution.QueryExecution$.withInternalError(QueryExecution.scala:654)
		at org.apache.spark.sql.execution.QueryExecution.$anonfun$executePhase$1(QueryExecution.scala:278)
		at org.apache.spark.sql.SparkSession.withActive(SparkSession.scala:804)
		at org.apache.spark.sql.execution.QueryExecution.executePhase(QueryExecution.scala:277)
		at org.apache.spark.sql.execution.QueryExecution.$anonfun$lazyAnalyzed$1(QueryExecution.scala:110)
		at scala.util.Try$.apply(Try.scala:217)
		at org.apache.spark.util.Utils$.doTryWithCallerStacktrace(Utils.scala:1378)
		at org.apache.spark.util.LazyTry.tryT$lzycompute(LazyTry.scala:46)
		at org.apache.spark.util.LazyTry.tryT(LazyTry.scala:46)
		... 23 more
Caused by: java.lang.ClassNotFoundException: Class org.apache.hadoop.fs.s3a.S3AFileSystem not found
	at org.apache.hadoop.conf.Configuration.getClassByName(Configuration.java:2641)
	at org.apache.hadoop.conf.Configuration.getClass(Configuration.java:2735)
	at org.apache.hadoop.fs.FileSystem.getFileSystemClass(FileSystem.java:3569)
	at org.apache.hadoop.fs.FileSystem.createFileSystem(FileSystem.java:3612)
	at org.apache.hadoop.fs.FileSystem.access$300(FileSystem.java:172)
	at org.apache.hadoop.fs.FileSystem$Cache.getInternal(FileSystem.java:3716)
	at org.apache.hadoop.fs.FileSystem$Cache.get(FileSystem.java:3667)
	at org.apache.hadoop.fs.FileSystem.get(FileSystem.java:557)
	at org.apache.hadoop.fs.Path.getFileSystem(Path.java:366)
	at org.apache.spark.sql.execution.datasources.DataSource$.$anonfun$checkAndGlobPathIfNecessary$1(DataSource.scala:777)
	at scala.collection.immutable.List.map(List.scala:247)
	at scala.collection.immutable.List.map(List.scala:79)
	at org.apache.spark.sql.execution.datasources.DataSource$.checkAndGlobPathIfNecessary(DataSource.scala:775)
	at org.apache.spark.sql.execution.datasources.DataSource.checkAndGlobPathIfNecessary(DataSource.scala:575)
	at org.apache.spark.sql.execution.datasources.DataSource.resolveRelation(DataSource.scala:419)
	at org.apache.spark.sql.catalyst.analysis.ResolveDataSource.org$apache$spark$sql$catalyst$analysis$ResolveDataSource$$loadV1BatchSource(ResolveDataSource.scala:143)
	at org.apache.spark.sql.catalyst.analysis.ResolveDataSource$$anonfun$apply$1.$anonfun$applyOrElse$2(ResolveDataSource.scala:61)
	at scala.Option.getOrElse(Option.scala:201)
	at org.apache.spark.sql.catalyst.analysis.ResolveDataSource$$anonfun$apply$1.applyOrElse(ResolveDataSource.scala:61)
	at org.apache.spark.sql.catalyst.analysis.ResolveDataSource$$anonfun$apply$1.applyOrElse(ResolveDataSource.scala:45)
	at org.apache.spark.sql.catalyst.plans.logical.AnalysisHelper.$anonfun$resolveOperatorsUpWithPruning$3(AnalysisHelper.scala:139)
	at org.apache.spark.sql.catalyst.trees.CurrentOrigin$.withOrigin(origin.scala:86)
	at org.apache.spark.sql.catalyst.plans.logical.AnalysisHelper.$anonfun$resolveOperatorsUpWithPruning$1(AnalysisHelper.scala:139)
	at org.apache.spark.sql.catalyst.plans.logical.AnalysisHelper$.allowInvokingTransformsInAnalyzer(AnalysisHelper.scala:416)
	at org.apache.spark.sql.catalyst.plans.logical.AnalysisHelper.resolveOperatorsUpWithPruning(AnalysisHelper.scala:135)
	at org.apache.spark.sql.catalyst.plans.logical.AnalysisHelper.resolveOperatorsUpWithPruning$(AnalysisHelper.scala:131)
	at org.apache.spark.sql.catalyst.plans.logical.LogicalPlan.resolveOperatorsUpWithPruning(LogicalPlan.scala:37)
	at org.apache.spark.sql.catalyst.plans.logical.AnalysisHelper.resolveOperatorsUp(AnalysisHelper.scala:112)
	at org.apache.spark.sql.catalyst.plans.logical.AnalysisHelper.resolveOperatorsUp$(AnalysisHelper.scala:111)
	at org.apache.spark.sql.catalyst.plans.logical.LogicalPlan.resolveOperatorsUp(LogicalPlan.scala:37)
	at org.apache.spark.sql.catalyst.analysis.ResolveDataSource.apply(ResolveDataSource.scala:45)
	at org.apache.spark.sql.catalyst.analysis.ResolveDataSource.apply(ResolveDataSource.scala:43)
	at org.apache.spark.sql.catalyst.rules.RuleExecutor.$anonfun$execute$2(RuleExecutor.scala:242)
	at scala.collection.LinearSeqOps.foldLeft(LinearSeq.scala:183)
	at scala.collection.LinearSeqOps.foldLeft$(LinearSeq.scala:179)
	at scala.collection.immutable.List.foldLeft(List.scala:79)
	at org.apache.spark.sql.catalyst.rules.RuleExecutor.$anonfun$execute$1(RuleExecutor.scala:239)
	at org.apache.spark.sql.catalyst.rules.RuleExecutor.$anonfun$execute$1$adapted(RuleExecutor.scala:231)
	at scala.collection.immutable.List.foreach(List.scala:334)
	at org.apache.spark.sql.catalyst.rules.RuleExecutor.execute(RuleExecutor.scala:231)
	at org.apache.spark.sql.catalyst.analysis.Analyzer.org$apache$spark$sql$catalyst$analysis$Analyzer$$executeSameContext(Analyzer.scala:340)
	at org.apache.spark.sql.catalyst.analysis.Analyzer.$anonfun$execute$1(Analyzer.scala:336)
	at org.apache.spark.sql.catalyst.analysis.AnalysisContext$.withNewAnalysisContext(Analyzer.scala:234)
	at org.apache.spark.sql.catalyst.analysis.Analyzer.execute(Analyzer.scala:336)
	at org.apache.spark.sql.catalyst.analysis.Analyzer.execute(Analyzer.scala:299)
	at org.apache.spark.sql.catalyst.rules.RuleExecutor.$anonfun$executeAndTrack$1(RuleExecutor.scala:201)
	at org.apache.spark.sql.catalyst.QueryPlanningTracker$.withTracker(QueryPlanningTracker.scala:89)
	at org.apache.spark.sql.catalyst.rules.RuleExecutor.executeAndTrack(RuleExecutor.scala:201)
	at org.apache.spark.sql.catalyst.analysis.resolver.HybridAnalyzer.resolveInFixedPoint(HybridAnalyzer.scala:190)
	at org.apache.spark.sql.catalyst.analysis.resolver.HybridAnalyzer.$anonfun$apply$1(HybridAnalyzer.scala:76)
	at org.apache.spark.sql.catalyst.analysis.resolver.HybridAnalyzer.withTrackedAnalyzerBridgeState(HybridAnalyzer.scala:111)
	at org.apache.spark.sql.catalyst.analysis.resolver.HybridAnalyzer.apply(HybridAnalyzer.scala:71)
	at org.apache.spark.sql.catalyst.analysis.Analyzer.$anonfun$executeAndCheck$1(Analyzer.scala:330)
	at org.apache.spark.sql.catalyst.plans.logical.AnalysisHelper$.markInAnalyzer(AnalysisHelper.scala:423)
	at org.apache.spark.sql.catalyst.analysis.Analyzer.executeAndCheck(Analyzer.scala:330)
	at org.apache.spark.sql.execution.QueryExecution.$anonfun$lazyAnalyzed$2(QueryExecution.scala:110)
	at org.apache.spark.sql.catalyst.QueryPlanningTracker.measurePhase(QueryPlanningTracker.scala:148)
	at org.apache.spark.sql.execution.QueryExecution.$anonfun$executePhase$2(QueryExecution.scala:278)
	at org.apache.spark.sql.execution.QueryExecution$.withInternalError(QueryExecution.scala:654)
	at org.apache.spark.sql.execution.QueryExecution.$anonfun$executePhase$1(QueryExecution.scala:278)
	at org.apache.spark.sql.SparkSession.withActive(SparkSession.scala:804)
	at org.apache.spark.sql.execution.QueryExecution.executePhase(QueryExecution.scala:277)
	at org.apache.spark.sql.execution.QueryExecution.$anonfun$lazyAnalyzed$1(QueryExecution.scala:110)
	at scala.util.Try$.apply(Try.scala:217)
	at org.apache.spark.util.Utils$.doTryWithCallerStacktrace(Utils.scala:1378)
	at org.apache.spark.util.LazyTry.tryT$lzycompute(LazyTry.scala:46)
	at org.apache.spark.util.LazyTry.tryT(LazyTry.scala:46)
	... 23 more
Traceback (most recent call last):
  File "/opt/airflow/dags/silver_layer_dag.py", line 303, in run_silver_and_report
    kaggle_report = process_customers_kaggle(minio_client, spark)
                    ^^^^^^^^^^^^^^^^^^^^^^^^^^^^^^^^^^^^^^^^^^^^^
  File "/opt/airflow/dags/silver_layer_dag.py", line 215, in process_customers_kaggle
    df = read_csv_as_strings(spark, s3a_path)
         ^^^^^^^^^^^^^^^^^^^^^^^^^^^^^^^^^^^^
  File "/opt/airflow/dags/silver_layer_dag.py", line 136, in read_csv_as_strings
    .csv(s3a_path)
     ^^^^^^^^^^^^^
  File "/home/airflow/.local/lib/python3.12/site-packages/pyspark/sql/readwriter.py", line 838, in csv
    return self._df(self._jreader.csv(self._spark._sc._jvm.PythonUtils.toSeq(path)))
                    ^^^^^^^^^^^^^^^^^^^^^^^^^^^^^^^^^^^^^^^^^^^^^^^^^^^^^^^^^^^^^^^
  File "/home/airflow/.local/lib/python3.12/site-packages/py4j/java_gateway.py", line 1362, in __call__
    return_value = get_return_value(
                   ^^^^^^^^^^^^^^^^^
  File "/home/airflow/.local/lib/python3.12/site-packages/pyspark/errors/exceptions/captured.py", line 282, in deco
    return f(*a, **kw)
           ^^^^^^^^^^^
  File "/home/airflow/.local/lib/python3.12/site-packages/py4j/protocol.py", line 327, in get_return_value
    raise Py4JJavaError(
py4j.protocol.Py4JJavaError: An error occurred while calling o45.csv.
: java.lang.RuntimeException: java.lang.ClassNotFoundException: Class org.apache.hadoop.fs.s3a.S3AFileSystem not found
	at org.apache.hadoop.conf.Configuration.getClass(Configuration.java:2737)
	at org.apache.hadoop.fs.FileSystem.getFileSystemClass(FileSystem.java:3569)
	at org.apache.hadoop.fs.FileSystem.createFileSystem(FileSystem.java:3612)
	at org.apache.hadoop.fs.FileSystem.access$300(FileSystem.java:172)
	at org.apache.hadoop.fs.FileSystem$Cache.getInternal(FileSystem.java:3716)
	at org.apache.hadoop.fs.FileSystem$Cache.get(FileSystem.java:3667)
	at org.apache.hadoop.fs.FileSystem.get(FileSystem.java:557)
	at org.apache.hadoop.fs.Path.getFileSystem(Path.java:366)
	at org.apache.spark.sql.execution.datasources.DataSource$.$anonfun$checkAndGlobPathIfNecessary$1(DataSource.scala:777)
	at scala.collection.immutable.List.map(List.scala:247)
	at scala.collection.immutable.List.map(List.scala:79)
	at org.apache.spark.sql.execution.datasources.DataSource$.checkAndGlobPathIfNecessary(DataSource.scala:775)
	at org.apache.spark.sql.execution.datasources.DataSource.checkAndGlobPathIfNecessary(DataSource.scala:575)
	at org.apache.spark.sql.execution.datasources.DataSource.resolveRelation(DataSource.scala:419)
	at org.apache.spark.sql.catalyst.analysis.ResolveDataSource.org$apache$spark$sql$catalyst$analysis$ResolveDataSource$$loadV1BatchSource(ResolveDataSource.scala:143)
	at org.apache.spark.sql.catalyst.analysis.ResolveDataSource$$anonfun$apply$1.$anonfun$applyOrElse$2(ResolveDataSource.scala:61)
	at scala.Option.getOrElse(Option.scala:201)
	at org.apache.spark.sql.catalyst.analysis.ResolveDataSource$$anonfun$apply$1.applyOrElse(ResolveDataSource.scala:61)
	at org.apache.spark.sql.catalyst.analysis.ResolveDataSource$$anonfun$apply$1.applyOrElse(ResolveDataSource.scala:45)
	at org.apache.spark.sql.catalyst.plans.logical.AnalysisHelper.$anonfun$resolveOperatorsUpWithPruning$3(AnalysisHelper.scala:139)
	at org.apache.spark.sql.catalyst.trees.CurrentOrigin$.withOrigin(origin.scala:86)
	at org.apache.spark.sql.catalyst.plans.logical.AnalysisHelper.$anonfun$resolveOperatorsUpWithPruning$1(AnalysisHelper.scala:139)
	at org.apache.spark.sql.catalyst.plans.logical.AnalysisHelper$.allowInvokingTransformsInAnalyzer(AnalysisHelper.scala:416)
	at org.apache.spark.sql.catalyst.plans.logical.AnalysisHelper.resolveOperatorsUpWithPruning(AnalysisHelper.scala:135)
	at org.apache.spark.sql.catalyst.plans.logical.AnalysisHelper.resolveOperatorsUpWithPruning$(AnalysisHelper.scala:131)
	at org.apache.spark.sql.catalyst.plans.logical.LogicalPlan.resolveOperatorsUpWithPruning(LogicalPlan.scala:37)
	at org.apache.spark.sql.catalyst.plans.logical.AnalysisHelper.resolveOperatorsUp(AnalysisHelper.scala:112)
	at org.apache.spark.sql.catalyst.plans.logical.AnalysisHelper.resolveOperatorsUp$(AnalysisHelper.scala:111)
	at org.apache.spark.sql.catalyst.plans.logical.LogicalPlan.resolveOperatorsUp(LogicalPlan.scala:37)
	at org.apache.spark.sql.catalyst.analysis.ResolveDataSource.apply(ResolveDataSource.scala:45)
	at org.apache.spark.sql.catalyst.analysis.ResolveDataSource.apply(ResolveDataSource.scala:43)
	at org.apache.spark.sql.catalyst.rules.RuleExecutor.$anonfun$execute$2(RuleExecutor.scala:242)
	at scala.collection.LinearSeqOps.foldLeft(LinearSeq.scala:183)
	at scala.collection.LinearSeqOps.foldLeft$(LinearSeq.scala:179)
	at scala.collection.immutable.List.foldLeft(List.scala:79)
	at org.apache.spark.sql.catalyst.rules.RuleExecutor.$anonfun$execute$1(RuleExecutor.scala:239)
	at org.apache.spark.sql.catalyst.rules.RuleExecutor.$anonfun$execute$1$adapted(RuleExecutor.scala:231)
	at scala.collection.immutable.List.foreach(List.scala:334)
	at org.apache.spark.sql.catalyst.rules.RuleExecutor.execute(RuleExecutor.scala:231)
	at org.apache.spark.sql.catalyst.analysis.Analyzer.org$apache$spark$sql$catalyst$analysis$Analyzer$$executeSameContext(Analyzer.scala:340)
	at org.apache.spark.sql.catalyst.analysis.Analyzer.$anonfun$execute$1(Analyzer.scala:336)
	at org.apache.spark.sql.catalyst.analysis.AnalysisContext$.withNewAnalysisContext(Analyzer.scala:234)
	at org.apache.spark.sql.catalyst.analysis.Analyzer.execute(Analyzer.scala:336)
	at org.apache.spark.sql.catalyst.analysis.Analyzer.execute(Analyzer.scala:299)
	at org.apache.spark.sql.catalyst.rules.RuleExecutor.$anonfun$executeAndTrack$1(RuleExecutor.scala:201)
	at org.apache.spark.sql.catalyst.QueryPlanningTracker$.withTracker(QueryPlanningTracker.scala:89)
	at org.apache.spark.sql.catalyst.rules.RuleExecutor.executeAndTrack(RuleExecutor.scala:201)
	at org.apache.spark.sql.catalyst.analysis.resolver.HybridAnalyzer.resolveInFixedPoint(HybridAnalyzer.scala:190)
	at org.apache.spark.sql.catalyst.analysis.resolver.HybridAnalyzer.$anonfun$apply$1(HybridAnalyzer.scala:76)
	at org.apache.spark.sql.catalyst.analysis.resolver.HybridAnalyzer.withTrackedAnalyzerBridgeState(HybridAnalyzer.scala:111)
	at org.apache.spark.sql.catalyst.analysis.resolver.HybridAnalyzer.apply(HybridAnalyzer.scala:71)
	at org.apache.spark.sql.catalyst.analysis.Analyzer.$anonfun$executeAndCheck$1(Analyzer.scala:330)
	at org.apache.spark.sql.catalyst.plans.logical.AnalysisHelper$.markInAnalyzer(AnalysisHelper.scala:423)
	at org.apache.spark.sql.catalyst.analysis.Analyzer.executeAndCheck(Analyzer.scala:330)
	at org.apache.spark.sql.execution.QueryExecution.$anonfun$lazyAnalyzed$2(QueryExecution.scala:110)
	at org.apache.spark.sql.catalyst.QueryPlanningTracker.measurePhase(QueryPlanningTracker.scala:148)
	at org.apache.spark.sql.execution.QueryExecution.$anonfun$executePhase$2(QueryExecution.scala:278)
	at org.apache.spark.sql.execution.QueryExecution$.withInternalError(QueryExecution.scala:654)
	at org.apache.spark.sql.execution.QueryExecution.$anonfun$executePhase$1(QueryExecution.scala:278)
	at org.apache.spark.sql.SparkSession.withActive(SparkSession.scala:804)
	at org.apache.spark.sql.execution.QueryExecution.executePhase(QueryExecution.scala:277)
	at org.apache.spark.sql.execution.QueryExecution.$anonfun$lazyAnalyzed$1(QueryExecution.scala:110)
	at scala.util.Try$.apply(Try.scala:217)
	at org.apache.spark.util.Utils$.doTryWithCallerStacktrace(Utils.scala:1378)
	at org.apache.spark.util.Utils$.getTryWithCallerStacktrace(Utils.scala:1439)
	at org.apache.spark.util.LazyTry.get(LazyTry.scala:58)
	at org.apache.spark.sql.execution.QueryExecution.analyzed(QueryExecution.scala:121)
	at org.apache.spark.sql.execution.QueryExecution.assertAnalyzed(QueryExecution.scala:80)
	at org.apache.spark.sql.classic.Dataset$.$anonfun$ofRows$1(Dataset.scala:115)
	at org.apache.spark.sql.SparkSession.withActive(SparkSession.scala:804)
	at org.apache.spark.sql.classic.Dataset$.ofRows(Dataset.scala:113)
	at org.apache.spark.sql.classic.DataFrameReader.load(DataFrameReader.scala:109)
	at org.apache.spark.sql.classic.DataFrameReader.load(DataFrameReader.scala:58)
	at org.apache.spark.sql.DataFrameReader.csv(DataFrameReader.scala:392)
	at org.apache.spark.sql.classic.DataFrameReader.csv(DataFrameReader.scala:259)
	at org.apache.spark.sql.classic.DataFrameReader.csv(DataFrameReader.scala:58)
	at java.base/jdk.internal.reflect.NativeMethodAccessorImpl.invoke0(Native Method)
	at java.base/jdk.internal.reflect.NativeMethodAccessorImpl.invoke(NativeMethodAccessorImpl.java:77)
	at java.base/jdk.internal.reflect.DelegatingMethodAccessorImpl.invoke(DelegatingMethodAccessorImpl.java:43)
	at java.base/java.lang.reflect.Method.invoke(Method.java:569)
	at py4j.reflection.MethodInvoker.invoke(MethodInvoker.java:244)
	at py4j.reflection.ReflectionEngine.invoke(ReflectionEngine.java:374)
	at py4j.Gateway.invoke(Gateway.java:282)
	at py4j.commands.AbstractCommand.invokeMethod(AbstractCommand.java:132)
	at py4j.commands.CallCommand.execute(CallCommand.java:79)
	at py4j.ClientServerConnection.waitForCommands(ClientServerConnection.java:184)
	at py4j.ClientServerConnection.run(ClientServerConnection.java:108)
	at java.base/java.lang.Thread.run(Thread.java:840)
	Suppressed: org.apache.spark.util.Utils$OriginalTryStackTraceException: Full stacktrace of original doTryWithCallerStacktrace caller
		at org.apache.hadoop.conf.Configuration.getClass(Configuration.java:2737)
		at org.apache.hadoop.fs.FileSystem.getFileSystemClass(FileSystem.java:3569)
		at org.apache.hadoop.fs.FileSystem.createFileSystem(FileSystem.java:3612)
		at org.apache.hadoop.fs.FileSystem.access$300(FileSystem.java:172)
		at org.apache.hadoop.fs.FileSystem$Cache.getInternal(FileSystem.java:3716)
		at org.apache.hadoop.fs.FileSystem$Cache.get(FileSystem.java:3667)
		at org.apache.hadoop.fs.FileSystem.get(FileSystem.java:557)
		at org.apache.hadoop.fs.Path.getFileSystem(Path.java:366)
		at org.apache.spark.sql.execution.datasources.DataSource$.$anonfun$checkAndGlobPathIfNecessary$1(DataSource.scala:777)
		at scala.collection.immutable.List.map(List.scala:247)
		at scala.collection.immutable.List.map(List.scala:79)
		at org.apache.spark.sql.execution.datasources.DataSource$.checkAndGlobPathIfNecessary(DataSource.scala:775)
		at org.apache.spark.sql.execution.datasources.DataSource.checkAndGlobPathIfNecessary(DataSource.scala:575)
		at org.apache.spark.sql.execution.datasources.DataSource.resolveRelation(DataSource.scala:419)
		at org.apache.spark.sql.catalyst.analysis.ResolveDataSource.org$apache$spark$sql$catalyst$analysis$ResolveDataSource$$loadV1BatchSource(ResolveDataSource.scala:143)
		at org.apache.spark.sql.catalyst.analysis.ResolveDataSource$$anonfun$apply$1.$anonfun$applyOrElse$2(ResolveDataSource.scala:61)
		at scala.Option.getOrElse(Option.scala:201)
		at org.apache.spark.sql.catalyst.analysis.ResolveDataSource$$anonfun$apply$1.applyOrElse(ResolveDataSource.scala:61)
		at org.apache.spark.sql.catalyst.analysis.ResolveDataSource$$anonfun$apply$1.applyOrElse(ResolveDataSource.scala:45)
		at org.apache.spark.sql.catalyst.plans.logical.AnalysisHelper.$anonfun$resolveOperatorsUpWithPruning$3(AnalysisHelper.scala:139)
		at org.apache.spark.sql.catalyst.trees.CurrentOrigin$.withOrigin(origin.scala:86)
		at org.apache.spark.sql.catalyst.plans.logical.AnalysisHelper.$anonfun$resolveOperatorsUpWithPruning$1(AnalysisHelper.scala:139)
		at org.apache.spark.sql.catalyst.plans.logical.AnalysisHelper$.allowInvokingTransformsInAnalyzer(AnalysisHelper.scala:416)
		at org.apache.spark.sql.catalyst.plans.logical.AnalysisHelper.resolveOperatorsUpWithPruning(AnalysisHelper.scala:135)
		at org.apache.spark.sql.catalyst.plans.logical.AnalysisHelper.resolveOperatorsUpWithPruning$(AnalysisHelper.scala:131)
		at org.apache.spark.sql.catalyst.plans.logical.LogicalPlan.resolveOperatorsUpWithPruning(LogicalPlan.scala:37)
		at org.apache.spark.sql.catalyst.plans.logical.AnalysisHelper.resolveOperatorsUp(AnalysisHelper.scala:112)
		at org.apache.spark.sql.catalyst.plans.logical.AnalysisHelper.resolveOperatorsUp$(AnalysisHelper.scala:111)
		at org.apache.spark.sql.catalyst.plans.logical.LogicalPlan.resolveOperatorsUp(LogicalPlan.scala:37)
		at org.apache.spark.sql.catalyst.analysis.ResolveDataSource.apply(ResolveDataSource.scala:45)
		at org.apache.spark.sql.catalyst.analysis.ResolveDataSource.apply(ResolveDataSource.scala:43)
		at org.apache.spark.sql.catalyst.rules.RuleExecutor.$anonfun$execute$2(RuleExecutor.scala:242)
		at scala.collection.LinearSeqOps.foldLeft(LinearSeq.scala:183)
		at scala.collection.LinearSeqOps.foldLeft$(LinearSeq.scala:179)
		at scala.collection.immutable.List.foldLeft(List.scala:79)
		at org.apache.spark.sql.catalyst.rules.RuleExecutor.$anonfun$execute$1(RuleExecutor.scala:239)
		at org.apache.spark.sql.catalyst.rules.RuleExecutor.$anonfun$execute$1$adapted(RuleExecutor.scala:231)
		at scala.collection.immutable.List.foreach(List.scala:334)
		at org.apache.spark.sql.catalyst.rules.RuleExecutor.execute(RuleExecutor.scala:231)
		at org.apache.spark.sql.catalyst.analysis.Analyzer.org$apache$spark$sql$catalyst$analysis$Analyzer$$executeSameContext(Analyzer.scala:340)
		at org.apache.spark.sql.catalyst.analysis.Analyzer.$anonfun$execute$1(Analyzer.scala:336)
		at org.apache.spark.sql.catalyst.analysis.AnalysisContext$.withNewAnalysisContext(Analyzer.scala:234)
		at org.apache.spark.sql.catalyst.analysis.Analyzer.execute(Analyzer.scala:336)
		at org.apache.spark.sql.catalyst.analysis.Analyzer.execute(Analyzer.scala:299)
		at org.apache.spark.sql.catalyst.rules.RuleExecutor.$anonfun$executeAndTrack$1(RuleExecutor.scala:201)
		at org.apache.spark.sql.catalyst.QueryPlanningTracker$.withTracker(QueryPlanningTracker.scala:89)
		at org.apache.spark.sql.catalyst.rules.RuleExecutor.executeAndTrack(RuleExecutor.scala:201)
		at org.apache.spark.sql.catalyst.analysis.resolver.HybridAnalyzer.resolveInFixedPoint(HybridAnalyzer.scala:190)
		at org.apache.spark.sql.catalyst.analysis.resolver.HybridAnalyzer.$anonfun$apply$1(HybridAnalyzer.scala:76)
		at org.apache.spark.sql.catalyst.analysis.resolver.HybridAnalyzer.withTrackedAnalyzerBridgeState(HybridAnalyzer.scala:111)
		at org.apache.spark.sql.catalyst.analysis.resolver.HybridAnalyzer.apply(HybridAnalyzer.scala:71)
		at org.apache.spark.sql.catalyst.analysis.Analyzer.$anonfun$executeAndCheck$1(Analyzer.scala:330)
		at org.apache.spark.sql.catalyst.plans.logical.AnalysisHelper$.markInAnalyzer(AnalysisHelper.scala:423)
		at org.apache.spark.sql.catalyst.analysis.Analyzer.executeAndCheck(Analyzer.scala:330)
		at org.apache.spark.sql.execution.QueryExecution.$anonfun$lazyAnalyzed$2(QueryExecution.scala:110)
		at org.apache.spark.sql.catalyst.QueryPlanningTracker.measurePhase(QueryPlanningTracker.scala:148)
		at org.apache.spark.sql.execution.QueryExecution.$anonfun$executePhase$2(QueryExecution.scala:278)
		at org.apache.spark.sql.execution.QueryExecution$.withInternalError(QueryExecution.scala:654)
		at org.apache.spark.sql.execution.QueryExecution.$anonfun$executePhase$1(QueryExecution.scala:278)
		at org.apache.spark.sql.SparkSession.withActive(SparkSession.scala:804)
		at org.apache.spark.sql.execution.QueryExecution.executePhase(QueryExecution.scala:277)
		at org.apache.spark.sql.execution.QueryExecution.$anonfun$lazyAnalyzed$1(QueryExecution.scala:110)
		at scala.util.Try$.apply(Try.scala:217)
		at org.apache.spark.util.Utils$.doTryWithCallerStacktrace(Utils.scala:1378)
		at org.apache.spark.util.LazyTry.tryT$lzycompute(LazyTry.scala:46)
		at org.apache.spark.util.LazyTry.tryT(LazyTry.scala:46)
		... 23 more
Caused by: java.lang.ClassNotFoundException: Class org.apache.hadoop.fs.s3a.S3AFileSystem not found
	at org.apache.hadoop.conf.Configuration.getClassByName(Configuration.java:2641)
	at org.apache.hadoop.conf.Configuration.getClass(Configuration.java:2735)
	at org.apache.hadoop.fs.FileSystem.getFileSystemClass(FileSystem.java:3569)
	at org.apache.hadoop.fs.FileSystem.createFileSystem(FileSystem.java:3612)
	at org.apache.hadoop.fs.FileSystem.access$300(FileSystem.java:172)
	at org.apache.hadoop.fs.FileSystem$Cache.getInternal(FileSystem.java:3716)
	at org.apache.hadoop.fs.FileSystem$Cache.get(FileSystem.java:3667)
	at org.apache.hadoop.fs.FileSystem.get(FileSystem.java:557)
	at org.apache.hadoop.fs.Path.getFileSystem(Path.java:366)
	at org.apache.spark.sql.execution.datasources.DataSource$.$anonfun$checkAndGlobPathIfNecessary$1(DataSource.scala:777)
	at scala.collection.immutable.List.map(List.scala:247)
	at scala.collection.immutable.List.map(List.scala:79)
	at org.apache.spark.sql.execution.datasources.DataSource$.checkAndGlobPathIfNecessary(DataSource.scala:775)
	at org.apache.spark.sql.execution.datasources.DataSource.checkAndGlobPathIfNecessary(DataSource.scala:575)
	at org.apache.spark.sql.execution.datasources.DataSource.resolveRelation(DataSource.scala:419)
	at org.apache.spark.sql.catalyst.analysis.ResolveDataSource.org$apache$spark$sql$catalyst$analysis$ResolveDataSource$$loadV1BatchSource(ResolveDataSource.scala:143)
	at org.apache.spark.sql.catalyst.analysis.ResolveDataSource$$anonfun$apply$1.$anonfun$applyOrElse$2(ResolveDataSource.scala:61)
	at scala.Option.getOrElse(Option.scala:201)
	at org.apache.spark.sql.catalyst.analysis.ResolveDataSource$$anonfun$apply$1.applyOrElse(ResolveDataSource.scala:61)
	at org.apache.spark.sql.catalyst.analysis.ResolveDataSource$$anonfun$apply$1.applyOrElse(ResolveDataSource.scala:45)
	at org.apache.spark.sql.catalyst.plans.logical.AnalysisHelper.$anonfun$resolveOperatorsUpWithPruning$3(AnalysisHelper.scala:139)
	at org.apache.spark.sql.catalyst.trees.CurrentOrigin$.withOrigin(origin.scala:86)
	at org.apache.spark.sql.catalyst.plans.logical.AnalysisHelper.$anonfun$resolveOperatorsUpWithPruning$1(AnalysisHelper.scala:139)
	at org.apache.spark.sql.catalyst.plans.logical.AnalysisHelper$.allowInvokingTransformsInAnalyzer(AnalysisHelper.scala:416)
	at org.apache.spark.sql.catalyst.plans.logical.AnalysisHelper.resolveOperatorsUpWithPruning(AnalysisHelper.scala:135)
	at org.apache.spark.sql.catalyst.plans.logical.AnalysisHelper.resolveOperatorsUpWithPruning$(AnalysisHelper.scala:131)
	at org.apache.spark.sql.catalyst.plans.logical.LogicalPlan.resolveOperatorsUpWithPruning(LogicalPlan.scala:37)
	at org.apache.spark.sql.catalyst.plans.logical.AnalysisHelper.resolveOperatorsUp(AnalysisHelper.scala:112)
	at org.apache.spark.sql.catalyst.plans.logical.AnalysisHelper.resolveOperatorsUp$(AnalysisHelper.scala:111)
	at org.apache.spark.sql.catalyst.plans.logical.LogicalPlan.resolveOperatorsUp(LogicalPlan.scala:37)
	at org.apache.spark.sql.catalyst.analysis.ResolveDataSource.apply(ResolveDataSource.scala:45)
	at org.apache.spark.sql.catalyst.analysis.ResolveDataSource.apply(ResolveDataSource.scala:43)
	at org.apache.spark.sql.catalyst.rules.RuleExecutor.$anonfun$execute$2(RuleExecutor.scala:242)
	at scala.collection.LinearSeqOps.foldLeft(LinearSeq.scala:183)
	at scala.collection.LinearSeqOps.foldLeft$(LinearSeq.scala:179)
	at scala.collection.immutable.List.foldLeft(List.scala:79)
	at org.apache.spark.sql.catalyst.rules.RuleExecutor.$anonfun$execute$1(RuleExecutor.scala:239)
	at org.apache.spark.sql.catalyst.rules.RuleExecutor.$anonfun$execute$1$adapted(RuleExecutor.scala:231)
	at scala.collection.immutable.List.foreach(List.scala:334)
	at org.apache.spark.sql.catalyst.rules.RuleExecutor.execute(RuleExecutor.scala:231)
	at org.apache.spark.sql.catalyst.analysis.Analyzer.org$apache$spark$sql$catalyst$analysis$Analyzer$$executeSameContext(Analyzer.scala:340)
	at org.apache.spark.sql.catalyst.analysis.Analyzer.$anonfun$execute$1(Analyzer.scala:336)
	at org.apache.spark.sql.catalyst.analysis.AnalysisContext$.withNewAnalysisContext(Analyzer.scala:234)
	at org.apache.spark.sql.catalyst.analysis.Analyzer.execute(Analyzer.scala:336)
	at org.apache.spark.sql.catalyst.analysis.Analyzer.execute(Analyzer.scala:299)
	at org.apache.spark.sql.catalyst.rules.RuleExecutor.$anonfun$executeAndTrack$1(RuleExecutor.scala:201)
	at org.apache.spark.sql.catalyst.QueryPlanningTracker$.withTracker(QueryPlanningTracker.scala:89)
	at org.apache.spark.sql.catalyst.rules.RuleExecutor.executeAndTrack(RuleExecutor.scala:201)
	at org.apache.spark.sql.catalyst.analysis.resolver.HybridAnalyzer.resolveInFixedPoint(HybridAnalyzer.scala:190)
	at org.apache.spark.sql.catalyst.analysis.resolver.HybridAnalyzer.$anonfun$apply$1(HybridAnalyzer.scala:76)
	at org.apache.spark.sql.catalyst.analysis.resolver.HybridAnalyzer.withTrackedAnalyzerBridgeState(HybridAnalyzer.scala:111)
	at org.apache.spark.sql.catalyst.analysis.resolver.HybridAnalyzer.apply(HybridAnalyzer.scala:71)
	at org.apache.spark.sql.catalyst.analysis.Analyzer.$anonfun$executeAndCheck$1(Analyzer.scala:330)
	at org.apache.spark.sql.catalyst.plans.logical.AnalysisHelper$.markInAnalyzer(AnalysisHelper.scala:423)
	at org.apache.spark.sql.catalyst.analysis.Analyzer.executeAndCheck(Analyzer.scala:330)
	at org.apache.spark.sql.execution.QueryExecution.$anonfun$lazyAnalyzed$2(QueryExecution.scala:110)
	at org.apache.spark.sql.catalyst.QueryPlanningTracker.measurePhase(QueryPlanningTracker.scala:148)
	at org.apache.spark.sql.execution.QueryExecution.$anonfun$executePhase$2(QueryExecution.scala:278)
	at org.apache.spark.sql.execution.QueryExecution$.withInternalError(QueryExecution.scala:654)
	at org.apache.spark.sql.execution.QueryExecution.$anonfun$executePhase$1(QueryExecution.scala:278)
	at org.apache.spark.sql.SparkSession.withActive(SparkSession.scala:804)
	at org.apache.spark.sql.execution.QueryExecution.executePhase(QueryExecution.scala:277)
	at org.apache.spark.sql.execution.QueryExecution.$anonfun$lazyAnalyzed$1(QueryExecution.scala:110)
	at scala.util.Try$.apply(Try.scala:217)
	at org.apache.spark.util.Utils$.doTryWithCallerStacktrace(Utils.scala:1378)
	at org.apache.spark.util.LazyTry.tryT$lzycompute(LazyTry.scala:46)
	at org.apache.spark.util.LazyTry.tryT(LazyTry.scala:46)
	... 23 more

[2025-10-22T18:00:04.189+0000] {silver_layer_dag.py:265} INFO - No product JSON files found under api_data; skipping products.
[2025-10-22T18:00:04.189+0000] {silver_layer_dag.py:273} INFO - Reading user JSON s3a://bronze/api_data/20251022_180006/users.json
[2025-10-22T18:00:04.351+0000] {silver_layer_dag.py:314} ERROR - Error processing api products/users: An error occurred while calling o59.json.
: java.lang.RuntimeException: java.lang.ClassNotFoundException: Class org.apache.hadoop.fs.s3a.S3AFileSystem not found
	at org.apache.hadoop.conf.Configuration.getClass(Configuration.java:2737)
	at org.apache.hadoop.fs.FileSystem.getFileSystemClass(FileSystem.java:3569)
	at org.apache.hadoop.fs.FileSystem.createFileSystem(FileSystem.java:3612)
	at org.apache.hadoop.fs.FileSystem.access$300(FileSystem.java:172)
	at org.apache.hadoop.fs.FileSystem$Cache.getInternal(FileSystem.java:3716)
	at org.apache.hadoop.fs.FileSystem$Cache.get(FileSystem.java:3667)
	at org.apache.hadoop.fs.FileSystem.get(FileSystem.java:557)
	at org.apache.hadoop.fs.Path.getFileSystem(Path.java:366)
	at org.apache.spark.sql.execution.datasources.DataSource$.$anonfun$checkAndGlobPathIfNecessary$1(DataSource.scala:777)
	at scala.collection.immutable.List.map(List.scala:247)
	at scala.collection.immutable.List.map(List.scala:79)
	at org.apache.spark.sql.execution.datasources.DataSource$.checkAndGlobPathIfNecessary(DataSource.scala:775)
	at org.apache.spark.sql.execution.datasources.DataSource.checkAndGlobPathIfNecessary(DataSource.scala:575)
	at org.apache.spark.sql.execution.datasources.DataSource.resolveRelation(DataSource.scala:419)
	at org.apache.spark.sql.catalyst.analysis.ResolveDataSource.org$apache$spark$sql$catalyst$analysis$ResolveDataSource$$loadV1BatchSource(ResolveDataSource.scala:143)
	at org.apache.spark.sql.catalyst.analysis.ResolveDataSource$$anonfun$apply$1.$anonfun$applyOrElse$2(ResolveDataSource.scala:61)
	at scala.Option.getOrElse(Option.scala:201)
	at org.apache.spark.sql.catalyst.analysis.ResolveDataSource$$anonfun$apply$1.applyOrElse(ResolveDataSource.scala:61)
	at org.apache.spark.sql.catalyst.analysis.ResolveDataSource$$anonfun$apply$1.applyOrElse(ResolveDataSource.scala:45)
	at org.apache.spark.sql.catalyst.plans.logical.AnalysisHelper.$anonfun$resolveOperatorsUpWithPruning$3(AnalysisHelper.scala:139)
	at org.apache.spark.sql.catalyst.trees.CurrentOrigin$.withOrigin(origin.scala:86)
	at org.apache.spark.sql.catalyst.plans.logical.AnalysisHelper.$anonfun$resolveOperatorsUpWithPruning$1(AnalysisHelper.scala:139)
	at org.apache.spark.sql.catalyst.plans.logical.AnalysisHelper$.allowInvokingTransformsInAnalyzer(AnalysisHelper.scala:416)
	at org.apache.spark.sql.catalyst.plans.logical.AnalysisHelper.resolveOperatorsUpWithPruning(AnalysisHelper.scala:135)
	at org.apache.spark.sql.catalyst.plans.logical.AnalysisHelper.resolveOperatorsUpWithPruning$(AnalysisHelper.scala:131)
	at org.apache.spark.sql.catalyst.plans.logical.LogicalPlan.resolveOperatorsUpWithPruning(LogicalPlan.scala:37)
	at org.apache.spark.sql.catalyst.plans.logical.AnalysisHelper.resolveOperatorsUp(AnalysisHelper.scala:112)
	at org.apache.spark.sql.catalyst.plans.logical.AnalysisHelper.resolveOperatorsUp$(AnalysisHelper.scala:111)
	at org.apache.spark.sql.catalyst.plans.logical.LogicalPlan.resolveOperatorsUp(LogicalPlan.scala:37)
	at org.apache.spark.sql.catalyst.analysis.ResolveDataSource.apply(ResolveDataSource.scala:45)
	at org.apache.spark.sql.catalyst.analysis.ResolveDataSource.apply(ResolveDataSource.scala:43)
	at org.apache.spark.sql.catalyst.rules.RuleExecutor.$anonfun$execute$2(RuleExecutor.scala:242)
	at scala.collection.LinearSeqOps.foldLeft(LinearSeq.scala:183)
	at scala.collection.LinearSeqOps.foldLeft$(LinearSeq.scala:179)
	at scala.collection.immutable.List.foldLeft(List.scala:79)
	at org.apache.spark.sql.catalyst.rules.RuleExecutor.$anonfun$execute$1(RuleExecutor.scala:239)
	at org.apache.spark.sql.catalyst.rules.RuleExecutor.$anonfun$execute$1$adapted(RuleExecutor.scala:231)
	at scala.collection.immutable.List.foreach(List.scala:334)
	at org.apache.spark.sql.catalyst.rules.RuleExecutor.execute(RuleExecutor.scala:231)
	at org.apache.spark.sql.catalyst.analysis.Analyzer.org$apache$spark$sql$catalyst$analysis$Analyzer$$executeSameContext(Analyzer.scala:340)
	at org.apache.spark.sql.catalyst.analysis.Analyzer.$anonfun$execute$1(Analyzer.scala:336)
	at org.apache.spark.sql.catalyst.analysis.AnalysisContext$.withNewAnalysisContext(Analyzer.scala:234)
	at org.apache.spark.sql.catalyst.analysis.Analyzer.execute(Analyzer.scala:336)
	at org.apache.spark.sql.catalyst.analysis.Analyzer.execute(Analyzer.scala:299)
	at org.apache.spark.sql.catalyst.rules.RuleExecutor.$anonfun$executeAndTrack$1(RuleExecutor.scala:201)
	at org.apache.spark.sql.catalyst.QueryPlanningTracker$.withTracker(QueryPlanningTracker.scala:89)
	at org.apache.spark.sql.catalyst.rules.RuleExecutor.executeAndTrack(RuleExecutor.scala:201)
	at org.apache.spark.sql.catalyst.analysis.resolver.HybridAnalyzer.resolveInFixedPoint(HybridAnalyzer.scala:190)
	at org.apache.spark.sql.catalyst.analysis.resolver.HybridAnalyzer.$anonfun$apply$1(HybridAnalyzer.scala:76)
	at org.apache.spark.sql.catalyst.analysis.resolver.HybridAnalyzer.withTrackedAnalyzerBridgeState(HybridAnalyzer.scala:111)
	at org.apache.spark.sql.catalyst.analysis.resolver.HybridAnalyzer.apply(HybridAnalyzer.scala:71)
	at org.apache.spark.sql.catalyst.analysis.Analyzer.$anonfun$executeAndCheck$1(Analyzer.scala:330)
	at org.apache.spark.sql.catalyst.plans.logical.AnalysisHelper$.markInAnalyzer(AnalysisHelper.scala:423)
	at org.apache.spark.sql.catalyst.analysis.Analyzer.executeAndCheck(Analyzer.scala:330)
	at org.apache.spark.sql.execution.QueryExecution.$anonfun$lazyAnalyzed$2(QueryExecution.scala:110)
	at org.apache.spark.sql.catalyst.QueryPlanningTracker.measurePhase(QueryPlanningTracker.scala:148)
	at org.apache.spark.sql.execution.QueryExecution.$anonfun$executePhase$2(QueryExecution.scala:278)
	at org.apache.spark.sql.execution.QueryExecution$.withInternalError(QueryExecution.scala:654)
	at org.apache.spark.sql.execution.QueryExecution.$anonfun$executePhase$1(QueryExecution.scala:278)
	at org.apache.spark.sql.SparkSession.withActive(SparkSession.scala:804)
	at org.apache.spark.sql.execution.QueryExecution.executePhase(QueryExecution.scala:277)
	at org.apache.spark.sql.execution.QueryExecution.$anonfun$lazyAnalyzed$1(QueryExecution.scala:110)
	at scala.util.Try$.apply(Try.scala:217)
	at org.apache.spark.util.Utils$.doTryWithCallerStacktrace(Utils.scala:1378)
	at org.apache.spark.util.Utils$.getTryWithCallerStacktrace(Utils.scala:1439)
	at org.apache.spark.util.LazyTry.get(LazyTry.scala:58)
	at org.apache.spark.sql.execution.QueryExecution.analyzed(QueryExecution.scala:121)
	at org.apache.spark.sql.execution.QueryExecution.assertAnalyzed(QueryExecution.scala:80)
	at org.apache.spark.sql.classic.Dataset$.$anonfun$ofRows$1(Dataset.scala:115)
	at org.apache.spark.sql.SparkSession.withActive(SparkSession.scala:804)
	at org.apache.spark.sql.classic.Dataset$.ofRows(Dataset.scala:113)
	at org.apache.spark.sql.classic.DataFrameReader.load(DataFrameReader.scala:109)
	at org.apache.spark.sql.classic.DataFrameReader.load(DataFrameReader.scala:58)
	at org.apache.spark.sql.DataFrameReader.json(DataFrameReader.scala:296)
	at org.apache.spark.sql.classic.DataFrameReader.json(DataFrameReader.scala:150)
	at java.base/jdk.internal.reflect.NativeMethodAccessorImpl.invoke0(Native Method)
	at java.base/jdk.internal.reflect.NativeMethodAccessorImpl.invoke(NativeMethodAccessorImpl.java:77)
	at java.base/jdk.internal.reflect.DelegatingMethodAccessorImpl.invoke(DelegatingMethodAccessorImpl.java:43)
	at java.base/java.lang.reflect.Method.invoke(Method.java:569)
	at py4j.reflection.MethodInvoker.invoke(MethodInvoker.java:244)
	at py4j.reflection.ReflectionEngine.invoke(ReflectionEngine.java:374)
	at py4j.Gateway.invoke(Gateway.java:282)
	at py4j.commands.AbstractCommand.invokeMethod(AbstractCommand.java:132)
	at py4j.commands.CallCommand.execute(CallCommand.java:79)
	at py4j.ClientServerConnection.waitForCommands(ClientServerConnection.java:184)
	at py4j.ClientServerConnection.run(ClientServerConnection.java:108)
	at java.base/java.lang.Thread.run(Thread.java:840)
	Suppressed: org.apache.spark.util.Utils$OriginalTryStackTraceException: Full stacktrace of original doTryWithCallerStacktrace caller
		at org.apache.hadoop.conf.Configuration.getClass(Configuration.java:2737)
		at org.apache.hadoop.fs.FileSystem.getFileSystemClass(FileSystem.java:3569)
		at org.apache.hadoop.fs.FileSystem.createFileSystem(FileSystem.java:3612)
		at org.apache.hadoop.fs.FileSystem.access$300(FileSystem.java:172)
		at org.apache.hadoop.fs.FileSystem$Cache.getInternal(FileSystem.java:3716)
		at org.apache.hadoop.fs.FileSystem$Cache.get(FileSystem.java:3667)
		at org.apache.hadoop.fs.FileSystem.get(FileSystem.java:557)
		at org.apache.hadoop.fs.Path.getFileSystem(Path.java:366)
		at org.apache.spark.sql.execution.datasources.DataSource$.$anonfun$checkAndGlobPathIfNecessary$1(DataSource.scala:777)
		at scala.collection.immutable.List.map(List.scala:247)
		at scala.collection.immutable.List.map(List.scala:79)
		at org.apache.spark.sql.execution.datasources.DataSource$.checkAndGlobPathIfNecessary(DataSource.scala:775)
		at org.apache.spark.sql.execution.datasources.DataSource.checkAndGlobPathIfNecessary(DataSource.scala:575)
		at org.apache.spark.sql.execution.datasources.DataSource.resolveRelation(DataSource.scala:419)
		at org.apache.spark.sql.catalyst.analysis.ResolveDataSource.org$apache$spark$sql$catalyst$analysis$ResolveDataSource$$loadV1BatchSource(ResolveDataSource.scala:143)
		at org.apache.spark.sql.catalyst.analysis.ResolveDataSource$$anonfun$apply$1.$anonfun$applyOrElse$2(ResolveDataSource.scala:61)
		at scala.Option.getOrElse(Option.scala:201)
		at org.apache.spark.sql.catalyst.analysis.ResolveDataSource$$anonfun$apply$1.applyOrElse(ResolveDataSource.scala:61)
		at org.apache.spark.sql.catalyst.analysis.ResolveDataSource$$anonfun$apply$1.applyOrElse(ResolveDataSource.scala:45)
		at org.apache.spark.sql.catalyst.plans.logical.AnalysisHelper.$anonfun$resolveOperatorsUpWithPruning$3(AnalysisHelper.scala:139)
		at org.apache.spark.sql.catalyst.trees.CurrentOrigin$.withOrigin(origin.scala:86)
		at org.apache.spark.sql.catalyst.plans.logical.AnalysisHelper.$anonfun$resolveOperatorsUpWithPruning$1(AnalysisHelper.scala:139)
		at org.apache.spark.sql.catalyst.plans.logical.AnalysisHelper$.allowInvokingTransformsInAnalyzer(AnalysisHelper.scala:416)
		at org.apache.spark.sql.catalyst.plans.logical.AnalysisHelper.resolveOperatorsUpWithPruning(AnalysisHelper.scala:135)
		at org.apache.spark.sql.catalyst.plans.logical.AnalysisHelper.resolveOperatorsUpWithPruning$(AnalysisHelper.scala:131)
		at org.apache.spark.sql.catalyst.plans.logical.LogicalPlan.resolveOperatorsUpWithPruning(LogicalPlan.scala:37)
		at org.apache.spark.sql.catalyst.plans.logical.AnalysisHelper.resolveOperatorsUp(AnalysisHelper.scala:112)
		at org.apache.spark.sql.catalyst.plans.logical.AnalysisHelper.resolveOperatorsUp$(AnalysisHelper.scala:111)
		at org.apache.spark.sql.catalyst.plans.logical.LogicalPlan.resolveOperatorsUp(LogicalPlan.scala:37)
		at org.apache.spark.sql.catalyst.analysis.ResolveDataSource.apply(ResolveDataSource.scala:45)
		at org.apache.spark.sql.catalyst.analysis.ResolveDataSource.apply(ResolveDataSource.scala:43)
		at org.apache.spark.sql.catalyst.rules.RuleExecutor.$anonfun$execute$2(RuleExecutor.scala:242)
		at scala.collection.LinearSeqOps.foldLeft(LinearSeq.scala:183)
		at scala.collection.LinearSeqOps.foldLeft$(LinearSeq.scala:179)
		at scala.collection.immutable.List.foldLeft(List.scala:79)
		at org.apache.spark.sql.catalyst.rules.RuleExecutor.$anonfun$execute$1(RuleExecutor.scala:239)
		at org.apache.spark.sql.catalyst.rules.RuleExecutor.$anonfun$execute$1$adapted(RuleExecutor.scala:231)
		at scala.collection.immutable.List.foreach(List.scala:334)
		at org.apache.spark.sql.catalyst.rules.RuleExecutor.execute(RuleExecutor.scala:231)
		at org.apache.spark.sql.catalyst.analysis.Analyzer.org$apache$spark$sql$catalyst$analysis$Analyzer$$executeSameContext(Analyzer.scala:340)
		at org.apache.spark.sql.catalyst.analysis.Analyzer.$anonfun$execute$1(Analyzer.scala:336)
		at org.apache.spark.sql.catalyst.analysis.AnalysisContext$.withNewAnalysisContext(Analyzer.scala:234)
		at org.apache.spark.sql.catalyst.analysis.Analyzer.execute(Analyzer.scala:336)
		at org.apache.spark.sql.catalyst.analysis.Analyzer.execute(Analyzer.scala:299)
		at org.apache.spark.sql.catalyst.rules.RuleExecutor.$anonfun$executeAndTrack$1(RuleExecutor.scala:201)
		at org.apache.spark.sql.catalyst.QueryPlanningTracker$.withTracker(QueryPlanningTracker.scala:89)
		at org.apache.spark.sql.catalyst.rules.RuleExecutor.executeAndTrack(RuleExecutor.scala:201)
		at org.apache.spark.sql.catalyst.analysis.resolver.HybridAnalyzer.resolveInFixedPoint(HybridAnalyzer.scala:190)
		at org.apache.spark.sql.catalyst.analysis.resolver.HybridAnalyzer.$anonfun$apply$1(HybridAnalyzer.scala:76)
		at org.apache.spark.sql.catalyst.analysis.resolver.HybridAnalyzer.withTrackedAnalyzerBridgeState(HybridAnalyzer.scala:111)
		at org.apache.spark.sql.catalyst.analysis.resolver.HybridAnalyzer.apply(HybridAnalyzer.scala:71)
		at org.apache.spark.sql.catalyst.analysis.Analyzer.$anonfun$executeAndCheck$1(Analyzer.scala:330)
		at org.apache.spark.sql.catalyst.plans.logical.AnalysisHelper$.markInAnalyzer(AnalysisHelper.scala:423)
		at org.apache.spark.sql.catalyst.analysis.Analyzer.executeAndCheck(Analyzer.scala:330)
		at org.apache.spark.sql.execution.QueryExecution.$anonfun$lazyAnalyzed$2(QueryExecution.scala:110)
		at org.apache.spark.sql.catalyst.QueryPlanningTracker.measurePhase(QueryPlanningTracker.scala:148)
		at org.apache.spark.sql.execution.QueryExecution.$anonfun$executePhase$2(QueryExecution.scala:278)
		at org.apache.spark.sql.execution.QueryExecution$.withInternalError(QueryExecution.scala:654)
		at org.apache.spark.sql.execution.QueryExecution.$anonfun$executePhase$1(QueryExecution.scala:278)
		at org.apache.spark.sql.SparkSession.withActive(SparkSession.scala:804)
		at org.apache.spark.sql.execution.QueryExecution.executePhase(QueryExecution.scala:277)
		at org.apache.spark.sql.execution.QueryExecution.$anonfun$lazyAnalyzed$1(QueryExecution.scala:110)
		at scala.util.Try$.apply(Try.scala:217)
		at org.apache.spark.util.Utils$.doTryWithCallerStacktrace(Utils.scala:1378)
		at org.apache.spark.util.LazyTry.tryT$lzycompute(LazyTry.scala:46)
		at org.apache.spark.util.LazyTry.tryT(LazyTry.scala:46)
		... 22 more
Caused by: java.lang.ClassNotFoundException: Class org.apache.hadoop.fs.s3a.S3AFileSystem not found
	at org.apache.hadoop.conf.Configuration.getClassByName(Configuration.java:2641)
	at org.apache.hadoop.conf.Configuration.getClass(Configuration.java:2735)
	at org.apache.hadoop.fs.FileSystem.getFileSystemClass(FileSystem.java:3569)
	at org.apache.hadoop.fs.FileSystem.createFileSystem(FileSystem.java:3612)
	at org.apache.hadoop.fs.FileSystem.access$300(FileSystem.java:172)
	at org.apache.hadoop.fs.FileSystem$Cache.getInternal(FileSystem.java:3716)
	at org.apache.hadoop.fs.FileSystem$Cache.get(FileSystem.java:3667)
	at org.apache.hadoop.fs.FileSystem.get(FileSystem.java:557)
	at org.apache.hadoop.fs.Path.getFileSystem(Path.java:366)
	at org.apache.spark.sql.execution.datasources.DataSource$.$anonfun$checkAndGlobPathIfNecessary$1(DataSource.scala:777)
	at scala.collection.immutable.List.map(List.scala:247)
	at scala.collection.immutable.List.map(List.scala:79)
	at org.apache.spark.sql.execution.datasources.DataSource$.checkAndGlobPathIfNecessary(DataSource.scala:775)
	at org.apache.spark.sql.execution.datasources.DataSource.checkAndGlobPathIfNecessary(DataSource.scala:575)
	at org.apache.spark.sql.execution.datasources.DataSource.resolveRelation(DataSource.scala:419)
	at org.apache.spark.sql.catalyst.analysis.ResolveDataSource.org$apache$spark$sql$catalyst$analysis$ResolveDataSource$$loadV1BatchSource(ResolveDataSource.scala:143)
	at org.apache.spark.sql.catalyst.analysis.ResolveDataSource$$anonfun$apply$1.$anonfun$applyOrElse$2(ResolveDataSource.scala:61)
	at scala.Option.getOrElse(Option.scala:201)
	at org.apache.spark.sql.catalyst.analysis.ResolveDataSource$$anonfun$apply$1.applyOrElse(ResolveDataSource.scala:61)
	at org.apache.spark.sql.catalyst.analysis.ResolveDataSource$$anonfun$apply$1.applyOrElse(ResolveDataSource.scala:45)
	at org.apache.spark.sql.catalyst.plans.logical.AnalysisHelper.$anonfun$resolveOperatorsUpWithPruning$3(AnalysisHelper.scala:139)
	at org.apache.spark.sql.catalyst.trees.CurrentOrigin$.withOrigin(origin.scala:86)
	at org.apache.spark.sql.catalyst.plans.logical.AnalysisHelper.$anonfun$resolveOperatorsUpWithPruning$1(AnalysisHelper.scala:139)
	at org.apache.spark.sql.catalyst.plans.logical.AnalysisHelper$.allowInvokingTransformsInAnalyzer(AnalysisHelper.scala:416)
	at org.apache.spark.sql.catalyst.plans.logical.AnalysisHelper.resolveOperatorsUpWithPruning(AnalysisHelper.scala:135)
	at org.apache.spark.sql.catalyst.plans.logical.AnalysisHelper.resolveOperatorsUpWithPruning$(AnalysisHelper.scala:131)
	at org.apache.spark.sql.catalyst.plans.logical.LogicalPlan.resolveOperatorsUpWithPruning(LogicalPlan.scala:37)
	at org.apache.spark.sql.catalyst.plans.logical.AnalysisHelper.resolveOperatorsUp(AnalysisHelper.scala:112)
	at org.apache.spark.sql.catalyst.plans.logical.AnalysisHelper.resolveOperatorsUp$(AnalysisHelper.scala:111)
	at org.apache.spark.sql.catalyst.plans.logical.LogicalPlan.resolveOperatorsUp(LogicalPlan.scala:37)
	at org.apache.spark.sql.catalyst.analysis.ResolveDataSource.apply(ResolveDataSource.scala:45)
	at org.apache.spark.sql.catalyst.analysis.ResolveDataSource.apply(ResolveDataSource.scala:43)
	at org.apache.spark.sql.catalyst.rules.RuleExecutor.$anonfun$execute$2(RuleExecutor.scala:242)
	at scala.collection.LinearSeqOps.foldLeft(LinearSeq.scala:183)
	at scala.collection.LinearSeqOps.foldLeft$(LinearSeq.scala:179)
	at scala.collection.immutable.List.foldLeft(List.scala:79)
	at org.apache.spark.sql.catalyst.rules.RuleExecutor.$anonfun$execute$1(RuleExecutor.scala:239)
	at org.apache.spark.sql.catalyst.rules.RuleExecutor.$anonfun$execute$1$adapted(RuleExecutor.scala:231)
	at scala.collection.immutable.List.foreach(List.scala:334)
	at org.apache.spark.sql.catalyst.rules.RuleExecutor.execute(RuleExecutor.scala:231)
	at org.apache.spark.sql.catalyst.analysis.Analyzer.org$apache$spark$sql$catalyst$analysis$Analyzer$$executeSameContext(Analyzer.scala:340)
	at org.apache.spark.sql.catalyst.analysis.Analyzer.$anonfun$execute$1(Analyzer.scala:336)
	at org.apache.spark.sql.catalyst.analysis.AnalysisContext$.withNewAnalysisContext(Analyzer.scala:234)
	at org.apache.spark.sql.catalyst.analysis.Analyzer.execute(Analyzer.scala:336)
	at org.apache.spark.sql.catalyst.analysis.Analyzer.execute(Analyzer.scala:299)
	at org.apache.spark.sql.catalyst.rules.RuleExecutor.$anonfun$executeAndTrack$1(RuleExecutor.scala:201)
	at org.apache.spark.sql.catalyst.QueryPlanningTracker$.withTracker(QueryPlanningTracker.scala:89)
	at org.apache.spark.sql.catalyst.rules.RuleExecutor.executeAndTrack(RuleExecutor.scala:201)
	at org.apache.spark.sql.catalyst.analysis.resolver.HybridAnalyzer.resolveInFixedPoint(HybridAnalyzer.scala:190)
	at org.apache.spark.sql.catalyst.analysis.resolver.HybridAnalyzer.$anonfun$apply$1(HybridAnalyzer.scala:76)
	at org.apache.spark.sql.catalyst.analysis.resolver.HybridAnalyzer.withTrackedAnalyzerBridgeState(HybridAnalyzer.scala:111)
	at org.apache.spark.sql.catalyst.analysis.resolver.HybridAnalyzer.apply(HybridAnalyzer.scala:71)
	at org.apache.spark.sql.catalyst.analysis.Analyzer.$anonfun$executeAndCheck$1(Analyzer.scala:330)
	at org.apache.spark.sql.catalyst.plans.logical.AnalysisHelper$.markInAnalyzer(AnalysisHelper.scala:423)
	at org.apache.spark.sql.catalyst.analysis.Analyzer.executeAndCheck(Analyzer.scala:330)
	at org.apache.spark.sql.execution.QueryExecution.$anonfun$lazyAnalyzed$2(QueryExecution.scala:110)
	at org.apache.spark.sql.catalyst.QueryPlanningTracker.measurePhase(QueryPlanningTracker.scala:148)
	at org.apache.spark.sql.execution.QueryExecution.$anonfun$executePhase$2(QueryExecution.scala:278)
	at org.apache.spark.sql.execution.QueryExecution$.withInternalError(QueryExecution.scala:654)
	at org.apache.spark.sql.execution.QueryExecution.$anonfun$executePhase$1(QueryExecution.scala:278)
	at org.apache.spark.sql.SparkSession.withActive(SparkSession.scala:804)
	at org.apache.spark.sql.execution.QueryExecution.executePhase(QueryExecution.scala:277)
	at org.apache.spark.sql.execution.QueryExecution.$anonfun$lazyAnalyzed$1(QueryExecution.scala:110)
	at scala.util.Try$.apply(Try.scala:217)
	at org.apache.spark.util.Utils$.doTryWithCallerStacktrace(Utils.scala:1378)
	at org.apache.spark.util.LazyTry.tryT$lzycompute(LazyTry.scala:46)
	at org.apache.spark.util.LazyTry.tryT(LazyTry.scala:46)
	... 22 more
Traceback (most recent call last):
  File "/opt/airflow/dags/silver_layer_dag.py", line 142, in read_json_flex
    df = spark.read.option("multiLine", "true").option("mode", "PERMISSIVE").json(s3a_path)
         ^^^^^^^^^^^^^^^^^^^^^^^^^^^^^^^^^^^^^^^^^^^^^^^^^^^^^^^^^^^^^^^^^^^^^^^^^^^^^^^^^^
  File "/home/airflow/.local/lib/python3.12/site-packages/pyspark/sql/readwriter.py", line 468, in json
    return self._df(self._jreader.json(self._spark._sc._jvm.PythonUtils.toSeq(path)))
                    ^^^^^^^^^^^^^^^^^^^^^^^^^^^^^^^^^^^^^^^^^^^^^^^^^^^^^^^^^^^^^^^^
  File "/home/airflow/.local/lib/python3.12/site-packages/py4j/java_gateway.py", line 1362, in __call__
    return_value = get_return_value(
                   ^^^^^^^^^^^^^^^^^
  File "/home/airflow/.local/lib/python3.12/site-packages/pyspark/errors/exceptions/captured.py", line 282, in deco
    return f(*a, **kw)
           ^^^^^^^^^^^
  File "/home/airflow/.local/lib/python3.12/site-packages/py4j/protocol.py", line 327, in get_return_value
    raise Py4JJavaError(
py4j.protocol.Py4JJavaError: An error occurred while calling o52.json.
: java.lang.RuntimeException: java.lang.ClassNotFoundException: Class org.apache.hadoop.fs.s3a.S3AFileSystem not found
	at org.apache.hadoop.conf.Configuration.getClass(Configuration.java:2737)
	at org.apache.hadoop.fs.FileSystem.getFileSystemClass(FileSystem.java:3569)
	at org.apache.hadoop.fs.FileSystem.createFileSystem(FileSystem.java:3612)
	at org.apache.hadoop.fs.FileSystem.access$300(FileSystem.java:172)
	at org.apache.hadoop.fs.FileSystem$Cache.getInternal(FileSystem.java:3716)
	at org.apache.hadoop.fs.FileSystem$Cache.get(FileSystem.java:3667)
	at org.apache.hadoop.fs.FileSystem.get(FileSystem.java:557)
	at org.apache.hadoop.fs.Path.getFileSystem(Path.java:366)
	at org.apache.spark.sql.execution.datasources.DataSource$.$anonfun$checkAndGlobPathIfNecessary$1(DataSource.scala:777)
	at scala.collection.immutable.List.map(List.scala:247)
	at scala.collection.immutable.List.map(List.scala:79)
	at org.apache.spark.sql.execution.datasources.DataSource$.checkAndGlobPathIfNecessary(DataSource.scala:775)
	at org.apache.spark.sql.execution.datasources.DataSource.checkAndGlobPathIfNecessary(DataSource.scala:575)
	at org.apache.spark.sql.execution.datasources.DataSource.resolveRelation(DataSource.scala:419)
	at org.apache.spark.sql.catalyst.analysis.ResolveDataSource.org$apache$spark$sql$catalyst$analysis$ResolveDataSource$$loadV1BatchSource(ResolveDataSource.scala:143)
	at org.apache.spark.sql.catalyst.analysis.ResolveDataSource$$anonfun$apply$1.$anonfun$applyOrElse$2(ResolveDataSource.scala:61)
	at scala.Option.getOrElse(Option.scala:201)
	at org.apache.spark.sql.catalyst.analysis.ResolveDataSource$$anonfun$apply$1.applyOrElse(ResolveDataSource.scala:61)
	at org.apache.spark.sql.catalyst.analysis.ResolveDataSource$$anonfun$apply$1.applyOrElse(ResolveDataSource.scala:45)
	at org.apache.spark.sql.catalyst.plans.logical.AnalysisHelper.$anonfun$resolveOperatorsUpWithPruning$3(AnalysisHelper.scala:139)
	at org.apache.spark.sql.catalyst.trees.CurrentOrigin$.withOrigin(origin.scala:86)
	at org.apache.spark.sql.catalyst.plans.logical.AnalysisHelper.$anonfun$resolveOperatorsUpWithPruning$1(AnalysisHelper.scala:139)
	at org.apache.spark.sql.catalyst.plans.logical.AnalysisHelper$.allowInvokingTransformsInAnalyzer(AnalysisHelper.scala:416)
	at org.apache.spark.sql.catalyst.plans.logical.AnalysisHelper.resolveOperatorsUpWithPruning(AnalysisHelper.scala:135)
	at org.apache.spark.sql.catalyst.plans.logical.AnalysisHelper.resolveOperatorsUpWithPruning$(AnalysisHelper.scala:131)
	at org.apache.spark.sql.catalyst.plans.logical.LogicalPlan.resolveOperatorsUpWithPruning(LogicalPlan.scala:37)
	at org.apache.spark.sql.catalyst.plans.logical.AnalysisHelper.resolveOperatorsUp(AnalysisHelper.scala:112)
	at org.apache.spark.sql.catalyst.plans.logical.AnalysisHelper.resolveOperatorsUp$(AnalysisHelper.scala:111)
	at org.apache.spark.sql.catalyst.plans.logical.LogicalPlan.resolveOperatorsUp(LogicalPlan.scala:37)
	at org.apache.spark.sql.catalyst.analysis.ResolveDataSource.apply(ResolveDataSource.scala:45)
	at org.apache.spark.sql.catalyst.analysis.ResolveDataSource.apply(ResolveDataSource.scala:43)
	at org.apache.spark.sql.catalyst.rules.RuleExecutor.$anonfun$execute$2(RuleExecutor.scala:242)
	at scala.collection.LinearSeqOps.foldLeft(LinearSeq.scala:183)
	at scala.collection.LinearSeqOps.foldLeft$(LinearSeq.scala:179)
	at scala.collection.immutable.List.foldLeft(List.scala:79)
	at org.apache.spark.sql.catalyst.rules.RuleExecutor.$anonfun$execute$1(RuleExecutor.scala:239)
	at org.apache.spark.sql.catalyst.rules.RuleExecutor.$anonfun$execute$1$adapted(RuleExecutor.scala:231)
	at scala.collection.immutable.List.foreach(List.scala:334)
	at org.apache.spark.sql.catalyst.rules.RuleExecutor.execute(RuleExecutor.scala:231)
	at org.apache.spark.sql.catalyst.analysis.Analyzer.org$apache$spark$sql$catalyst$analysis$Analyzer$$executeSameContext(Analyzer.scala:340)
	at org.apache.spark.sql.catalyst.analysis.Analyzer.$anonfun$execute$1(Analyzer.scala:336)
	at org.apache.spark.sql.catalyst.analysis.AnalysisContext$.withNewAnalysisContext(Analyzer.scala:234)
	at org.apache.spark.sql.catalyst.analysis.Analyzer.execute(Analyzer.scala:336)
	at org.apache.spark.sql.catalyst.analysis.Analyzer.execute(Analyzer.scala:299)
	at org.apache.spark.sql.catalyst.rules.RuleExecutor.$anonfun$executeAndTrack$1(RuleExecutor.scala:201)
	at org.apache.spark.sql.catalyst.QueryPlanningTracker$.withTracker(QueryPlanningTracker.scala:89)
	at org.apache.spark.sql.catalyst.rules.RuleExecutor.executeAndTrack(RuleExecutor.scala:201)
	at org.apache.spark.sql.catalyst.analysis.resolver.HybridAnalyzer.resolveInFixedPoint(HybridAnalyzer.scala:190)
	at org.apache.spark.sql.catalyst.analysis.resolver.HybridAnalyzer.$anonfun$apply$1(HybridAnalyzer.scala:76)
	at org.apache.spark.sql.catalyst.analysis.resolver.HybridAnalyzer.withTrackedAnalyzerBridgeState(HybridAnalyzer.scala:111)
	at org.apache.spark.sql.catalyst.analysis.resolver.HybridAnalyzer.apply(HybridAnalyzer.scala:71)
	at org.apache.spark.sql.catalyst.analysis.Analyzer.$anonfun$executeAndCheck$1(Analyzer.scala:330)
	at org.apache.spark.sql.catalyst.plans.logical.AnalysisHelper$.markInAnalyzer(AnalysisHelper.scala:423)
	at org.apache.spark.sql.catalyst.analysis.Analyzer.executeAndCheck(Analyzer.scala:330)
	at org.apache.spark.sql.execution.QueryExecution.$anonfun$lazyAnalyzed$2(QueryExecution.scala:110)
	at org.apache.spark.sql.catalyst.QueryPlanningTracker.measurePhase(QueryPlanningTracker.scala:148)
	at org.apache.spark.sql.execution.QueryExecution.$anonfun$executePhase$2(QueryExecution.scala:278)
	at org.apache.spark.sql.execution.QueryExecution$.withInternalError(QueryExecution.scala:654)
	at org.apache.spark.sql.execution.QueryExecution.$anonfun$executePhase$1(QueryExecution.scala:278)
	at org.apache.spark.sql.SparkSession.withActive(SparkSession.scala:804)
	at org.apache.spark.sql.execution.QueryExecution.executePhase(QueryExecution.scala:277)
	at org.apache.spark.sql.execution.QueryExecution.$anonfun$lazyAnalyzed$1(QueryExecution.scala:110)
	at scala.util.Try$.apply(Try.scala:217)
	at org.apache.spark.util.Utils$.doTryWithCallerStacktrace(Utils.scala:1378)
	at org.apache.spark.util.Utils$.getTryWithCallerStacktrace(Utils.scala:1439)
	at org.apache.spark.util.LazyTry.get(LazyTry.scala:58)
	at org.apache.spark.sql.execution.QueryExecution.analyzed(QueryExecution.scala:121)
	at org.apache.spark.sql.execution.QueryExecution.assertAnalyzed(QueryExecution.scala:80)
	at org.apache.spark.sql.classic.Dataset$.$anonfun$ofRows$1(Dataset.scala:115)
	at org.apache.spark.sql.SparkSession.withActive(SparkSession.scala:804)
	at org.apache.spark.sql.classic.Dataset$.ofRows(Dataset.scala:113)
	at org.apache.spark.sql.classic.DataFrameReader.load(DataFrameReader.scala:109)
	at org.apache.spark.sql.classic.DataFrameReader.load(DataFrameReader.scala:58)
	at org.apache.spark.sql.DataFrameReader.json(DataFrameReader.scala:296)
	at org.apache.spark.sql.classic.DataFrameReader.json(DataFrameReader.scala:150)
	at java.base/jdk.internal.reflect.NativeMethodAccessorImpl.invoke0(Native Method)
	at java.base/jdk.internal.reflect.NativeMethodAccessorImpl.invoke(NativeMethodAccessorImpl.java:77)
	at java.base/jdk.internal.reflect.DelegatingMethodAccessorImpl.invoke(DelegatingMethodAccessorImpl.java:43)
	at java.base/java.lang.reflect.Method.invoke(Method.java:569)
	at py4j.reflection.MethodInvoker.invoke(MethodInvoker.java:244)
	at py4j.reflection.ReflectionEngine.invoke(ReflectionEngine.java:374)
	at py4j.Gateway.invoke(Gateway.java:282)
	at py4j.commands.AbstractCommand.invokeMethod(AbstractCommand.java:132)
	at py4j.commands.CallCommand.execute(CallCommand.java:79)
	at py4j.ClientServerConnection.waitForCommands(ClientServerConnection.java:184)
	at py4j.ClientServerConnection.run(ClientServerConnection.java:108)
	at java.base/java.lang.Thread.run(Thread.java:840)
	Suppressed: org.apache.spark.util.Utils$OriginalTryStackTraceException: Full stacktrace of original doTryWithCallerStacktrace caller
		at org.apache.hadoop.conf.Configuration.getClass(Configuration.java:2737)
		at org.apache.hadoop.fs.FileSystem.getFileSystemClass(FileSystem.java:3569)
		at org.apache.hadoop.fs.FileSystem.createFileSystem(FileSystem.java:3612)
		at org.apache.hadoop.fs.FileSystem.access$300(FileSystem.java:172)
		at org.apache.hadoop.fs.FileSystem$Cache.getInternal(FileSystem.java:3716)
		at org.apache.hadoop.fs.FileSystem$Cache.get(FileSystem.java:3667)
		at org.apache.hadoop.fs.FileSystem.get(FileSystem.java:557)
		at org.apache.hadoop.fs.Path.getFileSystem(Path.java:366)
		at org.apache.spark.sql.execution.datasources.DataSource$.$anonfun$checkAndGlobPathIfNecessary$1(DataSource.scala:777)
		at scala.collection.immutable.List.map(List.scala:247)
		at scala.collection.immutable.List.map(List.scala:79)
		at org.apache.spark.sql.execution.datasources.DataSource$.checkAndGlobPathIfNecessary(DataSource.scala:775)
		at org.apache.spark.sql.execution.datasources.DataSource.checkAndGlobPathIfNecessary(DataSource.scala:575)
		at org.apache.spark.sql.execution.datasources.DataSource.resolveRelation(DataSource.scala:419)
		at org.apache.spark.sql.catalyst.analysis.ResolveDataSource.org$apache$spark$sql$catalyst$analysis$ResolveDataSource$$loadV1BatchSource(ResolveDataSource.scala:143)
		at org.apache.spark.sql.catalyst.analysis.ResolveDataSource$$anonfun$apply$1.$anonfun$applyOrElse$2(ResolveDataSource.scala:61)
		at scala.Option.getOrElse(Option.scala:201)
		at org.apache.spark.sql.catalyst.analysis.ResolveDataSource$$anonfun$apply$1.applyOrElse(ResolveDataSource.scala:61)
		at org.apache.spark.sql.catalyst.analysis.ResolveDataSource$$anonfun$apply$1.applyOrElse(ResolveDataSource.scala:45)
		at org.apache.spark.sql.catalyst.plans.logical.AnalysisHelper.$anonfun$resolveOperatorsUpWithPruning$3(AnalysisHelper.scala:139)
		at org.apache.spark.sql.catalyst.trees.CurrentOrigin$.withOrigin(origin.scala:86)
		at org.apache.spark.sql.catalyst.plans.logical.AnalysisHelper.$anonfun$resolveOperatorsUpWithPruning$1(AnalysisHelper.scala:139)
		at org.apache.spark.sql.catalyst.plans.logical.AnalysisHelper$.allowInvokingTransformsInAnalyzer(AnalysisHelper.scala:416)
		at org.apache.spark.sql.catalyst.plans.logical.AnalysisHelper.resolveOperatorsUpWithPruning(AnalysisHelper.scala:135)
		at org.apache.spark.sql.catalyst.plans.logical.AnalysisHelper.resolveOperatorsUpWithPruning$(AnalysisHelper.scala:131)
		at org.apache.spark.sql.catalyst.plans.logical.LogicalPlan.resolveOperatorsUpWithPruning(LogicalPlan.scala:37)
		at org.apache.spark.sql.catalyst.plans.logical.AnalysisHelper.resolveOperatorsUp(AnalysisHelper.scala:112)
		at org.apache.spark.sql.catalyst.plans.logical.AnalysisHelper.resolveOperatorsUp$(AnalysisHelper.scala:111)
		at org.apache.spark.sql.catalyst.plans.logical.LogicalPlan.resolveOperatorsUp(LogicalPlan.scala:37)
		at org.apache.spark.sql.catalyst.analysis.ResolveDataSource.apply(ResolveDataSource.scala:45)
		at org.apache.spark.sql.catalyst.analysis.ResolveDataSource.apply(ResolveDataSource.scala:43)
		at org.apache.spark.sql.catalyst.rules.RuleExecutor.$anonfun$execute$2(RuleExecutor.scala:242)
		at scala.collection.LinearSeqOps.foldLeft(LinearSeq.scala:183)
		at scala.collection.LinearSeqOps.foldLeft$(LinearSeq.scala:179)
		at scala.collection.immutable.List.foldLeft(List.scala:79)
		at org.apache.spark.sql.catalyst.rules.RuleExecutor.$anonfun$execute$1(RuleExecutor.scala:239)
		at org.apache.spark.sql.catalyst.rules.RuleExecutor.$anonfun$execute$1$adapted(RuleExecutor.scala:231)
		at scala.collection.immutable.List.foreach(List.scala:334)
		at org.apache.spark.sql.catalyst.rules.RuleExecutor.execute(RuleExecutor.scala:231)
		at org.apache.spark.sql.catalyst.analysis.Analyzer.org$apache$spark$sql$catalyst$analysis$Analyzer$$executeSameContext(Analyzer.scala:340)
		at org.apache.spark.sql.catalyst.analysis.Analyzer.$anonfun$execute$1(Analyzer.scala:336)
		at org.apache.spark.sql.catalyst.analysis.AnalysisContext$.withNewAnalysisContext(Analyzer.scala:234)
		at org.apache.spark.sql.catalyst.analysis.Analyzer.execute(Analyzer.scala:336)
		at org.apache.spark.sql.catalyst.analysis.Analyzer.execute(Analyzer.scala:299)
		at org.apache.spark.sql.catalyst.rules.RuleExecutor.$anonfun$executeAndTrack$1(RuleExecutor.scala:201)
		at org.apache.spark.sql.catalyst.QueryPlanningTracker$.withTracker(QueryPlanningTracker.scala:89)
		at org.apache.spark.sql.catalyst.rules.RuleExecutor.executeAndTrack(RuleExecutor.scala:201)
		at org.apache.spark.sql.catalyst.analysis.resolver.HybridAnalyzer.resolveInFixedPoint(HybridAnalyzer.scala:190)
		at org.apache.spark.sql.catalyst.analysis.resolver.HybridAnalyzer.$anonfun$apply$1(HybridAnalyzer.scala:76)
		at org.apache.spark.sql.catalyst.analysis.resolver.HybridAnalyzer.withTrackedAnalyzerBridgeState(HybridAnalyzer.scala:111)
		at org.apache.spark.sql.catalyst.analysis.resolver.HybridAnalyzer.apply(HybridAnalyzer.scala:71)
		at org.apache.spark.sql.catalyst.analysis.Analyzer.$anonfun$executeAndCheck$1(Analyzer.scala:330)
		at org.apache.spark.sql.catalyst.plans.logical.AnalysisHelper$.markInAnalyzer(AnalysisHelper.scala:423)
		at org.apache.spark.sql.catalyst.analysis.Analyzer.executeAndCheck(Analyzer.scala:330)
		at org.apache.spark.sql.execution.QueryExecution.$anonfun$lazyAnalyzed$2(QueryExecution.scala:110)
		at org.apache.spark.sql.catalyst.QueryPlanningTracker.measurePhase(QueryPlanningTracker.scala:148)
		at org.apache.spark.sql.execution.QueryExecution.$anonfun$executePhase$2(QueryExecution.scala:278)
		at org.apache.spark.sql.execution.QueryExecution$.withInternalError(QueryExecution.scala:654)
		at org.apache.spark.sql.execution.QueryExecution.$anonfun$executePhase$1(QueryExecution.scala:278)
		at org.apache.spark.sql.SparkSession.withActive(SparkSession.scala:804)
		at org.apache.spark.sql.execution.QueryExecution.executePhase(QueryExecution.scala:277)
		at org.apache.spark.sql.execution.QueryExecution.$anonfun$lazyAnalyzed$1(QueryExecution.scala:110)
		at scala.util.Try$.apply(Try.scala:217)
		at org.apache.spark.util.Utils$.doTryWithCallerStacktrace(Utils.scala:1378)
		at org.apache.spark.util.LazyTry.tryT$lzycompute(LazyTry.scala:46)
		at org.apache.spark.util.LazyTry.tryT(LazyTry.scala:46)
		... 22 more
Caused by: java.lang.ClassNotFoundException: Class org.apache.hadoop.fs.s3a.S3AFileSystem not found
	at org.apache.hadoop.conf.Configuration.getClassByName(Configuration.java:2641)
	at org.apache.hadoop.conf.Configuration.getClass(Configuration.java:2735)
	at org.apache.hadoop.fs.FileSystem.getFileSystemClass(FileSystem.java:3569)
	at org.apache.hadoop.fs.FileSystem.createFileSystem(FileSystem.java:3612)
	at org.apache.hadoop.fs.FileSystem.access$300(FileSystem.java:172)
	at org.apache.hadoop.fs.FileSystem$Cache.getInternal(FileSystem.java:3716)
	at org.apache.hadoop.fs.FileSystem$Cache.get(FileSystem.java:3667)
	at org.apache.hadoop.fs.FileSystem.get(FileSystem.java:557)
	at org.apache.hadoop.fs.Path.getFileSystem(Path.java:366)
	at org.apache.spark.sql.execution.datasources.DataSource$.$anonfun$checkAndGlobPathIfNecessary$1(DataSource.scala:777)
	at scala.collection.immutable.List.map(List.scala:247)
	at scala.collection.immutable.List.map(List.scala:79)
	at org.apache.spark.sql.execution.datasources.DataSource$.checkAndGlobPathIfNecessary(DataSource.scala:775)
	at org.apache.spark.sql.execution.datasources.DataSource.checkAndGlobPathIfNecessary(DataSource.scala:575)
	at org.apache.spark.sql.execution.datasources.DataSource.resolveRelation(DataSource.scala:419)
	at org.apache.spark.sql.catalyst.analysis.ResolveDataSource.org$apache$spark$sql$catalyst$analysis$ResolveDataSource$$loadV1BatchSource(ResolveDataSource.scala:143)
	at org.apache.spark.sql.catalyst.analysis.ResolveDataSource$$anonfun$apply$1.$anonfun$applyOrElse$2(ResolveDataSource.scala:61)
	at scala.Option.getOrElse(Option.scala:201)
	at org.apache.spark.sql.catalyst.analysis.ResolveDataSource$$anonfun$apply$1.applyOrElse(ResolveDataSource.scala:61)
	at org.apache.spark.sql.catalyst.analysis.ResolveDataSource$$anonfun$apply$1.applyOrElse(ResolveDataSource.scala:45)
	at org.apache.spark.sql.catalyst.plans.logical.AnalysisHelper.$anonfun$resolveOperatorsUpWithPruning$3(AnalysisHelper.scala:139)
	at org.apache.spark.sql.catalyst.trees.CurrentOrigin$.withOrigin(origin.scala:86)
	at org.apache.spark.sql.catalyst.plans.logical.AnalysisHelper.$anonfun$resolveOperatorsUpWithPruning$1(AnalysisHelper.scala:139)
	at org.apache.spark.sql.catalyst.plans.logical.AnalysisHelper$.allowInvokingTransformsInAnalyzer(AnalysisHelper.scala:416)
	at org.apache.spark.sql.catalyst.plans.logical.AnalysisHelper.resolveOperatorsUpWithPruning(AnalysisHelper.scala:135)
	at org.apache.spark.sql.catalyst.plans.logical.AnalysisHelper.resolveOperatorsUpWithPruning$(AnalysisHelper.scala:131)
	at org.apache.spark.sql.catalyst.plans.logical.LogicalPlan.resolveOperatorsUpWithPruning(LogicalPlan.scala:37)
	at org.apache.spark.sql.catalyst.plans.logical.AnalysisHelper.resolveOperatorsUp(AnalysisHelper.scala:112)
	at org.apache.spark.sql.catalyst.plans.logical.AnalysisHelper.resolveOperatorsUp$(AnalysisHelper.scala:111)
	at org.apache.spark.sql.catalyst.plans.logical.LogicalPlan.resolveOperatorsUp(LogicalPlan.scala:37)
	at org.apache.spark.sql.catalyst.analysis.ResolveDataSource.apply(ResolveDataSource.scala:45)
	at org.apache.spark.sql.catalyst.analysis.ResolveDataSource.apply(ResolveDataSource.scala:43)
	at org.apache.spark.sql.catalyst.rules.RuleExecutor.$anonfun$execute$2(RuleExecutor.scala:242)
	at scala.collection.LinearSeqOps.foldLeft(LinearSeq.scala:183)
	at scala.collection.LinearSeqOps.foldLeft$(LinearSeq.scala:179)
	at scala.collection.immutable.List.foldLeft(List.scala:79)
	at org.apache.spark.sql.catalyst.rules.RuleExecutor.$anonfun$execute$1(RuleExecutor.scala:239)
	at org.apache.spark.sql.catalyst.rules.RuleExecutor.$anonfun$execute$1$adapted(RuleExecutor.scala:231)
	at scala.collection.immutable.List.foreach(List.scala:334)
	at org.apache.spark.sql.catalyst.rules.RuleExecutor.execute(RuleExecutor.scala:231)
	at org.apache.spark.sql.catalyst.analysis.Analyzer.org$apache$spark$sql$catalyst$analysis$Analyzer$$executeSameContext(Analyzer.scala:340)
	at org.apache.spark.sql.catalyst.analysis.Analyzer.$anonfun$execute$1(Analyzer.scala:336)
	at org.apache.spark.sql.catalyst.analysis.AnalysisContext$.withNewAnalysisContext(Analyzer.scala:234)
	at org.apache.spark.sql.catalyst.analysis.Analyzer.execute(Analyzer.scala:336)
	at org.apache.spark.sql.catalyst.analysis.Analyzer.execute(Analyzer.scala:299)
	at org.apache.spark.sql.catalyst.rules.RuleExecutor.$anonfun$executeAndTrack$1(RuleExecutor.scala:201)
	at org.apache.spark.sql.catalyst.QueryPlanningTracker$.withTracker(QueryPlanningTracker.scala:89)
	at org.apache.spark.sql.catalyst.rules.RuleExecutor.executeAndTrack(RuleExecutor.scala:201)
	at org.apache.spark.sql.catalyst.analysis.resolver.HybridAnalyzer.resolveInFixedPoint(HybridAnalyzer.scala:190)
	at org.apache.spark.sql.catalyst.analysis.resolver.HybridAnalyzer.$anonfun$apply$1(HybridAnalyzer.scala:76)
	at org.apache.spark.sql.catalyst.analysis.resolver.HybridAnalyzer.withTrackedAnalyzerBridgeState(HybridAnalyzer.scala:111)
	at org.apache.spark.sql.catalyst.analysis.resolver.HybridAnalyzer.apply(HybridAnalyzer.scala:71)
	at org.apache.spark.sql.catalyst.analysis.Analyzer.$anonfun$executeAndCheck$1(Analyzer.scala:330)
	at org.apache.spark.sql.catalyst.plans.logical.AnalysisHelper$.markInAnalyzer(AnalysisHelper.scala:423)
	at org.apache.spark.sql.catalyst.analysis.Analyzer.executeAndCheck(Analyzer.scala:330)
	at org.apache.spark.sql.execution.QueryExecution.$anonfun$lazyAnalyzed$2(QueryExecution.scala:110)
	at org.apache.spark.sql.catalyst.QueryPlanningTracker.measurePhase(QueryPlanningTracker.scala:148)
	at org.apache.spark.sql.execution.QueryExecution.$anonfun$executePhase$2(QueryExecution.scala:278)
	at org.apache.spark.sql.execution.QueryExecution$.withInternalError(QueryExecution.scala:654)
	at org.apache.spark.sql.execution.QueryExecution.$anonfun$executePhase$1(QueryExecution.scala:278)
	at org.apache.spark.sql.SparkSession.withActive(SparkSession.scala:804)
	at org.apache.spark.sql.execution.QueryExecution.executePhase(QueryExecution.scala:277)
	at org.apache.spark.sql.execution.QueryExecution.$anonfun$lazyAnalyzed$1(QueryExecution.scala:110)
	at scala.util.Try$.apply(Try.scala:217)
	at org.apache.spark.util.Utils$.doTryWithCallerStacktrace(Utils.scala:1378)
	at org.apache.spark.util.LazyTry.tryT$lzycompute(LazyTry.scala:46)
	at org.apache.spark.util.LazyTry.tryT(LazyTry.scala:46)
	... 22 more


During handling of the above exception, another exception occurred:

Traceback (most recent call last):
  File "/opt/airflow/dags/silver_layer_dag.py", line 311, in run_silver_and_report
    api_report = process_api_products_users(minio_client, spark)
                 ^^^^^^^^^^^^^^^^^^^^^^^^^^^^^^^^^^^^^^^^^^^^^^^
  File "/opt/airflow/dags/silver_layer_dag.py", line 274, in process_api_products_users
    tmp = read_json_flex(spark, path)
          ^^^^^^^^^^^^^^^^^^^^^^^^^^^
  File "/opt/airflow/dags/silver_layer_dag.py", line 144, in read_json_flex
    df = spark.read.option("multiLine", "false").option("mode", "PERMISSIVE").json(s3a_path)
         ^^^^^^^^^^^^^^^^^^^^^^^^^^^^^^^^^^^^^^^^^^^^^^^^^^^^^^^^^^^^^^^^^^^^^^^^^^^^^^^^^^^
  File "/home/airflow/.local/lib/python3.12/site-packages/pyspark/sql/readwriter.py", line 468, in json
    return self._df(self._jreader.json(self._spark._sc._jvm.PythonUtils.toSeq(path)))
                    ^^^^^^^^^^^^^^^^^^^^^^^^^^^^^^^^^^^^^^^^^^^^^^^^^^^^^^^^^^^^^^^^
  File "/home/airflow/.local/lib/python3.12/site-packages/py4j/java_gateway.py", line 1362, in __call__
    return_value = get_return_value(
                   ^^^^^^^^^^^^^^^^^
  File "/home/airflow/.local/lib/python3.12/site-packages/pyspark/errors/exceptions/captured.py", line 282, in deco
    return f(*a, **kw)
           ^^^^^^^^^^^
  File "/home/airflow/.local/lib/python3.12/site-packages/py4j/protocol.py", line 327, in get_return_value
    raise Py4JJavaError(
py4j.protocol.Py4JJavaError: An error occurred while calling o59.json.
: java.lang.RuntimeException: java.lang.ClassNotFoundException: Class org.apache.hadoop.fs.s3a.S3AFileSystem not found
	at org.apache.hadoop.conf.Configuration.getClass(Configuration.java:2737)
	at org.apache.hadoop.fs.FileSystem.getFileSystemClass(FileSystem.java:3569)
	at org.apache.hadoop.fs.FileSystem.createFileSystem(FileSystem.java:3612)
	at org.apache.hadoop.fs.FileSystem.access$300(FileSystem.java:172)
	at org.apache.hadoop.fs.FileSystem$Cache.getInternal(FileSystem.java:3716)
	at org.apache.hadoop.fs.FileSystem$Cache.get(FileSystem.java:3667)
	at org.apache.hadoop.fs.FileSystem.get(FileSystem.java:557)
	at org.apache.hadoop.fs.Path.getFileSystem(Path.java:366)
	at org.apache.spark.sql.execution.datasources.DataSource$.$anonfun$checkAndGlobPathIfNecessary$1(DataSource.scala:777)
	at scala.collection.immutable.List.map(List.scala:247)
	at scala.collection.immutable.List.map(List.scala:79)
	at org.apache.spark.sql.execution.datasources.DataSource$.checkAndGlobPathIfNecessary(DataSource.scala:775)
	at org.apache.spark.sql.execution.datasources.DataSource.checkAndGlobPathIfNecessary(DataSource.scala:575)
	at org.apache.spark.sql.execution.datasources.DataSource.resolveRelation(DataSource.scala:419)
	at org.apache.spark.sql.catalyst.analysis.ResolveDataSource.org$apache$spark$sql$catalyst$analysis$ResolveDataSource$$loadV1BatchSource(ResolveDataSource.scala:143)
	at org.apache.spark.sql.catalyst.analysis.ResolveDataSource$$anonfun$apply$1.$anonfun$applyOrElse$2(ResolveDataSource.scala:61)
	at scala.Option.getOrElse(Option.scala:201)
	at org.apache.spark.sql.catalyst.analysis.ResolveDataSource$$anonfun$apply$1.applyOrElse(ResolveDataSource.scala:61)
	at org.apache.spark.sql.catalyst.analysis.ResolveDataSource$$anonfun$apply$1.applyOrElse(ResolveDataSource.scala:45)
	at org.apache.spark.sql.catalyst.plans.logical.AnalysisHelper.$anonfun$resolveOperatorsUpWithPruning$3(AnalysisHelper.scala:139)
	at org.apache.spark.sql.catalyst.trees.CurrentOrigin$.withOrigin(origin.scala:86)
	at org.apache.spark.sql.catalyst.plans.logical.AnalysisHelper.$anonfun$resolveOperatorsUpWithPruning$1(AnalysisHelper.scala:139)
	at org.apache.spark.sql.catalyst.plans.logical.AnalysisHelper$.allowInvokingTransformsInAnalyzer(AnalysisHelper.scala:416)
	at org.apache.spark.sql.catalyst.plans.logical.AnalysisHelper.resolveOperatorsUpWithPruning(AnalysisHelper.scala:135)
	at org.apache.spark.sql.catalyst.plans.logical.AnalysisHelper.resolveOperatorsUpWithPruning$(AnalysisHelper.scala:131)
	at org.apache.spark.sql.catalyst.plans.logical.LogicalPlan.resolveOperatorsUpWithPruning(LogicalPlan.scala:37)
	at org.apache.spark.sql.catalyst.plans.logical.AnalysisHelper.resolveOperatorsUp(AnalysisHelper.scala:112)
	at org.apache.spark.sql.catalyst.plans.logical.AnalysisHelper.resolveOperatorsUp$(AnalysisHelper.scala:111)
	at org.apache.spark.sql.catalyst.plans.logical.LogicalPlan.resolveOperatorsUp(LogicalPlan.scala:37)
	at org.apache.spark.sql.catalyst.analysis.ResolveDataSource.apply(ResolveDataSource.scala:45)
	at org.apache.spark.sql.catalyst.analysis.ResolveDataSource.apply(ResolveDataSource.scala:43)
	at org.apache.spark.sql.catalyst.rules.RuleExecutor.$anonfun$execute$2(RuleExecutor.scala:242)
	at scala.collection.LinearSeqOps.foldLeft(LinearSeq.scala:183)
	at scala.collection.LinearSeqOps.foldLeft$(LinearSeq.scala:179)
	at scala.collection.immutable.List.foldLeft(List.scala:79)
	at org.apache.spark.sql.catalyst.rules.RuleExecutor.$anonfun$execute$1(RuleExecutor.scala:239)
	at org.apache.spark.sql.catalyst.rules.RuleExecutor.$anonfun$execute$1$adapted(RuleExecutor.scala:231)
	at scala.collection.immutable.List.foreach(List.scala:334)
	at org.apache.spark.sql.catalyst.rules.RuleExecutor.execute(RuleExecutor.scala:231)
	at org.apache.spark.sql.catalyst.analysis.Analyzer.org$apache$spark$sql$catalyst$analysis$Analyzer$$executeSameContext(Analyzer.scala:340)
	at org.apache.spark.sql.catalyst.analysis.Analyzer.$anonfun$execute$1(Analyzer.scala:336)
	at org.apache.spark.sql.catalyst.analysis.AnalysisContext$.withNewAnalysisContext(Analyzer.scala:234)
	at org.apache.spark.sql.catalyst.analysis.Analyzer.execute(Analyzer.scala:336)
	at org.apache.spark.sql.catalyst.analysis.Analyzer.execute(Analyzer.scala:299)
	at org.apache.spark.sql.catalyst.rules.RuleExecutor.$anonfun$executeAndTrack$1(RuleExecutor.scala:201)
	at org.apache.spark.sql.catalyst.QueryPlanningTracker$.withTracker(QueryPlanningTracker.scala:89)
	at org.apache.spark.sql.catalyst.rules.RuleExecutor.executeAndTrack(RuleExecutor.scala:201)
	at org.apache.spark.sql.catalyst.analysis.resolver.HybridAnalyzer.resolveInFixedPoint(HybridAnalyzer.scala:190)
	at org.apache.spark.sql.catalyst.analysis.resolver.HybridAnalyzer.$anonfun$apply$1(HybridAnalyzer.scala:76)
	at org.apache.spark.sql.catalyst.analysis.resolver.HybridAnalyzer.withTrackedAnalyzerBridgeState(HybridAnalyzer.scala:111)
	at org.apache.spark.sql.catalyst.analysis.resolver.HybridAnalyzer.apply(HybridAnalyzer.scala:71)
	at org.apache.spark.sql.catalyst.analysis.Analyzer.$anonfun$executeAndCheck$1(Analyzer.scala:330)
	at org.apache.spark.sql.catalyst.plans.logical.AnalysisHelper$.markInAnalyzer(AnalysisHelper.scala:423)
	at org.apache.spark.sql.catalyst.analysis.Analyzer.executeAndCheck(Analyzer.scala:330)
	at org.apache.spark.sql.execution.QueryExecution.$anonfun$lazyAnalyzed$2(QueryExecution.scala:110)
	at org.apache.spark.sql.catalyst.QueryPlanningTracker.measurePhase(QueryPlanningTracker.scala:148)
	at org.apache.spark.sql.execution.QueryExecution.$anonfun$executePhase$2(QueryExecution.scala:278)
	at org.apache.spark.sql.execution.QueryExecution$.withInternalError(QueryExecution.scala:654)
	at org.apache.spark.sql.execution.QueryExecution.$anonfun$executePhase$1(QueryExecution.scala:278)
	at org.apache.spark.sql.SparkSession.withActive(SparkSession.scala:804)
	at org.apache.spark.sql.execution.QueryExecution.executePhase(QueryExecution.scala:277)
	at org.apache.spark.sql.execution.QueryExecution.$anonfun$lazyAnalyzed$1(QueryExecution.scala:110)
	at scala.util.Try$.apply(Try.scala:217)
	at org.apache.spark.util.Utils$.doTryWithCallerStacktrace(Utils.scala:1378)
	at org.apache.spark.util.Utils$.getTryWithCallerStacktrace(Utils.scala:1439)
	at org.apache.spark.util.LazyTry.get(LazyTry.scala:58)
	at org.apache.spark.sql.execution.QueryExecution.analyzed(QueryExecution.scala:121)
	at org.apache.spark.sql.execution.QueryExecution.assertAnalyzed(QueryExecution.scala:80)
	at org.apache.spark.sql.classic.Dataset$.$anonfun$ofRows$1(Dataset.scala:115)
	at org.apache.spark.sql.SparkSession.withActive(SparkSession.scala:804)
	at org.apache.spark.sql.classic.Dataset$.ofRows(Dataset.scala:113)
	at org.apache.spark.sql.classic.DataFrameReader.load(DataFrameReader.scala:109)
	at org.apache.spark.sql.classic.DataFrameReader.load(DataFrameReader.scala:58)
	at org.apache.spark.sql.DataFrameReader.json(DataFrameReader.scala:296)
	at org.apache.spark.sql.classic.DataFrameReader.json(DataFrameReader.scala:150)
	at java.base/jdk.internal.reflect.NativeMethodAccessorImpl.invoke0(Native Method)
	at java.base/jdk.internal.reflect.NativeMethodAccessorImpl.invoke(NativeMethodAccessorImpl.java:77)
	at java.base/jdk.internal.reflect.DelegatingMethodAccessorImpl.invoke(DelegatingMethodAccessorImpl.java:43)
	at java.base/java.lang.reflect.Method.invoke(Method.java:569)
	at py4j.reflection.MethodInvoker.invoke(MethodInvoker.java:244)
	at py4j.reflection.ReflectionEngine.invoke(ReflectionEngine.java:374)
	at py4j.Gateway.invoke(Gateway.java:282)
	at py4j.commands.AbstractCommand.invokeMethod(AbstractCommand.java:132)
	at py4j.commands.CallCommand.execute(CallCommand.java:79)
	at py4j.ClientServerConnection.waitForCommands(ClientServerConnection.java:184)
	at py4j.ClientServerConnection.run(ClientServerConnection.java:108)
	at java.base/java.lang.Thread.run(Thread.java:840)
	Suppressed: org.apache.spark.util.Utils$OriginalTryStackTraceException: Full stacktrace of original doTryWithCallerStacktrace caller
		at org.apache.hadoop.conf.Configuration.getClass(Configuration.java:2737)
		at org.apache.hadoop.fs.FileSystem.getFileSystemClass(FileSystem.java:3569)
		at org.apache.hadoop.fs.FileSystem.createFileSystem(FileSystem.java:3612)
		at org.apache.hadoop.fs.FileSystem.access$300(FileSystem.java:172)
		at org.apache.hadoop.fs.FileSystem$Cache.getInternal(FileSystem.java:3716)
		at org.apache.hadoop.fs.FileSystem$Cache.get(FileSystem.java:3667)
		at org.apache.hadoop.fs.FileSystem.get(FileSystem.java:557)
		at org.apache.hadoop.fs.Path.getFileSystem(Path.java:366)
		at org.apache.spark.sql.execution.datasources.DataSource$.$anonfun$checkAndGlobPathIfNecessary$1(DataSource.scala:777)
		at scala.collection.immutable.List.map(List.scala:247)
		at scala.collection.immutable.List.map(List.scala:79)
		at org.apache.spark.sql.execution.datasources.DataSource$.checkAndGlobPathIfNecessary(DataSource.scala:775)
		at org.apache.spark.sql.execution.datasources.DataSource.checkAndGlobPathIfNecessary(DataSource.scala:575)
		at org.apache.spark.sql.execution.datasources.DataSource.resolveRelation(DataSource.scala:419)
		at org.apache.spark.sql.catalyst.analysis.ResolveDataSource.org$apache$spark$sql$catalyst$analysis$ResolveDataSource$$loadV1BatchSource(ResolveDataSource.scala:143)
		at org.apache.spark.sql.catalyst.analysis.ResolveDataSource$$anonfun$apply$1.$anonfun$applyOrElse$2(ResolveDataSource.scala:61)
		at scala.Option.getOrElse(Option.scala:201)
		at org.apache.spark.sql.catalyst.analysis.ResolveDataSource$$anonfun$apply$1.applyOrElse(ResolveDataSource.scala:61)
		at org.apache.spark.sql.catalyst.analysis.ResolveDataSource$$anonfun$apply$1.applyOrElse(ResolveDataSource.scala:45)
		at org.apache.spark.sql.catalyst.plans.logical.AnalysisHelper.$anonfun$resolveOperatorsUpWithPruning$3(AnalysisHelper.scala:139)
		at org.apache.spark.sql.catalyst.trees.CurrentOrigin$.withOrigin(origin.scala:86)
		at org.apache.spark.sql.catalyst.plans.logical.AnalysisHelper.$anonfun$resolveOperatorsUpWithPruning$1(AnalysisHelper.scala:139)
		at org.apache.spark.sql.catalyst.plans.logical.AnalysisHelper$.allowInvokingTransformsInAnalyzer(AnalysisHelper.scala:416)
		at org.apache.spark.sql.catalyst.plans.logical.AnalysisHelper.resolveOperatorsUpWithPruning(AnalysisHelper.scala:135)
		at org.apache.spark.sql.catalyst.plans.logical.AnalysisHelper.resolveOperatorsUpWithPruning$(AnalysisHelper.scala:131)
		at org.apache.spark.sql.catalyst.plans.logical.LogicalPlan.resolveOperatorsUpWithPruning(LogicalPlan.scala:37)
		at org.apache.spark.sql.catalyst.plans.logical.AnalysisHelper.resolveOperatorsUp(AnalysisHelper.scala:112)
		at org.apache.spark.sql.catalyst.plans.logical.AnalysisHelper.resolveOperatorsUp$(AnalysisHelper.scala:111)
		at org.apache.spark.sql.catalyst.plans.logical.LogicalPlan.resolveOperatorsUp(LogicalPlan.scala:37)
		at org.apache.spark.sql.catalyst.analysis.ResolveDataSource.apply(ResolveDataSource.scala:45)
		at org.apache.spark.sql.catalyst.analysis.ResolveDataSource.apply(ResolveDataSource.scala:43)
		at org.apache.spark.sql.catalyst.rules.RuleExecutor.$anonfun$execute$2(RuleExecutor.scala:242)
		at scala.collection.LinearSeqOps.foldLeft(LinearSeq.scala:183)
		at scala.collection.LinearSeqOps.foldLeft$(LinearSeq.scala:179)
		at scala.collection.immutable.List.foldLeft(List.scala:79)
		at org.apache.spark.sql.catalyst.rules.RuleExecutor.$anonfun$execute$1(RuleExecutor.scala:239)
		at org.apache.spark.sql.catalyst.rules.RuleExecutor.$anonfun$execute$1$adapted(RuleExecutor.scala:231)
		at scala.collection.immutable.List.foreach(List.scala:334)
		at org.apache.spark.sql.catalyst.rules.RuleExecutor.execute(RuleExecutor.scala:231)
		at org.apache.spark.sql.catalyst.analysis.Analyzer.org$apache$spark$sql$catalyst$analysis$Analyzer$$executeSameContext(Analyzer.scala:340)
		at org.apache.spark.sql.catalyst.analysis.Analyzer.$anonfun$execute$1(Analyzer.scala:336)
		at org.apache.spark.sql.catalyst.analysis.AnalysisContext$.withNewAnalysisContext(Analyzer.scala:234)
		at org.apache.spark.sql.catalyst.analysis.Analyzer.execute(Analyzer.scala:336)
		at org.apache.spark.sql.catalyst.analysis.Analyzer.execute(Analyzer.scala:299)
		at org.apache.spark.sql.catalyst.rules.RuleExecutor.$anonfun$executeAndTrack$1(RuleExecutor.scala:201)
		at org.apache.spark.sql.catalyst.QueryPlanningTracker$.withTracker(QueryPlanningTracker.scala:89)
		at org.apache.spark.sql.catalyst.rules.RuleExecutor.executeAndTrack(RuleExecutor.scala:201)
		at org.apache.spark.sql.catalyst.analysis.resolver.HybridAnalyzer.resolveInFixedPoint(HybridAnalyzer.scala:190)
		at org.apache.spark.sql.catalyst.analysis.resolver.HybridAnalyzer.$anonfun$apply$1(HybridAnalyzer.scala:76)
		at org.apache.spark.sql.catalyst.analysis.resolver.HybridAnalyzer.withTrackedAnalyzerBridgeState(HybridAnalyzer.scala:111)
		at org.apache.spark.sql.catalyst.analysis.resolver.HybridAnalyzer.apply(HybridAnalyzer.scala:71)
		at org.apache.spark.sql.catalyst.analysis.Analyzer.$anonfun$executeAndCheck$1(Analyzer.scala:330)
		at org.apache.spark.sql.catalyst.plans.logical.AnalysisHelper$.markInAnalyzer(AnalysisHelper.scala:423)
		at org.apache.spark.sql.catalyst.analysis.Analyzer.executeAndCheck(Analyzer.scala:330)
		at org.apache.spark.sql.execution.QueryExecution.$anonfun$lazyAnalyzed$2(QueryExecution.scala:110)
		at org.apache.spark.sql.catalyst.QueryPlanningTracker.measurePhase(QueryPlanningTracker.scala:148)
		at org.apache.spark.sql.execution.QueryExecution.$anonfun$executePhase$2(QueryExecution.scala:278)
		at org.apache.spark.sql.execution.QueryExecution$.withInternalError(QueryExecution.scala:654)
		at org.apache.spark.sql.execution.QueryExecution.$anonfun$executePhase$1(QueryExecution.scala:278)
		at org.apache.spark.sql.SparkSession.withActive(SparkSession.scala:804)
		at org.apache.spark.sql.execution.QueryExecution.executePhase(QueryExecution.scala:277)
		at org.apache.spark.sql.execution.QueryExecution.$anonfun$lazyAnalyzed$1(QueryExecution.scala:110)
		at scala.util.Try$.apply(Try.scala:217)
		at org.apache.spark.util.Utils$.doTryWithCallerStacktrace(Utils.scala:1378)
		at org.apache.spark.util.LazyTry.tryT$lzycompute(LazyTry.scala:46)
		at org.apache.spark.util.LazyTry.tryT(LazyTry.scala:46)
		... 22 more
Caused by: java.lang.ClassNotFoundException: Class org.apache.hadoop.fs.s3a.S3AFileSystem not found
	at org.apache.hadoop.conf.Configuration.getClassByName(Configuration.java:2641)
	at org.apache.hadoop.conf.Configuration.getClass(Configuration.java:2735)
	at org.apache.hadoop.fs.FileSystem.getFileSystemClass(FileSystem.java:3569)
	at org.apache.hadoop.fs.FileSystem.createFileSystem(FileSystem.java:3612)
	at org.apache.hadoop.fs.FileSystem.access$300(FileSystem.java:172)
	at org.apache.hadoop.fs.FileSystem$Cache.getInternal(FileSystem.java:3716)
	at org.apache.hadoop.fs.FileSystem$Cache.get(FileSystem.java:3667)
	at org.apache.hadoop.fs.FileSystem.get(FileSystem.java:557)
	at org.apache.hadoop.fs.Path.getFileSystem(Path.java:366)
	at org.apache.spark.sql.execution.datasources.DataSource$.$anonfun$checkAndGlobPathIfNecessary$1(DataSource.scala:777)
	at scala.collection.immutable.List.map(List.scala:247)
	at scala.collection.immutable.List.map(List.scala:79)
	at org.apache.spark.sql.execution.datasources.DataSource$.checkAndGlobPathIfNecessary(DataSource.scala:775)
	at org.apache.spark.sql.execution.datasources.DataSource.checkAndGlobPathIfNecessary(DataSource.scala:575)
	at org.apache.spark.sql.execution.datasources.DataSource.resolveRelation(DataSource.scala:419)
	at org.apache.spark.sql.catalyst.analysis.ResolveDataSource.org$apache$spark$sql$catalyst$analysis$ResolveDataSource$$loadV1BatchSource(ResolveDataSource.scala:143)
	at org.apache.spark.sql.catalyst.analysis.ResolveDataSource$$anonfun$apply$1.$anonfun$applyOrElse$2(ResolveDataSource.scala:61)
	at scala.Option.getOrElse(Option.scala:201)
	at org.apache.spark.sql.catalyst.analysis.ResolveDataSource$$anonfun$apply$1.applyOrElse(ResolveDataSource.scala:61)
	at org.apache.spark.sql.catalyst.analysis.ResolveDataSource$$anonfun$apply$1.applyOrElse(ResolveDataSource.scala:45)
	at org.apache.spark.sql.catalyst.plans.logical.AnalysisHelper.$anonfun$resolveOperatorsUpWithPruning$3(AnalysisHelper.scala:139)
	at org.apache.spark.sql.catalyst.trees.CurrentOrigin$.withOrigin(origin.scala:86)
	at org.apache.spark.sql.catalyst.plans.logical.AnalysisHelper.$anonfun$resolveOperatorsUpWithPruning$1(AnalysisHelper.scala:139)
	at org.apache.spark.sql.catalyst.plans.logical.AnalysisHelper$.allowInvokingTransformsInAnalyzer(AnalysisHelper.scala:416)
	at org.apache.spark.sql.catalyst.plans.logical.AnalysisHelper.resolveOperatorsUpWithPruning(AnalysisHelper.scala:135)
	at org.apache.spark.sql.catalyst.plans.logical.AnalysisHelper.resolveOperatorsUpWithPruning$(AnalysisHelper.scala:131)
	at org.apache.spark.sql.catalyst.plans.logical.LogicalPlan.resolveOperatorsUpWithPruning(LogicalPlan.scala:37)
	at org.apache.spark.sql.catalyst.plans.logical.AnalysisHelper.resolveOperatorsUp(AnalysisHelper.scala:112)
	at org.apache.spark.sql.catalyst.plans.logical.AnalysisHelper.resolveOperatorsUp$(AnalysisHelper.scala:111)
	at org.apache.spark.sql.catalyst.plans.logical.LogicalPlan.resolveOperatorsUp(LogicalPlan.scala:37)
	at org.apache.spark.sql.catalyst.analysis.ResolveDataSource.apply(ResolveDataSource.scala:45)
	at org.apache.spark.sql.catalyst.analysis.ResolveDataSource.apply(ResolveDataSource.scala:43)
	at org.apache.spark.sql.catalyst.rules.RuleExecutor.$anonfun$execute$2(RuleExecutor.scala:242)
	at scala.collection.LinearSeqOps.foldLeft(LinearSeq.scala:183)
	at scala.collection.LinearSeqOps.foldLeft$(LinearSeq.scala:179)
	at scala.collection.immutable.List.foldLeft(List.scala:79)
	at org.apache.spark.sql.catalyst.rules.RuleExecutor.$anonfun$execute$1(RuleExecutor.scala:239)
	at org.apache.spark.sql.catalyst.rules.RuleExecutor.$anonfun$execute$1$adapted(RuleExecutor.scala:231)
	at scala.collection.immutable.List.foreach(List.scala:334)
	at org.apache.spark.sql.catalyst.rules.RuleExecutor.execute(RuleExecutor.scala:231)
	at org.apache.spark.sql.catalyst.analysis.Analyzer.org$apache$spark$sql$catalyst$analysis$Analyzer$$executeSameContext(Analyzer.scala:340)
	at org.apache.spark.sql.catalyst.analysis.Analyzer.$anonfun$execute$1(Analyzer.scala:336)
	at org.apache.spark.sql.catalyst.analysis.AnalysisContext$.withNewAnalysisContext(Analyzer.scala:234)
	at org.apache.spark.sql.catalyst.analysis.Analyzer.execute(Analyzer.scala:336)
	at org.apache.spark.sql.catalyst.analysis.Analyzer.execute(Analyzer.scala:299)
	at org.apache.spark.sql.catalyst.rules.RuleExecutor.$anonfun$executeAndTrack$1(RuleExecutor.scala:201)
	at org.apache.spark.sql.catalyst.QueryPlanningTracker$.withTracker(QueryPlanningTracker.scala:89)
	at org.apache.spark.sql.catalyst.rules.RuleExecutor.executeAndTrack(RuleExecutor.scala:201)
	at org.apache.spark.sql.catalyst.analysis.resolver.HybridAnalyzer.resolveInFixedPoint(HybridAnalyzer.scala:190)
	at org.apache.spark.sql.catalyst.analysis.resolver.HybridAnalyzer.$anonfun$apply$1(HybridAnalyzer.scala:76)
	at org.apache.spark.sql.catalyst.analysis.resolver.HybridAnalyzer.withTrackedAnalyzerBridgeState(HybridAnalyzer.scala:111)
	at org.apache.spark.sql.catalyst.analysis.resolver.HybridAnalyzer.apply(HybridAnalyzer.scala:71)
	at org.apache.spark.sql.catalyst.analysis.Analyzer.$anonfun$executeAndCheck$1(Analyzer.scala:330)
	at org.apache.spark.sql.catalyst.plans.logical.AnalysisHelper$.markInAnalyzer(AnalysisHelper.scala:423)
	at org.apache.spark.sql.catalyst.analysis.Analyzer.executeAndCheck(Analyzer.scala:330)
	at org.apache.spark.sql.execution.QueryExecution.$anonfun$lazyAnalyzed$2(QueryExecution.scala:110)
	at org.apache.spark.sql.catalyst.QueryPlanningTracker.measurePhase(QueryPlanningTracker.scala:148)
	at org.apache.spark.sql.execution.QueryExecution.$anonfun$executePhase$2(QueryExecution.scala:278)
	at org.apache.spark.sql.execution.QueryExecution$.withInternalError(QueryExecution.scala:654)
	at org.apache.spark.sql.execution.QueryExecution.$anonfun$executePhase$1(QueryExecution.scala:278)
	at org.apache.spark.sql.SparkSession.withActive(SparkSession.scala:804)
	at org.apache.spark.sql.execution.QueryExecution.executePhase(QueryExecution.scala:277)
	at org.apache.spark.sql.execution.QueryExecution.$anonfun$lazyAnalyzed$1(QueryExecution.scala:110)
	at scala.util.Try$.apply(Try.scala:217)
	at org.apache.spark.util.Utils$.doTryWithCallerStacktrace(Utils.scala:1378)
	at org.apache.spark.util.LazyTry.tryT$lzycompute(LazyTry.scala:46)
	at org.apache.spark.util.LazyTry.tryT(LazyTry.scala:46)
	... 22 more

[2025-10-22T18:00:04.880+0000] {silver_layer_dag.py:324} INFO - Uploaded quality report to s3a://silver/quality_reports/silver_report_20251022_180004.json
[2025-10-22T18:00:04.881+0000] {python.py:237} INFO - Done. Returned value was: {'run_time': '2025-10-22T18:00:03.473317Z', 'kaggle': {'error': 'An error occurred while calling o45.csv.\n: java.lang.RuntimeException: java.lang.ClassNotFoundException: Class org.apache.hadoop.fs.s3a.S3AFileSystem not found\n\tat org.apache.hadoop.conf.Configuration.getClass(Configuration.java:2737)\n\tat org.apache.hadoop.fs.FileSystem.getFileSystemClass(FileSystem.java:3569)\n\tat org.apache.hadoop.fs.FileSystem.createFileSystem(FileSystem.java:3612)\n\tat org.apache.hadoop.fs.FileSystem.access$300(FileSystem.java:172)\n\tat org.apache.hadoop.fs.FileSystem$Cache.getInternal(FileSystem.java:3716)\n\tat org.apache.hadoop.fs.FileSystem$Cache.get(FileSystem.java:3667)\n\tat org.apache.hadoop.fs.FileSystem.get(FileSystem.java:557)\n\tat org.apache.hadoop.fs.Path.getFileSystem(Path.java:366)\n\tat org.apache.spark.sql.execution.datasources.DataSource$.$anonfun$checkAndGlobPathIfNecessary$1(DataSource.scala:777)\n\tat scala.collection.immutable.List.map(List.scala:247)\n\tat scala.collection.immutable.List.map(List.scala:79)\n\tat org.apache.spark.sql.execution.datasources.DataSource$.checkAndGlobPathIfNecessary(DataSource.scala:775)\n\tat org.apache.spark.sql.execution.datasources.DataSource.checkAndGlobPathIfNecessary(DataSource.scala:575)\n\tat org.apache.spark.sql.execution.datasources.DataSource.resolveRelation(DataSource.scala:419)\n\tat org.apache.spark.sql.catalyst.analysis.ResolveDataSource.org$apache$spark$sql$catalyst$analysis$ResolveDataSource$$loadV1BatchSource(ResolveDataSource.scala:143)\n\tat org.apache.spark.sql.catalyst.analysis.ResolveDataSource$$anonfun$apply$1.$anonfun$applyOrElse$2(ResolveDataSource.scala:61)\n\tat scala.Option.getOrElse(Option.scala:201)\n\tat org.apache.spark.sql.catalyst.analysis.ResolveDataSource$$anonfun$apply$1.applyOrElse(ResolveDataSource.scala:61)\n\tat org.apache.spark.sql.catalyst.analysis.ResolveDataSource$$anonfun$apply$1.applyOrElse(ResolveDataSource.scala:45)\n\tat org.apache.spark.sql.catalyst.plans.logical.AnalysisHelper.$anonfun$resolveOperatorsUpWithPruning$3(AnalysisHelper.scala:139)\n\tat org.apache.spark.sql.catalyst.trees.CurrentOrigin$.withOrigin(origin.scala:86)\n\tat org.apache.spark.sql.catalyst.plans.logical.AnalysisHelper.$anonfun$resolveOperatorsUpWithPruning$1(AnalysisHelper.scala:139)\n\tat org.apache.spark.sql.catalyst.plans.logical.AnalysisHelper$.allowInvokingTransformsInAnalyzer(AnalysisHelper.scala:416)\n\tat org.apache.spark.sql.catalyst.plans.logical.AnalysisHelper.resolveOperatorsUpWithPruning(AnalysisHelper.scala:135)\n\tat org.apache.spark.sql.catalyst.plans.logical.AnalysisHelper.resolveOperatorsUpWithPruning$(AnalysisHelper.scala:131)\n\tat org.apache.spark.sql.catalyst.plans.logical.LogicalPlan.resolveOperatorsUpWithPruning(LogicalPlan.scala:37)\n\tat org.apache.spark.sql.catalyst.plans.logical.AnalysisHelper.resolveOperatorsUp(AnalysisHelper.scala:112)\n\tat org.apache.spark.sql.catalyst.plans.logical.AnalysisHelper.resolveOperatorsUp$(AnalysisHelper.scala:111)\n\tat org.apache.spark.sql.catalyst.plans.logical.LogicalPlan.resolveOperatorsUp(LogicalPlan.scala:37)\n\tat org.apache.spark.sql.catalyst.analysis.ResolveDataSource.apply(ResolveDataSource.scala:45)\n\tat org.apache.spark.sql.catalyst.analysis.ResolveDataSource.apply(ResolveDataSource.scala:43)\n\tat org.apache.spark.sql.catalyst.rules.RuleExecutor.$anonfun$execute$2(RuleExecutor.scala:242)\n\tat scala.collection.LinearSeqOps.foldLeft(LinearSeq.scala:183)\n\tat scala.collection.LinearSeqOps.foldLeft$(LinearSeq.scala:179)\n\tat scala.collection.immutable.List.foldLeft(List.scala:79)\n\tat org.apache.spark.sql.catalyst.rules.RuleExecutor.$anonfun$execute$1(RuleExecutor.scala:239)\n\tat org.apache.spark.sql.catalyst.rules.RuleExecutor.$anonfun$execute$1$adapted(RuleExecutor.scala:231)\n\tat scala.collection.immutable.List.foreach(List.scala:334)\n\tat org.apache.spark.sql.catalyst.rules.RuleExecutor.execute(RuleExecutor.scala:231)\n\tat org.apache.spark.sql.catalyst.analysis.Analyzer.org$apache$spark$sql$catalyst$analysis$Analyzer$$executeSameContext(Analyzer.scala:340)\n\tat org.apache.spark.sql.catalyst.analysis.Analyzer.$anonfun$execute$1(Analyzer.scala:336)\n\tat org.apache.spark.sql.catalyst.analysis.AnalysisContext$.withNewAnalysisContext(Analyzer.scala:234)\n\tat org.apache.spark.sql.catalyst.analysis.Analyzer.execute(Analyzer.scala:336)\n\tat org.apache.spark.sql.catalyst.analysis.Analyzer.execute(Analyzer.scala:299)\n\tat org.apache.spark.sql.catalyst.rules.RuleExecutor.$anonfun$executeAndTrack$1(RuleExecutor.scala:201)\n\tat org.apache.spark.sql.catalyst.QueryPlanningTracker$.withTracker(QueryPlanningTracker.scala:89)\n\tat org.apache.spark.sql.catalyst.rules.RuleExecutor.executeAndTrack(RuleExecutor.scala:201)\n\tat org.apache.spark.sql.catalyst.analysis.resolver.HybridAnalyzer.resolveInFixedPoint(HybridAnalyzer.scala:190)\n\tat org.apache.spark.sql.catalyst.analysis.resolver.HybridAnalyzer.$anonfun$apply$1(HybridAnalyzer.scala:76)\n\tat org.apache.spark.sql.catalyst.analysis.resolver.HybridAnalyzer.withTrackedAnalyzerBridgeState(HybridAnalyzer.scala:111)\n\tat org.apache.spark.sql.catalyst.analysis.resolver.HybridAnalyzer.apply(HybridAnalyzer.scala:71)\n\tat org.apache.spark.sql.catalyst.analysis.Analyzer.$anonfun$executeAndCheck$1(Analyzer.scala:330)\n\tat org.apache.spark.sql.catalyst.plans.logical.AnalysisHelper$.markInAnalyzer(AnalysisHelper.scala:423)\n\tat org.apache.spark.sql.catalyst.analysis.Analyzer.executeAndCheck(Analyzer.scala:330)\n\tat org.apache.spark.sql.execution.QueryExecution.$anonfun$lazyAnalyzed$2(QueryExecution.scala:110)\n\tat org.apache.spark.sql.catalyst.QueryPlanningTracker.measurePhase(QueryPlanningTracker.scala:148)\n\tat org.apache.spark.sql.execution.QueryExecution.$anonfun$executePhase$2(QueryExecution.scala:278)\n\tat org.apache.spark.sql.execution.QueryExecution$.withInternalError(QueryExecution.scala:654)\n\tat org.apache.spark.sql.execution.QueryExecution.$anonfun$executePhase$1(QueryExecution.scala:278)\n\tat org.apache.spark.sql.SparkSession.withActive(SparkSession.scala:804)\n\tat org.apache.spark.sql.execution.QueryExecution.executePhase(QueryExecution.scala:277)\n\tat org.apache.spark.sql.execution.QueryExecution.$anonfun$lazyAnalyzed$1(QueryExecution.scala:110)\n\tat scala.util.Try$.apply(Try.scala:217)\n\tat org.apache.spark.util.Utils$.doTryWithCallerStacktrace(Utils.scala:1378)\n\tat org.apache.spark.util.Utils$.getTryWithCallerStacktrace(Utils.scala:1439)\n\tat org.apache.spark.util.LazyTry.get(LazyTry.scala:58)\n\tat org.apache.spark.sql.execution.QueryExecution.analyzed(QueryExecution.scala:121)\n\tat org.apache.spark.sql.execution.QueryExecution.assertAnalyzed(QueryExecution.scala:80)\n\tat org.apache.spark.sql.classic.Dataset$.$anonfun$ofRows$1(Dataset.scala:115)\n\tat org.apache.spark.sql.SparkSession.withActive(SparkSession.scala:804)\n\tat org.apache.spark.sql.classic.Dataset$.ofRows(Dataset.scala:113)\n\tat org.apache.spark.sql.classic.DataFrameReader.load(DataFrameReader.scala:109)\n\tat org.apache.spark.sql.classic.DataFrameReader.load(DataFrameReader.scala:58)\n\tat org.apache.spark.sql.DataFrameReader.csv(DataFrameReader.scala:392)\n\tat org.apache.spark.sql.classic.DataFrameReader.csv(DataFrameReader.scala:259)\n\tat org.apache.spark.sql.classic.DataFrameReader.csv(DataFrameReader.scala:58)\n\tat java.base/jdk.internal.reflect.NativeMethodAccessorImpl.invoke0(Native Method)\n\tat java.base/jdk.internal.reflect.NativeMethodAccessorImpl.invoke(NativeMethodAccessorImpl.java:77)\n\tat java.base/jdk.internal.reflect.DelegatingMethodAccessorImpl.invoke(DelegatingMethodAccessorImpl.java:43)\n\tat java.base/java.lang.reflect.Method.invoke(Method.java:569)\n\tat py4j.reflection.MethodInvoker.invoke(MethodInvoker.java:244)\n\tat py4j.reflection.ReflectionEngine.invoke(ReflectionEngine.java:374)\n\tat py4j.Gateway.invoke(Gateway.java:282)\n\tat py4j.commands.AbstractCommand.invokeMethod(AbstractCommand.java:132)\n\tat py4j.commands.CallCommand.execute(CallCommand.java:79)\n\tat py4j.ClientServerConnection.waitForCommands(ClientServerConnection.java:184)\n\tat py4j.ClientServerConnection.run(ClientServerConnection.java:108)\n\tat java.base/java.lang.Thread.run(Thread.java:840)\n\tSuppressed: org.apache.spark.util.Utils$OriginalTryStackTraceException: Full stacktrace of original doTryWithCallerStacktrace caller\n\t\tat org.apache.hadoop.conf.Configuration.getClass(Configuration.java:2737)\n\t\tat org.apache.hadoop.fs.FileSystem.getFileSystemClass(FileSystem.java:3569)\n\t\tat org.apache.hadoop.fs.FileSystem.createFileSystem(FileSystem.java:3612)\n\t\tat org.apache.hadoop.fs.FileSystem.access$300(FileSystem.java:172)\n\t\tat org.apache.hadoop.fs.FileSystem$Cache.getInternal(FileSystem.java:3716)\n\t\tat org.apache.hadoop.fs.FileSystem$Cache.get(FileSystem.java:3667)\n\t\tat org.apache.hadoop.fs.FileSystem.get(FileSystem.java:557)\n\t\tat org.apache.hadoop.fs.Path.getFileSystem(Path.java:366)\n\t\tat org.apache.spark.sql.execution.datasources.DataSource$.$anonfun$checkAndGlobPathIfNecessary$1(DataSource.scala:777)\n\t\tat scala.collection.immutable.List.map(List.scala:247)\n\t\tat scala.collection.immutable.List.map(List.scala:79)\n\t\tat org.apache.spark.sql.execution.datasources.DataSource$.checkAndGlobPathIfNecessary(DataSource.scala:775)\n\t\tat org.apache.spark.sql.execution.datasources.DataSource.checkAndGlobPathIfNecessary(DataSource.scala:575)\n\t\tat org.apache.spark.sql.execution.datasources.DataSource.resolveRelation(DataSource.scala:419)\n\t\tat org.apache.spark.sql.catalyst.analysis.ResolveDataSource.org$apache$spark$sql$catalyst$analysis$ResolveDataSource$$loadV1BatchSource(ResolveDataSource.scala:143)\n\t\tat org.apache.spark.sql.catalyst.analysis.ResolveDataSource$$anonfun$apply$1.$anonfun$applyOrElse$2(ResolveDataSource.scala:61)\n\t\tat scala.Option.getOrElse(Option.scala:201)\n\t\tat org.apache.spark.sql.catalyst.analysis.ResolveDataSource$$anonfun$apply$1.applyOrElse(ResolveDataSource.scala:61)\n\t\tat org.apache.spark.sql.catalyst.analysis.ResolveDataSource$$anonfun$apply$1.applyOrElse(ResolveDataSource.scala:45)\n\t\tat org.apache.spark.sql.catalyst.plans.logical.AnalysisHelper.$anonfun$resolveOperatorsUpWithPruning$3(AnalysisHelper.scala:139)\n\t\tat org.apache.spark.sql.catalyst.trees.CurrentOrigin$.withOrigin(origin.scala:86)\n\t\tat org.apache.spark.sql.catalyst.plans.logical.AnalysisHelper.$anonfun$resolveOperatorsUpWithPruning$1(AnalysisHelper.scala:139)\n\t\tat org.apache.spark.sql.catalyst.plans.logical.AnalysisHelper$.allowInvokingTransformsInAnalyzer(AnalysisHelper.scala:416)\n\t\tat org.apache.spark.sql.catalyst.plans.logical.AnalysisHelper.resolveOperatorsUpWithPruning(AnalysisHelper.scala:135)\n\t\tat org.apache.spark.sql.catalyst.plans.logical.AnalysisHelper.resolveOperatorsUpWithPruning$(AnalysisHelper.scala:131)\n\t\tat org.apache.spark.sql.catalyst.plans.logical.LogicalPlan.resolveOperatorsUpWithPruning(LogicalPlan.scala:37)\n\t\tat org.apache.spark.sql.catalyst.plans.logical.AnalysisHelper.resolveOperatorsUp(AnalysisHelper.scala:112)\n\t\tat org.apache.spark.sql.catalyst.plans.logical.AnalysisHelper.resolveOperatorsUp$(AnalysisHelper.scala:111)\n\t\tat org.apache.spark.sql.catalyst.plans.logical.LogicalPlan.resolveOperatorsUp(LogicalPlan.scala:37)\n\t\tat org.apache.spark.sql.catalyst.analysis.ResolveDataSource.apply(ResolveDataSource.scala:45)\n\t\tat org.apache.spark.sql.catalyst.analysis.ResolveDataSource.apply(ResolveDataSource.scala:43)\n\t\tat org.apache.spark.sql.catalyst.rules.RuleExecutor.$anonfun$execute$2(RuleExecutor.scala:242)\n\t\tat scala.collection.LinearSeqOps.foldLeft(LinearSeq.scala:183)\n\t\tat scala.collection.LinearSeqOps.foldLeft$(LinearSeq.scala:179)\n\t\tat scala.collection.immutable.List.foldLeft(List.scala:79)\n\t\tat org.apache.spark.sql.catalyst.rules.RuleExecutor.$anonfun$execute$1(RuleExecutor.scala:239)\n\t\tat org.apache.spark.sql.catalyst.rules.RuleExecutor.$anonfun$execute$1$adapted(RuleExecutor.scala:231)\n\t\tat scala.collection.immutable.List.foreach(List.scala:334)\n\t\tat org.apache.spark.sql.catalyst.rules.RuleExecutor.execute(RuleExecutor.scala:231)\n\t\tat org.apache.spark.sql.catalyst.analysis.Analyzer.org$apache$spark$sql$catalyst$analysis$Analyzer$$executeSameContext(Analyzer.scala:340)\n\t\tat org.apache.spark.sql.catalyst.analysis.Analyzer.$anonfun$execute$1(Analyzer.scala:336)\n\t\tat org.apache.spark.sql.catalyst.analysis.AnalysisContext$.withNewAnalysisContext(Analyzer.scala:234)\n\t\tat org.apache.spark.sql.catalyst.analysis.Analyzer.execute(Analyzer.scala:336)\n\t\tat org.apache.spark.sql.catalyst.analysis.Analyzer.execute(Analyzer.scala:299)\n\t\tat org.apache.spark.sql.catalyst.rules.RuleExecutor.$anonfun$executeAndTrack$1(RuleExecutor.scala:201)\n\t\tat org.apache.spark.sql.catalyst.QueryPlanningTracker$.withTracker(QueryPlanningTracker.scala:89)\n\t\tat org.apache.spark.sql.catalyst.rules.RuleExecutor.executeAndTrack(RuleExecutor.scala:201)\n\t\tat org.apache.spark.sql.catalyst.analysis.resolver.HybridAnalyzer.resolveInFixedPoint(HybridAnalyzer.scala:190)\n\t\tat org.apache.spark.sql.catalyst.analysis.resolver.HybridAnalyzer.$anonfun$apply$1(HybridAnalyzer.scala:76)\n\t\tat org.apache.spark.sql.catalyst.analysis.resolver.HybridAnalyzer.withTrackedAnalyzerBridgeState(HybridAnalyzer.scala:111)\n\t\tat org.apache.spark.sql.catalyst.analysis.resolver.HybridAnalyzer.apply(HybridAnalyzer.scala:71)\n\t\tat org.apache.spark.sql.catalyst.analysis.Analyzer.$anonfun$executeAndCheck$1(Analyzer.scala:330)\n\t\tat org.apache.spark.sql.catalyst.plans.logical.AnalysisHelper$.markInAnalyzer(AnalysisHelper.scala:423)\n\t\tat org.apache.spark.sql.catalyst.analysis.Analyzer.executeAndCheck(Analyzer.scala:330)\n\t\tat org.apache.spark.sql.execution.QueryExecution.$anonfun$lazyAnalyzed$2(QueryExecution.scala:110)\n\t\tat org.apache.spark.sql.catalyst.QueryPlanningTracker.measurePhase(QueryPlanningTracker.scala:148)\n\t\tat org.apache.spark.sql.execution.QueryExecution.$anonfun$executePhase$2(QueryExecution.scala:278)\n\t\tat org.apache.spark.sql.execution.QueryExecution$.withInternalError(QueryExecution.scala:654)\n\t\tat org.apache.spark.sql.execution.QueryExecution.$anonfun$executePhase$1(QueryExecution.scala:278)\n\t\tat org.apache.spark.sql.SparkSession.withActive(SparkSession.scala:804)\n\t\tat org.apache.spark.sql.execution.QueryExecution.executePhase(QueryExecution.scala:277)\n\t\tat org.apache.spark.sql.execution.QueryExecution.$anonfun$lazyAnalyzed$1(QueryExecution.scala:110)\n\t\tat scala.util.Try$.apply(Try.scala:217)\n\t\tat org.apache.spark.util.Utils$.doTryWithCallerStacktrace(Utils.scala:1378)\n\t\tat org.apache.spark.util.LazyTry.tryT$lzycompute(LazyTry.scala:46)\n\t\tat org.apache.spark.util.LazyTry.tryT(LazyTry.scala:46)\n\t\t... 23 more\nCaused by: java.lang.ClassNotFoundException: Class org.apache.hadoop.fs.s3a.S3AFileSystem not found\n\tat org.apache.hadoop.conf.Configuration.getClassByName(Configuration.java:2641)\n\tat org.apache.hadoop.conf.Configuration.getClass(Configuration.java:2735)\n\tat org.apache.hadoop.fs.FileSystem.getFileSystemClass(FileSystem.java:3569)\n\tat org.apache.hadoop.fs.FileSystem.createFileSystem(FileSystem.java:3612)\n\tat org.apache.hadoop.fs.FileSystem.access$300(FileSystem.java:172)\n\tat org.apache.hadoop.fs.FileSystem$Cache.getInternal(FileSystem.java:3716)\n\tat org.apache.hadoop.fs.FileSystem$Cache.get(FileSystem.java:3667)\n\tat org.apache.hadoop.fs.FileSystem.get(FileSystem.java:557)\n\tat org.apache.hadoop.fs.Path.getFileSystem(Path.java:366)\n\tat org.apache.spark.sql.execution.datasources.DataSource$.$anonfun$checkAndGlobPathIfNecessary$1(DataSource.scala:777)\n\tat scala.collection.immutable.List.map(List.scala:247)\n\tat scala.collection.immutable.List.map(List.scala:79)\n\tat org.apache.spark.sql.execution.datasources.DataSource$.checkAndGlobPathIfNecessary(DataSource.scala:775)\n\tat org.apache.spark.sql.execution.datasources.DataSource.checkAndGlobPathIfNecessary(DataSource.scala:575)\n\tat org.apache.spark.sql.execution.datasources.DataSource.resolveRelation(DataSource.scala:419)\n\tat org.apache.spark.sql.catalyst.analysis.ResolveDataSource.org$apache$spark$sql$catalyst$analysis$ResolveDataSource$$loadV1BatchSource(ResolveDataSource.scala:143)\n\tat org.apache.spark.sql.catalyst.analysis.ResolveDataSource$$anonfun$apply$1.$anonfun$applyOrElse$2(ResolveDataSource.scala:61)\n\tat scala.Option.getOrElse(Option.scala:201)\n\tat org.apache.spark.sql.catalyst.analysis.ResolveDataSource$$anonfun$apply$1.applyOrElse(ResolveDataSource.scala:61)\n\tat org.apache.spark.sql.catalyst.analysis.ResolveDataSource$$anonfun$apply$1.applyOrElse(ResolveDataSource.scala:45)\n\tat org.apache.spark.sql.catalyst.plans.logical.AnalysisHelper.$anonfun$resolveOperatorsUpWithPruning$3(AnalysisHelper.scala:139)\n\tat org.apache.spark.sql.catalyst.trees.CurrentOrigin$.withOrigin(origin.scala:86)\n\tat org.apache.spark.sql.catalyst.plans.logical.AnalysisHelper.$anonfun$resolveOperatorsUpWithPruning$1(AnalysisHelper.scala:139)\n\tat org.apache.spark.sql.catalyst.plans.logical.AnalysisHelper$.allowInvokingTransformsInAnalyzer(AnalysisHelper.scala:416)\n\tat org.apache.spark.sql.catalyst.plans.logical.AnalysisHelper.resolveOperatorsUpWithPruning(AnalysisHelper.scala:135)\n\tat org.apache.spark.sql.catalyst.plans.logical.AnalysisHelper.resolveOperatorsUpWithPruning$(AnalysisHelper.scala:131)\n\tat org.apache.spark.sql.catalyst.plans.logical.LogicalPlan.resolveOperatorsUpWithPruning(LogicalPlan.scala:37)\n\tat org.apache.spark.sql.catalyst.plans.logical.AnalysisHelper.resolveOperatorsUp(AnalysisHelper.scala:112)\n\tat org.apache.spark.sql.catalyst.plans.logical.AnalysisHelper.resolveOperatorsUp$(AnalysisHelper.scala:111)\n\tat org.apache.spark.sql.catalyst.plans.logical.LogicalPlan.resolveOperatorsUp(LogicalPlan.scala:37)\n\tat org.apache.spark.sql.catalyst.analysis.ResolveDataSource.apply(ResolveDataSource.scala:45)\n\tat org.apache.spark.sql.catalyst.analysis.ResolveDataSource.apply(ResolveDataSource.scala:43)\n\tat org.apache.spark.sql.catalyst.rules.RuleExecutor.$anonfun$execute$2(RuleExecutor.scala:242)\n\tat scala.collection.LinearSeqOps.foldLeft(LinearSeq.scala:183)\n\tat scala.collection.LinearSeqOps.foldLeft$(LinearSeq.scala:179)\n\tat scala.collection.immutable.List.foldLeft(List.scala:79)\n\tat org.apache.spark.sql.catalyst.rules.RuleExecutor.$anonfun$execute$1(RuleExecutor.scala:239)\n\tat org.apache.spark.sql.catalyst.rules.RuleExecutor.$anonfun$execute$1$adapted(RuleExecutor.scala:231)\n\tat scala.collection.immutable.List.foreach(List.scala:334)\n\tat org.apache.spark.sql.catalyst.rules.RuleExecutor.execute(RuleExecutor.scala:231)\n\tat org.apache.spark.sql.catalyst.analysis.Analyzer.org$apache$spark$sql$catalyst$analysis$Analyzer$$executeSameContext(Analyzer.scala:340)\n\tat org.apache.spark.sql.catalyst.analysis.Analyzer.$anonfun$execute$1(Analyzer.scala:336)\n\tat org.apache.spark.sql.catalyst.analysis.AnalysisContext$.withNewAnalysisContext(Analyzer.scala:234)\n\tat org.apache.spark.sql.catalyst.analysis.Analyzer.execute(Analyzer.scala:336)\n\tat org.apache.spark.sql.catalyst.analysis.Analyzer.execute(Analyzer.scala:299)\n\tat org.apache.spark.sql.catalyst.rules.RuleExecutor.$anonfun$executeAndTrack$1(RuleExecutor.scala:201)\n\tat org.apache.spark.sql.catalyst.QueryPlanningTracker$.withTracker(QueryPlanningTracker.scala:89)\n\tat org.apache.spark.sql.catalyst.rules.RuleExecutor.executeAndTrack(RuleExecutor.scala:201)\n\tat org.apache.spark.sql.catalyst.analysis.resolver.HybridAnalyzer.resolveInFixedPoint(HybridAnalyzer.scala:190)\n\tat org.apache.spark.sql.catalyst.analysis.resolver.HybridAnalyzer.$anonfun$apply$1(HybridAnalyzer.scala:76)\n\tat org.apache.spark.sql.catalyst.analysis.resolver.HybridAnalyzer.withTrackedAnalyzerBridgeState(HybridAnalyzer.scala:111)\n\tat org.apache.spark.sql.catalyst.analysis.resolver.HybridAnalyzer.apply(HybridAnalyzer.scala:71)\n\tat org.apache.spark.sql.catalyst.analysis.Analyzer.$anonfun$executeAndCheck$1(Analyzer.scala:330)\n\tat org.apache.spark.sql.catalyst.plans.logical.AnalysisHelper$.markInAnalyzer(AnalysisHelper.scala:423)\n\tat org.apache.spark.sql.catalyst.analysis.Analyzer.executeAndCheck(Analyzer.scala:330)\n\tat org.apache.spark.sql.execution.QueryExecution.$anonfun$lazyAnalyzed$2(QueryExecution.scala:110)\n\tat org.apache.spark.sql.catalyst.QueryPlanningTracker.measurePhase(QueryPlanningTracker.scala:148)\n\tat org.apache.spark.sql.execution.QueryExecution.$anonfun$executePhase$2(QueryExecution.scala:278)\n\tat org.apache.spark.sql.execution.QueryExecution$.withInternalError(QueryExecution.scala:654)\n\tat org.apache.spark.sql.execution.QueryExecution.$anonfun$executePhase$1(QueryExecution.scala:278)\n\tat org.apache.spark.sql.SparkSession.withActive(SparkSession.scala:804)\n\tat org.apache.spark.sql.execution.QueryExecution.executePhase(QueryExecution.scala:277)\n\tat org.apache.spark.sql.execution.QueryExecution.$anonfun$lazyAnalyzed$1(QueryExecution.scala:110)\n\tat scala.util.Try$.apply(Try.scala:217)\n\tat org.apache.spark.util.Utils$.doTryWithCallerStacktrace(Utils.scala:1378)\n\tat org.apache.spark.util.LazyTry.tryT$lzycompute(LazyTry.scala:46)\n\tat org.apache.spark.util.LazyTry.tryT(LazyTry.scala:46)\n\t... 23 more\n'}, 'api': {'error': 'An error occurred while calling o59.json.\n: java.lang.RuntimeException: java.lang.ClassNotFoundException: Class org.apache.hadoop.fs.s3a.S3AFileSystem not found\n\tat org.apache.hadoop.conf.Configuration.getClass(Configuration.java:2737)\n\tat org.apache.hadoop.fs.FileSystem.getFileSystemClass(FileSystem.java:3569)\n\tat org.apache.hadoop.fs.FileSystem.createFileSystem(FileSystem.java:3612)\n\tat org.apache.hadoop.fs.FileSystem.access$300(FileSystem.java:172)\n\tat org.apache.hadoop.fs.FileSystem$Cache.getInternal(FileSystem.java:3716)\n\tat org.apache.hadoop.fs.FileSystem$Cache.get(FileSystem.java:3667)\n\tat org.apache.hadoop.fs.FileSystem.get(FileSystem.java:557)\n\tat org.apache.hadoop.fs.Path.getFileSystem(Path.java:366)\n\tat org.apache.spark.sql.execution.datasources.DataSource$.$anonfun$checkAndGlobPathIfNecessary$1(DataSource.scala:777)\n\tat scala.collection.immutable.List.map(List.scala:247)\n\tat scala.collection.immutable.List.map(List.scala:79)\n\tat org.apache.spark.sql.execution.datasources.DataSource$.checkAndGlobPathIfNecessary(DataSource.scala:775)\n\tat org.apache.spark.sql.execution.datasources.DataSource.checkAndGlobPathIfNecessary(DataSource.scala:575)\n\tat org.apache.spark.sql.execution.datasources.DataSource.resolveRelation(DataSource.scala:419)\n\tat org.apache.spark.sql.catalyst.analysis.ResolveDataSource.org$apache$spark$sql$catalyst$analysis$ResolveDataSource$$loadV1BatchSource(ResolveDataSource.scala:143)\n\tat org.apache.spark.sql.catalyst.analysis.ResolveDataSource$$anonfun$apply$1.$anonfun$applyOrElse$2(ResolveDataSource.scala:61)\n\tat scala.Option.getOrElse(Option.scala:201)\n\tat org.apache.spark.sql.catalyst.analysis.ResolveDataSource$$anonfun$apply$1.applyOrElse(ResolveDataSource.scala:61)\n\tat org.apache.spark.sql.catalyst.analysis.ResolveDataSource$$anonfun$apply$1.applyOrElse(ResolveDataSource.scala:45)\n\tat org.apache.spark.sql.catalyst.plans.logical.AnalysisHelper.$anonfun$resolveOperatorsUpWithPruning$3(AnalysisHelper.scala:139)\n\tat org.apache.spark.sql.catalyst.trees.CurrentOrigin$.withOrigin(origin.scala:86)\n\tat org.apache.spark.sql.catalyst.plans.logical.AnalysisHelper.$anonfun$resolveOperatorsUpWithPruning$1(AnalysisHelper.scala:139)\n\tat org.apache.spark.sql.catalyst.plans.logical.AnalysisHelper$.allowInvokingTransformsInAnalyzer(AnalysisHelper.scala:416)\n\tat org.apache.spark.sql.catalyst.plans.logical.AnalysisHelper.resolveOperatorsUpWithPruning(AnalysisHelper.scala:135)\n\tat org.apache.spark.sql.catalyst.plans.logical.AnalysisHelper.resolveOperatorsUpWithPruning$(AnalysisHelper.scala:131)\n\tat org.apache.spark.sql.catalyst.plans.logical.LogicalPlan.resolveOperatorsUpWithPruning(LogicalPlan.scala:37)\n\tat org.apache.spark.sql.catalyst.plans.logical.AnalysisHelper.resolveOperatorsUp(AnalysisHelper.scala:112)\n\tat org.apache.spark.sql.catalyst.plans.logical.AnalysisHelper.resolveOperatorsUp$(AnalysisHelper.scala:111)\n\tat org.apache.spark.sql.catalyst.plans.logical.LogicalPlan.resolveOperatorsUp(LogicalPlan.scala:37)\n\tat org.apache.spark.sql.catalyst.analysis.ResolveDataSource.apply(ResolveDataSource.scala:45)\n\tat org.apache.spark.sql.catalyst.analysis.ResolveDataSource.apply(ResolveDataSource.scala:43)\n\tat org.apache.spark.sql.catalyst.rules.RuleExecutor.$anonfun$execute$2(RuleExecutor.scala:242)\n\tat scala.collection.LinearSeqOps.foldLeft(LinearSeq.scala:183)\n\tat scala.collection.LinearSeqOps.foldLeft$(LinearSeq.scala:179)\n\tat scala.collection.immutable.List.foldLeft(List.scala:79)\n\tat org.apache.spark.sql.catalyst.rules.RuleExecutor.$anonfun$execute$1(RuleExecutor.scala:239)\n\tat org.apache.spark.sql.catalyst.rules.RuleExecutor.$anonfun$execute$1$adapted(RuleExecutor.scala:231)\n\tat scala.collection.immutable.List.foreach(List.scala:334)\n\tat org.apache.spark.sql.catalyst.rules.RuleExecutor.execute(RuleExecutor.scala:231)\n\tat org.apache.spark.sql.catalyst.analysis.Analyzer.org$apache$spark$sql$catalyst$analysis$Analyzer$$executeSameContext(Analyzer.scala:340)\n\tat org.apache.spark.sql.catalyst.analysis.Analyzer.$anonfun$execute$1(Analyzer.scala:336)\n\tat org.apache.spark.sql.catalyst.analysis.AnalysisContext$.withNewAnalysisContext(Analyzer.scala:234)\n\tat org.apache.spark.sql.catalyst.analysis.Analyzer.execute(Analyzer.scala:336)\n\tat org.apache.spark.sql.catalyst.analysis.Analyzer.execute(Analyzer.scala:299)\n\tat org.apache.spark.sql.catalyst.rules.RuleExecutor.$anonfun$executeAndTrack$1(RuleExecutor.scala:201)\n\tat org.apache.spark.sql.catalyst.QueryPlanningTracker$.withTracker(QueryPlanningTracker.scala:89)\n\tat org.apache.spark.sql.catalyst.rules.RuleExecutor.executeAndTrack(RuleExecutor.scala:201)\n\tat org.apache.spark.sql.catalyst.analysis.resolver.HybridAnalyzer.resolveInFixedPoint(HybridAnalyzer.scala:190)\n\tat org.apache.spark.sql.catalyst.analysis.resolver.HybridAnalyzer.$anonfun$apply$1(HybridAnalyzer.scala:76)\n\tat org.apache.spark.sql.catalyst.analysis.resolver.HybridAnalyzer.withTrackedAnalyzerBridgeState(HybridAnalyzer.scala:111)\n\tat org.apache.spark.sql.catalyst.analysis.resolver.HybridAnalyzer.apply(HybridAnalyzer.scala:71)\n\tat org.apache.spark.sql.catalyst.analysis.Analyzer.$anonfun$executeAndCheck$1(Analyzer.scala:330)\n\tat org.apache.spark.sql.catalyst.plans.logical.AnalysisHelper$.markInAnalyzer(AnalysisHelper.scala:423)\n\tat org.apache.spark.sql.catalyst.analysis.Analyzer.executeAndCheck(Analyzer.scala:330)\n\tat org.apache.spark.sql.execution.QueryExecution.$anonfun$lazyAnalyzed$2(QueryExecution.scala:110)\n\tat org.apache.spark.sql.catalyst.QueryPlanningTracker.measurePhase(QueryPlanningTracker.scala:148)\n\tat org.apache.spark.sql.execution.QueryExecution.$anonfun$executePhase$2(QueryExecution.scala:278)\n\tat org.apache.spark.sql.execution.QueryExecution$.withInternalError(QueryExecution.scala:654)\n\tat org.apache.spark.sql.execution.QueryExecution.$anonfun$executePhase$1(QueryExecution.scala:278)\n\tat org.apache.spark.sql.SparkSession.withActive(SparkSession.scala:804)\n\tat org.apache.spark.sql.execution.QueryExecution.executePhase(QueryExecution.scala:277)\n\tat org.apache.spark.sql.execution.QueryExecution.$anonfun$lazyAnalyzed$1(QueryExecution.scala:110)\n\tat scala.util.Try$.apply(Try.scala:217)\n\tat org.apache.spark.util.Utils$.doTryWithCallerStacktrace(Utils.scala:1378)\n\tat org.apache.spark.util.Utils$.getTryWithCallerStacktrace(Utils.scala:1439)\n\tat org.apache.spark.util.LazyTry.get(LazyTry.scala:58)\n\tat org.apache.spark.sql.execution.QueryExecution.analyzed(QueryExecution.scala:121)\n\tat org.apache.spark.sql.execution.QueryExecution.assertAnalyzed(QueryExecution.scala:80)\n\tat org.apache.spark.sql.classic.Dataset$.$anonfun$ofRows$1(Dataset.scala:115)\n\tat org.apache.spark.sql.SparkSession.withActive(SparkSession.scala:804)\n\tat org.apache.spark.sql.classic.Dataset$.ofRows(Dataset.scala:113)\n\tat org.apache.spark.sql.classic.DataFrameReader.load(DataFrameReader.scala:109)\n\tat org.apache.spark.sql.classic.DataFrameReader.load(DataFrameReader.scala:58)\n\tat org.apache.spark.sql.DataFrameReader.json(DataFrameReader.scala:296)\n\tat org.apache.spark.sql.classic.DataFrameReader.json(DataFrameReader.scala:150)\n\tat java.base/jdk.internal.reflect.NativeMethodAccessorImpl.invoke0(Native Method)\n\tat java.base/jdk.internal.reflect.NativeMethodAccessorImpl.invoke(NativeMethodAccessorImpl.java:77)\n\tat java.base/jdk.internal.reflect.DelegatingMethodAccessorImpl.invoke(DelegatingMethodAccessorImpl.java:43)\n\tat java.base/java.lang.reflect.Method.invoke(Method.java:569)\n\tat py4j.reflection.MethodInvoker.invoke(MethodInvoker.java:244)\n\tat py4j.reflection.ReflectionEngine.invoke(ReflectionEngine.java:374)\n\tat py4j.Gateway.invoke(Gateway.java:282)\n\tat py4j.commands.AbstractCommand.invokeMethod(AbstractCommand.java:132)\n\tat py4j.commands.CallCommand.execute(CallCommand.java:79)\n\tat py4j.ClientServerConnection.waitForCommands(ClientServerConnection.java:184)\n\tat py4j.ClientServerConnection.run(ClientServerConnection.java:108)\n\tat java.base/java.lang.Thread.run(Thread.java:840)\n\tSuppressed: org.apache.spark.util.Utils$OriginalTryStackTraceException: Full stacktrace of original doTryWithCallerStacktrace caller\n\t\tat org.apache.hadoop.conf.Configuration.getClass(Configuration.java:2737)\n\t\tat org.apache.hadoop.fs.FileSystem.getFileSystemClass(FileSystem.java:3569)\n\t\tat org.apache.hadoop.fs.FileSystem.createFileSystem(FileSystem.java:3612)\n\t\tat org.apache.hadoop.fs.FileSystem.access$300(FileSystem.java:172)\n\t\tat org.apache.hadoop.fs.FileSystem$Cache.getInternal(FileSystem.java:3716)\n\t\tat org.apache.hadoop.fs.FileSystem$Cache.get(FileSystem.java:3667)\n\t\tat org.apache.hadoop.fs.FileSystem.get(FileSystem.java:557)\n\t\tat org.apache.hadoop.fs.Path.getFileSystem(Path.java:366)\n\t\tat org.apache.spark.sql.execution.datasources.DataSource$.$anonfun$checkAndGlobPathIfNecessary$1(DataSource.scala:777)\n\t\tat scala.collection.immutable.List.map(List.scala:247)\n\t\tat scala.collection.immutable.List.map(List.scala:79)\n\t\tat org.apache.spark.sql.execution.datasources.DataSource$.checkAndGlobPathIfNecessary(DataSource.scala:775)\n\t\tat org.apache.spark.sql.execution.datasources.DataSource.checkAndGlobPathIfNecessary(DataSource.scala:575)\n\t\tat org.apache.spark.sql.execution.datasources.DataSource.resolveRelation(DataSource.scala:419)\n\t\tat org.apache.spark.sql.catalyst.analysis.ResolveDataSource.org$apache$spark$sql$catalyst$analysis$ResolveDataSource$$loadV1BatchSource(ResolveDataSource.scala:143)\n\t\tat org.apache.spark.sql.catalyst.analysis.ResolveDataSource$$anonfun$apply$1.$anonfun$applyOrElse$2(ResolveDataSource.scala:61)\n\t\tat scala.Option.getOrElse(Option.scala:201)\n\t\tat org.apache.spark.sql.catalyst.analysis.ResolveDataSource$$anonfun$apply$1.applyOrElse(ResolveDataSource.scala:61)\n\t\tat org.apache.spark.sql.catalyst.analysis.ResolveDataSource$$anonfun$apply$1.applyOrElse(ResolveDataSource.scala:45)\n\t\tat org.apache.spark.sql.catalyst.plans.logical.AnalysisHelper.$anonfun$resolveOperatorsUpWithPruning$3(AnalysisHelper.scala:139)\n\t\tat org.apache.spark.sql.catalyst.trees.CurrentOrigin$.withOrigin(origin.scala:86)\n\t\tat org.apache.spark.sql.catalyst.plans.logical.AnalysisHelper.$anonfun$resolveOperatorsUpWithPruning$1(AnalysisHelper.scala:139)\n\t\tat org.apache.spark.sql.catalyst.plans.logical.AnalysisHelper$.allowInvokingTransformsInAnalyzer(AnalysisHelper.scala:416)\n\t\tat org.apache.spark.sql.catalyst.plans.logical.AnalysisHelper.resolveOperatorsUpWithPruning(AnalysisHelper.scala:135)\n\t\tat org.apache.spark.sql.catalyst.plans.logical.AnalysisHelper.resolveOperatorsUpWithPruning$(AnalysisHelper.scala:131)\n\t\tat org.apache.spark.sql.catalyst.plans.logical.LogicalPlan.resolveOperatorsUpWithPruning(LogicalPlan.scala:37)\n\t\tat org.apache.spark.sql.catalyst.plans.logical.AnalysisHelper.resolveOperatorsUp(AnalysisHelper.scala:112)\n\t\tat org.apache.spark.sql.catalyst.plans.logical.AnalysisHelper.resolveOperatorsUp$(AnalysisHelper.scala:111)\n\t\tat org.apache.spark.sql.catalyst.plans.logical.LogicalPlan.resolveOperatorsUp(LogicalPlan.scala:37)\n\t\tat org.apache.spark.sql.catalyst.analysis.ResolveDataSource.apply(ResolveDataSource.scala:45)\n\t\tat org.apache.spark.sql.catalyst.analysis.ResolveDataSource.apply(ResolveDataSource.scala:43)\n\t\tat org.apache.spark.sql.catalyst.rules.RuleExecutor.$anonfun$execute$2(RuleExecutor.scala:242)\n\t\tat scala.collection.LinearSeqOps.foldLeft(LinearSeq.scala:183)\n\t\tat scala.collection.LinearSeqOps.foldLeft$(LinearSeq.scala:179)\n\t\tat scala.collection.immutable.List.foldLeft(List.scala:79)\n\t\tat org.apache.spark.sql.catalyst.rules.RuleExecutor.$anonfun$execute$1(RuleExecutor.scala:239)\n\t\tat org.apache.spark.sql.catalyst.rules.RuleExecutor.$anonfun$execute$1$adapted(RuleExecutor.scala:231)\n\t\tat scala.collection.immutable.List.foreach(List.scala:334)\n\t\tat org.apache.spark.sql.catalyst.rules.RuleExecutor.execute(RuleExecutor.scala:231)\n\t\tat org.apache.spark.sql.catalyst.analysis.Analyzer.org$apache$spark$sql$catalyst$analysis$Analyzer$$executeSameContext(Analyzer.scala:340)\n\t\tat org.apache.spark.sql.catalyst.analysis.Analyzer.$anonfun$execute$1(Analyzer.scala:336)\n\t\tat org.apache.spark.sql.catalyst.analysis.AnalysisContext$.withNewAnalysisContext(Analyzer.scala:234)\n\t\tat org.apache.spark.sql.catalyst.analysis.Analyzer.execute(Analyzer.scala:336)\n\t\tat org.apache.spark.sql.catalyst.analysis.Analyzer.execute(Analyzer.scala:299)\n\t\tat org.apache.spark.sql.catalyst.rules.RuleExecutor.$anonfun$executeAndTrack$1(RuleExecutor.scala:201)\n\t\tat org.apache.spark.sql.catalyst.QueryPlanningTracker$.withTracker(QueryPlanningTracker.scala:89)\n\t\tat org.apache.spark.sql.catalyst.rules.RuleExecutor.executeAndTrack(RuleExecutor.scala:201)\n\t\tat org.apache.spark.sql.catalyst.analysis.resolver.HybridAnalyzer.resolveInFixedPoint(HybridAnalyzer.scala:190)\n\t\tat org.apache.spark.sql.catalyst.analysis.resolver.HybridAnalyzer.$anonfun$apply$1(HybridAnalyzer.scala:76)\n\t\tat org.apache.spark.sql.catalyst.analysis.resolver.HybridAnalyzer.withTrackedAnalyzerBridgeState(HybridAnalyzer.scala:111)\n\t\tat org.apache.spark.sql.catalyst.analysis.resolver.HybridAnalyzer.apply(HybridAnalyzer.scala:71)\n\t\tat org.apache.spark.sql.catalyst.analysis.Analyzer.$anonfun$executeAndCheck$1(Analyzer.scala:330)\n\t\tat org.apache.spark.sql.catalyst.plans.logical.AnalysisHelper$.markInAnalyzer(AnalysisHelper.scala:423)\n\t\tat org.apache.spark.sql.catalyst.analysis.Analyzer.executeAndCheck(Analyzer.scala:330)\n\t\tat org.apache.spark.sql.execution.QueryExecution.$anonfun$lazyAnalyzed$2(QueryExecution.scala:110)\n\t\tat org.apache.spark.sql.catalyst.QueryPlanningTracker.measurePhase(QueryPlanningTracker.scala:148)\n\t\tat org.apache.spark.sql.execution.QueryExecution.$anonfun$executePhase$2(QueryExecution.scala:278)\n\t\tat org.apache.spark.sql.execution.QueryExecution$.withInternalError(QueryExecution.scala:654)\n\t\tat org.apache.spark.sql.execution.QueryExecution.$anonfun$executePhase$1(QueryExecution.scala:278)\n\t\tat org.apache.spark.sql.SparkSession.withActive(SparkSession.scala:804)\n\t\tat org.apache.spark.sql.execution.QueryExecution.executePhase(QueryExecution.scala:277)\n\t\tat org.apache.spark.sql.execution.QueryExecution.$anonfun$lazyAnalyzed$1(QueryExecution.scala:110)\n\t\tat scala.util.Try$.apply(Try.scala:217)\n\t\tat org.apache.spark.util.Utils$.doTryWithCallerStacktrace(Utils.scala:1378)\n\t\tat org.apache.spark.util.LazyTry.tryT$lzycompute(LazyTry.scala:46)\n\t\tat org.apache.spark.util.LazyTry.tryT(LazyTry.scala:46)\n\t\t... 22 more\nCaused by: java.lang.ClassNotFoundException: Class org.apache.hadoop.fs.s3a.S3AFileSystem not found\n\tat org.apache.hadoop.conf.Configuration.getClassByName(Configuration.java:2641)\n\tat org.apache.hadoop.conf.Configuration.getClass(Configuration.java:2735)\n\tat org.apache.hadoop.fs.FileSystem.getFileSystemClass(FileSystem.java:3569)\n\tat org.apache.hadoop.fs.FileSystem.createFileSystem(FileSystem.java:3612)\n\tat org.apache.hadoop.fs.FileSystem.access$300(FileSystem.java:172)\n\tat org.apache.hadoop.fs.FileSystem$Cache.getInternal(FileSystem.java:3716)\n\tat org.apache.hadoop.fs.FileSystem$Cache.get(FileSystem.java:3667)\n\tat org.apache.hadoop.fs.FileSystem.get(FileSystem.java:557)\n\tat org.apache.hadoop.fs.Path.getFileSystem(Path.java:366)\n\tat org.apache.spark.sql.execution.datasources.DataSource$.$anonfun$checkAndGlobPathIfNecessary$1(DataSource.scala:777)\n\tat scala.collection.immutable.List.map(List.scala:247)\n\tat scala.collection.immutable.List.map(List.scala:79)\n\tat org.apache.spark.sql.execution.datasources.DataSource$.checkAndGlobPathIfNecessary(DataSource.scala:775)\n\tat org.apache.spark.sql.execution.datasources.DataSource.checkAndGlobPathIfNecessary(DataSource.scala:575)\n\tat org.apache.spark.sql.execution.datasources.DataSource.resolveRelation(DataSource.scala:419)\n\tat org.apache.spark.sql.catalyst.analysis.ResolveDataSource.org$apache$spark$sql$catalyst$analysis$ResolveDataSource$$loadV1BatchSource(ResolveDataSource.scala:143)\n\tat org.apache.spark.sql.catalyst.analysis.ResolveDataSource$$anonfun$apply$1.$anonfun$applyOrElse$2(ResolveDataSource.scala:61)\n\tat scala.Option.getOrElse(Option.scala:201)\n\tat org.apache.spark.sql.catalyst.analysis.ResolveDataSource$$anonfun$apply$1.applyOrElse(ResolveDataSource.scala:61)\n\tat org.apache.spark.sql.catalyst.analysis.ResolveDataSource$$anonfun$apply$1.applyOrElse(ResolveDataSource.scala:45)\n\tat org.apache.spark.sql.catalyst.plans.logical.AnalysisHelper.$anonfun$resolveOperatorsUpWithPruning$3(AnalysisHelper.scala:139)\n\tat org.apache.spark.sql.catalyst.trees.CurrentOrigin$.withOrigin(origin.scala:86)\n\tat org.apache.spark.sql.catalyst.plans.logical.AnalysisHelper.$anonfun$resolveOperatorsUpWithPruning$1(AnalysisHelper.scala:139)\n\tat org.apache.spark.sql.catalyst.plans.logical.AnalysisHelper$.allowInvokingTransformsInAnalyzer(AnalysisHelper.scala:416)\n\tat org.apache.spark.sql.catalyst.plans.logical.AnalysisHelper.resolveOperatorsUpWithPruning(AnalysisHelper.scala:135)\n\tat org.apache.spark.sql.catalyst.plans.logical.AnalysisHelper.resolveOperatorsUpWithPruning$(AnalysisHelper.scala:131)\n\tat org.apache.spark.sql.catalyst.plans.logical.LogicalPlan.resolveOperatorsUpWithPruning(LogicalPlan.scala:37)\n\tat org.apache.spark.sql.catalyst.plans.logical.AnalysisHelper.resolveOperatorsUp(AnalysisHelper.scala:112)\n\tat org.apache.spark.sql.catalyst.plans.logical.AnalysisHelper.resolveOperatorsUp$(AnalysisHelper.scala:111)\n\tat org.apache.spark.sql.catalyst.plans.logical.LogicalPlan.resolveOperatorsUp(LogicalPlan.scala:37)\n\tat org.apache.spark.sql.catalyst.analysis.ResolveDataSource.apply(ResolveDataSource.scala:45)\n\tat org.apache.spark.sql.catalyst.analysis.ResolveDataSource.apply(ResolveDataSource.scala:43)\n\tat org.apache.spark.sql.catalyst.rules.RuleExecutor.$anonfun$execute$2(RuleExecutor.scala:242)\n\tat scala.collection.LinearSeqOps.foldLeft(LinearSeq.scala:183)\n\tat scala.collection.LinearSeqOps.foldLeft$(LinearSeq.scala:179)\n\tat scala.collection.immutable.List.foldLeft(List.scala:79)\n\tat org.apache.spark.sql.catalyst.rules.RuleExecutor.$anonfun$execute$1(RuleExecutor.scala:239)\n\tat org.apache.spark.sql.catalyst.rules.RuleExecutor.$anonfun$execute$1$adapted(RuleExecutor.scala:231)\n\tat scala.collection.immutable.List.foreach(List.scala:334)\n\tat org.apache.spark.sql.catalyst.rules.RuleExecutor.execute(RuleExecutor.scala:231)\n\tat org.apache.spark.sql.catalyst.analysis.Analyzer.org$apache$spark$sql$catalyst$analysis$Analyzer$$executeSameContext(Analyzer.scala:340)\n\tat org.apache.spark.sql.catalyst.analysis.Analyzer.$anonfun$execute$1(Analyzer.scala:336)\n\tat org.apache.spark.sql.catalyst.analysis.AnalysisContext$.withNewAnalysisContext(Analyzer.scala:234)\n\tat org.apache.spark.sql.catalyst.analysis.Analyzer.execute(Analyzer.scala:336)\n\tat org.apache.spark.sql.catalyst.analysis.Analyzer.execute(Analyzer.scala:299)\n\tat org.apache.spark.sql.catalyst.rules.RuleExecutor.$anonfun$executeAndTrack$1(RuleExecutor.scala:201)\n\tat org.apache.spark.sql.catalyst.QueryPlanningTracker$.withTracker(QueryPlanningTracker.scala:89)\n\tat org.apache.spark.sql.catalyst.rules.RuleExecutor.executeAndTrack(RuleExecutor.scala:201)\n\tat org.apache.spark.sql.catalyst.analysis.resolver.HybridAnalyzer.resolveInFixedPoint(HybridAnalyzer.scala:190)\n\tat org.apache.spark.sql.catalyst.analysis.resolver.HybridAnalyzer.$anonfun$apply$1(HybridAnalyzer.scala:76)\n\tat org.apache.spark.sql.catalyst.analysis.resolver.HybridAnalyzer.withTrackedAnalyzerBridgeState(HybridAnalyzer.scala:111)\n\tat org.apache.spark.sql.catalyst.analysis.resolver.HybridAnalyzer.apply(HybridAnalyzer.scala:71)\n\tat org.apache.spark.sql.catalyst.analysis.Analyzer.$anonfun$executeAndCheck$1(Analyzer.scala:330)\n\tat org.apache.spark.sql.catalyst.plans.logical.AnalysisHelper$.markInAnalyzer(AnalysisHelper.scala:423)\n\tat org.apache.spark.sql.catalyst.analysis.Analyzer.executeAndCheck(Analyzer.scala:330)\n\tat org.apache.spark.sql.execution.QueryExecution.$anonfun$lazyAnalyzed$2(QueryExecution.scala:110)\n\tat org.apache.spark.sql.catalyst.QueryPlanningTracker.measurePhase(QueryPlanningTracker.scala:148)\n\tat org.apache.spark.sql.execution.QueryExecution.$anonfun$executePhase$2(QueryExecution.scala:278)\n\tat org.apache.spark.sql.execution.QueryExecution$.withInternalError(QueryExecution.scala:654)\n\tat org.apache.spark.sql.execution.QueryExecution.$anonfun$executePhase$1(QueryExecution.scala:278)\n\tat org.apache.spark.sql.SparkSession.withActive(SparkSession.scala:804)\n\tat org.apache.spark.sql.execution.QueryExecution.executePhase(QueryExecution.scala:277)\n\tat org.apache.spark.sql.execution.QueryExecution.$anonfun$lazyAnalyzed$1(QueryExecution.scala:110)\n\tat scala.util.Try$.apply(Try.scala:217)\n\tat org.apache.spark.util.Utils$.doTryWithCallerStacktrace(Utils.scala:1378)\n\tat org.apache.spark.util.LazyTry.tryT$lzycompute(LazyTry.scala:46)\n\tat org.apache.spark.util.LazyTry.tryT(LazyTry.scala:46)\n\t... 22 more\n'}}
[2025-10-22T18:00:04.882+0000] {taskinstance.py:441} INFO - ::group::Post task execution logs
[2025-10-22T18:00:04.906+0000] {taskinstance.py:1205} INFO - Marking task as SUCCESS. dag_id=silver_layer_dag, task_id=run_silver_clean, execution_date=20251022T180029, start_date=20251022T180033, end_date=20251022T180004
[2025-10-22T18:00:38.539+0000] {local_task_job_runner.py:240} INFO - Task exited with return code 0
[2025-10-22T18:00:38.553+0000] {taskinstance.py:3482} INFO - 0 downstream tasks scheduled from follow-on schedule check
[2025-10-22T18:00:38.555+0000] {local_task_job_runner.py:222} INFO - ::endgroup::
