[2025-10-21T19:02:37.610+0000] {processor.py:161} INFO - Started process (PID=39) to work on /opt/airflow/dags/bronze_dag_simple.py
[2025-10-21T19:02:37.611+0000] {processor.py:830} INFO - Processing file /opt/airflow/dags/bronze_dag_simple.py for tasks to queue
[2025-10-21T19:02:37.612+0000] {logging_mixin.py:188} INFO - [2025-10-21T19:02:37.612+0000] {dagbag.py:540} INFO - Filling up the DagBag from /opt/airflow/dags/bronze_dag_simple.py
[2025-10-21T19:02:37.632+0000] {processor.py:840} INFO - DAG(s) 'bronze_layer_ingestion_simple' retrieved from /opt/airflow/dags/bronze_dag_simple.py
[2025-10-21T19:02:37.728+0000] {logging_mixin.py:188} INFO - [2025-10-21T19:02:37.728+0000] {dag.py:3096} INFO - Sync 1 DAGs
[2025-10-21T19:02:37.748+0000] {logging_mixin.py:188} INFO - [2025-10-21T19:02:37.748+0000] {dag.py:3954} INFO - Setting next_dagrun for bronze_layer_ingestion_simple to 2025-10-20 18:00:00+00:00, run_after=2025-10-21 18:00:00+00:00
[2025-10-21T19:02:37.770+0000] {processor.py:183} INFO - Processing /opt/airflow/dags/bronze_dag_simple.py took 0.166 seconds
[2025-10-21T19:03:07.896+0000] {processor.py:161} INFO - Started process (PID=46) to work on /opt/airflow/dags/bronze_dag_simple.py
[2025-10-21T19:03:07.897+0000] {processor.py:830} INFO - Processing file /opt/airflow/dags/bronze_dag_simple.py for tasks to queue
[2025-10-21T19:03:07.899+0000] {logging_mixin.py:188} INFO - [2025-10-21T19:03:07.899+0000] {dagbag.py:540} INFO - Filling up the DagBag from /opt/airflow/dags/bronze_dag_simple.py
[2025-10-21T19:03:07.914+0000] {processor.py:840} INFO - DAG(s) 'bronze_layer_ingestion_simple' retrieved from /opt/airflow/dags/bronze_dag_simple.py
[2025-10-21T19:03:07.931+0000] {logging_mixin.py:188} INFO - [2025-10-21T19:03:07.930+0000] {dag.py:3096} INFO - Sync 1 DAGs
[2025-10-21T19:03:07.961+0000] {processor.py:183} INFO - Processing /opt/airflow/dags/bronze_dag_simple.py took 0.069 seconds
[2025-10-21T19:03:38.922+0000] {processor.py:161} INFO - Started process (PID=49) to work on /opt/airflow/dags/bronze_dag_simple.py
[2025-10-21T19:03:38.923+0000] {processor.py:830} INFO - Processing file /opt/airflow/dags/bronze_dag_simple.py for tasks to queue
[2025-10-21T19:03:38.925+0000] {logging_mixin.py:188} INFO - [2025-10-21T19:03:38.925+0000] {dagbag.py:540} INFO - Filling up the DagBag from /opt/airflow/dags/bronze_dag_simple.py
[2025-10-21T19:03:38.947+0000] {processor.py:840} INFO - DAG(s) 'bronze_layer_ingestion_simple' retrieved from /opt/airflow/dags/bronze_dag_simple.py
[2025-10-21T19:03:38.968+0000] {logging_mixin.py:188} INFO - [2025-10-21T19:03:38.967+0000] {dag.py:3096} INFO - Sync 1 DAGs
[2025-10-21T19:03:39.006+0000] {processor.py:183} INFO - Processing /opt/airflow/dags/bronze_dag_simple.py took 0.091 seconds
[2025-10-21T19:04:45.360+0000] {processor.py:161} INFO - Started process (PID=39) to work on /opt/airflow/dags/bronze_dag_simple.py
[2025-10-21T19:04:45.361+0000] {processor.py:830} INFO - Processing file /opt/airflow/dags/bronze_dag_simple.py for tasks to queue
[2025-10-21T19:04:45.363+0000] {logging_mixin.py:188} INFO - [2025-10-21T19:04:45.363+0000] {dagbag.py:540} INFO - Filling up the DagBag from /opt/airflow/dags/bronze_dag_simple.py
[2025-10-21T19:04:45.382+0000] {processor.py:840} INFO - DAG(s) 'bronze_layer_ingestion_simple' retrieved from /opt/airflow/dags/bronze_dag_simple.py
[2025-10-21T19:04:45.393+0000] {logging_mixin.py:188} INFO - [2025-10-21T19:04:45.393+0000] {dag.py:3096} INFO - Sync 1 DAGs
[2025-10-21T19:04:45.429+0000] {processor.py:183} INFO - Processing /opt/airflow/dags/bronze_dag_simple.py took 0.075 seconds
[2025-10-21T19:05:16.497+0000] {processor.py:161} INFO - Started process (PID=42) to work on /opt/airflow/dags/bronze_dag_simple.py
[2025-10-21T19:05:16.498+0000] {processor.py:830} INFO - Processing file /opt/airflow/dags/bronze_dag_simple.py for tasks to queue
[2025-10-21T19:05:16.500+0000] {logging_mixin.py:188} INFO - [2025-10-21T19:05:16.500+0000] {dagbag.py:540} INFO - Filling up the DagBag from /opt/airflow/dags/bronze_dag_simple.py
[2025-10-21T19:05:16.516+0000] {processor.py:840} INFO - DAG(s) 'bronze_layer_ingestion_simple' retrieved from /opt/airflow/dags/bronze_dag_simple.py
[2025-10-21T19:05:16.596+0000] {logging_mixin.py:188} INFO - [2025-10-21T19:05:16.596+0000] {dag.py:3096} INFO - Sync 1 DAGs
[2025-10-21T19:05:16.624+0000] {processor.py:183} INFO - Processing /opt/airflow/dags/bronze_dag_simple.py took 0.132 seconds
[2025-10-21T19:05:57.146+0000] {processor.py:161} INFO - Started process (PID=45) to work on /opt/airflow/dags/bronze_dag_simple.py
[2025-10-21T19:05:57.147+0000] {processor.py:830} INFO - Processing file /opt/airflow/dags/bronze_dag_simple.py for tasks to queue
[2025-10-21T19:05:57.149+0000] {logging_mixin.py:188} INFO - [2025-10-21T19:05:57.149+0000] {dagbag.py:540} INFO - Filling up the DagBag from /opt/airflow/dags/bronze_dag_simple.py
[2025-10-21T19:05:57.165+0000] {processor.py:840} INFO - DAG(s) 'bronze_layer_ingestion_simple' retrieved from /opt/airflow/dags/bronze_dag_simple.py
[2025-10-21T19:05:57.181+0000] {logging_mixin.py:188} INFO - [2025-10-21T19:05:57.181+0000] {dag.py:3096} INFO - Sync 1 DAGs
[2025-10-21T19:05:57.212+0000] {processor.py:183} INFO - Processing /opt/airflow/dags/bronze_dag_simple.py took 0.070 seconds
[2025-10-21T19:06:28.505+0000] {processor.py:161} INFO - Started process (PID=48) to work on /opt/airflow/dags/bronze_dag_simple.py
[2025-10-21T19:06:28.506+0000] {processor.py:830} INFO - Processing file /opt/airflow/dags/bronze_dag_simple.py for tasks to queue
[2025-10-21T19:06:28.508+0000] {logging_mixin.py:188} INFO - [2025-10-21T19:06:28.508+0000] {dagbag.py:540} INFO - Filling up the DagBag from /opt/airflow/dags/bronze_dag_simple.py
[2025-10-21T19:06:28.523+0000] {processor.py:840} INFO - DAG(s) 'bronze_layer_ingestion_simple' retrieved from /opt/airflow/dags/bronze_dag_simple.py
[2025-10-21T19:06:28.541+0000] {logging_mixin.py:188} INFO - [2025-10-21T19:06:28.541+0000] {dag.py:3096} INFO - Sync 1 DAGs
[2025-10-21T19:06:28.571+0000] {processor.py:183} INFO - Processing /opt/airflow/dags/bronze_dag_simple.py took 0.071 seconds
[2025-10-21T19:06:59.668+0000] {processor.py:161} INFO - Started process (PID=51) to work on /opt/airflow/dags/bronze_dag_simple.py
[2025-10-21T19:06:59.669+0000] {processor.py:830} INFO - Processing file /opt/airflow/dags/bronze_dag_simple.py for tasks to queue
[2025-10-21T19:06:59.671+0000] {logging_mixin.py:188} INFO - [2025-10-21T19:06:59.671+0000] {dagbag.py:540} INFO - Filling up the DagBag from /opt/airflow/dags/bronze_dag_simple.py
[2025-10-21T19:06:59.688+0000] {processor.py:840} INFO - DAG(s) 'bronze_layer_ingestion_simple' retrieved from /opt/airflow/dags/bronze_dag_simple.py
[2025-10-21T19:06:59.707+0000] {logging_mixin.py:188} INFO - [2025-10-21T19:06:59.707+0000] {dag.py:3096} INFO - Sync 1 DAGs
[2025-10-21T19:06:59.739+0000] {processor.py:183} INFO - Processing /opt/airflow/dags/bronze_dag_simple.py took 0.075 seconds
[2025-10-21T19:07:30.657+0000] {processor.py:161} INFO - Started process (PID=54) to work on /opt/airflow/dags/bronze_dag_simple.py
[2025-10-21T19:07:30.658+0000] {processor.py:830} INFO - Processing file /opt/airflow/dags/bronze_dag_simple.py for tasks to queue
[2025-10-21T19:07:30.660+0000] {logging_mixin.py:188} INFO - [2025-10-21T19:07:30.660+0000] {dagbag.py:540} INFO - Filling up the DagBag from /opt/airflow/dags/bronze_dag_simple.py
[2025-10-21T19:07:30.677+0000] {processor.py:840} INFO - DAG(s) 'bronze_layer_ingestion_simple' retrieved from /opt/airflow/dags/bronze_dag_simple.py
[2025-10-21T19:07:30.695+0000] {logging_mixin.py:188} INFO - [2025-10-21T19:07:30.695+0000] {dag.py:3096} INFO - Sync 1 DAGs
[2025-10-21T19:07:30.726+0000] {processor.py:183} INFO - Processing /opt/airflow/dags/bronze_dag_simple.py took 0.074 seconds
[2025-10-21T19:08:01.451+0000] {processor.py:161} INFO - Started process (PID=57) to work on /opt/airflow/dags/bronze_dag_simple.py
[2025-10-21T19:08:01.452+0000] {processor.py:830} INFO - Processing file /opt/airflow/dags/bronze_dag_simple.py for tasks to queue
[2025-10-21T19:08:01.454+0000] {logging_mixin.py:188} INFO - [2025-10-21T19:08:01.454+0000] {dagbag.py:540} INFO - Filling up the DagBag from /opt/airflow/dags/bronze_dag_simple.py
[2025-10-21T19:08:01.470+0000] {processor.py:840} INFO - DAG(s) 'bronze_layer_ingestion_simple' retrieved from /opt/airflow/dags/bronze_dag_simple.py
[2025-10-21T19:08:01.487+0000] {logging_mixin.py:188} INFO - [2025-10-21T19:08:01.486+0000] {dag.py:3096} INFO - Sync 1 DAGs
[2025-10-21T19:08:01.517+0000] {processor.py:183} INFO - Processing /opt/airflow/dags/bronze_dag_simple.py took 0.070 seconds
[2025-10-21T19:08:31.803+0000] {processor.py:161} INFO - Started process (PID=60) to work on /opt/airflow/dags/bronze_dag_simple.py
[2025-10-21T19:08:31.804+0000] {processor.py:830} INFO - Processing file /opt/airflow/dags/bronze_dag_simple.py for tasks to queue
[2025-10-21T19:08:31.806+0000] {logging_mixin.py:188} INFO - [2025-10-21T19:08:31.806+0000] {dagbag.py:540} INFO - Filling up the DagBag from /opt/airflow/dags/bronze_dag_simple.py
[2025-10-21T19:08:31.824+0000] {processor.py:840} INFO - DAG(s) 'bronze_layer_ingestion_simple' retrieved from /opt/airflow/dags/bronze_dag_simple.py
[2025-10-21T19:08:31.842+0000] {logging_mixin.py:188} INFO - [2025-10-21T19:08:31.842+0000] {dag.py:3096} INFO - Sync 1 DAGs
[2025-10-21T19:08:31.873+0000] {processor.py:183} INFO - Processing /opt/airflow/dags/bronze_dag_simple.py took 0.076 seconds
[2025-10-21T19:09:02.737+0000] {processor.py:161} INFO - Started process (PID=63) to work on /opt/airflow/dags/bronze_dag_simple.py
[2025-10-21T19:09:02.738+0000] {processor.py:830} INFO - Processing file /opt/airflow/dags/bronze_dag_simple.py for tasks to queue
[2025-10-21T19:09:02.739+0000] {logging_mixin.py:188} INFO - [2025-10-21T19:09:02.739+0000] {dagbag.py:540} INFO - Filling up the DagBag from /opt/airflow/dags/bronze_dag_simple.py
[2025-10-21T19:09:02.757+0000] {processor.py:840} INFO - DAG(s) 'bronze_layer_ingestion_simple' retrieved from /opt/airflow/dags/bronze_dag_simple.py
[2025-10-21T19:09:02.777+0000] {logging_mixin.py:188} INFO - [2025-10-21T19:09:02.777+0000] {dag.py:3096} INFO - Sync 1 DAGs
[2025-10-21T19:09:02.812+0000] {processor.py:183} INFO - Processing /opt/airflow/dags/bronze_dag_simple.py took 0.081 seconds
[2025-10-21T19:09:33.031+0000] {processor.py:161} INFO - Started process (PID=66) to work on /opt/airflow/dags/bronze_dag_simple.py
[2025-10-21T19:09:33.031+0000] {processor.py:830} INFO - Processing file /opt/airflow/dags/bronze_dag_simple.py for tasks to queue
[2025-10-21T19:09:33.033+0000] {logging_mixin.py:188} INFO - [2025-10-21T19:09:33.033+0000] {dagbag.py:540} INFO - Filling up the DagBag from /opt/airflow/dags/bronze_dag_simple.py
[2025-10-21T19:09:33.049+0000] {processor.py:840} INFO - DAG(s) 'bronze_layer_ingestion_simple' retrieved from /opt/airflow/dags/bronze_dag_simple.py
[2025-10-21T19:09:33.067+0000] {logging_mixin.py:188} INFO - [2025-10-21T19:09:33.067+0000] {dag.py:3096} INFO - Sync 1 DAGs
[2025-10-21T19:09:33.099+0000] {processor.py:183} INFO - Processing /opt/airflow/dags/bronze_dag_simple.py took 0.074 seconds
[2025-10-21T19:10:25.699+0000] {processor.py:161} INFO - Started process (PID=69) to work on /opt/airflow/dags/bronze_dag_simple.py
[2025-10-21T19:10:25.700+0000] {processor.py:830} INFO - Processing file /opt/airflow/dags/bronze_dag_simple.py for tasks to queue
[2025-10-21T19:10:25.702+0000] {logging_mixin.py:188} INFO - [2025-10-21T19:10:25.702+0000] {dagbag.py:540} INFO - Filling up the DagBag from /opt/airflow/dags/bronze_dag_simple.py
[2025-10-21T19:10:25.723+0000] {processor.py:840} INFO - DAG(s) 'bronze_layer_ingestion_simple' retrieved from /opt/airflow/dags/bronze_dag_simple.py
[2025-10-21T19:10:25.742+0000] {logging_mixin.py:188} INFO - [2025-10-21T19:10:25.741+0000] {dag.py:3096} INFO - Sync 1 DAGs
[2025-10-21T19:10:25.772+0000] {processor.py:183} INFO - Processing /opt/airflow/dags/bronze_dag_simple.py took 0.079 seconds
[2025-10-21T19:10:55.969+0000] {processor.py:161} INFO - Started process (PID=72) to work on /opt/airflow/dags/bronze_dag_simple.py
[2025-10-21T19:10:55.970+0000] {processor.py:830} INFO - Processing file /opt/airflow/dags/bronze_dag_simple.py for tasks to queue
[2025-10-21T19:10:55.971+0000] {logging_mixin.py:188} INFO - [2025-10-21T19:10:55.971+0000] {dagbag.py:540} INFO - Filling up the DagBag from /opt/airflow/dags/bronze_dag_simple.py
[2025-10-21T19:10:55.986+0000] {processor.py:840} INFO - DAG(s) 'bronze_layer_ingestion_simple' retrieved from /opt/airflow/dags/bronze_dag_simple.py
[2025-10-21T19:10:56.001+0000] {logging_mixin.py:188} INFO - [2025-10-21T19:10:56.001+0000] {dag.py:3096} INFO - Sync 1 DAGs
[2025-10-21T19:10:56.028+0000] {processor.py:183} INFO - Processing /opt/airflow/dags/bronze_dag_simple.py took 0.063 seconds
[2025-10-21T19:11:26.093+0000] {processor.py:161} INFO - Started process (PID=75) to work on /opt/airflow/dags/bronze_dag_simple.py
[2025-10-21T19:11:26.094+0000] {processor.py:830} INFO - Processing file /opt/airflow/dags/bronze_dag_simple.py for tasks to queue
[2025-10-21T19:11:26.096+0000] {logging_mixin.py:188} INFO - [2025-10-21T19:11:26.095+0000] {dagbag.py:540} INFO - Filling up the DagBag from /opt/airflow/dags/bronze_dag_simple.py
[2025-10-21T19:11:26.110+0000] {processor.py:840} INFO - DAG(s) 'bronze_layer_ingestion_simple' retrieved from /opt/airflow/dags/bronze_dag_simple.py
[2025-10-21T19:11:26.126+0000] {logging_mixin.py:188} INFO - [2025-10-21T19:11:26.126+0000] {dag.py:3096} INFO - Sync 1 DAGs
[2025-10-21T19:11:26.157+0000] {processor.py:183} INFO - Processing /opt/airflow/dags/bronze_dag_simple.py took 0.068 seconds
[2025-10-21T19:11:57.037+0000] {processor.py:161} INFO - Started process (PID=78) to work on /opt/airflow/dags/bronze_dag_simple.py
[2025-10-21T19:11:57.038+0000] {processor.py:830} INFO - Processing file /opt/airflow/dags/bronze_dag_simple.py for tasks to queue
[2025-10-21T19:11:57.039+0000] {logging_mixin.py:188} INFO - [2025-10-21T19:11:57.039+0000] {dagbag.py:540} INFO - Filling up the DagBag from /opt/airflow/dags/bronze_dag_simple.py
[2025-10-21T19:11:57.054+0000] {processor.py:840} INFO - DAG(s) 'bronze_layer_ingestion_simple' retrieved from /opt/airflow/dags/bronze_dag_simple.py
[2025-10-21T19:11:57.071+0000] {logging_mixin.py:188} INFO - [2025-10-21T19:11:57.071+0000] {dag.py:3096} INFO - Sync 1 DAGs
[2025-10-21T19:11:57.099+0000] {processor.py:183} INFO - Processing /opt/airflow/dags/bronze_dag_simple.py took 0.068 seconds
[2025-10-21T19:12:27.806+0000] {processor.py:161} INFO - Started process (PID=81) to work on /opt/airflow/dags/bronze_dag_simple.py
[2025-10-21T19:12:27.807+0000] {processor.py:830} INFO - Processing file /opt/airflow/dags/bronze_dag_simple.py for tasks to queue
[2025-10-21T19:12:27.808+0000] {logging_mixin.py:188} INFO - [2025-10-21T19:12:27.808+0000] {dagbag.py:540} INFO - Filling up the DagBag from /opt/airflow/dags/bronze_dag_simple.py
[2025-10-21T19:12:27.823+0000] {processor.py:840} INFO - DAG(s) 'bronze_layer_ingestion_simple' retrieved from /opt/airflow/dags/bronze_dag_simple.py
[2025-10-21T19:12:27.838+0000] {logging_mixin.py:188} INFO - [2025-10-21T19:12:27.838+0000] {dag.py:3096} INFO - Sync 1 DAGs
[2025-10-21T19:12:27.869+0000] {processor.py:183} INFO - Processing /opt/airflow/dags/bronze_dag_simple.py took 0.068 seconds
[2025-10-21T19:26:45.324+0000] {processor.py:161} INFO - Started process (PID=90) to work on /opt/airflow/dags/bronze_dag_simple.py
[2025-10-21T19:26:45.325+0000] {processor.py:830} INFO - Processing file /opt/airflow/dags/bronze_dag_simple.py for tasks to queue
[2025-10-21T19:26:45.326+0000] {logging_mixin.py:188} INFO - [2025-10-21T19:26:45.326+0000] {dagbag.py:540} INFO - Filling up the DagBag from /opt/airflow/dags/bronze_dag_simple.py
[2025-10-21T19:26:45.344+0000] {processor.py:840} INFO - DAG(s) 'bronze_layer_ingestion_simple' retrieved from /opt/airflow/dags/bronze_dag_simple.py
[2025-10-21T19:26:45.438+0000] {logging_mixin.py:188} INFO - [2025-10-21T19:26:45.438+0000] {dag.py:3096} INFO - Sync 1 DAGs
[2025-10-21T19:26:45.468+0000] {processor.py:183} INFO - Processing /opt/airflow/dags/bronze_dag_simple.py took 0.149 seconds
[2025-10-21T19:27:15.541+0000] {processor.py:161} INFO - Started process (PID=97) to work on /opt/airflow/dags/bronze_dag_simple.py
[2025-10-21T19:27:15.541+0000] {processor.py:830} INFO - Processing file /opt/airflow/dags/bronze_dag_simple.py for tasks to queue
[2025-10-21T19:27:15.544+0000] {logging_mixin.py:188} INFO - [2025-10-21T19:27:15.543+0000] {dagbag.py:540} INFO - Filling up the DagBag from /opt/airflow/dags/bronze_dag_simple.py
[2025-10-21T19:27:15.560+0000] {processor.py:840} INFO - DAG(s) 'bronze_layer_ingestion_simple' retrieved from /opt/airflow/dags/bronze_dag_simple.py
[2025-10-21T19:27:15.576+0000] {logging_mixin.py:188} INFO - [2025-10-21T19:27:15.576+0000] {dag.py:3096} INFO - Sync 1 DAGs
[2025-10-21T19:27:15.609+0000] {processor.py:183} INFO - Processing /opt/airflow/dags/bronze_dag_simple.py took 0.073 seconds
[2025-10-21T19:28:13.732+0000] {processor.py:161} INFO - Started process (PID=104) to work on /opt/airflow/dags/bronze_dag_simple.py
[2025-10-21T19:28:13.733+0000] {processor.py:830} INFO - Processing file /opt/airflow/dags/bronze_dag_simple.py for tasks to queue
[2025-10-21T19:28:13.735+0000] {logging_mixin.py:188} INFO - [2025-10-21T19:28:13.734+0000] {dagbag.py:540} INFO - Filling up the DagBag from /opt/airflow/dags/bronze_dag_simple.py
[2025-10-21T19:28:13.751+0000] {processor.py:840} INFO - DAG(s) 'bronze_layer_ingestion_simple' retrieved from /opt/airflow/dags/bronze_dag_simple.py
[2025-10-21T19:28:13.770+0000] {logging_mixin.py:188} INFO - [2025-10-21T19:28:13.770+0000] {dag.py:3096} INFO - Sync 1 DAGs
[2025-10-21T19:28:13.787+0000] {logging_mixin.py:188} INFO - [2025-10-21T19:28:13.787+0000] {dag.py:3954} INFO - Setting next_dagrun for bronze_layer_ingestion_simple to 2025-10-21 18:00:00+00:00, run_after=2025-10-22 18:00:00+00:00
[2025-10-21T19:28:13.801+0000] {processor.py:183} INFO - Processing /opt/airflow/dags/bronze_dag_simple.py took 0.075 seconds
[2025-10-21T19:28:43.993+0000] {processor.py:161} INFO - Started process (PID=107) to work on /opt/airflow/dags/bronze_dag_simple.py
[2025-10-21T19:28:43.994+0000] {processor.py:830} INFO - Processing file /opt/airflow/dags/bronze_dag_simple.py for tasks to queue
[2025-10-21T19:28:43.996+0000] {logging_mixin.py:188} INFO - [2025-10-21T19:28:43.996+0000] {dagbag.py:540} INFO - Filling up the DagBag from /opt/airflow/dags/bronze_dag_simple.py
[2025-10-21T19:28:44.011+0000] {processor.py:840} INFO - DAG(s) 'bronze_layer_ingestion_simple' retrieved from /opt/airflow/dags/bronze_dag_simple.py
[2025-10-21T19:28:44.026+0000] {logging_mixin.py:188} INFO - [2025-10-21T19:28:44.026+0000] {dag.py:3096} INFO - Sync 1 DAGs
[2025-10-21T19:28:44.041+0000] {logging_mixin.py:188} INFO - [2025-10-21T19:28:44.041+0000] {dag.py:3954} INFO - Setting next_dagrun for bronze_layer_ingestion_simple to 2025-10-21 18:00:00+00:00, run_after=2025-10-22 18:00:00+00:00
[2025-10-21T19:28:44.055+0000] {processor.py:183} INFO - Processing /opt/airflow/dags/bronze_dag_simple.py took 0.066 seconds
[2025-10-21T19:29:14.376+0000] {processor.py:161} INFO - Started process (PID=110) to work on /opt/airflow/dags/bronze_dag_simple.py
[2025-10-21T19:29:14.377+0000] {processor.py:830} INFO - Processing file /opt/airflow/dags/bronze_dag_simple.py for tasks to queue
[2025-10-21T19:29:14.379+0000] {logging_mixin.py:188} INFO - [2025-10-21T19:29:14.378+0000] {dagbag.py:540} INFO - Filling up the DagBag from /opt/airflow/dags/bronze_dag_simple.py
[2025-10-21T19:29:14.394+0000] {processor.py:840} INFO - DAG(s) 'bronze_layer_ingestion_simple' retrieved from /opt/airflow/dags/bronze_dag_simple.py
[2025-10-21T19:29:14.410+0000] {logging_mixin.py:188} INFO - [2025-10-21T19:29:14.410+0000] {dag.py:3096} INFO - Sync 1 DAGs
[2025-10-21T19:29:14.426+0000] {logging_mixin.py:188} INFO - [2025-10-21T19:29:14.426+0000] {dag.py:3954} INFO - Setting next_dagrun for bronze_layer_ingestion_simple to 2025-10-21 18:00:00+00:00, run_after=2025-10-22 18:00:00+00:00
[2025-10-21T19:29:14.441+0000] {processor.py:183} INFO - Processing /opt/airflow/dags/bronze_dag_simple.py took 0.069 seconds
[2025-10-21T19:29:44.636+0000] {processor.py:161} INFO - Started process (PID=113) to work on /opt/airflow/dags/bronze_dag_simple.py
[2025-10-21T19:29:44.638+0000] {processor.py:830} INFO - Processing file /opt/airflow/dags/bronze_dag_simple.py for tasks to queue
[2025-10-21T19:29:44.640+0000] {logging_mixin.py:188} INFO - [2025-10-21T19:29:44.640+0000] {dagbag.py:540} INFO - Filling up the DagBag from /opt/airflow/dags/bronze_dag_simple.py
[2025-10-21T19:29:44.657+0000] {processor.py:840} INFO - DAG(s) 'bronze_layer_ingestion_simple' retrieved from /opt/airflow/dags/bronze_dag_simple.py
[2025-10-21T19:29:44.674+0000] {logging_mixin.py:188} INFO - [2025-10-21T19:29:44.674+0000] {dag.py:3096} INFO - Sync 1 DAGs
[2025-10-21T19:29:44.691+0000] {logging_mixin.py:188} INFO - [2025-10-21T19:29:44.691+0000] {dag.py:3954} INFO - Setting next_dagrun for bronze_layer_ingestion_simple to 2025-10-21 18:00:00+00:00, run_after=2025-10-22 18:00:00+00:00
[2025-10-21T19:29:44.705+0000] {processor.py:183} INFO - Processing /opt/airflow/dags/bronze_dag_simple.py took 0.074 seconds
[2025-10-21T19:30:46.324+0000] {processor.py:161} INFO - Started process (PID=116) to work on /opt/airflow/dags/bronze_dag_simple.py
[2025-10-21T19:30:46.325+0000] {processor.py:830} INFO - Processing file /opt/airflow/dags/bronze_dag_simple.py for tasks to queue
[2025-10-21T19:30:46.327+0000] {logging_mixin.py:188} INFO - [2025-10-21T19:30:46.326+0000] {dagbag.py:540} INFO - Filling up the DagBag from /opt/airflow/dags/bronze_dag_simple.py
[2025-10-21T19:30:46.342+0000] {processor.py:840} INFO - DAG(s) 'bronze_layer_ingestion_simple' retrieved from /opt/airflow/dags/bronze_dag_simple.py
[2025-10-21T19:30:46.357+0000] {logging_mixin.py:188} INFO - [2025-10-21T19:30:46.357+0000] {dag.py:3096} INFO - Sync 1 DAGs
[2025-10-21T19:30:46.373+0000] {logging_mixin.py:188} INFO - [2025-10-21T19:30:46.373+0000] {dag.py:3954} INFO - Setting next_dagrun for bronze_layer_ingestion_simple to 2025-10-21 18:00:00+00:00, run_after=2025-10-22 18:00:00+00:00
[2025-10-21T19:30:46.387+0000] {processor.py:183} INFO - Processing /opt/airflow/dags/bronze_dag_simple.py took 0.067 seconds
[2025-10-21T19:31:16.782+0000] {processor.py:161} INFO - Started process (PID=119) to work on /opt/airflow/dags/bronze_dag_simple.py
[2025-10-21T19:31:16.783+0000] {processor.py:830} INFO - Processing file /opt/airflow/dags/bronze_dag_simple.py for tasks to queue
[2025-10-21T19:31:16.785+0000] {logging_mixin.py:188} INFO - [2025-10-21T19:31:16.784+0000] {dagbag.py:540} INFO - Filling up the DagBag from /opt/airflow/dags/bronze_dag_simple.py
[2025-10-21T19:31:16.800+0000] {processor.py:840} INFO - DAG(s) 'bronze_layer_ingestion_simple' retrieved from /opt/airflow/dags/bronze_dag_simple.py
[2025-10-21T19:31:16.815+0000] {logging_mixin.py:188} INFO - [2025-10-21T19:31:16.815+0000] {dag.py:3096} INFO - Sync 1 DAGs
[2025-10-21T19:31:16.832+0000] {logging_mixin.py:188} INFO - [2025-10-21T19:31:16.832+0000] {dag.py:3954} INFO - Setting next_dagrun for bronze_layer_ingestion_simple to 2025-10-21 18:00:00+00:00, run_after=2025-10-22 18:00:00+00:00
[2025-10-21T19:31:16.847+0000] {processor.py:183} INFO - Processing /opt/airflow/dags/bronze_dag_simple.py took 0.070 seconds
[2025-10-21T19:31:47.802+0000] {processor.py:161} INFO - Started process (PID=122) to work on /opt/airflow/dags/bronze_dag_simple.py
[2025-10-21T19:31:47.802+0000] {processor.py:830} INFO - Processing file /opt/airflow/dags/bronze_dag_simple.py for tasks to queue
[2025-10-21T19:31:47.804+0000] {logging_mixin.py:188} INFO - [2025-10-21T19:31:47.804+0000] {dagbag.py:540} INFO - Filling up the DagBag from /opt/airflow/dags/bronze_dag_simple.py
[2025-10-21T19:31:47.819+0000] {processor.py:840} INFO - DAG(s) 'bronze_layer_ingestion_simple' retrieved from /opt/airflow/dags/bronze_dag_simple.py
[2025-10-21T19:31:47.836+0000] {logging_mixin.py:188} INFO - [2025-10-21T19:31:47.836+0000] {dag.py:3096} INFO - Sync 1 DAGs
[2025-10-21T19:31:47.851+0000] {logging_mixin.py:188} INFO - [2025-10-21T19:31:47.851+0000] {dag.py:3954} INFO - Setting next_dagrun for bronze_layer_ingestion_simple to 2025-10-21 18:00:00+00:00, run_after=2025-10-22 18:00:00+00:00
[2025-10-21T19:31:47.866+0000] {processor.py:183} INFO - Processing /opt/airflow/dags/bronze_dag_simple.py took 0.069 seconds
[2025-10-21T19:32:18.642+0000] {processor.py:161} INFO - Started process (PID=125) to work on /opt/airflow/dags/bronze_dag_simple.py
[2025-10-21T19:32:18.642+0000] {processor.py:830} INFO - Processing file /opt/airflow/dags/bronze_dag_simple.py for tasks to queue
[2025-10-21T19:32:18.644+0000] {logging_mixin.py:188} INFO - [2025-10-21T19:32:18.644+0000] {dagbag.py:540} INFO - Filling up the DagBag from /opt/airflow/dags/bronze_dag_simple.py
[2025-10-21T19:32:18.658+0000] {processor.py:840} INFO - DAG(s) 'bronze_layer_ingestion_simple' retrieved from /opt/airflow/dags/bronze_dag_simple.py
[2025-10-21T19:32:18.672+0000] {logging_mixin.py:188} INFO - [2025-10-21T19:32:18.672+0000] {dag.py:3096} INFO - Sync 1 DAGs
[2025-10-21T19:32:18.686+0000] {logging_mixin.py:188} INFO - [2025-10-21T19:32:18.686+0000] {dag.py:3954} INFO - Setting next_dagrun for bronze_layer_ingestion_simple to 2025-10-21 18:00:00+00:00, run_after=2025-10-22 18:00:00+00:00
[2025-10-21T19:32:18.699+0000] {processor.py:183} INFO - Processing /opt/airflow/dags/bronze_dag_simple.py took 0.061 seconds
[2025-10-21T19:32:49.584+0000] {processor.py:161} INFO - Started process (PID=128) to work on /opt/airflow/dags/bronze_dag_simple.py
[2025-10-21T19:32:49.585+0000] {processor.py:830} INFO - Processing file /opt/airflow/dags/bronze_dag_simple.py for tasks to queue
[2025-10-21T19:32:49.587+0000] {logging_mixin.py:188} INFO - [2025-10-21T19:32:49.587+0000] {dagbag.py:540} INFO - Filling up the DagBag from /opt/airflow/dags/bronze_dag_simple.py
[2025-10-21T19:32:49.602+0000] {processor.py:840} INFO - DAG(s) 'bronze_layer_ingestion_simple' retrieved from /opt/airflow/dags/bronze_dag_simple.py
[2025-10-21T19:32:49.618+0000] {logging_mixin.py:188} INFO - [2025-10-21T19:32:49.618+0000] {dag.py:3096} INFO - Sync 1 DAGs
[2025-10-21T19:32:49.634+0000] {logging_mixin.py:188} INFO - [2025-10-21T19:32:49.634+0000] {dag.py:3954} INFO - Setting next_dagrun for bronze_layer_ingestion_simple to 2025-10-21 18:00:00+00:00, run_after=2025-10-22 18:00:00+00:00
[2025-10-21T19:32:49.649+0000] {processor.py:183} INFO - Processing /opt/airflow/dags/bronze_dag_simple.py took 0.069 seconds
[2025-10-21T19:33:19.796+0000] {processor.py:161} INFO - Started process (PID=131) to work on /opt/airflow/dags/bronze_dag_simple.py
[2025-10-21T19:33:19.796+0000] {processor.py:830} INFO - Processing file /opt/airflow/dags/bronze_dag_simple.py for tasks to queue
[2025-10-21T19:33:19.798+0000] {logging_mixin.py:188} INFO - [2025-10-21T19:33:19.797+0000] {dagbag.py:540} INFO - Filling up the DagBag from /opt/airflow/dags/bronze_dag_simple.py
[2025-10-21T19:33:19.812+0000] {processor.py:840} INFO - DAG(s) 'bronze_layer_ingestion_simple' retrieved from /opt/airflow/dags/bronze_dag_simple.py
[2025-10-21T19:33:19.827+0000] {logging_mixin.py:188} INFO - [2025-10-21T19:33:19.827+0000] {dag.py:3096} INFO - Sync 1 DAGs
[2025-10-21T19:33:19.842+0000] {logging_mixin.py:188} INFO - [2025-10-21T19:33:19.842+0000] {dag.py:3954} INFO - Setting next_dagrun for bronze_layer_ingestion_simple to 2025-10-21 18:00:00+00:00, run_after=2025-10-22 18:00:00+00:00
[2025-10-21T19:33:19.856+0000] {processor.py:183} INFO - Processing /opt/airflow/dags/bronze_dag_simple.py took 0.064 seconds
[2025-10-21T19:33:50.489+0000] {processor.py:161} INFO - Started process (PID=134) to work on /opt/airflow/dags/bronze_dag_simple.py
[2025-10-21T19:33:50.490+0000] {processor.py:830} INFO - Processing file /opt/airflow/dags/bronze_dag_simple.py for tasks to queue
[2025-10-21T19:33:50.492+0000] {logging_mixin.py:188} INFO - [2025-10-21T19:33:50.491+0000] {dagbag.py:540} INFO - Filling up the DagBag from /opt/airflow/dags/bronze_dag_simple.py
[2025-10-21T19:33:50.507+0000] {processor.py:840} INFO - DAG(s) 'bronze_layer_ingestion_simple' retrieved from /opt/airflow/dags/bronze_dag_simple.py
[2025-10-21T19:33:50.524+0000] {logging_mixin.py:188} INFO - [2025-10-21T19:33:50.523+0000] {dag.py:3096} INFO - Sync 1 DAGs
[2025-10-21T19:33:50.540+0000] {logging_mixin.py:188} INFO - [2025-10-21T19:33:50.540+0000] {dag.py:3954} INFO - Setting next_dagrun for bronze_layer_ingestion_simple to 2025-10-21 18:00:00+00:00, run_after=2025-10-22 18:00:00+00:00
[2025-10-21T19:33:50.554+0000] {processor.py:183} INFO - Processing /opt/airflow/dags/bronze_dag_simple.py took 0.070 seconds
[2025-10-21T19:34:20.788+0000] {processor.py:161} INFO - Started process (PID=137) to work on /opt/airflow/dags/bronze_dag_simple.py
[2025-10-21T19:34:20.789+0000] {processor.py:830} INFO - Processing file /opt/airflow/dags/bronze_dag_simple.py for tasks to queue
[2025-10-21T19:34:20.791+0000] {logging_mixin.py:188} INFO - [2025-10-21T19:34:20.791+0000] {dagbag.py:540} INFO - Filling up the DagBag from /opt/airflow/dags/bronze_dag_simple.py
[2025-10-21T19:34:20.811+0000] {processor.py:840} INFO - DAG(s) 'bronze_layer_ingestion_simple' retrieved from /opt/airflow/dags/bronze_dag_simple.py
[2025-10-21T19:34:20.828+0000] {logging_mixin.py:188} INFO - [2025-10-21T19:34:20.828+0000] {dag.py:3096} INFO - Sync 1 DAGs
[2025-10-21T19:34:20.847+0000] {logging_mixin.py:188} INFO - [2025-10-21T19:34:20.846+0000] {dag.py:3954} INFO - Setting next_dagrun for bronze_layer_ingestion_simple to 2025-10-21 18:00:00+00:00, run_after=2025-10-22 18:00:00+00:00
[2025-10-21T19:34:20.861+0000] {processor.py:183} INFO - Processing /opt/airflow/dags/bronze_dag_simple.py took 0.080 seconds
[2025-10-21T19:35:06.402+0000] {processor.py:161} INFO - Started process (PID=140) to work on /opt/airflow/dags/bronze_dag_simple.py
[2025-10-21T19:35:06.402+0000] {processor.py:830} INFO - Processing file /opt/airflow/dags/bronze_dag_simple.py for tasks to queue
[2025-10-21T19:35:06.404+0000] {logging_mixin.py:188} INFO - [2025-10-21T19:35:06.404+0000] {dagbag.py:540} INFO - Filling up the DagBag from /opt/airflow/dags/bronze_dag_simple.py
[2025-10-21T19:35:06.419+0000] {processor.py:840} INFO - DAG(s) 'bronze_layer_ingestion_simple' retrieved from /opt/airflow/dags/bronze_dag_simple.py
[2025-10-21T19:35:06.435+0000] {logging_mixin.py:188} INFO - [2025-10-21T19:35:06.435+0000] {dag.py:3096} INFO - Sync 1 DAGs
[2025-10-21T19:35:06.451+0000] {logging_mixin.py:188} INFO - [2025-10-21T19:35:06.451+0000] {dag.py:3954} INFO - Setting next_dagrun for bronze_layer_ingestion_simple to 2025-10-21 18:00:00+00:00, run_after=2025-10-22 18:00:00+00:00
[2025-10-21T19:35:06.465+0000] {processor.py:183} INFO - Processing /opt/airflow/dags/bronze_dag_simple.py took 0.068 seconds
[2025-10-21T19:35:36.655+0000] {processor.py:161} INFO - Started process (PID=143) to work on /opt/airflow/dags/bronze_dag_simple.py
[2025-10-21T19:35:36.656+0000] {processor.py:830} INFO - Processing file /opt/airflow/dags/bronze_dag_simple.py for tasks to queue
[2025-10-21T19:35:36.657+0000] {logging_mixin.py:188} INFO - [2025-10-21T19:35:36.657+0000] {dagbag.py:540} INFO - Filling up the DagBag from /opt/airflow/dags/bronze_dag_simple.py
[2025-10-21T19:35:36.671+0000] {processor.py:840} INFO - DAG(s) 'bronze_layer_ingestion_simple' retrieved from /opt/airflow/dags/bronze_dag_simple.py
[2025-10-21T19:35:36.686+0000] {logging_mixin.py:188} INFO - [2025-10-21T19:35:36.686+0000] {dag.py:3096} INFO - Sync 1 DAGs
[2025-10-21T19:35:36.701+0000] {logging_mixin.py:188} INFO - [2025-10-21T19:35:36.701+0000] {dag.py:3954} INFO - Setting next_dagrun for bronze_layer_ingestion_simple to 2025-10-21 18:00:00+00:00, run_after=2025-10-22 18:00:00+00:00
[2025-10-21T19:35:36.714+0000] {processor.py:183} INFO - Processing /opt/airflow/dags/bronze_dag_simple.py took 0.063 seconds
[2025-10-21T19:36:07.603+0000] {processor.py:161} INFO - Started process (PID=146) to work on /opt/airflow/dags/bronze_dag_simple.py
[2025-10-21T19:36:07.604+0000] {processor.py:830} INFO - Processing file /opt/airflow/dags/bronze_dag_simple.py for tasks to queue
[2025-10-21T19:36:07.606+0000] {logging_mixin.py:188} INFO - [2025-10-21T19:36:07.606+0000] {dagbag.py:540} INFO - Filling up the DagBag from /opt/airflow/dags/bronze_dag_simple.py
[2025-10-21T19:36:07.621+0000] {processor.py:840} INFO - DAG(s) 'bronze_layer_ingestion_simple' retrieved from /opt/airflow/dags/bronze_dag_simple.py
[2025-10-21T19:36:07.638+0000] {logging_mixin.py:188} INFO - [2025-10-21T19:36:07.637+0000] {dag.py:3096} INFO - Sync 1 DAGs
[2025-10-21T19:36:07.654+0000] {logging_mixin.py:188} INFO - [2025-10-21T19:36:07.654+0000] {dag.py:3954} INFO - Setting next_dagrun for bronze_layer_ingestion_simple to 2025-10-21 18:00:00+00:00, run_after=2025-10-22 18:00:00+00:00
[2025-10-21T19:36:07.668+0000] {processor.py:183} INFO - Processing /opt/airflow/dags/bronze_dag_simple.py took 0.069 seconds
[2025-10-21T19:36:37.887+0000] {processor.py:161} INFO - Started process (PID=149) to work on /opt/airflow/dags/bronze_dag_simple.py
[2025-10-21T19:36:37.888+0000] {processor.py:830} INFO - Processing file /opt/airflow/dags/bronze_dag_simple.py for tasks to queue
[2025-10-21T19:36:37.889+0000] {logging_mixin.py:188} INFO - [2025-10-21T19:36:37.889+0000] {dagbag.py:540} INFO - Filling up the DagBag from /opt/airflow/dags/bronze_dag_simple.py
[2025-10-21T19:36:37.904+0000] {processor.py:840} INFO - DAG(s) 'bronze_layer_ingestion_simple' retrieved from /opt/airflow/dags/bronze_dag_simple.py
[2025-10-21T19:36:37.920+0000] {logging_mixin.py:188} INFO - [2025-10-21T19:36:37.920+0000] {dag.py:3096} INFO - Sync 1 DAGs
[2025-10-21T19:36:37.936+0000] {logging_mixin.py:188} INFO - [2025-10-21T19:36:37.936+0000] {dag.py:3954} INFO - Setting next_dagrun for bronze_layer_ingestion_simple to 2025-10-21 18:00:00+00:00, run_after=2025-10-22 18:00:00+00:00
[2025-10-21T19:36:37.949+0000] {processor.py:183} INFO - Processing /opt/airflow/dags/bronze_dag_simple.py took 0.067 seconds
[2025-10-21T19:37:37.884+0000] {processor.py:161} INFO - Started process (PID=152) to work on /opt/airflow/dags/bronze_dag_simple.py
[2025-10-21T19:37:37.885+0000] {processor.py:830} INFO - Processing file /opt/airflow/dags/bronze_dag_simple.py for tasks to queue
[2025-10-21T19:37:37.886+0000] {logging_mixin.py:188} INFO - [2025-10-21T19:37:37.886+0000] {dagbag.py:540} INFO - Filling up the DagBag from /opt/airflow/dags/bronze_dag_simple.py
[2025-10-21T19:37:37.901+0000] {processor.py:840} INFO - DAG(s) 'bronze_layer_ingestion_simple' retrieved from /opt/airflow/dags/bronze_dag_simple.py
[2025-10-21T19:37:37.917+0000] {logging_mixin.py:188} INFO - [2025-10-21T19:37:37.917+0000] {dag.py:3096} INFO - Sync 1 DAGs
[2025-10-21T19:37:37.933+0000] {logging_mixin.py:188} INFO - [2025-10-21T19:37:37.933+0000] {dag.py:3954} INFO - Setting next_dagrun for bronze_layer_ingestion_simple to 2025-10-21 18:00:00+00:00, run_after=2025-10-22 18:00:00+00:00
[2025-10-21T19:37:37.946+0000] {processor.py:183} INFO - Processing /opt/airflow/dags/bronze_dag_simple.py took 0.067 seconds
[2025-10-21T19:38:27.242+0000] {processor.py:161} INFO - Started process (PID=155) to work on /opt/airflow/dags/bronze_dag_simple.py
[2025-10-21T19:38:27.243+0000] {processor.py:830} INFO - Processing file /opt/airflow/dags/bronze_dag_simple.py for tasks to queue
[2025-10-21T19:38:27.245+0000] {logging_mixin.py:188} INFO - [2025-10-21T19:38:27.244+0000] {dagbag.py:540} INFO - Filling up the DagBag from /opt/airflow/dags/bronze_dag_simple.py
[2025-10-21T19:38:27.260+0000] {processor.py:840} INFO - DAG(s) 'bronze_layer_ingestion_simple' retrieved from /opt/airflow/dags/bronze_dag_simple.py
[2025-10-21T19:38:27.276+0000] {logging_mixin.py:188} INFO - [2025-10-21T19:38:27.275+0000] {dag.py:3096} INFO - Sync 1 DAGs
[2025-10-21T19:38:27.292+0000] {logging_mixin.py:188} INFO - [2025-10-21T19:38:27.292+0000] {dag.py:3954} INFO - Setting next_dagrun for bronze_layer_ingestion_simple to 2025-10-21 18:00:00+00:00, run_after=2025-10-22 18:00:00+00:00
[2025-10-21T19:38:27.305+0000] {processor.py:183} INFO - Processing /opt/airflow/dags/bronze_dag_simple.py took 0.068 seconds
[2025-10-21T19:38:57.508+0000] {processor.py:161} INFO - Started process (PID=158) to work on /opt/airflow/dags/bronze_dag_simple.py
[2025-10-21T19:38:57.509+0000] {processor.py:830} INFO - Processing file /opt/airflow/dags/bronze_dag_simple.py for tasks to queue
[2025-10-21T19:38:57.510+0000] {logging_mixin.py:188} INFO - [2025-10-21T19:38:57.510+0000] {dagbag.py:540} INFO - Filling up the DagBag from /opt/airflow/dags/bronze_dag_simple.py
[2025-10-21T19:38:57.526+0000] {processor.py:840} INFO - DAG(s) 'bronze_layer_ingestion_simple' retrieved from /opt/airflow/dags/bronze_dag_simple.py
[2025-10-21T19:38:57.542+0000] {logging_mixin.py:188} INFO - [2025-10-21T19:38:57.541+0000] {dag.py:3096} INFO - Sync 1 DAGs
[2025-10-21T19:38:57.557+0000] {logging_mixin.py:188} INFO - [2025-10-21T19:38:57.557+0000] {dag.py:3954} INFO - Setting next_dagrun for bronze_layer_ingestion_simple to 2025-10-21 18:00:00+00:00, run_after=2025-10-22 18:00:00+00:00
[2025-10-21T19:38:57.571+0000] {processor.py:183} INFO - Processing /opt/airflow/dags/bronze_dag_simple.py took 0.068 seconds
[2025-10-21T19:39:27.644+0000] {processor.py:161} INFO - Started process (PID=161) to work on /opt/airflow/dags/bronze_dag_simple.py
[2025-10-21T19:39:27.645+0000] {processor.py:830} INFO - Processing file /opt/airflow/dags/bronze_dag_simple.py for tasks to queue
[2025-10-21T19:39:27.647+0000] {logging_mixin.py:188} INFO - [2025-10-21T19:39:27.647+0000] {dagbag.py:540} INFO - Filling up the DagBag from /opt/airflow/dags/bronze_dag_simple.py
[2025-10-21T19:39:27.662+0000] {processor.py:840} INFO - DAG(s) 'bronze_layer_ingestion_simple' retrieved from /opt/airflow/dags/bronze_dag_simple.py
[2025-10-21T19:39:27.678+0000] {logging_mixin.py:188} INFO - [2025-10-21T19:39:27.678+0000] {dag.py:3096} INFO - Sync 1 DAGs
[2025-10-21T19:39:27.695+0000] {logging_mixin.py:188} INFO - [2025-10-21T19:39:27.695+0000] {dag.py:3954} INFO - Setting next_dagrun for bronze_layer_ingestion_simple to 2025-10-21 18:00:00+00:00, run_after=2025-10-22 18:00:00+00:00
[2025-10-21T19:39:27.708+0000] {processor.py:183} INFO - Processing /opt/airflow/dags/bronze_dag_simple.py took 0.068 seconds
[2025-10-21T19:39:58.318+0000] {processor.py:161} INFO - Started process (PID=164) to work on /opt/airflow/dags/bronze_dag_simple.py
[2025-10-21T19:39:58.318+0000] {processor.py:830} INFO - Processing file /opt/airflow/dags/bronze_dag_simple.py for tasks to queue
[2025-10-21T19:39:58.321+0000] {logging_mixin.py:188} INFO - [2025-10-21T19:39:58.320+0000] {dagbag.py:540} INFO - Filling up the DagBag from /opt/airflow/dags/bronze_dag_simple.py
[2025-10-21T19:39:58.335+0000] {processor.py:840} INFO - DAG(s) 'bronze_layer_ingestion_simple' retrieved from /opt/airflow/dags/bronze_dag_simple.py
[2025-10-21T19:39:58.351+0000] {logging_mixin.py:188} INFO - [2025-10-21T19:39:58.351+0000] {dag.py:3096} INFO - Sync 1 DAGs
[2025-10-21T19:39:58.367+0000] {logging_mixin.py:188} INFO - [2025-10-21T19:39:58.367+0000] {dag.py:3954} INFO - Setting next_dagrun for bronze_layer_ingestion_simple to 2025-10-21 18:00:00+00:00, run_after=2025-10-22 18:00:00+00:00
[2025-10-21T19:39:58.380+0000] {processor.py:183} INFO - Processing /opt/airflow/dags/bronze_dag_simple.py took 0.067 seconds
[2025-10-21T19:40:28.581+0000] {processor.py:161} INFO - Started process (PID=167) to work on /opt/airflow/dags/bronze_dag_simple.py
[2025-10-21T19:40:28.582+0000] {processor.py:830} INFO - Processing file /opt/airflow/dags/bronze_dag_simple.py for tasks to queue
[2025-10-21T19:40:28.583+0000] {logging_mixin.py:188} INFO - [2025-10-21T19:40:28.583+0000] {dagbag.py:540} INFO - Filling up the DagBag from /opt/airflow/dags/bronze_dag_simple.py
[2025-10-21T19:40:28.598+0000] {processor.py:840} INFO - DAG(s) 'bronze_layer_ingestion_simple' retrieved from /opt/airflow/dags/bronze_dag_simple.py
[2025-10-21T19:40:28.615+0000] {logging_mixin.py:188} INFO - [2025-10-21T19:40:28.615+0000] {dag.py:3096} INFO - Sync 1 DAGs
[2025-10-21T19:40:28.631+0000] {logging_mixin.py:188} INFO - [2025-10-21T19:40:28.631+0000] {dag.py:3954} INFO - Setting next_dagrun for bronze_layer_ingestion_simple to 2025-10-21 18:00:00+00:00, run_after=2025-10-22 18:00:00+00:00
[2025-10-21T19:40:28.644+0000] {processor.py:183} INFO - Processing /opt/airflow/dags/bronze_dag_simple.py took 0.068 seconds
[2025-10-21T19:41:11.262+0000] {processor.py:161} INFO - Started process (PID=170) to work on /opt/airflow/dags/bronze_dag_simple.py
[2025-10-21T19:41:11.263+0000] {processor.py:830} INFO - Processing file /opt/airflow/dags/bronze_dag_simple.py for tasks to queue
[2025-10-21T19:41:11.265+0000] {logging_mixin.py:188} INFO - [2025-10-21T19:41:11.264+0000] {dagbag.py:540} INFO - Filling up the DagBag from /opt/airflow/dags/bronze_dag_simple.py
[2025-10-21T19:41:11.280+0000] {processor.py:840} INFO - DAG(s) 'bronze_layer_ingestion_simple' retrieved from /opt/airflow/dags/bronze_dag_simple.py
[2025-10-21T19:41:11.297+0000] {logging_mixin.py:188} INFO - [2025-10-21T19:41:11.297+0000] {dag.py:3096} INFO - Sync 1 DAGs
[2025-10-21T19:41:11.314+0000] {logging_mixin.py:188} INFO - [2025-10-21T19:41:11.314+0000] {dag.py:3954} INFO - Setting next_dagrun for bronze_layer_ingestion_simple to 2025-10-21 18:00:00+00:00, run_after=2025-10-22 18:00:00+00:00
[2025-10-21T19:41:11.327+0000] {processor.py:183} INFO - Processing /opt/airflow/dags/bronze_dag_simple.py took 0.070 seconds
[2025-10-21T19:42:09.761+0000] {processor.py:161} INFO - Started process (PID=173) to work on /opt/airflow/dags/bronze_dag_simple.py
[2025-10-21T19:42:09.762+0000] {processor.py:830} INFO - Processing file /opt/airflow/dags/bronze_dag_simple.py for tasks to queue
[2025-10-21T19:42:09.764+0000] {logging_mixin.py:188} INFO - [2025-10-21T19:42:09.763+0000] {dagbag.py:540} INFO - Filling up the DagBag from /opt/airflow/dags/bronze_dag_simple.py
[2025-10-21T19:42:09.779+0000] {processor.py:840} INFO - DAG(s) 'bronze_layer_ingestion_simple' retrieved from /opt/airflow/dags/bronze_dag_simple.py
[2025-10-21T19:42:09.795+0000] {logging_mixin.py:188} INFO - [2025-10-21T19:42:09.794+0000] {dag.py:3096} INFO - Sync 1 DAGs
[2025-10-21T19:42:09.811+0000] {logging_mixin.py:188} INFO - [2025-10-21T19:42:09.811+0000] {dag.py:3954} INFO - Setting next_dagrun for bronze_layer_ingestion_simple to 2025-10-21 18:00:00+00:00, run_after=2025-10-22 18:00:00+00:00
[2025-10-21T19:42:09.824+0000] {processor.py:183} INFO - Processing /opt/airflow/dags/bronze_dag_simple.py took 0.068 seconds
[2025-10-21T19:42:40.726+0000] {processor.py:161} INFO - Started process (PID=176) to work on /opt/airflow/dags/bronze_dag_simple.py
[2025-10-21T19:42:40.727+0000] {processor.py:830} INFO - Processing file /opt/airflow/dags/bronze_dag_simple.py for tasks to queue
[2025-10-21T19:42:40.728+0000] {logging_mixin.py:188} INFO - [2025-10-21T19:42:40.728+0000] {dagbag.py:540} INFO - Filling up the DagBag from /opt/airflow/dags/bronze_dag_simple.py
[2025-10-21T19:42:40.743+0000] {processor.py:840} INFO - DAG(s) 'bronze_layer_ingestion_simple' retrieved from /opt/airflow/dags/bronze_dag_simple.py
[2025-10-21T19:42:40.759+0000] {logging_mixin.py:188} INFO - [2025-10-21T19:42:40.759+0000] {dag.py:3096} INFO - Sync 1 DAGs
[2025-10-21T19:42:40.775+0000] {logging_mixin.py:188} INFO - [2025-10-21T19:42:40.775+0000] {dag.py:3954} INFO - Setting next_dagrun for bronze_layer_ingestion_simple to 2025-10-21 18:00:00+00:00, run_after=2025-10-22 18:00:00+00:00
[2025-10-21T19:42:40.789+0000] {processor.py:183} INFO - Processing /opt/airflow/dags/bronze_dag_simple.py took 0.067 seconds
[2025-10-21T19:43:31.389+0000] {processor.py:161} INFO - Started process (PID=179) to work on /opt/airflow/dags/bronze_dag_simple.py
[2025-10-21T19:43:31.389+0000] {processor.py:830} INFO - Processing file /opt/airflow/dags/bronze_dag_simple.py for tasks to queue
[2025-10-21T19:43:31.392+0000] {logging_mixin.py:188} INFO - [2025-10-21T19:43:31.392+0000] {dagbag.py:540} INFO - Filling up the DagBag from /opt/airflow/dags/bronze_dag_simple.py
[2025-10-21T19:43:31.407+0000] {processor.py:840} INFO - DAG(s) 'bronze_layer_ingestion_simple' retrieved from /opt/airflow/dags/bronze_dag_simple.py
[2025-10-21T19:43:31.424+0000] {logging_mixin.py:188} INFO - [2025-10-21T19:43:31.424+0000] {dag.py:3096} INFO - Sync 1 DAGs
[2025-10-21T19:43:31.441+0000] {logging_mixin.py:188} INFO - [2025-10-21T19:43:31.440+0000] {dag.py:3954} INFO - Setting next_dagrun for bronze_layer_ingestion_simple to 2025-10-21 18:00:00+00:00, run_after=2025-10-22 18:00:00+00:00
[2025-10-21T19:43:31.455+0000] {processor.py:183} INFO - Processing /opt/airflow/dags/bronze_dag_simple.py took 0.071 seconds
[2025-10-21T19:44:01.633+0000] {processor.py:161} INFO - Started process (PID=182) to work on /opt/airflow/dags/bronze_dag_simple.py
[2025-10-21T19:44:01.633+0000] {processor.py:830} INFO - Processing file /opt/airflow/dags/bronze_dag_simple.py for tasks to queue
[2025-10-21T19:44:01.635+0000] {logging_mixin.py:188} INFO - [2025-10-21T19:44:01.635+0000] {dagbag.py:540} INFO - Filling up the DagBag from /opt/airflow/dags/bronze_dag_simple.py
[2025-10-21T19:44:01.649+0000] {processor.py:840} INFO - DAG(s) 'bronze_layer_ingestion_simple' retrieved from /opt/airflow/dags/bronze_dag_simple.py
[2025-10-21T19:44:01.664+0000] {logging_mixin.py:188} INFO - [2025-10-21T19:44:01.664+0000] {dag.py:3096} INFO - Sync 1 DAGs
[2025-10-21T19:44:01.680+0000] {logging_mixin.py:188} INFO - [2025-10-21T19:44:01.679+0000] {dag.py:3954} INFO - Setting next_dagrun for bronze_layer_ingestion_simple to 2025-10-21 18:00:00+00:00, run_after=2025-10-22 18:00:00+00:00
[2025-10-21T19:44:01.695+0000] {processor.py:183} INFO - Processing /opt/airflow/dags/bronze_dag_simple.py took 0.067 seconds
[2025-10-21T19:44:32.242+0000] {processor.py:161} INFO - Started process (PID=185) to work on /opt/airflow/dags/bronze_dag_simple.py
[2025-10-21T19:44:32.243+0000] {processor.py:830} INFO - Processing file /opt/airflow/dags/bronze_dag_simple.py for tasks to queue
[2025-10-21T19:44:32.245+0000] {logging_mixin.py:188} INFO - [2025-10-21T19:44:32.245+0000] {dagbag.py:540} INFO - Filling up the DagBag from /opt/airflow/dags/bronze_dag_simple.py
[2025-10-21T19:44:32.260+0000] {processor.py:840} INFO - DAG(s) 'bronze_layer_ingestion_simple' retrieved from /opt/airflow/dags/bronze_dag_simple.py
[2025-10-21T19:44:32.276+0000] {logging_mixin.py:188} INFO - [2025-10-21T19:44:32.276+0000] {dag.py:3096} INFO - Sync 1 DAGs
[2025-10-21T19:44:32.291+0000] {logging_mixin.py:188} INFO - [2025-10-21T19:44:32.291+0000] {dag.py:3954} INFO - Setting next_dagrun for bronze_layer_ingestion_simple to 2025-10-21 18:00:00+00:00, run_after=2025-10-22 18:00:00+00:00
[2025-10-21T19:44:32.305+0000] {processor.py:183} INFO - Processing /opt/airflow/dags/bronze_dag_simple.py took 0.068 seconds
[2025-10-21T19:45:11.881+0000] {processor.py:161} INFO - Started process (PID=188) to work on /opt/airflow/dags/bronze_dag_simple.py
[2025-10-21T19:45:11.882+0000] {processor.py:830} INFO - Processing file /opt/airflow/dags/bronze_dag_simple.py for tasks to queue
[2025-10-21T19:45:11.884+0000] {logging_mixin.py:188} INFO - [2025-10-21T19:45:11.884+0000] {dagbag.py:540} INFO - Filling up the DagBag from /opt/airflow/dags/bronze_dag_simple.py
[2025-10-21T19:45:11.902+0000] {processor.py:840} INFO - DAG(s) 'bronze_layer_ingestion_simple' retrieved from /opt/airflow/dags/bronze_dag_simple.py
[2025-10-21T19:45:11.923+0000] {logging_mixin.py:188} INFO - [2025-10-21T19:45:11.922+0000] {dag.py:3096} INFO - Sync 1 DAGs
[2025-10-21T19:45:11.941+0000] {logging_mixin.py:188} INFO - [2025-10-21T19:45:11.941+0000] {dag.py:3954} INFO - Setting next_dagrun for bronze_layer_ingestion_simple to 2025-10-21 18:00:00+00:00, run_after=2025-10-22 18:00:00+00:00
[2025-10-21T19:45:11.958+0000] {processor.py:183} INFO - Processing /opt/airflow/dags/bronze_dag_simple.py took 0.082 seconds
[2025-10-21T19:45:42.169+0000] {processor.py:161} INFO - Started process (PID=191) to work on /opt/airflow/dags/bronze_dag_simple.py
[2025-10-21T19:45:42.170+0000] {processor.py:830} INFO - Processing file /opt/airflow/dags/bronze_dag_simple.py for tasks to queue
[2025-10-21T19:45:42.171+0000] {logging_mixin.py:188} INFO - [2025-10-21T19:45:42.171+0000] {dagbag.py:540} INFO - Filling up the DagBag from /opt/airflow/dags/bronze_dag_simple.py
[2025-10-21T19:45:42.187+0000] {processor.py:840} INFO - DAG(s) 'bronze_layer_ingestion_simple' retrieved from /opt/airflow/dags/bronze_dag_simple.py
[2025-10-21T19:45:42.202+0000] {logging_mixin.py:188} INFO - [2025-10-21T19:45:42.202+0000] {dag.py:3096} INFO - Sync 1 DAGs
[2025-10-21T19:45:42.218+0000] {logging_mixin.py:188} INFO - [2025-10-21T19:45:42.218+0000] {dag.py:3954} INFO - Setting next_dagrun for bronze_layer_ingestion_simple to 2025-10-21 18:00:00+00:00, run_after=2025-10-22 18:00:00+00:00
[2025-10-21T19:45:42.231+0000] {processor.py:183} INFO - Processing /opt/airflow/dags/bronze_dag_simple.py took 0.067 seconds
[2025-10-21T19:46:12.805+0000] {processor.py:161} INFO - Started process (PID=194) to work on /opt/airflow/dags/bronze_dag_simple.py
[2025-10-21T19:46:12.806+0000] {processor.py:830} INFO - Processing file /opt/airflow/dags/bronze_dag_simple.py for tasks to queue
[2025-10-21T19:46:12.808+0000] {logging_mixin.py:188} INFO - [2025-10-21T19:46:12.807+0000] {dagbag.py:540} INFO - Filling up the DagBag from /opt/airflow/dags/bronze_dag_simple.py
[2025-10-21T19:46:12.824+0000] {processor.py:840} INFO - DAG(s) 'bronze_layer_ingestion_simple' retrieved from /opt/airflow/dags/bronze_dag_simple.py
[2025-10-21T19:46:12.842+0000] {logging_mixin.py:188} INFO - [2025-10-21T19:46:12.842+0000] {dag.py:3096} INFO - Sync 1 DAGs
[2025-10-21T19:46:12.858+0000] {logging_mixin.py:188} INFO - [2025-10-21T19:46:12.858+0000] {dag.py:3954} INFO - Setting next_dagrun for bronze_layer_ingestion_simple to 2025-10-21 18:00:00+00:00, run_after=2025-10-22 18:00:00+00:00
[2025-10-21T19:46:12.873+0000] {processor.py:183} INFO - Processing /opt/airflow/dags/bronze_dag_simple.py took 0.073 seconds
[2025-10-21T19:47:15.570+0000] {processor.py:161} INFO - Started process (PID=197) to work on /opt/airflow/dags/bronze_dag_simple.py
[2025-10-21T19:47:15.570+0000] {processor.py:830} INFO - Processing file /opt/airflow/dags/bronze_dag_simple.py for tasks to queue
[2025-10-21T19:47:15.572+0000] {logging_mixin.py:188} INFO - [2025-10-21T19:47:15.572+0000] {dagbag.py:540} INFO - Filling up the DagBag from /opt/airflow/dags/bronze_dag_simple.py
[2025-10-21T19:47:15.588+0000] {processor.py:840} INFO - DAG(s) 'bronze_layer_ingestion_simple' retrieved from /opt/airflow/dags/bronze_dag_simple.py
[2025-10-21T19:47:15.604+0000] {logging_mixin.py:188} INFO - [2025-10-21T19:47:15.604+0000] {dag.py:3096} INFO - Sync 1 DAGs
[2025-10-21T19:47:15.619+0000] {logging_mixin.py:188} INFO - [2025-10-21T19:47:15.619+0000] {dag.py:3954} INFO - Setting next_dagrun for bronze_layer_ingestion_simple to 2025-10-21 18:00:00+00:00, run_after=2025-10-22 18:00:00+00:00
[2025-10-21T19:47:15.633+0000] {processor.py:183} INFO - Processing /opt/airflow/dags/bronze_dag_simple.py took 0.068 seconds
[2025-10-21T19:48:01.969+0000] {processor.py:161} INFO - Started process (PID=200) to work on /opt/airflow/dags/bronze_dag_simple.py
[2025-10-21T19:48:01.970+0000] {processor.py:830} INFO - Processing file /opt/airflow/dags/bronze_dag_simple.py for tasks to queue
[2025-10-21T19:48:01.972+0000] {logging_mixin.py:188} INFO - [2025-10-21T19:48:01.971+0000] {dagbag.py:540} INFO - Filling up the DagBag from /opt/airflow/dags/bronze_dag_simple.py
[2025-10-21T19:48:01.987+0000] {processor.py:840} INFO - DAG(s) 'bronze_layer_ingestion_simple' retrieved from /opt/airflow/dags/bronze_dag_simple.py
[2025-10-21T19:48:02.005+0000] {logging_mixin.py:188} INFO - [2025-10-21T19:48:02.005+0000] {dag.py:3096} INFO - Sync 1 DAGs
[2025-10-21T19:48:02.022+0000] {logging_mixin.py:188} INFO - [2025-10-21T19:48:02.022+0000] {dag.py:3954} INFO - Setting next_dagrun for bronze_layer_ingestion_simple to 2025-10-21 18:00:00+00:00, run_after=2025-10-22 18:00:00+00:00
[2025-10-21T19:48:02.037+0000] {processor.py:183} INFO - Processing /opt/airflow/dags/bronze_dag_simple.py took 0.072 seconds
[2025-10-21T19:48:32.213+0000] {processor.py:161} INFO - Started process (PID=203) to work on /opt/airflow/dags/bronze_dag_simple.py
[2025-10-21T19:48:32.214+0000] {processor.py:830} INFO - Processing file /opt/airflow/dags/bronze_dag_simple.py for tasks to queue
[2025-10-21T19:48:32.216+0000] {logging_mixin.py:188} INFO - [2025-10-21T19:48:32.215+0000] {dagbag.py:540} INFO - Filling up the DagBag from /opt/airflow/dags/bronze_dag_simple.py
[2025-10-21T19:48:32.229+0000] {processor.py:840} INFO - DAG(s) 'bronze_layer_ingestion_simple' retrieved from /opt/airflow/dags/bronze_dag_simple.py
[2025-10-21T19:48:32.244+0000] {logging_mixin.py:188} INFO - [2025-10-21T19:48:32.244+0000] {dag.py:3096} INFO - Sync 1 DAGs
[2025-10-21T19:48:32.259+0000] {logging_mixin.py:188} INFO - [2025-10-21T19:48:32.259+0000] {dag.py:3954} INFO - Setting next_dagrun for bronze_layer_ingestion_simple to 2025-10-21 18:00:00+00:00, run_after=2025-10-22 18:00:00+00:00
[2025-10-21T19:48:32.271+0000] {processor.py:183} INFO - Processing /opt/airflow/dags/bronze_dag_simple.py took 0.062 seconds
[2025-10-21T19:49:02.919+0000] {processor.py:161} INFO - Started process (PID=206) to work on /opt/airflow/dags/bronze_dag_simple.py
[2025-10-21T19:49:02.920+0000] {processor.py:830} INFO - Processing file /opt/airflow/dags/bronze_dag_simple.py for tasks to queue
[2025-10-21T19:49:02.921+0000] {logging_mixin.py:188} INFO - [2025-10-21T19:49:02.921+0000] {dagbag.py:540} INFO - Filling up the DagBag from /opt/airflow/dags/bronze_dag_simple.py
[2025-10-21T19:49:02.937+0000] {processor.py:840} INFO - DAG(s) 'bronze_layer_ingestion_simple' retrieved from /opt/airflow/dags/bronze_dag_simple.py
[2025-10-21T19:49:02.952+0000] {logging_mixin.py:188} INFO - [2025-10-21T19:49:02.952+0000] {dag.py:3096} INFO - Sync 1 DAGs
[2025-10-21T19:49:02.968+0000] {logging_mixin.py:188} INFO - [2025-10-21T19:49:02.968+0000] {dag.py:3954} INFO - Setting next_dagrun for bronze_layer_ingestion_simple to 2025-10-21 18:00:00+00:00, run_after=2025-10-22 18:00:00+00:00
[2025-10-21T19:49:02.982+0000] {processor.py:183} INFO - Processing /opt/airflow/dags/bronze_dag_simple.py took 0.068 seconds
[2025-10-21T19:49:33.050+0000] {processor.py:161} INFO - Started process (PID=209) to work on /opt/airflow/dags/bronze_dag_simple.py
[2025-10-21T19:49:33.051+0000] {processor.py:830} INFO - Processing file /opt/airflow/dags/bronze_dag_simple.py for tasks to queue
[2025-10-21T19:49:33.053+0000] {logging_mixin.py:188} INFO - [2025-10-21T19:49:33.052+0000] {dagbag.py:540} INFO - Filling up the DagBag from /opt/airflow/dags/bronze_dag_simple.py
[2025-10-21T19:49:33.068+0000] {processor.py:840} INFO - DAG(s) 'bronze_layer_ingestion_simple' retrieved from /opt/airflow/dags/bronze_dag_simple.py
[2025-10-21T19:49:33.084+0000] {logging_mixin.py:188} INFO - [2025-10-21T19:49:33.084+0000] {dag.py:3096} INFO - Sync 1 DAGs
[2025-10-21T19:49:33.099+0000] {logging_mixin.py:188} INFO - [2025-10-21T19:49:33.099+0000] {dag.py:3954} INFO - Setting next_dagrun for bronze_layer_ingestion_simple to 2025-10-21 18:00:00+00:00, run_after=2025-10-22 18:00:00+00:00
[2025-10-21T19:49:33.112+0000] {processor.py:183} INFO - Processing /opt/airflow/dags/bronze_dag_simple.py took 0.067 seconds
[2025-10-21T19:50:36.087+0000] {processor.py:161} INFO - Started process (PID=212) to work on /opt/airflow/dags/bronze_dag_simple.py
[2025-10-21T19:50:36.088+0000] {processor.py:830} INFO - Processing file /opt/airflow/dags/bronze_dag_simple.py for tasks to queue
[2025-10-21T19:50:36.090+0000] {logging_mixin.py:188} INFO - [2025-10-21T19:50:36.090+0000] {dagbag.py:540} INFO - Filling up the DagBag from /opt/airflow/dags/bronze_dag_simple.py
[2025-10-21T19:50:36.105+0000] {processor.py:840} INFO - DAG(s) 'bronze_layer_ingestion_simple' retrieved from /opt/airflow/dags/bronze_dag_simple.py
[2025-10-21T19:50:36.120+0000] {logging_mixin.py:188} INFO - [2025-10-21T19:50:36.120+0000] {dag.py:3096} INFO - Sync 1 DAGs
[2025-10-21T19:50:36.136+0000] {logging_mixin.py:188} INFO - [2025-10-21T19:50:36.136+0000] {dag.py:3954} INFO - Setting next_dagrun for bronze_layer_ingestion_simple to 2025-10-21 18:00:00+00:00, run_after=2025-10-22 18:00:00+00:00
[2025-10-21T19:50:36.150+0000] {processor.py:183} INFO - Processing /opt/airflow/dags/bronze_dag_simple.py took 0.067 seconds
[2025-10-21T19:51:11.414+0000] {processor.py:161} INFO - Started process (PID=215) to work on /opt/airflow/dags/bronze_dag_simple.py
[2025-10-21T19:51:11.414+0000] {processor.py:830} INFO - Processing file /opt/airflow/dags/bronze_dag_simple.py for tasks to queue
[2025-10-21T19:51:11.417+0000] {logging_mixin.py:188} INFO - [2025-10-21T19:51:11.416+0000] {dagbag.py:540} INFO - Filling up the DagBag from /opt/airflow/dags/bronze_dag_simple.py
[2025-10-21T19:51:11.433+0000] {processor.py:840} INFO - DAG(s) 'bronze_layer_ingestion_simple' retrieved from /opt/airflow/dags/bronze_dag_simple.py
[2025-10-21T19:51:11.451+0000] {logging_mixin.py:188} INFO - [2025-10-21T19:51:11.451+0000] {dag.py:3096} INFO - Sync 1 DAGs
[2025-10-21T19:51:11.469+0000] {logging_mixin.py:188} INFO - [2025-10-21T19:51:11.468+0000] {dag.py:3954} INFO - Setting next_dagrun for bronze_layer_ingestion_simple to 2025-10-21 18:00:00+00:00, run_after=2025-10-22 18:00:00+00:00
[2025-10-21T19:51:11.484+0000] {processor.py:183} INFO - Processing /opt/airflow/dags/bronze_dag_simple.py took 0.075 seconds
[2025-10-21T19:52:05.891+0000] {processor.py:161} INFO - Started process (PID=222) to work on /opt/airflow/dags/bronze_dag_simple.py
[2025-10-21T19:52:05.892+0000] {processor.py:830} INFO - Processing file /opt/airflow/dags/bronze_dag_simple.py for tasks to queue
[2025-10-21T19:52:05.894+0000] {logging_mixin.py:188} INFO - [2025-10-21T19:52:05.893+0000] {dagbag.py:540} INFO - Filling up the DagBag from /opt/airflow/dags/bronze_dag_simple.py
[2025-10-21T19:52:05.910+0000] {processor.py:840} INFO - DAG(s) 'bronze_layer_ingestion_simple' retrieved from /opt/airflow/dags/bronze_dag_simple.py
[2025-10-21T19:52:05.926+0000] {logging_mixin.py:188} INFO - [2025-10-21T19:52:05.926+0000] {dag.py:3096} INFO - Sync 1 DAGs
[2025-10-21T19:52:05.943+0000] {logging_mixin.py:188} INFO - [2025-10-21T19:52:05.943+0000] {dag.py:3954} INFO - Setting next_dagrun for bronze_layer_ingestion_simple to 2025-10-21 18:00:00+00:00, run_after=2025-10-22 18:00:00+00:00
[2025-10-21T19:52:05.959+0000] {processor.py:183} INFO - Processing /opt/airflow/dags/bronze_dag_simple.py took 0.072 seconds
[2025-10-21T19:52:36.294+0000] {processor.py:161} INFO - Started process (PID=229) to work on /opt/airflow/dags/bronze_dag_simple.py
[2025-10-21T19:52:36.295+0000] {processor.py:830} INFO - Processing file /opt/airflow/dags/bronze_dag_simple.py for tasks to queue
[2025-10-21T19:52:36.296+0000] {logging_mixin.py:188} INFO - [2025-10-21T19:52:36.296+0000] {dagbag.py:540} INFO - Filling up the DagBag from /opt/airflow/dags/bronze_dag_simple.py
[2025-10-21T19:52:36.313+0000] {processor.py:840} INFO - DAG(s) 'bronze_layer_ingestion_simple' retrieved from /opt/airflow/dags/bronze_dag_simple.py
[2025-10-21T19:52:36.333+0000] {logging_mixin.py:188} INFO - [2025-10-21T19:52:36.332+0000] {dag.py:3096} INFO - Sync 1 DAGs
[2025-10-21T19:52:36.374+0000] {processor.py:183} INFO - Processing /opt/airflow/dags/bronze_dag_simple.py took 0.085 seconds
[2025-10-21T19:53:06.547+0000] {processor.py:161} INFO - Started process (PID=232) to work on /opt/airflow/dags/bronze_dag_simple.py
[2025-10-21T19:53:06.548+0000] {processor.py:830} INFO - Processing file /opt/airflow/dags/bronze_dag_simple.py for tasks to queue
[2025-10-21T19:53:06.549+0000] {logging_mixin.py:188} INFO - [2025-10-21T19:53:06.549+0000] {dagbag.py:540} INFO - Filling up the DagBag from /opt/airflow/dags/bronze_dag_simple.py
[2025-10-21T19:53:06.565+0000] {processor.py:840} INFO - DAG(s) 'bronze_layer_ingestion_simple' retrieved from /opt/airflow/dags/bronze_dag_simple.py
[2025-10-21T19:53:06.581+0000] {logging_mixin.py:188} INFO - [2025-10-21T19:53:06.581+0000] {dag.py:3096} INFO - Sync 1 DAGs
[2025-10-21T19:53:06.597+0000] {logging_mixin.py:188} INFO - [2025-10-21T19:53:06.597+0000] {dag.py:3954} INFO - Setting next_dagrun for bronze_layer_ingestion_simple to 2025-10-21 18:00:00+00:00, run_after=2025-10-22 18:00:00+00:00
[2025-10-21T19:53:06.611+0000] {processor.py:183} INFO - Processing /opt/airflow/dags/bronze_dag_simple.py took 0.069 seconds
[2025-10-21T19:53:36.677+0000] {processor.py:161} INFO - Started process (PID=235) to work on /opt/airflow/dags/bronze_dag_simple.py
[2025-10-21T19:53:36.678+0000] {processor.py:830} INFO - Processing file /opt/airflow/dags/bronze_dag_simple.py for tasks to queue
[2025-10-21T19:53:36.680+0000] {logging_mixin.py:188} INFO - [2025-10-21T19:53:36.679+0000] {dagbag.py:540} INFO - Filling up the DagBag from /opt/airflow/dags/bronze_dag_simple.py
[2025-10-21T19:53:36.695+0000] {processor.py:840} INFO - DAG(s) 'bronze_layer_ingestion_simple' retrieved from /opt/airflow/dags/bronze_dag_simple.py
[2025-10-21T19:53:36.711+0000] {logging_mixin.py:188} INFO - [2025-10-21T19:53:36.711+0000] {dag.py:3096} INFO - Sync 1 DAGs
[2025-10-21T19:53:36.727+0000] {logging_mixin.py:188} INFO - [2025-10-21T19:53:36.727+0000] {dag.py:3954} INFO - Setting next_dagrun for bronze_layer_ingestion_simple to 2025-10-21 18:00:00+00:00, run_after=2025-10-22 18:00:00+00:00
[2025-10-21T19:53:36.741+0000] {processor.py:183} INFO - Processing /opt/airflow/dags/bronze_dag_simple.py took 0.069 seconds
[2025-10-21T19:54:07.571+0000] {processor.py:161} INFO - Started process (PID=238) to work on /opt/airflow/dags/bronze_dag_simple.py
[2025-10-21T19:54:07.572+0000] {processor.py:830} INFO - Processing file /opt/airflow/dags/bronze_dag_simple.py for tasks to queue
[2025-10-21T19:54:07.574+0000] {logging_mixin.py:188} INFO - [2025-10-21T19:54:07.573+0000] {dagbag.py:540} INFO - Filling up the DagBag from /opt/airflow/dags/bronze_dag_simple.py
[2025-10-21T19:54:07.589+0000] {processor.py:840} INFO - DAG(s) 'bronze_layer_ingestion_simple' retrieved from /opt/airflow/dags/bronze_dag_simple.py
[2025-10-21T19:54:07.605+0000] {logging_mixin.py:188} INFO - [2025-10-21T19:54:07.605+0000] {dag.py:3096} INFO - Sync 1 DAGs
[2025-10-21T19:54:07.621+0000] {logging_mixin.py:188} INFO - [2025-10-21T19:54:07.621+0000] {dag.py:3954} INFO - Setting next_dagrun for bronze_layer_ingestion_simple to 2025-10-21 18:00:00+00:00, run_after=2025-10-22 18:00:00+00:00
[2025-10-21T19:54:07.636+0000] {processor.py:183} INFO - Processing /opt/airflow/dags/bronze_dag_simple.py took 0.069 seconds
[2025-10-21T19:54:37.689+0000] {processor.py:161} INFO - Started process (PID=241) to work on /opt/airflow/dags/bronze_dag_simple.py
[2025-10-21T19:54:37.689+0000] {processor.py:830} INFO - Processing file /opt/airflow/dags/bronze_dag_simple.py for tasks to queue
[2025-10-21T19:54:37.691+0000] {logging_mixin.py:188} INFO - [2025-10-21T19:54:37.691+0000] {dagbag.py:540} INFO - Filling up the DagBag from /opt/airflow/dags/bronze_dag_simple.py
[2025-10-21T19:54:37.707+0000] {processor.py:840} INFO - DAG(s) 'bronze_layer_ingestion_simple' retrieved from /opt/airflow/dags/bronze_dag_simple.py
[2025-10-21T19:54:37.725+0000] {logging_mixin.py:188} INFO - [2025-10-21T19:54:37.725+0000] {dag.py:3096} INFO - Sync 1 DAGs
[2025-10-21T19:54:37.745+0000] {logging_mixin.py:188} INFO - [2025-10-21T19:54:37.744+0000] {dag.py:3954} INFO - Setting next_dagrun for bronze_layer_ingestion_simple to 2025-10-21 18:00:00+00:00, run_after=2025-10-22 18:00:00+00:00
[2025-10-21T19:54:37.759+0000] {processor.py:183} INFO - Processing /opt/airflow/dags/bronze_dag_simple.py took 0.075 seconds
[2025-10-21T19:55:42.601+0000] {processor.py:161} INFO - Started process (PID=244) to work on /opt/airflow/dags/bronze_dag_simple.py
[2025-10-21T19:55:42.602+0000] {processor.py:830} INFO - Processing file /opt/airflow/dags/bronze_dag_simple.py for tasks to queue
[2025-10-21T19:55:42.605+0000] {logging_mixin.py:188} INFO - [2025-10-21T19:55:42.604+0000] {dagbag.py:540} INFO - Filling up the DagBag from /opt/airflow/dags/bronze_dag_simple.py
[2025-10-21T19:55:42.621+0000] {processor.py:840} INFO - DAG(s) 'bronze_layer_ingestion_simple' retrieved from /opt/airflow/dags/bronze_dag_simple.py
[2025-10-21T19:55:42.639+0000] {logging_mixin.py:188} INFO - [2025-10-21T19:55:42.639+0000] {dag.py:3096} INFO - Sync 1 DAGs
[2025-10-21T19:55:42.657+0000] {logging_mixin.py:188} INFO - [2025-10-21T19:55:42.657+0000] {dag.py:3954} INFO - Setting next_dagrun for bronze_layer_ingestion_simple to 2025-10-21 18:00:00+00:00, run_after=2025-10-22 18:00:00+00:00
[2025-10-21T19:55:42.673+0000] {processor.py:183} INFO - Processing /opt/airflow/dags/bronze_dag_simple.py took 0.076 seconds
[2025-10-21T19:56:13.527+0000] {processor.py:161} INFO - Started process (PID=247) to work on /opt/airflow/dags/bronze_dag_simple.py
[2025-10-21T19:56:13.527+0000] {processor.py:830} INFO - Processing file /opt/airflow/dags/bronze_dag_simple.py for tasks to queue
[2025-10-21T19:56:13.529+0000] {logging_mixin.py:188} INFO - [2025-10-21T19:56:13.529+0000] {dagbag.py:540} INFO - Filling up the DagBag from /opt/airflow/dags/bronze_dag_simple.py
[2025-10-21T19:56:13.544+0000] {processor.py:840} INFO - DAG(s) 'bronze_layer_ingestion_simple' retrieved from /opt/airflow/dags/bronze_dag_simple.py
[2025-10-21T19:56:13.561+0000] {logging_mixin.py:188} INFO - [2025-10-21T19:56:13.561+0000] {dag.py:3096} INFO - Sync 1 DAGs
[2025-10-21T19:56:13.578+0000] {logging_mixin.py:188} INFO - [2025-10-21T19:56:13.578+0000] {dag.py:3954} INFO - Setting next_dagrun for bronze_layer_ingestion_simple to 2025-10-21 18:00:00+00:00, run_after=2025-10-22 18:00:00+00:00
[2025-10-21T19:56:13.597+0000] {processor.py:183} INFO - Processing /opt/airflow/dags/bronze_dag_simple.py took 0.075 seconds
[2025-10-21T19:56:43.887+0000] {processor.py:161} INFO - Started process (PID=250) to work on /opt/airflow/dags/bronze_dag_simple.py
[2025-10-21T19:56:43.889+0000] {processor.py:830} INFO - Processing file /opt/airflow/dags/bronze_dag_simple.py for tasks to queue
[2025-10-21T19:56:43.891+0000] {logging_mixin.py:188} INFO - [2025-10-21T19:56:43.891+0000] {dagbag.py:540} INFO - Filling up the DagBag from /opt/airflow/dags/bronze_dag_simple.py
[2025-10-21T19:56:43.914+0000] {processor.py:840} INFO - DAG(s) 'bronze_layer_ingestion_simple' retrieved from /opt/airflow/dags/bronze_dag_simple.py
[2025-10-21T19:56:43.937+0000] {logging_mixin.py:188} INFO - [2025-10-21T19:56:43.937+0000] {dag.py:3096} INFO - Sync 1 DAGs
[2025-10-21T19:56:43.964+0000] {logging_mixin.py:188} INFO - [2025-10-21T19:56:43.964+0000] {dag.py:3954} INFO - Setting next_dagrun for bronze_layer_ingestion_simple to 2025-10-21 18:00:00+00:00, run_after=2025-10-22 18:00:00+00:00
[2025-10-21T19:56:43.987+0000] {processor.py:183} INFO - Processing /opt/airflow/dags/bronze_dag_simple.py took 0.108 seconds
[2025-10-21T19:57:14.159+0000] {processor.py:161} INFO - Started process (PID=253) to work on /opt/airflow/dags/bronze_dag_simple.py
[2025-10-21T19:57:14.160+0000] {processor.py:830} INFO - Processing file /opt/airflow/dags/bronze_dag_simple.py for tasks to queue
[2025-10-21T19:57:14.162+0000] {logging_mixin.py:188} INFO - [2025-10-21T19:57:14.161+0000] {dagbag.py:540} INFO - Filling up the DagBag from /opt/airflow/dags/bronze_dag_simple.py
[2025-10-21T19:57:14.178+0000] {processor.py:840} INFO - DAG(s) 'bronze_layer_ingestion_simple' retrieved from /opt/airflow/dags/bronze_dag_simple.py
[2025-10-21T19:57:14.196+0000] {logging_mixin.py:188} INFO - [2025-10-21T19:57:14.196+0000] {dag.py:3096} INFO - Sync 1 DAGs
[2025-10-21T19:57:14.213+0000] {logging_mixin.py:188} INFO - [2025-10-21T19:57:14.213+0000] {dag.py:3954} INFO - Setting next_dagrun for bronze_layer_ingestion_simple to 2025-10-21 18:00:00+00:00, run_after=2025-10-22 18:00:00+00:00
[2025-10-21T19:57:14.229+0000] {processor.py:183} INFO - Processing /opt/airflow/dags/bronze_dag_simple.py took 0.074 seconds
[2025-10-21T19:57:44.494+0000] {processor.py:161} INFO - Started process (PID=256) to work on /opt/airflow/dags/bronze_dag_simple.py
[2025-10-21T19:57:44.495+0000] {processor.py:830} INFO - Processing file /opt/airflow/dags/bronze_dag_simple.py for tasks to queue
[2025-10-21T19:57:44.497+0000] {logging_mixin.py:188} INFO - [2025-10-21T19:57:44.496+0000] {dagbag.py:540} INFO - Filling up the DagBag from /opt/airflow/dags/bronze_dag_simple.py
[2025-10-21T19:57:44.512+0000] {processor.py:840} INFO - DAG(s) 'bronze_layer_ingestion_simple' retrieved from /opt/airflow/dags/bronze_dag_simple.py
[2025-10-21T19:57:44.529+0000] {logging_mixin.py:188} INFO - [2025-10-21T19:57:44.528+0000] {dag.py:3096} INFO - Sync 1 DAGs
[2025-10-21T19:57:44.545+0000] {logging_mixin.py:188} INFO - [2025-10-21T19:57:44.545+0000] {dag.py:3954} INFO - Setting next_dagrun for bronze_layer_ingestion_simple to 2025-10-21 18:00:00+00:00, run_after=2025-10-22 18:00:00+00:00
[2025-10-21T19:57:44.559+0000] {processor.py:183} INFO - Processing /opt/airflow/dags/bronze_dag_simple.py took 0.070 seconds
[2025-10-21T19:58:14.780+0000] {processor.py:161} INFO - Started process (PID=259) to work on /opt/airflow/dags/bronze_dag_simple.py
[2025-10-21T19:58:14.781+0000] {processor.py:830} INFO - Processing file /opt/airflow/dags/bronze_dag_simple.py for tasks to queue
[2025-10-21T19:58:14.782+0000] {logging_mixin.py:188} INFO - [2025-10-21T19:58:14.782+0000] {dagbag.py:540} INFO - Filling up the DagBag from /opt/airflow/dags/bronze_dag_simple.py
[2025-10-21T19:58:14.798+0000] {processor.py:840} INFO - DAG(s) 'bronze_layer_ingestion_simple' retrieved from /opt/airflow/dags/bronze_dag_simple.py
[2025-10-21T19:58:14.816+0000] {logging_mixin.py:188} INFO - [2025-10-21T19:58:14.816+0000] {dag.py:3096} INFO - Sync 1 DAGs
[2025-10-21T19:58:14.833+0000] {logging_mixin.py:188} INFO - [2025-10-21T19:58:14.833+0000] {dag.py:3954} INFO - Setting next_dagrun for bronze_layer_ingestion_simple to 2025-10-21 18:00:00+00:00, run_after=2025-10-22 18:00:00+00:00
[2025-10-21T19:58:14.848+0000] {processor.py:183} INFO - Processing /opt/airflow/dags/bronze_dag_simple.py took 0.073 seconds
[2025-10-21T19:58:45.058+0000] {processor.py:161} INFO - Started process (PID=262) to work on /opt/airflow/dags/bronze_dag_simple.py
[2025-10-21T19:58:45.059+0000] {processor.py:830} INFO - Processing file /opt/airflow/dags/bronze_dag_simple.py for tasks to queue
[2025-10-21T19:58:45.061+0000] {logging_mixin.py:188} INFO - [2025-10-21T19:58:45.061+0000] {dagbag.py:540} INFO - Filling up the DagBag from /opt/airflow/dags/bronze_dag_simple.py
[2025-10-21T19:58:45.076+0000] {processor.py:840} INFO - DAG(s) 'bronze_layer_ingestion_simple' retrieved from /opt/airflow/dags/bronze_dag_simple.py
[2025-10-21T19:58:45.092+0000] {logging_mixin.py:188} INFO - [2025-10-21T19:58:45.092+0000] {dag.py:3096} INFO - Sync 1 DAGs
[2025-10-21T19:58:45.108+0000] {logging_mixin.py:188} INFO - [2025-10-21T19:58:45.107+0000] {dag.py:3954} INFO - Setting next_dagrun for bronze_layer_ingestion_simple to 2025-10-21 18:00:00+00:00, run_after=2025-10-22 18:00:00+00:00
[2025-10-21T19:58:45.126+0000] {processor.py:183} INFO - Processing /opt/airflow/dags/bronze_dag_simple.py took 0.072 seconds
[2025-10-21T19:59:15.344+0000] {processor.py:161} INFO - Started process (PID=265) to work on /opt/airflow/dags/bronze_dag_simple.py
[2025-10-21T19:59:15.345+0000] {processor.py:830} INFO - Processing file /opt/airflow/dags/bronze_dag_simple.py for tasks to queue
[2025-10-21T19:59:15.347+0000] {logging_mixin.py:188} INFO - [2025-10-21T19:59:15.347+0000] {dagbag.py:540} INFO - Filling up the DagBag from /opt/airflow/dags/bronze_dag_simple.py
[2025-10-21T19:59:15.363+0000] {processor.py:840} INFO - DAG(s) 'bronze_layer_ingestion_simple' retrieved from /opt/airflow/dags/bronze_dag_simple.py
[2025-10-21T19:59:15.380+0000] {logging_mixin.py:188} INFO - [2025-10-21T19:59:15.379+0000] {dag.py:3096} INFO - Sync 1 DAGs
[2025-10-21T19:59:15.397+0000] {logging_mixin.py:188} INFO - [2025-10-21T19:59:15.397+0000] {dag.py:3954} INFO - Setting next_dagrun for bronze_layer_ingestion_simple to 2025-10-21 18:00:00+00:00, run_after=2025-10-22 18:00:00+00:00
[2025-10-21T19:59:15.412+0000] {processor.py:183} INFO - Processing /opt/airflow/dags/bronze_dag_simple.py took 0.073 seconds
[2025-10-21T20:00:10.098+0000] {processor.py:161} INFO - Started process (PID=268) to work on /opt/airflow/dags/bronze_dag_simple.py
[2025-10-21T20:00:10.099+0000] {processor.py:830} INFO - Processing file /opt/airflow/dags/bronze_dag_simple.py for tasks to queue
[2025-10-21T20:00:10.100+0000] {logging_mixin.py:188} INFO - [2025-10-21T20:00:10.100+0000] {dagbag.py:540} INFO - Filling up the DagBag from /opt/airflow/dags/bronze_dag_simple.py
[2025-10-21T20:00:10.117+0000] {processor.py:840} INFO - DAG(s) 'bronze_layer_ingestion_simple' retrieved from /opt/airflow/dags/bronze_dag_simple.py
[2025-10-21T20:00:10.134+0000] {logging_mixin.py:188} INFO - [2025-10-21T20:00:10.134+0000] {dag.py:3096} INFO - Sync 1 DAGs
[2025-10-21T20:00:10.153+0000] {logging_mixin.py:188} INFO - [2025-10-21T20:00:10.152+0000] {dag.py:3954} INFO - Setting next_dagrun for bronze_layer_ingestion_simple to 2025-10-21 18:00:00+00:00, run_after=2025-10-22 18:00:00+00:00
[2025-10-21T20:00:10.169+0000] {processor.py:183} INFO - Processing /opt/airflow/dags/bronze_dag_simple.py took 0.076 seconds
[2025-10-21T20:00:59.428+0000] {processor.py:161} INFO - Started process (PID=271) to work on /opt/airflow/dags/bronze_dag_simple.py
[2025-10-21T20:00:59.429+0000] {processor.py:830} INFO - Processing file /opt/airflow/dags/bronze_dag_simple.py for tasks to queue
[2025-10-21T20:00:59.431+0000] {logging_mixin.py:188} INFO - [2025-10-21T20:00:59.430+0000] {dagbag.py:540} INFO - Filling up the DagBag from /opt/airflow/dags/bronze_dag_simple.py
[2025-10-21T20:00:59.446+0000] {processor.py:840} INFO - DAG(s) 'bronze_layer_ingestion_simple' retrieved from /opt/airflow/dags/bronze_dag_simple.py
[2025-10-21T20:00:59.461+0000] {logging_mixin.py:188} INFO - [2025-10-21T20:00:59.461+0000] {dag.py:3096} INFO - Sync 1 DAGs
[2025-10-21T20:00:59.477+0000] {logging_mixin.py:188} INFO - [2025-10-21T20:00:59.477+0000] {dag.py:3954} INFO - Setting next_dagrun for bronze_layer_ingestion_simple to 2025-10-21 18:00:00+00:00, run_after=2025-10-22 18:00:00+00:00
[2025-10-21T20:00:59.491+0000] {processor.py:183} INFO - Processing /opt/airflow/dags/bronze_dag_simple.py took 0.067 seconds
[2025-10-21T20:02:00.564+0000] {processor.py:161} INFO - Started process (PID=274) to work on /opt/airflow/dags/bronze_dag_simple.py
[2025-10-21T20:02:00.565+0000] {processor.py:830} INFO - Processing file /opt/airflow/dags/bronze_dag_simple.py for tasks to queue
[2025-10-21T20:02:00.567+0000] {logging_mixin.py:188} INFO - [2025-10-21T20:02:00.566+0000] {dagbag.py:540} INFO - Filling up the DagBag from /opt/airflow/dags/bronze_dag_simple.py
[2025-10-21T20:02:00.582+0000] {processor.py:840} INFO - DAG(s) 'bronze_layer_ingestion_simple' retrieved from /opt/airflow/dags/bronze_dag_simple.py
[2025-10-21T20:02:00.599+0000] {logging_mixin.py:188} INFO - [2025-10-21T20:02:00.598+0000] {dag.py:3096} INFO - Sync 1 DAGs
[2025-10-21T20:02:00.615+0000] {logging_mixin.py:188} INFO - [2025-10-21T20:02:00.615+0000] {dag.py:3954} INFO - Setting next_dagrun for bronze_layer_ingestion_simple to 2025-10-21 18:00:00+00:00, run_after=2025-10-22 18:00:00+00:00
[2025-10-21T20:02:00.629+0000] {processor.py:183} INFO - Processing /opt/airflow/dags/bronze_dag_simple.py took 0.070 seconds
[2025-10-21T20:02:32.038+0000] {processor.py:161} INFO - Started process (PID=277) to work on /opt/airflow/dags/bronze_dag_simple.py
[2025-10-21T20:02:32.039+0000] {processor.py:830} INFO - Processing file /opt/airflow/dags/bronze_dag_simple.py for tasks to queue
[2025-10-21T20:02:32.041+0000] {logging_mixin.py:188} INFO - [2025-10-21T20:02:32.041+0000] {dagbag.py:540} INFO - Filling up the DagBag from /opt/airflow/dags/bronze_dag_simple.py
[2025-10-21T20:02:32.054+0000] {processor.py:840} INFO - DAG(s) 'bronze_layer_ingestion_simple' retrieved from /opt/airflow/dags/bronze_dag_simple.py
[2025-10-21T20:02:32.069+0000] {logging_mixin.py:188} INFO - [2025-10-21T20:02:32.069+0000] {dag.py:3096} INFO - Sync 1 DAGs
[2025-10-21T20:02:32.083+0000] {logging_mixin.py:188} INFO - [2025-10-21T20:02:32.083+0000] {dag.py:3954} INFO - Setting next_dagrun for bronze_layer_ingestion_simple to 2025-10-21 18:00:00+00:00, run_after=2025-10-22 18:00:00+00:00
[2025-10-21T20:02:32.096+0000] {processor.py:183} INFO - Processing /opt/airflow/dags/bronze_dag_simple.py took 0.062 seconds
[2025-10-21T20:03:04.015+0000] {processor.py:161} INFO - Started process (PID=280) to work on /opt/airflow/dags/bronze_dag_simple.py
[2025-10-21T20:03:04.016+0000] {processor.py:830} INFO - Processing file /opt/airflow/dags/bronze_dag_simple.py for tasks to queue
[2025-10-21T20:03:04.018+0000] {logging_mixin.py:188} INFO - [2025-10-21T20:03:04.018+0000] {dagbag.py:540} INFO - Filling up the DagBag from /opt/airflow/dags/bronze_dag_simple.py
[2025-10-21T20:03:04.033+0000] {processor.py:840} INFO - DAG(s) 'bronze_layer_ingestion_simple' retrieved from /opt/airflow/dags/bronze_dag_simple.py
[2025-10-21T20:03:04.049+0000] {logging_mixin.py:188} INFO - [2025-10-21T20:03:04.048+0000] {dag.py:3096} INFO - Sync 1 DAGs
[2025-10-21T20:03:04.064+0000] {logging_mixin.py:188} INFO - [2025-10-21T20:03:04.064+0000] {dag.py:3954} INFO - Setting next_dagrun for bronze_layer_ingestion_simple to 2025-10-21 18:00:00+00:00, run_after=2025-10-22 18:00:00+00:00
[2025-10-21T20:03:04.078+0000] {processor.py:183} INFO - Processing /opt/airflow/dags/bronze_dag_simple.py took 0.068 seconds
[2025-10-21T20:03:36.985+0000] {processor.py:161} INFO - Started process (PID=283) to work on /opt/airflow/dags/bronze_dag_simple.py
[2025-10-21T20:03:36.986+0000] {processor.py:830} INFO - Processing file /opt/airflow/dags/bronze_dag_simple.py for tasks to queue
[2025-10-21T20:03:36.988+0000] {logging_mixin.py:188} INFO - [2025-10-21T20:03:36.988+0000] {dagbag.py:540} INFO - Filling up the DagBag from /opt/airflow/dags/bronze_dag_simple.py
[2025-10-21T20:03:37.002+0000] {processor.py:840} INFO - DAG(s) 'bronze_layer_ingestion_simple' retrieved from /opt/airflow/dags/bronze_dag_simple.py
[2025-10-21T20:03:37.018+0000] {logging_mixin.py:188} INFO - [2025-10-21T20:03:37.018+0000] {dag.py:3096} INFO - Sync 1 DAGs
[2025-10-21T20:03:37.034+0000] {logging_mixin.py:188} INFO - [2025-10-21T20:03:37.033+0000] {dag.py:3954} INFO - Setting next_dagrun for bronze_layer_ingestion_simple to 2025-10-21 18:00:00+00:00, run_after=2025-10-22 18:00:00+00:00
[2025-10-21T20:03:37.048+0000] {processor.py:183} INFO - Processing /opt/airflow/dags/bronze_dag_simple.py took 0.067 seconds
[2025-10-21T20:04:09.955+0000] {processor.py:161} INFO - Started process (PID=286) to work on /opt/airflow/dags/bronze_dag_simple.py
[2025-10-21T20:04:09.956+0000] {processor.py:830} INFO - Processing file /opt/airflow/dags/bronze_dag_simple.py for tasks to queue
[2025-10-21T20:04:09.958+0000] {logging_mixin.py:188} INFO - [2025-10-21T20:04:09.957+0000] {dagbag.py:540} INFO - Filling up the DagBag from /opt/airflow/dags/bronze_dag_simple.py
[2025-10-21T20:04:09.972+0000] {processor.py:840} INFO - DAG(s) 'bronze_layer_ingestion_simple' retrieved from /opt/airflow/dags/bronze_dag_simple.py
[2025-10-21T20:04:09.988+0000] {logging_mixin.py:188} INFO - [2025-10-21T20:04:09.988+0000] {dag.py:3096} INFO - Sync 1 DAGs
[2025-10-21T20:04:10.004+0000] {logging_mixin.py:188} INFO - [2025-10-21T20:04:10.004+0000] {dag.py:3954} INFO - Setting next_dagrun for bronze_layer_ingestion_simple to 2025-10-21 18:00:00+00:00, run_after=2025-10-22 18:00:00+00:00
[2025-10-21T20:04:10.018+0000] {processor.py:183} INFO - Processing /opt/airflow/dags/bronze_dag_simple.py took 0.067 seconds
[2025-10-21T20:04:40.955+0000] {processor.py:161} INFO - Started process (PID=289) to work on /opt/airflow/dags/bronze_dag_simple.py
[2025-10-21T20:04:40.956+0000] {processor.py:830} INFO - Processing file /opt/airflow/dags/bronze_dag_simple.py for tasks to queue
[2025-10-21T20:04:40.958+0000] {logging_mixin.py:188} INFO - [2025-10-21T20:04:40.957+0000] {dagbag.py:540} INFO - Filling up the DagBag from /opt/airflow/dags/bronze_dag_simple.py
[2025-10-21T20:04:40.973+0000] {processor.py:840} INFO - DAG(s) 'bronze_layer_ingestion_simple' retrieved from /opt/airflow/dags/bronze_dag_simple.py
[2025-10-21T20:04:40.989+0000] {logging_mixin.py:188} INFO - [2025-10-21T20:04:40.989+0000] {dag.py:3096} INFO - Sync 1 DAGs
[2025-10-21T20:04:41.005+0000] {logging_mixin.py:188} INFO - [2025-10-21T20:04:41.005+0000] {dag.py:3954} INFO - Setting next_dagrun for bronze_layer_ingestion_simple to 2025-10-21 18:00:00+00:00, run_after=2025-10-22 18:00:00+00:00
[2025-10-21T20:04:41.019+0000] {processor.py:183} INFO - Processing /opt/airflow/dags/bronze_dag_simple.py took 0.069 seconds
[2025-10-21T20:05:20.627+0000] {processor.py:161} INFO - Started process (PID=292) to work on /opt/airflow/dags/bronze_dag_simple.py
[2025-10-21T20:05:20.628+0000] {processor.py:830} INFO - Processing file /opt/airflow/dags/bronze_dag_simple.py for tasks to queue
[2025-10-21T20:05:20.629+0000] {logging_mixin.py:188} INFO - [2025-10-21T20:05:20.629+0000] {dagbag.py:540} INFO - Filling up the DagBag from /opt/airflow/dags/bronze_dag_simple.py
[2025-10-21T20:05:20.645+0000] {processor.py:840} INFO - DAG(s) 'bronze_layer_ingestion_simple' retrieved from /opt/airflow/dags/bronze_dag_simple.py
[2025-10-21T20:05:20.661+0000] {logging_mixin.py:188} INFO - [2025-10-21T20:05:20.661+0000] {dag.py:3096} INFO - Sync 1 DAGs
[2025-10-21T20:05:20.677+0000] {logging_mixin.py:188} INFO - [2025-10-21T20:05:20.677+0000] {dag.py:3954} INFO - Setting next_dagrun for bronze_layer_ingestion_simple to 2025-10-21 18:00:00+00:00, run_after=2025-10-22 18:00:00+00:00
[2025-10-21T20:05:20.691+0000] {processor.py:183} INFO - Processing /opt/airflow/dags/bronze_dag_simple.py took 0.069 seconds
[2025-10-21T20:05:51.552+0000] {processor.py:161} INFO - Started process (PID=295) to work on /opt/airflow/dags/bronze_dag_simple.py
[2025-10-21T20:05:51.552+0000] {processor.py:830} INFO - Processing file /opt/airflow/dags/bronze_dag_simple.py for tasks to queue
[2025-10-21T20:05:51.554+0000] {logging_mixin.py:188} INFO - [2025-10-21T20:05:51.554+0000] {dagbag.py:540} INFO - Filling up the DagBag from /opt/airflow/dags/bronze_dag_simple.py
[2025-10-21T20:05:51.569+0000] {processor.py:840} INFO - DAG(s) 'bronze_layer_ingestion_simple' retrieved from /opt/airflow/dags/bronze_dag_simple.py
[2025-10-21T20:05:51.586+0000] {logging_mixin.py:188} INFO - [2025-10-21T20:05:51.586+0000] {dag.py:3096} INFO - Sync 1 DAGs
[2025-10-21T20:05:51.603+0000] {logging_mixin.py:188} INFO - [2025-10-21T20:05:51.603+0000] {dag.py:3954} INFO - Setting next_dagrun for bronze_layer_ingestion_simple to 2025-10-21 18:00:00+00:00, run_after=2025-10-22 18:00:00+00:00
[2025-10-21T20:05:51.618+0000] {processor.py:183} INFO - Processing /opt/airflow/dags/bronze_dag_simple.py took 0.071 seconds
[2025-10-21T20:06:21.827+0000] {processor.py:161} INFO - Started process (PID=298) to work on /opt/airflow/dags/bronze_dag_simple.py
[2025-10-21T20:06:21.828+0000] {processor.py:830} INFO - Processing file /opt/airflow/dags/bronze_dag_simple.py for tasks to queue
[2025-10-21T20:06:21.829+0000] {logging_mixin.py:188} INFO - [2025-10-21T20:06:21.829+0000] {dagbag.py:540} INFO - Filling up the DagBag from /opt/airflow/dags/bronze_dag_simple.py
[2025-10-21T20:06:21.845+0000] {processor.py:840} INFO - DAG(s) 'bronze_layer_ingestion_simple' retrieved from /opt/airflow/dags/bronze_dag_simple.py
[2025-10-21T20:06:21.861+0000] {logging_mixin.py:188} INFO - [2025-10-21T20:06:21.861+0000] {dag.py:3096} INFO - Sync 1 DAGs
[2025-10-21T20:06:21.878+0000] {logging_mixin.py:188} INFO - [2025-10-21T20:06:21.877+0000] {dag.py:3954} INFO - Setting next_dagrun for bronze_layer_ingestion_simple to 2025-10-21 18:00:00+00:00, run_after=2025-10-22 18:00:00+00:00
[2025-10-21T20:06:21.893+0000] {processor.py:183} INFO - Processing /opt/airflow/dags/bronze_dag_simple.py took 0.071 seconds
[2025-10-21T20:06:52.117+0000] {processor.py:161} INFO - Started process (PID=301) to work on /opt/airflow/dags/bronze_dag_simple.py
[2025-10-21T20:06:52.118+0000] {processor.py:830} INFO - Processing file /opt/airflow/dags/bronze_dag_simple.py for tasks to queue
[2025-10-21T20:06:52.119+0000] {logging_mixin.py:188} INFO - [2025-10-21T20:06:52.119+0000] {dagbag.py:540} INFO - Filling up the DagBag from /opt/airflow/dags/bronze_dag_simple.py
[2025-10-21T20:06:52.136+0000] {processor.py:840} INFO - DAG(s) 'bronze_layer_ingestion_simple' retrieved from /opt/airflow/dags/bronze_dag_simple.py
[2025-10-21T20:06:52.154+0000] {logging_mixin.py:188} INFO - [2025-10-21T20:06:52.154+0000] {dag.py:3096} INFO - Sync 1 DAGs
[2025-10-21T20:06:52.172+0000] {logging_mixin.py:188} INFO - [2025-10-21T20:06:52.171+0000] {dag.py:3954} INFO - Setting next_dagrun for bronze_layer_ingestion_simple to 2025-10-21 18:00:00+00:00, run_after=2025-10-22 18:00:00+00:00
[2025-10-21T20:06:52.187+0000] {processor.py:183} INFO - Processing /opt/airflow/dags/bronze_dag_simple.py took 0.076 seconds
[2025-10-21T20:07:50.964+0000] {processor.py:161} INFO - Started process (PID=304) to work on /opt/airflow/dags/bronze_dag_simple.py
[2025-10-21T20:07:50.965+0000] {processor.py:830} INFO - Processing file /opt/airflow/dags/bronze_dag_simple.py for tasks to queue
[2025-10-21T20:07:50.966+0000] {logging_mixin.py:188} INFO - [2025-10-21T20:07:50.966+0000] {dagbag.py:540} INFO - Filling up the DagBag from /opt/airflow/dags/bronze_dag_simple.py
[2025-10-21T20:07:50.982+0000] {processor.py:840} INFO - DAG(s) 'bronze_layer_ingestion_simple' retrieved from /opt/airflow/dags/bronze_dag_simple.py
[2025-10-21T20:07:50.998+0000] {logging_mixin.py:188} INFO - [2025-10-21T20:07:50.998+0000] {dag.py:3096} INFO - Sync 1 DAGs
[2025-10-21T20:07:51.015+0000] {logging_mixin.py:188} INFO - [2025-10-21T20:07:51.015+0000] {dag.py:3954} INFO - Setting next_dagrun for bronze_layer_ingestion_simple to 2025-10-21 18:00:00+00:00, run_after=2025-10-22 18:00:00+00:00
[2025-10-21T20:07:51.029+0000] {processor.py:183} INFO - Processing /opt/airflow/dags/bronze_dag_simple.py took 0.070 seconds
[2025-10-21T20:08:21.898+0000] {processor.py:161} INFO - Started process (PID=307) to work on /opt/airflow/dags/bronze_dag_simple.py
[2025-10-21T20:08:21.899+0000] {processor.py:830} INFO - Processing file /opt/airflow/dags/bronze_dag_simple.py for tasks to queue
[2025-10-21T20:08:21.901+0000] {logging_mixin.py:188} INFO - [2025-10-21T20:08:21.900+0000] {dagbag.py:540} INFO - Filling up the DagBag from /opt/airflow/dags/bronze_dag_simple.py
[2025-10-21T20:08:21.917+0000] {processor.py:840} INFO - DAG(s) 'bronze_layer_ingestion_simple' retrieved from /opt/airflow/dags/bronze_dag_simple.py
[2025-10-21T20:08:21.935+0000] {logging_mixin.py:188} INFO - [2025-10-21T20:08:21.934+0000] {dag.py:3096} INFO - Sync 1 DAGs
[2025-10-21T20:08:21.952+0000] {logging_mixin.py:188} INFO - [2025-10-21T20:08:21.952+0000] {dag.py:3954} INFO - Setting next_dagrun for bronze_layer_ingestion_simple to 2025-10-21 18:00:00+00:00, run_after=2025-10-22 18:00:00+00:00
[2025-10-21T20:08:21.970+0000] {processor.py:183} INFO - Processing /opt/airflow/dags/bronze_dag_simple.py took 0.078 seconds
[2025-10-21T20:08:52.170+0000] {processor.py:161} INFO - Started process (PID=310) to work on /opt/airflow/dags/bronze_dag_simple.py
[2025-10-21T20:08:52.171+0000] {processor.py:830} INFO - Processing file /opt/airflow/dags/bronze_dag_simple.py for tasks to queue
[2025-10-21T20:08:52.173+0000] {logging_mixin.py:188} INFO - [2025-10-21T20:08:52.173+0000] {dagbag.py:540} INFO - Filling up the DagBag from /opt/airflow/dags/bronze_dag_simple.py
[2025-10-21T20:08:52.188+0000] {processor.py:840} INFO - DAG(s) 'bronze_layer_ingestion_simple' retrieved from /opt/airflow/dags/bronze_dag_simple.py
[2025-10-21T20:08:52.204+0000] {logging_mixin.py:188} INFO - [2025-10-21T20:08:52.204+0000] {dag.py:3096} INFO - Sync 1 DAGs
[2025-10-21T20:08:52.220+0000] {logging_mixin.py:188} INFO - [2025-10-21T20:08:52.220+0000] {dag.py:3954} INFO - Setting next_dagrun for bronze_layer_ingestion_simple to 2025-10-21 18:00:00+00:00, run_after=2025-10-22 18:00:00+00:00
[2025-10-21T20:08:52.234+0000] {processor.py:183} INFO - Processing /opt/airflow/dags/bronze_dag_simple.py took 0.068 seconds
[2025-10-21T20:09:33.885+0000] {processor.py:161} INFO - Started process (PID=313) to work on /opt/airflow/dags/bronze_dag_simple.py
[2025-10-21T20:09:33.886+0000] {processor.py:830} INFO - Processing file /opt/airflow/dags/bronze_dag_simple.py for tasks to queue
[2025-10-21T20:09:33.887+0000] {logging_mixin.py:188} INFO - [2025-10-21T20:09:33.887+0000] {dagbag.py:540} INFO - Filling up the DagBag from /opt/airflow/dags/bronze_dag_simple.py
[2025-10-21T20:09:33.904+0000] {processor.py:840} INFO - DAG(s) 'bronze_layer_ingestion_simple' retrieved from /opt/airflow/dags/bronze_dag_simple.py
[2025-10-21T20:09:33.922+0000] {logging_mixin.py:188} INFO - [2025-10-21T20:09:33.922+0000] {dag.py:3096} INFO - Sync 1 DAGs
[2025-10-21T20:09:33.939+0000] {logging_mixin.py:188} INFO - [2025-10-21T20:09:33.939+0000] {dag.py:3954} INFO - Setting next_dagrun for bronze_layer_ingestion_simple to 2025-10-21 18:00:00+00:00, run_after=2025-10-22 18:00:00+00:00
[2025-10-21T20:09:33.954+0000] {processor.py:183} INFO - Processing /opt/airflow/dags/bronze_dag_simple.py took 0.075 seconds
[2025-10-21T20:10:04.141+0000] {processor.py:161} INFO - Started process (PID=316) to work on /opt/airflow/dags/bronze_dag_simple.py
[2025-10-21T20:10:04.142+0000] {processor.py:830} INFO - Processing file /opt/airflow/dags/bronze_dag_simple.py for tasks to queue
[2025-10-21T20:10:04.143+0000] {logging_mixin.py:188} INFO - [2025-10-21T20:10:04.143+0000] {dagbag.py:540} INFO - Filling up the DagBag from /opt/airflow/dags/bronze_dag_simple.py
[2025-10-21T20:10:04.157+0000] {processor.py:840} INFO - DAG(s) 'bronze_layer_ingestion_simple' retrieved from /opt/airflow/dags/bronze_dag_simple.py
[2025-10-21T20:10:04.172+0000] {logging_mixin.py:188} INFO - [2025-10-21T20:10:04.172+0000] {dag.py:3096} INFO - Sync 1 DAGs
[2025-10-21T20:10:04.187+0000] {logging_mixin.py:188} INFO - [2025-10-21T20:10:04.187+0000] {dag.py:3954} INFO - Setting next_dagrun for bronze_layer_ingestion_simple to 2025-10-21 18:00:00+00:00, run_after=2025-10-22 18:00:00+00:00
[2025-10-21T20:10:04.200+0000] {processor.py:183} INFO - Processing /opt/airflow/dags/bronze_dag_simple.py took 0.063 seconds
[2025-10-21T20:10:34.640+0000] {processor.py:161} INFO - Started process (PID=319) to work on /opt/airflow/dags/bronze_dag_simple.py
[2025-10-21T20:10:34.641+0000] {processor.py:830} INFO - Processing file /opt/airflow/dags/bronze_dag_simple.py for tasks to queue
[2025-10-21T20:10:34.642+0000] {logging_mixin.py:188} INFO - [2025-10-21T20:10:34.642+0000] {dagbag.py:540} INFO - Filling up the DagBag from /opt/airflow/dags/bronze_dag_simple.py
[2025-10-21T20:10:34.658+0000] {processor.py:840} INFO - DAG(s) 'bronze_layer_ingestion_simple' retrieved from /opt/airflow/dags/bronze_dag_simple.py
[2025-10-21T20:10:34.674+0000] {logging_mixin.py:188} INFO - [2025-10-21T20:10:34.674+0000] {dag.py:3096} INFO - Sync 1 DAGs
[2025-10-21T20:10:34.691+0000] {logging_mixin.py:188} INFO - [2025-10-21T20:10:34.691+0000] {dag.py:3954} INFO - Setting next_dagrun for bronze_layer_ingestion_simple to 2025-10-21 18:00:00+00:00, run_after=2025-10-22 18:00:00+00:00
[2025-10-21T20:10:34.706+0000] {processor.py:183} INFO - Processing /opt/airflow/dags/bronze_dag_simple.py took 0.071 seconds
[2025-10-21T20:11:24.758+0000] {processor.py:161} INFO - Started process (PID=322) to work on /opt/airflow/dags/bronze_dag_simple.py
[2025-10-21T20:11:24.759+0000] {processor.py:830} INFO - Processing file /opt/airflow/dags/bronze_dag_simple.py for tasks to queue
[2025-10-21T20:11:24.761+0000] {logging_mixin.py:188} INFO - [2025-10-21T20:11:24.761+0000] {dagbag.py:540} INFO - Filling up the DagBag from /opt/airflow/dags/bronze_dag_simple.py
[2025-10-21T20:11:24.779+0000] {processor.py:840} INFO - DAG(s) 'bronze_layer_ingestion_simple' retrieved from /opt/airflow/dags/bronze_dag_simple.py
[2025-10-21T20:11:24.798+0000] {logging_mixin.py:188} INFO - [2025-10-21T20:11:24.798+0000] {dag.py:3096} INFO - Sync 1 DAGs
[2025-10-21T20:11:24.815+0000] {logging_mixin.py:188} INFO - [2025-10-21T20:11:24.814+0000] {dag.py:3954} INFO - Setting next_dagrun for bronze_layer_ingestion_simple to 2025-10-21 18:00:00+00:00, run_after=2025-10-22 18:00:00+00:00
[2025-10-21T20:11:24.829+0000] {processor.py:183} INFO - Processing /opt/airflow/dags/bronze_dag_simple.py took 0.076 seconds
[2025-10-21T20:11:55.028+0000] {processor.py:161} INFO - Started process (PID=325) to work on /opt/airflow/dags/bronze_dag_simple.py
[2025-10-21T20:11:55.029+0000] {processor.py:830} INFO - Processing file /opt/airflow/dags/bronze_dag_simple.py for tasks to queue
[2025-10-21T20:11:55.030+0000] {logging_mixin.py:188} INFO - [2025-10-21T20:11:55.030+0000] {dagbag.py:540} INFO - Filling up the DagBag from /opt/airflow/dags/bronze_dag_simple.py
[2025-10-21T20:11:55.045+0000] {processor.py:840} INFO - DAG(s) 'bronze_layer_ingestion_simple' retrieved from /opt/airflow/dags/bronze_dag_simple.py
[2025-10-21T20:11:55.062+0000] {logging_mixin.py:188} INFO - [2025-10-21T20:11:55.062+0000] {dag.py:3096} INFO - Sync 1 DAGs
[2025-10-21T20:11:55.078+0000] {logging_mixin.py:188} INFO - [2025-10-21T20:11:55.078+0000] {dag.py:3954} INFO - Setting next_dagrun for bronze_layer_ingestion_simple to 2025-10-21 18:00:00+00:00, run_after=2025-10-22 18:00:00+00:00
[2025-10-21T20:11:55.092+0000] {processor.py:183} INFO - Processing /opt/airflow/dags/bronze_dag_simple.py took 0.069 seconds
[2025-10-21T20:12:25.795+0000] {processor.py:161} INFO - Started process (PID=328) to work on /opt/airflow/dags/bronze_dag_simple.py
[2025-10-21T20:12:25.796+0000] {processor.py:830} INFO - Processing file /opt/airflow/dags/bronze_dag_simple.py for tasks to queue
[2025-10-21T20:12:25.798+0000] {logging_mixin.py:188} INFO - [2025-10-21T20:12:25.797+0000] {dagbag.py:540} INFO - Filling up the DagBag from /opt/airflow/dags/bronze_dag_simple.py
[2025-10-21T20:12:25.813+0000] {processor.py:840} INFO - DAG(s) 'bronze_layer_ingestion_simple' retrieved from /opt/airflow/dags/bronze_dag_simple.py
[2025-10-21T20:12:25.829+0000] {logging_mixin.py:188} INFO - [2025-10-21T20:12:25.828+0000] {dag.py:3096} INFO - Sync 1 DAGs
[2025-10-21T20:12:25.845+0000] {logging_mixin.py:188} INFO - [2025-10-21T20:12:25.845+0000] {dag.py:3954} INFO - Setting next_dagrun for bronze_layer_ingestion_simple to 2025-10-21 18:00:00+00:00, run_after=2025-10-22 18:00:00+00:00
[2025-10-21T20:12:25.858+0000] {processor.py:183} INFO - Processing /opt/airflow/dags/bronze_dag_simple.py took 0.068 seconds
[2025-10-21T20:12:56.224+0000] {processor.py:161} INFO - Started process (PID=331) to work on /opt/airflow/dags/bronze_dag_simple.py
[2025-10-21T20:12:56.225+0000] {processor.py:830} INFO - Processing file /opt/airflow/dags/bronze_dag_simple.py for tasks to queue
[2025-10-21T20:12:56.227+0000] {logging_mixin.py:188} INFO - [2025-10-21T20:12:56.227+0000] {dagbag.py:540} INFO - Filling up the DagBag from /opt/airflow/dags/bronze_dag_simple.py
[2025-10-21T20:12:56.246+0000] {processor.py:840} INFO - DAG(s) 'bronze_layer_ingestion_simple' retrieved from /opt/airflow/dags/bronze_dag_simple.py
[2025-10-21T20:12:56.265+0000] {logging_mixin.py:188} INFO - [2025-10-21T20:12:56.265+0000] {dag.py:3096} INFO - Sync 1 DAGs
[2025-10-21T20:12:56.284+0000] {logging_mixin.py:188} INFO - [2025-10-21T20:12:56.284+0000] {dag.py:3954} INFO - Setting next_dagrun for bronze_layer_ingestion_simple to 2025-10-21 18:00:00+00:00, run_after=2025-10-22 18:00:00+00:00
[2025-10-21T20:12:56.301+0000] {processor.py:183} INFO - Processing /opt/airflow/dags/bronze_dag_simple.py took 0.082 seconds
[2025-10-21T20:13:26.976+0000] {processor.py:161} INFO - Started process (PID=334) to work on /opt/airflow/dags/bronze_dag_simple.py
[2025-10-21T20:13:26.977+0000] {processor.py:830} INFO - Processing file /opt/airflow/dags/bronze_dag_simple.py for tasks to queue
[2025-10-21T20:13:26.979+0000] {logging_mixin.py:188} INFO - [2025-10-21T20:13:26.979+0000] {dagbag.py:540} INFO - Filling up the DagBag from /opt/airflow/dags/bronze_dag_simple.py
[2025-10-21T20:13:26.997+0000] {processor.py:840} INFO - DAG(s) 'bronze_layer_ingestion_simple' retrieved from /opt/airflow/dags/bronze_dag_simple.py
[2025-10-21T20:13:27.015+0000] {logging_mixin.py:188} INFO - [2025-10-21T20:13:27.014+0000] {dag.py:3096} INFO - Sync 1 DAGs
[2025-10-21T20:13:27.031+0000] {logging_mixin.py:188} INFO - [2025-10-21T20:13:27.031+0000] {dag.py:3954} INFO - Setting next_dagrun for bronze_layer_ingestion_simple to 2025-10-21 18:00:00+00:00, run_after=2025-10-22 18:00:00+00:00
[2025-10-21T20:13:27.046+0000] {processor.py:183} INFO - Processing /opt/airflow/dags/bronze_dag_simple.py took 0.075 seconds
[2025-10-21T20:13:57.254+0000] {processor.py:161} INFO - Started process (PID=337) to work on /opt/airflow/dags/bronze_dag_simple.py
[2025-10-21T20:13:57.255+0000] {processor.py:830} INFO - Processing file /opt/airflow/dags/bronze_dag_simple.py for tasks to queue
[2025-10-21T20:13:57.257+0000] {logging_mixin.py:188} INFO - [2025-10-21T20:13:57.257+0000] {dagbag.py:540} INFO - Filling up the DagBag from /opt/airflow/dags/bronze_dag_simple.py
[2025-10-21T20:13:57.272+0000] {processor.py:840} INFO - DAG(s) 'bronze_layer_ingestion_simple' retrieved from /opt/airflow/dags/bronze_dag_simple.py
[2025-10-21T20:13:57.289+0000] {logging_mixin.py:188} INFO - [2025-10-21T20:13:57.288+0000] {dag.py:3096} INFO - Sync 1 DAGs
[2025-10-21T20:13:57.305+0000] {logging_mixin.py:188} INFO - [2025-10-21T20:13:57.304+0000] {dag.py:3954} INFO - Setting next_dagrun for bronze_layer_ingestion_simple to 2025-10-21 18:00:00+00:00, run_after=2025-10-22 18:00:00+00:00
[2025-10-21T20:13:57.323+0000] {processor.py:183} INFO - Processing /opt/airflow/dags/bronze_dag_simple.py took 0.073 seconds
[2025-10-21T20:14:57.082+0000] {processor.py:161} INFO - Started process (PID=340) to work on /opt/airflow/dags/bronze_dag_simple.py
[2025-10-21T20:14:57.083+0000] {processor.py:830} INFO - Processing file /opt/airflow/dags/bronze_dag_simple.py for tasks to queue
[2025-10-21T20:14:57.085+0000] {logging_mixin.py:188} INFO - [2025-10-21T20:14:57.084+0000] {dagbag.py:540} INFO - Filling up the DagBag from /opt/airflow/dags/bronze_dag_simple.py
[2025-10-21T20:14:57.102+0000] {processor.py:840} INFO - DAG(s) 'bronze_layer_ingestion_simple' retrieved from /opt/airflow/dags/bronze_dag_simple.py
[2025-10-21T20:14:57.120+0000] {logging_mixin.py:188} INFO - [2025-10-21T20:14:57.120+0000] {dag.py:3096} INFO - Sync 1 DAGs
[2025-10-21T20:14:57.139+0000] {logging_mixin.py:188} INFO - [2025-10-21T20:14:57.138+0000] {dag.py:3954} INFO - Setting next_dagrun for bronze_layer_ingestion_simple to 2025-10-21 18:00:00+00:00, run_after=2025-10-22 18:00:00+00:00
[2025-10-21T20:14:57.160+0000] {processor.py:183} INFO - Processing /opt/airflow/dags/bronze_dag_simple.py took 0.083 seconds
[2025-10-21T20:15:57.692+0000] {processor.py:161} INFO - Started process (PID=343) to work on /opt/airflow/dags/bronze_dag_simple.py
[2025-10-21T20:15:57.693+0000] {processor.py:830} INFO - Processing file /opt/airflow/dags/bronze_dag_simple.py for tasks to queue
[2025-10-21T20:15:57.695+0000] {logging_mixin.py:188} INFO - [2025-10-21T20:15:57.694+0000] {dagbag.py:540} INFO - Filling up the DagBag from /opt/airflow/dags/bronze_dag_simple.py
[2025-10-21T20:15:57.711+0000] {processor.py:840} INFO - DAG(s) 'bronze_layer_ingestion_simple' retrieved from /opt/airflow/dags/bronze_dag_simple.py
[2025-10-21T20:15:57.727+0000] {logging_mixin.py:188} INFO - [2025-10-21T20:15:57.727+0000] {dag.py:3096} INFO - Sync 1 DAGs
[2025-10-21T20:15:57.744+0000] {logging_mixin.py:188} INFO - [2025-10-21T20:15:57.744+0000] {dag.py:3954} INFO - Setting next_dagrun for bronze_layer_ingestion_simple to 2025-10-21 18:00:00+00:00, run_after=2025-10-22 18:00:00+00:00
[2025-10-21T20:15:57.759+0000] {processor.py:183} INFO - Processing /opt/airflow/dags/bronze_dag_simple.py took 0.072 seconds
[2025-10-21T20:16:27.952+0000] {processor.py:161} INFO - Started process (PID=346) to work on /opt/airflow/dags/bronze_dag_simple.py
[2025-10-21T20:16:27.953+0000] {processor.py:830} INFO - Processing file /opt/airflow/dags/bronze_dag_simple.py for tasks to queue
[2025-10-21T20:16:27.955+0000] {logging_mixin.py:188} INFO - [2025-10-21T20:16:27.954+0000] {dagbag.py:540} INFO - Filling up the DagBag from /opt/airflow/dags/bronze_dag_simple.py
[2025-10-21T20:16:27.970+0000] {processor.py:840} INFO - DAG(s) 'bronze_layer_ingestion_simple' retrieved from /opt/airflow/dags/bronze_dag_simple.py
[2025-10-21T20:16:27.980+0000] {logging_mixin.py:188} INFO - [2025-10-21T20:16:27.980+0000] {dag.py:3096} INFO - Sync 1 DAGs
[2025-10-21T20:16:27.997+0000] {logging_mixin.py:188} INFO - [2025-10-21T20:16:27.997+0000] {dag.py:3954} INFO - Setting next_dagrun for bronze_layer_ingestion_simple to 2025-10-21 18:00:00+00:00, run_after=2025-10-22 18:00:00+00:00
[2025-10-21T20:16:28.011+0000] {processor.py:183} INFO - Processing /opt/airflow/dags/bronze_dag_simple.py took 0.063 seconds
[2025-10-21T20:30:52.711+0000] {processor.py:161} INFO - Started process (PID=90) to work on /opt/airflow/dags/bronze_dag_simple.py
[2025-10-21T20:30:52.712+0000] {processor.py:830} INFO - Processing file /opt/airflow/dags/bronze_dag_simple.py for tasks to queue
[2025-10-21T20:30:52.714+0000] {logging_mixin.py:188} INFO - [2025-10-21T20:30:52.713+0000] {dagbag.py:540} INFO - Filling up the DagBag from /opt/airflow/dags/bronze_dag_simple.py
[2025-10-21T20:30:52.730+0000] {processor.py:840} INFO - DAG(s) 'bronze_layer_ingestion_simple' retrieved from /opt/airflow/dags/bronze_dag_simple.py
[2025-10-21T20:30:52.814+0000] {logging_mixin.py:188} INFO - [2025-10-21T20:30:52.814+0000] {dag.py:3096} INFO - Sync 1 DAGs
[2025-10-21T20:30:52.830+0000] {logging_mixin.py:188} INFO - [2025-10-21T20:30:52.830+0000] {dag.py:3954} INFO - Setting next_dagrun for bronze_layer_ingestion_simple to 2025-10-21 18:00:00+00:00, run_after=2025-10-22 18:00:00+00:00
[2025-10-21T20:30:52.851+0000] {processor.py:183} INFO - Processing /opt/airflow/dags/bronze_dag_simple.py took 0.146 seconds
[2025-10-21T20:31:22.995+0000] {processor.py:161} INFO - Started process (PID=93) to work on /opt/airflow/dags/bronze_dag_simple.py
[2025-10-21T20:31:22.996+0000] {processor.py:830} INFO - Processing file /opt/airflow/dags/bronze_dag_simple.py for tasks to queue
[2025-10-21T20:31:22.998+0000] {logging_mixin.py:188} INFO - [2025-10-21T20:31:22.998+0000] {dagbag.py:540} INFO - Filling up the DagBag from /opt/airflow/dags/bronze_dag_simple.py
[2025-10-21T20:31:23.014+0000] {processor.py:840} INFO - DAG(s) 'bronze_layer_ingestion_simple' retrieved from /opt/airflow/dags/bronze_dag_simple.py
[2025-10-21T20:31:23.033+0000] {logging_mixin.py:188} INFO - [2025-10-21T20:31:23.032+0000] {dag.py:3096} INFO - Sync 1 DAGs
[2025-10-21T20:31:23.054+0000] {logging_mixin.py:188} INFO - [2025-10-21T20:31:23.054+0000] {dag.py:3954} INFO - Setting next_dagrun for bronze_layer_ingestion_simple to 2025-10-21 18:00:00+00:00, run_after=2025-10-22 18:00:00+00:00
[2025-10-21T20:31:23.070+0000] {processor.py:183} INFO - Processing /opt/airflow/dags/bronze_dag_simple.py took 0.080 seconds
[2025-10-21T20:32:21.806+0000] {processor.py:161} INFO - Started process (PID=96) to work on /opt/airflow/dags/bronze_dag_simple.py
[2025-10-21T20:32:21.807+0000] {processor.py:830} INFO - Processing file /opt/airflow/dags/bronze_dag_simple.py for tasks to queue
[2025-10-21T20:32:21.808+0000] {logging_mixin.py:188} INFO - [2025-10-21T20:32:21.808+0000] {dagbag.py:540} INFO - Filling up the DagBag from /opt/airflow/dags/bronze_dag_simple.py
[2025-10-21T20:32:21.823+0000] {processor.py:840} INFO - DAG(s) 'bronze_layer_ingestion_simple' retrieved from /opt/airflow/dags/bronze_dag_simple.py
[2025-10-21T20:32:21.839+0000] {logging_mixin.py:188} INFO - [2025-10-21T20:32:21.839+0000] {dag.py:3096} INFO - Sync 1 DAGs
[2025-10-21T20:32:21.857+0000] {logging_mixin.py:188} INFO - [2025-10-21T20:32:21.856+0000] {dag.py:3954} INFO - Setting next_dagrun for bronze_layer_ingestion_simple to 2025-10-21 18:00:00+00:00, run_after=2025-10-22 18:00:00+00:00
[2025-10-21T20:32:21.875+0000] {processor.py:183} INFO - Processing /opt/airflow/dags/bronze_dag_simple.py took 0.074 seconds
[2025-10-21T20:32:52.060+0000] {processor.py:161} INFO - Started process (PID=99) to work on /opt/airflow/dags/bronze_dag_simple.py
[2025-10-21T20:32:52.061+0000] {processor.py:830} INFO - Processing file /opt/airflow/dags/bronze_dag_simple.py for tasks to queue
[2025-10-21T20:32:52.062+0000] {logging_mixin.py:188} INFO - [2025-10-21T20:32:52.062+0000] {dagbag.py:540} INFO - Filling up the DagBag from /opt/airflow/dags/bronze_dag_simple.py
[2025-10-21T20:32:52.077+0000] {processor.py:840} INFO - DAG(s) 'bronze_layer_ingestion_simple' retrieved from /opt/airflow/dags/bronze_dag_simple.py
[2025-10-21T20:32:52.093+0000] {logging_mixin.py:188} INFO - [2025-10-21T20:32:52.093+0000] {dag.py:3096} INFO - Sync 1 DAGs
[2025-10-21T20:32:52.108+0000] {logging_mixin.py:188} INFO - [2025-10-21T20:32:52.107+0000] {dag.py:3954} INFO - Setting next_dagrun for bronze_layer_ingestion_simple to 2025-10-21 18:00:00+00:00, run_after=2025-10-22 18:00:00+00:00
[2025-10-21T20:32:52.120+0000] {processor.py:183} INFO - Processing /opt/airflow/dags/bronze_dag_simple.py took 0.065 seconds
[2025-10-21T20:33:22.995+0000] {processor.py:161} INFO - Started process (PID=102) to work on /opt/airflow/dags/bronze_dag_simple.py
[2025-10-21T20:33:22.995+0000] {processor.py:830} INFO - Processing file /opt/airflow/dags/bronze_dag_simple.py for tasks to queue
[2025-10-21T20:33:22.997+0000] {logging_mixin.py:188} INFO - [2025-10-21T20:33:22.997+0000] {dagbag.py:540} INFO - Filling up the DagBag from /opt/airflow/dags/bronze_dag_simple.py
[2025-10-21T20:33:23.011+0000] {processor.py:840} INFO - DAG(s) 'bronze_layer_ingestion_simple' retrieved from /opt/airflow/dags/bronze_dag_simple.py
[2025-10-21T20:33:23.026+0000] {logging_mixin.py:188} INFO - [2025-10-21T20:33:23.026+0000] {dag.py:3096} INFO - Sync 1 DAGs
[2025-10-21T20:33:23.041+0000] {logging_mixin.py:188} INFO - [2025-10-21T20:33:23.041+0000] {dag.py:3954} INFO - Setting next_dagrun for bronze_layer_ingestion_simple to 2025-10-21 18:00:00+00:00, run_after=2025-10-22 18:00:00+00:00
[2025-10-21T20:33:23.054+0000] {processor.py:183} INFO - Processing /opt/airflow/dags/bronze_dag_simple.py took 0.063 seconds
[2025-10-21T20:33:53.990+0000] {processor.py:161} INFO - Started process (PID=105) to work on /opt/airflow/dags/bronze_dag_simple.py
[2025-10-21T20:33:53.991+0000] {processor.py:830} INFO - Processing file /opt/airflow/dags/bronze_dag_simple.py for tasks to queue
[2025-10-21T20:33:53.993+0000] {logging_mixin.py:188} INFO - [2025-10-21T20:33:53.993+0000] {dagbag.py:540} INFO - Filling up the DagBag from /opt/airflow/dags/bronze_dag_simple.py
[2025-10-21T20:33:54.007+0000] {processor.py:840} INFO - DAG(s) 'bronze_layer_ingestion_simple' retrieved from /opt/airflow/dags/bronze_dag_simple.py
[2025-10-21T20:33:54.022+0000] {logging_mixin.py:188} INFO - [2025-10-21T20:33:54.022+0000] {dag.py:3096} INFO - Sync 1 DAGs
[2025-10-21T20:33:54.037+0000] {logging_mixin.py:188} INFO - [2025-10-21T20:33:54.037+0000] {dag.py:3954} INFO - Setting next_dagrun for bronze_layer_ingestion_simple to 2025-10-21 18:00:00+00:00, run_after=2025-10-22 18:00:00+00:00
[2025-10-21T20:33:54.050+0000] {processor.py:183} INFO - Processing /opt/airflow/dags/bronze_dag_simple.py took 0.064 seconds
[2025-10-21T20:34:24.951+0000] {processor.py:161} INFO - Started process (PID=108) to work on /opt/airflow/dags/bronze_dag_simple.py
[2025-10-21T20:34:24.952+0000] {processor.py:830} INFO - Processing file /opt/airflow/dags/bronze_dag_simple.py for tasks to queue
[2025-10-21T20:34:24.954+0000] {logging_mixin.py:188} INFO - [2025-10-21T20:34:24.953+0000] {dagbag.py:540} INFO - Filling up the DagBag from /opt/airflow/dags/bronze_dag_simple.py
[2025-10-21T20:34:24.967+0000] {processor.py:840} INFO - DAG(s) 'bronze_layer_ingestion_simple' retrieved from /opt/airflow/dags/bronze_dag_simple.py
[2025-10-21T20:34:24.982+0000] {logging_mixin.py:188} INFO - [2025-10-21T20:34:24.982+0000] {dag.py:3096} INFO - Sync 1 DAGs
[2025-10-21T20:34:24.997+0000] {logging_mixin.py:188} INFO - [2025-10-21T20:34:24.996+0000] {dag.py:3954} INFO - Setting next_dagrun for bronze_layer_ingestion_simple to 2025-10-21 18:00:00+00:00, run_after=2025-10-22 18:00:00+00:00
[2025-10-21T20:34:25.010+0000] {processor.py:183} INFO - Processing /opt/airflow/dags/bronze_dag_simple.py took 0.063 seconds
[2025-10-21T20:35:03.315+0000] {processor.py:161} INFO - Started process (PID=111) to work on /opt/airflow/dags/bronze_dag_simple.py
[2025-10-21T20:35:03.315+0000] {processor.py:830} INFO - Processing file /opt/airflow/dags/bronze_dag_simple.py for tasks to queue
[2025-10-21T20:35:03.317+0000] {logging_mixin.py:188} INFO - [2025-10-21T20:35:03.317+0000] {dagbag.py:540} INFO - Filling up the DagBag from /opt/airflow/dags/bronze_dag_simple.py
[2025-10-21T20:35:03.332+0000] {processor.py:840} INFO - DAG(s) 'bronze_layer_ingestion_simple' retrieved from /opt/airflow/dags/bronze_dag_simple.py
[2025-10-21T20:35:03.349+0000] {logging_mixin.py:188} INFO - [2025-10-21T20:35:03.348+0000] {dag.py:3096} INFO - Sync 1 DAGs
[2025-10-21T20:35:03.366+0000] {logging_mixin.py:188} INFO - [2025-10-21T20:35:03.366+0000] {dag.py:3954} INFO - Setting next_dagrun for bronze_layer_ingestion_simple to 2025-10-21 18:00:00+00:00, run_after=2025-10-22 18:00:00+00:00
[2025-10-21T20:35:03.380+0000] {processor.py:183} INFO - Processing /opt/airflow/dags/bronze_dag_simple.py took 0.070 seconds
[2025-10-21T20:35:34.351+0000] {processor.py:161} INFO - Started process (PID=114) to work on /opt/airflow/dags/bronze_dag_simple.py
[2025-10-21T20:35:34.352+0000] {processor.py:830} INFO - Processing file /opt/airflow/dags/bronze_dag_simple.py for tasks to queue
[2025-10-21T20:35:34.354+0000] {logging_mixin.py:188} INFO - [2025-10-21T20:35:34.353+0000] {dagbag.py:540} INFO - Filling up the DagBag from /opt/airflow/dags/bronze_dag_simple.py
[2025-10-21T20:35:34.369+0000] {processor.py:840} INFO - DAG(s) 'bronze_layer_ingestion_simple' retrieved from /opt/airflow/dags/bronze_dag_simple.py
[2025-10-21T20:35:34.385+0000] {logging_mixin.py:188} INFO - [2025-10-21T20:35:34.384+0000] {dag.py:3096} INFO - Sync 1 DAGs
[2025-10-21T20:35:34.401+0000] {logging_mixin.py:188} INFO - [2025-10-21T20:35:34.401+0000] {dag.py:3954} INFO - Setting next_dagrun for bronze_layer_ingestion_simple to 2025-10-21 18:00:00+00:00, run_after=2025-10-22 18:00:00+00:00
[2025-10-21T20:35:34.415+0000] {processor.py:183} INFO - Processing /opt/airflow/dags/bronze_dag_simple.py took 0.069 seconds
[2025-10-21T20:36:04.751+0000] {processor.py:161} INFO - Started process (PID=117) to work on /opt/airflow/dags/bronze_dag_simple.py
[2025-10-21T20:36:04.751+0000] {processor.py:830} INFO - Processing file /opt/airflow/dags/bronze_dag_simple.py for tasks to queue
[2025-10-21T20:36:04.753+0000] {logging_mixin.py:188} INFO - [2025-10-21T20:36:04.753+0000] {dagbag.py:540} INFO - Filling up the DagBag from /opt/airflow/dags/bronze_dag_simple.py
[2025-10-21T20:36:04.769+0000] {processor.py:840} INFO - DAG(s) 'bronze_layer_ingestion_simple' retrieved from /opt/airflow/dags/bronze_dag_simple.py
[2025-10-21T20:36:04.785+0000] {logging_mixin.py:188} INFO - [2025-10-21T20:36:04.785+0000] {dag.py:3096} INFO - Sync 1 DAGs
[2025-10-21T20:36:04.801+0000] {logging_mixin.py:188} INFO - [2025-10-21T20:36:04.801+0000] {dag.py:3954} INFO - Setting next_dagrun for bronze_layer_ingestion_simple to 2025-10-21 18:00:00+00:00, run_after=2025-10-22 18:00:00+00:00
[2025-10-21T20:36:04.815+0000] {processor.py:183} INFO - Processing /opt/airflow/dags/bronze_dag_simple.py took 0.069 seconds
[2025-10-21T20:36:55.578+0000] {processor.py:161} INFO - Started process (PID=120) to work on /opt/airflow/dags/bronze_dag_simple.py
[2025-10-21T20:36:55.579+0000] {processor.py:830} INFO - Processing file /opt/airflow/dags/bronze_dag_simple.py for tasks to queue
[2025-10-21T20:36:55.581+0000] {logging_mixin.py:188} INFO - [2025-10-21T20:36:55.581+0000] {dagbag.py:540} INFO - Filling up the DagBag from /opt/airflow/dags/bronze_dag_simple.py
[2025-10-21T20:36:55.596+0000] {processor.py:840} INFO - DAG(s) 'bronze_layer_ingestion_simple' retrieved from /opt/airflow/dags/bronze_dag_simple.py
[2025-10-21T20:36:55.613+0000] {logging_mixin.py:188} INFO - [2025-10-21T20:36:55.613+0000] {dag.py:3096} INFO - Sync 1 DAGs
[2025-10-21T20:36:55.629+0000] {logging_mixin.py:188} INFO - [2025-10-21T20:36:55.629+0000] {dag.py:3954} INFO - Setting next_dagrun for bronze_layer_ingestion_simple to 2025-10-21 18:00:00+00:00, run_after=2025-10-22 18:00:00+00:00
[2025-10-21T20:36:55.643+0000] {processor.py:183} INFO - Processing /opt/airflow/dags/bronze_dag_simple.py took 0.070 seconds
[2025-10-21T20:37:25.840+0000] {processor.py:161} INFO - Started process (PID=123) to work on /opt/airflow/dags/bronze_dag_simple.py
[2025-10-21T20:37:25.841+0000] {processor.py:830} INFO - Processing file /opt/airflow/dags/bronze_dag_simple.py for tasks to queue
[2025-10-21T20:37:25.843+0000] {logging_mixin.py:188} INFO - [2025-10-21T20:37:25.843+0000] {dagbag.py:540} INFO - Filling up the DagBag from /opt/airflow/dags/bronze_dag_simple.py
[2025-10-21T20:37:25.859+0000] {processor.py:840} INFO - DAG(s) 'bronze_layer_ingestion_simple' retrieved from /opt/airflow/dags/bronze_dag_simple.py
[2025-10-21T20:37:25.877+0000] {logging_mixin.py:188} INFO - [2025-10-21T20:37:25.877+0000] {dag.py:3096} INFO - Sync 1 DAGs
[2025-10-21T20:37:25.894+0000] {logging_mixin.py:188} INFO - [2025-10-21T20:37:25.894+0000] {dag.py:3954} INFO - Setting next_dagrun for bronze_layer_ingestion_simple to 2025-10-21 18:00:00+00:00, run_after=2025-10-22 18:00:00+00:00
[2025-10-21T20:37:25.909+0000] {processor.py:183} INFO - Processing /opt/airflow/dags/bronze_dag_simple.py took 0.074 seconds
[2025-10-21T20:37:56.342+0000] {processor.py:161} INFO - Started process (PID=126) to work on /opt/airflow/dags/bronze_dag_simple.py
[2025-10-21T20:37:56.343+0000] {processor.py:830} INFO - Processing file /opt/airflow/dags/bronze_dag_simple.py for tasks to queue
[2025-10-21T20:37:56.344+0000] {logging_mixin.py:188} INFO - [2025-10-21T20:37:56.344+0000] {dagbag.py:540} INFO - Filling up the DagBag from /opt/airflow/dags/bronze_dag_simple.py
[2025-10-21T20:37:56.359+0000] {processor.py:840} INFO - DAG(s) 'bronze_layer_ingestion_simple' retrieved from /opt/airflow/dags/bronze_dag_simple.py
[2025-10-21T20:37:56.376+0000] {logging_mixin.py:188} INFO - [2025-10-21T20:37:56.376+0000] {dag.py:3096} INFO - Sync 1 DAGs
[2025-10-21T20:37:56.394+0000] {logging_mixin.py:188} INFO - [2025-10-21T20:37:56.393+0000] {dag.py:3954} INFO - Setting next_dagrun for bronze_layer_ingestion_simple to 2025-10-21 18:00:00+00:00, run_after=2025-10-22 18:00:00+00:00
[2025-10-21T20:37:56.408+0000] {processor.py:183} INFO - Processing /opt/airflow/dags/bronze_dag_simple.py took 0.071 seconds
[2025-10-21T20:38:48.179+0000] {processor.py:161} INFO - Started process (PID=129) to work on /opt/airflow/dags/bronze_dag_simple.py
[2025-10-21T20:38:48.180+0000] {processor.py:830} INFO - Processing file /opt/airflow/dags/bronze_dag_simple.py for tasks to queue
[2025-10-21T20:38:48.181+0000] {logging_mixin.py:188} INFO - [2025-10-21T20:38:48.181+0000] {dagbag.py:540} INFO - Filling up the DagBag from /opt/airflow/dags/bronze_dag_simple.py
[2025-10-21T20:38:48.196+0000] {processor.py:840} INFO - DAG(s) 'bronze_layer_ingestion_simple' retrieved from /opt/airflow/dags/bronze_dag_simple.py
[2025-10-21T20:38:48.212+0000] {logging_mixin.py:188} INFO - [2025-10-21T20:38:48.212+0000] {dag.py:3096} INFO - Sync 1 DAGs
[2025-10-21T20:38:48.228+0000] {logging_mixin.py:188} INFO - [2025-10-21T20:38:48.228+0000] {dag.py:3954} INFO - Setting next_dagrun for bronze_layer_ingestion_simple to 2025-10-21 18:00:00+00:00, run_after=2025-10-22 18:00:00+00:00
[2025-10-21T20:38:48.241+0000] {processor.py:183} INFO - Processing /opt/airflow/dags/bronze_dag_simple.py took 0.067 seconds
[2025-10-21T20:39:18.441+0000] {processor.py:161} INFO - Started process (PID=132) to work on /opt/airflow/dags/bronze_dag_simple.py
[2025-10-21T20:39:18.442+0000] {processor.py:830} INFO - Processing file /opt/airflow/dags/bronze_dag_simple.py for tasks to queue
[2025-10-21T20:39:18.443+0000] {logging_mixin.py:188} INFO - [2025-10-21T20:39:18.443+0000] {dagbag.py:540} INFO - Filling up the DagBag from /opt/airflow/dags/bronze_dag_simple.py
[2025-10-21T20:39:18.458+0000] {processor.py:840} INFO - DAG(s) 'bronze_layer_ingestion_simple' retrieved from /opt/airflow/dags/bronze_dag_simple.py
[2025-10-21T20:39:18.474+0000] {logging_mixin.py:188} INFO - [2025-10-21T20:39:18.474+0000] {dag.py:3096} INFO - Sync 1 DAGs
[2025-10-21T20:39:18.490+0000] {logging_mixin.py:188} INFO - [2025-10-21T20:39:18.490+0000] {dag.py:3954} INFO - Setting next_dagrun for bronze_layer_ingestion_simple to 2025-10-21 18:00:00+00:00, run_after=2025-10-22 18:00:00+00:00
[2025-10-21T20:39:18.504+0000] {processor.py:183} INFO - Processing /opt/airflow/dags/bronze_dag_simple.py took 0.068 seconds
[2025-10-21T20:39:49.402+0000] {processor.py:161} INFO - Started process (PID=135) to work on /opt/airflow/dags/bronze_dag_simple.py
[2025-10-21T20:39:49.403+0000] {processor.py:830} INFO - Processing file /opt/airflow/dags/bronze_dag_simple.py for tasks to queue
[2025-10-21T20:39:49.405+0000] {logging_mixin.py:188} INFO - [2025-10-21T20:39:49.404+0000] {dagbag.py:540} INFO - Filling up the DagBag from /opt/airflow/dags/bronze_dag_simple.py
[2025-10-21T20:39:49.420+0000] {processor.py:840} INFO - DAG(s) 'bronze_layer_ingestion_simple' retrieved from /opt/airflow/dags/bronze_dag_simple.py
[2025-10-21T20:39:49.436+0000] {logging_mixin.py:188} INFO - [2025-10-21T20:39:49.436+0000] {dag.py:3096} INFO - Sync 1 DAGs
[2025-10-21T20:39:49.453+0000] {logging_mixin.py:188} INFO - [2025-10-21T20:39:49.453+0000] {dag.py:3954} INFO - Setting next_dagrun for bronze_layer_ingestion_simple to 2025-10-21 18:00:00+00:00, run_after=2025-10-22 18:00:00+00:00
[2025-10-21T20:39:49.466+0000] {processor.py:183} INFO - Processing /opt/airflow/dags/bronze_dag_simple.py took 0.069 seconds
[2025-10-21T20:40:47.325+0000] {processor.py:161} INFO - Started process (PID=138) to work on /opt/airflow/dags/bronze_dag_simple.py
[2025-10-21T20:40:47.326+0000] {processor.py:830} INFO - Processing file /opt/airflow/dags/bronze_dag_simple.py for tasks to queue
[2025-10-21T20:40:47.327+0000] {logging_mixin.py:188} INFO - [2025-10-21T20:40:47.327+0000] {dagbag.py:540} INFO - Filling up the DagBag from /opt/airflow/dags/bronze_dag_simple.py
[2025-10-21T20:40:47.343+0000] {processor.py:840} INFO - DAG(s) 'bronze_layer_ingestion_simple' retrieved from /opt/airflow/dags/bronze_dag_simple.py
[2025-10-21T20:40:47.359+0000] {logging_mixin.py:188} INFO - [2025-10-21T20:40:47.358+0000] {dag.py:3096} INFO - Sync 1 DAGs
[2025-10-21T20:40:47.377+0000] {logging_mixin.py:188} INFO - [2025-10-21T20:40:47.376+0000] {dag.py:3954} INFO - Setting next_dagrun for bronze_layer_ingestion_simple to 2025-10-21 18:00:00+00:00, run_after=2025-10-22 18:00:00+00:00
[2025-10-21T20:40:47.391+0000] {processor.py:183} INFO - Processing /opt/airflow/dags/bronze_dag_simple.py took 0.071 seconds
[2025-10-21T20:41:18.323+0000] {processor.py:161} INFO - Started process (PID=141) to work on /opt/airflow/dags/bronze_dag_simple.py
[2025-10-21T20:41:18.323+0000] {processor.py:830} INFO - Processing file /opt/airflow/dags/bronze_dag_simple.py for tasks to queue
[2025-10-21T20:41:18.325+0000] {logging_mixin.py:188} INFO - [2025-10-21T20:41:18.325+0000] {dagbag.py:540} INFO - Filling up the DagBag from /opt/airflow/dags/bronze_dag_simple.py
[2025-10-21T20:41:18.340+0000] {processor.py:840} INFO - DAG(s) 'bronze_layer_ingestion_simple' retrieved from /opt/airflow/dags/bronze_dag_simple.py
[2025-10-21T20:41:18.356+0000] {logging_mixin.py:188} INFO - [2025-10-21T20:41:18.356+0000] {dag.py:3096} INFO - Sync 1 DAGs
[2025-10-21T20:41:18.372+0000] {logging_mixin.py:188} INFO - [2025-10-21T20:41:18.372+0000] {dag.py:3954} INFO - Setting next_dagrun for bronze_layer_ingestion_simple to 2025-10-21 18:00:00+00:00, run_after=2025-10-22 18:00:00+00:00
[2025-10-21T20:41:18.386+0000] {processor.py:183} INFO - Processing /opt/airflow/dags/bronze_dag_simple.py took 0.068 seconds
[2025-10-21T20:41:48.580+0000] {processor.py:161} INFO - Started process (PID=144) to work on /opt/airflow/dags/bronze_dag_simple.py
[2025-10-21T20:41:48.580+0000] {processor.py:830} INFO - Processing file /opt/airflow/dags/bronze_dag_simple.py for tasks to queue
[2025-10-21T20:41:48.583+0000] {logging_mixin.py:188} INFO - [2025-10-21T20:41:48.582+0000] {dagbag.py:540} INFO - Filling up the DagBag from /opt/airflow/dags/bronze_dag_simple.py
[2025-10-21T20:41:48.597+0000] {processor.py:840} INFO - DAG(s) 'bronze_layer_ingestion_simple' retrieved from /opt/airflow/dags/bronze_dag_simple.py
[2025-10-21T20:41:48.613+0000] {logging_mixin.py:188} INFO - [2025-10-21T20:41:48.612+0000] {dag.py:3096} INFO - Sync 1 DAGs
[2025-10-21T20:41:48.628+0000] {logging_mixin.py:188} INFO - [2025-10-21T20:41:48.628+0000] {dag.py:3954} INFO - Setting next_dagrun for bronze_layer_ingestion_simple to 2025-10-21 18:00:00+00:00, run_after=2025-10-22 18:00:00+00:00
[2025-10-21T20:41:48.642+0000] {processor.py:183} INFO - Processing /opt/airflow/dags/bronze_dag_simple.py took 0.067 seconds
[2025-10-21T20:42:49.483+0000] {processor.py:161} INFO - Started process (PID=147) to work on /opt/airflow/dags/bronze_dag_simple.py
[2025-10-21T20:42:49.484+0000] {processor.py:830} INFO - Processing file /opt/airflow/dags/bronze_dag_simple.py for tasks to queue
[2025-10-21T20:42:49.485+0000] {logging_mixin.py:188} INFO - [2025-10-21T20:42:49.485+0000] {dagbag.py:540} INFO - Filling up the DagBag from /opt/airflow/dags/bronze_dag_simple.py
[2025-10-21T20:42:49.501+0000] {processor.py:840} INFO - DAG(s) 'bronze_layer_ingestion_simple' retrieved from /opt/airflow/dags/bronze_dag_simple.py
[2025-10-21T20:42:49.516+0000] {logging_mixin.py:188} INFO - [2025-10-21T20:42:49.516+0000] {dag.py:3096} INFO - Sync 1 DAGs
[2025-10-21T20:42:49.532+0000] {logging_mixin.py:188} INFO - [2025-10-21T20:42:49.532+0000] {dag.py:3954} INFO - Setting next_dagrun for bronze_layer_ingestion_simple to 2025-10-21 18:00:00+00:00, run_after=2025-10-22 18:00:00+00:00
[2025-10-21T20:42:49.546+0000] {processor.py:183} INFO - Processing /opt/airflow/dags/bronze_dag_simple.py took 0.068 seconds
[2025-10-21T20:43:19.741+0000] {processor.py:161} INFO - Started process (PID=150) to work on /opt/airflow/dags/bronze_dag_simple.py
[2025-10-21T20:43:19.742+0000] {processor.py:830} INFO - Processing file /opt/airflow/dags/bronze_dag_simple.py for tasks to queue
[2025-10-21T20:43:19.743+0000] {logging_mixin.py:188} INFO - [2025-10-21T20:43:19.743+0000] {dagbag.py:540} INFO - Filling up the DagBag from /opt/airflow/dags/bronze_dag_simple.py
[2025-10-21T20:43:19.758+0000] {processor.py:840} INFO - DAG(s) 'bronze_layer_ingestion_simple' retrieved from /opt/airflow/dags/bronze_dag_simple.py
[2025-10-21T20:43:19.774+0000] {logging_mixin.py:188} INFO - [2025-10-21T20:43:19.774+0000] {dag.py:3096} INFO - Sync 1 DAGs
[2025-10-21T20:43:19.790+0000] {logging_mixin.py:188} INFO - [2025-10-21T20:43:19.790+0000] {dag.py:3954} INFO - Setting next_dagrun for bronze_layer_ingestion_simple to 2025-10-21 18:00:00+00:00, run_after=2025-10-22 18:00:00+00:00
[2025-10-21T20:43:19.803+0000] {processor.py:183} INFO - Processing /opt/airflow/dags/bronze_dag_simple.py took 0.067 seconds
[2025-10-21T20:43:50.671+0000] {processor.py:161} INFO - Started process (PID=153) to work on /opt/airflow/dags/bronze_dag_simple.py
[2025-10-21T20:43:50.672+0000] {processor.py:830} INFO - Processing file /opt/airflow/dags/bronze_dag_simple.py for tasks to queue
[2025-10-21T20:43:50.673+0000] {logging_mixin.py:188} INFO - [2025-10-21T20:43:50.673+0000] {dagbag.py:540} INFO - Filling up the DagBag from /opt/airflow/dags/bronze_dag_simple.py
[2025-10-21T20:43:50.688+0000] {processor.py:840} INFO - DAG(s) 'bronze_layer_ingestion_simple' retrieved from /opt/airflow/dags/bronze_dag_simple.py
[2025-10-21T20:43:50.704+0000] {logging_mixin.py:188} INFO - [2025-10-21T20:43:50.704+0000] {dag.py:3096} INFO - Sync 1 DAGs
[2025-10-21T20:43:50.720+0000] {logging_mixin.py:188} INFO - [2025-10-21T20:43:50.720+0000] {dag.py:3954} INFO - Setting next_dagrun for bronze_layer_ingestion_simple to 2025-10-21 18:00:00+00:00, run_after=2025-10-22 18:00:00+00:00
[2025-10-21T20:43:50.734+0000] {processor.py:183} INFO - Processing /opt/airflow/dags/bronze_dag_simple.py took 0.068 seconds
[2025-10-21T20:44:21.418+0000] {processor.py:161} INFO - Started process (PID=156) to work on /opt/airflow/dags/bronze_dag_simple.py
[2025-10-21T20:44:21.419+0000] {processor.py:830} INFO - Processing file /opt/airflow/dags/bronze_dag_simple.py for tasks to queue
[2025-10-21T20:44:21.420+0000] {logging_mixin.py:188} INFO - [2025-10-21T20:44:21.420+0000] {dagbag.py:540} INFO - Filling up the DagBag from /opt/airflow/dags/bronze_dag_simple.py
[2025-10-21T20:44:21.434+0000] {processor.py:840} INFO - DAG(s) 'bronze_layer_ingestion_simple' retrieved from /opt/airflow/dags/bronze_dag_simple.py
[2025-10-21T20:44:21.449+0000] {logging_mixin.py:188} INFO - [2025-10-21T20:44:21.449+0000] {dag.py:3096} INFO - Sync 1 DAGs
[2025-10-21T20:44:21.465+0000] {logging_mixin.py:188} INFO - [2025-10-21T20:44:21.465+0000] {dag.py:3954} INFO - Setting next_dagrun for bronze_layer_ingestion_simple to 2025-10-21 18:00:00+00:00, run_after=2025-10-22 18:00:00+00:00
[2025-10-21T20:44:21.478+0000] {processor.py:183} INFO - Processing /opt/airflow/dags/bronze_dag_simple.py took 0.064 seconds
[2025-10-21T20:44:52.369+0000] {processor.py:161} INFO - Started process (PID=159) to work on /opt/airflow/dags/bronze_dag_simple.py
[2025-10-21T20:44:52.370+0000] {processor.py:830} INFO - Processing file /opt/airflow/dags/bronze_dag_simple.py for tasks to queue
[2025-10-21T20:44:52.371+0000] {logging_mixin.py:188} INFO - [2025-10-21T20:44:52.371+0000] {dagbag.py:540} INFO - Filling up the DagBag from /opt/airflow/dags/bronze_dag_simple.py
[2025-10-21T20:44:52.386+0000] {processor.py:840} INFO - DAG(s) 'bronze_layer_ingestion_simple' retrieved from /opt/airflow/dags/bronze_dag_simple.py
[2025-10-21T20:44:52.402+0000] {logging_mixin.py:188} INFO - [2025-10-21T20:44:52.402+0000] {dag.py:3096} INFO - Sync 1 DAGs
[2025-10-21T20:44:52.418+0000] {logging_mixin.py:188} INFO - [2025-10-21T20:44:52.418+0000] {dag.py:3954} INFO - Setting next_dagrun for bronze_layer_ingestion_simple to 2025-10-21 18:00:00+00:00, run_after=2025-10-22 18:00:00+00:00
[2025-10-21T20:44:52.433+0000] {processor.py:183} INFO - Processing /opt/airflow/dags/bronze_dag_simple.py took 0.069 seconds
[2025-10-21T20:45:22.500+0000] {processor.py:161} INFO - Started process (PID=162) to work on /opt/airflow/dags/bronze_dag_simple.py
[2025-10-21T20:45:22.501+0000] {processor.py:830} INFO - Processing file /opt/airflow/dags/bronze_dag_simple.py for tasks to queue
[2025-10-21T20:45:22.502+0000] {logging_mixin.py:188} INFO - [2025-10-21T20:45:22.502+0000] {dagbag.py:540} INFO - Filling up the DagBag from /opt/airflow/dags/bronze_dag_simple.py
[2025-10-21T20:45:22.517+0000] {processor.py:840} INFO - DAG(s) 'bronze_layer_ingestion_simple' retrieved from /opt/airflow/dags/bronze_dag_simple.py
[2025-10-21T20:45:22.533+0000] {logging_mixin.py:188} INFO - [2025-10-21T20:45:22.533+0000] {dag.py:3096} INFO - Sync 1 DAGs
[2025-10-21T20:45:22.549+0000] {logging_mixin.py:188} INFO - [2025-10-21T20:45:22.549+0000] {dag.py:3954} INFO - Setting next_dagrun for bronze_layer_ingestion_simple to 2025-10-21 18:00:00+00:00, run_after=2025-10-22 18:00:00+00:00
[2025-10-21T20:45:22.563+0000] {processor.py:183} INFO - Processing /opt/airflow/dags/bronze_dag_simple.py took 0.068 seconds
[2025-10-21T20:45:54.345+0000] {processor.py:161} INFO - Started process (PID=165) to work on /opt/airflow/dags/bronze_dag_simple.py
[2025-10-21T20:45:54.346+0000] {processor.py:830} INFO - Processing file /opt/airflow/dags/bronze_dag_simple.py for tasks to queue
[2025-10-21T20:45:54.348+0000] {logging_mixin.py:188} INFO - [2025-10-21T20:45:54.347+0000] {dagbag.py:540} INFO - Filling up the DagBag from /opt/airflow/dags/bronze_dag_simple.py
[2025-10-21T20:45:54.363+0000] {processor.py:840} INFO - DAG(s) 'bronze_layer_ingestion_simple' retrieved from /opt/airflow/dags/bronze_dag_simple.py
[2025-10-21T20:45:54.379+0000] {logging_mixin.py:188} INFO - [2025-10-21T20:45:54.379+0000] {dag.py:3096} INFO - Sync 1 DAGs
[2025-10-21T20:45:54.396+0000] {logging_mixin.py:188} INFO - [2025-10-21T20:45:54.396+0000] {dag.py:3954} INFO - Setting next_dagrun for bronze_layer_ingestion_simple to 2025-10-21 18:00:00+00:00, run_after=2025-10-22 18:00:00+00:00
[2025-10-21T20:45:54.410+0000] {processor.py:183} INFO - Processing /opt/airflow/dags/bronze_dag_simple.py took 0.069 seconds
[2025-10-21T20:46:53.339+0000] {processor.py:161} INFO - Started process (PID=168) to work on /opt/airflow/dags/bronze_dag_simple.py
[2025-10-21T20:46:53.340+0000] {processor.py:830} INFO - Processing file /opt/airflow/dags/bronze_dag_simple.py for tasks to queue
[2025-10-21T20:46:53.341+0000] {logging_mixin.py:188} INFO - [2025-10-21T20:46:53.341+0000] {dagbag.py:540} INFO - Filling up the DagBag from /opt/airflow/dags/bronze_dag_simple.py
[2025-10-21T20:46:53.357+0000] {processor.py:840} INFO - DAG(s) 'bronze_layer_ingestion_simple' retrieved from /opt/airflow/dags/bronze_dag_simple.py
[2025-10-21T20:46:53.374+0000] {logging_mixin.py:188} INFO - [2025-10-21T20:46:53.374+0000] {dag.py:3096} INFO - Sync 1 DAGs
[2025-10-21T20:46:53.391+0000] {logging_mixin.py:188} INFO - [2025-10-21T20:46:53.391+0000] {dag.py:3954} INFO - Setting next_dagrun for bronze_layer_ingestion_simple to 2025-10-21 18:00:00+00:00, run_after=2025-10-22 18:00:00+00:00
[2025-10-21T20:46:53.405+0000] {processor.py:183} INFO - Processing /opt/airflow/dags/bronze_dag_simple.py took 0.071 seconds
[2025-10-21T20:47:42.821+0000] {processor.py:161} INFO - Started process (PID=171) to work on /opt/airflow/dags/bronze_dag_simple.py
[2025-10-21T20:47:42.822+0000] {processor.py:830} INFO - Processing file /opt/airflow/dags/bronze_dag_simple.py for tasks to queue
[2025-10-21T20:47:42.824+0000] {logging_mixin.py:188} INFO - [2025-10-21T20:47:42.824+0000] {dagbag.py:540} INFO - Filling up the DagBag from /opt/airflow/dags/bronze_dag_simple.py
[2025-10-21T20:47:42.840+0000] {processor.py:840} INFO - DAG(s) 'bronze_layer_ingestion_simple' retrieved from /opt/airflow/dags/bronze_dag_simple.py
[2025-10-21T20:47:42.857+0000] {logging_mixin.py:188} INFO - [2025-10-21T20:47:42.857+0000] {dag.py:3096} INFO - Sync 1 DAGs
[2025-10-21T20:47:42.873+0000] {logging_mixin.py:188} INFO - [2025-10-21T20:47:42.873+0000] {dag.py:3954} INFO - Setting next_dagrun for bronze_layer_ingestion_simple to 2025-10-21 18:00:00+00:00, run_after=2025-10-22 18:00:00+00:00
[2025-10-21T20:47:42.887+0000] {processor.py:183} INFO - Processing /opt/airflow/dags/bronze_dag_simple.py took 0.072 seconds
[2025-10-21T20:48:13.572+0000] {processor.py:161} INFO - Started process (PID=174) to work on /opt/airflow/dags/bronze_dag_simple.py
[2025-10-21T20:48:13.572+0000] {processor.py:830} INFO - Processing file /opt/airflow/dags/bronze_dag_simple.py for tasks to queue
[2025-10-21T20:48:13.574+0000] {logging_mixin.py:188} INFO - [2025-10-21T20:48:13.574+0000] {dagbag.py:540} INFO - Filling up the DagBag from /opt/airflow/dags/bronze_dag_simple.py
[2025-10-21T20:48:13.589+0000] {processor.py:840} INFO - DAG(s) 'bronze_layer_ingestion_simple' retrieved from /opt/airflow/dags/bronze_dag_simple.py
[2025-10-21T20:48:13.606+0000] {logging_mixin.py:188} INFO - [2025-10-21T20:48:13.606+0000] {dag.py:3096} INFO - Sync 1 DAGs
[2025-10-21T20:48:13.622+0000] {logging_mixin.py:188} INFO - [2025-10-21T20:48:13.621+0000] {dag.py:3954} INFO - Setting next_dagrun for bronze_layer_ingestion_simple to 2025-10-21 18:00:00+00:00, run_after=2025-10-22 18:00:00+00:00
[2025-10-21T20:48:13.636+0000] {processor.py:183} INFO - Processing /opt/airflow/dags/bronze_dag_simple.py took 0.069 seconds
[2025-10-21T20:48:46.545+0000] {processor.py:161} INFO - Started process (PID=177) to work on /opt/airflow/dags/bronze_dag_simple.py
[2025-10-21T20:48:46.546+0000] {processor.py:830} INFO - Processing file /opt/airflow/dags/bronze_dag_simple.py for tasks to queue
[2025-10-21T20:48:46.547+0000] {logging_mixin.py:188} INFO - [2025-10-21T20:48:46.547+0000] {dagbag.py:540} INFO - Filling up the DagBag from /opt/airflow/dags/bronze_dag_simple.py
[2025-10-21T20:48:46.562+0000] {processor.py:840} INFO - DAG(s) 'bronze_layer_ingestion_simple' retrieved from /opt/airflow/dags/bronze_dag_simple.py
[2025-10-21T20:48:46.577+0000] {logging_mixin.py:188} INFO - [2025-10-21T20:48:46.577+0000] {dag.py:3096} INFO - Sync 1 DAGs
[2025-10-21T20:48:46.592+0000] {logging_mixin.py:188} INFO - [2025-10-21T20:48:46.591+0000] {dag.py:3954} INFO - Setting next_dagrun for bronze_layer_ingestion_simple to 2025-10-21 18:00:00+00:00, run_after=2025-10-22 18:00:00+00:00
[2025-10-21T20:48:46.604+0000] {processor.py:183} INFO - Processing /opt/airflow/dags/bronze_dag_simple.py took 0.064 seconds
[2025-10-21T20:49:18.549+0000] {processor.py:161} INFO - Started process (PID=180) to work on /opt/airflow/dags/bronze_dag_simple.py
[2025-10-21T20:49:18.550+0000] {processor.py:830} INFO - Processing file /opt/airflow/dags/bronze_dag_simple.py for tasks to queue
[2025-10-21T20:49:18.552+0000] {logging_mixin.py:188} INFO - [2025-10-21T20:49:18.552+0000] {dagbag.py:540} INFO - Filling up the DagBag from /opt/airflow/dags/bronze_dag_simple.py
[2025-10-21T20:49:18.567+0000] {processor.py:840} INFO - DAG(s) 'bronze_layer_ingestion_simple' retrieved from /opt/airflow/dags/bronze_dag_simple.py
[2025-10-21T20:49:18.584+0000] {logging_mixin.py:188} INFO - [2025-10-21T20:49:18.584+0000] {dag.py:3096} INFO - Sync 1 DAGs
[2025-10-21T20:49:18.601+0000] {logging_mixin.py:188} INFO - [2025-10-21T20:49:18.601+0000] {dag.py:3954} INFO - Setting next_dagrun for bronze_layer_ingestion_simple to 2025-10-21 18:00:00+00:00, run_after=2025-10-22 18:00:00+00:00
[2025-10-21T20:49:18.615+0000] {processor.py:183} INFO - Processing /opt/airflow/dags/bronze_dag_simple.py took 0.071 seconds
[2025-10-21T20:49:49.448+0000] {processor.py:161} INFO - Started process (PID=183) to work on /opt/airflow/dags/bronze_dag_simple.py
[2025-10-21T20:49:49.449+0000] {processor.py:830} INFO - Processing file /opt/airflow/dags/bronze_dag_simple.py for tasks to queue
[2025-10-21T20:49:49.451+0000] {logging_mixin.py:188} INFO - [2025-10-21T20:49:49.451+0000] {dagbag.py:540} INFO - Filling up the DagBag from /opt/airflow/dags/bronze_dag_simple.py
[2025-10-21T20:49:49.466+0000] {processor.py:840} INFO - DAG(s) 'bronze_layer_ingestion_simple' retrieved from /opt/airflow/dags/bronze_dag_simple.py
[2025-10-21T20:49:49.482+0000] {logging_mixin.py:188} INFO - [2025-10-21T20:49:49.481+0000] {dag.py:3096} INFO - Sync 1 DAGs
[2025-10-21T20:49:49.497+0000] {logging_mixin.py:188} INFO - [2025-10-21T20:49:49.497+0000] {dag.py:3954} INFO - Setting next_dagrun for bronze_layer_ingestion_simple to 2025-10-21 18:00:00+00:00, run_after=2025-10-22 18:00:00+00:00
[2025-10-21T20:49:49.512+0000] {processor.py:183} INFO - Processing /opt/airflow/dags/bronze_dag_simple.py took 0.069 seconds
[2025-10-21T20:50:20.942+0000] {processor.py:161} INFO - Started process (PID=186) to work on /opt/airflow/dags/bronze_dag_simple.py
[2025-10-21T20:50:20.943+0000] {processor.py:830} INFO - Processing file /opt/airflow/dags/bronze_dag_simple.py for tasks to queue
[2025-10-21T20:50:20.945+0000] {logging_mixin.py:188} INFO - [2025-10-21T20:50:20.945+0000] {dagbag.py:540} INFO - Filling up the DagBag from /opt/airflow/dags/bronze_dag_simple.py
[2025-10-21T20:50:20.965+0000] {processor.py:840} INFO - DAG(s) 'bronze_layer_ingestion_simple' retrieved from /opt/airflow/dags/bronze_dag_simple.py
[2025-10-21T20:50:20.989+0000] {logging_mixin.py:188} INFO - [2025-10-21T20:50:20.989+0000] {dag.py:3096} INFO - Sync 1 DAGs
[2025-10-21T20:50:21.010+0000] {logging_mixin.py:188} INFO - [2025-10-21T20:50:21.009+0000] {dag.py:3954} INFO - Setting next_dagrun for bronze_layer_ingestion_simple to 2025-10-21 18:00:00+00:00, run_after=2025-10-22 18:00:00+00:00
[2025-10-21T20:50:21.026+0000] {processor.py:183} INFO - Processing /opt/airflow/dags/bronze_dag_simple.py took 0.089 seconds
[2025-10-21T20:50:52.215+0000] {processor.py:161} INFO - Started process (PID=189) to work on /opt/airflow/dags/bronze_dag_simple.py
[2025-10-21T20:50:52.216+0000] {processor.py:830} INFO - Processing file /opt/airflow/dags/bronze_dag_simple.py for tasks to queue
[2025-10-21T20:50:52.218+0000] {logging_mixin.py:188} INFO - [2025-10-21T20:50:52.218+0000] {dagbag.py:540} INFO - Filling up the DagBag from /opt/airflow/dags/bronze_dag_simple.py
[2025-10-21T20:50:52.233+0000] {processor.py:840} INFO - DAG(s) 'bronze_layer_ingestion_simple' retrieved from /opt/airflow/dags/bronze_dag_simple.py
[2025-10-21T20:50:52.250+0000] {logging_mixin.py:188} INFO - [2025-10-21T20:50:52.250+0000] {dag.py:3096} INFO - Sync 1 DAGs
[2025-10-21T20:50:52.266+0000] {logging_mixin.py:188} INFO - [2025-10-21T20:50:52.266+0000] {dag.py:3954} INFO - Setting next_dagrun for bronze_layer_ingestion_simple to 2025-10-21 18:00:00+00:00, run_after=2025-10-22 18:00:00+00:00
[2025-10-21T20:50:52.280+0000] {processor.py:183} INFO - Processing /opt/airflow/dags/bronze_dag_simple.py took 0.070 seconds
[2025-10-21T20:51:22.397+0000] {processor.py:161} INFO - Started process (PID=192) to work on /opt/airflow/dags/bronze_dag_simple.py
[2025-10-21T20:51:22.398+0000] {processor.py:830} INFO - Processing file /opt/airflow/dags/bronze_dag_simple.py for tasks to queue
[2025-10-21T20:51:22.399+0000] {logging_mixin.py:188} INFO - [2025-10-21T20:51:22.399+0000] {dagbag.py:540} INFO - Filling up the DagBag from /opt/airflow/dags/bronze_dag_simple.py
[2025-10-21T20:51:22.415+0000] {processor.py:840} INFO - DAG(s) 'bronze_layer_ingestion_simple' retrieved from /opt/airflow/dags/bronze_dag_simple.py
[2025-10-21T20:51:22.437+0000] {logging_mixin.py:188} INFO - [2025-10-21T20:51:22.436+0000] {dag.py:3096} INFO - Sync 1 DAGs
[2025-10-21T20:51:22.457+0000] {logging_mixin.py:188} INFO - [2025-10-21T20:51:22.457+0000] {dag.py:3954} INFO - Setting next_dagrun for bronze_layer_ingestion_simple to 2025-10-21 18:00:00+00:00, run_after=2025-10-22 18:00:00+00:00
[2025-10-21T20:51:22.473+0000] {processor.py:183} INFO - Processing /opt/airflow/dags/bronze_dag_simple.py took 0.082 seconds
[2025-10-21T20:51:53.309+0000] {processor.py:161} INFO - Started process (PID=195) to work on /opt/airflow/dags/bronze_dag_simple.py
[2025-10-21T20:51:53.310+0000] {processor.py:830} INFO - Processing file /opt/airflow/dags/bronze_dag_simple.py for tasks to queue
[2025-10-21T20:51:53.311+0000] {logging_mixin.py:188} INFO - [2025-10-21T20:51:53.311+0000] {dagbag.py:540} INFO - Filling up the DagBag from /opt/airflow/dags/bronze_dag_simple.py
[2025-10-21T20:51:53.327+0000] {processor.py:840} INFO - DAG(s) 'bronze_layer_ingestion_simple' retrieved from /opt/airflow/dags/bronze_dag_simple.py
[2025-10-21T20:51:53.344+0000] {logging_mixin.py:188} INFO - [2025-10-21T20:51:53.344+0000] {dag.py:3096} INFO - Sync 1 DAGs
[2025-10-21T20:51:53.361+0000] {logging_mixin.py:188} INFO - [2025-10-21T20:51:53.361+0000] {dag.py:3954} INFO - Setting next_dagrun for bronze_layer_ingestion_simple to 2025-10-21 18:00:00+00:00, run_after=2025-10-22 18:00:00+00:00
[2025-10-21T20:51:53.375+0000] {processor.py:183} INFO - Processing /opt/airflow/dags/bronze_dag_simple.py took 0.070 seconds
[2025-10-21T20:52:24.806+0000] {processor.py:161} INFO - Started process (PID=198) to work on /opt/airflow/dags/bronze_dag_simple.py
[2025-10-21T20:52:24.807+0000] {processor.py:830} INFO - Processing file /opt/airflow/dags/bronze_dag_simple.py for tasks to queue
[2025-10-21T20:52:24.809+0000] {logging_mixin.py:188} INFO - [2025-10-21T20:52:24.808+0000] {dagbag.py:540} INFO - Filling up the DagBag from /opt/airflow/dags/bronze_dag_simple.py
[2025-10-21T20:52:24.828+0000] {processor.py:840} INFO - DAG(s) 'bronze_layer_ingestion_simple' retrieved from /opt/airflow/dags/bronze_dag_simple.py
[2025-10-21T20:52:24.846+0000] {logging_mixin.py:188} INFO - [2025-10-21T20:52:24.846+0000] {dag.py:3096} INFO - Sync 1 DAGs
[2025-10-21T20:52:24.865+0000] {logging_mixin.py:188} INFO - [2025-10-21T20:52:24.864+0000] {dag.py:3954} INFO - Setting next_dagrun for bronze_layer_ingestion_simple to 2025-10-21 18:00:00+00:00, run_after=2025-10-22 18:00:00+00:00
[2025-10-21T20:52:24.882+0000] {processor.py:183} INFO - Processing /opt/airflow/dags/bronze_dag_simple.py took 0.082 seconds
[2025-10-21T20:52:55.073+0000] {processor.py:161} INFO - Started process (PID=201) to work on /opt/airflow/dags/bronze_dag_simple.py
[2025-10-21T20:52:55.074+0000] {processor.py:830} INFO - Processing file /opt/airflow/dags/bronze_dag_simple.py for tasks to queue
[2025-10-21T20:52:55.075+0000] {logging_mixin.py:188} INFO - [2025-10-21T20:52:55.075+0000] {dagbag.py:540} INFO - Filling up the DagBag from /opt/airflow/dags/bronze_dag_simple.py
[2025-10-21T20:52:55.091+0000] {processor.py:840} INFO - DAG(s) 'bronze_layer_ingestion_simple' retrieved from /opt/airflow/dags/bronze_dag_simple.py
[2025-10-21T20:52:55.106+0000] {logging_mixin.py:188} INFO - [2025-10-21T20:52:55.106+0000] {dag.py:3096} INFO - Sync 1 DAGs
[2025-10-21T20:52:55.122+0000] {logging_mixin.py:188} INFO - [2025-10-21T20:52:55.122+0000] {dag.py:3954} INFO - Setting next_dagrun for bronze_layer_ingestion_simple to 2025-10-21 18:00:00+00:00, run_after=2025-10-22 18:00:00+00:00
[2025-10-21T20:52:55.136+0000] {processor.py:183} INFO - Processing /opt/airflow/dags/bronze_dag_simple.py took 0.068 seconds
[2025-10-21T20:53:25.540+0000] {processor.py:161} INFO - Started process (PID=204) to work on /opt/airflow/dags/bronze_dag_simple.py
[2025-10-21T20:53:25.541+0000] {processor.py:830} INFO - Processing file /opt/airflow/dags/bronze_dag_simple.py for tasks to queue
[2025-10-21T20:53:25.543+0000] {logging_mixin.py:188} INFO - [2025-10-21T20:53:25.542+0000] {dagbag.py:540} INFO - Filling up the DagBag from /opt/airflow/dags/bronze_dag_simple.py
[2025-10-21T20:53:25.559+0000] {processor.py:840} INFO - DAG(s) 'bronze_layer_ingestion_simple' retrieved from /opt/airflow/dags/bronze_dag_simple.py
[2025-10-21T20:53:25.575+0000] {logging_mixin.py:188} INFO - [2025-10-21T20:53:25.575+0000] {dag.py:3096} INFO - Sync 1 DAGs
[2025-10-21T20:53:25.592+0000] {logging_mixin.py:188} INFO - [2025-10-21T20:53:25.592+0000] {dag.py:3954} INFO - Setting next_dagrun for bronze_layer_ingestion_simple to 2025-10-21 18:00:00+00:00, run_after=2025-10-22 18:00:00+00:00
[2025-10-21T20:53:25.607+0000] {processor.py:183} INFO - Processing /opt/airflow/dags/bronze_dag_simple.py took 0.071 seconds
[2025-10-21T20:54:08.374+0000] {processor.py:161} INFO - Started process (PID=207) to work on /opt/airflow/dags/bronze_dag_simple.py
[2025-10-21T20:54:08.375+0000] {processor.py:830} INFO - Processing file /opt/airflow/dags/bronze_dag_simple.py for tasks to queue
[2025-10-21T20:54:08.376+0000] {logging_mixin.py:188} INFO - [2025-10-21T20:54:08.376+0000] {dagbag.py:540} INFO - Filling up the DagBag from /opt/airflow/dags/bronze_dag_simple.py
[2025-10-21T20:54:08.392+0000] {processor.py:840} INFO - DAG(s) 'bronze_layer_ingestion_simple' retrieved from /opt/airflow/dags/bronze_dag_simple.py
[2025-10-21T20:54:08.407+0000] {logging_mixin.py:188} INFO - [2025-10-21T20:54:08.407+0000] {dag.py:3096} INFO - Sync 1 DAGs
[2025-10-21T20:54:08.424+0000] {logging_mixin.py:188} INFO - [2025-10-21T20:54:08.424+0000] {dag.py:3954} INFO - Setting next_dagrun for bronze_layer_ingestion_simple to 2025-10-21 18:00:00+00:00, run_after=2025-10-22 18:00:00+00:00
[2025-10-21T20:54:08.438+0000] {processor.py:183} INFO - Processing /opt/airflow/dags/bronze_dag_simple.py took 0.070 seconds
[2025-10-21T20:54:43.644+0000] {processor.py:161} INFO - Started process (PID=210) to work on /opt/airflow/dags/bronze_dag_simple.py
[2025-10-21T20:54:43.645+0000] {processor.py:830} INFO - Processing file /opt/airflow/dags/bronze_dag_simple.py for tasks to queue
[2025-10-21T20:54:43.646+0000] {logging_mixin.py:188} INFO - [2025-10-21T20:54:43.646+0000] {dagbag.py:540} INFO - Filling up the DagBag from /opt/airflow/dags/bronze_dag_simple.py
[2025-10-21T20:54:43.661+0000] {processor.py:840} INFO - DAG(s) 'bronze_layer_ingestion_simple' retrieved from /opt/airflow/dags/bronze_dag_simple.py
[2025-10-21T20:54:43.677+0000] {logging_mixin.py:188} INFO - [2025-10-21T20:54:43.677+0000] {dag.py:3096} INFO - Sync 1 DAGs
[2025-10-21T20:54:43.694+0000] {logging_mixin.py:188} INFO - [2025-10-21T20:54:43.693+0000] {dag.py:3954} INFO - Setting next_dagrun for bronze_layer_ingestion_simple to 2025-10-21 18:00:00+00:00, run_after=2025-10-22 18:00:00+00:00
[2025-10-21T20:54:43.708+0000] {processor.py:183} INFO - Processing /opt/airflow/dags/bronze_dag_simple.py took 0.069 seconds
[2025-10-21T20:55:38.012+0000] {processor.py:161} INFO - Started process (PID=213) to work on /opt/airflow/dags/bronze_dag_simple.py
[2025-10-21T20:55:38.013+0000] {processor.py:830} INFO - Processing file /opt/airflow/dags/bronze_dag_simple.py for tasks to queue
[2025-10-21T20:55:38.015+0000] {logging_mixin.py:188} INFO - [2025-10-21T20:55:38.014+0000] {dagbag.py:540} INFO - Filling up the DagBag from /opt/airflow/dags/bronze_dag_simple.py
[2025-10-21T20:55:38.030+0000] {processor.py:840} INFO - DAG(s) 'bronze_layer_ingestion_simple' retrieved from /opt/airflow/dags/bronze_dag_simple.py
[2025-10-21T20:55:38.046+0000] {logging_mixin.py:188} INFO - [2025-10-21T20:55:38.046+0000] {dag.py:3096} INFO - Sync 1 DAGs
[2025-10-21T20:55:38.062+0000] {logging_mixin.py:188} INFO - [2025-10-21T20:55:38.062+0000] {dag.py:3954} INFO - Setting next_dagrun for bronze_layer_ingestion_simple to 2025-10-21 18:00:00+00:00, run_after=2025-10-22 18:00:00+00:00
[2025-10-21T20:55:38.077+0000] {processor.py:183} INFO - Processing /opt/airflow/dags/bronze_dag_simple.py took 0.070 seconds
[2025-10-21T20:56:28.470+0000] {processor.py:161} INFO - Started process (PID=216) to work on /opt/airflow/dags/bronze_dag_simple.py
[2025-10-21T20:56:28.471+0000] {processor.py:830} INFO - Processing file /opt/airflow/dags/bronze_dag_simple.py for tasks to queue
[2025-10-21T20:56:28.472+0000] {logging_mixin.py:188} INFO - [2025-10-21T20:56:28.472+0000] {dagbag.py:540} INFO - Filling up the DagBag from /opt/airflow/dags/bronze_dag_simple.py
[2025-10-21T20:56:28.489+0000] {processor.py:840} INFO - DAG(s) 'bronze_layer_ingestion_simple' retrieved from /opt/airflow/dags/bronze_dag_simple.py
[2025-10-21T20:56:28.507+0000] {logging_mixin.py:188} INFO - [2025-10-21T20:56:28.506+0000] {dag.py:3096} INFO - Sync 1 DAGs
[2025-10-21T20:56:28.524+0000] {logging_mixin.py:188} INFO - [2025-10-21T20:56:28.524+0000] {dag.py:3954} INFO - Setting next_dagrun for bronze_layer_ingestion_simple to 2025-10-21 18:00:00+00:00, run_after=2025-10-22 18:00:00+00:00
[2025-10-21T20:56:28.542+0000] {processor.py:183} INFO - Processing /opt/airflow/dags/bronze_dag_simple.py took 0.077 seconds
[2025-10-21T20:56:59.243+0000] {processor.py:161} INFO - Started process (PID=219) to work on /opt/airflow/dags/bronze_dag_simple.py
[2025-10-21T20:56:59.244+0000] {processor.py:830} INFO - Processing file /opt/airflow/dags/bronze_dag_simple.py for tasks to queue
[2025-10-21T20:56:59.246+0000] {logging_mixin.py:188} INFO - [2025-10-21T20:56:59.246+0000] {dagbag.py:540} INFO - Filling up the DagBag from /opt/airflow/dags/bronze_dag_simple.py
[2025-10-21T20:56:59.261+0000] {processor.py:840} INFO - DAG(s) 'bronze_layer_ingestion_simple' retrieved from /opt/airflow/dags/bronze_dag_simple.py
[2025-10-21T20:56:59.277+0000] {logging_mixin.py:188} INFO - [2025-10-21T20:56:59.277+0000] {dag.py:3096} INFO - Sync 1 DAGs
[2025-10-21T20:56:59.293+0000] {logging_mixin.py:188} INFO - [2025-10-21T20:56:59.293+0000] {dag.py:3954} INFO - Setting next_dagrun for bronze_layer_ingestion_simple to 2025-10-21 18:00:00+00:00, run_after=2025-10-22 18:00:00+00:00
[2025-10-21T20:56:59.307+0000] {processor.py:183} INFO - Processing /opt/airflow/dags/bronze_dag_simple.py took 0.068 seconds
[2025-10-21T20:57:29.508+0000] {processor.py:161} INFO - Started process (PID=222) to work on /opt/airflow/dags/bronze_dag_simple.py
[2025-10-21T20:57:29.509+0000] {processor.py:830} INFO - Processing file /opt/airflow/dags/bronze_dag_simple.py for tasks to queue
[2025-10-21T20:57:29.510+0000] {logging_mixin.py:188} INFO - [2025-10-21T20:57:29.510+0000] {dagbag.py:540} INFO - Filling up the DagBag from /opt/airflow/dags/bronze_dag_simple.py
[2025-10-21T20:57:29.528+0000] {processor.py:840} INFO - DAG(s) 'bronze_layer_ingestion_simple' retrieved from /opt/airflow/dags/bronze_dag_simple.py
[2025-10-21T20:57:29.545+0000] {logging_mixin.py:188} INFO - [2025-10-21T20:57:29.545+0000] {dag.py:3096} INFO - Sync 1 DAGs
[2025-10-21T20:57:29.562+0000] {logging_mixin.py:188} INFO - [2025-10-21T20:57:29.562+0000] {dag.py:3954} INFO - Setting next_dagrun for bronze_layer_ingestion_simple to 2025-10-21 18:00:00+00:00, run_after=2025-10-22 18:00:00+00:00
[2025-10-21T20:57:29.578+0000] {processor.py:183} INFO - Processing /opt/airflow/dags/bronze_dag_simple.py took 0.075 seconds
[2025-10-21T20:58:11.353+0000] {processor.py:161} INFO - Started process (PID=225) to work on /opt/airflow/dags/bronze_dag_simple.py
[2025-10-21T20:58:11.354+0000] {processor.py:830} INFO - Processing file /opt/airflow/dags/bronze_dag_simple.py for tasks to queue
[2025-10-21T20:58:11.355+0000] {logging_mixin.py:188} INFO - [2025-10-21T20:58:11.355+0000] {dagbag.py:540} INFO - Filling up the DagBag from /opt/airflow/dags/bronze_dag_simple.py
[2025-10-21T20:58:11.371+0000] {processor.py:840} INFO - DAG(s) 'bronze_layer_ingestion_simple' retrieved from /opt/airflow/dags/bronze_dag_simple.py
[2025-10-21T20:58:11.388+0000] {logging_mixin.py:188} INFO - [2025-10-21T20:58:11.388+0000] {dag.py:3096} INFO - Sync 1 DAGs
[2025-10-21T20:58:11.404+0000] {logging_mixin.py:188} INFO - [2025-10-21T20:58:11.404+0000] {dag.py:3954} INFO - Setting next_dagrun for bronze_layer_ingestion_simple to 2025-10-21 18:00:00+00:00, run_after=2025-10-22 18:00:00+00:00
[2025-10-21T20:58:11.419+0000] {processor.py:183} INFO - Processing /opt/airflow/dags/bronze_dag_simple.py took 0.070 seconds
[2025-10-21T20:58:41.641+0000] {processor.py:161} INFO - Started process (PID=228) to work on /opt/airflow/dags/bronze_dag_simple.py
[2025-10-21T20:58:41.642+0000] {processor.py:830} INFO - Processing file /opt/airflow/dags/bronze_dag_simple.py for tasks to queue
[2025-10-21T20:58:41.643+0000] {logging_mixin.py:188} INFO - [2025-10-21T20:58:41.643+0000] {dagbag.py:540} INFO - Filling up the DagBag from /opt/airflow/dags/bronze_dag_simple.py
[2025-10-21T20:58:41.660+0000] {processor.py:840} INFO - DAG(s) 'bronze_layer_ingestion_simple' retrieved from /opt/airflow/dags/bronze_dag_simple.py
[2025-10-21T20:58:41.677+0000] {logging_mixin.py:188} INFO - [2025-10-21T20:58:41.677+0000] {dag.py:3096} INFO - Sync 1 DAGs
[2025-10-21T20:58:41.694+0000] {logging_mixin.py:188} INFO - [2025-10-21T20:58:41.694+0000] {dag.py:3954} INFO - Setting next_dagrun for bronze_layer_ingestion_simple to 2025-10-21 18:00:00+00:00, run_after=2025-10-22 18:00:00+00:00
[2025-10-21T20:58:41.709+0000] {processor.py:183} INFO - Processing /opt/airflow/dags/bronze_dag_simple.py took 0.074 seconds
[2025-10-21T20:59:29.826+0000] {processor.py:161} INFO - Started process (PID=229) to work on /opt/airflow/dags/bronze_dag_simple.py
[2025-10-21T20:59:29.827+0000] {processor.py:830} INFO - Processing file /opt/airflow/dags/bronze_dag_simple.py for tasks to queue
[2025-10-21T20:59:29.830+0000] {logging_mixin.py:188} INFO - [2025-10-21T20:59:29.829+0000] {dagbag.py:540} INFO - Filling up the DagBag from /opt/airflow/dags/bronze_dag_simple.py
[2025-10-21T20:59:29.855+0000] {processor.py:840} INFO - DAG(s) 'bronze_layer_ingestion_simple' retrieved from /opt/airflow/dags/bronze_dag_simple.py
[2025-10-21T20:59:30.008+0000] {logging_mixin.py:188} INFO - [2025-10-21T20:59:30.007+0000] {dag.py:3096} INFO - Sync 1 DAGs
[2025-10-21T20:59:30.027+0000] {logging_mixin.py:188} INFO - [2025-10-21T20:59:30.027+0000] {dag.py:3954} INFO - Setting next_dagrun for bronze_layer_ingestion_simple to 2025-10-21 18:00:00+00:00, run_after=2025-10-22 18:00:00+00:00
[2025-10-21T20:59:30.051+0000] {processor.py:183} INFO - Processing /opt/airflow/dags/bronze_dag_simple.py took 0.231 seconds
[2025-10-21T21:00:00.796+0000] {processor.py:161} INFO - Started process (PID=233) to work on /opt/airflow/dags/bronze_dag_simple.py
[2025-10-21T21:00:00.797+0000] {processor.py:830} INFO - Processing file /opt/airflow/dags/bronze_dag_simple.py for tasks to queue
[2025-10-21T21:00:00.799+0000] {logging_mixin.py:188} INFO - [2025-10-21T21:00:00.799+0000] {dagbag.py:540} INFO - Filling up the DagBag from /opt/airflow/dags/bronze_dag_simple.py
[2025-10-21T21:00:00.817+0000] {processor.py:840} INFO - DAG(s) 'bronze_layer_ingestion_simple' retrieved from /opt/airflow/dags/bronze_dag_simple.py
[2025-10-21T21:00:00.837+0000] {logging_mixin.py:188} INFO - [2025-10-21T21:00:00.837+0000] {dag.py:3096} INFO - Sync 1 DAGs
[2025-10-21T21:00:00.856+0000] {logging_mixin.py:188} INFO - [2025-10-21T21:00:00.856+0000] {dag.py:3954} INFO - Setting next_dagrun for bronze_layer_ingestion_simple to 2025-10-21 18:00:00+00:00, run_after=2025-10-22 18:00:00+00:00
[2025-10-21T21:00:00.872+0000] {processor.py:183} INFO - Processing /opt/airflow/dags/bronze_dag_simple.py took 0.082 seconds
[2025-10-21T21:00:31.826+0000] {processor.py:161} INFO - Started process (PID=238) to work on /opt/airflow/dags/bronze_dag_simple.py
[2025-10-21T21:00:31.826+0000] {processor.py:830} INFO - Processing file /opt/airflow/dags/bronze_dag_simple.py for tasks to queue
[2025-10-21T21:00:31.828+0000] {logging_mixin.py:188} INFO - [2025-10-21T21:00:31.828+0000] {dagbag.py:540} INFO - Filling up the DagBag from /opt/airflow/dags/bronze_dag_simple.py
[2025-10-21T21:00:31.846+0000] {processor.py:840} INFO - DAG(s) 'bronze_layer_ingestion_simple' retrieved from /opt/airflow/dags/bronze_dag_simple.py
[2025-10-21T21:00:31.863+0000] {logging_mixin.py:188} INFO - [2025-10-21T21:00:31.863+0000] {dag.py:3096} INFO - Sync 1 DAGs
[2025-10-21T21:00:31.883+0000] {logging_mixin.py:188} INFO - [2025-10-21T21:00:31.883+0000] {dag.py:3954} INFO - Setting next_dagrun for bronze_layer_ingestion_simple to 2025-10-21 18:00:00+00:00, run_after=2025-10-22 18:00:00+00:00
[2025-10-21T21:00:31.899+0000] {processor.py:183} INFO - Processing /opt/airflow/dags/bronze_dag_simple.py took 0.079 seconds
[2025-10-21T21:01:11.822+0000] {processor.py:161} INFO - Started process (PID=241) to work on /opt/airflow/dags/bronze_dag_simple.py
[2025-10-21T21:01:11.823+0000] {processor.py:830} INFO - Processing file /opt/airflow/dags/bronze_dag_simple.py for tasks to queue
[2025-10-21T21:01:11.825+0000] {logging_mixin.py:188} INFO - [2025-10-21T21:01:11.825+0000] {dagbag.py:540} INFO - Filling up the DagBag from /opt/airflow/dags/bronze_dag_simple.py
[2025-10-21T21:01:11.841+0000] {processor.py:840} INFO - DAG(s) 'bronze_layer_ingestion_simple' retrieved from /opt/airflow/dags/bronze_dag_simple.py
[2025-10-21T21:01:11.857+0000] {logging_mixin.py:188} INFO - [2025-10-21T21:01:11.857+0000] {dag.py:3096} INFO - Sync 1 DAGs
[2025-10-21T21:01:11.874+0000] {logging_mixin.py:188} INFO - [2025-10-21T21:01:11.874+0000] {dag.py:3954} INFO - Setting next_dagrun for bronze_layer_ingestion_simple to 2025-10-21 18:00:00+00:00, run_after=2025-10-22 18:00:00+00:00
[2025-10-21T21:01:11.888+0000] {processor.py:183} INFO - Processing /opt/airflow/dags/bronze_dag_simple.py took 0.071 seconds
[2025-10-21T21:01:42.109+0000] {processor.py:161} INFO - Started process (PID=244) to work on /opt/airflow/dags/bronze_dag_simple.py
[2025-10-21T21:01:42.110+0000] {processor.py:830} INFO - Processing file /opt/airflow/dags/bronze_dag_simple.py for tasks to queue
[2025-10-21T21:01:42.111+0000] {logging_mixin.py:188} INFO - [2025-10-21T21:01:42.111+0000] {dagbag.py:540} INFO - Filling up the DagBag from /opt/airflow/dags/bronze_dag_simple.py
[2025-10-21T21:01:42.127+0000] {processor.py:840} INFO - DAG(s) 'bronze_layer_ingestion_simple' retrieved from /opt/airflow/dags/bronze_dag_simple.py
[2025-10-21T21:01:42.144+0000] {logging_mixin.py:188} INFO - [2025-10-21T21:01:42.144+0000] {dag.py:3096} INFO - Sync 1 DAGs
[2025-10-21T21:01:42.162+0000] {logging_mixin.py:188} INFO - [2025-10-21T21:01:42.162+0000] {dag.py:3954} INFO - Setting next_dagrun for bronze_layer_ingestion_simple to 2025-10-21 18:00:00+00:00, run_after=2025-10-22 18:00:00+00:00
[2025-10-21T21:01:42.176+0000] {processor.py:183} INFO - Processing /opt/airflow/dags/bronze_dag_simple.py took 0.073 seconds
[2025-10-21T21:02:43.103+0000] {processor.py:161} INFO - Started process (PID=247) to work on /opt/airflow/dags/bronze_dag_simple.py
[2025-10-21T21:02:43.104+0000] {processor.py:830} INFO - Processing file /opt/airflow/dags/bronze_dag_simple.py for tasks to queue
[2025-10-21T21:02:43.106+0000] {logging_mixin.py:188} INFO - [2025-10-21T21:02:43.106+0000] {dagbag.py:540} INFO - Filling up the DagBag from /opt/airflow/dags/bronze_dag_simple.py
[2025-10-21T21:02:43.122+0000] {processor.py:840} INFO - DAG(s) 'bronze_layer_ingestion_simple' retrieved from /opt/airflow/dags/bronze_dag_simple.py
[2025-10-21T21:02:43.137+0000] {logging_mixin.py:188} INFO - [2025-10-21T21:02:43.137+0000] {dag.py:3096} INFO - Sync 1 DAGs
[2025-10-21T21:02:43.153+0000] {logging_mixin.py:188} INFO - [2025-10-21T21:02:43.153+0000] {dag.py:3954} INFO - Setting next_dagrun for bronze_layer_ingestion_simple to 2025-10-21 18:00:00+00:00, run_after=2025-10-22 18:00:00+00:00
[2025-10-21T21:02:43.167+0000] {processor.py:183} INFO - Processing /opt/airflow/dags/bronze_dag_simple.py took 0.069 seconds
[2025-10-21T21:03:13.569+0000] {processor.py:161} INFO - Started process (PID=250) to work on /opt/airflow/dags/bronze_dag_simple.py
[2025-10-21T21:03:13.569+0000] {processor.py:830} INFO - Processing file /opt/airflow/dags/bronze_dag_simple.py for tasks to queue
[2025-10-21T21:03:13.571+0000] {logging_mixin.py:188} INFO - [2025-10-21T21:03:13.571+0000] {dagbag.py:540} INFO - Filling up the DagBag from /opt/airflow/dags/bronze_dag_simple.py
[2025-10-21T21:03:13.586+0000] {processor.py:840} INFO - DAG(s) 'bronze_layer_ingestion_simple' retrieved from /opt/airflow/dags/bronze_dag_simple.py
[2025-10-21T21:03:13.603+0000] {logging_mixin.py:188} INFO - [2025-10-21T21:03:13.602+0000] {dag.py:3096} INFO - Sync 1 DAGs
[2025-10-21T21:03:13.623+0000] {logging_mixin.py:188} INFO - [2025-10-21T21:03:13.623+0000] {dag.py:3954} INFO - Setting next_dagrun for bronze_layer_ingestion_simple to 2025-10-21 18:00:00+00:00, run_after=2025-10-22 18:00:00+00:00
[2025-10-21T21:03:13.636+0000] {processor.py:183} INFO - Processing /opt/airflow/dags/bronze_dag_simple.py took 0.073 seconds
[2025-10-21T21:03:44.586+0000] {processor.py:161} INFO - Started process (PID=253) to work on /opt/airflow/dags/bronze_dag_simple.py
[2025-10-21T21:03:44.586+0000] {processor.py:830} INFO - Processing file /opt/airflow/dags/bronze_dag_simple.py for tasks to queue
[2025-10-21T21:03:44.588+0000] {logging_mixin.py:188} INFO - [2025-10-21T21:03:44.588+0000] {dagbag.py:540} INFO - Filling up the DagBag from /opt/airflow/dags/bronze_dag_simple.py
[2025-10-21T21:03:44.604+0000] {processor.py:840} INFO - DAG(s) 'bronze_layer_ingestion_simple' retrieved from /opt/airflow/dags/bronze_dag_simple.py
[2025-10-21T21:03:44.620+0000] {logging_mixin.py:188} INFO - [2025-10-21T21:03:44.620+0000] {dag.py:3096} INFO - Sync 1 DAGs
[2025-10-21T21:03:44.637+0000] {logging_mixin.py:188} INFO - [2025-10-21T21:03:44.637+0000] {dag.py:3954} INFO - Setting next_dagrun for bronze_layer_ingestion_simple to 2025-10-21 18:00:00+00:00, run_after=2025-10-22 18:00:00+00:00
[2025-10-21T21:03:44.651+0000] {processor.py:183} INFO - Processing /opt/airflow/dags/bronze_dag_simple.py took 0.071 seconds
[2025-10-21T21:04:15.540+0000] {processor.py:161} INFO - Started process (PID=256) to work on /opt/airflow/dags/bronze_dag_simple.py
[2025-10-21T21:04:15.541+0000] {processor.py:830} INFO - Processing file /opt/airflow/dags/bronze_dag_simple.py for tasks to queue
[2025-10-21T21:04:15.542+0000] {logging_mixin.py:188} INFO - [2025-10-21T21:04:15.542+0000] {dagbag.py:540} INFO - Filling up the DagBag from /opt/airflow/dags/bronze_dag_simple.py
[2025-10-21T21:04:15.556+0000] {processor.py:840} INFO - DAG(s) 'bronze_layer_ingestion_simple' retrieved from /opt/airflow/dags/bronze_dag_simple.py
[2025-10-21T21:04:15.571+0000] {logging_mixin.py:188} INFO - [2025-10-21T21:04:15.571+0000] {dag.py:3096} INFO - Sync 1 DAGs
[2025-10-21T21:04:15.585+0000] {logging_mixin.py:188} INFO - [2025-10-21T21:04:15.585+0000] {dag.py:3954} INFO - Setting next_dagrun for bronze_layer_ingestion_simple to 2025-10-21 18:00:00+00:00, run_after=2025-10-22 18:00:00+00:00
[2025-10-21T21:04:15.598+0000] {processor.py:183} INFO - Processing /opt/airflow/dags/bronze_dag_simple.py took 0.062 seconds
[2025-10-21T21:04:46.530+0000] {processor.py:161} INFO - Started process (PID=259) to work on /opt/airflow/dags/bronze_dag_simple.py
[2025-10-21T21:04:46.531+0000] {processor.py:830} INFO - Processing file /opt/airflow/dags/bronze_dag_simple.py for tasks to queue
[2025-10-21T21:04:46.532+0000] {logging_mixin.py:188} INFO - [2025-10-21T21:04:46.532+0000] {dagbag.py:540} INFO - Filling up the DagBag from /opt/airflow/dags/bronze_dag_simple.py
[2025-10-21T21:04:46.549+0000] {processor.py:840} INFO - DAG(s) 'bronze_layer_ingestion_simple' retrieved from /opt/airflow/dags/bronze_dag_simple.py
[2025-10-21T21:04:46.561+0000] {logging_mixin.py:188} INFO - [2025-10-21T21:04:46.561+0000] {dag.py:3096} INFO - Sync 1 DAGs
[2025-10-21T21:04:46.582+0000] {logging_mixin.py:188} INFO - [2025-10-21T21:04:46.581+0000] {dag.py:3954} INFO - Setting next_dagrun for bronze_layer_ingestion_simple to 2025-10-21 18:00:00+00:00, run_after=2025-10-22 18:00:00+00:00
[2025-10-21T21:04:46.601+0000] {processor.py:183} INFO - Processing /opt/airflow/dags/bronze_dag_simple.py took 0.076 seconds
[2025-10-21T21:05:16.854+0000] {processor.py:161} INFO - Started process (PID=266) to work on /opt/airflow/dags/bronze_dag_simple.py
[2025-10-21T21:05:16.855+0000] {processor.py:830} INFO - Processing file /opt/airflow/dags/bronze_dag_simple.py for tasks to queue
[2025-10-21T21:05:16.857+0000] {logging_mixin.py:188} INFO - [2025-10-21T21:05:16.857+0000] {dagbag.py:540} INFO - Filling up the DagBag from /opt/airflow/dags/bronze_dag_simple.py
[2025-10-21T21:05:16.875+0000] {processor.py:840} INFO - DAG(s) 'bronze_layer_ingestion_simple' retrieved from /opt/airflow/dags/bronze_dag_simple.py
[2025-10-21T21:05:16.960+0000] {logging_mixin.py:188} INFO - [2025-10-21T21:05:16.960+0000] {dag.py:3096} INFO - Sync 1 DAGs
[2025-10-21T21:05:16.992+0000] {processor.py:183} INFO - Processing /opt/airflow/dags/bronze_dag_simple.py took 0.143 seconds
[2025-10-21T21:06:10.065+0000] {processor.py:161} INFO - Started process (PID=269) to work on /opt/airflow/dags/bronze_dag_simple.py
[2025-10-21T21:06:10.065+0000] {processor.py:830} INFO - Processing file /opt/airflow/dags/bronze_dag_simple.py for tasks to queue
[2025-10-21T21:06:10.067+0000] {logging_mixin.py:188} INFO - [2025-10-21T21:06:10.067+0000] {dagbag.py:540} INFO - Filling up the DagBag from /opt/airflow/dags/bronze_dag_simple.py
[2025-10-21T21:06:10.083+0000] {processor.py:840} INFO - DAG(s) 'bronze_layer_ingestion_simple' retrieved from /opt/airflow/dags/bronze_dag_simple.py
[2025-10-21T21:06:10.099+0000] {logging_mixin.py:188} INFO - [2025-10-21T21:06:10.099+0000] {dag.py:3096} INFO - Sync 1 DAGs
[2025-10-21T21:06:10.117+0000] {logging_mixin.py:188} INFO - [2025-10-21T21:06:10.116+0000] {dag.py:3954} INFO - Setting next_dagrun for bronze_layer_ingestion_simple to 2025-10-21 18:00:00+00:00, run_after=2025-10-22 18:00:00+00:00
[2025-10-21T21:06:10.132+0000] {processor.py:183} INFO - Processing /opt/airflow/dags/bronze_dag_simple.py took 0.073 seconds
[2025-10-21T21:06:40.972+0000] {processor.py:161} INFO - Started process (PID=272) to work on /opt/airflow/dags/bronze_dag_simple.py
[2025-10-21T21:06:40.973+0000] {processor.py:830} INFO - Processing file /opt/airflow/dags/bronze_dag_simple.py for tasks to queue
[2025-10-21T21:06:40.975+0000] {logging_mixin.py:188} INFO - [2025-10-21T21:06:40.975+0000] {dagbag.py:540} INFO - Filling up the DagBag from /opt/airflow/dags/bronze_dag_simple.py
[2025-10-21T21:06:40.991+0000] {processor.py:840} INFO - DAG(s) 'bronze_layer_ingestion_simple' retrieved from /opt/airflow/dags/bronze_dag_simple.py
[2025-10-21T21:06:41.007+0000] {logging_mixin.py:188} INFO - [2025-10-21T21:06:41.007+0000] {dag.py:3096} INFO - Sync 1 DAGs
[2025-10-21T21:06:41.024+0000] {logging_mixin.py:188} INFO - [2025-10-21T21:06:41.024+0000] {dag.py:3954} INFO - Setting next_dagrun for bronze_layer_ingestion_simple to 2025-10-21 18:00:00+00:00, run_after=2025-10-22 18:00:00+00:00
[2025-10-21T21:06:41.039+0000] {processor.py:183} INFO - Processing /opt/airflow/dags/bronze_dag_simple.py took 0.071 seconds
[2025-10-21T21:07:21.806+0000] {processor.py:161} INFO - Started process (PID=275) to work on /opt/airflow/dags/bronze_dag_simple.py
[2025-10-21T21:07:21.807+0000] {processor.py:830} INFO - Processing file /opt/airflow/dags/bronze_dag_simple.py for tasks to queue
[2025-10-21T21:07:21.809+0000] {logging_mixin.py:188} INFO - [2025-10-21T21:07:21.809+0000] {dagbag.py:540} INFO - Filling up the DagBag from /opt/airflow/dags/bronze_dag_simple.py
[2025-10-21T21:07:21.826+0000] {processor.py:840} INFO - DAG(s) 'bronze_layer_ingestion_simple' retrieved from /opt/airflow/dags/bronze_dag_simple.py
[2025-10-21T21:07:21.847+0000] {logging_mixin.py:188} INFO - [2025-10-21T21:07:21.846+0000] {dag.py:3096} INFO - Sync 1 DAGs
[2025-10-21T21:07:21.866+0000] {logging_mixin.py:188} INFO - [2025-10-21T21:07:21.866+0000] {dag.py:3954} INFO - Setting next_dagrun for bronze_layer_ingestion_simple to 2025-10-21 18:00:00+00:00, run_after=2025-10-22 18:00:00+00:00
[2025-10-21T21:07:21.881+0000] {processor.py:183} INFO - Processing /opt/airflow/dags/bronze_dag_simple.py took 0.081 seconds
[2025-10-21T21:08:11.188+0000] {processor.py:161} INFO - Started process (PID=278) to work on /opt/airflow/dags/bronze_dag_simple.py
[2025-10-21T21:08:11.189+0000] {processor.py:830} INFO - Processing file /opt/airflow/dags/bronze_dag_simple.py for tasks to queue
[2025-10-21T21:08:11.191+0000] {logging_mixin.py:188} INFO - [2025-10-21T21:08:11.191+0000] {dagbag.py:540} INFO - Filling up the DagBag from /opt/airflow/dags/bronze_dag_simple.py
[2025-10-21T21:08:11.206+0000] {processor.py:840} INFO - DAG(s) 'bronze_layer_ingestion_simple' retrieved from /opt/airflow/dags/bronze_dag_simple.py
[2025-10-21T21:08:11.223+0000] {logging_mixin.py:188} INFO - [2025-10-21T21:08:11.223+0000] {dag.py:3096} INFO - Sync 1 DAGs
[2025-10-21T21:08:11.240+0000] {logging_mixin.py:188} INFO - [2025-10-21T21:08:11.240+0000] {dag.py:3954} INFO - Setting next_dagrun for bronze_layer_ingestion_simple to 2025-10-21 18:00:00+00:00, run_after=2025-10-22 18:00:00+00:00
[2025-10-21T21:08:11.256+0000] {processor.py:183} INFO - Processing /opt/airflow/dags/bronze_dag_simple.py took 0.072 seconds
[2025-10-21T21:08:57.594+0000] {processor.py:161} INFO - Started process (PID=281) to work on /opt/airflow/dags/bronze_dag_simple.py
[2025-10-21T21:08:57.595+0000] {processor.py:830} INFO - Processing file /opt/airflow/dags/bronze_dag_simple.py for tasks to queue
[2025-10-21T21:08:57.596+0000] {logging_mixin.py:188} INFO - [2025-10-21T21:08:57.596+0000] {dagbag.py:540} INFO - Filling up the DagBag from /opt/airflow/dags/bronze_dag_simple.py
[2025-10-21T21:08:57.612+0000] {processor.py:840} INFO - DAG(s) 'bronze_layer_ingestion_simple' retrieved from /opt/airflow/dags/bronze_dag_simple.py
[2025-10-21T21:08:57.629+0000] {logging_mixin.py:188} INFO - [2025-10-21T21:08:57.628+0000] {dag.py:3096} INFO - Sync 1 DAGs
[2025-10-21T21:08:57.645+0000] {logging_mixin.py:188} INFO - [2025-10-21T21:08:57.645+0000] {dag.py:3954} INFO - Setting next_dagrun for bronze_layer_ingestion_simple to 2025-10-21 18:00:00+00:00, run_after=2025-10-22 18:00:00+00:00
[2025-10-21T21:08:57.659+0000] {processor.py:183} INFO - Processing /opt/airflow/dags/bronze_dag_simple.py took 0.070 seconds
[2025-10-21T21:09:27.870+0000] {processor.py:161} INFO - Started process (PID=284) to work on /opt/airflow/dags/bronze_dag_simple.py
[2025-10-21T21:09:27.871+0000] {processor.py:830} INFO - Processing file /opt/airflow/dags/bronze_dag_simple.py for tasks to queue
[2025-10-21T21:09:27.873+0000] {logging_mixin.py:188} INFO - [2025-10-21T21:09:27.873+0000] {dagbag.py:540} INFO - Filling up the DagBag from /opt/airflow/dags/bronze_dag_simple.py
[2025-10-21T21:09:27.889+0000] {processor.py:840} INFO - DAG(s) 'bronze_layer_ingestion_simple' retrieved from /opt/airflow/dags/bronze_dag_simple.py
[2025-10-21T21:09:27.905+0000] {logging_mixin.py:188} INFO - [2025-10-21T21:09:27.905+0000] {dag.py:3096} INFO - Sync 1 DAGs
[2025-10-21T21:09:27.921+0000] {logging_mixin.py:188} INFO - [2025-10-21T21:09:27.921+0000] {dag.py:3954} INFO - Setting next_dagrun for bronze_layer_ingestion_simple to 2025-10-21 18:00:00+00:00, run_after=2025-10-22 18:00:00+00:00
[2025-10-21T21:09:27.935+0000] {processor.py:183} INFO - Processing /opt/airflow/dags/bronze_dag_simple.py took 0.070 seconds
[2025-10-21T21:09:58.362+0000] {processor.py:161} INFO - Started process (PID=287) to work on /opt/airflow/dags/bronze_dag_simple.py
[2025-10-21T21:09:58.363+0000] {processor.py:830} INFO - Processing file /opt/airflow/dags/bronze_dag_simple.py for tasks to queue
[2025-10-21T21:09:58.365+0000] {logging_mixin.py:188} INFO - [2025-10-21T21:09:58.364+0000] {dagbag.py:540} INFO - Filling up the DagBag from /opt/airflow/dags/bronze_dag_simple.py
[2025-10-21T21:09:58.383+0000] {processor.py:840} INFO - DAG(s) 'bronze_layer_ingestion_simple' retrieved from /opt/airflow/dags/bronze_dag_simple.py
[2025-10-21T21:09:58.401+0000] {logging_mixin.py:188} INFO - [2025-10-21T21:09:58.401+0000] {dag.py:3096} INFO - Sync 1 DAGs
[2025-10-21T21:09:58.419+0000] {logging_mixin.py:188} INFO - [2025-10-21T21:09:58.419+0000] {dag.py:3954} INFO - Setting next_dagrun for bronze_layer_ingestion_simple to 2025-10-21 18:00:00+00:00, run_after=2025-10-22 18:00:00+00:00
[2025-10-21T21:09:58.435+0000] {processor.py:183} INFO - Processing /opt/airflow/dags/bronze_dag_simple.py took 0.078 seconds
[2025-10-21T21:10:28.692+0000] {processor.py:161} INFO - Started process (PID=290) to work on /opt/airflow/dags/bronze_dag_simple.py
[2025-10-21T21:10:28.693+0000] {processor.py:830} INFO - Processing file /opt/airflow/dags/bronze_dag_simple.py for tasks to queue
[2025-10-21T21:10:28.695+0000] {logging_mixin.py:188} INFO - [2025-10-21T21:10:28.695+0000] {dagbag.py:540} INFO - Filling up the DagBag from /opt/airflow/dags/bronze_dag_simple.py
[2025-10-21T21:10:28.714+0000] {processor.py:840} INFO - DAG(s) 'bronze_layer_ingestion_simple' retrieved from /opt/airflow/dags/bronze_dag_simple.py
[2025-10-21T21:10:28.735+0000] {logging_mixin.py:188} INFO - [2025-10-21T21:10:28.735+0000] {dag.py:3096} INFO - Sync 1 DAGs
[2025-10-21T21:10:28.759+0000] {logging_mixin.py:188} INFO - [2025-10-21T21:10:28.758+0000] {dag.py:3954} INFO - Setting next_dagrun for bronze_layer_ingestion_simple to 2025-10-21 18:00:00+00:00, run_after=2025-10-22 18:00:00+00:00
[2025-10-21T21:10:28.783+0000] {processor.py:183} INFO - Processing /opt/airflow/dags/bronze_dag_simple.py took 0.096 seconds
[2025-10-21T21:11:05.668+0000] {processor.py:161} INFO - Started process (PID=293) to work on /opt/airflow/dags/bronze_dag_simple.py
[2025-10-21T21:11:05.669+0000] {processor.py:830} INFO - Processing file /opt/airflow/dags/bronze_dag_simple.py for tasks to queue
[2025-10-21T21:11:05.671+0000] {logging_mixin.py:188} INFO - [2025-10-21T21:11:05.671+0000] {dagbag.py:540} INFO - Filling up the DagBag from /opt/airflow/dags/bronze_dag_simple.py
[2025-10-21T21:11:05.687+0000] {processor.py:840} INFO - DAG(s) 'bronze_layer_ingestion_simple' retrieved from /opt/airflow/dags/bronze_dag_simple.py
[2025-10-21T21:11:05.703+0000] {logging_mixin.py:188} INFO - [2025-10-21T21:11:05.703+0000] {dag.py:3096} INFO - Sync 1 DAGs
[2025-10-21T21:11:05.721+0000] {logging_mixin.py:188} INFO - [2025-10-21T21:11:05.721+0000] {dag.py:3954} INFO - Setting next_dagrun for bronze_layer_ingestion_simple to 2025-10-21 18:00:00+00:00, run_after=2025-10-22 18:00:00+00:00
[2025-10-21T21:11:05.735+0000] {processor.py:183} INFO - Processing /opt/airflow/dags/bronze_dag_simple.py took 0.072 seconds
[2025-10-21T21:11:35.925+0000] {processor.py:161} INFO - Started process (PID=296) to work on /opt/airflow/dags/bronze_dag_simple.py
[2025-10-21T21:11:35.926+0000] {processor.py:830} INFO - Processing file /opt/airflow/dags/bronze_dag_simple.py for tasks to queue
[2025-10-21T21:11:35.927+0000] {logging_mixin.py:188} INFO - [2025-10-21T21:11:35.927+0000] {dagbag.py:540} INFO - Filling up the DagBag from /opt/airflow/dags/bronze_dag_simple.py
[2025-10-21T21:11:35.941+0000] {processor.py:840} INFO - DAG(s) 'bronze_layer_ingestion_simple' retrieved from /opt/airflow/dags/bronze_dag_simple.py
[2025-10-21T21:11:35.956+0000] {logging_mixin.py:188} INFO - [2025-10-21T21:11:35.956+0000] {dag.py:3096} INFO - Sync 1 DAGs
[2025-10-21T21:11:35.971+0000] {logging_mixin.py:188} INFO - [2025-10-21T21:11:35.971+0000] {dag.py:3954} INFO - Setting next_dagrun for bronze_layer_ingestion_simple to 2025-10-21 18:00:00+00:00, run_after=2025-10-22 18:00:00+00:00
[2025-10-21T21:11:35.986+0000] {processor.py:183} INFO - Processing /opt/airflow/dags/bronze_dag_simple.py took 0.065 seconds
[2025-10-21T21:12:06.599+0000] {processor.py:161} INFO - Started process (PID=299) to work on /opt/airflow/dags/bronze_dag_simple.py
[2025-10-21T21:12:06.600+0000] {processor.py:830} INFO - Processing file /opt/airflow/dags/bronze_dag_simple.py for tasks to queue
[2025-10-21T21:12:06.601+0000] {logging_mixin.py:188} INFO - [2025-10-21T21:12:06.601+0000] {dagbag.py:540} INFO - Filling up the DagBag from /opt/airflow/dags/bronze_dag_simple.py
[2025-10-21T21:12:06.616+0000] {processor.py:840} INFO - DAG(s) 'bronze_layer_ingestion_simple' retrieved from /opt/airflow/dags/bronze_dag_simple.py
[2025-10-21T21:12:06.632+0000] {logging_mixin.py:188} INFO - [2025-10-21T21:12:06.632+0000] {dag.py:3096} INFO - Sync 1 DAGs
[2025-10-21T21:12:06.648+0000] {logging_mixin.py:188} INFO - [2025-10-21T21:12:06.648+0000] {dag.py:3954} INFO - Setting next_dagrun for bronze_layer_ingestion_simple to 2025-10-21 18:00:00+00:00, run_after=2025-10-22 18:00:00+00:00
[2025-10-21T21:12:06.663+0000] {processor.py:183} INFO - Processing /opt/airflow/dags/bronze_dag_simple.py took 0.069 seconds
[2025-10-21T21:12:37.349+0000] {processor.py:161} INFO - Started process (PID=302) to work on /opt/airflow/dags/bronze_dag_simple.py
[2025-10-21T21:12:37.349+0000] {processor.py:830} INFO - Processing file /opt/airflow/dags/bronze_dag_simple.py for tasks to queue
[2025-10-21T21:12:37.351+0000] {logging_mixin.py:188} INFO - [2025-10-21T21:12:37.351+0000] {dagbag.py:540} INFO - Filling up the DagBag from /opt/airflow/dags/bronze_dag_simple.py
[2025-10-21T21:12:37.365+0000] {processor.py:840} INFO - DAG(s) 'bronze_layer_ingestion_simple' retrieved from /opt/airflow/dags/bronze_dag_simple.py
[2025-10-21T21:12:37.380+0000] {logging_mixin.py:188} INFO - [2025-10-21T21:12:37.379+0000] {dag.py:3096} INFO - Sync 1 DAGs
[2025-10-21T21:12:37.395+0000] {logging_mixin.py:188} INFO - [2025-10-21T21:12:37.394+0000] {dag.py:3954} INFO - Setting next_dagrun for bronze_layer_ingestion_simple to 2025-10-21 18:00:00+00:00, run_after=2025-10-22 18:00:00+00:00
[2025-10-21T21:12:37.409+0000] {processor.py:183} INFO - Processing /opt/airflow/dags/bronze_dag_simple.py took 0.065 seconds
[2025-10-21T21:13:07.618+0000] {processor.py:161} INFO - Started process (PID=305) to work on /opt/airflow/dags/bronze_dag_simple.py
[2025-10-21T21:13:07.619+0000] {processor.py:830} INFO - Processing file /opt/airflow/dags/bronze_dag_simple.py for tasks to queue
[2025-10-21T21:13:07.620+0000] {logging_mixin.py:188} INFO - [2025-10-21T21:13:07.620+0000] {dagbag.py:540} INFO - Filling up the DagBag from /opt/airflow/dags/bronze_dag_simple.py
[2025-10-21T21:13:07.635+0000] {processor.py:840} INFO - DAG(s) 'bronze_layer_ingestion_simple' retrieved from /opt/airflow/dags/bronze_dag_simple.py
[2025-10-21T21:13:07.651+0000] {logging_mixin.py:188} INFO - [2025-10-21T21:13:07.651+0000] {dag.py:3096} INFO - Sync 1 DAGs
[2025-10-21T21:13:07.666+0000] {logging_mixin.py:188} INFO - [2025-10-21T21:13:07.666+0000] {dag.py:3954} INFO - Setting next_dagrun for bronze_layer_ingestion_simple to 2025-10-21 18:00:00+00:00, run_after=2025-10-22 18:00:00+00:00
[2025-10-21T21:13:07.679+0000] {processor.py:183} INFO - Processing /opt/airflow/dags/bronze_dag_simple.py took 0.065 seconds
[2025-10-21T21:13:37.744+0000] {processor.py:161} INFO - Started process (PID=308) to work on /opt/airflow/dags/bronze_dag_simple.py
[2025-10-21T21:13:37.745+0000] {processor.py:830} INFO - Processing file /opt/airflow/dags/bronze_dag_simple.py for tasks to queue
[2025-10-21T21:13:37.746+0000] {logging_mixin.py:188} INFO - [2025-10-21T21:13:37.746+0000] {dagbag.py:540} INFO - Filling up the DagBag from /opt/airflow/dags/bronze_dag_simple.py
[2025-10-21T21:13:37.762+0000] {processor.py:840} INFO - DAG(s) 'bronze_layer_ingestion_simple' retrieved from /opt/airflow/dags/bronze_dag_simple.py
[2025-10-21T21:13:37.779+0000] {logging_mixin.py:188} INFO - [2025-10-21T21:13:37.779+0000] {dag.py:3096} INFO - Sync 1 DAGs
[2025-10-21T21:13:37.797+0000] {logging_mixin.py:188} INFO - [2025-10-21T21:13:37.797+0000] {dag.py:3954} INFO - Setting next_dagrun for bronze_layer_ingestion_simple to 2025-10-21 18:00:00+00:00, run_after=2025-10-22 18:00:00+00:00
[2025-10-21T21:13:37.812+0000] {processor.py:183} INFO - Processing /opt/airflow/dags/bronze_dag_simple.py took 0.073 seconds
[2025-10-21T21:14:27.813+0000] {processor.py:161} INFO - Started process (PID=311) to work on /opt/airflow/dags/bronze_dag_simple.py
[2025-10-21T21:14:27.814+0000] {processor.py:830} INFO - Processing file /opt/airflow/dags/bronze_dag_simple.py for tasks to queue
[2025-10-21T21:14:27.816+0000] {logging_mixin.py:188} INFO - [2025-10-21T21:14:27.815+0000] {dagbag.py:540} INFO - Filling up the DagBag from /opt/airflow/dags/bronze_dag_simple.py
[2025-10-21T21:14:27.832+0000] {processor.py:840} INFO - DAG(s) 'bronze_layer_ingestion_simple' retrieved from /opt/airflow/dags/bronze_dag_simple.py
[2025-10-21T21:14:27.849+0000] {logging_mixin.py:188} INFO - [2025-10-21T21:14:27.849+0000] {dag.py:3096} INFO - Sync 1 DAGs
[2025-10-21T21:14:27.867+0000] {logging_mixin.py:188} INFO - [2025-10-21T21:14:27.867+0000] {dag.py:3954} INFO - Setting next_dagrun for bronze_layer_ingestion_simple to 2025-10-21 18:00:00+00:00, run_after=2025-10-22 18:00:00+00:00
[2025-10-21T21:14:27.883+0000] {processor.py:183} INFO - Processing /opt/airflow/dags/bronze_dag_simple.py took 0.074 seconds
[2025-10-21T21:14:58.169+0000] {processor.py:161} INFO - Started process (PID=314) to work on /opt/airflow/dags/bronze_dag_simple.py
[2025-10-21T21:14:58.170+0000] {processor.py:830} INFO - Processing file /opt/airflow/dags/bronze_dag_simple.py for tasks to queue
[2025-10-21T21:14:58.172+0000] {logging_mixin.py:188} INFO - [2025-10-21T21:14:58.172+0000] {dagbag.py:540} INFO - Filling up the DagBag from /opt/airflow/dags/bronze_dag_simple.py
[2025-10-21T21:14:58.194+0000] {processor.py:840} INFO - DAG(s) 'bronze_layer_ingestion_simple' retrieved from /opt/airflow/dags/bronze_dag_simple.py
[2025-10-21T21:14:58.222+0000] {logging_mixin.py:188} INFO - [2025-10-21T21:14:58.222+0000] {dag.py:3096} INFO - Sync 1 DAGs
[2025-10-21T21:14:58.249+0000] {logging_mixin.py:188} INFO - [2025-10-21T21:14:58.249+0000] {dag.py:3954} INFO - Setting next_dagrun for bronze_layer_ingestion_simple to 2025-10-21 18:00:00+00:00, run_after=2025-10-22 18:00:00+00:00
[2025-10-21T21:14:58.269+0000] {processor.py:183} INFO - Processing /opt/airflow/dags/bronze_dag_simple.py took 0.108 seconds
[2025-10-21T21:15:29.301+0000] {processor.py:161} INFO - Started process (PID=317) to work on /opt/airflow/dags/bronze_dag_simple.py
[2025-10-21T21:15:29.302+0000] {processor.py:830} INFO - Processing file /opt/airflow/dags/bronze_dag_simple.py for tasks to queue
[2025-10-21T21:15:29.304+0000] {logging_mixin.py:188} INFO - [2025-10-21T21:15:29.303+0000] {dagbag.py:540} INFO - Filling up the DagBag from /opt/airflow/dags/bronze_dag_simple.py
[2025-10-21T21:15:29.320+0000] {processor.py:840} INFO - DAG(s) 'bronze_layer_ingestion_simple' retrieved from /opt/airflow/dags/bronze_dag_simple.py
[2025-10-21T21:15:29.337+0000] {logging_mixin.py:188} INFO - [2025-10-21T21:15:29.337+0000] {dag.py:3096} INFO - Sync 1 DAGs
[2025-10-21T21:15:29.356+0000] {logging_mixin.py:188} INFO - [2025-10-21T21:15:29.356+0000] {dag.py:3954} INFO - Setting next_dagrun for bronze_layer_ingestion_simple to 2025-10-21 18:00:00+00:00, run_after=2025-10-22 18:00:00+00:00
[2025-10-21T21:15:29.372+0000] {processor.py:183} INFO - Processing /opt/airflow/dags/bronze_dag_simple.py took 0.076 seconds
[2025-10-21T21:16:31.550+0000] {processor.py:161} INFO - Started process (PID=320) to work on /opt/airflow/dags/bronze_dag_simple.py
[2025-10-21T21:16:31.551+0000] {processor.py:830} INFO - Processing file /opt/airflow/dags/bronze_dag_simple.py for tasks to queue
[2025-10-21T21:16:31.552+0000] {logging_mixin.py:188} INFO - [2025-10-21T21:16:31.552+0000] {dagbag.py:540} INFO - Filling up the DagBag from /opt/airflow/dags/bronze_dag_simple.py
[2025-10-21T21:16:31.570+0000] {processor.py:840} INFO - DAG(s) 'bronze_layer_ingestion_simple' retrieved from /opt/airflow/dags/bronze_dag_simple.py
[2025-10-21T21:16:31.587+0000] {logging_mixin.py:188} INFO - [2025-10-21T21:16:31.587+0000] {dag.py:3096} INFO - Sync 1 DAGs
[2025-10-21T21:16:31.604+0000] {logging_mixin.py:188} INFO - [2025-10-21T21:16:31.604+0000] {dag.py:3954} INFO - Setting next_dagrun for bronze_layer_ingestion_simple to 2025-10-21 18:00:00+00:00, run_after=2025-10-22 18:00:00+00:00
[2025-10-21T21:16:31.618+0000] {processor.py:183} INFO - Processing /opt/airflow/dags/bronze_dag_simple.py took 0.074 seconds
[2025-10-21T21:17:01.860+0000] {processor.py:161} INFO - Started process (PID=323) to work on /opt/airflow/dags/bronze_dag_simple.py
[2025-10-21T21:17:01.861+0000] {processor.py:830} INFO - Processing file /opt/airflow/dags/bronze_dag_simple.py for tasks to queue
[2025-10-21T21:17:01.863+0000] {logging_mixin.py:188} INFO - [2025-10-21T21:17:01.862+0000] {dagbag.py:540} INFO - Filling up the DagBag from /opt/airflow/dags/bronze_dag_simple.py
[2025-10-21T21:17:01.879+0000] {processor.py:840} INFO - DAG(s) 'bronze_layer_ingestion_simple' retrieved from /opt/airflow/dags/bronze_dag_simple.py
[2025-10-21T21:17:01.896+0000] {logging_mixin.py:188} INFO - [2025-10-21T21:17:01.895+0000] {dag.py:3096} INFO - Sync 1 DAGs
[2025-10-21T21:17:01.913+0000] {logging_mixin.py:188} INFO - [2025-10-21T21:17:01.912+0000] {dag.py:3954} INFO - Setting next_dagrun for bronze_layer_ingestion_simple to 2025-10-21 18:00:00+00:00, run_after=2025-10-22 18:00:00+00:00
[2025-10-21T21:17:01.927+0000] {processor.py:183} INFO - Processing /opt/airflow/dags/bronze_dag_simple.py took 0.072 seconds
[2025-10-21T21:17:32.026+0000] {processor.py:161} INFO - Started process (PID=326) to work on /opt/airflow/dags/bronze_dag_simple.py
[2025-10-21T21:17:32.026+0000] {processor.py:830} INFO - Processing file /opt/airflow/dags/bronze_dag_simple.py for tasks to queue
[2025-10-21T21:17:32.028+0000] {logging_mixin.py:188} INFO - [2025-10-21T21:17:32.028+0000] {dagbag.py:540} INFO - Filling up the DagBag from /opt/airflow/dags/bronze_dag_simple.py
[2025-10-21T21:17:32.043+0000] {processor.py:840} INFO - DAG(s) 'bronze_layer_ingestion_simple' retrieved from /opt/airflow/dags/bronze_dag_simple.py
[2025-10-21T21:17:32.060+0000] {logging_mixin.py:188} INFO - [2025-10-21T21:17:32.060+0000] {dag.py:3096} INFO - Sync 1 DAGs
[2025-10-21T21:17:32.076+0000] {logging_mixin.py:188} INFO - [2025-10-21T21:17:32.076+0000] {dag.py:3954} INFO - Setting next_dagrun for bronze_layer_ingestion_simple to 2025-10-21 18:00:00+00:00, run_after=2025-10-22 18:00:00+00:00
[2025-10-21T21:17:32.090+0000] {processor.py:183} INFO - Processing /opt/airflow/dags/bronze_dag_simple.py took 0.069 seconds
[2025-10-21T21:18:02.947+0000] {processor.py:161} INFO - Started process (PID=329) to work on /opt/airflow/dags/bronze_dag_simple.py
[2025-10-21T21:18:02.948+0000] {processor.py:830} INFO - Processing file /opt/airflow/dags/bronze_dag_simple.py for tasks to queue
[2025-10-21T21:18:02.950+0000] {logging_mixin.py:188} INFO - [2025-10-21T21:18:02.949+0000] {dagbag.py:540} INFO - Filling up the DagBag from /opt/airflow/dags/bronze_dag_simple.py
[2025-10-21T21:18:02.965+0000] {processor.py:840} INFO - DAG(s) 'bronze_layer_ingestion_simple' retrieved from /opt/airflow/dags/bronze_dag_simple.py
[2025-10-21T21:18:02.982+0000] {logging_mixin.py:188} INFO - [2025-10-21T21:18:02.982+0000] {dag.py:3096} INFO - Sync 1 DAGs
[2025-10-21T21:18:02.998+0000] {logging_mixin.py:188} INFO - [2025-10-21T21:18:02.998+0000] {dag.py:3954} INFO - Setting next_dagrun for bronze_layer_ingestion_simple to 2025-10-21 18:00:00+00:00, run_after=2025-10-22 18:00:00+00:00
[2025-10-21T21:18:03.012+0000] {processor.py:183} INFO - Processing /opt/airflow/dags/bronze_dag_simple.py took 0.069 seconds
[2025-10-21T21:18:33.686+0000] {processor.py:161} INFO - Started process (PID=332) to work on /opt/airflow/dags/bronze_dag_simple.py
[2025-10-21T21:18:33.687+0000] {processor.py:830} INFO - Processing file /opt/airflow/dags/bronze_dag_simple.py for tasks to queue
[2025-10-21T21:18:33.688+0000] {logging_mixin.py:188} INFO - [2025-10-21T21:18:33.688+0000] {dagbag.py:540} INFO - Filling up the DagBag from /opt/airflow/dags/bronze_dag_simple.py
[2025-10-21T21:18:33.704+0000] {processor.py:840} INFO - DAG(s) 'bronze_layer_ingestion_simple' retrieved from /opt/airflow/dags/bronze_dag_simple.py
[2025-10-21T21:18:33.723+0000] {logging_mixin.py:188} INFO - [2025-10-21T21:18:33.722+0000] {dag.py:3096} INFO - Sync 1 DAGs
[2025-10-21T21:18:33.740+0000] {logging_mixin.py:188} INFO - [2025-10-21T21:18:33.740+0000] {dag.py:3954} INFO - Setting next_dagrun for bronze_layer_ingestion_simple to 2025-10-21 18:00:00+00:00, run_after=2025-10-22 18:00:00+00:00
[2025-10-21T21:18:33.754+0000] {processor.py:183} INFO - Processing /opt/airflow/dags/bronze_dag_simple.py took 0.073 seconds
[2025-10-21T21:19:03.942+0000] {processor.py:161} INFO - Started process (PID=335) to work on /opt/airflow/dags/bronze_dag_simple.py
[2025-10-21T21:19:03.943+0000] {processor.py:830} INFO - Processing file /opt/airflow/dags/bronze_dag_simple.py for tasks to queue
[2025-10-21T21:19:03.944+0000] {logging_mixin.py:188} INFO - [2025-10-21T21:19:03.944+0000] {dagbag.py:540} INFO - Filling up the DagBag from /opt/airflow/dags/bronze_dag_simple.py
[2025-10-21T21:19:03.959+0000] {processor.py:840} INFO - DAG(s) 'bronze_layer_ingestion_simple' retrieved from /opt/airflow/dags/bronze_dag_simple.py
[2025-10-21T21:19:03.974+0000] {logging_mixin.py:188} INFO - [2025-10-21T21:19:03.974+0000] {dag.py:3096} INFO - Sync 1 DAGs
[2025-10-21T21:19:03.989+0000] {logging_mixin.py:188} INFO - [2025-10-21T21:19:03.989+0000] {dag.py:3954} INFO - Setting next_dagrun for bronze_layer_ingestion_simple to 2025-10-21 18:00:00+00:00, run_after=2025-10-22 18:00:00+00:00
[2025-10-21T21:19:04.002+0000] {processor.py:183} INFO - Processing /opt/airflow/dags/bronze_dag_simple.py took 0.065 seconds
[2025-10-21T21:19:34.903+0000] {processor.py:161} INFO - Started process (PID=338) to work on /opt/airflow/dags/bronze_dag_simple.py
[2025-10-21T21:19:34.904+0000] {processor.py:830} INFO - Processing file /opt/airflow/dags/bronze_dag_simple.py for tasks to queue
[2025-10-21T21:19:34.905+0000] {logging_mixin.py:188} INFO - [2025-10-21T21:19:34.905+0000] {dagbag.py:540} INFO - Filling up the DagBag from /opt/airflow/dags/bronze_dag_simple.py
[2025-10-21T21:19:34.919+0000] {processor.py:840} INFO - DAG(s) 'bronze_layer_ingestion_simple' retrieved from /opt/airflow/dags/bronze_dag_simple.py
[2025-10-21T21:19:34.933+0000] {logging_mixin.py:188} INFO - [2025-10-21T21:19:34.933+0000] {dag.py:3096} INFO - Sync 1 DAGs
[2025-10-21T21:19:34.948+0000] {logging_mixin.py:188} INFO - [2025-10-21T21:19:34.948+0000] {dag.py:3954} INFO - Setting next_dagrun for bronze_layer_ingestion_simple to 2025-10-21 18:00:00+00:00, run_after=2025-10-22 18:00:00+00:00
[2025-10-21T21:19:34.962+0000] {processor.py:183} INFO - Processing /opt/airflow/dags/bronze_dag_simple.py took 0.063 seconds
[2025-10-21T21:20:05.871+0000] {processor.py:161} INFO - Started process (PID=341) to work on /opt/airflow/dags/bronze_dag_simple.py
[2025-10-21T21:20:05.872+0000] {processor.py:830} INFO - Processing file /opt/airflow/dags/bronze_dag_simple.py for tasks to queue
[2025-10-21T21:20:05.873+0000] {logging_mixin.py:188} INFO - [2025-10-21T21:20:05.873+0000] {dagbag.py:540} INFO - Filling up the DagBag from /opt/airflow/dags/bronze_dag_simple.py
[2025-10-21T21:20:05.890+0000] {processor.py:840} INFO - DAG(s) 'bronze_layer_ingestion_simple' retrieved from /opt/airflow/dags/bronze_dag_simple.py
[2025-10-21T21:20:05.906+0000] {logging_mixin.py:188} INFO - [2025-10-21T21:20:05.906+0000] {dag.py:3096} INFO - Sync 1 DAGs
[2025-10-21T21:20:05.923+0000] {logging_mixin.py:188} INFO - [2025-10-21T21:20:05.923+0000] {dag.py:3954} INFO - Setting next_dagrun for bronze_layer_ingestion_simple to 2025-10-21 18:00:00+00:00, run_after=2025-10-22 18:00:00+00:00
[2025-10-21T21:20:05.937+0000] {processor.py:183} INFO - Processing /opt/airflow/dags/bronze_dag_simple.py took 0.071 seconds
[2025-10-21T21:20:36.746+0000] {processor.py:161} INFO - Started process (PID=344) to work on /opt/airflow/dags/bronze_dag_simple.py
[2025-10-21T21:20:36.747+0000] {processor.py:830} INFO - Processing file /opt/airflow/dags/bronze_dag_simple.py for tasks to queue
[2025-10-21T21:20:36.748+0000] {logging_mixin.py:188} INFO - [2025-10-21T21:20:36.748+0000] {dagbag.py:540} INFO - Filling up the DagBag from /opt/airflow/dags/bronze_dag_simple.py
[2025-10-21T21:20:36.764+0000] {processor.py:840} INFO - DAG(s) 'bronze_layer_ingestion_simple' retrieved from /opt/airflow/dags/bronze_dag_simple.py
[2025-10-21T21:20:36.781+0000] {logging_mixin.py:188} INFO - [2025-10-21T21:20:36.780+0000] {dag.py:3096} INFO - Sync 1 DAGs
[2025-10-21T21:20:36.797+0000] {logging_mixin.py:188} INFO - [2025-10-21T21:20:36.797+0000] {dag.py:3954} INFO - Setting next_dagrun for bronze_layer_ingestion_simple to 2025-10-21 18:00:00+00:00, run_after=2025-10-22 18:00:00+00:00
[2025-10-21T21:20:36.816+0000] {processor.py:183} INFO - Processing /opt/airflow/dags/bronze_dag_simple.py took 0.075 seconds
[2025-10-21T21:21:07.021+0000] {processor.py:161} INFO - Started process (PID=347) to work on /opt/airflow/dags/bronze_dag_simple.py
[2025-10-21T21:21:07.022+0000] {processor.py:830} INFO - Processing file /opt/airflow/dags/bronze_dag_simple.py for tasks to queue
[2025-10-21T21:21:07.024+0000] {logging_mixin.py:188} INFO - [2025-10-21T21:21:07.023+0000] {dagbag.py:540} INFO - Filling up the DagBag from /opt/airflow/dags/bronze_dag_simple.py
[2025-10-21T21:21:07.040+0000] {processor.py:840} INFO - DAG(s) 'bronze_layer_ingestion_simple' retrieved from /opt/airflow/dags/bronze_dag_simple.py
[2025-10-21T21:21:07.057+0000] {logging_mixin.py:188} INFO - [2025-10-21T21:21:07.057+0000] {dag.py:3096} INFO - Sync 1 DAGs
[2025-10-21T21:21:07.074+0000] {logging_mixin.py:188} INFO - [2025-10-21T21:21:07.074+0000] {dag.py:3954} INFO - Setting next_dagrun for bronze_layer_ingestion_simple to 2025-10-21 18:00:00+00:00, run_after=2025-10-22 18:00:00+00:00
[2025-10-21T21:21:07.089+0000] {processor.py:183} INFO - Processing /opt/airflow/dags/bronze_dag_simple.py took 0.073 seconds
[2025-10-21T21:21:54.013+0000] {processor.py:161} INFO - Started process (PID=350) to work on /opt/airflow/dags/bronze_dag_simple.py
[2025-10-21T21:21:54.014+0000] {processor.py:830} INFO - Processing file /opt/airflow/dags/bronze_dag_simple.py for tasks to queue
[2025-10-21T21:21:54.015+0000] {logging_mixin.py:188} INFO - [2025-10-21T21:21:54.015+0000] {dagbag.py:540} INFO - Filling up the DagBag from /opt/airflow/dags/bronze_dag_simple.py
[2025-10-21T21:21:54.031+0000] {processor.py:840} INFO - DAG(s) 'bronze_layer_ingestion_simple' retrieved from /opt/airflow/dags/bronze_dag_simple.py
[2025-10-21T21:21:54.048+0000] {logging_mixin.py:188} INFO - [2025-10-21T21:21:54.048+0000] {dag.py:3096} INFO - Sync 1 DAGs
[2025-10-21T21:21:54.067+0000] {logging_mixin.py:188} INFO - [2025-10-21T21:21:54.067+0000] {dag.py:3954} INFO - Setting next_dagrun for bronze_layer_ingestion_simple to 2025-10-21 18:00:00+00:00, run_after=2025-10-22 18:00:00+00:00
[2025-10-21T21:21:54.082+0000] {processor.py:183} INFO - Processing /opt/airflow/dags/bronze_dag_simple.py took 0.075 seconds
[2025-10-21T21:22:24.274+0000] {processor.py:161} INFO - Started process (PID=353) to work on /opt/airflow/dags/bronze_dag_simple.py
[2025-10-21T21:22:24.275+0000] {processor.py:830} INFO - Processing file /opt/airflow/dags/bronze_dag_simple.py for tasks to queue
[2025-10-21T21:22:24.277+0000] {logging_mixin.py:188} INFO - [2025-10-21T21:22:24.276+0000] {dagbag.py:540} INFO - Filling up the DagBag from /opt/airflow/dags/bronze_dag_simple.py
[2025-10-21T21:22:24.292+0000] {processor.py:840} INFO - DAG(s) 'bronze_layer_ingestion_simple' retrieved from /opt/airflow/dags/bronze_dag_simple.py
[2025-10-21T21:22:24.309+0000] {logging_mixin.py:188} INFO - [2025-10-21T21:22:24.309+0000] {dag.py:3096} INFO - Sync 1 DAGs
[2025-10-21T21:22:24.325+0000] {logging_mixin.py:188} INFO - [2025-10-21T21:22:24.325+0000] {dag.py:3954} INFO - Setting next_dagrun for bronze_layer_ingestion_simple to 2025-10-21 18:00:00+00:00, run_after=2025-10-22 18:00:00+00:00
[2025-10-21T21:22:24.339+0000] {processor.py:183} INFO - Processing /opt/airflow/dags/bronze_dag_simple.py took 0.069 seconds
[2025-10-21T21:22:54.720+0000] {processor.py:161} INFO - Started process (PID=356) to work on /opt/airflow/dags/bronze_dag_simple.py
[2025-10-21T21:22:54.721+0000] {processor.py:830} INFO - Processing file /opt/airflow/dags/bronze_dag_simple.py for tasks to queue
[2025-10-21T21:22:54.723+0000] {logging_mixin.py:188} INFO - [2025-10-21T21:22:54.723+0000] {dagbag.py:540} INFO - Filling up the DagBag from /opt/airflow/dags/bronze_dag_simple.py
[2025-10-21T21:22:54.738+0000] {processor.py:840} INFO - DAG(s) 'bronze_layer_ingestion_simple' retrieved from /opt/airflow/dags/bronze_dag_simple.py
[2025-10-21T21:22:54.754+0000] {logging_mixin.py:188} INFO - [2025-10-21T21:22:54.753+0000] {dag.py:3096} INFO - Sync 1 DAGs
[2025-10-21T21:22:54.771+0000] {logging_mixin.py:188} INFO - [2025-10-21T21:22:54.770+0000] {dag.py:3954} INFO - Setting next_dagrun for bronze_layer_ingestion_simple to 2025-10-21 18:00:00+00:00, run_after=2025-10-22 18:00:00+00:00
[2025-10-21T21:22:54.783+0000] {processor.py:183} INFO - Processing /opt/airflow/dags/bronze_dag_simple.py took 0.068 seconds
[2025-10-21T21:23:24.962+0000] {processor.py:161} INFO - Started process (PID=359) to work on /opt/airflow/dags/bronze_dag_simple.py
[2025-10-21T21:23:24.963+0000] {processor.py:830} INFO - Processing file /opt/airflow/dags/bronze_dag_simple.py for tasks to queue
[2025-10-21T21:23:24.964+0000] {logging_mixin.py:188} INFO - [2025-10-21T21:23:24.964+0000] {dagbag.py:540} INFO - Filling up the DagBag from /opt/airflow/dags/bronze_dag_simple.py
[2025-10-21T21:23:24.979+0000] {processor.py:840} INFO - DAG(s) 'bronze_layer_ingestion_simple' retrieved from /opt/airflow/dags/bronze_dag_simple.py
[2025-10-21T21:23:24.994+0000] {logging_mixin.py:188} INFO - [2025-10-21T21:23:24.994+0000] {dag.py:3096} INFO - Sync 1 DAGs
[2025-10-21T21:23:25.009+0000] {logging_mixin.py:188} INFO - [2025-10-21T21:23:25.009+0000] {dag.py:3954} INFO - Setting next_dagrun for bronze_layer_ingestion_simple to 2025-10-21 18:00:00+00:00, run_after=2025-10-22 18:00:00+00:00
[2025-10-21T21:23:25.024+0000] {processor.py:183} INFO - Processing /opt/airflow/dags/bronze_dag_simple.py took 0.067 seconds
[2025-10-21T21:23:55.920+0000] {processor.py:161} INFO - Started process (PID=362) to work on /opt/airflow/dags/bronze_dag_simple.py
[2025-10-21T21:23:55.921+0000] {processor.py:830} INFO - Processing file /opt/airflow/dags/bronze_dag_simple.py for tasks to queue
[2025-10-21T21:23:55.922+0000] {logging_mixin.py:188} INFO - [2025-10-21T21:23:55.922+0000] {dagbag.py:540} INFO - Filling up the DagBag from /opt/airflow/dags/bronze_dag_simple.py
[2025-10-21T21:23:55.936+0000] {processor.py:840} INFO - DAG(s) 'bronze_layer_ingestion_simple' retrieved from /opt/airflow/dags/bronze_dag_simple.py
[2025-10-21T21:23:55.951+0000] {logging_mixin.py:188} INFO - [2025-10-21T21:23:55.951+0000] {dag.py:3096} INFO - Sync 1 DAGs
[2025-10-21T21:23:55.965+0000] {logging_mixin.py:188} INFO - [2025-10-21T21:23:55.965+0000] {dag.py:3954} INFO - Setting next_dagrun for bronze_layer_ingestion_simple to 2025-10-21 18:00:00+00:00, run_after=2025-10-22 18:00:00+00:00
[2025-10-21T21:23:55.978+0000] {processor.py:183} INFO - Processing /opt/airflow/dags/bronze_dag_simple.py took 0.062 seconds
[2025-10-21T21:24:26.887+0000] {processor.py:161} INFO - Started process (PID=365) to work on /opt/airflow/dags/bronze_dag_simple.py
[2025-10-21T21:24:26.887+0000] {processor.py:830} INFO - Processing file /opt/airflow/dags/bronze_dag_simple.py for tasks to queue
[2025-10-21T21:24:26.889+0000] {logging_mixin.py:188} INFO - [2025-10-21T21:24:26.889+0000] {dagbag.py:540} INFO - Filling up the DagBag from /opt/airflow/dags/bronze_dag_simple.py
[2025-10-21T21:24:26.904+0000] {processor.py:840} INFO - DAG(s) 'bronze_layer_ingestion_simple' retrieved from /opt/airflow/dags/bronze_dag_simple.py
[2025-10-21T21:24:26.920+0000] {logging_mixin.py:188} INFO - [2025-10-21T21:24:26.919+0000] {dag.py:3096} INFO - Sync 1 DAGs
[2025-10-21T21:24:26.935+0000] {logging_mixin.py:188} INFO - [2025-10-21T21:24:26.935+0000] {dag.py:3954} INFO - Setting next_dagrun for bronze_layer_ingestion_simple to 2025-10-21 18:00:00+00:00, run_after=2025-10-22 18:00:00+00:00
[2025-10-21T21:24:26.948+0000] {processor.py:183} INFO - Processing /opt/airflow/dags/bronze_dag_simple.py took 0.066 seconds
[2025-10-21T21:24:57.314+0000] {processor.py:161} INFO - Started process (PID=368) to work on /opt/airflow/dags/bronze_dag_simple.py
[2025-10-21T21:24:57.315+0000] {processor.py:830} INFO - Processing file /opt/airflow/dags/bronze_dag_simple.py for tasks to queue
[2025-10-21T21:24:57.317+0000] {logging_mixin.py:188} INFO - [2025-10-21T21:24:57.316+0000] {dagbag.py:540} INFO - Filling up the DagBag from /opt/airflow/dags/bronze_dag_simple.py
[2025-10-21T21:24:57.332+0000] {processor.py:840} INFO - DAG(s) 'bronze_layer_ingestion_simple' retrieved from /opt/airflow/dags/bronze_dag_simple.py
[2025-10-21T21:24:57.349+0000] {logging_mixin.py:188} INFO - [2025-10-21T21:24:57.349+0000] {dag.py:3096} INFO - Sync 1 DAGs
[2025-10-21T21:24:57.366+0000] {logging_mixin.py:188} INFO - [2025-10-21T21:24:57.366+0000] {dag.py:3954} INFO - Setting next_dagrun for bronze_layer_ingestion_simple to 2025-10-21 18:00:00+00:00, run_after=2025-10-22 18:00:00+00:00
[2025-10-21T21:24:57.381+0000] {processor.py:183} INFO - Processing /opt/airflow/dags/bronze_dag_simple.py took 0.072 seconds
[2025-10-21T21:25:50.668+0000] {processor.py:161} INFO - Started process (PID=371) to work on /opt/airflow/dags/bronze_dag_simple.py
[2025-10-21T21:25:50.669+0000] {processor.py:830} INFO - Processing file /opt/airflow/dags/bronze_dag_simple.py for tasks to queue
[2025-10-21T21:25:50.671+0000] {logging_mixin.py:188} INFO - [2025-10-21T21:25:50.670+0000] {dagbag.py:540} INFO - Filling up the DagBag from /opt/airflow/dags/bronze_dag_simple.py
[2025-10-21T21:25:50.688+0000] {processor.py:840} INFO - DAG(s) 'bronze_layer_ingestion_simple' retrieved from /opt/airflow/dags/bronze_dag_simple.py
[2025-10-21T21:25:50.704+0000] {logging_mixin.py:188} INFO - [2025-10-21T21:25:50.704+0000] {dag.py:3096} INFO - Sync 1 DAGs
[2025-10-21T21:25:50.721+0000] {logging_mixin.py:188} INFO - [2025-10-21T21:25:50.721+0000] {dag.py:3954} INFO - Setting next_dagrun for bronze_layer_ingestion_simple to 2025-10-21 18:00:00+00:00, run_after=2025-10-22 18:00:00+00:00
[2025-10-21T21:25:50.737+0000] {processor.py:183} INFO - Processing /opt/airflow/dags/bronze_dag_simple.py took 0.074 seconds
[2025-10-21T21:26:20.943+0000] {processor.py:161} INFO - Started process (PID=374) to work on /opt/airflow/dags/bronze_dag_simple.py
[2025-10-21T21:26:20.944+0000] {processor.py:830} INFO - Processing file /opt/airflow/dags/bronze_dag_simple.py for tasks to queue
[2025-10-21T21:26:20.945+0000] {logging_mixin.py:188} INFO - [2025-10-21T21:26:20.945+0000] {dagbag.py:540} INFO - Filling up the DagBag from /opt/airflow/dags/bronze_dag_simple.py
[2025-10-21T21:26:20.961+0000] {processor.py:840} INFO - DAG(s) 'bronze_layer_ingestion_simple' retrieved from /opt/airflow/dags/bronze_dag_simple.py
[2025-10-21T21:26:20.977+0000] {logging_mixin.py:188} INFO - [2025-10-21T21:26:20.977+0000] {dag.py:3096} INFO - Sync 1 DAGs
[2025-10-21T21:26:20.993+0000] {logging_mixin.py:188} INFO - [2025-10-21T21:26:20.993+0000] {dag.py:3954} INFO - Setting next_dagrun for bronze_layer_ingestion_simple to 2025-10-21 18:00:00+00:00, run_after=2025-10-22 18:00:00+00:00
[2025-10-21T21:26:21.007+0000] {processor.py:183} INFO - Processing /opt/airflow/dags/bronze_dag_simple.py took 0.069 seconds
[2025-10-21T21:26:51.372+0000] {processor.py:161} INFO - Started process (PID=377) to work on /opt/airflow/dags/bronze_dag_simple.py
[2025-10-21T21:26:51.373+0000] {processor.py:830} INFO - Processing file /opt/airflow/dags/bronze_dag_simple.py for tasks to queue
[2025-10-21T21:26:51.375+0000] {logging_mixin.py:188} INFO - [2025-10-21T21:26:51.375+0000] {dagbag.py:540} INFO - Filling up the DagBag from /opt/airflow/dags/bronze_dag_simple.py
[2025-10-21T21:26:51.393+0000] {processor.py:840} INFO - DAG(s) 'bronze_layer_ingestion_simple' retrieved from /opt/airflow/dags/bronze_dag_simple.py
[2025-10-21T21:26:51.412+0000] {logging_mixin.py:188} INFO - [2025-10-21T21:26:51.411+0000] {dag.py:3096} INFO - Sync 1 DAGs
[2025-10-21T21:26:51.431+0000] {logging_mixin.py:188} INFO - [2025-10-21T21:26:51.431+0000] {dag.py:3954} INFO - Setting next_dagrun for bronze_layer_ingestion_simple to 2025-10-21 18:00:00+00:00, run_after=2025-10-22 18:00:00+00:00
[2025-10-21T21:26:51.447+0000] {processor.py:183} INFO - Processing /opt/airflow/dags/bronze_dag_simple.py took 0.080 seconds
[2025-10-21T21:27:22.217+0000] {processor.py:161} INFO - Started process (PID=385) to work on /opt/airflow/dags/bronze_dag_simple.py
[2025-10-21T21:27:22.218+0000] {processor.py:830} INFO - Processing file /opt/airflow/dags/bronze_dag_simple.py for tasks to queue
[2025-10-21T21:27:22.219+0000] {logging_mixin.py:188} INFO - [2025-10-21T21:27:22.219+0000] {dagbag.py:540} INFO - Filling up the DagBag from /opt/airflow/dags/bronze_dag_simple.py
[2025-10-21T21:27:22.235+0000] {processor.py:840} INFO - DAG(s) 'bronze_layer_ingestion_simple' retrieved from /opt/airflow/dags/bronze_dag_simple.py
[2025-10-21T21:27:22.251+0000] {logging_mixin.py:188} INFO - [2025-10-21T21:27:22.251+0000] {dag.py:3096} INFO - Sync 1 DAGs
[2025-10-21T21:27:22.268+0000] {logging_mixin.py:188} INFO - [2025-10-21T21:27:22.268+0000] {dag.py:3954} INFO - Setting next_dagrun for bronze_layer_ingestion_simple to 2025-10-21 18:00:00+00:00, run_after=2025-10-22 18:00:00+00:00
[2025-10-21T21:27:22.289+0000] {processor.py:183} INFO - Processing /opt/airflow/dags/bronze_dag_simple.py took 0.077 seconds
[2025-10-21T21:27:52.489+0000] {processor.py:161} INFO - Started process (PID=388) to work on /opt/airflow/dags/bronze_dag_simple.py
[2025-10-21T21:27:52.490+0000] {processor.py:830} INFO - Processing file /opt/airflow/dags/bronze_dag_simple.py for tasks to queue
[2025-10-21T21:27:52.492+0000] {logging_mixin.py:188} INFO - [2025-10-21T21:27:52.492+0000] {dagbag.py:540} INFO - Filling up the DagBag from /opt/airflow/dags/bronze_dag_simple.py
[2025-10-21T21:27:52.508+0000] {processor.py:840} INFO - DAG(s) 'bronze_layer_ingestion_simple' retrieved from /opt/airflow/dags/bronze_dag_simple.py
[2025-10-21T21:27:52.524+0000] {logging_mixin.py:188} INFO - [2025-10-21T21:27:52.524+0000] {dag.py:3096} INFO - Sync 1 DAGs
[2025-10-21T21:27:52.541+0000] {logging_mixin.py:188} INFO - [2025-10-21T21:27:52.541+0000] {dag.py:3954} INFO - Setting next_dagrun for bronze_layer_ingestion_simple to 2025-10-21 18:00:00+00:00, run_after=2025-10-22 18:00:00+00:00
[2025-10-21T21:27:52.556+0000] {processor.py:183} INFO - Processing /opt/airflow/dags/bronze_dag_simple.py took 0.071 seconds
[2025-10-21T21:28:43.411+0000] {processor.py:161} INFO - Started process (PID=391) to work on /opt/airflow/dags/bronze_dag_simple.py
[2025-10-21T21:28:43.411+0000] {processor.py:830} INFO - Processing file /opt/airflow/dags/bronze_dag_simple.py for tasks to queue
[2025-10-21T21:28:43.413+0000] {logging_mixin.py:188} INFO - [2025-10-21T21:28:43.413+0000] {dagbag.py:540} INFO - Filling up the DagBag from /opt/airflow/dags/bronze_dag_simple.py
[2025-10-21T21:28:43.429+0000] {processor.py:840} INFO - DAG(s) 'bronze_layer_ingestion_simple' retrieved from /opt/airflow/dags/bronze_dag_simple.py
[2025-10-21T21:28:43.447+0000] {logging_mixin.py:188} INFO - [2025-10-21T21:28:43.446+0000] {dag.py:3096} INFO - Sync 1 DAGs
[2025-10-21T21:28:43.465+0000] {logging_mixin.py:188} INFO - [2025-10-21T21:28:43.464+0000] {dag.py:3954} INFO - Setting next_dagrun for bronze_layer_ingestion_simple to 2025-10-21 18:00:00+00:00, run_after=2025-10-22 18:00:00+00:00
[2025-10-21T21:28:43.480+0000] {processor.py:183} INFO - Processing /opt/airflow/dags/bronze_dag_simple.py took 0.075 seconds
[2025-10-21T21:29:14.100+0000] {processor.py:161} INFO - Started process (PID=394) to work on /opt/airflow/dags/bronze_dag_simple.py
[2025-10-21T21:29:14.100+0000] {processor.py:830} INFO - Processing file /opt/airflow/dags/bronze_dag_simple.py for tasks to queue
[2025-10-21T21:29:14.102+0000] {logging_mixin.py:188} INFO - [2025-10-21T21:29:14.102+0000] {dagbag.py:540} INFO - Filling up the DagBag from /opt/airflow/dags/bronze_dag_simple.py
[2025-10-21T21:29:14.119+0000] {processor.py:840} INFO - DAG(s) 'bronze_layer_ingestion_simple' retrieved from /opt/airflow/dags/bronze_dag_simple.py
[2025-10-21T21:29:14.136+0000] {logging_mixin.py:188} INFO - [2025-10-21T21:29:14.136+0000] {dag.py:3096} INFO - Sync 1 DAGs
[2025-10-21T21:29:14.153+0000] {logging_mixin.py:188} INFO - [2025-10-21T21:29:14.153+0000] {dag.py:3954} INFO - Setting next_dagrun for bronze_layer_ingestion_simple to 2025-10-21 18:00:00+00:00, run_after=2025-10-22 18:00:00+00:00
[2025-10-21T21:29:14.168+0000] {processor.py:183} INFO - Processing /opt/airflow/dags/bronze_dag_simple.py took 0.074 seconds
[2025-10-21T21:29:54.012+0000] {processor.py:161} INFO - Started process (PID=397) to work on /opt/airflow/dags/bronze_dag_simple.py
[2025-10-21T21:29:54.013+0000] {processor.py:830} INFO - Processing file /opt/airflow/dags/bronze_dag_simple.py for tasks to queue
[2025-10-21T21:29:54.014+0000] {logging_mixin.py:188} INFO - [2025-10-21T21:29:54.014+0000] {dagbag.py:540} INFO - Filling up the DagBag from /opt/airflow/dags/bronze_dag_simple.py
[2025-10-21T21:29:54.030+0000] {processor.py:840} INFO - DAG(s) 'bronze_layer_ingestion_simple' retrieved from /opt/airflow/dags/bronze_dag_simple.py
[2025-10-21T21:29:54.047+0000] {logging_mixin.py:188} INFO - [2025-10-21T21:29:54.047+0000] {dag.py:3096} INFO - Sync 1 DAGs
[2025-10-21T21:29:54.064+0000] {logging_mixin.py:188} INFO - [2025-10-21T21:29:54.064+0000] {dag.py:3954} INFO - Setting next_dagrun for bronze_layer_ingestion_simple to 2025-10-21 18:00:00+00:00, run_after=2025-10-22 18:00:00+00:00
[2025-10-21T21:29:54.079+0000] {processor.py:183} INFO - Processing /opt/airflow/dags/bronze_dag_simple.py took 0.073 seconds
[2025-10-21T21:30:54.453+0000] {processor.py:161} INFO - Started process (PID=400) to work on /opt/airflow/dags/bronze_dag_simple.py
[2025-10-21T21:30:54.454+0000] {processor.py:830} INFO - Processing file /opt/airflow/dags/bronze_dag_simple.py for tasks to queue
[2025-10-21T21:30:54.456+0000] {logging_mixin.py:188} INFO - [2025-10-21T21:30:54.455+0000] {dagbag.py:540} INFO - Filling up the DagBag from /opt/airflow/dags/bronze_dag_simple.py
[2025-10-21T21:30:54.472+0000] {processor.py:840} INFO - DAG(s) 'bronze_layer_ingestion_simple' retrieved from /opt/airflow/dags/bronze_dag_simple.py
[2025-10-21T21:30:54.488+0000] {logging_mixin.py:188} INFO - [2025-10-21T21:30:54.488+0000] {dag.py:3096} INFO - Sync 1 DAGs
[2025-10-21T21:30:54.504+0000] {logging_mixin.py:188} INFO - [2025-10-21T21:30:54.504+0000] {dag.py:3954} INFO - Setting next_dagrun for bronze_layer_ingestion_simple to 2025-10-21 18:00:00+00:00, run_after=2025-10-22 18:00:00+00:00
[2025-10-21T21:30:54.518+0000] {processor.py:183} INFO - Processing /opt/airflow/dags/bronze_dag_simple.py took 0.070 seconds
[2025-10-21T21:31:24.925+0000] {processor.py:161} INFO - Started process (PID=403) to work on /opt/airflow/dags/bronze_dag_simple.py
[2025-10-21T21:31:24.926+0000] {processor.py:830} INFO - Processing file /opt/airflow/dags/bronze_dag_simple.py for tasks to queue
[2025-10-21T21:31:24.927+0000] {logging_mixin.py:188} INFO - [2025-10-21T21:31:24.927+0000] {dagbag.py:540} INFO - Filling up the DagBag from /opt/airflow/dags/bronze_dag_simple.py
[2025-10-21T21:31:24.942+0000] {processor.py:840} INFO - DAG(s) 'bronze_layer_ingestion_simple' retrieved from /opt/airflow/dags/bronze_dag_simple.py
[2025-10-21T21:31:24.957+0000] {logging_mixin.py:188} INFO - [2025-10-21T21:31:24.957+0000] {dag.py:3096} INFO - Sync 1 DAGs
[2025-10-21T21:31:24.973+0000] {logging_mixin.py:188} INFO - [2025-10-21T21:31:24.973+0000] {dag.py:3954} INFO - Setting next_dagrun for bronze_layer_ingestion_simple to 2025-10-21 18:00:00+00:00, run_after=2025-10-22 18:00:00+00:00
[2025-10-21T21:31:24.986+0000] {processor.py:183} INFO - Processing /opt/airflow/dags/bronze_dag_simple.py took 0.066 seconds
[2025-10-21T21:31:55.993+0000] {processor.py:161} INFO - Started process (PID=406) to work on /opt/airflow/dags/bronze_dag_simple.py
[2025-10-21T21:31:55.994+0000] {processor.py:830} INFO - Processing file /opt/airflow/dags/bronze_dag_simple.py for tasks to queue
[2025-10-21T21:31:55.996+0000] {logging_mixin.py:188} INFO - [2025-10-21T21:31:55.996+0000] {dagbag.py:540} INFO - Filling up the DagBag from /opt/airflow/dags/bronze_dag_simple.py
[2025-10-21T21:31:56.019+0000] {processor.py:840} INFO - DAG(s) 'bronze_layer_ingestion_simple' retrieved from /opt/airflow/dags/bronze_dag_simple.py
[2025-10-21T21:31:56.044+0000] {logging_mixin.py:188} INFO - [2025-10-21T21:31:56.044+0000] {dag.py:3096} INFO - Sync 1 DAGs
[2025-10-21T21:31:56.069+0000] {logging_mixin.py:188} INFO - [2025-10-21T21:31:56.068+0000] {dag.py:3954} INFO - Setting next_dagrun for bronze_layer_ingestion_simple to 2025-10-21 18:00:00+00:00, run_after=2025-10-22 18:00:00+00:00
[2025-10-21T21:31:56.088+0000] {processor.py:183} INFO - Processing /opt/airflow/dags/bronze_dag_simple.py took 0.102 seconds
[2025-10-21T21:32:58.010+0000] {processor.py:161} INFO - Started process (PID=413) to work on /opt/airflow/dags/bronze_dag_simple.py
[2025-10-21T21:32:58.011+0000] {processor.py:830} INFO - Processing file /opt/airflow/dags/bronze_dag_simple.py for tasks to queue
[2025-10-21T21:32:58.013+0000] {logging_mixin.py:188} INFO - [2025-10-21T21:32:58.013+0000] {dagbag.py:540} INFO - Filling up the DagBag from /opt/airflow/dags/bronze_dag_simple.py
[2025-10-21T21:32:58.030+0000] {processor.py:840} INFO - DAG(s) 'bronze_layer_ingestion_simple' retrieved from /opt/airflow/dags/bronze_dag_simple.py
[2025-10-21T21:32:58.047+0000] {logging_mixin.py:188} INFO - [2025-10-21T21:32:58.047+0000] {dag.py:3096} INFO - Sync 1 DAGs
[2025-10-21T21:32:58.066+0000] {logging_mixin.py:188} INFO - [2025-10-21T21:32:58.066+0000] {dag.py:3954} INFO - Setting next_dagrun for bronze_layer_ingestion_simple to 2025-10-21 18:00:00+00:00, run_after=2025-10-22 18:00:00+00:00
[2025-10-21T21:32:58.081+0000] {processor.py:183} INFO - Processing /opt/airflow/dags/bronze_dag_simple.py took 0.076 seconds
[2025-10-21T21:33:32.500+0000] {processor.py:161} INFO - Started process (PID=416) to work on /opt/airflow/dags/bronze_dag_simple.py
[2025-10-21T21:33:32.501+0000] {processor.py:830} INFO - Processing file /opt/airflow/dags/bronze_dag_simple.py for tasks to queue
[2025-10-21T21:33:32.503+0000] {logging_mixin.py:188} INFO - [2025-10-21T21:33:32.502+0000] {dagbag.py:540} INFO - Filling up the DagBag from /opt/airflow/dags/bronze_dag_simple.py
[2025-10-21T21:33:32.518+0000] {processor.py:840} INFO - DAG(s) 'bronze_layer_ingestion_simple' retrieved from /opt/airflow/dags/bronze_dag_simple.py
[2025-10-21T21:33:32.535+0000] {logging_mixin.py:188} INFO - [2025-10-21T21:33:32.535+0000] {dag.py:3096} INFO - Sync 1 DAGs
[2025-10-21T21:33:32.552+0000] {logging_mixin.py:188} INFO - [2025-10-21T21:33:32.552+0000] {dag.py:3954} INFO - Setting next_dagrun for bronze_layer_ingestion_simple to 2025-10-21 18:00:00+00:00, run_after=2025-10-22 18:00:00+00:00
[2025-10-21T21:33:32.567+0000] {processor.py:183} INFO - Processing /opt/airflow/dags/bronze_dag_simple.py took 0.072 seconds
[2025-10-21T21:34:02.803+0000] {processor.py:161} INFO - Started process (PID=419) to work on /opt/airflow/dags/bronze_dag_simple.py
[2025-10-21T21:34:02.804+0000] {processor.py:830} INFO - Processing file /opt/airflow/dags/bronze_dag_simple.py for tasks to queue
[2025-10-21T21:34:02.805+0000] {logging_mixin.py:188} INFO - [2025-10-21T21:34:02.805+0000] {dagbag.py:540} INFO - Filling up the DagBag from /opt/airflow/dags/bronze_dag_simple.py
[2025-10-21T21:34:02.821+0000] {processor.py:840} INFO - DAG(s) 'bronze_layer_ingestion_simple' retrieved from /opt/airflow/dags/bronze_dag_simple.py
[2025-10-21T21:34:02.838+0000] {logging_mixin.py:188} INFO - [2025-10-21T21:34:02.838+0000] {dag.py:3096} INFO - Sync 1 DAGs
[2025-10-21T21:34:02.854+0000] {logging_mixin.py:188} INFO - [2025-10-21T21:34:02.854+0000] {dag.py:3954} INFO - Setting next_dagrun for bronze_layer_ingestion_simple to 2025-10-21 18:00:00+00:00, run_after=2025-10-22 18:00:00+00:00
[2025-10-21T21:34:02.869+0000] {processor.py:183} INFO - Processing /opt/airflow/dags/bronze_dag_simple.py took 0.072 seconds
[2025-10-21T21:34:48.683+0000] {processor.py:161} INFO - Started process (PID=422) to work on /opt/airflow/dags/bronze_dag_simple.py
[2025-10-21T21:34:48.683+0000] {processor.py:830} INFO - Processing file /opt/airflow/dags/bronze_dag_simple.py for tasks to queue
[2025-10-21T21:34:48.685+0000] {logging_mixin.py:188} INFO - [2025-10-21T21:34:48.685+0000] {dagbag.py:540} INFO - Filling up the DagBag from /opt/airflow/dags/bronze_dag_simple.py
[2025-10-21T21:34:48.701+0000] {processor.py:840} INFO - DAG(s) 'bronze_layer_ingestion_simple' retrieved from /opt/airflow/dags/bronze_dag_simple.py
[2025-10-21T21:34:48.718+0000] {logging_mixin.py:188} INFO - [2025-10-21T21:34:48.718+0000] {dag.py:3096} INFO - Sync 1 DAGs
[2025-10-21T21:34:48.735+0000] {logging_mixin.py:188} INFO - [2025-10-21T21:34:48.734+0000] {dag.py:3954} INFO - Setting next_dagrun for bronze_layer_ingestion_simple to 2025-10-21 18:00:00+00:00, run_after=2025-10-22 18:00:00+00:00
[2025-10-21T21:34:48.750+0000] {processor.py:183} INFO - Processing /opt/airflow/dags/bronze_dag_simple.py took 0.072 seconds
[2025-10-21T21:35:18.882+0000] {processor.py:161} INFO - Started process (PID=425) to work on /opt/airflow/dags/bronze_dag_simple.py
[2025-10-21T21:35:18.883+0000] {processor.py:830} INFO - Processing file /opt/airflow/dags/bronze_dag_simple.py for tasks to queue
[2025-10-21T21:35:18.884+0000] {logging_mixin.py:188} INFO - [2025-10-21T21:35:18.884+0000] {dagbag.py:540} INFO - Filling up the DagBag from /opt/airflow/dags/bronze_dag_simple.py
[2025-10-21T21:35:18.904+0000] {processor.py:840} INFO - DAG(s) 'bronze_layer_ingestion_simple' retrieved from /opt/airflow/dags/bronze_dag_simple.py
[2025-10-21T21:35:18.923+0000] {logging_mixin.py:188} INFO - [2025-10-21T21:35:18.923+0000] {dag.py:3096} INFO - Sync 1 DAGs
[2025-10-21T21:35:18.941+0000] {logging_mixin.py:188} INFO - [2025-10-21T21:35:18.941+0000] {dag.py:3954} INFO - Setting next_dagrun for bronze_layer_ingestion_simple to 2025-10-21 18:00:00+00:00, run_after=2025-10-22 18:00:00+00:00
[2025-10-21T21:35:18.956+0000] {processor.py:183} INFO - Processing /opt/airflow/dags/bronze_dag_simple.py took 0.080 seconds
[2025-10-21T21:36:20.023+0000] {processor.py:161} INFO - Started process (PID=428) to work on /opt/airflow/dags/bronze_dag_simple.py
[2025-10-21T21:36:20.024+0000] {processor.py:830} INFO - Processing file /opt/airflow/dags/bronze_dag_simple.py for tasks to queue
[2025-10-21T21:36:20.026+0000] {logging_mixin.py:188} INFO - [2025-10-21T21:36:20.025+0000] {dagbag.py:540} INFO - Filling up the DagBag from /opt/airflow/dags/bronze_dag_simple.py
[2025-10-21T21:36:20.042+0000] {processor.py:840} INFO - DAG(s) 'bronze_layer_ingestion_simple' retrieved from /opt/airflow/dags/bronze_dag_simple.py
[2025-10-21T21:36:20.058+0000] {logging_mixin.py:188} INFO - [2025-10-21T21:36:20.058+0000] {dag.py:3096} INFO - Sync 1 DAGs
[2025-10-21T21:36:20.076+0000] {logging_mixin.py:188} INFO - [2025-10-21T21:36:20.076+0000] {dag.py:3954} INFO - Setting next_dagrun for bronze_layer_ingestion_simple to 2025-10-21 18:00:00+00:00, run_after=2025-10-22 18:00:00+00:00
[2025-10-21T21:36:20.091+0000] {processor.py:183} INFO - Processing /opt/airflow/dags/bronze_dag_simple.py took 0.073 seconds
[2025-10-21T21:36:50.781+0000] {processor.py:161} INFO - Started process (PID=431) to work on /opt/airflow/dags/bronze_dag_simple.py
[2025-10-21T21:36:50.782+0000] {processor.py:830} INFO - Processing file /opt/airflow/dags/bronze_dag_simple.py for tasks to queue
[2025-10-21T21:36:50.784+0000] {logging_mixin.py:188} INFO - [2025-10-21T21:36:50.784+0000] {dagbag.py:540} INFO - Filling up the DagBag from /opt/airflow/dags/bronze_dag_simple.py
[2025-10-21T21:36:50.800+0000] {processor.py:840} INFO - DAG(s) 'bronze_layer_ingestion_simple' retrieved from /opt/airflow/dags/bronze_dag_simple.py
[2025-10-21T21:36:50.817+0000] {logging_mixin.py:188} INFO - [2025-10-21T21:36:50.816+0000] {dag.py:3096} INFO - Sync 1 DAGs
[2025-10-21T21:36:50.833+0000] {logging_mixin.py:188} INFO - [2025-10-21T21:36:50.833+0000] {dag.py:3954} INFO - Setting next_dagrun for bronze_layer_ingestion_simple to 2025-10-21 18:00:00+00:00, run_after=2025-10-22 18:00:00+00:00
[2025-10-21T21:36:50.847+0000] {processor.py:183} INFO - Processing /opt/airflow/dags/bronze_dag_simple.py took 0.070 seconds
[2025-10-21T21:37:21.125+0000] {processor.py:161} INFO - Started process (PID=448) to work on /opt/airflow/dags/bronze_dag_simple.py
[2025-10-21T21:37:21.126+0000] {processor.py:830} INFO - Processing file /opt/airflow/dags/bronze_dag_simple.py for tasks to queue
[2025-10-21T21:37:21.128+0000] {logging_mixin.py:188} INFO - [2025-10-21T21:37:21.127+0000] {dagbag.py:540} INFO - Filling up the DagBag from /opt/airflow/dags/bronze_dag_simple.py
[2025-10-21T21:37:21.147+0000] {processor.py:840} INFO - DAG(s) 'bronze_layer_ingestion_simple' retrieved from /opt/airflow/dags/bronze_dag_simple.py
[2025-10-21T21:37:21.166+0000] {logging_mixin.py:188} INFO - [2025-10-21T21:37:21.166+0000] {dag.py:3096} INFO - Sync 1 DAGs
[2025-10-21T21:37:21.185+0000] {logging_mixin.py:188} INFO - [2025-10-21T21:37:21.184+0000] {dag.py:3954} INFO - Setting next_dagrun for bronze_layer_ingestion_simple to 2025-10-21 18:00:00+00:00, run_after=2025-10-22 18:00:00+00:00
[2025-10-21T21:37:21.199+0000] {processor.py:183} INFO - Processing /opt/airflow/dags/bronze_dag_simple.py took 0.082 seconds
[2025-10-21T21:38:03.061+0000] {processor.py:161} INFO - Started process (PID=451) to work on /opt/airflow/dags/bronze_dag_simple.py
[2025-10-21T21:38:03.062+0000] {processor.py:830} INFO - Processing file /opt/airflow/dags/bronze_dag_simple.py for tasks to queue
[2025-10-21T21:38:03.064+0000] {logging_mixin.py:188} INFO - [2025-10-21T21:38:03.064+0000] {dagbag.py:540} INFO - Filling up the DagBag from /opt/airflow/dags/bronze_dag_simple.py
[2025-10-21T21:38:03.080+0000] {processor.py:840} INFO - DAG(s) 'bronze_layer_ingestion_simple' retrieved from /opt/airflow/dags/bronze_dag_simple.py
[2025-10-21T21:38:03.097+0000] {logging_mixin.py:188} INFO - [2025-10-21T21:38:03.097+0000] {dag.py:3096} INFO - Sync 1 DAGs
[2025-10-21T21:38:03.114+0000] {logging_mixin.py:188} INFO - [2025-10-21T21:38:03.113+0000] {dag.py:3954} INFO - Setting next_dagrun for bronze_layer_ingestion_simple to 2025-10-21 18:00:00+00:00, run_after=2025-10-22 18:00:00+00:00
[2025-10-21T21:38:03.128+0000] {processor.py:183} INFO - Processing /opt/airflow/dags/bronze_dag_simple.py took 0.072 seconds
[2025-10-21T21:38:33.341+0000] {processor.py:161} INFO - Started process (PID=454) to work on /opt/airflow/dags/bronze_dag_simple.py
[2025-10-21T21:38:33.342+0000] {processor.py:830} INFO - Processing file /opt/airflow/dags/bronze_dag_simple.py for tasks to queue
[2025-10-21T21:38:33.344+0000] {logging_mixin.py:188} INFO - [2025-10-21T21:38:33.344+0000] {dagbag.py:540} INFO - Filling up the DagBag from /opt/airflow/dags/bronze_dag_simple.py
[2025-10-21T21:38:33.360+0000] {processor.py:840} INFO - DAG(s) 'bronze_layer_ingestion_simple' retrieved from /opt/airflow/dags/bronze_dag_simple.py
[2025-10-21T21:38:33.378+0000] {logging_mixin.py:188} INFO - [2025-10-21T21:38:33.377+0000] {dag.py:3096} INFO - Sync 1 DAGs
[2025-10-21T21:38:33.395+0000] {logging_mixin.py:188} INFO - [2025-10-21T21:38:33.395+0000] {dag.py:3954} INFO - Setting next_dagrun for bronze_layer_ingestion_simple to 2025-10-21 18:00:00+00:00, run_after=2025-10-22 18:00:00+00:00
[2025-10-21T21:38:33.410+0000] {processor.py:183} INFO - Processing /opt/airflow/dags/bronze_dag_simple.py took 0.074 seconds
[2025-10-21T21:39:31.786+0000] {processor.py:161} INFO - Started process (PID=457) to work on /opt/airflow/dags/bronze_dag_simple.py
[2025-10-21T21:39:31.787+0000] {processor.py:830} INFO - Processing file /opt/airflow/dags/bronze_dag_simple.py for tasks to queue
[2025-10-21T21:39:31.789+0000] {logging_mixin.py:188} INFO - [2025-10-21T21:39:31.788+0000] {dagbag.py:540} INFO - Filling up the DagBag from /opt/airflow/dags/bronze_dag_simple.py
[2025-10-21T21:39:31.805+0000] {processor.py:840} INFO - DAG(s) 'bronze_layer_ingestion_simple' retrieved from /opt/airflow/dags/bronze_dag_simple.py
[2025-10-21T21:39:31.821+0000] {logging_mixin.py:188} INFO - [2025-10-21T21:39:31.821+0000] {dag.py:3096} INFO - Sync 1 DAGs
[2025-10-21T21:39:31.838+0000] {logging_mixin.py:188} INFO - [2025-10-21T21:39:31.838+0000] {dag.py:3954} INFO - Setting next_dagrun for bronze_layer_ingestion_simple to 2025-10-21 18:00:00+00:00, run_after=2025-10-22 18:00:00+00:00
[2025-10-21T21:39:31.853+0000] {processor.py:183} INFO - Processing /opt/airflow/dags/bronze_dag_simple.py took 0.072 seconds
[2025-10-21T21:40:02.475+0000] {processor.py:161} INFO - Started process (PID=460) to work on /opt/airflow/dags/bronze_dag_simple.py
[2025-10-21T21:40:02.476+0000] {processor.py:830} INFO - Processing file /opt/airflow/dags/bronze_dag_simple.py for tasks to queue
[2025-10-21T21:40:02.477+0000] {logging_mixin.py:188} INFO - [2025-10-21T21:40:02.477+0000] {dagbag.py:540} INFO - Filling up the DagBag from /opt/airflow/dags/bronze_dag_simple.py
[2025-10-21T21:40:02.493+0000] {processor.py:840} INFO - DAG(s) 'bronze_layer_ingestion_simple' retrieved from /opt/airflow/dags/bronze_dag_simple.py
[2025-10-21T21:40:02.510+0000] {logging_mixin.py:188} INFO - [2025-10-21T21:40:02.509+0000] {dag.py:3096} INFO - Sync 1 DAGs
[2025-10-21T21:40:02.526+0000] {logging_mixin.py:188} INFO - [2025-10-21T21:40:02.526+0000] {dag.py:3954} INFO - Setting next_dagrun for bronze_layer_ingestion_simple to 2025-10-21 18:00:00+00:00, run_after=2025-10-22 18:00:00+00:00
[2025-10-21T21:40:02.540+0000] {processor.py:183} INFO - Processing /opt/airflow/dags/bronze_dag_simple.py took 0.070 seconds
[2025-10-21T21:40:42.413+0000] {processor.py:161} INFO - Started process (PID=463) to work on /opt/airflow/dags/bronze_dag_simple.py
[2025-10-21T21:40:42.414+0000] {processor.py:830} INFO - Processing file /opt/airflow/dags/bronze_dag_simple.py for tasks to queue
[2025-10-21T21:40:42.415+0000] {logging_mixin.py:188} INFO - [2025-10-21T21:40:42.415+0000] {dagbag.py:540} INFO - Filling up the DagBag from /opt/airflow/dags/bronze_dag_simple.py
[2025-10-21T21:40:42.431+0000] {processor.py:840} INFO - DAG(s) 'bronze_layer_ingestion_simple' retrieved from /opt/airflow/dags/bronze_dag_simple.py
[2025-10-21T21:40:42.448+0000] {logging_mixin.py:188} INFO - [2025-10-21T21:40:42.447+0000] {dag.py:3096} INFO - Sync 1 DAGs
[2025-10-21T21:40:42.464+0000] {logging_mixin.py:188} INFO - [2025-10-21T21:40:42.464+0000] {dag.py:3954} INFO - Setting next_dagrun for bronze_layer_ingestion_simple to 2025-10-21 18:00:00+00:00, run_after=2025-10-22 18:00:00+00:00
[2025-10-21T21:40:42.479+0000] {processor.py:183} INFO - Processing /opt/airflow/dags/bronze_dag_simple.py took 0.071 seconds
[2025-10-21T21:41:12.673+0000] {processor.py:161} INFO - Started process (PID=466) to work on /opt/airflow/dags/bronze_dag_simple.py
[2025-10-21T21:41:12.674+0000] {processor.py:830} INFO - Processing file /opt/airflow/dags/bronze_dag_simple.py for tasks to queue
[2025-10-21T21:41:12.675+0000] {logging_mixin.py:188} INFO - [2025-10-21T21:41:12.675+0000] {dagbag.py:540} INFO - Filling up the DagBag from /opt/airflow/dags/bronze_dag_simple.py
[2025-10-21T21:41:12.689+0000] {processor.py:840} INFO - DAG(s) 'bronze_layer_ingestion_simple' retrieved from /opt/airflow/dags/bronze_dag_simple.py
[2025-10-21T21:41:12.704+0000] {logging_mixin.py:188} INFO - [2025-10-21T21:41:12.704+0000] {dag.py:3096} INFO - Sync 1 DAGs
[2025-10-21T21:41:12.720+0000] {logging_mixin.py:188} INFO - [2025-10-21T21:41:12.720+0000] {dag.py:3954} INFO - Setting next_dagrun for bronze_layer_ingestion_simple to 2025-10-21 18:00:00+00:00, run_after=2025-10-22 18:00:00+00:00
[2025-10-21T21:41:12.733+0000] {processor.py:183} INFO - Processing /opt/airflow/dags/bronze_dag_simple.py took 0.064 seconds
[2025-10-21T21:41:42.805+0000] {processor.py:161} INFO - Started process (PID=469) to work on /opt/airflow/dags/bronze_dag_simple.py
[2025-10-21T21:41:42.805+0000] {processor.py:830} INFO - Processing file /opt/airflow/dags/bronze_dag_simple.py for tasks to queue
[2025-10-21T21:41:42.807+0000] {logging_mixin.py:188} INFO - [2025-10-21T21:41:42.807+0000] {dagbag.py:540} INFO - Filling up the DagBag from /opt/airflow/dags/bronze_dag_simple.py
[2025-10-21T21:41:42.823+0000] {processor.py:840} INFO - DAG(s) 'bronze_layer_ingestion_simple' retrieved from /opt/airflow/dags/bronze_dag_simple.py
[2025-10-21T21:41:42.839+0000] {logging_mixin.py:188} INFO - [2025-10-21T21:41:42.839+0000] {dag.py:3096} INFO - Sync 1 DAGs
[2025-10-21T21:41:42.856+0000] {logging_mixin.py:188} INFO - [2025-10-21T21:41:42.856+0000] {dag.py:3954} INFO - Setting next_dagrun for bronze_layer_ingestion_simple to 2025-10-21 18:00:00+00:00, run_after=2025-10-22 18:00:00+00:00
[2025-10-21T21:41:42.875+0000] {processor.py:183} INFO - Processing /opt/airflow/dags/bronze_dag_simple.py took 0.075 seconds
[2025-10-21T21:42:13.130+0000] {processor.py:161} INFO - Started process (PID=478) to work on /opt/airflow/dags/bronze_dag_simple.py
[2025-10-21T21:42:13.131+0000] {processor.py:830} INFO - Processing file /opt/airflow/dags/bronze_dag_simple.py for tasks to queue
[2025-10-21T21:42:13.133+0000] {logging_mixin.py:188} INFO - [2025-10-21T21:42:13.133+0000] {dagbag.py:540} INFO - Filling up the DagBag from /opt/airflow/dags/bronze_dag_simple.py
[2025-10-21T21:42:13.149+0000] {processor.py:840} INFO - DAG(s) 'bronze_layer_ingestion_simple' retrieved from /opt/airflow/dags/bronze_dag_simple.py
[2025-10-21T21:42:13.165+0000] {logging_mixin.py:188} INFO - [2025-10-21T21:42:13.165+0000] {dag.py:3096} INFO - Sync 1 DAGs
[2025-10-21T21:42:13.183+0000] {logging_mixin.py:188} INFO - [2025-10-21T21:42:13.183+0000] {dag.py:3954} INFO - Setting next_dagrun for bronze_layer_ingestion_simple to 2025-10-21 18:00:00+00:00, run_after=2025-10-22 18:00:00+00:00
[2025-10-21T21:42:13.199+0000] {processor.py:183} INFO - Processing /opt/airflow/dags/bronze_dag_simple.py took 0.073 seconds
[2025-10-21T21:42:43.812+0000] {processor.py:161} INFO - Started process (PID=481) to work on /opt/airflow/dags/bronze_dag_simple.py
[2025-10-21T21:42:43.813+0000] {processor.py:830} INFO - Processing file /opt/airflow/dags/bronze_dag_simple.py for tasks to queue
[2025-10-21T21:42:43.815+0000] {logging_mixin.py:188} INFO - [2025-10-21T21:42:43.814+0000] {dagbag.py:540} INFO - Filling up the DagBag from /opt/airflow/dags/bronze_dag_simple.py
[2025-10-21T21:42:43.831+0000] {processor.py:840} INFO - DAG(s) 'bronze_layer_ingestion_simple' retrieved from /opt/airflow/dags/bronze_dag_simple.py
[2025-10-21T21:42:43.848+0000] {logging_mixin.py:188} INFO - [2025-10-21T21:42:43.848+0000] {dag.py:3096} INFO - Sync 1 DAGs
[2025-10-21T21:42:43.865+0000] {logging_mixin.py:188} INFO - [2025-10-21T21:42:43.865+0000] {dag.py:3954} INFO - Setting next_dagrun for bronze_layer_ingestion_simple to 2025-10-21 18:00:00+00:00, run_after=2025-10-22 18:00:00+00:00
[2025-10-21T21:42:43.879+0000] {processor.py:183} INFO - Processing /opt/airflow/dags/bronze_dag_simple.py took 0.072 seconds
[2025-10-21T21:43:14.073+0000] {processor.py:161} INFO - Started process (PID=484) to work on /opt/airflow/dags/bronze_dag_simple.py
[2025-10-21T21:43:14.074+0000] {processor.py:830} INFO - Processing file /opt/airflow/dags/bronze_dag_simple.py for tasks to queue
[2025-10-21T21:43:14.076+0000] {logging_mixin.py:188} INFO - [2025-10-21T21:43:14.075+0000] {dagbag.py:540} INFO - Filling up the DagBag from /opt/airflow/dags/bronze_dag_simple.py
[2025-10-21T21:43:14.091+0000] {processor.py:840} INFO - DAG(s) 'bronze_layer_ingestion_simple' retrieved from /opt/airflow/dags/bronze_dag_simple.py
[2025-10-21T21:43:14.107+0000] {logging_mixin.py:188} INFO - [2025-10-21T21:43:14.106+0000] {dag.py:3096} INFO - Sync 1 DAGs
[2025-10-21T21:43:14.123+0000] {logging_mixin.py:188} INFO - [2025-10-21T21:43:14.123+0000] {dag.py:3954} INFO - Setting next_dagrun for bronze_layer_ingestion_simple to 2025-10-21 18:00:00+00:00, run_after=2025-10-22 18:00:00+00:00
[2025-10-21T21:43:14.137+0000] {processor.py:183} INFO - Processing /opt/airflow/dags/bronze_dag_simple.py took 0.068 seconds
[2025-10-21T21:44:03.053+0000] {processor.py:161} INFO - Started process (PID=487) to work on /opt/airflow/dags/bronze_dag_simple.py
[2025-10-21T21:44:03.054+0000] {processor.py:830} INFO - Processing file /opt/airflow/dags/bronze_dag_simple.py for tasks to queue
[2025-10-21T21:44:03.056+0000] {logging_mixin.py:188} INFO - [2025-10-21T21:44:03.055+0000] {dagbag.py:540} INFO - Filling up the DagBag from /opt/airflow/dags/bronze_dag_simple.py
[2025-10-21T21:44:03.071+0000] {processor.py:840} INFO - DAG(s) 'bronze_layer_ingestion_simple' retrieved from /opt/airflow/dags/bronze_dag_simple.py
[2025-10-21T21:44:03.087+0000] {logging_mixin.py:188} INFO - [2025-10-21T21:44:03.087+0000] {dag.py:3096} INFO - Sync 1 DAGs
[2025-10-21T21:44:03.104+0000] {logging_mixin.py:188} INFO - [2025-10-21T21:44:03.104+0000] {dag.py:3954} INFO - Setting next_dagrun for bronze_layer_ingestion_simple to 2025-10-21 18:00:00+00:00, run_after=2025-10-22 18:00:00+00:00
[2025-10-21T21:44:03.117+0000] {processor.py:183} INFO - Processing /opt/airflow/dags/bronze_dag_simple.py took 0.068 seconds
[2025-10-21T21:45:03.462+0000] {processor.py:161} INFO - Started process (PID=490) to work on /opt/airflow/dags/bronze_dag_simple.py
[2025-10-21T21:45:03.463+0000] {processor.py:830} INFO - Processing file /opt/airflow/dags/bronze_dag_simple.py for tasks to queue
[2025-10-21T21:45:03.464+0000] {logging_mixin.py:188} INFO - [2025-10-21T21:45:03.464+0000] {dagbag.py:540} INFO - Filling up the DagBag from /opt/airflow/dags/bronze_dag_simple.py
[2025-10-21T21:45:03.480+0000] {processor.py:840} INFO - DAG(s) 'bronze_layer_ingestion_simple' retrieved from /opt/airflow/dags/bronze_dag_simple.py
[2025-10-21T21:45:03.496+0000] {logging_mixin.py:188} INFO - [2025-10-21T21:45:03.496+0000] {dag.py:3096} INFO - Sync 1 DAGs
[2025-10-21T21:45:03.513+0000] {logging_mixin.py:188} INFO - [2025-10-21T21:45:03.513+0000] {dag.py:3954} INFO - Setting next_dagrun for bronze_layer_ingestion_simple to 2025-10-21 18:00:00+00:00, run_after=2025-10-22 18:00:00+00:00
[2025-10-21T21:45:03.528+0000] {processor.py:183} INFO - Processing /opt/airflow/dags/bronze_dag_simple.py took 0.070 seconds
[2025-10-21T21:45:33.847+0000] {processor.py:161} INFO - Started process (PID=493) to work on /opt/airflow/dags/bronze_dag_simple.py
[2025-10-21T21:45:33.847+0000] {processor.py:830} INFO - Processing file /opt/airflow/dags/bronze_dag_simple.py for tasks to queue
[2025-10-21T21:45:33.849+0000] {logging_mixin.py:188} INFO - [2025-10-21T21:45:33.849+0000] {dagbag.py:540} INFO - Filling up the DagBag from /opt/airflow/dags/bronze_dag_simple.py
[2025-10-21T21:45:33.863+0000] {processor.py:840} INFO - DAG(s) 'bronze_layer_ingestion_simple' retrieved from /opt/airflow/dags/bronze_dag_simple.py
[2025-10-21T21:45:33.878+0000] {logging_mixin.py:188} INFO - [2025-10-21T21:45:33.877+0000] {dag.py:3096} INFO - Sync 1 DAGs
[2025-10-21T21:45:33.892+0000] {logging_mixin.py:188} INFO - [2025-10-21T21:45:33.892+0000] {dag.py:3954} INFO - Setting next_dagrun for bronze_layer_ingestion_simple to 2025-10-21 18:00:00+00:00, run_after=2025-10-22 18:00:00+00:00
[2025-10-21T21:45:33.905+0000] {processor.py:183} INFO - Processing /opt/airflow/dags/bronze_dag_simple.py took 0.063 seconds
[2025-10-21T21:46:04.809+0000] {processor.py:161} INFO - Started process (PID=496) to work on /opt/airflow/dags/bronze_dag_simple.py
[2025-10-21T21:46:04.810+0000] {processor.py:830} INFO - Processing file /opt/airflow/dags/bronze_dag_simple.py for tasks to queue
[2025-10-21T21:46:04.812+0000] {logging_mixin.py:188} INFO - [2025-10-21T21:46:04.811+0000] {dagbag.py:540} INFO - Filling up the DagBag from /opt/airflow/dags/bronze_dag_simple.py
[2025-10-21T21:46:04.825+0000] {processor.py:840} INFO - DAG(s) 'bronze_layer_ingestion_simple' retrieved from /opt/airflow/dags/bronze_dag_simple.py
[2025-10-21T21:46:04.840+0000] {logging_mixin.py:188} INFO - [2025-10-21T21:46:04.840+0000] {dag.py:3096} INFO - Sync 1 DAGs
[2025-10-21T21:46:04.855+0000] {logging_mixin.py:188} INFO - [2025-10-21T21:46:04.854+0000] {dag.py:3954} INFO - Setting next_dagrun for bronze_layer_ingestion_simple to 2025-10-21 18:00:00+00:00, run_after=2025-10-22 18:00:00+00:00
[2025-10-21T21:46:04.867+0000] {processor.py:183} INFO - Processing /opt/airflow/dags/bronze_dag_simple.py took 0.062 seconds
[2025-10-21T21:46:35.773+0000] {processor.py:161} INFO - Started process (PID=499) to work on /opt/airflow/dags/bronze_dag_simple.py
[2025-10-21T21:46:35.773+0000] {processor.py:830} INFO - Processing file /opt/airflow/dags/bronze_dag_simple.py for tasks to queue
[2025-10-21T21:46:35.775+0000] {logging_mixin.py:188} INFO - [2025-10-21T21:46:35.774+0000] {dagbag.py:540} INFO - Filling up the DagBag from /opt/airflow/dags/bronze_dag_simple.py
[2025-10-21T21:46:35.789+0000] {processor.py:840} INFO - DAG(s) 'bronze_layer_ingestion_simple' retrieved from /opt/airflow/dags/bronze_dag_simple.py
[2025-10-21T21:46:35.803+0000] {logging_mixin.py:188} INFO - [2025-10-21T21:46:35.803+0000] {dag.py:3096} INFO - Sync 1 DAGs
[2025-10-21T21:46:35.818+0000] {logging_mixin.py:188} INFO - [2025-10-21T21:46:35.818+0000] {dag.py:3954} INFO - Setting next_dagrun for bronze_layer_ingestion_simple to 2025-10-21 18:00:00+00:00, run_after=2025-10-22 18:00:00+00:00
[2025-10-21T21:46:35.831+0000] {processor.py:183} INFO - Processing /opt/airflow/dags/bronze_dag_simple.py took 0.062 seconds
[2025-10-21T21:47:06.104+0000] {processor.py:161} INFO - Started process (PID=502) to work on /opt/airflow/dags/bronze_dag_simple.py
[2025-10-21T21:47:06.105+0000] {processor.py:830} INFO - Processing file /opt/airflow/dags/bronze_dag_simple.py for tasks to queue
[2025-10-21T21:47:06.107+0000] {logging_mixin.py:188} INFO - [2025-10-21T21:47:06.107+0000] {dagbag.py:540} INFO - Filling up the DagBag from /opt/airflow/dags/bronze_dag_simple.py
[2025-10-21T21:47:06.122+0000] {processor.py:840} INFO - DAG(s) 'bronze_layer_ingestion_simple' retrieved from /opt/airflow/dags/bronze_dag_simple.py
[2025-10-21T21:47:06.139+0000] {logging_mixin.py:188} INFO - [2025-10-21T21:47:06.138+0000] {dag.py:3096} INFO - Sync 1 DAGs
[2025-10-21T21:47:06.155+0000] {logging_mixin.py:188} INFO - [2025-10-21T21:47:06.155+0000] {dag.py:3954} INFO - Setting next_dagrun for bronze_layer_ingestion_simple to 2025-10-21 18:00:00+00:00, run_after=2025-10-22 18:00:00+00:00
[2025-10-21T21:47:06.169+0000] {processor.py:183} INFO - Processing /opt/airflow/dags/bronze_dag_simple.py took 0.069 seconds
[2025-10-21T21:47:36.432+0000] {processor.py:161} INFO - Started process (PID=510) to work on /opt/airflow/dags/bronze_dag_simple.py
[2025-10-21T21:47:36.432+0000] {processor.py:830} INFO - Processing file /opt/airflow/dags/bronze_dag_simple.py for tasks to queue
[2025-10-21T21:47:36.434+0000] {logging_mixin.py:188} INFO - [2025-10-21T21:47:36.434+0000] {dagbag.py:540} INFO - Filling up the DagBag from /opt/airflow/dags/bronze_dag_simple.py
[2025-10-21T21:47:36.449+0000] {processor.py:840} INFO - DAG(s) 'bronze_layer_ingestion_simple' retrieved from /opt/airflow/dags/bronze_dag_simple.py
[2025-10-21T21:47:36.466+0000] {logging_mixin.py:188} INFO - [2025-10-21T21:47:36.465+0000] {dag.py:3096} INFO - Sync 1 DAGs
[2025-10-21T21:47:36.482+0000] {logging_mixin.py:188} INFO - [2025-10-21T21:47:36.482+0000] {dag.py:3954} INFO - Setting next_dagrun for bronze_layer_ingestion_simple to 2025-10-21 18:00:00+00:00, run_after=2025-10-22 18:00:00+00:00
[2025-10-21T21:47:36.495+0000] {processor.py:183} INFO - Processing /opt/airflow/dags/bronze_dag_simple.py took 0.069 seconds
[2025-10-21T21:48:13.374+0000] {processor.py:161} INFO - Started process (PID=513) to work on /opt/airflow/dags/bronze_dag_simple.py
[2025-10-21T21:48:13.375+0000] {processor.py:830} INFO - Processing file /opt/airflow/dags/bronze_dag_simple.py for tasks to queue
[2025-10-21T21:48:13.377+0000] {logging_mixin.py:188} INFO - [2025-10-21T21:48:13.376+0000] {dagbag.py:540} INFO - Filling up the DagBag from /opt/airflow/dags/bronze_dag_simple.py
[2025-10-21T21:48:13.391+0000] {processor.py:840} INFO - DAG(s) 'bronze_layer_ingestion_simple' retrieved from /opt/airflow/dags/bronze_dag_simple.py
[2025-10-21T21:48:13.407+0000] {logging_mixin.py:188} INFO - [2025-10-21T21:48:13.407+0000] {dag.py:3096} INFO - Sync 1 DAGs
[2025-10-21T21:48:13.423+0000] {logging_mixin.py:188} INFO - [2025-10-21T21:48:13.423+0000] {dag.py:3954} INFO - Setting next_dagrun for bronze_layer_ingestion_simple to 2025-10-21 18:00:00+00:00, run_after=2025-10-22 18:00:00+00:00
[2025-10-21T21:48:13.437+0000] {processor.py:183} INFO - Processing /opt/airflow/dags/bronze_dag_simple.py took 0.068 seconds
[2025-10-21T21:49:01.712+0000] {processor.py:161} INFO - Started process (PID=516) to work on /opt/airflow/dags/bronze_dag_simple.py
[2025-10-21T21:49:01.713+0000] {processor.py:830} INFO - Processing file /opt/airflow/dags/bronze_dag_simple.py for tasks to queue
[2025-10-21T21:49:01.715+0000] {logging_mixin.py:188} INFO - [2025-10-21T21:49:01.714+0000] {dagbag.py:540} INFO - Filling up the DagBag from /opt/airflow/dags/bronze_dag_simple.py
[2025-10-21T21:49:01.729+0000] {processor.py:840} INFO - DAG(s) 'bronze_layer_ingestion_simple' retrieved from /opt/airflow/dags/bronze_dag_simple.py
[2025-10-21T21:49:01.745+0000] {logging_mixin.py:188} INFO - [2025-10-21T21:49:01.745+0000] {dag.py:3096} INFO - Sync 1 DAGs
[2025-10-21T21:49:01.761+0000] {logging_mixin.py:188} INFO - [2025-10-21T21:49:01.761+0000] {dag.py:3954} INFO - Setting next_dagrun for bronze_layer_ingestion_simple to 2025-10-21 18:00:00+00:00, run_after=2025-10-22 18:00:00+00:00
[2025-10-21T21:49:01.775+0000] {processor.py:183} INFO - Processing /opt/airflow/dags/bronze_dag_simple.py took 0.067 seconds
[2025-10-21T21:49:31.859+0000] {processor.py:161} INFO - Started process (PID=519) to work on /opt/airflow/dags/bronze_dag_simple.py
[2025-10-21T21:49:31.859+0000] {processor.py:830} INFO - Processing file /opt/airflow/dags/bronze_dag_simple.py for tasks to queue
[2025-10-21T21:49:31.861+0000] {logging_mixin.py:188} INFO - [2025-10-21T21:49:31.861+0000] {dagbag.py:540} INFO - Filling up the DagBag from /opt/airflow/dags/bronze_dag_simple.py
[2025-10-21T21:49:31.877+0000] {processor.py:840} INFO - DAG(s) 'bronze_layer_ingestion_simple' retrieved from /opt/airflow/dags/bronze_dag_simple.py
[2025-10-21T21:49:31.894+0000] {logging_mixin.py:188} INFO - [2025-10-21T21:49:31.893+0000] {dag.py:3096} INFO - Sync 1 DAGs
[2025-10-21T21:49:31.910+0000] {logging_mixin.py:188} INFO - [2025-10-21T21:49:31.910+0000] {dag.py:3954} INFO - Setting next_dagrun for bronze_layer_ingestion_simple to 2025-10-21 18:00:00+00:00, run_after=2025-10-22 18:00:00+00:00
[2025-10-21T21:49:31.925+0000] {processor.py:183} INFO - Processing /opt/airflow/dags/bronze_dag_simple.py took 0.071 seconds
[2025-10-21T21:50:02.154+0000] {processor.py:161} INFO - Started process (PID=522) to work on /opt/airflow/dags/bronze_dag_simple.py
[2025-10-21T21:50:02.155+0000] {processor.py:830} INFO - Processing file /opt/airflow/dags/bronze_dag_simple.py for tasks to queue
[2025-10-21T21:50:02.156+0000] {logging_mixin.py:188} INFO - [2025-10-21T21:50:02.156+0000] {dagbag.py:540} INFO - Filling up the DagBag from /opt/airflow/dags/bronze_dag_simple.py
[2025-10-21T21:50:02.171+0000] {processor.py:840} INFO - DAG(s) 'bronze_layer_ingestion_simple' retrieved from /opt/airflow/dags/bronze_dag_simple.py
[2025-10-21T21:50:02.187+0000] {logging_mixin.py:188} INFO - [2025-10-21T21:50:02.187+0000] {dag.py:3096} INFO - Sync 1 DAGs
[2025-10-21T21:50:02.203+0000] {logging_mixin.py:188} INFO - [2025-10-21T21:50:02.203+0000] {dag.py:3954} INFO - Setting next_dagrun for bronze_layer_ingestion_simple to 2025-10-21 18:00:00+00:00, run_after=2025-10-22 18:00:00+00:00
[2025-10-21T21:50:02.217+0000] {processor.py:183} INFO - Processing /opt/airflow/dags/bronze_dag_simple.py took 0.068 seconds
[2025-10-21T21:50:53.142+0000] {processor.py:161} INFO - Started process (PID=525) to work on /opt/airflow/dags/bronze_dag_simple.py
[2025-10-21T21:50:53.142+0000] {processor.py:830} INFO - Processing file /opt/airflow/dags/bronze_dag_simple.py for tasks to queue
[2025-10-21T21:50:53.144+0000] {logging_mixin.py:188} INFO - [2025-10-21T21:50:53.144+0000] {dagbag.py:540} INFO - Filling up the DagBag from /opt/airflow/dags/bronze_dag_simple.py
[2025-10-21T21:50:53.159+0000] {processor.py:840} INFO - DAG(s) 'bronze_layer_ingestion_simple' retrieved from /opt/airflow/dags/bronze_dag_simple.py
[2025-10-21T21:50:53.175+0000] {logging_mixin.py:188} INFO - [2025-10-21T21:50:53.175+0000] {dag.py:3096} INFO - Sync 1 DAGs
[2025-10-21T21:50:53.191+0000] {logging_mixin.py:188} INFO - [2025-10-21T21:50:53.191+0000] {dag.py:3954} INFO - Setting next_dagrun for bronze_layer_ingestion_simple to 2025-10-21 18:00:00+00:00, run_after=2025-10-22 18:00:00+00:00
[2025-10-21T21:50:53.204+0000] {processor.py:183} INFO - Processing /opt/airflow/dags/bronze_dag_simple.py took 0.067 seconds
[2025-10-21T21:51:42.493+0000] {processor.py:161} INFO - Started process (PID=528) to work on /opt/airflow/dags/bronze_dag_simple.py
[2025-10-21T21:51:42.494+0000] {processor.py:830} INFO - Processing file /opt/airflow/dags/bronze_dag_simple.py for tasks to queue
[2025-10-21T21:51:42.496+0000] {logging_mixin.py:188} INFO - [2025-10-21T21:51:42.496+0000] {dagbag.py:540} INFO - Filling up the DagBag from /opt/airflow/dags/bronze_dag_simple.py
[2025-10-21T21:51:42.511+0000] {processor.py:840} INFO - DAG(s) 'bronze_layer_ingestion_simple' retrieved from /opt/airflow/dags/bronze_dag_simple.py
[2025-10-21T21:51:42.526+0000] {logging_mixin.py:188} INFO - [2025-10-21T21:51:42.526+0000] {dag.py:3096} INFO - Sync 1 DAGs
[2025-10-21T21:51:42.542+0000] {logging_mixin.py:188} INFO - [2025-10-21T21:51:42.542+0000] {dag.py:3954} INFO - Setting next_dagrun for bronze_layer_ingestion_simple to 2025-10-21 18:00:00+00:00, run_after=2025-10-22 18:00:00+00:00
[2025-10-21T21:51:42.555+0000] {processor.py:183} INFO - Processing /opt/airflow/dags/bronze_dag_simple.py took 0.067 seconds
[2025-10-21T21:52:12.840+0000] {processor.py:161} INFO - Started process (PID=531) to work on /opt/airflow/dags/bronze_dag_simple.py
[2025-10-21T21:52:12.840+0000] {processor.py:830} INFO - Processing file /opt/airflow/dags/bronze_dag_simple.py for tasks to queue
[2025-10-21T21:52:12.842+0000] {logging_mixin.py:188} INFO - [2025-10-21T21:52:12.842+0000] {dagbag.py:540} INFO - Filling up the DagBag from /opt/airflow/dags/bronze_dag_simple.py
[2025-10-21T21:52:12.857+0000] {processor.py:840} INFO - DAG(s) 'bronze_layer_ingestion_simple' retrieved from /opt/airflow/dags/bronze_dag_simple.py
[2025-10-21T21:52:12.873+0000] {logging_mixin.py:188} INFO - [2025-10-21T21:52:12.873+0000] {dag.py:3096} INFO - Sync 1 DAGs
[2025-10-21T21:52:12.889+0000] {logging_mixin.py:188} INFO - [2025-10-21T21:52:12.888+0000] {dag.py:3954} INFO - Setting next_dagrun for bronze_layer_ingestion_simple to 2025-10-21 18:00:00+00:00, run_after=2025-10-22 18:00:00+00:00
[2025-10-21T21:52:12.903+0000] {processor.py:183} INFO - Processing /opt/airflow/dags/bronze_dag_simple.py took 0.068 seconds
[2025-10-21T21:52:43.265+0000] {processor.py:161} INFO - Started process (PID=534) to work on /opt/airflow/dags/bronze_dag_simple.py
[2025-10-21T21:52:43.266+0000] {processor.py:830} INFO - Processing file /opt/airflow/dags/bronze_dag_simple.py for tasks to queue
[2025-10-21T21:52:43.267+0000] {logging_mixin.py:188} INFO - [2025-10-21T21:52:43.267+0000] {dagbag.py:540} INFO - Filling up the DagBag from /opt/airflow/dags/bronze_dag_simple.py
[2025-10-21T21:52:43.283+0000] {processor.py:840} INFO - DAG(s) 'bronze_layer_ingestion_simple' retrieved from /opt/airflow/dags/bronze_dag_simple.py
[2025-10-21T21:52:43.299+0000] {logging_mixin.py:188} INFO - [2025-10-21T21:52:43.298+0000] {dag.py:3096} INFO - Sync 1 DAGs
[2025-10-21T21:52:43.315+0000] {logging_mixin.py:188} INFO - [2025-10-21T21:52:43.315+0000] {dag.py:3954} INFO - Setting next_dagrun for bronze_layer_ingestion_simple to 2025-10-21 18:00:00+00:00, run_after=2025-10-22 18:00:00+00:00
[2025-10-21T21:52:43.329+0000] {processor.py:183} INFO - Processing /opt/airflow/dags/bronze_dag_simple.py took 0.069 seconds
[2025-10-21T21:53:13.860+0000] {processor.py:161} INFO - Started process (PID=537) to work on /opt/airflow/dags/bronze_dag_simple.py
[2025-10-21T21:53:13.861+0000] {processor.py:830} INFO - Processing file /opt/airflow/dags/bronze_dag_simple.py for tasks to queue
[2025-10-21T21:53:13.863+0000] {logging_mixin.py:188} INFO - [2025-10-21T21:53:13.863+0000] {dagbag.py:540} INFO - Filling up the DagBag from /opt/airflow/dags/bronze_dag_simple.py
[2025-10-21T21:53:13.878+0000] {processor.py:840} INFO - DAG(s) 'bronze_layer_ingestion_simple' retrieved from /opt/airflow/dags/bronze_dag_simple.py
[2025-10-21T21:53:13.895+0000] {logging_mixin.py:188} INFO - [2025-10-21T21:53:13.895+0000] {dag.py:3096} INFO - Sync 1 DAGs
[2025-10-21T21:53:13.911+0000] {logging_mixin.py:188} INFO - [2025-10-21T21:53:13.911+0000] {dag.py:3954} INFO - Setting next_dagrun for bronze_layer_ingestion_simple to 2025-10-21 18:00:00+00:00, run_after=2025-10-22 18:00:00+00:00
[2025-10-21T21:53:13.924+0000] {processor.py:183} INFO - Processing /opt/airflow/dags/bronze_dag_simple.py took 0.069 seconds
[2025-10-21T21:53:44.123+0000] {processor.py:161} INFO - Started process (PID=540) to work on /opt/airflow/dags/bronze_dag_simple.py
[2025-10-21T21:53:44.124+0000] {processor.py:830} INFO - Processing file /opt/airflow/dags/bronze_dag_simple.py for tasks to queue
[2025-10-21T21:53:44.125+0000] {logging_mixin.py:188} INFO - [2025-10-21T21:53:44.125+0000] {dagbag.py:540} INFO - Filling up the DagBag from /opt/airflow/dags/bronze_dag_simple.py
[2025-10-21T21:53:44.140+0000] {processor.py:840} INFO - DAG(s) 'bronze_layer_ingestion_simple' retrieved from /opt/airflow/dags/bronze_dag_simple.py
[2025-10-21T21:53:44.156+0000] {logging_mixin.py:188} INFO - [2025-10-21T21:53:44.156+0000] {dag.py:3096} INFO - Sync 1 DAGs
[2025-10-21T21:53:44.172+0000] {logging_mixin.py:188} INFO - [2025-10-21T21:53:44.172+0000] {dag.py:3954} INFO - Setting next_dagrun for bronze_layer_ingestion_simple to 2025-10-21 18:00:00+00:00, run_after=2025-10-22 18:00:00+00:00
[2025-10-21T21:53:44.186+0000] {processor.py:183} INFO - Processing /opt/airflow/dags/bronze_dag_simple.py took 0.067 seconds
[2025-10-21T21:54:14.378+0000] {processor.py:161} INFO - Started process (PID=543) to work on /opt/airflow/dags/bronze_dag_simple.py
[2025-10-21T21:54:14.379+0000] {processor.py:830} INFO - Processing file /opt/airflow/dags/bronze_dag_simple.py for tasks to queue
[2025-10-21T21:54:14.381+0000] {logging_mixin.py:188} INFO - [2025-10-21T21:54:14.380+0000] {dagbag.py:540} INFO - Filling up the DagBag from /opt/airflow/dags/bronze_dag_simple.py
[2025-10-21T21:54:14.396+0000] {processor.py:840} INFO - DAG(s) 'bronze_layer_ingestion_simple' retrieved from /opt/airflow/dags/bronze_dag_simple.py
[2025-10-21T21:54:14.411+0000] {logging_mixin.py:188} INFO - [2025-10-21T21:54:14.411+0000] {dag.py:3096} INFO - Sync 1 DAGs
[2025-10-21T21:54:14.426+0000] {logging_mixin.py:188} INFO - [2025-10-21T21:54:14.426+0000] {dag.py:3954} INFO - Setting next_dagrun for bronze_layer_ingestion_simple to 2025-10-21 18:00:00+00:00, run_after=2025-10-22 18:00:00+00:00
[2025-10-21T21:54:14.440+0000] {processor.py:183} INFO - Processing /opt/airflow/dags/bronze_dag_simple.py took 0.067 seconds
[2025-10-21T21:54:44.653+0000] {processor.py:161} INFO - Started process (PID=546) to work on /opt/airflow/dags/bronze_dag_simple.py
[2025-10-21T21:54:44.654+0000] {processor.py:830} INFO - Processing file /opt/airflow/dags/bronze_dag_simple.py for tasks to queue
[2025-10-21T21:54:44.656+0000] {logging_mixin.py:188} INFO - [2025-10-21T21:54:44.655+0000] {dagbag.py:540} INFO - Filling up the DagBag from /opt/airflow/dags/bronze_dag_simple.py
[2025-10-21T21:54:44.671+0000] {processor.py:840} INFO - DAG(s) 'bronze_layer_ingestion_simple' retrieved from /opt/airflow/dags/bronze_dag_simple.py
[2025-10-21T21:54:44.686+0000] {logging_mixin.py:188} INFO - [2025-10-21T21:54:44.686+0000] {dag.py:3096} INFO - Sync 1 DAGs
[2025-10-21T21:54:44.702+0000] {logging_mixin.py:188} INFO - [2025-10-21T21:54:44.702+0000] {dag.py:3954} INFO - Setting next_dagrun for bronze_layer_ingestion_simple to 2025-10-21 18:00:00+00:00, run_after=2025-10-22 18:00:00+00:00
[2025-10-21T21:54:44.716+0000] {processor.py:183} INFO - Processing /opt/airflow/dags/bronze_dag_simple.py took 0.068 seconds
[2025-10-21T21:55:14.919+0000] {processor.py:161} INFO - Started process (PID=549) to work on /opt/airflow/dags/bronze_dag_simple.py
[2025-10-21T21:55:14.920+0000] {processor.py:830} INFO - Processing file /opt/airflow/dags/bronze_dag_simple.py for tasks to queue
[2025-10-21T21:55:14.922+0000] {logging_mixin.py:188} INFO - [2025-10-21T21:55:14.922+0000] {dagbag.py:540} INFO - Filling up the DagBag from /opt/airflow/dags/bronze_dag_simple.py
[2025-10-21T21:55:14.937+0000] {processor.py:840} INFO - DAG(s) 'bronze_layer_ingestion_simple' retrieved from /opt/airflow/dags/bronze_dag_simple.py
[2025-10-21T21:55:14.952+0000] {logging_mixin.py:188} INFO - [2025-10-21T21:55:14.952+0000] {dag.py:3096} INFO - Sync 1 DAGs
[2025-10-21T21:55:14.968+0000] {logging_mixin.py:188} INFO - [2025-10-21T21:55:14.968+0000] {dag.py:3954} INFO - Setting next_dagrun for bronze_layer_ingestion_simple to 2025-10-21 18:00:00+00:00, run_after=2025-10-22 18:00:00+00:00
[2025-10-21T21:55:14.982+0000] {processor.py:183} INFO - Processing /opt/airflow/dags/bronze_dag_simple.py took 0.068 seconds
[2025-10-21T21:55:45.173+0000] {processor.py:161} INFO - Started process (PID=552) to work on /opt/airflow/dags/bronze_dag_simple.py
[2025-10-21T21:55:45.174+0000] {processor.py:830} INFO - Processing file /opt/airflow/dags/bronze_dag_simple.py for tasks to queue
[2025-10-21T21:55:45.176+0000] {logging_mixin.py:188} INFO - [2025-10-21T21:55:45.175+0000] {dagbag.py:540} INFO - Filling up the DagBag from /opt/airflow/dags/bronze_dag_simple.py
[2025-10-21T21:55:45.191+0000] {processor.py:840} INFO - DAG(s) 'bronze_layer_ingestion_simple' retrieved from /opt/airflow/dags/bronze_dag_simple.py
[2025-10-21T21:55:45.208+0000] {logging_mixin.py:188} INFO - [2025-10-21T21:55:45.208+0000] {dag.py:3096} INFO - Sync 1 DAGs
[2025-10-21T21:55:45.226+0000] {logging_mixin.py:188} INFO - [2025-10-21T21:55:45.226+0000] {dag.py:3954} INFO - Setting next_dagrun for bronze_layer_ingestion_simple to 2025-10-21 18:00:00+00:00, run_after=2025-10-22 18:00:00+00:00
[2025-10-21T21:55:45.240+0000] {processor.py:183} INFO - Processing /opt/airflow/dags/bronze_dag_simple.py took 0.071 seconds
[2025-10-21T21:56:15.429+0000] {processor.py:161} INFO - Started process (PID=555) to work on /opt/airflow/dags/bronze_dag_simple.py
[2025-10-21T21:56:15.430+0000] {processor.py:830} INFO - Processing file /opt/airflow/dags/bronze_dag_simple.py for tasks to queue
[2025-10-21T21:56:15.432+0000] {logging_mixin.py:188} INFO - [2025-10-21T21:56:15.431+0000] {dagbag.py:540} INFO - Filling up the DagBag from /opt/airflow/dags/bronze_dag_simple.py
[2025-10-21T21:56:15.447+0000] {processor.py:840} INFO - DAG(s) 'bronze_layer_ingestion_simple' retrieved from /opt/airflow/dags/bronze_dag_simple.py
[2025-10-21T21:56:15.463+0000] {logging_mixin.py:188} INFO - [2025-10-21T21:56:15.463+0000] {dag.py:3096} INFO - Sync 1 DAGs
[2025-10-21T21:56:15.479+0000] {logging_mixin.py:188} INFO - [2025-10-21T21:56:15.479+0000] {dag.py:3954} INFO - Setting next_dagrun for bronze_layer_ingestion_simple to 2025-10-21 18:00:00+00:00, run_after=2025-10-22 18:00:00+00:00
[2025-10-21T21:56:15.493+0000] {processor.py:183} INFO - Processing /opt/airflow/dags/bronze_dag_simple.py took 0.068 seconds
[2025-10-21T21:56:45.701+0000] {processor.py:161} INFO - Started process (PID=558) to work on /opt/airflow/dags/bronze_dag_simple.py
[2025-10-21T21:56:45.702+0000] {processor.py:830} INFO - Processing file /opt/airflow/dags/bronze_dag_simple.py for tasks to queue
[2025-10-21T21:56:45.704+0000] {logging_mixin.py:188} INFO - [2025-10-21T21:56:45.703+0000] {dagbag.py:540} INFO - Filling up the DagBag from /opt/airflow/dags/bronze_dag_simple.py
[2025-10-21T21:56:45.719+0000] {processor.py:840} INFO - DAG(s) 'bronze_layer_ingestion_simple' retrieved from /opt/airflow/dags/bronze_dag_simple.py
[2025-10-21T21:56:45.734+0000] {logging_mixin.py:188} INFO - [2025-10-21T21:56:45.734+0000] {dag.py:3096} INFO - Sync 1 DAGs
[2025-10-21T21:56:45.750+0000] {logging_mixin.py:188} INFO - [2025-10-21T21:56:45.750+0000] {dag.py:3954} INFO - Setting next_dagrun for bronze_layer_ingestion_simple to 2025-10-21 18:00:00+00:00, run_after=2025-10-22 18:00:00+00:00
[2025-10-21T21:56:45.763+0000] {processor.py:183} INFO - Processing /opt/airflow/dags/bronze_dag_simple.py took 0.066 seconds
[2025-10-21T21:57:16.018+0000] {processor.py:161} INFO - Started process (PID=561) to work on /opt/airflow/dags/bronze_dag_simple.py
[2025-10-21T21:57:16.019+0000] {processor.py:830} INFO - Processing file /opt/airflow/dags/bronze_dag_simple.py for tasks to queue
[2025-10-21T21:57:16.020+0000] {logging_mixin.py:188} INFO - [2025-10-21T21:57:16.020+0000] {dagbag.py:540} INFO - Filling up the DagBag from /opt/airflow/dags/bronze_dag_simple.py
[2025-10-21T21:57:16.036+0000] {processor.py:840} INFO - DAG(s) 'bronze_layer_ingestion_simple' retrieved from /opt/airflow/dags/bronze_dag_simple.py
[2025-10-21T21:57:16.052+0000] {logging_mixin.py:188} INFO - [2025-10-21T21:57:16.052+0000] {dag.py:3096} INFO - Sync 1 DAGs
[2025-10-21T21:57:16.067+0000] {logging_mixin.py:188} INFO - [2025-10-21T21:57:16.067+0000] {dag.py:3954} INFO - Setting next_dagrun for bronze_layer_ingestion_simple to 2025-10-21 18:00:00+00:00, run_after=2025-10-22 18:00:00+00:00
[2025-10-21T21:57:16.081+0000] {processor.py:183} INFO - Processing /opt/airflow/dags/bronze_dag_simple.py took 0.067 seconds
[2025-10-21T21:57:46.278+0000] {processor.py:161} INFO - Started process (PID=564) to work on /opt/airflow/dags/bronze_dag_simple.py
[2025-10-21T21:57:46.279+0000] {processor.py:830} INFO - Processing file /opt/airflow/dags/bronze_dag_simple.py for tasks to queue
[2025-10-21T21:57:46.281+0000] {logging_mixin.py:188} INFO - [2025-10-21T21:57:46.281+0000] {dagbag.py:540} INFO - Filling up the DagBag from /opt/airflow/dags/bronze_dag_simple.py
[2025-10-21T21:57:46.296+0000] {processor.py:840} INFO - DAG(s) 'bronze_layer_ingestion_simple' retrieved from /opt/airflow/dags/bronze_dag_simple.py
[2025-10-21T21:57:46.312+0000] {logging_mixin.py:188} INFO - [2025-10-21T21:57:46.312+0000] {dag.py:3096} INFO - Sync 1 DAGs
[2025-10-21T21:57:46.327+0000] {logging_mixin.py:188} INFO - [2025-10-21T21:57:46.327+0000] {dag.py:3954} INFO - Setting next_dagrun for bronze_layer_ingestion_simple to 2025-10-21 18:00:00+00:00, run_after=2025-10-22 18:00:00+00:00
[2025-10-21T21:57:46.342+0000] {processor.py:183} INFO - Processing /opt/airflow/dags/bronze_dag_simple.py took 0.068 seconds
[2025-10-21T21:58:16.543+0000] {processor.py:161} INFO - Started process (PID=567) to work on /opt/airflow/dags/bronze_dag_simple.py
[2025-10-21T21:58:16.544+0000] {processor.py:830} INFO - Processing file /opt/airflow/dags/bronze_dag_simple.py for tasks to queue
[2025-10-21T21:58:16.546+0000] {logging_mixin.py:188} INFO - [2025-10-21T21:58:16.545+0000] {dagbag.py:540} INFO - Filling up the DagBag from /opt/airflow/dags/bronze_dag_simple.py
[2025-10-21T21:58:16.560+0000] {processor.py:840} INFO - DAG(s) 'bronze_layer_ingestion_simple' retrieved from /opt/airflow/dags/bronze_dag_simple.py
[2025-10-21T21:58:16.576+0000] {logging_mixin.py:188} INFO - [2025-10-21T21:58:16.576+0000] {dag.py:3096} INFO - Sync 1 DAGs
[2025-10-21T21:58:16.592+0000] {logging_mixin.py:188} INFO - [2025-10-21T21:58:16.592+0000] {dag.py:3954} INFO - Setting next_dagrun for bronze_layer_ingestion_simple to 2025-10-21 18:00:00+00:00, run_after=2025-10-22 18:00:00+00:00
[2025-10-21T21:58:16.606+0000] {processor.py:183} INFO - Processing /opt/airflow/dags/bronze_dag_simple.py took 0.068 seconds
[2025-10-21T21:58:46.818+0000] {processor.py:161} INFO - Started process (PID=570) to work on /opt/airflow/dags/bronze_dag_simple.py
[2025-10-21T21:58:46.819+0000] {processor.py:830} INFO - Processing file /opt/airflow/dags/bronze_dag_simple.py for tasks to queue
[2025-10-21T21:58:46.821+0000] {logging_mixin.py:188} INFO - [2025-10-21T21:58:46.821+0000] {dagbag.py:540} INFO - Filling up the DagBag from /opt/airflow/dags/bronze_dag_simple.py
[2025-10-21T21:58:46.836+0000] {processor.py:840} INFO - DAG(s) 'bronze_layer_ingestion_simple' retrieved from /opt/airflow/dags/bronze_dag_simple.py
[2025-10-21T21:58:46.852+0000] {logging_mixin.py:188} INFO - [2025-10-21T21:58:46.852+0000] {dag.py:3096} INFO - Sync 1 DAGs
[2025-10-21T21:58:46.868+0000] {logging_mixin.py:188} INFO - [2025-10-21T21:58:46.867+0000] {dag.py:3954} INFO - Setting next_dagrun for bronze_layer_ingestion_simple to 2025-10-21 18:00:00+00:00, run_after=2025-10-22 18:00:00+00:00
[2025-10-21T21:58:46.882+0000] {processor.py:183} INFO - Processing /opt/airflow/dags/bronze_dag_simple.py took 0.069 seconds
[2025-10-21T21:59:17.080+0000] {processor.py:161} INFO - Started process (PID=573) to work on /opt/airflow/dags/bronze_dag_simple.py
[2025-10-21T21:59:17.081+0000] {processor.py:830} INFO - Processing file /opt/airflow/dags/bronze_dag_simple.py for tasks to queue
[2025-10-21T21:59:17.083+0000] {logging_mixin.py:188} INFO - [2025-10-21T21:59:17.083+0000] {dagbag.py:540} INFO - Filling up the DagBag from /opt/airflow/dags/bronze_dag_simple.py
[2025-10-21T21:59:17.099+0000] {processor.py:840} INFO - DAG(s) 'bronze_layer_ingestion_simple' retrieved from /opt/airflow/dags/bronze_dag_simple.py
[2025-10-21T21:59:17.115+0000] {logging_mixin.py:188} INFO - [2025-10-21T21:59:17.115+0000] {dag.py:3096} INFO - Sync 1 DAGs
[2025-10-21T21:59:17.136+0000] {logging_mixin.py:188} INFO - [2025-10-21T21:59:17.136+0000] {dag.py:3954} INFO - Setting next_dagrun for bronze_layer_ingestion_simple to 2025-10-21 18:00:00+00:00, run_after=2025-10-22 18:00:00+00:00
[2025-10-21T21:59:17.150+0000] {processor.py:183} INFO - Processing /opt/airflow/dags/bronze_dag_simple.py took 0.076 seconds
[2025-10-21T21:59:47.344+0000] {processor.py:161} INFO - Started process (PID=576) to work on /opt/airflow/dags/bronze_dag_simple.py
[2025-10-21T21:59:47.345+0000] {processor.py:830} INFO - Processing file /opt/airflow/dags/bronze_dag_simple.py for tasks to queue
[2025-10-21T21:59:47.347+0000] {logging_mixin.py:188} INFO - [2025-10-21T21:59:47.347+0000] {dagbag.py:540} INFO - Filling up the DagBag from /opt/airflow/dags/bronze_dag_simple.py
[2025-10-21T21:59:47.362+0000] {processor.py:840} INFO - DAG(s) 'bronze_layer_ingestion_simple' retrieved from /opt/airflow/dags/bronze_dag_simple.py
[2025-10-21T21:59:47.378+0000] {logging_mixin.py:188} INFO - [2025-10-21T21:59:47.377+0000] {dag.py:3096} INFO - Sync 1 DAGs
[2025-10-21T21:59:47.394+0000] {logging_mixin.py:188} INFO - [2025-10-21T21:59:47.394+0000] {dag.py:3954} INFO - Setting next_dagrun for bronze_layer_ingestion_simple to 2025-10-21 18:00:00+00:00, run_after=2025-10-22 18:00:00+00:00
[2025-10-21T21:59:47.408+0000] {processor.py:183} INFO - Processing /opt/airflow/dags/bronze_dag_simple.py took 0.068 seconds
[2025-10-21T22:00:17.607+0000] {processor.py:161} INFO - Started process (PID=579) to work on /opt/airflow/dags/bronze_dag_simple.py
[2025-10-21T22:00:17.608+0000] {processor.py:830} INFO - Processing file /opt/airflow/dags/bronze_dag_simple.py for tasks to queue
[2025-10-21T22:00:17.610+0000] {logging_mixin.py:188} INFO - [2025-10-21T22:00:17.610+0000] {dagbag.py:540} INFO - Filling up the DagBag from /opt/airflow/dags/bronze_dag_simple.py
[2025-10-21T22:00:17.626+0000] {processor.py:840} INFO - DAG(s) 'bronze_layer_ingestion_simple' retrieved from /opt/airflow/dags/bronze_dag_simple.py
[2025-10-21T22:00:17.642+0000] {logging_mixin.py:188} INFO - [2025-10-21T22:00:17.642+0000] {dag.py:3096} INFO - Sync 1 DAGs
[2025-10-21T22:00:17.658+0000] {logging_mixin.py:188} INFO - [2025-10-21T22:00:17.658+0000] {dag.py:3954} INFO - Setting next_dagrun for bronze_layer_ingestion_simple to 2025-10-21 18:00:00+00:00, run_after=2025-10-22 18:00:00+00:00
[2025-10-21T22:00:17.671+0000] {processor.py:183} INFO - Processing /opt/airflow/dags/bronze_dag_simple.py took 0.070 seconds
[2025-10-21T22:00:47.875+0000] {processor.py:161} INFO - Started process (PID=582) to work on /opt/airflow/dags/bronze_dag_simple.py
[2025-10-21T22:00:47.875+0000] {processor.py:830} INFO - Processing file /opt/airflow/dags/bronze_dag_simple.py for tasks to queue
[2025-10-21T22:00:47.877+0000] {logging_mixin.py:188} INFO - [2025-10-21T22:00:47.877+0000] {dagbag.py:540} INFO - Filling up the DagBag from /opt/airflow/dags/bronze_dag_simple.py
[2025-10-21T22:00:47.892+0000] {processor.py:840} INFO - DAG(s) 'bronze_layer_ingestion_simple' retrieved from /opt/airflow/dags/bronze_dag_simple.py
[2025-10-21T22:00:47.909+0000] {logging_mixin.py:188} INFO - [2025-10-21T22:00:47.909+0000] {dag.py:3096} INFO - Sync 1 DAGs
[2025-10-21T22:00:47.925+0000] {logging_mixin.py:188} INFO - [2025-10-21T22:00:47.925+0000] {dag.py:3954} INFO - Setting next_dagrun for bronze_layer_ingestion_simple to 2025-10-21 18:00:00+00:00, run_after=2025-10-22 18:00:00+00:00
[2025-10-21T22:00:47.940+0000] {processor.py:183} INFO - Processing /opt/airflow/dags/bronze_dag_simple.py took 0.070 seconds
[2025-10-21T22:01:18.145+0000] {processor.py:161} INFO - Started process (PID=585) to work on /opt/airflow/dags/bronze_dag_simple.py
[2025-10-21T22:01:18.146+0000] {processor.py:830} INFO - Processing file /opt/airflow/dags/bronze_dag_simple.py for tasks to queue
[2025-10-21T22:01:18.147+0000] {logging_mixin.py:188} INFO - [2025-10-21T22:01:18.147+0000] {dagbag.py:540} INFO - Filling up the DagBag from /opt/airflow/dags/bronze_dag_simple.py
[2025-10-21T22:01:18.163+0000] {processor.py:840} INFO - DAG(s) 'bronze_layer_ingestion_simple' retrieved from /opt/airflow/dags/bronze_dag_simple.py
[2025-10-21T22:01:18.178+0000] {logging_mixin.py:188} INFO - [2025-10-21T22:01:18.178+0000] {dag.py:3096} INFO - Sync 1 DAGs
[2025-10-21T22:01:18.195+0000] {logging_mixin.py:188} INFO - [2025-10-21T22:01:18.194+0000] {dag.py:3954} INFO - Setting next_dagrun for bronze_layer_ingestion_simple to 2025-10-21 18:00:00+00:00, run_after=2025-10-22 18:00:00+00:00
[2025-10-21T22:01:18.208+0000] {processor.py:183} INFO - Processing /opt/airflow/dags/bronze_dag_simple.py took 0.068 seconds
[2025-10-21T22:01:48.408+0000] {processor.py:161} INFO - Started process (PID=588) to work on /opt/airflow/dags/bronze_dag_simple.py
[2025-10-21T22:01:48.409+0000] {processor.py:830} INFO - Processing file /opt/airflow/dags/bronze_dag_simple.py for tasks to queue
[2025-10-21T22:01:48.410+0000] {logging_mixin.py:188} INFO - [2025-10-21T22:01:48.410+0000] {dagbag.py:540} INFO - Filling up the DagBag from /opt/airflow/dags/bronze_dag_simple.py
[2025-10-21T22:01:48.425+0000] {processor.py:840} INFO - DAG(s) 'bronze_layer_ingestion_simple' retrieved from /opt/airflow/dags/bronze_dag_simple.py
[2025-10-21T22:01:48.441+0000] {logging_mixin.py:188} INFO - [2025-10-21T22:01:48.441+0000] {dag.py:3096} INFO - Sync 1 DAGs
[2025-10-21T22:01:48.458+0000] {logging_mixin.py:188} INFO - [2025-10-21T22:01:48.457+0000] {dag.py:3954} INFO - Setting next_dagrun for bronze_layer_ingestion_simple to 2025-10-21 18:00:00+00:00, run_after=2025-10-22 18:00:00+00:00
[2025-10-21T22:01:48.471+0000] {processor.py:183} INFO - Processing /opt/airflow/dags/bronze_dag_simple.py took 0.068 seconds
[2025-10-21T22:02:18.724+0000] {processor.py:161} INFO - Started process (PID=591) to work on /opt/airflow/dags/bronze_dag_simple.py
[2025-10-21T22:02:18.725+0000] {processor.py:830} INFO - Processing file /opt/airflow/dags/bronze_dag_simple.py for tasks to queue
[2025-10-21T22:02:18.727+0000] {logging_mixin.py:188} INFO - [2025-10-21T22:02:18.726+0000] {dagbag.py:540} INFO - Filling up the DagBag from /opt/airflow/dags/bronze_dag_simple.py
[2025-10-21T22:02:18.742+0000] {processor.py:840} INFO - DAG(s) 'bronze_layer_ingestion_simple' retrieved from /opt/airflow/dags/bronze_dag_simple.py
[2025-10-21T22:02:18.757+0000] {logging_mixin.py:188} INFO - [2025-10-21T22:02:18.757+0000] {dag.py:3096} INFO - Sync 1 DAGs
[2025-10-21T22:02:18.774+0000] {logging_mixin.py:188} INFO - [2025-10-21T22:02:18.774+0000] {dag.py:3954} INFO - Setting next_dagrun for bronze_layer_ingestion_simple to 2025-10-21 18:00:00+00:00, run_after=2025-10-22 18:00:00+00:00
[2025-10-21T22:02:18.789+0000] {processor.py:183} INFO - Processing /opt/airflow/dags/bronze_dag_simple.py took 0.069 seconds
[2025-10-21T22:02:49.016+0000] {processor.py:161} INFO - Started process (PID=594) to work on /opt/airflow/dags/bronze_dag_simple.py
[2025-10-21T22:02:49.017+0000] {processor.py:830} INFO - Processing file /opt/airflow/dags/bronze_dag_simple.py for tasks to queue
[2025-10-21T22:02:49.018+0000] {logging_mixin.py:188} INFO - [2025-10-21T22:02:49.018+0000] {dagbag.py:540} INFO - Filling up the DagBag from /opt/airflow/dags/bronze_dag_simple.py
[2025-10-21T22:02:49.033+0000] {processor.py:840} INFO - DAG(s) 'bronze_layer_ingestion_simple' retrieved from /opt/airflow/dags/bronze_dag_simple.py
[2025-10-21T22:02:49.050+0000] {logging_mixin.py:188} INFO - [2025-10-21T22:02:49.050+0000] {dag.py:3096} INFO - Sync 1 DAGs
[2025-10-21T22:02:49.066+0000] {logging_mixin.py:188} INFO - [2025-10-21T22:02:49.066+0000] {dag.py:3954} INFO - Setting next_dagrun for bronze_layer_ingestion_simple to 2025-10-21 18:00:00+00:00, run_after=2025-10-22 18:00:00+00:00
[2025-10-21T22:02:49.080+0000] {processor.py:183} INFO - Processing /opt/airflow/dags/bronze_dag_simple.py took 0.070 seconds
[2025-10-21T22:03:19.263+0000] {processor.py:161} INFO - Started process (PID=597) to work on /opt/airflow/dags/bronze_dag_simple.py
[2025-10-21T22:03:19.264+0000] {processor.py:830} INFO - Processing file /opt/airflow/dags/bronze_dag_simple.py for tasks to queue
[2025-10-21T22:03:19.265+0000] {logging_mixin.py:188} INFO - [2025-10-21T22:03:19.265+0000] {dagbag.py:540} INFO - Filling up the DagBag from /opt/airflow/dags/bronze_dag_simple.py
[2025-10-21T22:03:19.281+0000] {processor.py:840} INFO - DAG(s) 'bronze_layer_ingestion_simple' retrieved from /opt/airflow/dags/bronze_dag_simple.py
[2025-10-21T22:03:19.298+0000] {logging_mixin.py:188} INFO - [2025-10-21T22:03:19.298+0000] {dag.py:3096} INFO - Sync 1 DAGs
[2025-10-21T22:03:19.316+0000] {logging_mixin.py:188} INFO - [2025-10-21T22:03:19.316+0000] {dag.py:3954} INFO - Setting next_dagrun for bronze_layer_ingestion_simple to 2025-10-21 18:00:00+00:00, run_after=2025-10-22 18:00:00+00:00
[2025-10-21T22:03:19.331+0000] {processor.py:183} INFO - Processing /opt/airflow/dags/bronze_dag_simple.py took 0.073 seconds
[2025-10-21T22:03:49.518+0000] {processor.py:161} INFO - Started process (PID=600) to work on /opt/airflow/dags/bronze_dag_simple.py
[2025-10-21T22:03:49.519+0000] {processor.py:830} INFO - Processing file /opt/airflow/dags/bronze_dag_simple.py for tasks to queue
[2025-10-21T22:03:49.521+0000] {logging_mixin.py:188} INFO - [2025-10-21T22:03:49.521+0000] {dagbag.py:540} INFO - Filling up the DagBag from /opt/airflow/dags/bronze_dag_simple.py
[2025-10-21T22:03:49.536+0000] {processor.py:840} INFO - DAG(s) 'bronze_layer_ingestion_simple' retrieved from /opt/airflow/dags/bronze_dag_simple.py
[2025-10-21T22:03:49.552+0000] {logging_mixin.py:188} INFO - [2025-10-21T22:03:49.552+0000] {dag.py:3096} INFO - Sync 1 DAGs
[2025-10-21T22:03:49.567+0000] {logging_mixin.py:188} INFO - [2025-10-21T22:03:49.567+0000] {dag.py:3954} INFO - Setting next_dagrun for bronze_layer_ingestion_simple to 2025-10-21 18:00:00+00:00, run_after=2025-10-22 18:00:00+00:00
[2025-10-21T22:03:49.586+0000] {processor.py:183} INFO - Processing /opt/airflow/dags/bronze_dag_simple.py took 0.073 seconds
[2025-10-21T22:04:19.774+0000] {processor.py:161} INFO - Started process (PID=603) to work on /opt/airflow/dags/bronze_dag_simple.py
[2025-10-21T22:04:19.774+0000] {processor.py:830} INFO - Processing file /opt/airflow/dags/bronze_dag_simple.py for tasks to queue
[2025-10-21T22:04:19.776+0000] {logging_mixin.py:188} INFO - [2025-10-21T22:04:19.776+0000] {dagbag.py:540} INFO - Filling up the DagBag from /opt/airflow/dags/bronze_dag_simple.py
[2025-10-21T22:04:19.792+0000] {processor.py:840} INFO - DAG(s) 'bronze_layer_ingestion_simple' retrieved from /opt/airflow/dags/bronze_dag_simple.py
[2025-10-21T22:04:19.811+0000] {logging_mixin.py:188} INFO - [2025-10-21T22:04:19.810+0000] {dag.py:3096} INFO - Sync 1 DAGs
[2025-10-21T22:04:19.829+0000] {logging_mixin.py:188} INFO - [2025-10-21T22:04:19.829+0000] {dag.py:3954} INFO - Setting next_dagrun for bronze_layer_ingestion_simple to 2025-10-21 18:00:00+00:00, run_after=2025-10-22 18:00:00+00:00
[2025-10-21T22:04:19.844+0000] {processor.py:183} INFO - Processing /opt/airflow/dags/bronze_dag_simple.py took 0.076 seconds
[2025-10-21T22:04:50.027+0000] {processor.py:161} INFO - Started process (PID=606) to work on /opt/airflow/dags/bronze_dag_simple.py
[2025-10-21T22:04:50.028+0000] {processor.py:830} INFO - Processing file /opt/airflow/dags/bronze_dag_simple.py for tasks to queue
[2025-10-21T22:04:50.030+0000] {logging_mixin.py:188} INFO - [2025-10-21T22:04:50.029+0000] {dagbag.py:540} INFO - Filling up the DagBag from /opt/airflow/dags/bronze_dag_simple.py
[2025-10-21T22:04:50.044+0000] {processor.py:840} INFO - DAG(s) 'bronze_layer_ingestion_simple' retrieved from /opt/airflow/dags/bronze_dag_simple.py
[2025-10-21T22:04:50.060+0000] {logging_mixin.py:188} INFO - [2025-10-21T22:04:50.060+0000] {dag.py:3096} INFO - Sync 1 DAGs
[2025-10-21T22:04:50.076+0000] {logging_mixin.py:188} INFO - [2025-10-21T22:04:50.076+0000] {dag.py:3954} INFO - Setting next_dagrun for bronze_layer_ingestion_simple to 2025-10-21 18:00:00+00:00, run_after=2025-10-22 18:00:00+00:00
[2025-10-21T22:04:50.090+0000] {processor.py:183} INFO - Processing /opt/airflow/dags/bronze_dag_simple.py took 0.068 seconds
[2025-10-21T22:05:20.292+0000] {processor.py:161} INFO - Started process (PID=609) to work on /opt/airflow/dags/bronze_dag_simple.py
[2025-10-21T22:05:20.292+0000] {processor.py:830} INFO - Processing file /opt/airflow/dags/bronze_dag_simple.py for tasks to queue
[2025-10-21T22:05:20.294+0000] {logging_mixin.py:188} INFO - [2025-10-21T22:05:20.294+0000] {dagbag.py:540} INFO - Filling up the DagBag from /opt/airflow/dags/bronze_dag_simple.py
[2025-10-21T22:05:20.310+0000] {processor.py:840} INFO - DAG(s) 'bronze_layer_ingestion_simple' retrieved from /opt/airflow/dags/bronze_dag_simple.py
[2025-10-21T22:05:20.326+0000] {logging_mixin.py:188} INFO - [2025-10-21T22:05:20.325+0000] {dag.py:3096} INFO - Sync 1 DAGs
[2025-10-21T22:05:20.341+0000] {logging_mixin.py:188} INFO - [2025-10-21T22:05:20.341+0000] {dag.py:3954} INFO - Setting next_dagrun for bronze_layer_ingestion_simple to 2025-10-21 18:00:00+00:00, run_after=2025-10-22 18:00:00+00:00
[2025-10-21T22:05:20.355+0000] {processor.py:183} INFO - Processing /opt/airflow/dags/bronze_dag_simple.py took 0.068 seconds
[2025-10-21T22:05:50.555+0000] {processor.py:161} INFO - Started process (PID=612) to work on /opt/airflow/dags/bronze_dag_simple.py
[2025-10-21T22:05:50.556+0000] {processor.py:830} INFO - Processing file /opt/airflow/dags/bronze_dag_simple.py for tasks to queue
[2025-10-21T22:05:50.558+0000] {logging_mixin.py:188} INFO - [2025-10-21T22:05:50.558+0000] {dagbag.py:540} INFO - Filling up the DagBag from /opt/airflow/dags/bronze_dag_simple.py
[2025-10-21T22:05:50.574+0000] {processor.py:840} INFO - DAG(s) 'bronze_layer_ingestion_simple' retrieved from /opt/airflow/dags/bronze_dag_simple.py
[2025-10-21T22:05:50.590+0000] {logging_mixin.py:188} INFO - [2025-10-21T22:05:50.590+0000] {dag.py:3096} INFO - Sync 1 DAGs
[2025-10-21T22:05:50.606+0000] {logging_mixin.py:188} INFO - [2025-10-21T22:05:50.606+0000] {dag.py:3954} INFO - Setting next_dagrun for bronze_layer_ingestion_simple to 2025-10-21 18:00:00+00:00, run_after=2025-10-22 18:00:00+00:00
[2025-10-21T22:05:50.620+0000] {processor.py:183} INFO - Processing /opt/airflow/dags/bronze_dag_simple.py took 0.070 seconds
[2025-10-21T22:06:20.820+0000] {processor.py:161} INFO - Started process (PID=615) to work on /opt/airflow/dags/bronze_dag_simple.py
[2025-10-21T22:06:20.821+0000] {processor.py:830} INFO - Processing file /opt/airflow/dags/bronze_dag_simple.py for tasks to queue
[2025-10-21T22:06:20.822+0000] {logging_mixin.py:188} INFO - [2025-10-21T22:06:20.822+0000] {dagbag.py:540} INFO - Filling up the DagBag from /opt/airflow/dags/bronze_dag_simple.py
[2025-10-21T22:06:20.837+0000] {processor.py:840} INFO - DAG(s) 'bronze_layer_ingestion_simple' retrieved from /opt/airflow/dags/bronze_dag_simple.py
[2025-10-21T22:06:20.853+0000] {logging_mixin.py:188} INFO - [2025-10-21T22:06:20.853+0000] {dag.py:3096} INFO - Sync 1 DAGs
[2025-10-21T22:06:20.868+0000] {logging_mixin.py:188} INFO - [2025-10-21T22:06:20.868+0000] {dag.py:3954} INFO - Setting next_dagrun for bronze_layer_ingestion_simple to 2025-10-21 18:00:00+00:00, run_after=2025-10-22 18:00:00+00:00
[2025-10-21T22:06:20.882+0000] {processor.py:183} INFO - Processing /opt/airflow/dags/bronze_dag_simple.py took 0.067 seconds
[2025-10-21T22:06:51.086+0000] {processor.py:161} INFO - Started process (PID=618) to work on /opt/airflow/dags/bronze_dag_simple.py
[2025-10-21T22:06:51.086+0000] {processor.py:830} INFO - Processing file /opt/airflow/dags/bronze_dag_simple.py for tasks to queue
[2025-10-21T22:06:51.088+0000] {logging_mixin.py:188} INFO - [2025-10-21T22:06:51.088+0000] {dagbag.py:540} INFO - Filling up the DagBag from /opt/airflow/dags/bronze_dag_simple.py
[2025-10-21T22:06:51.103+0000] {processor.py:840} INFO - DAG(s) 'bronze_layer_ingestion_simple' retrieved from /opt/airflow/dags/bronze_dag_simple.py
[2025-10-21T22:06:51.119+0000] {logging_mixin.py:188} INFO - [2025-10-21T22:06:51.119+0000] {dag.py:3096} INFO - Sync 1 DAGs
[2025-10-21T22:06:51.134+0000] {logging_mixin.py:188} INFO - [2025-10-21T22:06:51.134+0000] {dag.py:3954} INFO - Setting next_dagrun for bronze_layer_ingestion_simple to 2025-10-21 18:00:00+00:00, run_after=2025-10-22 18:00:00+00:00
[2025-10-21T22:06:51.148+0000] {processor.py:183} INFO - Processing /opt/airflow/dags/bronze_dag_simple.py took 0.068 seconds
[2025-10-21T22:07:21.403+0000] {processor.py:161} INFO - Started process (PID=621) to work on /opt/airflow/dags/bronze_dag_simple.py
[2025-10-21T22:07:21.404+0000] {processor.py:830} INFO - Processing file /opt/airflow/dags/bronze_dag_simple.py for tasks to queue
[2025-10-21T22:07:21.406+0000] {logging_mixin.py:188} INFO - [2025-10-21T22:07:21.406+0000] {dagbag.py:540} INFO - Filling up the DagBag from /opt/airflow/dags/bronze_dag_simple.py
[2025-10-21T22:07:21.421+0000] {processor.py:840} INFO - DAG(s) 'bronze_layer_ingestion_simple' retrieved from /opt/airflow/dags/bronze_dag_simple.py
[2025-10-21T22:07:21.436+0000] {logging_mixin.py:188} INFO - [2025-10-21T22:07:21.436+0000] {dag.py:3096} INFO - Sync 1 DAGs
[2025-10-21T22:07:21.453+0000] {logging_mixin.py:188} INFO - [2025-10-21T22:07:21.452+0000] {dag.py:3954} INFO - Setting next_dagrun for bronze_layer_ingestion_simple to 2025-10-21 18:00:00+00:00, run_after=2025-10-22 18:00:00+00:00
[2025-10-21T22:07:21.466+0000] {processor.py:183} INFO - Processing /opt/airflow/dags/bronze_dag_simple.py took 0.068 seconds
