[2025-10-21T19:02:37.282+0000] {processor.py:161} INFO - Started process (PID=38) to work on /opt/airflow/dags/gold_dag.py
[2025-10-21T19:02:37.283+0000] {processor.py:830} INFO - Processing file /opt/airflow/dags/gold_dag.py for tasks to queue
[2025-10-21T19:02:37.285+0000] {logging_mixin.py:188} INFO - [2025-10-21T19:02:37.285+0000] {dagbag.py:540} INFO - Filling up the DagBag from /opt/airflow/dags/gold_dag.py
[2025-10-21T19:02:37.313+0000] {processor.py:840} INFO - DAG(s) 'gold_layer_aggregation' retrieved from /opt/airflow/dags/gold_dag.py
[2025-10-21T19:02:37.528+0000] {logging_mixin.py:188} INFO - [2025-10-21T19:02:37.528+0000] {dag.py:3096} INFO - Sync 1 DAGs
[2025-10-21T19:02:37.548+0000] {logging_mixin.py:188} INFO - [2025-10-21T19:02:37.548+0000] {dag.py:3954} INFO - Setting next_dagrun for gold_layer_aggregation to 2025-10-19 20:00:00+00:00, run_after=2025-10-20 20:00:00+00:00
[2025-10-21T19:02:37.568+0000] {processor.py:183} INFO - Processing /opt/airflow/dags/gold_dag.py took 0.291 seconds
[2025-10-21T19:03:07.793+0000] {processor.py:161} INFO - Started process (PID=45) to work on /opt/airflow/dags/gold_dag.py
[2025-10-21T19:03:07.794+0000] {processor.py:830} INFO - Processing file /opt/airflow/dags/gold_dag.py for tasks to queue
[2025-10-21T19:03:07.796+0000] {logging_mixin.py:188} INFO - [2025-10-21T19:03:07.796+0000] {dagbag.py:540} INFO - Filling up the DagBag from /opt/airflow/dags/gold_dag.py
[2025-10-21T19:03:07.812+0000] {processor.py:840} INFO - DAG(s) 'gold_layer_aggregation' retrieved from /opt/airflow/dags/gold_dag.py
[2025-10-21T19:03:07.830+0000] {logging_mixin.py:188} INFO - [2025-10-21T19:03:07.830+0000] {dag.py:3096} INFO - Sync 1 DAGs
[2025-10-21T19:03:07.849+0000] {logging_mixin.py:188} INFO - [2025-10-21T19:03:07.849+0000] {dag.py:3954} INFO - Setting next_dagrun for gold_layer_aggregation to 2025-10-19 20:00:00+00:00, run_after=2025-10-20 20:00:00+00:00
[2025-10-21T19:03:07.866+0000] {processor.py:183} INFO - Processing /opt/airflow/dags/gold_dag.py took 0.077 seconds
[2025-10-21T19:03:38.800+0000] {processor.py:161} INFO - Started process (PID=48) to work on /opt/airflow/dags/gold_dag.py
[2025-10-21T19:03:38.801+0000] {processor.py:830} INFO - Processing file /opt/airflow/dags/gold_dag.py for tasks to queue
[2025-10-21T19:03:38.804+0000] {logging_mixin.py:188} INFO - [2025-10-21T19:03:38.804+0000] {dagbag.py:540} INFO - Filling up the DagBag from /opt/airflow/dags/gold_dag.py
[2025-10-21T19:03:38.824+0000] {processor.py:840} INFO - DAG(s) 'gold_layer_aggregation' retrieved from /opt/airflow/dags/gold_dag.py
[2025-10-21T19:03:38.848+0000] {logging_mixin.py:188} INFO - [2025-10-21T19:03:38.848+0000] {dag.py:3096} INFO - Sync 1 DAGs
[2025-10-21T19:03:38.870+0000] {logging_mixin.py:188} INFO - [2025-10-21T19:03:38.870+0000] {dag.py:3954} INFO - Setting next_dagrun for gold_layer_aggregation to 2025-10-19 20:00:00+00:00, run_after=2025-10-20 20:00:00+00:00
[2025-10-21T19:03:38.886+0000] {processor.py:183} INFO - Processing /opt/airflow/dags/gold_dag.py took 0.094 seconds
[2025-10-21T19:04:45.228+0000] {processor.py:161} INFO - Started process (PID=38) to work on /opt/airflow/dags/gold_dag.py
[2025-10-21T19:04:45.229+0000] {processor.py:830} INFO - Processing file /opt/airflow/dags/gold_dag.py for tasks to queue
[2025-10-21T19:04:45.231+0000] {logging_mixin.py:188} INFO - [2025-10-21T19:04:45.231+0000] {dagbag.py:540} INFO - Filling up the DagBag from /opt/airflow/dags/gold_dag.py
[2025-10-21T19:04:45.253+0000] {processor.py:840} INFO - DAG(s) 'gold_layer_aggregation' retrieved from /opt/airflow/dags/gold_dag.py
[2025-10-21T19:04:45.281+0000] {logging_mixin.py:188} INFO - [2025-10-21T19:04:45.280+0000] {dag.py:3096} INFO - Sync 1 DAGs
[2025-10-21T19:04:45.303+0000] {logging_mixin.py:188} INFO - [2025-10-21T19:04:45.302+0000] {dag.py:3954} INFO - Setting next_dagrun for gold_layer_aggregation to 2025-10-19 20:00:00+00:00, run_after=2025-10-20 20:00:00+00:00
[2025-10-21T19:04:45.324+0000] {processor.py:183} INFO - Processing /opt/airflow/dags/gold_dag.py took 0.101 seconds
[2025-10-21T19:05:16.235+0000] {processor.py:161} INFO - Started process (PID=41) to work on /opt/airflow/dags/gold_dag.py
[2025-10-21T19:05:16.236+0000] {processor.py:830} INFO - Processing file /opt/airflow/dags/gold_dag.py for tasks to queue
[2025-10-21T19:05:16.238+0000] {logging_mixin.py:188} INFO - [2025-10-21T19:05:16.238+0000] {dagbag.py:540} INFO - Filling up the DagBag from /opt/airflow/dags/gold_dag.py
[2025-10-21T19:05:16.256+0000] {processor.py:840} INFO - DAG(s) 'gold_layer_aggregation' retrieved from /opt/airflow/dags/gold_dag.py
[2025-10-21T19:05:16.429+0000] {logging_mixin.py:188} INFO - [2025-10-21T19:05:16.429+0000] {dag.py:3096} INFO - Sync 1 DAGs
[2025-10-21T19:05:16.446+0000] {logging_mixin.py:188} INFO - [2025-10-21T19:05:16.446+0000] {dag.py:3954} INFO - Setting next_dagrun for gold_layer_aggregation to 2025-10-19 20:00:00+00:00, run_after=2025-10-20 20:00:00+00:00
[2025-10-21T19:05:16.464+0000] {processor.py:183} INFO - Processing /opt/airflow/dags/gold_dag.py took 0.234 seconds
[2025-10-21T19:05:57.041+0000] {processor.py:161} INFO - Started process (PID=44) to work on /opt/airflow/dags/gold_dag.py
[2025-10-21T19:05:57.042+0000] {processor.py:830} INFO - Processing file /opt/airflow/dags/gold_dag.py for tasks to queue
[2025-10-21T19:05:57.044+0000] {logging_mixin.py:188} INFO - [2025-10-21T19:05:57.044+0000] {dagbag.py:540} INFO - Filling up the DagBag from /opt/airflow/dags/gold_dag.py
[2025-10-21T19:05:57.065+0000] {processor.py:840} INFO - DAG(s) 'gold_layer_aggregation' retrieved from /opt/airflow/dags/gold_dag.py
[2025-10-21T19:05:57.085+0000] {logging_mixin.py:188} INFO - [2025-10-21T19:05:57.085+0000] {dag.py:3096} INFO - Sync 1 DAGs
[2025-10-21T19:05:57.104+0000] {logging_mixin.py:188} INFO - [2025-10-21T19:05:57.104+0000] {dag.py:3954} INFO - Setting next_dagrun for gold_layer_aggregation to 2025-10-19 20:00:00+00:00, run_after=2025-10-20 20:00:00+00:00
[2025-10-21T19:05:57.121+0000] {processor.py:183} INFO - Processing /opt/airflow/dags/gold_dag.py took 0.085 seconds
[2025-10-21T19:06:28.408+0000] {processor.py:161} INFO - Started process (PID=47) to work on /opt/airflow/dags/gold_dag.py
[2025-10-21T19:06:28.409+0000] {processor.py:830} INFO - Processing file /opt/airflow/dags/gold_dag.py for tasks to queue
[2025-10-21T19:06:28.411+0000] {logging_mixin.py:188} INFO - [2025-10-21T19:06:28.411+0000] {dagbag.py:540} INFO - Filling up the DagBag from /opt/airflow/dags/gold_dag.py
[2025-10-21T19:06:28.427+0000] {processor.py:840} INFO - DAG(s) 'gold_layer_aggregation' retrieved from /opt/airflow/dags/gold_dag.py
[2025-10-21T19:06:28.446+0000] {logging_mixin.py:188} INFO - [2025-10-21T19:06:28.446+0000] {dag.py:3096} INFO - Sync 1 DAGs
[2025-10-21T19:06:28.464+0000] {logging_mixin.py:188} INFO - [2025-10-21T19:06:28.464+0000] {dag.py:3954} INFO - Setting next_dagrun for gold_layer_aggregation to 2025-10-19 20:00:00+00:00, run_after=2025-10-20 20:00:00+00:00
[2025-10-21T19:06:28.480+0000] {processor.py:183} INFO - Processing /opt/airflow/dags/gold_dag.py took 0.077 seconds
[2025-10-21T19:06:59.563+0000] {processor.py:161} INFO - Started process (PID=50) to work on /opt/airflow/dags/gold_dag.py
[2025-10-21T19:06:59.564+0000] {processor.py:830} INFO - Processing file /opt/airflow/dags/gold_dag.py for tasks to queue
[2025-10-21T19:06:59.567+0000] {logging_mixin.py:188} INFO - [2025-10-21T19:06:59.566+0000] {dagbag.py:540} INFO - Filling up the DagBag from /opt/airflow/dags/gold_dag.py
[2025-10-21T19:06:59.584+0000] {processor.py:840} INFO - DAG(s) 'gold_layer_aggregation' retrieved from /opt/airflow/dags/gold_dag.py
[2025-10-21T19:06:59.605+0000] {logging_mixin.py:188} INFO - [2025-10-21T19:06:59.605+0000] {dag.py:3096} INFO - Sync 1 DAGs
[2025-10-21T19:06:59.624+0000] {logging_mixin.py:188} INFO - [2025-10-21T19:06:59.624+0000] {dag.py:3954} INFO - Setting next_dagrun for gold_layer_aggregation to 2025-10-19 20:00:00+00:00, run_after=2025-10-20 20:00:00+00:00
[2025-10-21T19:06:59.640+0000] {processor.py:183} INFO - Processing /opt/airflow/dags/gold_dag.py took 0.082 seconds
[2025-10-21T19:07:30.550+0000] {processor.py:161} INFO - Started process (PID=53) to work on /opt/airflow/dags/gold_dag.py
[2025-10-21T19:07:30.551+0000] {processor.py:830} INFO - Processing file /opt/airflow/dags/gold_dag.py for tasks to queue
[2025-10-21T19:07:30.554+0000] {logging_mixin.py:188} INFO - [2025-10-21T19:07:30.554+0000] {dagbag.py:540} INFO - Filling up the DagBag from /opt/airflow/dags/gold_dag.py
[2025-10-21T19:07:30.573+0000] {processor.py:840} INFO - DAG(s) 'gold_layer_aggregation' retrieved from /opt/airflow/dags/gold_dag.py
[2025-10-21T19:07:30.594+0000] {logging_mixin.py:188} INFO - [2025-10-21T19:07:30.594+0000] {dag.py:3096} INFO - Sync 1 DAGs
[2025-10-21T19:07:30.613+0000] {logging_mixin.py:188} INFO - [2025-10-21T19:07:30.612+0000] {dag.py:3954} INFO - Setting next_dagrun for gold_layer_aggregation to 2025-10-19 20:00:00+00:00, run_after=2025-10-20 20:00:00+00:00
[2025-10-21T19:07:30.629+0000] {processor.py:183} INFO - Processing /opt/airflow/dags/gold_dag.py took 0.084 seconds
[2025-10-21T19:08:01.348+0000] {processor.py:161} INFO - Started process (PID=56) to work on /opt/airflow/dags/gold_dag.py
[2025-10-21T19:08:01.349+0000] {processor.py:830} INFO - Processing file /opt/airflow/dags/gold_dag.py for tasks to queue
[2025-10-21T19:08:01.352+0000] {logging_mixin.py:188} INFO - [2025-10-21T19:08:01.351+0000] {dagbag.py:540} INFO - Filling up the DagBag from /opt/airflow/dags/gold_dag.py
[2025-10-21T19:08:01.371+0000] {processor.py:840} INFO - DAG(s) 'gold_layer_aggregation' retrieved from /opt/airflow/dags/gold_dag.py
[2025-10-21T19:08:01.392+0000] {logging_mixin.py:188} INFO - [2025-10-21T19:08:01.392+0000] {dag.py:3096} INFO - Sync 1 DAGs
[2025-10-21T19:08:01.412+0000] {logging_mixin.py:188} INFO - [2025-10-21T19:08:01.412+0000] {dag.py:3954} INFO - Setting next_dagrun for gold_layer_aggregation to 2025-10-19 20:00:00+00:00, run_after=2025-10-20 20:00:00+00:00
[2025-10-21T19:08:01.429+0000] {processor.py:183} INFO - Processing /opt/airflow/dags/gold_dag.py took 0.087 seconds
[2025-10-21T19:08:31.688+0000] {processor.py:161} INFO - Started process (PID=59) to work on /opt/airflow/dags/gold_dag.py
[2025-10-21T19:08:31.689+0000] {processor.py:830} INFO - Processing file /opt/airflow/dags/gold_dag.py for tasks to queue
[2025-10-21T19:08:31.692+0000] {logging_mixin.py:188} INFO - [2025-10-21T19:08:31.691+0000] {dagbag.py:540} INFO - Filling up the DagBag from /opt/airflow/dags/gold_dag.py
[2025-10-21T19:08:31.719+0000] {processor.py:840} INFO - DAG(s) 'gold_layer_aggregation' retrieved from /opt/airflow/dags/gold_dag.py
[2025-10-21T19:08:31.739+0000] {logging_mixin.py:188} INFO - [2025-10-21T19:08:31.739+0000] {dag.py:3096} INFO - Sync 1 DAGs
[2025-10-21T19:08:31.758+0000] {logging_mixin.py:188} INFO - [2025-10-21T19:08:31.758+0000] {dag.py:3954} INFO - Setting next_dagrun for gold_layer_aggregation to 2025-10-19 20:00:00+00:00, run_after=2025-10-20 20:00:00+00:00
[2025-10-21T19:08:31.773+0000] {processor.py:183} INFO - Processing /opt/airflow/dags/gold_dag.py took 0.092 seconds
[2025-10-21T19:09:02.623+0000] {processor.py:161} INFO - Started process (PID=62) to work on /opt/airflow/dags/gold_dag.py
[2025-10-21T19:09:02.624+0000] {processor.py:830} INFO - Processing file /opt/airflow/dags/gold_dag.py for tasks to queue
[2025-10-21T19:09:02.626+0000] {logging_mixin.py:188} INFO - [2025-10-21T19:09:02.625+0000] {dagbag.py:540} INFO - Filling up the DagBag from /opt/airflow/dags/gold_dag.py
[2025-10-21T19:09:02.644+0000] {processor.py:840} INFO - DAG(s) 'gold_layer_aggregation' retrieved from /opt/airflow/dags/gold_dag.py
[2025-10-21T19:09:02.664+0000] {logging_mixin.py:188} INFO - [2025-10-21T19:09:02.664+0000] {dag.py:3096} INFO - Sync 1 DAGs
[2025-10-21T19:09:02.684+0000] {logging_mixin.py:188} INFO - [2025-10-21T19:09:02.684+0000] {dag.py:3954} INFO - Setting next_dagrun for gold_layer_aggregation to 2025-10-19 20:00:00+00:00, run_after=2025-10-20 20:00:00+00:00
[2025-10-21T19:09:02.702+0000] {processor.py:183} INFO - Processing /opt/airflow/dags/gold_dag.py took 0.085 seconds
[2025-10-21T19:09:32.919+0000] {processor.py:161} INFO - Started process (PID=65) to work on /opt/airflow/dags/gold_dag.py
[2025-10-21T19:09:32.920+0000] {processor.py:830} INFO - Processing file /opt/airflow/dags/gold_dag.py for tasks to queue
[2025-10-21T19:09:32.922+0000] {logging_mixin.py:188} INFO - [2025-10-21T19:09:32.922+0000] {dagbag.py:540} INFO - Filling up the DagBag from /opt/airflow/dags/gold_dag.py
[2025-10-21T19:09:32.941+0000] {processor.py:840} INFO - DAG(s) 'gold_layer_aggregation' retrieved from /opt/airflow/dags/gold_dag.py
[2025-10-21T19:09:32.962+0000] {logging_mixin.py:188} INFO - [2025-10-21T19:09:32.962+0000] {dag.py:3096} INFO - Sync 1 DAGs
[2025-10-21T19:09:32.981+0000] {logging_mixin.py:188} INFO - [2025-10-21T19:09:32.981+0000] {dag.py:3954} INFO - Setting next_dagrun for gold_layer_aggregation to 2025-10-19 20:00:00+00:00, run_after=2025-10-20 20:00:00+00:00
[2025-10-21T19:09:32.997+0000] {processor.py:183} INFO - Processing /opt/airflow/dags/gold_dag.py took 0.084 seconds
[2025-10-21T19:10:25.599+0000] {processor.py:161} INFO - Started process (PID=68) to work on /opt/airflow/dags/gold_dag.py
[2025-10-21T19:10:25.600+0000] {processor.py:830} INFO - Processing file /opt/airflow/dags/gold_dag.py for tasks to queue
[2025-10-21T19:10:25.602+0000] {logging_mixin.py:188} INFO - [2025-10-21T19:10:25.601+0000] {dagbag.py:540} INFO - Filling up the DagBag from /opt/airflow/dags/gold_dag.py
[2025-10-21T19:10:25.620+0000] {processor.py:840} INFO - DAG(s) 'gold_layer_aggregation' retrieved from /opt/airflow/dags/gold_dag.py
[2025-10-21T19:10:25.637+0000] {logging_mixin.py:188} INFO - [2025-10-21T19:10:25.637+0000] {dag.py:3096} INFO - Sync 1 DAGs
[2025-10-21T19:10:25.654+0000] {logging_mixin.py:188} INFO - [2025-10-21T19:10:25.654+0000] {dag.py:3954} INFO - Setting next_dagrun for gold_layer_aggregation to 2025-10-19 20:00:00+00:00, run_after=2025-10-20 20:00:00+00:00
[2025-10-21T19:10:25.669+0000] {processor.py:183} INFO - Processing /opt/airflow/dags/gold_dag.py took 0.076 seconds
[2025-10-21T19:10:55.873+0000] {processor.py:161} INFO - Started process (PID=71) to work on /opt/airflow/dags/gold_dag.py
[2025-10-21T19:10:55.874+0000] {processor.py:830} INFO - Processing file /opt/airflow/dags/gold_dag.py for tasks to queue
[2025-10-21T19:10:55.876+0000] {logging_mixin.py:188} INFO - [2025-10-21T19:10:55.876+0000] {dagbag.py:540} INFO - Filling up the DagBag from /opt/airflow/dags/gold_dag.py
[2025-10-21T19:10:55.892+0000] {processor.py:840} INFO - DAG(s) 'gold_layer_aggregation' retrieved from /opt/airflow/dags/gold_dag.py
[2025-10-21T19:10:55.910+0000] {logging_mixin.py:188} INFO - [2025-10-21T19:10:55.910+0000] {dag.py:3096} INFO - Sync 1 DAGs
[2025-10-21T19:10:55.926+0000] {logging_mixin.py:188} INFO - [2025-10-21T19:10:55.926+0000] {dag.py:3954} INFO - Setting next_dagrun for gold_layer_aggregation to 2025-10-19 20:00:00+00:00, run_after=2025-10-20 20:00:00+00:00
[2025-10-21T19:10:55.941+0000] {processor.py:183} INFO - Processing /opt/airflow/dags/gold_dag.py took 0.073 seconds
[2025-10-21T19:11:26.001+0000] {processor.py:161} INFO - Started process (PID=74) to work on /opt/airflow/dags/gold_dag.py
[2025-10-21T19:11:26.002+0000] {processor.py:830} INFO - Processing file /opt/airflow/dags/gold_dag.py for tasks to queue
[2025-10-21T19:11:26.004+0000] {logging_mixin.py:188} INFO - [2025-10-21T19:11:26.003+0000] {dagbag.py:540} INFO - Filling up the DagBag from /opt/airflow/dags/gold_dag.py
[2025-10-21T19:11:26.020+0000] {processor.py:840} INFO - DAG(s) 'gold_layer_aggregation' retrieved from /opt/airflow/dags/gold_dag.py
[2025-10-21T19:11:26.037+0000] {logging_mixin.py:188} INFO - [2025-10-21T19:11:26.037+0000] {dag.py:3096} INFO - Sync 1 DAGs
[2025-10-21T19:11:26.053+0000] {logging_mixin.py:188} INFO - [2025-10-21T19:11:26.053+0000] {dag.py:3954} INFO - Setting next_dagrun for gold_layer_aggregation to 2025-10-19 20:00:00+00:00, run_after=2025-10-20 20:00:00+00:00
[2025-10-21T19:11:26.070+0000] {processor.py:183} INFO - Processing /opt/airflow/dags/gold_dag.py took 0.074 seconds
[2025-10-21T19:11:56.938+0000] {processor.py:161} INFO - Started process (PID=77) to work on /opt/airflow/dags/gold_dag.py
[2025-10-21T19:11:56.939+0000] {processor.py:830} INFO - Processing file /opt/airflow/dags/gold_dag.py for tasks to queue
[2025-10-21T19:11:56.941+0000] {logging_mixin.py:188} INFO - [2025-10-21T19:11:56.941+0000] {dagbag.py:540} INFO - Filling up the DagBag from /opt/airflow/dags/gold_dag.py
[2025-10-21T19:11:56.959+0000] {processor.py:840} INFO - DAG(s) 'gold_layer_aggregation' retrieved from /opt/airflow/dags/gold_dag.py
[2025-10-21T19:11:56.979+0000] {logging_mixin.py:188} INFO - [2025-10-21T19:11:56.979+0000] {dag.py:3096} INFO - Sync 1 DAGs
[2025-10-21T19:11:56.996+0000] {logging_mixin.py:188} INFO - [2025-10-21T19:11:56.996+0000] {dag.py:3954} INFO - Setting next_dagrun for gold_layer_aggregation to 2025-10-19 20:00:00+00:00, run_after=2025-10-20 20:00:00+00:00
[2025-10-21T19:11:57.010+0000] {processor.py:183} INFO - Processing /opt/airflow/dags/gold_dag.py took 0.076 seconds
[2025-10-21T19:12:27.704+0000] {processor.py:161} INFO - Started process (PID=80) to work on /opt/airflow/dags/gold_dag.py
[2025-10-21T19:12:27.704+0000] {processor.py:830} INFO - Processing file /opt/airflow/dags/gold_dag.py for tasks to queue
[2025-10-21T19:12:27.706+0000] {logging_mixin.py:188} INFO - [2025-10-21T19:12:27.706+0000] {dagbag.py:540} INFO - Filling up the DagBag from /opt/airflow/dags/gold_dag.py
[2025-10-21T19:12:27.724+0000] {processor.py:840} INFO - DAG(s) 'gold_layer_aggregation' retrieved from /opt/airflow/dags/gold_dag.py
[2025-10-21T19:12:27.743+0000] {logging_mixin.py:188} INFO - [2025-10-21T19:12:27.743+0000] {dag.py:3096} INFO - Sync 1 DAGs
[2025-10-21T19:12:27.761+0000] {logging_mixin.py:188} INFO - [2025-10-21T19:12:27.761+0000] {dag.py:3954} INFO - Setting next_dagrun for gold_layer_aggregation to 2025-10-19 20:00:00+00:00, run_after=2025-10-20 20:00:00+00:00
[2025-10-21T19:12:27.776+0000] {processor.py:183} INFO - Processing /opt/airflow/dags/gold_dag.py took 0.078 seconds
[2025-10-21T19:26:45.000+0000] {processor.py:161} INFO - Started process (PID=87) to work on /opt/airflow/dags/gold_dag.py
[2025-10-21T19:26:45.001+0000] {processor.py:830} INFO - Processing file /opt/airflow/dags/gold_dag.py for tasks to queue
[2025-10-21T19:26:45.011+0000] {logging_mixin.py:188} INFO - [2025-10-21T19:26:45.010+0000] {dagbag.py:540} INFO - Filling up the DagBag from /opt/airflow/dags/gold_dag.py
[2025-10-21T19:26:45.028+0000] {processor.py:840} INFO - DAG(s) 'gold_layer_aggregation' retrieved from /opt/airflow/dags/gold_dag.py
[2025-10-21T19:26:45.248+0000] {logging_mixin.py:188} INFO - [2025-10-21T19:26:45.248+0000] {dag.py:3096} INFO - Sync 1 DAGs
[2025-10-21T19:26:45.264+0000] {logging_mixin.py:188} INFO - [2025-10-21T19:26:45.264+0000] {dag.py:3954} INFO - Setting next_dagrun for gold_layer_aggregation to 2025-10-19 20:00:00+00:00, run_after=2025-10-20 20:00:00+00:00
[2025-10-21T19:26:45.285+0000] {processor.py:183} INFO - Processing /opt/airflow/dags/gold_dag.py took 0.292 seconds
[2025-10-21T19:27:15.440+0000] {processor.py:161} INFO - Started process (PID=96) to work on /opt/airflow/dags/gold_dag.py
[2025-10-21T19:27:15.441+0000] {processor.py:830} INFO - Processing file /opt/airflow/dags/gold_dag.py for tasks to queue
[2025-10-21T19:27:15.443+0000] {logging_mixin.py:188} INFO - [2025-10-21T19:27:15.443+0000] {dagbag.py:540} INFO - Filling up the DagBag from /opt/airflow/dags/gold_dag.py
[2025-10-21T19:27:15.458+0000] {processor.py:840} INFO - DAG(s) 'gold_layer_aggregation' retrieved from /opt/airflow/dags/gold_dag.py
[2025-10-21T19:27:15.475+0000] {logging_mixin.py:188} INFO - [2025-10-21T19:27:15.474+0000] {dag.py:3096} INFO - Sync 1 DAGs
[2025-10-21T19:27:15.492+0000] {logging_mixin.py:188} INFO - [2025-10-21T19:27:15.492+0000] {dag.py:3954} INFO - Setting next_dagrun for gold_layer_aggregation to 2025-10-19 20:00:00+00:00, run_after=2025-10-20 20:00:00+00:00
[2025-10-21T19:27:15.506+0000] {processor.py:183} INFO - Processing /opt/airflow/dags/gold_dag.py took 0.071 seconds
[2025-10-21T19:28:13.623+0000] {processor.py:161} INFO - Started process (PID=103) to work on /opt/airflow/dags/gold_dag.py
[2025-10-21T19:28:13.624+0000] {processor.py:830} INFO - Processing file /opt/airflow/dags/gold_dag.py for tasks to queue
[2025-10-21T19:28:13.625+0000] {logging_mixin.py:188} INFO - [2025-10-21T19:28:13.625+0000] {dagbag.py:540} INFO - Filling up the DagBag from /opt/airflow/dags/gold_dag.py
[2025-10-21T19:28:13.642+0000] {processor.py:840} INFO - DAG(s) 'gold_layer_aggregation' retrieved from /opt/airflow/dags/gold_dag.py
[2025-10-21T19:28:13.661+0000] {logging_mixin.py:188} INFO - [2025-10-21T19:28:13.661+0000] {dag.py:3096} INFO - Sync 1 DAGs
[2025-10-21T19:28:13.680+0000] {logging_mixin.py:188} INFO - [2025-10-21T19:28:13.680+0000] {dag.py:3954} INFO - Setting next_dagrun for gold_layer_aggregation to 2025-10-19 20:00:00+00:00, run_after=2025-10-20 20:00:00+00:00
[2025-10-21T19:28:13.697+0000] {processor.py:183} INFO - Processing /opt/airflow/dags/gold_dag.py took 0.079 seconds
[2025-10-21T19:28:43.899+0000] {processor.py:161} INFO - Started process (PID=106) to work on /opt/airflow/dags/gold_dag.py
[2025-10-21T19:28:43.900+0000] {processor.py:830} INFO - Processing file /opt/airflow/dags/gold_dag.py for tasks to queue
[2025-10-21T19:28:43.902+0000] {logging_mixin.py:188} INFO - [2025-10-21T19:28:43.902+0000] {dagbag.py:540} INFO - Filling up the DagBag from /opt/airflow/dags/gold_dag.py
[2025-10-21T19:28:43.921+0000] {processor.py:840} INFO - DAG(s) 'gold_layer_aggregation' retrieved from /opt/airflow/dags/gold_dag.py
[2025-10-21T19:28:43.938+0000] {logging_mixin.py:188} INFO - [2025-10-21T19:28:43.938+0000] {dag.py:3096} INFO - Sync 1 DAGs
[2025-10-21T19:28:43.953+0000] {logging_mixin.py:188} INFO - [2025-10-21T19:28:43.953+0000] {dag.py:3954} INFO - Setting next_dagrun for gold_layer_aggregation to 2025-10-19 20:00:00+00:00, run_after=2025-10-20 20:00:00+00:00
[2025-10-21T19:28:43.966+0000] {processor.py:183} INFO - Processing /opt/airflow/dags/gold_dag.py took 0.072 seconds
[2025-10-21T19:29:14.273+0000] {processor.py:161} INFO - Started process (PID=109) to work on /opt/airflow/dags/gold_dag.py
[2025-10-21T19:29:14.274+0000] {processor.py:830} INFO - Processing file /opt/airflow/dags/gold_dag.py for tasks to queue
[2025-10-21T19:29:14.276+0000] {logging_mixin.py:188} INFO - [2025-10-21T19:29:14.276+0000] {dagbag.py:540} INFO - Filling up the DagBag from /opt/airflow/dags/gold_dag.py
[2025-10-21T19:29:14.294+0000] {processor.py:840} INFO - DAG(s) 'gold_layer_aggregation' retrieved from /opt/airflow/dags/gold_dag.py
[2025-10-21T19:29:14.312+0000] {logging_mixin.py:188} INFO - [2025-10-21T19:29:14.312+0000] {dag.py:3096} INFO - Sync 1 DAGs
[2025-10-21T19:29:14.329+0000] {logging_mixin.py:188} INFO - [2025-10-21T19:29:14.328+0000] {dag.py:3954} INFO - Setting next_dagrun for gold_layer_aggregation to 2025-10-19 20:00:00+00:00, run_after=2025-10-20 20:00:00+00:00
[2025-10-21T19:29:14.345+0000] {processor.py:183} INFO - Processing /opt/airflow/dags/gold_dag.py took 0.076 seconds
[2025-10-21T19:29:44.541+0000] {processor.py:161} INFO - Started process (PID=112) to work on /opt/airflow/dags/gold_dag.py
[2025-10-21T19:29:44.542+0000] {processor.py:830} INFO - Processing file /opt/airflow/dags/gold_dag.py for tasks to queue
[2025-10-21T19:29:44.544+0000] {logging_mixin.py:188} INFO - [2025-10-21T19:29:44.544+0000] {dagbag.py:540} INFO - Filling up the DagBag from /opt/airflow/dags/gold_dag.py
[2025-10-21T19:29:44.561+0000] {processor.py:840} INFO - DAG(s) 'gold_layer_aggregation' retrieved from /opt/airflow/dags/gold_dag.py
[2025-10-21T19:29:44.577+0000] {logging_mixin.py:188} INFO - [2025-10-21T19:29:44.577+0000] {dag.py:3096} INFO - Sync 1 DAGs
[2025-10-21T19:29:44.593+0000] {logging_mixin.py:188} INFO - [2025-10-21T19:29:44.593+0000] {dag.py:3954} INFO - Setting next_dagrun for gold_layer_aggregation to 2025-10-19 20:00:00+00:00, run_after=2025-10-20 20:00:00+00:00
[2025-10-21T19:29:44.608+0000] {processor.py:183} INFO - Processing /opt/airflow/dags/gold_dag.py took 0.072 seconds
[2025-10-21T19:30:46.231+0000] {processor.py:161} INFO - Started process (PID=115) to work on /opt/airflow/dags/gold_dag.py
[2025-10-21T19:30:46.232+0000] {processor.py:830} INFO - Processing file /opt/airflow/dags/gold_dag.py for tasks to queue
[2025-10-21T19:30:46.233+0000] {logging_mixin.py:188} INFO - [2025-10-21T19:30:46.233+0000] {dagbag.py:540} INFO - Filling up the DagBag from /opt/airflow/dags/gold_dag.py
[2025-10-21T19:30:46.251+0000] {processor.py:840} INFO - DAG(s) 'gold_layer_aggregation' retrieved from /opt/airflow/dags/gold_dag.py
[2025-10-21T19:30:46.268+0000] {logging_mixin.py:188} INFO - [2025-10-21T19:30:46.268+0000] {dag.py:3096} INFO - Sync 1 DAGs
[2025-10-21T19:30:46.284+0000] {logging_mixin.py:188} INFO - [2025-10-21T19:30:46.284+0000] {dag.py:3954} INFO - Setting next_dagrun for gold_layer_aggregation to 2025-10-19 20:00:00+00:00, run_after=2025-10-20 20:00:00+00:00
[2025-10-21T19:30:46.298+0000] {processor.py:183} INFO - Processing /opt/airflow/dags/gold_dag.py took 0.073 seconds
[2025-10-21T19:31:16.688+0000] {processor.py:161} INFO - Started process (PID=118) to work on /opt/airflow/dags/gold_dag.py
[2025-10-21T19:31:16.689+0000] {processor.py:830} INFO - Processing file /opt/airflow/dags/gold_dag.py for tasks to queue
[2025-10-21T19:31:16.690+0000] {logging_mixin.py:188} INFO - [2025-10-21T19:31:16.690+0000] {dagbag.py:540} INFO - Filling up the DagBag from /opt/airflow/dags/gold_dag.py
[2025-10-21T19:31:16.707+0000] {processor.py:840} INFO - DAG(s) 'gold_layer_aggregation' retrieved from /opt/airflow/dags/gold_dag.py
[2025-10-21T19:31:16.723+0000] {logging_mixin.py:188} INFO - [2025-10-21T19:31:16.723+0000] {dag.py:3096} INFO - Sync 1 DAGs
[2025-10-21T19:31:16.740+0000] {logging_mixin.py:188} INFO - [2025-10-21T19:31:16.740+0000] {dag.py:3954} INFO - Setting next_dagrun for gold_layer_aggregation to 2025-10-19 20:00:00+00:00, run_after=2025-10-20 20:00:00+00:00
[2025-10-21T19:31:16.755+0000] {processor.py:183} INFO - Processing /opt/airflow/dags/gold_dag.py took 0.073 seconds
[2025-10-21T19:31:47.707+0000] {processor.py:161} INFO - Started process (PID=121) to work on /opt/airflow/dags/gold_dag.py
[2025-10-21T19:31:47.708+0000] {processor.py:830} INFO - Processing file /opt/airflow/dags/gold_dag.py for tasks to queue
[2025-10-21T19:31:47.710+0000] {logging_mixin.py:188} INFO - [2025-10-21T19:31:47.709+0000] {dagbag.py:540} INFO - Filling up the DagBag from /opt/airflow/dags/gold_dag.py
[2025-10-21T19:31:47.726+0000] {processor.py:840} INFO - DAG(s) 'gold_layer_aggregation' retrieved from /opt/airflow/dags/gold_dag.py
[2025-10-21T19:31:47.744+0000] {logging_mixin.py:188} INFO - [2025-10-21T19:31:47.744+0000] {dag.py:3096} INFO - Sync 1 DAGs
[2025-10-21T19:31:47.760+0000] {logging_mixin.py:188} INFO - [2025-10-21T19:31:47.759+0000] {dag.py:3954} INFO - Setting next_dagrun for gold_layer_aggregation to 2025-10-19 20:00:00+00:00, run_after=2025-10-20 20:00:00+00:00
[2025-10-21T19:31:47.773+0000] {processor.py:183} INFO - Processing /opt/airflow/dags/gold_dag.py took 0.071 seconds
[2025-10-21T19:32:18.556+0000] {processor.py:161} INFO - Started process (PID=124) to work on /opt/airflow/dags/gold_dag.py
[2025-10-21T19:32:18.557+0000] {processor.py:830} INFO - Processing file /opt/airflow/dags/gold_dag.py for tasks to queue
[2025-10-21T19:32:18.559+0000] {logging_mixin.py:188} INFO - [2025-10-21T19:32:18.558+0000] {dagbag.py:540} INFO - Filling up the DagBag from /opt/airflow/dags/gold_dag.py
[2025-10-21T19:32:18.574+0000] {processor.py:840} INFO - DAG(s) 'gold_layer_aggregation' retrieved from /opt/airflow/dags/gold_dag.py
[2025-10-21T19:32:18.589+0000] {logging_mixin.py:188} INFO - [2025-10-21T19:32:18.589+0000] {dag.py:3096} INFO - Sync 1 DAGs
[2025-10-21T19:32:18.603+0000] {logging_mixin.py:188} INFO - [2025-10-21T19:32:18.603+0000] {dag.py:3954} INFO - Setting next_dagrun for gold_layer_aggregation to 2025-10-19 20:00:00+00:00, run_after=2025-10-20 20:00:00+00:00
[2025-10-21T19:32:18.616+0000] {processor.py:183} INFO - Processing /opt/airflow/dags/gold_dag.py took 0.065 seconds
[2025-10-21T19:32:49.492+0000] {processor.py:161} INFO - Started process (PID=127) to work on /opt/airflow/dags/gold_dag.py
[2025-10-21T19:32:49.492+0000] {processor.py:830} INFO - Processing file /opt/airflow/dags/gold_dag.py for tasks to queue
[2025-10-21T19:32:49.494+0000] {logging_mixin.py:188} INFO - [2025-10-21T19:32:49.494+0000] {dagbag.py:540} INFO - Filling up the DagBag from /opt/airflow/dags/gold_dag.py
[2025-10-21T19:32:49.511+0000] {processor.py:840} INFO - DAG(s) 'gold_layer_aggregation' retrieved from /opt/airflow/dags/gold_dag.py
[2025-10-21T19:32:49.527+0000] {logging_mixin.py:188} INFO - [2025-10-21T19:32:49.527+0000] {dag.py:3096} INFO - Sync 1 DAGs
[2025-10-21T19:32:49.543+0000] {logging_mixin.py:188} INFO - [2025-10-21T19:32:49.543+0000] {dag.py:3954} INFO - Setting next_dagrun for gold_layer_aggregation to 2025-10-19 20:00:00+00:00, run_after=2025-10-20 20:00:00+00:00
[2025-10-21T19:32:49.557+0000] {processor.py:183} INFO - Processing /opt/airflow/dags/gold_dag.py took 0.071 seconds
[2025-10-21T19:33:19.706+0000] {processor.py:161} INFO - Started process (PID=130) to work on /opt/airflow/dags/gold_dag.py
[2025-10-21T19:33:19.707+0000] {processor.py:830} INFO - Processing file /opt/airflow/dags/gold_dag.py for tasks to queue
[2025-10-21T19:33:19.709+0000] {logging_mixin.py:188} INFO - [2025-10-21T19:33:19.708+0000] {dagbag.py:540} INFO - Filling up the DagBag from /opt/airflow/dags/gold_dag.py
[2025-10-21T19:33:19.724+0000] {processor.py:840} INFO - DAG(s) 'gold_layer_aggregation' retrieved from /opt/airflow/dags/gold_dag.py
[2025-10-21T19:33:19.739+0000] {logging_mixin.py:188} INFO - [2025-10-21T19:33:19.739+0000] {dag.py:3096} INFO - Sync 1 DAGs
[2025-10-21T19:33:19.755+0000] {logging_mixin.py:188} INFO - [2025-10-21T19:33:19.755+0000] {dag.py:3954} INFO - Setting next_dagrun for gold_layer_aggregation to 2025-10-19 20:00:00+00:00, run_after=2025-10-20 20:00:00+00:00
[2025-10-21T19:33:19.769+0000] {processor.py:183} INFO - Processing /opt/airflow/dags/gold_dag.py took 0.068 seconds
[2025-10-21T19:33:50.394+0000] {processor.py:161} INFO - Started process (PID=133) to work on /opt/airflow/dags/gold_dag.py
[2025-10-21T19:33:50.395+0000] {processor.py:830} INFO - Processing file /opt/airflow/dags/gold_dag.py for tasks to queue
[2025-10-21T19:33:50.396+0000] {logging_mixin.py:188} INFO - [2025-10-21T19:33:50.396+0000] {dagbag.py:540} INFO - Filling up the DagBag from /opt/airflow/dags/gold_dag.py
[2025-10-21T19:33:50.412+0000] {processor.py:840} INFO - DAG(s) 'gold_layer_aggregation' retrieved from /opt/airflow/dags/gold_dag.py
[2025-10-21T19:33:50.428+0000] {logging_mixin.py:188} INFO - [2025-10-21T19:33:50.428+0000] {dag.py:3096} INFO - Sync 1 DAGs
[2025-10-21T19:33:50.445+0000] {logging_mixin.py:188} INFO - [2025-10-21T19:33:50.445+0000] {dag.py:3954} INFO - Setting next_dagrun for gold_layer_aggregation to 2025-10-19 20:00:00+00:00, run_after=2025-10-20 20:00:00+00:00
[2025-10-21T19:33:50.460+0000] {processor.py:183} INFO - Processing /opt/airflow/dags/gold_dag.py took 0.070 seconds
[2025-10-21T19:34:20.659+0000] {processor.py:161} INFO - Started process (PID=136) to work on /opt/airflow/dags/gold_dag.py
[2025-10-21T19:34:20.660+0000] {processor.py:830} INFO - Processing file /opt/airflow/dags/gold_dag.py for tasks to queue
[2025-10-21T19:34:20.662+0000] {logging_mixin.py:188} INFO - [2025-10-21T19:34:20.662+0000] {dagbag.py:540} INFO - Filling up the DagBag from /opt/airflow/dags/gold_dag.py
[2025-10-21T19:34:20.681+0000] {processor.py:840} INFO - DAG(s) 'gold_layer_aggregation' retrieved from /opt/airflow/dags/gold_dag.py
[2025-10-21T19:34:20.704+0000] {logging_mixin.py:188} INFO - [2025-10-21T19:34:20.703+0000] {dag.py:3096} INFO - Sync 1 DAGs
[2025-10-21T19:34:20.727+0000] {logging_mixin.py:188} INFO - [2025-10-21T19:34:20.726+0000] {dag.py:3954} INFO - Setting next_dagrun for gold_layer_aggregation to 2025-10-19 20:00:00+00:00, run_after=2025-10-20 20:00:00+00:00
[2025-10-21T19:34:20.745+0000] {processor.py:183} INFO - Processing /opt/airflow/dags/gold_dag.py took 0.092 seconds
[2025-10-21T19:35:06.309+0000] {processor.py:161} INFO - Started process (PID=139) to work on /opt/airflow/dags/gold_dag.py
[2025-10-21T19:35:06.310+0000] {processor.py:830} INFO - Processing file /opt/airflow/dags/gold_dag.py for tasks to queue
[2025-10-21T19:35:06.312+0000] {logging_mixin.py:188} INFO - [2025-10-21T19:35:06.312+0000] {dagbag.py:540} INFO - Filling up the DagBag from /opt/airflow/dags/gold_dag.py
[2025-10-21T19:35:06.327+0000] {processor.py:840} INFO - DAG(s) 'gold_layer_aggregation' retrieved from /opt/airflow/dags/gold_dag.py
[2025-10-21T19:35:06.345+0000] {logging_mixin.py:188} INFO - [2025-10-21T19:35:06.345+0000] {dag.py:3096} INFO - Sync 1 DAGs
[2025-10-21T19:35:06.362+0000] {logging_mixin.py:188} INFO - [2025-10-21T19:35:06.362+0000] {dag.py:3954} INFO - Setting next_dagrun for gold_layer_aggregation to 2025-10-19 20:00:00+00:00, run_after=2025-10-20 20:00:00+00:00
[2025-10-21T19:35:06.377+0000] {processor.py:183} INFO - Processing /opt/airflow/dags/gold_dag.py took 0.073 seconds
[2025-10-21T19:35:36.568+0000] {processor.py:161} INFO - Started process (PID=142) to work on /opt/airflow/dags/gold_dag.py
[2025-10-21T19:35:36.568+0000] {processor.py:830} INFO - Processing file /opt/airflow/dags/gold_dag.py for tasks to queue
[2025-10-21T19:35:36.570+0000] {logging_mixin.py:188} INFO - [2025-10-21T19:35:36.570+0000] {dagbag.py:540} INFO - Filling up the DagBag from /opt/airflow/dags/gold_dag.py
[2025-10-21T19:35:36.584+0000] {processor.py:840} INFO - DAG(s) 'gold_layer_aggregation' retrieved from /opt/airflow/dags/gold_dag.py
[2025-10-21T19:35:36.600+0000] {logging_mixin.py:188} INFO - [2025-10-21T19:35:36.600+0000] {dag.py:3096} INFO - Sync 1 DAGs
[2025-10-21T19:35:36.616+0000] {logging_mixin.py:188} INFO - [2025-10-21T19:35:36.616+0000] {dag.py:3954} INFO - Setting next_dagrun for gold_layer_aggregation to 2025-10-19 20:00:00+00:00, run_after=2025-10-20 20:00:00+00:00
[2025-10-21T19:35:36.629+0000] {processor.py:183} INFO - Processing /opt/airflow/dags/gold_dag.py took 0.066 seconds
[2025-10-21T19:36:07.510+0000] {processor.py:161} INFO - Started process (PID=145) to work on /opt/airflow/dags/gold_dag.py
[2025-10-21T19:36:07.510+0000] {processor.py:830} INFO - Processing file /opt/airflow/dags/gold_dag.py for tasks to queue
[2025-10-21T19:36:07.512+0000] {logging_mixin.py:188} INFO - [2025-10-21T19:36:07.512+0000] {dagbag.py:540} INFO - Filling up the DagBag from /opt/airflow/dags/gold_dag.py
[2025-10-21T19:36:07.528+0000] {processor.py:840} INFO - DAG(s) 'gold_layer_aggregation' retrieved from /opt/airflow/dags/gold_dag.py
[2025-10-21T19:36:07.544+0000] {logging_mixin.py:188} INFO - [2025-10-21T19:36:07.544+0000] {dag.py:3096} INFO - Sync 1 DAGs
[2025-10-21T19:36:07.561+0000] {logging_mixin.py:188} INFO - [2025-10-21T19:36:07.561+0000] {dag.py:3954} INFO - Setting next_dagrun for gold_layer_aggregation to 2025-10-19 20:00:00+00:00, run_after=2025-10-20 20:00:00+00:00
[2025-10-21T19:36:07.576+0000] {processor.py:183} INFO - Processing /opt/airflow/dags/gold_dag.py took 0.071 seconds
[2025-10-21T19:36:37.800+0000] {processor.py:161} INFO - Started process (PID=148) to work on /opt/airflow/dags/gold_dag.py
[2025-10-21T19:36:37.801+0000] {processor.py:830} INFO - Processing file /opt/airflow/dags/gold_dag.py for tasks to queue
[2025-10-21T19:36:37.802+0000] {logging_mixin.py:188} INFO - [2025-10-21T19:36:37.802+0000] {dagbag.py:540} INFO - Filling up the DagBag from /opt/airflow/dags/gold_dag.py
[2025-10-21T19:36:37.816+0000] {processor.py:840} INFO - DAG(s) 'gold_layer_aggregation' retrieved from /opt/airflow/dags/gold_dag.py
[2025-10-21T19:36:37.833+0000] {logging_mixin.py:188} INFO - [2025-10-21T19:36:37.833+0000] {dag.py:3096} INFO - Sync 1 DAGs
[2025-10-21T19:36:37.849+0000] {logging_mixin.py:188} INFO - [2025-10-21T19:36:37.848+0000] {dag.py:3954} INFO - Setting next_dagrun for gold_layer_aggregation to 2025-10-19 20:00:00+00:00, run_after=2025-10-20 20:00:00+00:00
[2025-10-21T19:36:37.862+0000] {processor.py:183} INFO - Processing /opt/airflow/dags/gold_dag.py took 0.067 seconds
[2025-10-21T19:37:37.782+0000] {processor.py:161} INFO - Started process (PID=151) to work on /opt/airflow/dags/gold_dag.py
[2025-10-21T19:37:37.783+0000] {processor.py:830} INFO - Processing file /opt/airflow/dags/gold_dag.py for tasks to queue
[2025-10-21T19:37:37.785+0000] {logging_mixin.py:188} INFO - [2025-10-21T19:37:37.784+0000] {dagbag.py:540} INFO - Filling up the DagBag from /opt/airflow/dags/gold_dag.py
[2025-10-21T19:37:37.800+0000] {processor.py:840} INFO - DAG(s) 'gold_layer_aggregation' retrieved from /opt/airflow/dags/gold_dag.py
[2025-10-21T19:37:37.817+0000] {logging_mixin.py:188} INFO - [2025-10-21T19:37:37.816+0000] {dag.py:3096} INFO - Sync 1 DAGs
[2025-10-21T19:37:37.834+0000] {logging_mixin.py:188} INFO - [2025-10-21T19:37:37.834+0000] {dag.py:3954} INFO - Setting next_dagrun for gold_layer_aggregation to 2025-10-19 20:00:00+00:00, run_after=2025-10-20 20:00:00+00:00
[2025-10-21T19:37:37.853+0000] {processor.py:183} INFO - Processing /opt/airflow/dags/gold_dag.py took 0.076 seconds
[2025-10-21T19:38:27.147+0000] {processor.py:161} INFO - Started process (PID=154) to work on /opt/airflow/dags/gold_dag.py
[2025-10-21T19:38:27.148+0000] {processor.py:830} INFO - Processing file /opt/airflow/dags/gold_dag.py for tasks to queue
[2025-10-21T19:38:27.149+0000] {logging_mixin.py:188} INFO - [2025-10-21T19:38:27.149+0000] {dagbag.py:540} INFO - Filling up the DagBag from /opt/airflow/dags/gold_dag.py
[2025-10-21T19:38:27.165+0000] {processor.py:840} INFO - DAG(s) 'gold_layer_aggregation' retrieved from /opt/airflow/dags/gold_dag.py
[2025-10-21T19:38:27.182+0000] {logging_mixin.py:188} INFO - [2025-10-21T19:38:27.182+0000] {dag.py:3096} INFO - Sync 1 DAGs
[2025-10-21T19:38:27.199+0000] {logging_mixin.py:188} INFO - [2025-10-21T19:38:27.199+0000] {dag.py:3954} INFO - Setting next_dagrun for gold_layer_aggregation to 2025-10-19 20:00:00+00:00, run_after=2025-10-20 20:00:00+00:00
[2025-10-21T19:38:27.213+0000] {processor.py:183} INFO - Processing /opt/airflow/dags/gold_dag.py took 0.070 seconds
[2025-10-21T19:38:57.413+0000] {processor.py:161} INFO - Started process (PID=157) to work on /opt/airflow/dags/gold_dag.py
[2025-10-21T19:38:57.414+0000] {processor.py:830} INFO - Processing file /opt/airflow/dags/gold_dag.py for tasks to queue
[2025-10-21T19:38:57.416+0000] {logging_mixin.py:188} INFO - [2025-10-21T19:38:57.416+0000] {dagbag.py:540} INFO - Filling up the DagBag from /opt/airflow/dags/gold_dag.py
[2025-10-21T19:38:57.433+0000] {processor.py:840} INFO - DAG(s) 'gold_layer_aggregation' retrieved from /opt/airflow/dags/gold_dag.py
[2025-10-21T19:38:57.451+0000] {logging_mixin.py:188} INFO - [2025-10-21T19:38:57.451+0000] {dag.py:3096} INFO - Sync 1 DAGs
[2025-10-21T19:38:57.468+0000] {logging_mixin.py:188} INFO - [2025-10-21T19:38:57.467+0000] {dag.py:3954} INFO - Setting next_dagrun for gold_layer_aggregation to 2025-10-19 20:00:00+00:00, run_after=2025-10-20 20:00:00+00:00
[2025-10-21T19:38:57.482+0000] {processor.py:183} INFO - Processing /opt/airflow/dags/gold_dag.py took 0.074 seconds
[2025-10-21T19:39:27.549+0000] {processor.py:161} INFO - Started process (PID=160) to work on /opt/airflow/dags/gold_dag.py
[2025-10-21T19:39:27.550+0000] {processor.py:830} INFO - Processing file /opt/airflow/dags/gold_dag.py for tasks to queue
[2025-10-21T19:39:27.552+0000] {logging_mixin.py:188} INFO - [2025-10-21T19:39:27.551+0000] {dagbag.py:540} INFO - Filling up the DagBag from /opt/airflow/dags/gold_dag.py
[2025-10-21T19:39:27.568+0000] {processor.py:840} INFO - DAG(s) 'gold_layer_aggregation' retrieved from /opt/airflow/dags/gold_dag.py
[2025-10-21T19:39:27.586+0000] {logging_mixin.py:188} INFO - [2025-10-21T19:39:27.586+0000] {dag.py:3096} INFO - Sync 1 DAGs
[2025-10-21T19:39:27.604+0000] {logging_mixin.py:188} INFO - [2025-10-21T19:39:27.604+0000] {dag.py:3954} INFO - Setting next_dagrun for gold_layer_aggregation to 2025-10-19 20:00:00+00:00, run_after=2025-10-20 20:00:00+00:00
[2025-10-21T19:39:27.619+0000] {processor.py:183} INFO - Processing /opt/airflow/dags/gold_dag.py took 0.074 seconds
[2025-10-21T19:39:58.217+0000] {processor.py:161} INFO - Started process (PID=163) to work on /opt/airflow/dags/gold_dag.py
[2025-10-21T19:39:58.217+0000] {processor.py:830} INFO - Processing file /opt/airflow/dags/gold_dag.py for tasks to queue
[2025-10-21T19:39:58.219+0000] {logging_mixin.py:188} INFO - [2025-10-21T19:39:58.219+0000] {dagbag.py:540} INFO - Filling up the DagBag from /opt/airflow/dags/gold_dag.py
[2025-10-21T19:39:58.236+0000] {processor.py:840} INFO - DAG(s) 'gold_layer_aggregation' retrieved from /opt/airflow/dags/gold_dag.py
[2025-10-21T19:39:58.254+0000] {logging_mixin.py:188} INFO - [2025-10-21T19:39:58.253+0000] {dag.py:3096} INFO - Sync 1 DAGs
[2025-10-21T19:39:58.272+0000] {logging_mixin.py:188} INFO - [2025-10-21T19:39:58.271+0000] {dag.py:3954} INFO - Setting next_dagrun for gold_layer_aggregation to 2025-10-19 20:00:00+00:00, run_after=2025-10-20 20:00:00+00:00
[2025-10-21T19:39:58.287+0000] {processor.py:183} INFO - Processing /opt/airflow/dags/gold_dag.py took 0.076 seconds
[2025-10-21T19:40:28.486+0000] {processor.py:161} INFO - Started process (PID=166) to work on /opt/airflow/dags/gold_dag.py
[2025-10-21T19:40:28.487+0000] {processor.py:830} INFO - Processing file /opt/airflow/dags/gold_dag.py for tasks to queue
[2025-10-21T19:40:28.489+0000] {logging_mixin.py:188} INFO - [2025-10-21T19:40:28.489+0000] {dagbag.py:540} INFO - Filling up the DagBag from /opt/airflow/dags/gold_dag.py
[2025-10-21T19:40:28.506+0000] {processor.py:840} INFO - DAG(s) 'gold_layer_aggregation' retrieved from /opt/airflow/dags/gold_dag.py
[2025-10-21T19:40:28.523+0000] {logging_mixin.py:188} INFO - [2025-10-21T19:40:28.523+0000] {dag.py:3096} INFO - Sync 1 DAGs
[2025-10-21T19:40:28.541+0000] {logging_mixin.py:188} INFO - [2025-10-21T19:40:28.540+0000] {dag.py:3954} INFO - Setting next_dagrun for gold_layer_aggregation to 2025-10-19 20:00:00+00:00, run_after=2025-10-20 20:00:00+00:00
[2025-10-21T19:40:28.560+0000] {processor.py:183} INFO - Processing /opt/airflow/dags/gold_dag.py took 0.079 seconds
[2025-10-21T19:41:11.162+0000] {processor.py:161} INFO - Started process (PID=169) to work on /opt/airflow/dags/gold_dag.py
[2025-10-21T19:41:11.162+0000] {processor.py:830} INFO - Processing file /opt/airflow/dags/gold_dag.py for tasks to queue
[2025-10-21T19:41:11.164+0000] {logging_mixin.py:188} INFO - [2025-10-21T19:41:11.164+0000] {dagbag.py:540} INFO - Filling up the DagBag from /opt/airflow/dags/gold_dag.py
[2025-10-21T19:41:11.181+0000] {processor.py:840} INFO - DAG(s) 'gold_layer_aggregation' retrieved from /opt/airflow/dags/gold_dag.py
[2025-10-21T19:41:11.199+0000] {logging_mixin.py:188} INFO - [2025-10-21T19:41:11.199+0000] {dag.py:3096} INFO - Sync 1 DAGs
[2025-10-21T19:41:11.217+0000] {logging_mixin.py:188} INFO - [2025-10-21T19:41:11.216+0000] {dag.py:3954} INFO - Setting next_dagrun for gold_layer_aggregation to 2025-10-19 20:00:00+00:00, run_after=2025-10-20 20:00:00+00:00
[2025-10-21T19:41:11.231+0000] {processor.py:183} INFO - Processing /opt/airflow/dags/gold_dag.py took 0.074 seconds
[2025-10-21T19:42:09.663+0000] {processor.py:161} INFO - Started process (PID=172) to work on /opt/airflow/dags/gold_dag.py
[2025-10-21T19:42:09.663+0000] {processor.py:830} INFO - Processing file /opt/airflow/dags/gold_dag.py for tasks to queue
[2025-10-21T19:42:09.665+0000] {logging_mixin.py:188} INFO - [2025-10-21T19:42:09.665+0000] {dagbag.py:540} INFO - Filling up the DagBag from /opt/airflow/dags/gold_dag.py
[2025-10-21T19:42:09.681+0000] {processor.py:840} INFO - DAG(s) 'gold_layer_aggregation' retrieved from /opt/airflow/dags/gold_dag.py
[2025-10-21T19:42:09.700+0000] {logging_mixin.py:188} INFO - [2025-10-21T19:42:09.700+0000] {dag.py:3096} INFO - Sync 1 DAGs
[2025-10-21T19:42:09.718+0000] {logging_mixin.py:188} INFO - [2025-10-21T19:42:09.718+0000] {dag.py:3954} INFO - Setting next_dagrun for gold_layer_aggregation to 2025-10-19 20:00:00+00:00, run_after=2025-10-20 20:00:00+00:00
[2025-10-21T19:42:09.732+0000] {processor.py:183} INFO - Processing /opt/airflow/dags/gold_dag.py took 0.074 seconds
[2025-10-21T19:42:40.630+0000] {processor.py:161} INFO - Started process (PID=175) to work on /opt/airflow/dags/gold_dag.py
[2025-10-21T19:42:40.630+0000] {processor.py:830} INFO - Processing file /opt/airflow/dags/gold_dag.py for tasks to queue
[2025-10-21T19:42:40.632+0000] {logging_mixin.py:188} INFO - [2025-10-21T19:42:40.632+0000] {dagbag.py:540} INFO - Filling up the DagBag from /opt/airflow/dags/gold_dag.py
[2025-10-21T19:42:40.649+0000] {processor.py:840} INFO - DAG(s) 'gold_layer_aggregation' retrieved from /opt/airflow/dags/gold_dag.py
[2025-10-21T19:42:40.667+0000] {logging_mixin.py:188} INFO - [2025-10-21T19:42:40.667+0000] {dag.py:3096} INFO - Sync 1 DAGs
[2025-10-21T19:42:40.684+0000] {logging_mixin.py:188} INFO - [2025-10-21T19:42:40.684+0000] {dag.py:3954} INFO - Setting next_dagrun for gold_layer_aggregation to 2025-10-19 20:00:00+00:00, run_after=2025-10-20 20:00:00+00:00
[2025-10-21T19:42:40.698+0000] {processor.py:183} INFO - Processing /opt/airflow/dags/gold_dag.py took 0.073 seconds
[2025-10-21T19:43:31.294+0000] {processor.py:161} INFO - Started process (PID=178) to work on /opt/airflow/dags/gold_dag.py
[2025-10-21T19:43:31.294+0000] {processor.py:830} INFO - Processing file /opt/airflow/dags/gold_dag.py for tasks to queue
[2025-10-21T19:43:31.296+0000] {logging_mixin.py:188} INFO - [2025-10-21T19:43:31.296+0000] {dagbag.py:540} INFO - Filling up the DagBag from /opt/airflow/dags/gold_dag.py
[2025-10-21T19:43:31.313+0000] {processor.py:840} INFO - DAG(s) 'gold_layer_aggregation' retrieved from /opt/airflow/dags/gold_dag.py
[2025-10-21T19:43:31.332+0000] {logging_mixin.py:188} INFO - [2025-10-21T19:43:31.331+0000] {dag.py:3096} INFO - Sync 1 DAGs
[2025-10-21T19:43:31.349+0000] {logging_mixin.py:188} INFO - [2025-10-21T19:43:31.349+0000] {dag.py:3954} INFO - Setting next_dagrun for gold_layer_aggregation to 2025-10-19 20:00:00+00:00, run_after=2025-10-20 20:00:00+00:00
[2025-10-21T19:43:31.363+0000] {processor.py:183} INFO - Processing /opt/airflow/dags/gold_dag.py took 0.074 seconds
[2025-10-21T19:44:01.543+0000] {processor.py:161} INFO - Started process (PID=181) to work on /opt/airflow/dags/gold_dag.py
[2025-10-21T19:44:01.544+0000] {processor.py:830} INFO - Processing file /opt/airflow/dags/gold_dag.py for tasks to queue
[2025-10-21T19:44:01.546+0000] {logging_mixin.py:188} INFO - [2025-10-21T19:44:01.545+0000] {dagbag.py:540} INFO - Filling up the DagBag from /opt/airflow/dags/gold_dag.py
[2025-10-21T19:44:01.561+0000] {processor.py:840} INFO - DAG(s) 'gold_layer_aggregation' retrieved from /opt/airflow/dags/gold_dag.py
[2025-10-21T19:44:01.579+0000] {logging_mixin.py:188} INFO - [2025-10-21T19:44:01.578+0000] {dag.py:3096} INFO - Sync 1 DAGs
[2025-10-21T19:44:01.594+0000] {logging_mixin.py:188} INFO - [2025-10-21T19:44:01.594+0000] {dag.py:3954} INFO - Setting next_dagrun for gold_layer_aggregation to 2025-10-19 20:00:00+00:00, run_after=2025-10-20 20:00:00+00:00
[2025-10-21T19:44:01.608+0000] {processor.py:183} INFO - Processing /opt/airflow/dags/gold_dag.py took 0.068 seconds
[2025-10-21T19:44:32.143+0000] {processor.py:161} INFO - Started process (PID=184) to work on /opt/airflow/dags/gold_dag.py
[2025-10-21T19:44:32.144+0000] {processor.py:830} INFO - Processing file /opt/airflow/dags/gold_dag.py for tasks to queue
[2025-10-21T19:44:32.146+0000] {logging_mixin.py:188} INFO - [2025-10-21T19:44:32.146+0000] {dagbag.py:540} INFO - Filling up the DagBag from /opt/airflow/dags/gold_dag.py
[2025-10-21T19:44:32.164+0000] {processor.py:840} INFO - DAG(s) 'gold_layer_aggregation' retrieved from /opt/airflow/dags/gold_dag.py
[2025-10-21T19:44:32.185+0000] {logging_mixin.py:188} INFO - [2025-10-21T19:44:32.184+0000] {dag.py:3096} INFO - Sync 1 DAGs
[2025-10-21T19:44:32.202+0000] {logging_mixin.py:188} INFO - [2025-10-21T19:44:32.202+0000] {dag.py:3954} INFO - Setting next_dagrun for gold_layer_aggregation to 2025-10-19 20:00:00+00:00, run_after=2025-10-20 20:00:00+00:00
[2025-10-21T19:44:32.217+0000] {processor.py:183} INFO - Processing /opt/airflow/dags/gold_dag.py took 0.081 seconds
[2025-10-21T19:45:11.771+0000] {processor.py:161} INFO - Started process (PID=187) to work on /opt/airflow/dags/gold_dag.py
[2025-10-21T19:45:11.772+0000] {processor.py:830} INFO - Processing file /opt/airflow/dags/gold_dag.py for tasks to queue
[2025-10-21T19:45:11.774+0000] {logging_mixin.py:188} INFO - [2025-10-21T19:45:11.774+0000] {dagbag.py:540} INFO - Filling up the DagBag from /opt/airflow/dags/gold_dag.py
[2025-10-21T19:45:11.792+0000] {processor.py:840} INFO - DAG(s) 'gold_layer_aggregation' retrieved from /opt/airflow/dags/gold_dag.py
[2025-10-21T19:45:11.812+0000] {logging_mixin.py:188} INFO - [2025-10-21T19:45:11.812+0000] {dag.py:3096} INFO - Sync 1 DAGs
[2025-10-21T19:45:11.833+0000] {logging_mixin.py:188} INFO - [2025-10-21T19:45:11.833+0000] {dag.py:3954} INFO - Setting next_dagrun for gold_layer_aggregation to 2025-10-19 20:00:00+00:00, run_after=2025-10-20 20:00:00+00:00
[2025-10-21T19:45:11.849+0000] {processor.py:183} INFO - Processing /opt/airflow/dags/gold_dag.py took 0.083 seconds
[2025-10-21T19:45:42.061+0000] {processor.py:161} INFO - Started process (PID=190) to work on /opt/airflow/dags/gold_dag.py
[2025-10-21T19:45:42.062+0000] {processor.py:830} INFO - Processing file /opt/airflow/dags/gold_dag.py for tasks to queue
[2025-10-21T19:45:42.063+0000] {logging_mixin.py:188} INFO - [2025-10-21T19:45:42.063+0000] {dagbag.py:540} INFO - Filling up the DagBag from /opt/airflow/dags/gold_dag.py
[2025-10-21T19:45:42.080+0000] {processor.py:840} INFO - DAG(s) 'gold_layer_aggregation' retrieved from /opt/airflow/dags/gold_dag.py
[2025-10-21T19:45:42.101+0000] {logging_mixin.py:188} INFO - [2025-10-21T19:45:42.101+0000] {dag.py:3096} INFO - Sync 1 DAGs
[2025-10-21T19:45:42.122+0000] {logging_mixin.py:188} INFO - [2025-10-21T19:45:42.122+0000] {dag.py:3954} INFO - Setting next_dagrun for gold_layer_aggregation to 2025-10-19 20:00:00+00:00, run_after=2025-10-20 20:00:00+00:00
[2025-10-21T19:45:42.138+0000] {processor.py:183} INFO - Processing /opt/airflow/dags/gold_dag.py took 0.083 seconds
[2025-10-21T19:46:12.685+0000] {processor.py:161} INFO - Started process (PID=193) to work on /opt/airflow/dags/gold_dag.py
[2025-10-21T19:46:12.686+0000] {processor.py:830} INFO - Processing file /opt/airflow/dags/gold_dag.py for tasks to queue
[2025-10-21T19:46:12.688+0000] {logging_mixin.py:188} INFO - [2025-10-21T19:46:12.688+0000] {dagbag.py:540} INFO - Filling up the DagBag from /opt/airflow/dags/gold_dag.py
[2025-10-21T19:46:12.707+0000] {processor.py:840} INFO - DAG(s) 'gold_layer_aggregation' retrieved from /opt/airflow/dags/gold_dag.py
[2025-10-21T19:46:12.725+0000] {logging_mixin.py:188} INFO - [2025-10-21T19:46:12.725+0000] {dag.py:3096} INFO - Sync 1 DAGs
[2025-10-21T19:46:12.750+0000] {logging_mixin.py:188} INFO - [2025-10-21T19:46:12.750+0000] {dag.py:3954} INFO - Setting next_dagrun for gold_layer_aggregation to 2025-10-19 20:00:00+00:00, run_after=2025-10-20 20:00:00+00:00
[2025-10-21T19:46:12.769+0000] {processor.py:183} INFO - Processing /opt/airflow/dags/gold_dag.py took 0.089 seconds
[2025-10-21T19:47:15.472+0000] {processor.py:161} INFO - Started process (PID=196) to work on /opt/airflow/dags/gold_dag.py
[2025-10-21T19:47:15.473+0000] {processor.py:830} INFO - Processing file /opt/airflow/dags/gold_dag.py for tasks to queue
[2025-10-21T19:47:15.475+0000] {logging_mixin.py:188} INFO - [2025-10-21T19:47:15.474+0000] {dagbag.py:540} INFO - Filling up the DagBag from /opt/airflow/dags/gold_dag.py
[2025-10-21T19:47:15.491+0000] {processor.py:840} INFO - DAG(s) 'gold_layer_aggregation' retrieved from /opt/airflow/dags/gold_dag.py
[2025-10-21T19:47:15.508+0000] {logging_mixin.py:188} INFO - [2025-10-21T19:47:15.508+0000] {dag.py:3096} INFO - Sync 1 DAGs
[2025-10-21T19:47:15.525+0000] {logging_mixin.py:188} INFO - [2025-10-21T19:47:15.525+0000] {dag.py:3954} INFO - Setting next_dagrun for gold_layer_aggregation to 2025-10-19 20:00:00+00:00, run_after=2025-10-20 20:00:00+00:00
[2025-10-21T19:47:15.540+0000] {processor.py:183} INFO - Processing /opt/airflow/dags/gold_dag.py took 0.072 seconds
[2025-10-21T19:48:01.873+0000] {processor.py:161} INFO - Started process (PID=199) to work on /opt/airflow/dags/gold_dag.py
[2025-10-21T19:48:01.873+0000] {processor.py:830} INFO - Processing file /opt/airflow/dags/gold_dag.py for tasks to queue
[2025-10-21T19:48:01.875+0000] {logging_mixin.py:188} INFO - [2025-10-21T19:48:01.875+0000] {dagbag.py:540} INFO - Filling up the DagBag from /opt/airflow/dags/gold_dag.py
[2025-10-21T19:48:01.892+0000] {processor.py:840} INFO - DAG(s) 'gold_layer_aggregation' retrieved from /opt/airflow/dags/gold_dag.py
[2025-10-21T19:48:01.910+0000] {logging_mixin.py:188} INFO - [2025-10-21T19:48:01.910+0000] {dag.py:3096} INFO - Sync 1 DAGs
[2025-10-21T19:48:01.927+0000] {logging_mixin.py:188} INFO - [2025-10-21T19:48:01.927+0000] {dag.py:3954} INFO - Setting next_dagrun for gold_layer_aggregation to 2025-10-19 20:00:00+00:00, run_after=2025-10-20 20:00:00+00:00
[2025-10-21T19:48:01.942+0000] {processor.py:183} INFO - Processing /opt/airflow/dags/gold_dag.py took 0.075 seconds
[2025-10-21T19:48:32.126+0000] {processor.py:161} INFO - Started process (PID=202) to work on /opt/airflow/dags/gold_dag.py
[2025-10-21T19:48:32.127+0000] {processor.py:830} INFO - Processing file /opt/airflow/dags/gold_dag.py for tasks to queue
[2025-10-21T19:48:32.129+0000] {logging_mixin.py:188} INFO - [2025-10-21T19:48:32.128+0000] {dagbag.py:540} INFO - Filling up the DagBag from /opt/airflow/dags/gold_dag.py
[2025-10-21T19:48:32.144+0000] {processor.py:840} INFO - DAG(s) 'gold_layer_aggregation' retrieved from /opt/airflow/dags/gold_dag.py
[2025-10-21T19:48:32.161+0000] {logging_mixin.py:188} INFO - [2025-10-21T19:48:32.161+0000] {dag.py:3096} INFO - Sync 1 DAGs
[2025-10-21T19:48:32.177+0000] {logging_mixin.py:188} INFO - [2025-10-21T19:48:32.177+0000] {dag.py:3954} INFO - Setting next_dagrun for gold_layer_aggregation to 2025-10-19 20:00:00+00:00, run_after=2025-10-20 20:00:00+00:00
[2025-10-21T19:48:32.190+0000] {processor.py:183} INFO - Processing /opt/airflow/dags/gold_dag.py took 0.068 seconds
[2025-10-21T19:49:02.824+0000] {processor.py:161} INFO - Started process (PID=205) to work on /opt/airflow/dags/gold_dag.py
[2025-10-21T19:49:02.825+0000] {processor.py:830} INFO - Processing file /opt/airflow/dags/gold_dag.py for tasks to queue
[2025-10-21T19:49:02.826+0000] {logging_mixin.py:188} INFO - [2025-10-21T19:49:02.826+0000] {dagbag.py:540} INFO - Filling up the DagBag from /opt/airflow/dags/gold_dag.py
[2025-10-21T19:49:02.843+0000] {processor.py:840} INFO - DAG(s) 'gold_layer_aggregation' retrieved from /opt/airflow/dags/gold_dag.py
[2025-10-21T19:49:02.860+0000] {logging_mixin.py:188} INFO - [2025-10-21T19:49:02.860+0000] {dag.py:3096} INFO - Sync 1 DAGs
[2025-10-21T19:49:02.877+0000] {logging_mixin.py:188} INFO - [2025-10-21T19:49:02.877+0000] {dag.py:3954} INFO - Setting next_dagrun for gold_layer_aggregation to 2025-10-19 20:00:00+00:00, run_after=2025-10-20 20:00:00+00:00
[2025-10-21T19:49:02.892+0000] {processor.py:183} INFO - Processing /opt/airflow/dags/gold_dag.py took 0.073 seconds
[2025-10-21T19:49:32.951+0000] {processor.py:161} INFO - Started process (PID=208) to work on /opt/airflow/dags/gold_dag.py
[2025-10-21T19:49:32.952+0000] {processor.py:830} INFO - Processing file /opt/airflow/dags/gold_dag.py for tasks to queue
[2025-10-21T19:49:32.954+0000] {logging_mixin.py:188} INFO - [2025-10-21T19:49:32.954+0000] {dagbag.py:540} INFO - Filling up the DagBag from /opt/airflow/dags/gold_dag.py
[2025-10-21T19:49:32.972+0000] {processor.py:840} INFO - DAG(s) 'gold_layer_aggregation' retrieved from /opt/airflow/dags/gold_dag.py
[2025-10-21T19:49:32.991+0000] {logging_mixin.py:188} INFO - [2025-10-21T19:49:32.990+0000] {dag.py:3096} INFO - Sync 1 DAGs
[2025-10-21T19:49:33.008+0000] {logging_mixin.py:188} INFO - [2025-10-21T19:49:33.008+0000] {dag.py:3954} INFO - Setting next_dagrun for gold_layer_aggregation to 2025-10-19 20:00:00+00:00, run_after=2025-10-20 20:00:00+00:00
[2025-10-21T19:49:33.023+0000] {processor.py:183} INFO - Processing /opt/airflow/dags/gold_dag.py took 0.077 seconds
[2025-10-21T19:50:35.993+0000] {processor.py:161} INFO - Started process (PID=211) to work on /opt/airflow/dags/gold_dag.py
[2025-10-21T19:50:35.994+0000] {processor.py:830} INFO - Processing file /opt/airflow/dags/gold_dag.py for tasks to queue
[2025-10-21T19:50:35.995+0000] {logging_mixin.py:188} INFO - [2025-10-21T19:50:35.995+0000] {dagbag.py:540} INFO - Filling up the DagBag from /opt/airflow/dags/gold_dag.py
[2025-10-21T19:50:36.012+0000] {processor.py:840} INFO - DAG(s) 'gold_layer_aggregation' retrieved from /opt/airflow/dags/gold_dag.py
[2025-10-21T19:50:36.029+0000] {logging_mixin.py:188} INFO - [2025-10-21T19:50:36.029+0000] {dag.py:3096} INFO - Sync 1 DAGs
[2025-10-21T19:50:36.046+0000] {logging_mixin.py:188} INFO - [2025-10-21T19:50:36.046+0000] {dag.py:3954} INFO - Setting next_dagrun for gold_layer_aggregation to 2025-10-19 20:00:00+00:00, run_after=2025-10-20 20:00:00+00:00
[2025-10-21T19:50:36.060+0000] {processor.py:183} INFO - Processing /opt/airflow/dags/gold_dag.py took 0.073 seconds
[2025-10-21T19:51:11.301+0000] {processor.py:161} INFO - Started process (PID=214) to work on /opt/airflow/dags/gold_dag.py
[2025-10-21T19:51:11.302+0000] {processor.py:830} INFO - Processing file /opt/airflow/dags/gold_dag.py for tasks to queue
[2025-10-21T19:51:11.304+0000] {logging_mixin.py:188} INFO - [2025-10-21T19:51:11.304+0000] {dagbag.py:540} INFO - Filling up the DagBag from /opt/airflow/dags/gold_dag.py
[2025-10-21T19:51:11.323+0000] {processor.py:840} INFO - DAG(s) 'gold_layer_aggregation' retrieved from /opt/airflow/dags/gold_dag.py
[2025-10-21T19:51:11.343+0000] {logging_mixin.py:188} INFO - [2025-10-21T19:51:11.343+0000] {dag.py:3096} INFO - Sync 1 DAGs
[2025-10-21T19:51:11.363+0000] {logging_mixin.py:188} INFO - [2025-10-21T19:51:11.363+0000] {dag.py:3954} INFO - Setting next_dagrun for gold_layer_aggregation to 2025-10-19 20:00:00+00:00, run_after=2025-10-20 20:00:00+00:00
[2025-10-21T19:51:11.379+0000] {processor.py:183} INFO - Processing /opt/airflow/dags/gold_dag.py took 0.085 seconds
[2025-10-21T19:52:05.790+0000] {processor.py:161} INFO - Started process (PID=221) to work on /opt/airflow/dags/gold_dag.py
[2025-10-21T19:52:05.791+0000] {processor.py:830} INFO - Processing file /opt/airflow/dags/gold_dag.py for tasks to queue
[2025-10-21T19:52:05.793+0000] {logging_mixin.py:188} INFO - [2025-10-21T19:52:05.793+0000] {dagbag.py:540} INFO - Filling up the DagBag from /opt/airflow/dags/gold_dag.py
[2025-10-21T19:52:05.811+0000] {processor.py:840} INFO - DAG(s) 'gold_layer_aggregation' retrieved from /opt/airflow/dags/gold_dag.py
[2025-10-21T19:52:05.831+0000] {logging_mixin.py:188} INFO - [2025-10-21T19:52:05.831+0000] {dag.py:3096} INFO - Sync 1 DAGs
[2025-10-21T19:52:05.869+0000] {processor.py:183} INFO - Processing /opt/airflow/dags/gold_dag.py took 0.084 seconds
[2025-10-21T19:52:36.164+0000] {processor.py:161} INFO - Started process (PID=228) to work on /opt/airflow/dags/gold_dag.py
[2025-10-21T19:52:36.165+0000] {processor.py:830} INFO - Processing file /opt/airflow/dags/gold_dag.py for tasks to queue
[2025-10-21T19:52:36.168+0000] {logging_mixin.py:188} INFO - [2025-10-21T19:52:36.167+0000] {dagbag.py:540} INFO - Filling up the DagBag from /opt/airflow/dags/gold_dag.py
[2025-10-21T19:52:36.193+0000] {processor.py:840} INFO - DAG(s) 'gold_layer_aggregation' retrieved from /opt/airflow/dags/gold_dag.py
[2025-10-21T19:52:36.225+0000] {logging_mixin.py:188} INFO - [2025-10-21T19:52:36.224+0000] {dag.py:3096} INFO - Sync 1 DAGs
[2025-10-21T19:52:36.264+0000] {processor.py:183} INFO - Processing /opt/airflow/dags/gold_dag.py took 0.105 seconds
[2025-10-21T19:53:06.448+0000] {processor.py:161} INFO - Started process (PID=231) to work on /opt/airflow/dags/gold_dag.py
[2025-10-21T19:53:06.449+0000] {processor.py:830} INFO - Processing file /opt/airflow/dags/gold_dag.py for tasks to queue
[2025-10-21T19:53:06.451+0000] {logging_mixin.py:188} INFO - [2025-10-21T19:53:06.450+0000] {dagbag.py:540} INFO - Filling up the DagBag from /opt/airflow/dags/gold_dag.py
[2025-10-21T19:53:06.467+0000] {processor.py:840} INFO - DAG(s) 'gold_layer_aggregation' retrieved from /opt/airflow/dags/gold_dag.py
[2025-10-21T19:53:06.485+0000] {logging_mixin.py:188} INFO - [2025-10-21T19:53:06.485+0000] {dag.py:3096} INFO - Sync 1 DAGs
[2025-10-21T19:53:06.518+0000] {processor.py:183} INFO - Processing /opt/airflow/dags/gold_dag.py took 0.076 seconds
[2025-10-21T19:53:36.580+0000] {processor.py:161} INFO - Started process (PID=234) to work on /opt/airflow/dags/gold_dag.py
[2025-10-21T19:53:36.581+0000] {processor.py:830} INFO - Processing file /opt/airflow/dags/gold_dag.py for tasks to queue
[2025-10-21T19:53:36.582+0000] {logging_mixin.py:188} INFO - [2025-10-21T19:53:36.582+0000] {dagbag.py:540} INFO - Filling up the DagBag from /opt/airflow/dags/gold_dag.py
[2025-10-21T19:53:36.599+0000] {processor.py:840} INFO - DAG(s) 'gold_layer_aggregation' retrieved from /opt/airflow/dags/gold_dag.py
[2025-10-21T19:53:36.617+0000] {logging_mixin.py:188} INFO - [2025-10-21T19:53:36.617+0000] {dag.py:3096} INFO - Sync 1 DAGs
[2025-10-21T19:53:36.646+0000] {processor.py:183} INFO - Processing /opt/airflow/dags/gold_dag.py took 0.071 seconds
[2025-10-21T19:54:07.464+0000] {processor.py:161} INFO - Started process (PID=237) to work on /opt/airflow/dags/gold_dag.py
[2025-10-21T19:54:07.465+0000] {processor.py:830} INFO - Processing file /opt/airflow/dags/gold_dag.py for tasks to queue
[2025-10-21T19:54:07.467+0000] {logging_mixin.py:188} INFO - [2025-10-21T19:54:07.466+0000] {dagbag.py:540} INFO - Filling up the DagBag from /opt/airflow/dags/gold_dag.py
[2025-10-21T19:54:07.486+0000] {processor.py:840} INFO - DAG(s) 'gold_layer_aggregation' retrieved from /opt/airflow/dags/gold_dag.py
[2025-10-21T19:54:07.506+0000] {logging_mixin.py:188} INFO - [2025-10-21T19:54:07.506+0000] {dag.py:3096} INFO - Sync 1 DAGs
[2025-10-21T19:54:07.539+0000] {processor.py:183} INFO - Processing /opt/airflow/dags/gold_dag.py took 0.081 seconds
[2025-10-21T19:54:37.581+0000] {processor.py:161} INFO - Started process (PID=239) to work on /opt/airflow/dags/gold_dag.py
[2025-10-21T19:54:37.582+0000] {processor.py:830} INFO - Processing file /opt/airflow/dags/gold_dag.py for tasks to queue
[2025-10-21T19:54:37.584+0000] {logging_mixin.py:188} INFO - [2025-10-21T19:54:37.583+0000] {dagbag.py:540} INFO - Filling up the DagBag from /opt/airflow/dags/gold_dag.py
[2025-10-21T19:54:37.600+0000] {processor.py:840} INFO - DAG(s) 'gold_layer_aggregation' retrieved from /opt/airflow/dags/gold_dag.py
[2025-10-21T19:54:37.619+0000] {logging_mixin.py:188} INFO - [2025-10-21T19:54:37.619+0000] {dag.py:3096} INFO - Sync 1 DAGs
[2025-10-21T19:54:37.650+0000] {processor.py:183} INFO - Processing /opt/airflow/dags/gold_dag.py took 0.074 seconds
[2025-10-21T19:55:42.497+0000] {processor.py:161} INFO - Started process (PID=243) to work on /opt/airflow/dags/gold_dag.py
[2025-10-21T19:55:42.498+0000] {processor.py:830} INFO - Processing file /opt/airflow/dags/gold_dag.py for tasks to queue
[2025-10-21T19:55:42.500+0000] {logging_mixin.py:188} INFO - [2025-10-21T19:55:42.500+0000] {dagbag.py:540} INFO - Filling up the DagBag from /opt/airflow/dags/gold_dag.py
[2025-10-21T19:55:42.519+0000] {processor.py:840} INFO - DAG(s) 'gold_layer_aggregation' retrieved from /opt/airflow/dags/gold_dag.py
[2025-10-21T19:55:42.539+0000] {logging_mixin.py:188} INFO - [2025-10-21T19:55:42.538+0000] {dag.py:3096} INFO - Sync 1 DAGs
[2025-10-21T19:55:42.571+0000] {processor.py:183} INFO - Processing /opt/airflow/dags/gold_dag.py took 0.079 seconds
[2025-10-21T19:56:13.431+0000] {processor.py:161} INFO - Started process (PID=246) to work on /opt/airflow/dags/gold_dag.py
[2025-10-21T19:56:13.432+0000] {processor.py:830} INFO - Processing file /opt/airflow/dags/gold_dag.py for tasks to queue
[2025-10-21T19:56:13.434+0000] {logging_mixin.py:188} INFO - [2025-10-21T19:56:13.433+0000] {dagbag.py:540} INFO - Filling up the DagBag from /opt/airflow/dags/gold_dag.py
[2025-10-21T19:56:13.450+0000] {processor.py:840} INFO - DAG(s) 'gold_layer_aggregation' retrieved from /opt/airflow/dags/gold_dag.py
[2025-10-21T19:56:13.468+0000] {logging_mixin.py:188} INFO - [2025-10-21T19:56:13.468+0000] {dag.py:3096} INFO - Sync 1 DAGs
[2025-10-21T19:56:13.498+0000] {processor.py:183} INFO - Processing /opt/airflow/dags/gold_dag.py took 0.072 seconds
[2025-10-21T19:56:43.731+0000] {processor.py:161} INFO - Started process (PID=249) to work on /opt/airflow/dags/gold_dag.py
[2025-10-21T19:56:43.733+0000] {processor.py:830} INFO - Processing file /opt/airflow/dags/gold_dag.py for tasks to queue
[2025-10-21T19:56:43.736+0000] {logging_mixin.py:188} INFO - [2025-10-21T19:56:43.735+0000] {dagbag.py:540} INFO - Filling up the DagBag from /opt/airflow/dags/gold_dag.py
[2025-10-21T19:56:43.772+0000] {processor.py:840} INFO - DAG(s) 'gold_layer_aggregation' retrieved from /opt/airflow/dags/gold_dag.py
[2025-10-21T19:56:43.804+0000] {logging_mixin.py:188} INFO - [2025-10-21T19:56:43.804+0000] {dag.py:3096} INFO - Sync 1 DAGs
[2025-10-21T19:56:43.851+0000] {processor.py:183} INFO - Processing /opt/airflow/dags/gold_dag.py took 0.132 seconds
[2025-10-21T19:57:14.060+0000] {processor.py:161} INFO - Started process (PID=252) to work on /opt/airflow/dags/gold_dag.py
[2025-10-21T19:57:14.061+0000] {processor.py:830} INFO - Processing file /opt/airflow/dags/gold_dag.py for tasks to queue
[2025-10-21T19:57:14.063+0000] {logging_mixin.py:188} INFO - [2025-10-21T19:57:14.063+0000] {dagbag.py:540} INFO - Filling up the DagBag from /opt/airflow/dags/gold_dag.py
[2025-10-21T19:57:14.081+0000] {processor.py:840} INFO - DAG(s) 'gold_layer_aggregation' retrieved from /opt/airflow/dags/gold_dag.py
[2025-10-21T19:57:14.102+0000] {logging_mixin.py:188} INFO - [2025-10-21T19:57:14.102+0000] {dag.py:3096} INFO - Sync 1 DAGs
[2025-10-21T19:57:14.133+0000] {processor.py:183} INFO - Processing /opt/airflow/dags/gold_dag.py took 0.079 seconds
[2025-10-21T19:57:44.394+0000] {processor.py:161} INFO - Started process (PID=255) to work on /opt/airflow/dags/gold_dag.py
[2025-10-21T19:57:44.395+0000] {processor.py:830} INFO - Processing file /opt/airflow/dags/gold_dag.py for tasks to queue
[2025-10-21T19:57:44.396+0000] {logging_mixin.py:188} INFO - [2025-10-21T19:57:44.396+0000] {dagbag.py:540} INFO - Filling up the DagBag from /opt/airflow/dags/gold_dag.py
[2025-10-21T19:57:44.413+0000] {processor.py:840} INFO - DAG(s) 'gold_layer_aggregation' retrieved from /opt/airflow/dags/gold_dag.py
[2025-10-21T19:57:44.432+0000] {logging_mixin.py:188} INFO - [2025-10-21T19:57:44.432+0000] {dag.py:3096} INFO - Sync 1 DAGs
[2025-10-21T19:57:44.464+0000] {processor.py:183} INFO - Processing /opt/airflow/dags/gold_dag.py took 0.074 seconds
[2025-10-21T19:58:14.676+0000] {processor.py:161} INFO - Started process (PID=258) to work on /opt/airflow/dags/gold_dag.py
[2025-10-21T19:58:14.677+0000] {processor.py:830} INFO - Processing file /opt/airflow/dags/gold_dag.py for tasks to queue
[2025-10-21T19:58:14.678+0000] {logging_mixin.py:188} INFO - [2025-10-21T19:58:14.678+0000] {dagbag.py:540} INFO - Filling up the DagBag from /opt/airflow/dags/gold_dag.py
[2025-10-21T19:58:14.699+0000] {processor.py:840} INFO - DAG(s) 'gold_layer_aggregation' retrieved from /opt/airflow/dags/gold_dag.py
[2025-10-21T19:58:14.719+0000] {logging_mixin.py:188} INFO - [2025-10-21T19:58:14.719+0000] {dag.py:3096} INFO - Sync 1 DAGs
[2025-10-21T19:58:14.752+0000] {processor.py:183} INFO - Processing /opt/airflow/dags/gold_dag.py took 0.082 seconds
[2025-10-21T19:58:44.961+0000] {processor.py:161} INFO - Started process (PID=261) to work on /opt/airflow/dags/gold_dag.py
[2025-10-21T19:58:44.962+0000] {processor.py:830} INFO - Processing file /opt/airflow/dags/gold_dag.py for tasks to queue
[2025-10-21T19:58:44.964+0000] {logging_mixin.py:188} INFO - [2025-10-21T19:58:44.963+0000] {dagbag.py:540} INFO - Filling up the DagBag from /opt/airflow/dags/gold_dag.py
[2025-10-21T19:58:44.980+0000] {processor.py:840} INFO - DAG(s) 'gold_layer_aggregation' retrieved from /opt/airflow/dags/gold_dag.py
[2025-10-21T19:58:44.999+0000] {logging_mixin.py:188} INFO - [2025-10-21T19:58:44.999+0000] {dag.py:3096} INFO - Sync 1 DAGs
[2025-10-21T19:58:45.033+0000] {processor.py:183} INFO - Processing /opt/airflow/dags/gold_dag.py took 0.078 seconds
[2025-10-21T19:59:15.242+0000] {processor.py:161} INFO - Started process (PID=264) to work on /opt/airflow/dags/gold_dag.py
[2025-10-21T19:59:15.243+0000] {processor.py:830} INFO - Processing file /opt/airflow/dags/gold_dag.py for tasks to queue
[2025-10-21T19:59:15.245+0000] {logging_mixin.py:188} INFO - [2025-10-21T19:59:15.244+0000] {dagbag.py:540} INFO - Filling up the DagBag from /opt/airflow/dags/gold_dag.py
[2025-10-21T19:59:15.263+0000] {processor.py:840} INFO - DAG(s) 'gold_layer_aggregation' retrieved from /opt/airflow/dags/gold_dag.py
[2025-10-21T19:59:15.282+0000] {logging_mixin.py:188} INFO - [2025-10-21T19:59:15.282+0000] {dag.py:3096} INFO - Sync 1 DAGs
[2025-10-21T19:59:15.314+0000] {processor.py:183} INFO - Processing /opt/airflow/dags/gold_dag.py took 0.079 seconds
[2025-10-21T20:00:09.992+0000] {processor.py:161} INFO - Started process (PID=267) to work on /opt/airflow/dags/gold_dag.py
[2025-10-21T20:00:09.993+0000] {processor.py:830} INFO - Processing file /opt/airflow/dags/gold_dag.py for tasks to queue
[2025-10-21T20:00:09.995+0000] {logging_mixin.py:188} INFO - [2025-10-21T20:00:09.995+0000] {dagbag.py:540} INFO - Filling up the DagBag from /opt/airflow/dags/gold_dag.py
[2025-10-21T20:00:10.016+0000] {processor.py:840} INFO - DAG(s) 'gold_layer_aggregation' retrieved from /opt/airflow/dags/gold_dag.py
[2025-10-21T20:00:10.037+0000] {logging_mixin.py:188} INFO - [2025-10-21T20:00:10.037+0000] {dag.py:3096} INFO - Sync 1 DAGs
[2025-10-21T20:00:10.072+0000] {processor.py:183} INFO - Processing /opt/airflow/dags/gold_dag.py took 0.087 seconds
[2025-10-21T20:00:59.331+0000] {processor.py:161} INFO - Started process (PID=270) to work on /opt/airflow/dags/gold_dag.py
[2025-10-21T20:00:59.332+0000] {processor.py:830} INFO - Processing file /opt/airflow/dags/gold_dag.py for tasks to queue
[2025-10-21T20:00:59.334+0000] {logging_mixin.py:188} INFO - [2025-10-21T20:00:59.334+0000] {dagbag.py:540} INFO - Filling up the DagBag from /opt/airflow/dags/gold_dag.py
[2025-10-21T20:00:59.351+0000] {processor.py:840} INFO - DAG(s) 'gold_layer_aggregation' retrieved from /opt/airflow/dags/gold_dag.py
[2025-10-21T20:00:59.369+0000] {logging_mixin.py:188} INFO - [2025-10-21T20:00:59.369+0000] {dag.py:3096} INFO - Sync 1 DAGs
[2025-10-21T20:00:59.401+0000] {processor.py:183} INFO - Processing /opt/airflow/dags/gold_dag.py took 0.075 seconds
[2025-10-21T20:02:00.465+0000] {processor.py:161} INFO - Started process (PID=273) to work on /opt/airflow/dags/gold_dag.py
[2025-10-21T20:02:00.465+0000] {processor.py:830} INFO - Processing file /opt/airflow/dags/gold_dag.py for tasks to queue
[2025-10-21T20:02:00.467+0000] {logging_mixin.py:188} INFO - [2025-10-21T20:02:00.467+0000] {dagbag.py:540} INFO - Filling up the DagBag from /opt/airflow/dags/gold_dag.py
[2025-10-21T20:02:00.485+0000] {processor.py:840} INFO - DAG(s) 'gold_layer_aggregation' retrieved from /opt/airflow/dags/gold_dag.py
[2025-10-21T20:02:00.502+0000] {logging_mixin.py:188} INFO - [2025-10-21T20:02:00.502+0000] {dag.py:3096} INFO - Sync 1 DAGs
[2025-10-21T20:02:00.533+0000] {processor.py:183} INFO - Processing /opt/airflow/dags/gold_dag.py took 0.074 seconds
[2025-10-21T20:02:31.950+0000] {processor.py:161} INFO - Started process (PID=276) to work on /opt/airflow/dags/gold_dag.py
[2025-10-21T20:02:31.951+0000] {processor.py:830} INFO - Processing file /opt/airflow/dags/gold_dag.py for tasks to queue
[2025-10-21T20:02:31.952+0000] {logging_mixin.py:188} INFO - [2025-10-21T20:02:31.952+0000] {dagbag.py:540} INFO - Filling up the DagBag from /opt/airflow/dags/gold_dag.py
[2025-10-21T20:02:31.968+0000] {processor.py:840} INFO - DAG(s) 'gold_layer_aggregation' retrieved from /opt/airflow/dags/gold_dag.py
[2025-10-21T20:02:31.984+0000] {logging_mixin.py:188} INFO - [2025-10-21T20:02:31.983+0000] {dag.py:3096} INFO - Sync 1 DAGs
[2025-10-21T20:02:32.012+0000] {processor.py:183} INFO - Processing /opt/airflow/dags/gold_dag.py took 0.067 seconds
[2025-10-21T20:03:03.923+0000] {processor.py:161} INFO - Started process (PID=279) to work on /opt/airflow/dags/gold_dag.py
[2025-10-21T20:03:03.924+0000] {processor.py:830} INFO - Processing file /opt/airflow/dags/gold_dag.py for tasks to queue
[2025-10-21T20:03:03.926+0000] {logging_mixin.py:188} INFO - [2025-10-21T20:03:03.926+0000] {dagbag.py:540} INFO - Filling up the DagBag from /opt/airflow/dags/gold_dag.py
[2025-10-21T20:03:03.945+0000] {processor.py:840} INFO - DAG(s) 'gold_layer_aggregation' retrieved from /opt/airflow/dags/gold_dag.py
[2025-10-21T20:03:03.962+0000] {logging_mixin.py:188} INFO - [2025-10-21T20:03:03.961+0000] {dag.py:3096} INFO - Sync 1 DAGs
[2025-10-21T20:03:03.989+0000] {processor.py:183} INFO - Processing /opt/airflow/dags/gold_dag.py took 0.072 seconds
[2025-10-21T20:03:36.894+0000] {processor.py:161} INFO - Started process (PID=282) to work on /opt/airflow/dags/gold_dag.py
[2025-10-21T20:03:36.895+0000] {processor.py:830} INFO - Processing file /opt/airflow/dags/gold_dag.py for tasks to queue
[2025-10-21T20:03:36.899+0000] {logging_mixin.py:188} INFO - [2025-10-21T20:03:36.899+0000] {dagbag.py:540} INFO - Filling up the DagBag from /opt/airflow/dags/gold_dag.py
[2025-10-21T20:03:36.916+0000] {processor.py:840} INFO - DAG(s) 'gold_layer_aggregation' retrieved from /opt/airflow/dags/gold_dag.py
[2025-10-21T20:03:36.933+0000] {logging_mixin.py:188} INFO - [2025-10-21T20:03:36.933+0000] {dag.py:3096} INFO - Sync 1 DAGs
[2025-10-21T20:03:36.961+0000] {processor.py:183} INFO - Processing /opt/airflow/dags/gold_dag.py took 0.074 seconds
[2025-10-21T20:04:09.863+0000] {processor.py:161} INFO - Started process (PID=285) to work on /opt/airflow/dags/gold_dag.py
[2025-10-21T20:04:09.864+0000] {processor.py:830} INFO - Processing file /opt/airflow/dags/gold_dag.py for tasks to queue
[2025-10-21T20:04:09.866+0000] {logging_mixin.py:188} INFO - [2025-10-21T20:04:09.865+0000] {dagbag.py:540} INFO - Filling up the DagBag from /opt/airflow/dags/gold_dag.py
[2025-10-21T20:04:09.882+0000] {processor.py:840} INFO - DAG(s) 'gold_layer_aggregation' retrieved from /opt/airflow/dags/gold_dag.py
[2025-10-21T20:04:09.901+0000] {logging_mixin.py:188} INFO - [2025-10-21T20:04:09.900+0000] {dag.py:3096} INFO - Sync 1 DAGs
[2025-10-21T20:04:09.931+0000] {processor.py:183} INFO - Processing /opt/airflow/dags/gold_dag.py took 0.072 seconds
[2025-10-21T20:04:40.856+0000] {processor.py:161} INFO - Started process (PID=288) to work on /opt/airflow/dags/gold_dag.py
[2025-10-21T20:04:40.857+0000] {processor.py:830} INFO - Processing file /opt/airflow/dags/gold_dag.py for tasks to queue
[2025-10-21T20:04:40.859+0000] {logging_mixin.py:188} INFO - [2025-10-21T20:04:40.859+0000] {dagbag.py:540} INFO - Filling up the DagBag from /opt/airflow/dags/gold_dag.py
[2025-10-21T20:04:40.876+0000] {processor.py:840} INFO - DAG(s) 'gold_layer_aggregation' retrieved from /opt/airflow/dags/gold_dag.py
[2025-10-21T20:04:40.895+0000] {logging_mixin.py:188} INFO - [2025-10-21T20:04:40.895+0000] {dag.py:3096} INFO - Sync 1 DAGs
[2025-10-21T20:04:40.927+0000] {processor.py:183} INFO - Processing /opt/airflow/dags/gold_dag.py took 0.076 seconds
[2025-10-21T20:05:20.531+0000] {processor.py:161} INFO - Started process (PID=291) to work on /opt/airflow/dags/gold_dag.py
[2025-10-21T20:05:20.532+0000] {processor.py:830} INFO - Processing file /opt/airflow/dags/gold_dag.py for tasks to queue
[2025-10-21T20:05:20.534+0000] {logging_mixin.py:188} INFO - [2025-10-21T20:05:20.533+0000] {dagbag.py:540} INFO - Filling up the DagBag from /opt/airflow/dags/gold_dag.py
[2025-10-21T20:05:20.551+0000] {processor.py:840} INFO - DAG(s) 'gold_layer_aggregation' retrieved from /opt/airflow/dags/gold_dag.py
[2025-10-21T20:05:20.570+0000] {logging_mixin.py:188} INFO - [2025-10-21T20:05:20.570+0000] {dag.py:3096} INFO - Sync 1 DAGs
[2025-10-21T20:05:20.602+0000] {processor.py:183} INFO - Processing /opt/airflow/dags/gold_dag.py took 0.076 seconds
[2025-10-21T20:05:51.456+0000] {processor.py:161} INFO - Started process (PID=294) to work on /opt/airflow/dags/gold_dag.py
[2025-10-21T20:05:51.457+0000] {processor.py:830} INFO - Processing file /opt/airflow/dags/gold_dag.py for tasks to queue
[2025-10-21T20:05:51.459+0000] {logging_mixin.py:188} INFO - [2025-10-21T20:05:51.458+0000] {dagbag.py:540} INFO - Filling up the DagBag from /opt/airflow/dags/gold_dag.py
[2025-10-21T20:05:51.475+0000] {processor.py:840} INFO - DAG(s) 'gold_layer_aggregation' retrieved from /opt/airflow/dags/gold_dag.py
[2025-10-21T20:05:51.494+0000] {logging_mixin.py:188} INFO - [2025-10-21T20:05:51.494+0000] {dag.py:3096} INFO - Sync 1 DAGs
[2025-10-21T20:05:51.525+0000] {processor.py:183} INFO - Processing /opt/airflow/dags/gold_dag.py took 0.075 seconds
[2025-10-21T20:06:21.729+0000] {processor.py:161} INFO - Started process (PID=297) to work on /opt/airflow/dags/gold_dag.py
[2025-10-21T20:06:21.730+0000] {processor.py:830} INFO - Processing file /opt/airflow/dags/gold_dag.py for tasks to queue
[2025-10-21T20:06:21.732+0000] {logging_mixin.py:188} INFO - [2025-10-21T20:06:21.732+0000] {dagbag.py:540} INFO - Filling up the DagBag from /opt/airflow/dags/gold_dag.py
[2025-10-21T20:06:21.750+0000] {processor.py:840} INFO - DAG(s) 'gold_layer_aggregation' retrieved from /opt/airflow/dags/gold_dag.py
[2025-10-21T20:06:21.770+0000] {logging_mixin.py:188} INFO - [2025-10-21T20:06:21.770+0000] {dag.py:3096} INFO - Sync 1 DAGs
[2025-10-21T20:06:21.802+0000] {processor.py:183} INFO - Processing /opt/airflow/dags/gold_dag.py took 0.078 seconds
[2025-10-21T20:06:52.013+0000] {processor.py:161} INFO - Started process (PID=300) to work on /opt/airflow/dags/gold_dag.py
[2025-10-21T20:06:52.015+0000] {processor.py:830} INFO - Processing file /opt/airflow/dags/gold_dag.py for tasks to queue
[2025-10-21T20:06:52.017+0000] {logging_mixin.py:188} INFO - [2025-10-21T20:06:52.017+0000] {dagbag.py:540} INFO - Filling up the DagBag from /opt/airflow/dags/gold_dag.py
[2025-10-21T20:06:52.037+0000] {processor.py:840} INFO - DAG(s) 'gold_layer_aggregation' retrieved from /opt/airflow/dags/gold_dag.py
[2025-10-21T20:06:52.059+0000] {logging_mixin.py:188} INFO - [2025-10-21T20:06:52.058+0000] {dag.py:3096} INFO - Sync 1 DAGs
[2025-10-21T20:06:52.091+0000] {processor.py:183} INFO - Processing /opt/airflow/dags/gold_dag.py took 0.087 seconds
[2025-10-21T20:07:50.865+0000] {processor.py:161} INFO - Started process (PID=303) to work on /opt/airflow/dags/gold_dag.py
[2025-10-21T20:07:50.865+0000] {processor.py:830} INFO - Processing file /opt/airflow/dags/gold_dag.py for tasks to queue
[2025-10-21T20:07:50.867+0000] {logging_mixin.py:188} INFO - [2025-10-21T20:07:50.867+0000] {dagbag.py:540} INFO - Filling up the DagBag from /opt/airflow/dags/gold_dag.py
[2025-10-21T20:07:50.885+0000] {processor.py:840} INFO - DAG(s) 'gold_layer_aggregation' retrieved from /opt/airflow/dags/gold_dag.py
[2025-10-21T20:07:50.902+0000] {logging_mixin.py:188} INFO - [2025-10-21T20:07:50.902+0000] {dag.py:3096} INFO - Sync 1 DAGs
[2025-10-21T20:07:50.933+0000] {processor.py:183} INFO - Processing /opt/airflow/dags/gold_dag.py took 0.073 seconds
[2025-10-21T20:08:21.793+0000] {processor.py:161} INFO - Started process (PID=306) to work on /opt/airflow/dags/gold_dag.py
[2025-10-21T20:08:21.794+0000] {processor.py:830} INFO - Processing file /opt/airflow/dags/gold_dag.py for tasks to queue
[2025-10-21T20:08:21.796+0000] {logging_mixin.py:188} INFO - [2025-10-21T20:08:21.795+0000] {dagbag.py:540} INFO - Filling up the DagBag from /opt/airflow/dags/gold_dag.py
[2025-10-21T20:08:21.813+0000] {processor.py:840} INFO - DAG(s) 'gold_layer_aggregation' retrieved from /opt/airflow/dags/gold_dag.py
[2025-10-21T20:08:21.832+0000] {logging_mixin.py:188} INFO - [2025-10-21T20:08:21.832+0000] {dag.py:3096} INFO - Sync 1 DAGs
[2025-10-21T20:08:21.865+0000] {processor.py:183} INFO - Processing /opt/airflow/dags/gold_dag.py took 0.077 seconds
[2025-10-21T20:08:52.075+0000] {processor.py:161} INFO - Started process (PID=309) to work on /opt/airflow/dags/gold_dag.py
[2025-10-21T20:08:52.076+0000] {processor.py:830} INFO - Processing file /opt/airflow/dags/gold_dag.py for tasks to queue
[2025-10-21T20:08:52.078+0000] {logging_mixin.py:188} INFO - [2025-10-21T20:08:52.077+0000] {dagbag.py:540} INFO - Filling up the DagBag from /opt/airflow/dags/gold_dag.py
[2025-10-21T20:08:52.095+0000] {processor.py:840} INFO - DAG(s) 'gold_layer_aggregation' retrieved from /opt/airflow/dags/gold_dag.py
[2025-10-21T20:08:52.114+0000] {logging_mixin.py:188} INFO - [2025-10-21T20:08:52.114+0000] {dag.py:3096} INFO - Sync 1 DAGs
[2025-10-21T20:08:52.144+0000] {processor.py:183} INFO - Processing /opt/airflow/dags/gold_dag.py took 0.074 seconds
[2025-10-21T20:09:33.771+0000] {processor.py:161} INFO - Started process (PID=312) to work on /opt/airflow/dags/gold_dag.py
[2025-10-21T20:09:33.772+0000] {processor.py:830} INFO - Processing file /opt/airflow/dags/gold_dag.py for tasks to queue
[2025-10-21T20:09:33.774+0000] {logging_mixin.py:188} INFO - [2025-10-21T20:09:33.774+0000] {dagbag.py:540} INFO - Filling up the DagBag from /opt/airflow/dags/gold_dag.py
[2025-10-21T20:09:33.793+0000] {processor.py:840} INFO - DAG(s) 'gold_layer_aggregation' retrieved from /opt/airflow/dags/gold_dag.py
[2025-10-21T20:09:33.822+0000] {logging_mixin.py:188} INFO - [2025-10-21T20:09:33.821+0000] {dag.py:3096} INFO - Sync 1 DAGs
[2025-10-21T20:09:33.857+0000] {processor.py:183} INFO - Processing /opt/airflow/dags/gold_dag.py took 0.092 seconds
[2025-10-21T20:10:04.055+0000] {processor.py:161} INFO - Started process (PID=315) to work on /opt/airflow/dags/gold_dag.py
[2025-10-21T20:10:04.056+0000] {processor.py:830} INFO - Processing file /opt/airflow/dags/gold_dag.py for tasks to queue
[2025-10-21T20:10:04.058+0000] {logging_mixin.py:188} INFO - [2025-10-21T20:10:04.058+0000] {dagbag.py:540} INFO - Filling up the DagBag from /opt/airflow/dags/gold_dag.py
[2025-10-21T20:10:04.073+0000] {processor.py:840} INFO - DAG(s) 'gold_layer_aggregation' retrieved from /opt/airflow/dags/gold_dag.py
[2025-10-21T20:10:04.091+0000] {logging_mixin.py:188} INFO - [2025-10-21T20:10:04.091+0000] {dag.py:3096} INFO - Sync 1 DAGs
[2025-10-21T20:10:04.119+0000] {processor.py:183} INFO - Processing /opt/airflow/dags/gold_dag.py took 0.068 seconds
[2025-10-21T20:10:34.540+0000] {processor.py:161} INFO - Started process (PID=318) to work on /opt/airflow/dags/gold_dag.py
[2025-10-21T20:10:34.541+0000] {processor.py:830} INFO - Processing file /opt/airflow/dags/gold_dag.py for tasks to queue
[2025-10-21T20:10:34.542+0000] {logging_mixin.py:188} INFO - [2025-10-21T20:10:34.542+0000] {dagbag.py:540} INFO - Filling up the DagBag from /opt/airflow/dags/gold_dag.py
[2025-10-21T20:10:34.560+0000] {processor.py:840} INFO - DAG(s) 'gold_layer_aggregation' retrieved from /opt/airflow/dags/gold_dag.py
[2025-10-21T20:10:34.578+0000] {logging_mixin.py:188} INFO - [2025-10-21T20:10:34.578+0000] {dag.py:3096} INFO - Sync 1 DAGs
[2025-10-21T20:10:34.609+0000] {processor.py:183} INFO - Processing /opt/airflow/dags/gold_dag.py took 0.075 seconds
[2025-10-21T20:11:24.644+0000] {processor.py:161} INFO - Started process (PID=321) to work on /opt/airflow/dags/gold_dag.py
[2025-10-21T20:11:24.645+0000] {processor.py:830} INFO - Processing file /opt/airflow/dags/gold_dag.py for tasks to queue
[2025-10-21T20:11:24.648+0000] {logging_mixin.py:188} INFO - [2025-10-21T20:11:24.647+0000] {dagbag.py:540} INFO - Filling up the DagBag from /opt/airflow/dags/gold_dag.py
[2025-10-21T20:11:24.667+0000] {processor.py:840} INFO - DAG(s) 'gold_layer_aggregation' retrieved from /opt/airflow/dags/gold_dag.py
[2025-10-21T20:11:24.686+0000] {logging_mixin.py:188} INFO - [2025-10-21T20:11:24.686+0000] {dag.py:3096} INFO - Sync 1 DAGs
[2025-10-21T20:11:24.721+0000] {processor.py:183} INFO - Processing /opt/airflow/dags/gold_dag.py took 0.084 seconds
[2025-10-21T20:11:54.931+0000] {processor.py:161} INFO - Started process (PID=324) to work on /opt/airflow/dags/gold_dag.py
[2025-10-21T20:11:54.932+0000] {processor.py:830} INFO - Processing file /opt/airflow/dags/gold_dag.py for tasks to queue
[2025-10-21T20:11:54.933+0000] {logging_mixin.py:188} INFO - [2025-10-21T20:11:54.933+0000] {dagbag.py:540} INFO - Filling up the DagBag from /opt/airflow/dags/gold_dag.py
[2025-10-21T20:11:54.950+0000] {processor.py:840} INFO - DAG(s) 'gold_layer_aggregation' retrieved from /opt/airflow/dags/gold_dag.py
[2025-10-21T20:11:54.970+0000] {logging_mixin.py:188} INFO - [2025-10-21T20:11:54.969+0000] {dag.py:3096} INFO - Sync 1 DAGs
[2025-10-21T20:11:55.002+0000] {processor.py:183} INFO - Processing /opt/airflow/dags/gold_dag.py took 0.077 seconds
[2025-10-21T20:12:25.698+0000] {processor.py:161} INFO - Started process (PID=327) to work on /opt/airflow/dags/gold_dag.py
[2025-10-21T20:12:25.699+0000] {processor.py:830} INFO - Processing file /opt/airflow/dags/gold_dag.py for tasks to queue
[2025-10-21T20:12:25.701+0000] {logging_mixin.py:188} INFO - [2025-10-21T20:12:25.701+0000] {dagbag.py:540} INFO - Filling up the DagBag from /opt/airflow/dags/gold_dag.py
[2025-10-21T20:12:25.718+0000] {processor.py:840} INFO - DAG(s) 'gold_layer_aggregation' retrieved from /opt/airflow/dags/gold_dag.py
[2025-10-21T20:12:25.738+0000] {logging_mixin.py:188} INFO - [2025-10-21T20:12:25.738+0000] {dag.py:3096} INFO - Sync 1 DAGs
[2025-10-21T20:12:25.770+0000] {processor.py:183} INFO - Processing /opt/airflow/dags/gold_dag.py took 0.078 seconds
[2025-10-21T20:12:56.106+0000] {processor.py:161} INFO - Started process (PID=330) to work on /opt/airflow/dags/gold_dag.py
[2025-10-21T20:12:56.107+0000] {processor.py:830} INFO - Processing file /opt/airflow/dags/gold_dag.py for tasks to queue
[2025-10-21T20:12:56.109+0000] {logging_mixin.py:188} INFO - [2025-10-21T20:12:56.109+0000] {dagbag.py:540} INFO - Filling up the DagBag from /opt/airflow/dags/gold_dag.py
[2025-10-21T20:12:56.129+0000] {processor.py:840} INFO - DAG(s) 'gold_layer_aggregation' retrieved from /opt/airflow/dags/gold_dag.py
[2025-10-21T20:12:56.151+0000] {logging_mixin.py:188} INFO - [2025-10-21T20:12:56.151+0000] {dag.py:3096} INFO - Sync 1 DAGs
[2025-10-21T20:12:56.190+0000] {processor.py:183} INFO - Processing /opt/airflow/dags/gold_dag.py took 0.090 seconds
[2025-10-21T20:13:26.877+0000] {processor.py:161} INFO - Started process (PID=333) to work on /opt/airflow/dags/gold_dag.py
[2025-10-21T20:13:26.878+0000] {processor.py:830} INFO - Processing file /opt/airflow/dags/gold_dag.py for tasks to queue
[2025-10-21T20:13:26.880+0000] {logging_mixin.py:188} INFO - [2025-10-21T20:13:26.880+0000] {dagbag.py:540} INFO - Filling up the DagBag from /opt/airflow/dags/gold_dag.py
[2025-10-21T20:13:26.897+0000] {processor.py:840} INFO - DAG(s) 'gold_layer_aggregation' retrieved from /opt/airflow/dags/gold_dag.py
[2025-10-21T20:13:26.914+0000] {logging_mixin.py:188} INFO - [2025-10-21T20:13:26.914+0000] {dag.py:3096} INFO - Sync 1 DAGs
[2025-10-21T20:13:26.945+0000] {processor.py:183} INFO - Processing /opt/airflow/dags/gold_dag.py took 0.074 seconds
[2025-10-21T20:13:57.154+0000] {processor.py:161} INFO - Started process (PID=336) to work on /opt/airflow/dags/gold_dag.py
[2025-10-21T20:13:57.155+0000] {processor.py:830} INFO - Processing file /opt/airflow/dags/gold_dag.py for tasks to queue
[2025-10-21T20:13:57.157+0000] {logging_mixin.py:188} INFO - [2025-10-21T20:13:57.156+0000] {dagbag.py:540} INFO - Filling up the DagBag from /opt/airflow/dags/gold_dag.py
[2025-10-21T20:13:57.176+0000] {processor.py:840} INFO - DAG(s) 'gold_layer_aggregation' retrieved from /opt/airflow/dags/gold_dag.py
[2025-10-21T20:13:57.197+0000] {logging_mixin.py:188} INFO - [2025-10-21T20:13:57.196+0000] {dag.py:3096} INFO - Sync 1 DAGs
[2025-10-21T20:13:57.233+0000] {processor.py:183} INFO - Processing /opt/airflow/dags/gold_dag.py took 0.085 seconds
[2025-10-21T20:14:56.976+0000] {processor.py:161} INFO - Started process (PID=339) to work on /opt/airflow/dags/gold_dag.py
[2025-10-21T20:14:56.977+0000] {processor.py:830} INFO - Processing file /opt/airflow/dags/gold_dag.py for tasks to queue
[2025-10-21T20:14:56.979+0000] {logging_mixin.py:188} INFO - [2025-10-21T20:14:56.978+0000] {dagbag.py:540} INFO - Filling up the DagBag from /opt/airflow/dags/gold_dag.py
[2025-10-21T20:14:56.998+0000] {processor.py:840} INFO - DAG(s) 'gold_layer_aggregation' retrieved from /opt/airflow/dags/gold_dag.py
[2025-10-21T20:14:57.020+0000] {logging_mixin.py:188} INFO - [2025-10-21T20:14:57.019+0000] {dag.py:3096} INFO - Sync 1 DAGs
[2025-10-21T20:14:57.056+0000] {processor.py:183} INFO - Processing /opt/airflow/dags/gold_dag.py took 0.086 seconds
[2025-10-21T20:15:57.556+0000] {processor.py:161} INFO - Started process (PID=342) to work on /opt/airflow/dags/gold_dag.py
[2025-10-21T20:15:57.557+0000] {processor.py:830} INFO - Processing file /opt/airflow/dags/gold_dag.py for tasks to queue
[2025-10-21T20:15:57.563+0000] {logging_mixin.py:188} INFO - [2025-10-21T20:15:57.562+0000] {dagbag.py:540} INFO - Filling up the DagBag from /opt/airflow/dags/gold_dag.py
[2025-10-21T20:15:57.586+0000] {processor.py:840} INFO - DAG(s) 'gold_layer_aggregation' retrieved from /opt/airflow/dags/gold_dag.py
[2025-10-21T20:15:57.616+0000] {logging_mixin.py:188} INFO - [2025-10-21T20:15:57.616+0000] {dag.py:3096} INFO - Sync 1 DAGs
[2025-10-21T20:15:57.657+0000] {processor.py:183} INFO - Processing /opt/airflow/dags/gold_dag.py took 0.108 seconds
[2025-10-21T20:16:27.867+0000] {processor.py:161} INFO - Started process (PID=345) to work on /opt/airflow/dags/gold_dag.py
[2025-10-21T20:16:27.868+0000] {processor.py:830} INFO - Processing file /opt/airflow/dags/gold_dag.py for tasks to queue
[2025-10-21T20:16:27.869+0000] {logging_mixin.py:188} INFO - [2025-10-21T20:16:27.869+0000] {dagbag.py:540} INFO - Filling up the DagBag from /opt/airflow/dags/gold_dag.py
[2025-10-21T20:16:27.886+0000] {processor.py:840} INFO - DAG(s) 'gold_layer_aggregation' retrieved from /opt/airflow/dags/gold_dag.py
[2025-10-21T20:16:27.896+0000] {logging_mixin.py:188} INFO - [2025-10-21T20:16:27.896+0000] {dag.py:3096} INFO - Sync 1 DAGs
[2025-10-21T20:16:27.927+0000] {processor.py:183} INFO - Processing /opt/airflow/dags/gold_dag.py took 0.065 seconds
[2025-10-21T20:30:52.408+0000] {processor.py:161} INFO - Started process (PID=85) to work on /opt/airflow/dags/gold_dag.py
[2025-10-21T20:30:52.410+0000] {processor.py:830} INFO - Processing file /opt/airflow/dags/gold_dag.py for tasks to queue
[2025-10-21T20:30:52.412+0000] {logging_mixin.py:188} INFO - [2025-10-21T20:30:52.412+0000] {dagbag.py:540} INFO - Filling up the DagBag from /opt/airflow/dags/gold_dag.py
[2025-10-21T20:30:52.440+0000] {processor.py:840} INFO - DAG(s) 'gold_layer_aggregation' retrieved from /opt/airflow/dags/gold_dag.py
[2025-10-21T20:30:52.638+0000] {logging_mixin.py:188} INFO - [2025-10-21T20:30:52.637+0000] {dag.py:3096} INFO - Sync 1 DAGs
[2025-10-21T20:30:52.671+0000] {processor.py:183} INFO - Processing /opt/airflow/dags/gold_dag.py took 0.269 seconds
[2025-10-21T20:31:22.877+0000] {processor.py:161} INFO - Started process (PID=92) to work on /opt/airflow/dags/gold_dag.py
[2025-10-21T20:31:22.878+0000] {processor.py:830} INFO - Processing file /opt/airflow/dags/gold_dag.py for tasks to queue
[2025-10-21T20:31:22.880+0000] {logging_mixin.py:188} INFO - [2025-10-21T20:31:22.880+0000] {dagbag.py:540} INFO - Filling up the DagBag from /opt/airflow/dags/gold_dag.py
[2025-10-21T20:31:22.900+0000] {processor.py:840} INFO - DAG(s) 'gold_layer_aggregation' retrieved from /opt/airflow/dags/gold_dag.py
[2025-10-21T20:31:22.919+0000] {logging_mixin.py:188} INFO - [2025-10-21T20:31:22.918+0000] {dag.py:3096} INFO - Sync 1 DAGs
[2025-10-21T20:31:22.959+0000] {processor.py:183} INFO - Processing /opt/airflow/dags/gold_dag.py took 0.088 seconds
[2025-10-21T20:32:21.716+0000] {processor.py:161} INFO - Started process (PID=95) to work on /opt/airflow/dags/gold_dag.py
[2025-10-21T20:32:21.717+0000] {processor.py:830} INFO - Processing file /opt/airflow/dags/gold_dag.py for tasks to queue
[2025-10-21T20:32:21.718+0000] {logging_mixin.py:188} INFO - [2025-10-21T20:32:21.718+0000] {dagbag.py:540} INFO - Filling up the DagBag from /opt/airflow/dags/gold_dag.py
[2025-10-21T20:32:21.733+0000] {processor.py:840} INFO - DAG(s) 'gold_layer_aggregation' retrieved from /opt/airflow/dags/gold_dag.py
[2025-10-21T20:32:21.750+0000] {logging_mixin.py:188} INFO - [2025-10-21T20:32:21.750+0000] {dag.py:3096} INFO - Sync 1 DAGs
[2025-10-21T20:32:21.781+0000] {processor.py:183} INFO - Processing /opt/airflow/dags/gold_dag.py took 0.070 seconds
[2025-10-21T20:32:51.968+0000] {processor.py:161} INFO - Started process (PID=98) to work on /opt/airflow/dags/gold_dag.py
[2025-10-21T20:32:51.969+0000] {processor.py:830} INFO - Processing file /opt/airflow/dags/gold_dag.py for tasks to queue
[2025-10-21T20:32:51.970+0000] {logging_mixin.py:188} INFO - [2025-10-21T20:32:51.970+0000] {dagbag.py:540} INFO - Filling up the DagBag from /opt/airflow/dags/gold_dag.py
[2025-10-21T20:32:51.986+0000] {processor.py:840} INFO - DAG(s) 'gold_layer_aggregation' retrieved from /opt/airflow/dags/gold_dag.py
[2025-10-21T20:32:52.008+0000] {logging_mixin.py:188} INFO - [2025-10-21T20:32:52.008+0000] {dag.py:3096} INFO - Sync 1 DAGs
[2025-10-21T20:32:52.036+0000] {processor.py:183} INFO - Processing /opt/airflow/dags/gold_dag.py took 0.074 seconds
[2025-10-21T20:33:22.907+0000] {processor.py:161} INFO - Started process (PID=101) to work on /opt/airflow/dags/gold_dag.py
[2025-10-21T20:33:22.908+0000] {processor.py:830} INFO - Processing file /opt/airflow/dags/gold_dag.py for tasks to queue
[2025-10-21T20:33:22.909+0000] {logging_mixin.py:188} INFO - [2025-10-21T20:33:22.909+0000] {dagbag.py:540} INFO - Filling up the DagBag from /opt/airflow/dags/gold_dag.py
[2025-10-21T20:33:22.925+0000] {processor.py:840} INFO - DAG(s) 'gold_layer_aggregation' retrieved from /opt/airflow/dags/gold_dag.py
[2025-10-21T20:33:22.941+0000] {logging_mixin.py:188} INFO - [2025-10-21T20:33:22.941+0000] {dag.py:3096} INFO - Sync 1 DAGs
[2025-10-21T20:33:22.968+0000] {processor.py:183} INFO - Processing /opt/airflow/dags/gold_dag.py took 0.065 seconds
[2025-10-21T20:33:53.900+0000] {processor.py:161} INFO - Started process (PID=104) to work on /opt/airflow/dags/gold_dag.py
[2025-10-21T20:33:53.901+0000] {processor.py:830} INFO - Processing file /opt/airflow/dags/gold_dag.py for tasks to queue
[2025-10-21T20:33:53.903+0000] {logging_mixin.py:188} INFO - [2025-10-21T20:33:53.902+0000] {dagbag.py:540} INFO - Filling up the DagBag from /opt/airflow/dags/gold_dag.py
[2025-10-21T20:33:53.918+0000] {processor.py:840} INFO - DAG(s) 'gold_layer_aggregation' retrieved from /opt/airflow/dags/gold_dag.py
[2025-10-21T20:33:53.935+0000] {logging_mixin.py:188} INFO - [2025-10-21T20:33:53.935+0000] {dag.py:3096} INFO - Sync 1 DAGs
[2025-10-21T20:33:53.966+0000] {processor.py:183} INFO - Processing /opt/airflow/dags/gold_dag.py took 0.071 seconds
[2025-10-21T20:34:24.861+0000] {processor.py:161} INFO - Started process (PID=107) to work on /opt/airflow/dags/gold_dag.py
[2025-10-21T20:34:24.862+0000] {processor.py:830} INFO - Processing file /opt/airflow/dags/gold_dag.py for tasks to queue
[2025-10-21T20:34:24.863+0000] {logging_mixin.py:188} INFO - [2025-10-21T20:34:24.863+0000] {dagbag.py:540} INFO - Filling up the DagBag from /opt/airflow/dags/gold_dag.py
[2025-10-21T20:34:24.879+0000] {processor.py:840} INFO - DAG(s) 'gold_layer_aggregation' retrieved from /opt/airflow/dags/gold_dag.py
[2025-10-21T20:34:24.895+0000] {logging_mixin.py:188} INFO - [2025-10-21T20:34:24.895+0000] {dag.py:3096} INFO - Sync 1 DAGs
[2025-10-21T20:34:24.924+0000] {processor.py:183} INFO - Processing /opt/airflow/dags/gold_dag.py took 0.067 seconds
[2025-10-21T20:35:03.219+0000] {processor.py:161} INFO - Started process (PID=110) to work on /opt/airflow/dags/gold_dag.py
[2025-10-21T20:35:03.220+0000] {processor.py:830} INFO - Processing file /opt/airflow/dags/gold_dag.py for tasks to queue
[2025-10-21T20:35:03.222+0000] {logging_mixin.py:188} INFO - [2025-10-21T20:35:03.222+0000] {dagbag.py:540} INFO - Filling up the DagBag from /opt/airflow/dags/gold_dag.py
[2025-10-21T20:35:03.238+0000] {processor.py:840} INFO - DAG(s) 'gold_layer_aggregation' retrieved from /opt/airflow/dags/gold_dag.py
[2025-10-21T20:35:03.257+0000] {logging_mixin.py:188} INFO - [2025-10-21T20:35:03.257+0000] {dag.py:3096} INFO - Sync 1 DAGs
[2025-10-21T20:35:03.288+0000] {processor.py:183} INFO - Processing /opt/airflow/dags/gold_dag.py took 0.074 seconds
[2025-10-21T20:35:34.258+0000] {processor.py:161} INFO - Started process (PID=113) to work on /opt/airflow/dags/gold_dag.py
[2025-10-21T20:35:34.259+0000] {processor.py:830} INFO - Processing file /opt/airflow/dags/gold_dag.py for tasks to queue
[2025-10-21T20:35:34.261+0000] {logging_mixin.py:188} INFO - [2025-10-21T20:35:34.260+0000] {dagbag.py:540} INFO - Filling up the DagBag from /opt/airflow/dags/gold_dag.py
[2025-10-21T20:35:34.277+0000] {processor.py:840} INFO - DAG(s) 'gold_layer_aggregation' retrieved from /opt/airflow/dags/gold_dag.py
[2025-10-21T20:35:34.295+0000] {logging_mixin.py:188} INFO - [2025-10-21T20:35:34.295+0000] {dag.py:3096} INFO - Sync 1 DAGs
[2025-10-21T20:35:34.325+0000] {processor.py:183} INFO - Processing /opt/airflow/dags/gold_dag.py took 0.073 seconds
[2025-10-21T20:36:04.654+0000] {processor.py:161} INFO - Started process (PID=116) to work on /opt/airflow/dags/gold_dag.py
[2025-10-21T20:36:04.654+0000] {processor.py:830} INFO - Processing file /opt/airflow/dags/gold_dag.py for tasks to queue
[2025-10-21T20:36:04.656+0000] {logging_mixin.py:188} INFO - [2025-10-21T20:36:04.656+0000] {dagbag.py:540} INFO - Filling up the DagBag from /opt/airflow/dags/gold_dag.py
[2025-10-21T20:36:04.673+0000] {processor.py:840} INFO - DAG(s) 'gold_layer_aggregation' retrieved from /opt/airflow/dags/gold_dag.py
[2025-10-21T20:36:04.691+0000] {logging_mixin.py:188} INFO - [2025-10-21T20:36:04.691+0000] {dag.py:3096} INFO - Sync 1 DAGs
[2025-10-21T20:36:04.720+0000] {processor.py:183} INFO - Processing /opt/airflow/dags/gold_dag.py took 0.071 seconds
[2025-10-21T20:36:55.484+0000] {processor.py:161} INFO - Started process (PID=119) to work on /opt/airflow/dags/gold_dag.py
[2025-10-21T20:36:55.485+0000] {processor.py:830} INFO - Processing file /opt/airflow/dags/gold_dag.py for tasks to queue
[2025-10-21T20:36:55.487+0000] {logging_mixin.py:188} INFO - [2025-10-21T20:36:55.487+0000] {dagbag.py:540} INFO - Filling up the DagBag from /opt/airflow/dags/gold_dag.py
[2025-10-21T20:36:55.503+0000] {processor.py:840} INFO - DAG(s) 'gold_layer_aggregation' retrieved from /opt/airflow/dags/gold_dag.py
[2025-10-21T20:36:55.522+0000] {logging_mixin.py:188} INFO - [2025-10-21T20:36:55.522+0000] {dag.py:3096} INFO - Sync 1 DAGs
[2025-10-21T20:36:55.552+0000] {processor.py:183} INFO - Processing /opt/airflow/dags/gold_dag.py took 0.073 seconds
[2025-10-21T20:37:25.744+0000] {processor.py:161} INFO - Started process (PID=122) to work on /opt/airflow/dags/gold_dag.py
[2025-10-21T20:37:25.745+0000] {processor.py:830} INFO - Processing file /opt/airflow/dags/gold_dag.py for tasks to queue
[2025-10-21T20:37:25.747+0000] {logging_mixin.py:188} INFO - [2025-10-21T20:37:25.747+0000] {dagbag.py:540} INFO - Filling up the DagBag from /opt/airflow/dags/gold_dag.py
[2025-10-21T20:37:25.763+0000] {processor.py:840} INFO - DAG(s) 'gold_layer_aggregation' retrieved from /opt/airflow/dags/gold_dag.py
[2025-10-21T20:37:25.781+0000] {logging_mixin.py:188} INFO - [2025-10-21T20:37:25.780+0000] {dag.py:3096} INFO - Sync 1 DAGs
[2025-10-21T20:37:25.811+0000] {processor.py:183} INFO - Processing /opt/airflow/dags/gold_dag.py took 0.071 seconds
[2025-10-21T20:37:56.245+0000] {processor.py:161} INFO - Started process (PID=125) to work on /opt/airflow/dags/gold_dag.py
[2025-10-21T20:37:56.245+0000] {processor.py:830} INFO - Processing file /opt/airflow/dags/gold_dag.py for tasks to queue
[2025-10-21T20:37:56.247+0000] {logging_mixin.py:188} INFO - [2025-10-21T20:37:56.247+0000] {dagbag.py:540} INFO - Filling up the DagBag from /opt/airflow/dags/gold_dag.py
[2025-10-21T20:37:56.264+0000] {processor.py:840} INFO - DAG(s) 'gold_layer_aggregation' retrieved from /opt/airflow/dags/gold_dag.py
[2025-10-21T20:37:56.281+0000] {logging_mixin.py:188} INFO - [2025-10-21T20:37:56.281+0000] {dag.py:3096} INFO - Sync 1 DAGs
[2025-10-21T20:37:56.312+0000] {processor.py:183} INFO - Processing /opt/airflow/dags/gold_dag.py took 0.072 seconds
[2025-10-21T20:38:48.087+0000] {processor.py:161} INFO - Started process (PID=128) to work on /opt/airflow/dags/gold_dag.py
[2025-10-21T20:38:48.088+0000] {processor.py:830} INFO - Processing file /opt/airflow/dags/gold_dag.py for tasks to queue
[2025-10-21T20:38:48.090+0000] {logging_mixin.py:188} INFO - [2025-10-21T20:38:48.089+0000] {dagbag.py:540} INFO - Filling up the DagBag from /opt/airflow/dags/gold_dag.py
[2025-10-21T20:38:48.107+0000] {processor.py:840} INFO - DAG(s) 'gold_layer_aggregation' retrieved from /opt/airflow/dags/gold_dag.py
[2025-10-21T20:38:48.126+0000] {logging_mixin.py:188} INFO - [2025-10-21T20:38:48.125+0000] {dag.py:3096} INFO - Sync 1 DAGs
[2025-10-21T20:38:48.155+0000] {processor.py:183} INFO - Processing /opt/airflow/dags/gold_dag.py took 0.074 seconds
[2025-10-21T20:39:18.346+0000] {processor.py:161} INFO - Started process (PID=131) to work on /opt/airflow/dags/gold_dag.py
[2025-10-21T20:39:18.347+0000] {processor.py:830} INFO - Processing file /opt/airflow/dags/gold_dag.py for tasks to queue
[2025-10-21T20:39:18.348+0000] {logging_mixin.py:188} INFO - [2025-10-21T20:39:18.348+0000] {dagbag.py:540} INFO - Filling up the DagBag from /opt/airflow/dags/gold_dag.py
[2025-10-21T20:39:18.365+0000] {processor.py:840} INFO - DAG(s) 'gold_layer_aggregation' retrieved from /opt/airflow/dags/gold_dag.py
[2025-10-21T20:39:18.382+0000] {logging_mixin.py:188} INFO - [2025-10-21T20:39:18.382+0000] {dag.py:3096} INFO - Sync 1 DAGs
[2025-10-21T20:39:18.412+0000] {processor.py:183} INFO - Processing /opt/airflow/dags/gold_dag.py took 0.072 seconds
[2025-10-21T20:39:49.306+0000] {processor.py:161} INFO - Started process (PID=134) to work on /opt/airflow/dags/gold_dag.py
[2025-10-21T20:39:49.307+0000] {processor.py:830} INFO - Processing file /opt/airflow/dags/gold_dag.py for tasks to queue
[2025-10-21T20:39:49.308+0000] {logging_mixin.py:188} INFO - [2025-10-21T20:39:49.308+0000] {dagbag.py:540} INFO - Filling up the DagBag from /opt/airflow/dags/gold_dag.py
[2025-10-21T20:39:49.326+0000] {processor.py:840} INFO - DAG(s) 'gold_layer_aggregation' retrieved from /opt/airflow/dags/gold_dag.py
[2025-10-21T20:39:49.343+0000] {logging_mixin.py:188} INFO - [2025-10-21T20:39:49.343+0000] {dag.py:3096} INFO - Sync 1 DAGs
[2025-10-21T20:39:49.380+0000] {processor.py:183} INFO - Processing /opt/airflow/dags/gold_dag.py took 0.080 seconds
[2025-10-21T20:40:47.221+0000] {processor.py:161} INFO - Started process (PID=137) to work on /opt/airflow/dags/gold_dag.py
[2025-10-21T20:40:47.222+0000] {processor.py:830} INFO - Processing file /opt/airflow/dags/gold_dag.py for tasks to queue
[2025-10-21T20:40:47.224+0000] {logging_mixin.py:188} INFO - [2025-10-21T20:40:47.224+0000] {dagbag.py:540} INFO - Filling up the DagBag from /opt/airflow/dags/gold_dag.py
[2025-10-21T20:40:47.241+0000] {processor.py:840} INFO - DAG(s) 'gold_layer_aggregation' retrieved from /opt/airflow/dags/gold_dag.py
[2025-10-21T20:40:47.259+0000] {logging_mixin.py:188} INFO - [2025-10-21T20:40:47.259+0000] {dag.py:3096} INFO - Sync 1 DAGs
[2025-10-21T20:40:47.294+0000] {processor.py:183} INFO - Processing /opt/airflow/dags/gold_dag.py took 0.078 seconds
[2025-10-21T20:41:18.225+0000] {processor.py:161} INFO - Started process (PID=140) to work on /opt/airflow/dags/gold_dag.py
[2025-10-21T20:41:18.225+0000] {processor.py:830} INFO - Processing file /opt/airflow/dags/gold_dag.py for tasks to queue
[2025-10-21T20:41:18.227+0000] {logging_mixin.py:188} INFO - [2025-10-21T20:41:18.227+0000] {dagbag.py:540} INFO - Filling up the DagBag from /opt/airflow/dags/gold_dag.py
[2025-10-21T20:41:18.243+0000] {processor.py:840} INFO - DAG(s) 'gold_layer_aggregation' retrieved from /opt/airflow/dags/gold_dag.py
[2025-10-21T20:41:18.261+0000] {logging_mixin.py:188} INFO - [2025-10-21T20:41:18.261+0000] {dag.py:3096} INFO - Sync 1 DAGs
[2025-10-21T20:41:18.295+0000] {processor.py:183} INFO - Processing /opt/airflow/dags/gold_dag.py took 0.076 seconds
[2025-10-21T20:41:48.487+0000] {processor.py:161} INFO - Started process (PID=143) to work on /opt/airflow/dags/gold_dag.py
[2025-10-21T20:41:48.488+0000] {processor.py:830} INFO - Processing file /opt/airflow/dags/gold_dag.py for tasks to queue
[2025-10-21T20:41:48.490+0000] {logging_mixin.py:188} INFO - [2025-10-21T20:41:48.490+0000] {dagbag.py:540} INFO - Filling up the DagBag from /opt/airflow/dags/gold_dag.py
[2025-10-21T20:41:48.506+0000] {processor.py:840} INFO - DAG(s) 'gold_layer_aggregation' retrieved from /opt/airflow/dags/gold_dag.py
[2025-10-21T20:41:48.525+0000] {logging_mixin.py:188} INFO - [2025-10-21T20:41:48.525+0000] {dag.py:3096} INFO - Sync 1 DAGs
[2025-10-21T20:41:48.555+0000] {processor.py:183} INFO - Processing /opt/airflow/dags/gold_dag.py took 0.072 seconds
[2025-10-21T20:42:49.382+0000] {processor.py:161} INFO - Started process (PID=146) to work on /opt/airflow/dags/gold_dag.py
[2025-10-21T20:42:49.383+0000] {processor.py:830} INFO - Processing file /opt/airflow/dags/gold_dag.py for tasks to queue
[2025-10-21T20:42:49.385+0000] {logging_mixin.py:188} INFO - [2025-10-21T20:42:49.384+0000] {dagbag.py:540} INFO - Filling up the DagBag from /opt/airflow/dags/gold_dag.py
[2025-10-21T20:42:49.403+0000] {processor.py:840} INFO - DAG(s) 'gold_layer_aggregation' retrieved from /opt/airflow/dags/gold_dag.py
[2025-10-21T20:42:49.423+0000] {logging_mixin.py:188} INFO - [2025-10-21T20:42:49.422+0000] {dag.py:3096} INFO - Sync 1 DAGs
[2025-10-21T20:42:49.455+0000] {processor.py:183} INFO - Processing /opt/airflow/dags/gold_dag.py took 0.077 seconds
[2025-10-21T20:43:19.649+0000] {processor.py:161} INFO - Started process (PID=149) to work on /opt/airflow/dags/gold_dag.py
[2025-10-21T20:43:19.649+0000] {processor.py:830} INFO - Processing file /opt/airflow/dags/gold_dag.py for tasks to queue
[2025-10-21T20:43:19.651+0000] {logging_mixin.py:188} INFO - [2025-10-21T20:43:19.651+0000] {dagbag.py:540} INFO - Filling up the DagBag from /opt/airflow/dags/gold_dag.py
[2025-10-21T20:43:19.668+0000] {processor.py:840} INFO - DAG(s) 'gold_layer_aggregation' retrieved from /opt/airflow/dags/gold_dag.py
[2025-10-21T20:43:19.685+0000] {logging_mixin.py:188} INFO - [2025-10-21T20:43:19.685+0000] {dag.py:3096} INFO - Sync 1 DAGs
[2025-10-21T20:43:19.714+0000] {processor.py:183} INFO - Processing /opt/airflow/dags/gold_dag.py took 0.071 seconds
[2025-10-21T20:43:50.576+0000] {processor.py:161} INFO - Started process (PID=152) to work on /opt/airflow/dags/gold_dag.py
[2025-10-21T20:43:50.577+0000] {processor.py:830} INFO - Processing file /opt/airflow/dags/gold_dag.py for tasks to queue
[2025-10-21T20:43:50.579+0000] {logging_mixin.py:188} INFO - [2025-10-21T20:43:50.579+0000] {dagbag.py:540} INFO - Filling up the DagBag from /opt/airflow/dags/gold_dag.py
[2025-10-21T20:43:50.596+0000] {processor.py:840} INFO - DAG(s) 'gold_layer_aggregation' retrieved from /opt/airflow/dags/gold_dag.py
[2025-10-21T20:43:50.613+0000] {logging_mixin.py:188} INFO - [2025-10-21T20:43:50.613+0000] {dag.py:3096} INFO - Sync 1 DAGs
[2025-10-21T20:43:50.642+0000] {processor.py:183} INFO - Processing /opt/airflow/dags/gold_dag.py took 0.071 seconds
[2025-10-21T20:44:21.330+0000] {processor.py:161} INFO - Started process (PID=155) to work on /opt/airflow/dags/gold_dag.py
[2025-10-21T20:44:21.331+0000] {processor.py:830} INFO - Processing file /opt/airflow/dags/gold_dag.py for tasks to queue
[2025-10-21T20:44:21.333+0000] {logging_mixin.py:188} INFO - [2025-10-21T20:44:21.332+0000] {dagbag.py:540} INFO - Filling up the DagBag from /opt/airflow/dags/gold_dag.py
[2025-10-21T20:44:21.348+0000] {processor.py:840} INFO - DAG(s) 'gold_layer_aggregation' retrieved from /opt/airflow/dags/gold_dag.py
[2025-10-21T20:44:21.365+0000] {logging_mixin.py:188} INFO - [2025-10-21T20:44:21.365+0000] {dag.py:3096} INFO - Sync 1 DAGs
[2025-10-21T20:44:21.393+0000] {processor.py:183} INFO - Processing /opt/airflow/dags/gold_dag.py took 0.068 seconds
[2025-10-21T20:44:52.276+0000] {processor.py:161} INFO - Started process (PID=158) to work on /opt/airflow/dags/gold_dag.py
[2025-10-21T20:44:52.277+0000] {processor.py:830} INFO - Processing file /opt/airflow/dags/gold_dag.py for tasks to queue
[2025-10-21T20:44:52.278+0000] {logging_mixin.py:188} INFO - [2025-10-21T20:44:52.278+0000] {dagbag.py:540} INFO - Filling up the DagBag from /opt/airflow/dags/gold_dag.py
[2025-10-21T20:44:52.295+0000] {processor.py:840} INFO - DAG(s) 'gold_layer_aggregation' retrieved from /opt/airflow/dags/gold_dag.py
[2025-10-21T20:44:52.313+0000] {logging_mixin.py:188} INFO - [2025-10-21T20:44:52.313+0000] {dag.py:3096} INFO - Sync 1 DAGs
[2025-10-21T20:44:52.342+0000] {processor.py:183} INFO - Processing /opt/airflow/dags/gold_dag.py took 0.072 seconds
[2025-10-21T20:45:22.405+0000] {processor.py:161} INFO - Started process (PID=161) to work on /opt/airflow/dags/gold_dag.py
[2025-10-21T20:45:22.406+0000] {processor.py:830} INFO - Processing file /opt/airflow/dags/gold_dag.py for tasks to queue
[2025-10-21T20:45:22.408+0000] {logging_mixin.py:188} INFO - [2025-10-21T20:45:22.407+0000] {dagbag.py:540} INFO - Filling up the DagBag from /opt/airflow/dags/gold_dag.py
[2025-10-21T20:45:22.425+0000] {processor.py:840} INFO - DAG(s) 'gold_layer_aggregation' retrieved from /opt/airflow/dags/gold_dag.py
[2025-10-21T20:45:22.442+0000] {logging_mixin.py:188} INFO - [2025-10-21T20:45:22.442+0000] {dag.py:3096} INFO - Sync 1 DAGs
[2025-10-21T20:45:22.474+0000] {processor.py:183} INFO - Processing /opt/airflow/dags/gold_dag.py took 0.074 seconds
[2025-10-21T20:45:53.332+0000] {processor.py:161} INFO - Started process (PID=164) to work on /opt/airflow/dags/gold_dag.py
[2025-10-21T20:45:53.333+0000] {processor.py:830} INFO - Processing file /opt/airflow/dags/gold_dag.py for tasks to queue
[2025-10-21T20:45:53.334+0000] {logging_mixin.py:188} INFO - [2025-10-21T20:45:53.334+0000] {dagbag.py:540} INFO - Filling up the DagBag from /opt/airflow/dags/gold_dag.py
[2025-10-21T20:45:53.351+0000] {processor.py:840} INFO - DAG(s) 'gold_layer_aggregation' retrieved from /opt/airflow/dags/gold_dag.py
[2025-10-21T20:45:53.368+0000] {logging_mixin.py:188} INFO - [2025-10-21T20:45:53.368+0000] {dag.py:3096} INFO - Sync 1 DAGs
[2025-10-21T20:45:53.399+0000] {processor.py:183} INFO - Processing /opt/airflow/dags/gold_dag.py took 0.073 seconds
[2025-10-21T20:46:53.234+0000] {processor.py:161} INFO - Started process (PID=167) to work on /opt/airflow/dags/gold_dag.py
[2025-10-21T20:46:53.235+0000] {processor.py:830} INFO - Processing file /opt/airflow/dags/gold_dag.py for tasks to queue
[2025-10-21T20:46:53.237+0000] {logging_mixin.py:188} INFO - [2025-10-21T20:46:53.236+0000] {dagbag.py:540} INFO - Filling up the DagBag from /opt/airflow/dags/gold_dag.py
[2025-10-21T20:46:53.255+0000] {processor.py:840} INFO - DAG(s) 'gold_layer_aggregation' retrieved from /opt/airflow/dags/gold_dag.py
[2025-10-21T20:46:53.274+0000] {logging_mixin.py:188} INFO - [2025-10-21T20:46:53.274+0000] {dag.py:3096} INFO - Sync 1 DAGs
[2025-10-21T20:46:53.308+0000] {processor.py:183} INFO - Processing /opt/airflow/dags/gold_dag.py took 0.079 seconds
[2025-10-21T20:47:42.706+0000] {processor.py:161} INFO - Started process (PID=170) to work on /opt/airflow/dags/gold_dag.py
[2025-10-21T20:47:42.707+0000] {processor.py:830} INFO - Processing file /opt/airflow/dags/gold_dag.py for tasks to queue
[2025-10-21T20:47:42.710+0000] {logging_mixin.py:188} INFO - [2025-10-21T20:47:42.710+0000] {dagbag.py:540} INFO - Filling up the DagBag from /opt/airflow/dags/gold_dag.py
[2025-10-21T20:47:42.733+0000] {processor.py:840} INFO - DAG(s) 'gold_layer_aggregation' retrieved from /opt/airflow/dags/gold_dag.py
[2025-10-21T20:47:42.755+0000] {logging_mixin.py:188} INFO - [2025-10-21T20:47:42.755+0000] {dag.py:3096} INFO - Sync 1 DAGs
[2025-10-21T20:47:42.794+0000] {processor.py:183} INFO - Processing /opt/airflow/dags/gold_dag.py took 0.094 seconds
[2025-10-21T20:48:13.479+0000] {processor.py:161} INFO - Started process (PID=173) to work on /opt/airflow/dags/gold_dag.py
[2025-10-21T20:48:13.480+0000] {processor.py:830} INFO - Processing file /opt/airflow/dags/gold_dag.py for tasks to queue
[2025-10-21T20:48:13.482+0000] {logging_mixin.py:188} INFO - [2025-10-21T20:48:13.482+0000] {dagbag.py:540} INFO - Filling up the DagBag from /opt/airflow/dags/gold_dag.py
[2025-10-21T20:48:13.500+0000] {processor.py:840} INFO - DAG(s) 'gold_layer_aggregation' retrieved from /opt/airflow/dags/gold_dag.py
[2025-10-21T20:48:13.520+0000] {logging_mixin.py:188} INFO - [2025-10-21T20:48:13.520+0000] {dag.py:3096} INFO - Sync 1 DAGs
[2025-10-21T20:48:13.550+0000] {processor.py:183} INFO - Processing /opt/airflow/dags/gold_dag.py took 0.077 seconds
[2025-10-21T20:48:46.457+0000] {processor.py:161} INFO - Started process (PID=176) to work on /opt/airflow/dags/gold_dag.py
[2025-10-21T20:48:46.458+0000] {processor.py:830} INFO - Processing file /opt/airflow/dags/gold_dag.py for tasks to queue
[2025-10-21T20:48:46.460+0000] {logging_mixin.py:188} INFO - [2025-10-21T20:48:46.459+0000] {dagbag.py:540} INFO - Filling up the DagBag from /opt/airflow/dags/gold_dag.py
[2025-10-21T20:48:46.477+0000] {processor.py:840} INFO - DAG(s) 'gold_layer_aggregation' retrieved from /opt/airflow/dags/gold_dag.py
[2025-10-21T20:48:46.495+0000] {logging_mixin.py:188} INFO - [2025-10-21T20:48:46.495+0000] {dag.py:3096} INFO - Sync 1 DAGs
[2025-10-21T20:48:46.523+0000] {processor.py:183} INFO - Processing /opt/airflow/dags/gold_dag.py took 0.072 seconds
[2025-10-21T20:49:18.452+0000] {processor.py:161} INFO - Started process (PID=179) to work on /opt/airflow/dags/gold_dag.py
[2025-10-21T20:49:18.453+0000] {processor.py:830} INFO - Processing file /opt/airflow/dags/gold_dag.py for tasks to queue
[2025-10-21T20:49:18.454+0000] {logging_mixin.py:188} INFO - [2025-10-21T20:49:18.454+0000] {dagbag.py:540} INFO - Filling up the DagBag from /opt/airflow/dags/gold_dag.py
[2025-10-21T20:49:18.472+0000] {processor.py:840} INFO - DAG(s) 'gold_layer_aggregation' retrieved from /opt/airflow/dags/gold_dag.py
[2025-10-21T20:49:18.490+0000] {logging_mixin.py:188} INFO - [2025-10-21T20:49:18.490+0000] {dag.py:3096} INFO - Sync 1 DAGs
[2025-10-21T20:49:18.521+0000] {processor.py:183} INFO - Processing /opt/airflow/dags/gold_dag.py took 0.075 seconds
[2025-10-21T20:49:49.353+0000] {processor.py:161} INFO - Started process (PID=182) to work on /opt/airflow/dags/gold_dag.py
[2025-10-21T20:49:49.354+0000] {processor.py:830} INFO - Processing file /opt/airflow/dags/gold_dag.py for tasks to queue
[2025-10-21T20:49:49.356+0000] {logging_mixin.py:188} INFO - [2025-10-21T20:49:49.355+0000] {dagbag.py:540} INFO - Filling up the DagBag from /opt/airflow/dags/gold_dag.py
[2025-10-21T20:49:49.374+0000] {processor.py:840} INFO - DAG(s) 'gold_layer_aggregation' retrieved from /opt/airflow/dags/gold_dag.py
[2025-10-21T20:49:49.392+0000] {logging_mixin.py:188} INFO - [2025-10-21T20:49:49.392+0000] {dag.py:3096} INFO - Sync 1 DAGs
[2025-10-21T20:49:49.423+0000] {processor.py:183} INFO - Processing /opt/airflow/dags/gold_dag.py took 0.075 seconds
[2025-10-21T20:50:20.825+0000] {processor.py:161} INFO - Started process (PID=185) to work on /opt/airflow/dags/gold_dag.py
[2025-10-21T20:50:20.826+0000] {processor.py:830} INFO - Processing file /opt/airflow/dags/gold_dag.py for tasks to queue
[2025-10-21T20:50:20.829+0000] {logging_mixin.py:188} INFO - [2025-10-21T20:50:20.828+0000] {dagbag.py:540} INFO - Filling up the DagBag from /opt/airflow/dags/gold_dag.py
[2025-10-21T20:50:20.849+0000] {processor.py:840} INFO - DAG(s) 'gold_layer_aggregation' retrieved from /opt/airflow/dags/gold_dag.py
[2025-10-21T20:50:20.870+0000] {logging_mixin.py:188} INFO - [2025-10-21T20:50:20.869+0000] {dag.py:3096} INFO - Sync 1 DAGs
[2025-10-21T20:50:20.908+0000] {processor.py:183} INFO - Processing /opt/airflow/dags/gold_dag.py took 0.089 seconds
[2025-10-21T20:50:52.108+0000] {processor.py:161} INFO - Started process (PID=188) to work on /opt/airflow/dags/gold_dag.py
[2025-10-21T20:50:52.108+0000] {processor.py:830} INFO - Processing file /opt/airflow/dags/gold_dag.py for tasks to queue
[2025-10-21T20:50:52.110+0000] {logging_mixin.py:188} INFO - [2025-10-21T20:50:52.110+0000] {dagbag.py:540} INFO - Filling up the DagBag from /opt/airflow/dags/gold_dag.py
[2025-10-21T20:50:52.128+0000] {processor.py:840} INFO - DAG(s) 'gold_layer_aggregation' retrieved from /opt/airflow/dags/gold_dag.py
[2025-10-21T20:50:52.150+0000] {logging_mixin.py:188} INFO - [2025-10-21T20:50:52.149+0000] {dag.py:3096} INFO - Sync 1 DAGs
[2025-10-21T20:50:52.190+0000] {processor.py:183} INFO - Processing /opt/airflow/dags/gold_dag.py took 0.088 seconds
[2025-10-21T20:51:22.274+0000] {processor.py:161} INFO - Started process (PID=191) to work on /opt/airflow/dags/gold_dag.py
[2025-10-21T20:51:22.275+0000] {processor.py:830} INFO - Processing file /opt/airflow/dags/gold_dag.py for tasks to queue
[2025-10-21T20:51:22.277+0000] {logging_mixin.py:188} INFO - [2025-10-21T20:51:22.277+0000] {dagbag.py:540} INFO - Filling up the DagBag from /opt/airflow/dags/gold_dag.py
[2025-10-21T20:51:22.299+0000] {processor.py:840} INFO - DAG(s) 'gold_layer_aggregation' retrieved from /opt/airflow/dags/gold_dag.py
[2025-10-21T20:51:22.323+0000] {logging_mixin.py:188} INFO - [2025-10-21T20:51:22.322+0000] {dag.py:3096} INFO - Sync 1 DAGs
[2025-10-21T20:51:22.360+0000] {processor.py:183} INFO - Processing /opt/airflow/dags/gold_dag.py took 0.092 seconds
[2025-10-21T20:51:53.210+0000] {processor.py:161} INFO - Started process (PID=194) to work on /opt/airflow/dags/gold_dag.py
[2025-10-21T20:51:53.211+0000] {processor.py:830} INFO - Processing file /opt/airflow/dags/gold_dag.py for tasks to queue
[2025-10-21T20:51:53.213+0000] {logging_mixin.py:188} INFO - [2025-10-21T20:51:53.212+0000] {dagbag.py:540} INFO - Filling up the DagBag from /opt/airflow/dags/gold_dag.py
[2025-10-21T20:51:53.230+0000] {processor.py:840} INFO - DAG(s) 'gold_layer_aggregation' retrieved from /opt/airflow/dags/gold_dag.py
[2025-10-21T20:51:53.250+0000] {logging_mixin.py:188} INFO - [2025-10-21T20:51:53.250+0000] {dag.py:3096} INFO - Sync 1 DAGs
[2025-10-21T20:51:53.281+0000] {processor.py:183} INFO - Processing /opt/airflow/dags/gold_dag.py took 0.077 seconds
[2025-10-21T20:52:24.665+0000] {processor.py:161} INFO - Started process (PID=197) to work on /opt/airflow/dags/gold_dag.py
[2025-10-21T20:52:24.666+0000] {processor.py:830} INFO - Processing file /opt/airflow/dags/gold_dag.py for tasks to queue
[2025-10-21T20:52:24.668+0000] {logging_mixin.py:188} INFO - [2025-10-21T20:52:24.668+0000] {dagbag.py:540} INFO - Filling up the DagBag from /opt/airflow/dags/gold_dag.py
[2025-10-21T20:52:24.691+0000] {processor.py:840} INFO - DAG(s) 'gold_layer_aggregation' retrieved from /opt/airflow/dags/gold_dag.py
[2025-10-21T20:52:24.714+0000] {logging_mixin.py:188} INFO - [2025-10-21T20:52:24.713+0000] {dag.py:3096} INFO - Sync 1 DAGs
[2025-10-21T20:52:24.768+0000] {processor.py:183} INFO - Processing /opt/airflow/dags/gold_dag.py took 0.110 seconds
[2025-10-21T20:52:54.969+0000] {processor.py:161} INFO - Started process (PID=200) to work on /opt/airflow/dags/gold_dag.py
[2025-10-21T20:52:54.970+0000] {processor.py:830} INFO - Processing file /opt/airflow/dags/gold_dag.py for tasks to queue
[2025-10-21T20:52:54.972+0000] {logging_mixin.py:188} INFO - [2025-10-21T20:52:54.972+0000] {dagbag.py:540} INFO - Filling up the DagBag from /opt/airflow/dags/gold_dag.py
[2025-10-21T20:52:54.990+0000] {processor.py:840} INFO - DAG(s) 'gold_layer_aggregation' retrieved from /opt/airflow/dags/gold_dag.py
[2025-10-21T20:52:55.010+0000] {logging_mixin.py:188} INFO - [2025-10-21T20:52:55.010+0000] {dag.py:3096} INFO - Sync 1 DAGs
[2025-10-21T20:52:55.043+0000] {processor.py:183} INFO - Processing /opt/airflow/dags/gold_dag.py took 0.080 seconds
[2025-10-21T20:53:25.441+0000] {processor.py:161} INFO - Started process (PID=203) to work on /opt/airflow/dags/gold_dag.py
[2025-10-21T20:53:25.441+0000] {processor.py:830} INFO - Processing file /opt/airflow/dags/gold_dag.py for tasks to queue
[2025-10-21T20:53:25.443+0000] {logging_mixin.py:188} INFO - [2025-10-21T20:53:25.443+0000] {dagbag.py:540} INFO - Filling up the DagBag from /opt/airflow/dags/gold_dag.py
[2025-10-21T20:53:25.460+0000] {processor.py:840} INFO - DAG(s) 'gold_layer_aggregation' retrieved from /opt/airflow/dags/gold_dag.py
[2025-10-21T20:53:25.477+0000] {logging_mixin.py:188} INFO - [2025-10-21T20:53:25.477+0000] {dag.py:3096} INFO - Sync 1 DAGs
[2025-10-21T20:53:25.509+0000] {processor.py:183} INFO - Processing /opt/airflow/dags/gold_dag.py took 0.074 seconds
[2025-10-21T20:54:08.277+0000] {processor.py:161} INFO - Started process (PID=206) to work on /opt/airflow/dags/gold_dag.py
[2025-10-21T20:54:08.278+0000] {processor.py:830} INFO - Processing file /opt/airflow/dags/gold_dag.py for tasks to queue
[2025-10-21T20:54:08.280+0000] {logging_mixin.py:188} INFO - [2025-10-21T20:54:08.280+0000] {dagbag.py:540} INFO - Filling up the DagBag from /opt/airflow/dags/gold_dag.py
[2025-10-21T20:54:08.297+0000] {processor.py:840} INFO - DAG(s) 'gold_layer_aggregation' retrieved from /opt/airflow/dags/gold_dag.py
[2025-10-21T20:54:08.317+0000] {logging_mixin.py:188} INFO - [2025-10-21T20:54:08.317+0000] {dag.py:3096} INFO - Sync 1 DAGs
[2025-10-21T20:54:08.348+0000] {processor.py:183} INFO - Processing /opt/airflow/dags/gold_dag.py took 0.075 seconds
[2025-10-21T20:54:43.547+0000] {processor.py:161} INFO - Started process (PID=209) to work on /opt/airflow/dags/gold_dag.py
[2025-10-21T20:54:43.548+0000] {processor.py:830} INFO - Processing file /opt/airflow/dags/gold_dag.py for tasks to queue
[2025-10-21T20:54:43.549+0000] {logging_mixin.py:188} INFO - [2025-10-21T20:54:43.549+0000] {dagbag.py:540} INFO - Filling up the DagBag from /opt/airflow/dags/gold_dag.py
[2025-10-21T20:54:43.567+0000] {processor.py:840} INFO - DAG(s) 'gold_layer_aggregation' retrieved from /opt/airflow/dags/gold_dag.py
[2025-10-21T20:54:43.587+0000] {logging_mixin.py:188} INFO - [2025-10-21T20:54:43.587+0000] {dag.py:3096} INFO - Sync 1 DAGs
[2025-10-21T20:54:43.619+0000] {processor.py:183} INFO - Processing /opt/airflow/dags/gold_dag.py took 0.078 seconds
[2025-10-21T20:55:37.915+0000] {processor.py:161} INFO - Started process (PID=212) to work on /opt/airflow/dags/gold_dag.py
[2025-10-21T20:55:37.916+0000] {processor.py:830} INFO - Processing file /opt/airflow/dags/gold_dag.py for tasks to queue
[2025-10-21T20:55:37.918+0000] {logging_mixin.py:188} INFO - [2025-10-21T20:55:37.918+0000] {dagbag.py:540} INFO - Filling up the DagBag from /opt/airflow/dags/gold_dag.py
[2025-10-21T20:55:37.936+0000] {processor.py:840} INFO - DAG(s) 'gold_layer_aggregation' retrieved from /opt/airflow/dags/gold_dag.py
[2025-10-21T20:55:37.955+0000] {logging_mixin.py:188} INFO - [2025-10-21T20:55:37.955+0000] {dag.py:3096} INFO - Sync 1 DAGs
[2025-10-21T20:55:37.986+0000] {processor.py:183} INFO - Processing /opt/airflow/dags/gold_dag.py took 0.076 seconds
[2025-10-21T20:56:28.359+0000] {processor.py:161} INFO - Started process (PID=215) to work on /opt/airflow/dags/gold_dag.py
[2025-10-21T20:56:28.360+0000] {processor.py:830} INFO - Processing file /opt/airflow/dags/gold_dag.py for tasks to queue
[2025-10-21T20:56:28.362+0000] {logging_mixin.py:188} INFO - [2025-10-21T20:56:28.362+0000] {dagbag.py:540} INFO - Filling up the DagBag from /opt/airflow/dags/gold_dag.py
[2025-10-21T20:56:28.383+0000] {processor.py:840} INFO - DAG(s) 'gold_layer_aggregation' retrieved from /opt/airflow/dags/gold_dag.py
[2025-10-21T20:56:28.406+0000] {logging_mixin.py:188} INFO - [2025-10-21T20:56:28.405+0000] {dag.py:3096} INFO - Sync 1 DAGs
[2025-10-21T20:56:28.437+0000] {processor.py:183} INFO - Processing /opt/airflow/dags/gold_dag.py took 0.084 seconds
[2025-10-21T20:56:59.149+0000] {processor.py:161} INFO - Started process (PID=218) to work on /opt/airflow/dags/gold_dag.py
[2025-10-21T20:56:59.150+0000] {processor.py:830} INFO - Processing file /opt/airflow/dags/gold_dag.py for tasks to queue
[2025-10-21T20:56:59.152+0000] {logging_mixin.py:188} INFO - [2025-10-21T20:56:59.152+0000] {dagbag.py:540} INFO - Filling up the DagBag from /opt/airflow/dags/gold_dag.py
[2025-10-21T20:56:59.169+0000] {processor.py:840} INFO - DAG(s) 'gold_layer_aggregation' retrieved from /opt/airflow/dags/gold_dag.py
[2025-10-21T20:56:59.187+0000] {logging_mixin.py:188} INFO - [2025-10-21T20:56:59.186+0000] {dag.py:3096} INFO - Sync 1 DAGs
[2025-10-21T20:56:59.216+0000] {processor.py:183} INFO - Processing /opt/airflow/dags/gold_dag.py took 0.072 seconds
[2025-10-21T20:57:29.413+0000] {processor.py:161} INFO - Started process (PID=221) to work on /opt/airflow/dags/gold_dag.py
[2025-10-21T20:57:29.414+0000] {processor.py:830} INFO - Processing file /opt/airflow/dags/gold_dag.py for tasks to queue
[2025-10-21T20:57:29.416+0000] {logging_mixin.py:188} INFO - [2025-10-21T20:57:29.416+0000] {dagbag.py:540} INFO - Filling up the DagBag from /opt/airflow/dags/gold_dag.py
[2025-10-21T20:57:29.434+0000] {processor.py:840} INFO - DAG(s) 'gold_layer_aggregation' retrieved from /opt/airflow/dags/gold_dag.py
[2025-10-21T20:57:29.452+0000] {logging_mixin.py:188} INFO - [2025-10-21T20:57:29.452+0000] {dag.py:3096} INFO - Sync 1 DAGs
[2025-10-21T20:57:29.483+0000] {processor.py:183} INFO - Processing /opt/airflow/dags/gold_dag.py took 0.076 seconds
[2025-10-21T20:58:11.254+0000] {processor.py:161} INFO - Started process (PID=224) to work on /opt/airflow/dags/gold_dag.py
[2025-10-21T20:58:11.255+0000] {processor.py:830} INFO - Processing file /opt/airflow/dags/gold_dag.py for tasks to queue
[2025-10-21T20:58:11.256+0000] {logging_mixin.py:188} INFO - [2025-10-21T20:58:11.256+0000] {dagbag.py:540} INFO - Filling up the DagBag from /opt/airflow/dags/gold_dag.py
[2025-10-21T20:58:11.274+0000] {processor.py:840} INFO - DAG(s) 'gold_layer_aggregation' retrieved from /opt/airflow/dags/gold_dag.py
[2025-10-21T20:58:11.294+0000] {logging_mixin.py:188} INFO - [2025-10-21T20:58:11.294+0000] {dag.py:3096} INFO - Sync 1 DAGs
[2025-10-21T20:58:11.325+0000] {processor.py:183} INFO - Processing /opt/airflow/dags/gold_dag.py took 0.077 seconds
[2025-10-21T20:58:41.536+0000] {processor.py:161} INFO - Started process (PID=227) to work on /opt/airflow/dags/gold_dag.py
[2025-10-21T20:58:41.537+0000] {processor.py:830} INFO - Processing file /opt/airflow/dags/gold_dag.py for tasks to queue
[2025-10-21T20:58:41.539+0000] {logging_mixin.py:188} INFO - [2025-10-21T20:58:41.538+0000] {dagbag.py:540} INFO - Filling up the DagBag from /opt/airflow/dags/gold_dag.py
[2025-10-21T20:58:41.557+0000] {processor.py:840} INFO - DAG(s) 'gold_layer_aggregation' retrieved from /opt/airflow/dags/gold_dag.py
[2025-10-21T20:58:41.577+0000] {logging_mixin.py:188} INFO - [2025-10-21T20:58:41.576+0000] {dag.py:3096} INFO - Sync 1 DAGs
[2025-10-21T20:58:41.610+0000] {processor.py:183} INFO - Processing /opt/airflow/dags/gold_dag.py took 0.080 seconds
[2025-10-21T20:59:29.945+0000] {processor.py:161} INFO - Started process (PID=231) to work on /opt/airflow/dags/gold_dag.py
[2025-10-21T20:59:29.946+0000] {processor.py:830} INFO - Processing file /opt/airflow/dags/gold_dag.py for tasks to queue
[2025-10-21T20:59:29.947+0000] {logging_mixin.py:188} INFO - [2025-10-21T20:59:29.947+0000] {dagbag.py:540} INFO - Filling up the DagBag from /opt/airflow/dags/gold_dag.py
[2025-10-21T20:59:29.964+0000] {processor.py:840} INFO - DAG(s) 'gold_layer_aggregation' retrieved from /opt/airflow/dags/gold_dag.py
[2025-10-21T20:59:29.981+0000] {logging_mixin.py:188} INFO - [2025-10-21T20:59:29.981+0000] {dag.py:3096} INFO - Sync 1 DAGs
[2025-10-21T20:59:30.015+0000] {processor.py:183} INFO - Processing /opt/airflow/dags/gold_dag.py took 0.075 seconds
[2025-10-21T21:00:00.906+0000] {processor.py:161} INFO - Started process (PID=234) to work on /opt/airflow/dags/gold_dag.py
[2025-10-21T21:00:00.907+0000] {processor.py:830} INFO - Processing file /opt/airflow/dags/gold_dag.py for tasks to queue
[2025-10-21T21:00:00.909+0000] {logging_mixin.py:188} INFO - [2025-10-21T21:00:00.909+0000] {dagbag.py:540} INFO - Filling up the DagBag from /opt/airflow/dags/gold_dag.py
[2025-10-21T21:00:00.929+0000] {processor.py:840} INFO - DAG(s) 'gold_layer_aggregation' retrieved from /opt/airflow/dags/gold_dag.py
[2025-10-21T21:00:00.950+0000] {logging_mixin.py:188} INFO - [2025-10-21T21:00:00.950+0000] {dag.py:3096} INFO - Sync 1 DAGs
[2025-10-21T21:00:00.986+0000] {processor.py:183} INFO - Processing /opt/airflow/dags/gold_dag.py took 0.086 seconds
[2025-10-21T21:00:06.653+0000] {processor.py:161} INFO - Started process (PID=235) to work on /opt/airflow/dags/gold_dag.py
[2025-10-21T21:00:06.653+0000] {processor.py:830} INFO - Processing file /opt/airflow/dags/gold_dag.py for tasks to queue
[2025-10-21T21:00:06.655+0000] {logging_mixin.py:188} INFO - [2025-10-21T21:00:06.655+0000] {dagbag.py:540} INFO - Filling up the DagBag from /opt/airflow/dags/gold_dag.py
[2025-10-21T21:00:06.681+0000] {processor.py:840} INFO - DAG(s) 'gold_layer_aggregation' retrieved from /opt/airflow/dags/gold_dag.py
[2025-10-21T21:00:06.777+0000] {logging_mixin.py:188} INFO - [2025-10-21T21:00:06.776+0000] {dag.py:3096} INFO - Sync 1 DAGs
[2025-10-21T21:00:06.812+0000] {processor.py:183} INFO - Processing /opt/airflow/dags/gold_dag.py took 0.165 seconds
[2025-10-21T21:00:07.685+0000] {processor.py:161} INFO - Started process (PID=236) to work on /opt/airflow/dags/gold_dag.py
[2025-10-21T21:00:07.686+0000] {processor.py:830} INFO - Processing file /opt/airflow/dags/gold_dag.py for tasks to queue
[2025-10-21T21:00:07.688+0000] {logging_mixin.py:188} INFO - [2025-10-21T21:00:07.688+0000] {dagbag.py:540} INFO - Filling up the DagBag from /opt/airflow/dags/gold_dag.py
[2025-10-21T21:00:07.715+0000] {processor.py:840} INFO - DAG(s) 'gold_layer_aggregation' retrieved from /opt/airflow/dags/gold_dag.py
[2025-10-21T21:00:07.727+0000] {logging_mixin.py:188} INFO - [2025-10-21T21:00:07.727+0000] {dag.py:3096} INFO - Sync 1 DAGs
[2025-10-21T21:00:07.759+0000] {processor.py:183} INFO - Processing /opt/airflow/dags/gold_dag.py took 0.080 seconds
[2025-10-21T21:01:11.713+0000] {processor.py:161} INFO - Started process (PID=239) to work on /opt/airflow/dags/gold_dag.py
[2025-10-21T21:01:11.714+0000] {processor.py:830} INFO - Processing file /opt/airflow/dags/gold_dag.py for tasks to queue
[2025-10-21T21:01:11.716+0000] {logging_mixin.py:188} INFO - [2025-10-21T21:01:11.716+0000] {dagbag.py:540} INFO - Filling up the DagBag from /opt/airflow/dags/gold_dag.py
[2025-10-21T21:01:11.734+0000] {processor.py:840} INFO - DAG(s) 'gold_layer_aggregation' retrieved from /opt/airflow/dags/gold_dag.py
[2025-10-21T21:01:11.754+0000] {logging_mixin.py:188} INFO - [2025-10-21T21:01:11.754+0000] {dag.py:3096} INFO - Sync 1 DAGs
[2025-10-21T21:01:11.787+0000] {processor.py:183} INFO - Processing /opt/airflow/dags/gold_dag.py took 0.079 seconds
[2025-10-21T21:01:42.006+0000] {processor.py:161} INFO - Started process (PID=242) to work on /opt/airflow/dags/gold_dag.py
[2025-10-21T21:01:42.007+0000] {processor.py:830} INFO - Processing file /opt/airflow/dags/gold_dag.py for tasks to queue
[2025-10-21T21:01:42.008+0000] {logging_mixin.py:188} INFO - [2025-10-21T21:01:42.008+0000] {dagbag.py:540} INFO - Filling up the DagBag from /opt/airflow/dags/gold_dag.py
[2025-10-21T21:01:42.025+0000] {processor.py:840} INFO - DAG(s) 'gold_layer_aggregation' retrieved from /opt/airflow/dags/gold_dag.py
[2025-10-21T21:01:42.046+0000] {logging_mixin.py:188} INFO - [2025-10-21T21:01:42.045+0000] {dag.py:3096} INFO - Sync 1 DAGs
[2025-10-21T21:01:42.077+0000] {processor.py:183} INFO - Processing /opt/airflow/dags/gold_dag.py took 0.075 seconds
[2025-10-21T21:02:42.997+0000] {processor.py:161} INFO - Started process (PID=245) to work on /opt/airflow/dags/gold_dag.py
[2025-10-21T21:02:42.998+0000] {processor.py:830} INFO - Processing file /opt/airflow/dags/gold_dag.py for tasks to queue
[2025-10-21T21:02:43.000+0000] {logging_mixin.py:188} INFO - [2025-10-21T21:02:43.000+0000] {dagbag.py:540} INFO - Filling up the DagBag from /opt/airflow/dags/gold_dag.py
[2025-10-21T21:02:43.019+0000] {processor.py:840} INFO - DAG(s) 'gold_layer_aggregation' retrieved from /opt/airflow/dags/gold_dag.py
[2025-10-21T21:02:43.039+0000] {logging_mixin.py:188} INFO - [2025-10-21T21:02:43.039+0000] {dag.py:3096} INFO - Sync 1 DAGs
[2025-10-21T21:02:43.072+0000] {processor.py:183} INFO - Processing /opt/airflow/dags/gold_dag.py took 0.080 seconds
[2025-10-21T21:03:13.465+0000] {processor.py:161} INFO - Started process (PID=248) to work on /opt/airflow/dags/gold_dag.py
[2025-10-21T21:03:13.466+0000] {processor.py:830} INFO - Processing file /opt/airflow/dags/gold_dag.py for tasks to queue
[2025-10-21T21:03:13.467+0000] {logging_mixin.py:188} INFO - [2025-10-21T21:03:13.467+0000] {dagbag.py:540} INFO - Filling up the DagBag from /opt/airflow/dags/gold_dag.py
[2025-10-21T21:03:13.485+0000] {processor.py:840} INFO - DAG(s) 'gold_layer_aggregation' retrieved from /opt/airflow/dags/gold_dag.py
[2025-10-21T21:03:13.504+0000] {logging_mixin.py:188} INFO - [2025-10-21T21:03:13.503+0000] {dag.py:3096} INFO - Sync 1 DAGs
[2025-10-21T21:03:13.535+0000] {processor.py:183} INFO - Processing /opt/airflow/dags/gold_dag.py took 0.075 seconds
[2025-10-21T21:03:44.471+0000] {processor.py:161} INFO - Started process (PID=251) to work on /opt/airflow/dags/gold_dag.py
[2025-10-21T21:03:44.471+0000] {processor.py:830} INFO - Processing file /opt/airflow/dags/gold_dag.py for tasks to queue
[2025-10-21T21:03:44.473+0000] {logging_mixin.py:188} INFO - [2025-10-21T21:03:44.473+0000] {dagbag.py:540} INFO - Filling up the DagBag from /opt/airflow/dags/gold_dag.py
[2025-10-21T21:03:44.496+0000] {processor.py:840} INFO - DAG(s) 'gold_layer_aggregation' retrieved from /opt/airflow/dags/gold_dag.py
[2025-10-21T21:03:44.515+0000] {logging_mixin.py:188} INFO - [2025-10-21T21:03:44.514+0000] {dag.py:3096} INFO - Sync 1 DAGs
[2025-10-21T21:03:44.552+0000] {processor.py:183} INFO - Processing /opt/airflow/dags/gold_dag.py took 0.086 seconds
[2025-10-21T21:04:15.447+0000] {processor.py:161} INFO - Started process (PID=254) to work on /opt/airflow/dags/gold_dag.py
[2025-10-21T21:04:15.447+0000] {processor.py:830} INFO - Processing file /opt/airflow/dags/gold_dag.py for tasks to queue
[2025-10-21T21:04:15.449+0000] {logging_mixin.py:188} INFO - [2025-10-21T21:04:15.449+0000] {dagbag.py:540} INFO - Filling up the DagBag from /opt/airflow/dags/gold_dag.py
[2025-10-21T21:04:15.465+0000] {processor.py:840} INFO - DAG(s) 'gold_layer_aggregation' retrieved from /opt/airflow/dags/gold_dag.py
[2025-10-21T21:04:15.483+0000] {logging_mixin.py:188} INFO - [2025-10-21T21:04:15.483+0000] {dag.py:3096} INFO - Sync 1 DAGs
[2025-10-21T21:04:15.513+0000] {processor.py:183} INFO - Processing /opt/airflow/dags/gold_dag.py took 0.072 seconds
[2025-10-21T21:04:46.418+0000] {processor.py:161} INFO - Started process (PID=257) to work on /opt/airflow/dags/gold_dag.py
[2025-10-21T21:04:46.419+0000] {processor.py:830} INFO - Processing file /opt/airflow/dags/gold_dag.py for tasks to queue
[2025-10-21T21:04:46.421+0000] {logging_mixin.py:188} INFO - [2025-10-21T21:04:46.421+0000] {dagbag.py:540} INFO - Filling up the DagBag from /opt/airflow/dags/gold_dag.py
[2025-10-21T21:04:46.442+0000] {processor.py:840} INFO - DAG(s) 'gold_layer_aggregation' retrieved from /opt/airflow/dags/gold_dag.py
[2025-10-21T21:04:46.457+0000] {logging_mixin.py:188} INFO - [2025-10-21T21:04:46.457+0000] {dag.py:3096} INFO - Sync 1 DAGs
[2025-10-21T21:04:46.496+0000] {processor.py:183} INFO - Processing /opt/airflow/dags/gold_dag.py took 0.086 seconds
[2025-10-21T21:05:16.614+0000] {processor.py:161} INFO - Started process (PID=264) to work on /opt/airflow/dags/gold_dag.py
[2025-10-21T21:05:16.615+0000] {processor.py:830} INFO - Processing file /opt/airflow/dags/gold_dag.py for tasks to queue
[2025-10-21T21:05:16.617+0000] {logging_mixin.py:188} INFO - [2025-10-21T21:05:16.617+0000] {dagbag.py:540} INFO - Filling up the DagBag from /opt/airflow/dags/gold_dag.py
[2025-10-21T21:05:16.641+0000] {processor.py:840} INFO - DAG(s) 'gold_layer_aggregation' retrieved from /opt/airflow/dags/gold_dag.py
[2025-10-21T21:05:16.785+0000] {logging_mixin.py:188} INFO - [2025-10-21T21:05:16.785+0000] {dag.py:3096} INFO - Sync 1 DAGs
[2025-10-21T21:05:16.821+0000] {processor.py:183} INFO - Processing /opt/airflow/dags/gold_dag.py took 0.213 seconds
[2025-10-21T21:06:09.960+0000] {processor.py:161} INFO - Started process (PID=267) to work on /opt/airflow/dags/gold_dag.py
[2025-10-21T21:06:09.961+0000] {processor.py:830} INFO - Processing file /opt/airflow/dags/gold_dag.py for tasks to queue
[2025-10-21T21:06:09.963+0000] {logging_mixin.py:188} INFO - [2025-10-21T21:06:09.962+0000] {dagbag.py:540} INFO - Filling up the DagBag from /opt/airflow/dags/gold_dag.py
[2025-10-21T21:06:09.980+0000] {processor.py:840} INFO - DAG(s) 'gold_layer_aggregation' retrieved from /opt/airflow/dags/gold_dag.py
[2025-10-21T21:06:09.999+0000] {logging_mixin.py:188} INFO - [2025-10-21T21:06:09.999+0000] {dag.py:3096} INFO - Sync 1 DAGs
[2025-10-21T21:06:10.030+0000] {processor.py:183} INFO - Processing /opt/airflow/dags/gold_dag.py took 0.075 seconds
[2025-10-21T21:06:40.871+0000] {processor.py:161} INFO - Started process (PID=270) to work on /opt/airflow/dags/gold_dag.py
[2025-10-21T21:06:40.872+0000] {processor.py:830} INFO - Processing file /opt/airflow/dags/gold_dag.py for tasks to queue
[2025-10-21T21:06:40.874+0000] {logging_mixin.py:188} INFO - [2025-10-21T21:06:40.874+0000] {dagbag.py:540} INFO - Filling up the DagBag from /opt/airflow/dags/gold_dag.py
[2025-10-21T21:06:40.891+0000] {processor.py:840} INFO - DAG(s) 'gold_layer_aggregation' retrieved from /opt/airflow/dags/gold_dag.py
[2025-10-21T21:06:40.910+0000] {logging_mixin.py:188} INFO - [2025-10-21T21:06:40.910+0000] {dag.py:3096} INFO - Sync 1 DAGs
[2025-10-21T21:06:40.941+0000] {processor.py:183} INFO - Processing /opt/airflow/dags/gold_dag.py took 0.075 seconds
[2025-10-21T21:07:21.680+0000] {processor.py:161} INFO - Started process (PID=273) to work on /opt/airflow/dags/gold_dag.py
[2025-10-21T21:07:21.681+0000] {processor.py:830} INFO - Processing file /opt/airflow/dags/gold_dag.py for tasks to queue
[2025-10-21T21:07:21.683+0000] {logging_mixin.py:188} INFO - [2025-10-21T21:07:21.683+0000] {dagbag.py:540} INFO - Filling up the DagBag from /opt/airflow/dags/gold_dag.py
[2025-10-21T21:07:21.709+0000] {processor.py:840} INFO - DAG(s) 'gold_layer_aggregation' retrieved from /opt/airflow/dags/gold_dag.py
[2025-10-21T21:07:21.731+0000] {logging_mixin.py:188} INFO - [2025-10-21T21:07:21.731+0000] {dag.py:3096} INFO - Sync 1 DAGs
[2025-10-21T21:07:21.770+0000] {processor.py:183} INFO - Processing /opt/airflow/dags/gold_dag.py took 0.098 seconds
[2025-10-21T21:08:11.079+0000] {processor.py:161} INFO - Started process (PID=276) to work on /opt/airflow/dags/gold_dag.py
[2025-10-21T21:08:11.080+0000] {processor.py:830} INFO - Processing file /opt/airflow/dags/gold_dag.py for tasks to queue
[2025-10-21T21:08:11.082+0000] {logging_mixin.py:188} INFO - [2025-10-21T21:08:11.081+0000] {dagbag.py:540} INFO - Filling up the DagBag from /opt/airflow/dags/gold_dag.py
[2025-10-21T21:08:11.100+0000] {processor.py:840} INFO - DAG(s) 'gold_layer_aggregation' retrieved from /opt/airflow/dags/gold_dag.py
[2025-10-21T21:08:11.120+0000] {logging_mixin.py:188} INFO - [2025-10-21T21:08:11.120+0000] {dag.py:3096} INFO - Sync 1 DAGs
[2025-10-21T21:08:11.156+0000] {processor.py:183} INFO - Processing /opt/airflow/dags/gold_dag.py took 0.083 seconds
[2025-10-21T21:08:57.490+0000] {processor.py:161} INFO - Started process (PID=279) to work on /opt/airflow/dags/gold_dag.py
[2025-10-21T21:08:57.491+0000] {processor.py:830} INFO - Processing file /opt/airflow/dags/gold_dag.py for tasks to queue
[2025-10-21T21:08:57.493+0000] {logging_mixin.py:188} INFO - [2025-10-21T21:08:57.492+0000] {dagbag.py:540} INFO - Filling up the DagBag from /opt/airflow/dags/gold_dag.py
[2025-10-21T21:08:57.510+0000] {processor.py:840} INFO - DAG(s) 'gold_layer_aggregation' retrieved from /opt/airflow/dags/gold_dag.py
[2025-10-21T21:08:57.531+0000] {logging_mixin.py:188} INFO - [2025-10-21T21:08:57.530+0000] {dag.py:3096} INFO - Sync 1 DAGs
[2025-10-21T21:08:57.562+0000] {processor.py:183} INFO - Processing /opt/airflow/dags/gold_dag.py took 0.077 seconds
[2025-10-21T21:09:27.765+0000] {processor.py:161} INFO - Started process (PID=282) to work on /opt/airflow/dags/gold_dag.py
[2025-10-21T21:09:27.766+0000] {processor.py:830} INFO - Processing file /opt/airflow/dags/gold_dag.py for tasks to queue
[2025-10-21T21:09:27.767+0000] {logging_mixin.py:188} INFO - [2025-10-21T21:09:27.767+0000] {dagbag.py:540} INFO - Filling up the DagBag from /opt/airflow/dags/gold_dag.py
[2025-10-21T21:09:27.785+0000] {processor.py:840} INFO - DAG(s) 'gold_layer_aggregation' retrieved from /opt/airflow/dags/gold_dag.py
[2025-10-21T21:09:27.805+0000] {logging_mixin.py:188} INFO - [2025-10-21T21:09:27.805+0000] {dag.py:3096} INFO - Sync 1 DAGs
[2025-10-21T21:09:27.838+0000] {processor.py:183} INFO - Processing /opt/airflow/dags/gold_dag.py took 0.078 seconds
[2025-10-21T21:09:58.254+0000] {processor.py:161} INFO - Started process (PID=285) to work on /opt/airflow/dags/gold_dag.py
[2025-10-21T21:09:58.255+0000] {processor.py:830} INFO - Processing file /opt/airflow/dags/gold_dag.py for tasks to queue
[2025-10-21T21:09:58.257+0000] {logging_mixin.py:188} INFO - [2025-10-21T21:09:58.257+0000] {dagbag.py:540} INFO - Filling up the DagBag from /opt/airflow/dags/gold_dag.py
[2025-10-21T21:09:58.276+0000] {processor.py:840} INFO - DAG(s) 'gold_layer_aggregation' retrieved from /opt/airflow/dags/gold_dag.py
[2025-10-21T21:09:58.297+0000] {logging_mixin.py:188} INFO - [2025-10-21T21:09:58.296+0000] {dag.py:3096} INFO - Sync 1 DAGs
[2025-10-21T21:09:58.330+0000] {processor.py:183} INFO - Processing /opt/airflow/dags/gold_dag.py took 0.081 seconds
[2025-10-21T21:10:28.561+0000] {processor.py:161} INFO - Started process (PID=288) to work on /opt/airflow/dags/gold_dag.py
[2025-10-21T21:10:28.563+0000] {processor.py:830} INFO - Processing file /opt/airflow/dags/gold_dag.py for tasks to queue
[2025-10-21T21:10:28.565+0000] {logging_mixin.py:188} INFO - [2025-10-21T21:10:28.565+0000] {dagbag.py:540} INFO - Filling up the DagBag from /opt/airflow/dags/gold_dag.py
[2025-10-21T21:10:28.590+0000] {processor.py:840} INFO - DAG(s) 'gold_layer_aggregation' retrieved from /opt/airflow/dags/gold_dag.py
[2025-10-21T21:10:28.613+0000] {logging_mixin.py:188} INFO - [2025-10-21T21:10:28.613+0000] {dag.py:3096} INFO - Sync 1 DAGs
[2025-10-21T21:10:28.653+0000] {processor.py:183} INFO - Processing /opt/airflow/dags/gold_dag.py took 0.099 seconds
[2025-10-21T21:11:05.556+0000] {processor.py:161} INFO - Started process (PID=291) to work on /opt/airflow/dags/gold_dag.py
[2025-10-21T21:11:05.557+0000] {processor.py:830} INFO - Processing file /opt/airflow/dags/gold_dag.py for tasks to queue
[2025-10-21T21:11:05.559+0000] {logging_mixin.py:188} INFO - [2025-10-21T21:11:05.558+0000] {dagbag.py:540} INFO - Filling up the DagBag from /opt/airflow/dags/gold_dag.py
[2025-10-21T21:11:05.577+0000] {processor.py:840} INFO - DAG(s) 'gold_layer_aggregation' retrieved from /opt/airflow/dags/gold_dag.py
[2025-10-21T21:11:05.599+0000] {logging_mixin.py:188} INFO - [2025-10-21T21:11:05.598+0000] {dag.py:3096} INFO - Sync 1 DAGs
[2025-10-21T21:11:05.634+0000] {processor.py:183} INFO - Processing /opt/airflow/dags/gold_dag.py took 0.083 seconds
[2025-10-21T21:11:35.823+0000] {processor.py:161} INFO - Started process (PID=294) to work on /opt/airflow/dags/gold_dag.py
[2025-10-21T21:11:35.824+0000] {processor.py:830} INFO - Processing file /opt/airflow/dags/gold_dag.py for tasks to queue
[2025-10-21T21:11:35.826+0000] {logging_mixin.py:188} INFO - [2025-10-21T21:11:35.825+0000] {dagbag.py:540} INFO - Filling up the DagBag from /opt/airflow/dags/gold_dag.py
[2025-10-21T21:11:35.841+0000] {processor.py:840} INFO - DAG(s) 'gold_layer_aggregation' retrieved from /opt/airflow/dags/gold_dag.py
[2025-10-21T21:11:35.863+0000] {logging_mixin.py:188} INFO - [2025-10-21T21:11:35.863+0000] {dag.py:3096} INFO - Sync 1 DAGs
[2025-10-21T21:11:35.895+0000] {processor.py:183} INFO - Processing /opt/airflow/dags/gold_dag.py took 0.078 seconds
[2025-10-21T21:12:06.497+0000] {processor.py:161} INFO - Started process (PID=297) to work on /opt/airflow/dags/gold_dag.py
[2025-10-21T21:12:06.498+0000] {processor.py:830} INFO - Processing file /opt/airflow/dags/gold_dag.py for tasks to queue
[2025-10-21T21:12:06.499+0000] {logging_mixin.py:188} INFO - [2025-10-21T21:12:06.499+0000] {dagbag.py:540} INFO - Filling up the DagBag from /opt/airflow/dags/gold_dag.py
[2025-10-21T21:12:06.516+0000] {processor.py:840} INFO - DAG(s) 'gold_layer_aggregation' retrieved from /opt/airflow/dags/gold_dag.py
[2025-10-21T21:12:06.536+0000] {logging_mixin.py:188} INFO - [2025-10-21T21:12:06.536+0000] {dag.py:3096} INFO - Sync 1 DAGs
[2025-10-21T21:12:06.568+0000] {processor.py:183} INFO - Processing /opt/airflow/dags/gold_dag.py took 0.077 seconds
[2025-10-21T21:12:37.254+0000] {processor.py:161} INFO - Started process (PID=300) to work on /opt/airflow/dags/gold_dag.py
[2025-10-21T21:12:37.255+0000] {processor.py:830} INFO - Processing file /opt/airflow/dags/gold_dag.py for tasks to queue
[2025-10-21T21:12:37.256+0000] {logging_mixin.py:188} INFO - [2025-10-21T21:12:37.256+0000] {dagbag.py:540} INFO - Filling up the DagBag from /opt/airflow/dags/gold_dag.py
[2025-10-21T21:12:37.273+0000] {processor.py:840} INFO - DAG(s) 'gold_layer_aggregation' retrieved from /opt/airflow/dags/gold_dag.py
[2025-10-21T21:12:37.290+0000] {logging_mixin.py:188} INFO - [2025-10-21T21:12:37.290+0000] {dag.py:3096} INFO - Sync 1 DAGs
[2025-10-21T21:12:37.319+0000] {processor.py:183} INFO - Processing /opt/airflow/dags/gold_dag.py took 0.071 seconds
[2025-10-21T21:13:07.518+0000] {processor.py:161} INFO - Started process (PID=303) to work on /opt/airflow/dags/gold_dag.py
[2025-10-21T21:13:07.519+0000] {processor.py:830} INFO - Processing file /opt/airflow/dags/gold_dag.py for tasks to queue
[2025-10-21T21:13:07.520+0000] {logging_mixin.py:188} INFO - [2025-10-21T21:13:07.520+0000] {dagbag.py:540} INFO - Filling up the DagBag from /opt/airflow/dags/gold_dag.py
[2025-10-21T21:13:07.536+0000] {processor.py:840} INFO - DAG(s) 'gold_layer_aggregation' retrieved from /opt/airflow/dags/gold_dag.py
[2025-10-21T21:13:07.554+0000] {logging_mixin.py:188} INFO - [2025-10-21T21:13:07.554+0000] {dag.py:3096} INFO - Sync 1 DAGs
[2025-10-21T21:13:07.586+0000] {processor.py:183} INFO - Processing /opt/airflow/dags/gold_dag.py took 0.073 seconds
[2025-10-21T21:13:37.640+0000] {processor.py:161} INFO - Started process (PID=306) to work on /opt/airflow/dags/gold_dag.py
[2025-10-21T21:13:37.641+0000] {processor.py:830} INFO - Processing file /opt/airflow/dags/gold_dag.py for tasks to queue
[2025-10-21T21:13:37.643+0000] {logging_mixin.py:188} INFO - [2025-10-21T21:13:37.642+0000] {dagbag.py:540} INFO - Filling up the DagBag from /opt/airflow/dags/gold_dag.py
[2025-10-21T21:13:37.660+0000] {processor.py:840} INFO - DAG(s) 'gold_layer_aggregation' retrieved from /opt/airflow/dags/gold_dag.py
[2025-10-21T21:13:37.678+0000] {logging_mixin.py:188} INFO - [2025-10-21T21:13:37.678+0000] {dag.py:3096} INFO - Sync 1 DAGs
[2025-10-21T21:13:37.710+0000] {processor.py:183} INFO - Processing /opt/airflow/dags/gold_dag.py took 0.076 seconds
[2025-10-21T21:14:27.707+0000] {processor.py:161} INFO - Started process (PID=309) to work on /opt/airflow/dags/gold_dag.py
[2025-10-21T21:14:27.708+0000] {processor.py:830} INFO - Processing file /opt/airflow/dags/gold_dag.py for tasks to queue
[2025-10-21T21:14:27.710+0000] {logging_mixin.py:188} INFO - [2025-10-21T21:14:27.710+0000] {dagbag.py:540} INFO - Filling up the DagBag from /opt/airflow/dags/gold_dag.py
[2025-10-21T21:14:27.728+0000] {processor.py:840} INFO - DAG(s) 'gold_layer_aggregation' retrieved from /opt/airflow/dags/gold_dag.py
[2025-10-21T21:14:27.748+0000] {logging_mixin.py:188} INFO - [2025-10-21T21:14:27.747+0000] {dag.py:3096} INFO - Sync 1 DAGs
[2025-10-21T21:14:27.782+0000] {processor.py:183} INFO - Processing /opt/airflow/dags/gold_dag.py took 0.081 seconds
[2025-10-21T21:14:58.004+0000] {processor.py:161} INFO - Started process (PID=312) to work on /opt/airflow/dags/gold_dag.py
[2025-10-21T21:14:58.005+0000] {processor.py:830} INFO - Processing file /opt/airflow/dags/gold_dag.py for tasks to queue
[2025-10-21T21:14:58.009+0000] {logging_mixin.py:188} INFO - [2025-10-21T21:14:58.008+0000] {dagbag.py:540} INFO - Filling up the DagBag from /opt/airflow/dags/gold_dag.py
[2025-10-21T21:14:58.038+0000] {processor.py:840} INFO - DAG(s) 'gold_layer_aggregation' retrieved from /opt/airflow/dags/gold_dag.py
[2025-10-21T21:14:58.068+0000] {logging_mixin.py:188} INFO - [2025-10-21T21:14:58.068+0000] {dag.py:3096} INFO - Sync 1 DAGs
[2025-10-21T21:14:58.121+0000] {processor.py:183} INFO - Processing /opt/airflow/dags/gold_dag.py took 0.127 seconds
[2025-10-21T21:15:28.180+0000] {processor.py:161} INFO - Started process (PID=315) to work on /opt/airflow/dags/gold_dag.py
[2025-10-21T21:15:28.181+0000] {processor.py:830} INFO - Processing file /opt/airflow/dags/gold_dag.py for tasks to queue
[2025-10-21T21:15:28.183+0000] {logging_mixin.py:188} INFO - [2025-10-21T21:15:28.182+0000] {dagbag.py:540} INFO - Filling up the DagBag from /opt/airflow/dags/gold_dag.py
[2025-10-21T21:15:28.201+0000] {processor.py:840} INFO - DAG(s) 'gold_layer_aggregation' retrieved from /opt/airflow/dags/gold_dag.py
[2025-10-21T21:15:28.222+0000] {logging_mixin.py:188} INFO - [2025-10-21T21:15:28.222+0000] {dag.py:3096} INFO - Sync 1 DAGs
[2025-10-21T21:15:28.259+0000] {processor.py:183} INFO - Processing /opt/airflow/dags/gold_dag.py took 0.086 seconds
[2025-10-21T21:16:31.387+0000] {processor.py:161} INFO - Started process (PID=318) to work on /opt/airflow/dags/gold_dag.py
[2025-10-21T21:16:31.389+0000] {processor.py:830} INFO - Processing file /opt/airflow/dags/gold_dag.py for tasks to queue
[2025-10-21T21:16:31.391+0000] {logging_mixin.py:188} INFO - [2025-10-21T21:16:31.391+0000] {dagbag.py:540} INFO - Filling up the DagBag from /opt/airflow/dags/gold_dag.py
[2025-10-21T21:16:31.422+0000] {processor.py:840} INFO - DAG(s) 'gold_layer_aggregation' retrieved from /opt/airflow/dags/gold_dag.py
[2025-10-21T21:16:31.452+0000] {logging_mixin.py:188} INFO - [2025-10-21T21:16:31.452+0000] {dag.py:3096} INFO - Sync 1 DAGs
[2025-10-21T21:16:31.515+0000] {processor.py:183} INFO - Processing /opt/airflow/dags/gold_dag.py took 0.134 seconds
[2025-10-21T21:17:01.747+0000] {processor.py:161} INFO - Started process (PID=321) to work on /opt/airflow/dags/gold_dag.py
[2025-10-21T21:17:01.748+0000] {processor.py:830} INFO - Processing file /opt/airflow/dags/gold_dag.py for tasks to queue
[2025-10-21T21:17:01.750+0000] {logging_mixin.py:188} INFO - [2025-10-21T21:17:01.750+0000] {dagbag.py:540} INFO - Filling up the DagBag from /opt/airflow/dags/gold_dag.py
[2025-10-21T21:17:01.770+0000] {processor.py:840} INFO - DAG(s) 'gold_layer_aggregation' retrieved from /opt/airflow/dags/gold_dag.py
[2025-10-21T21:17:01.792+0000] {logging_mixin.py:188} INFO - [2025-10-21T21:17:01.792+0000] {dag.py:3096} INFO - Sync 1 DAGs
[2025-10-21T21:17:01.826+0000] {processor.py:183} INFO - Processing /opt/airflow/dags/gold_dag.py took 0.085 seconds
[2025-10-21T21:17:31.921+0000] {processor.py:161} INFO - Started process (PID=324) to work on /opt/airflow/dags/gold_dag.py
[2025-10-21T21:17:31.922+0000] {processor.py:830} INFO - Processing file /opt/airflow/dags/gold_dag.py for tasks to queue
[2025-10-21T21:17:31.923+0000] {logging_mixin.py:188} INFO - [2025-10-21T21:17:31.923+0000] {dagbag.py:540} INFO - Filling up the DagBag from /opt/airflow/dags/gold_dag.py
[2025-10-21T21:17:31.940+0000] {processor.py:840} INFO - DAG(s) 'gold_layer_aggregation' retrieved from /opt/airflow/dags/gold_dag.py
[2025-10-21T21:17:31.960+0000] {logging_mixin.py:188} INFO - [2025-10-21T21:17:31.960+0000] {dag.py:3096} INFO - Sync 1 DAGs
[2025-10-21T21:17:31.991+0000] {processor.py:183} INFO - Processing /opt/airflow/dags/gold_dag.py took 0.075 seconds
[2025-10-21T21:18:02.843+0000] {processor.py:161} INFO - Started process (PID=327) to work on /opt/airflow/dags/gold_dag.py
[2025-10-21T21:18:02.843+0000] {processor.py:830} INFO - Processing file /opt/airflow/dags/gold_dag.py for tasks to queue
[2025-10-21T21:18:02.845+0000] {logging_mixin.py:188} INFO - [2025-10-21T21:18:02.845+0000] {dagbag.py:540} INFO - Filling up the DagBag from /opt/airflow/dags/gold_dag.py
[2025-10-21T21:18:02.863+0000] {processor.py:840} INFO - DAG(s) 'gold_layer_aggregation' retrieved from /opt/airflow/dags/gold_dag.py
[2025-10-21T21:18:02.884+0000] {logging_mixin.py:188} INFO - [2025-10-21T21:18:02.883+0000] {dag.py:3096} INFO - Sync 1 DAGs
[2025-10-21T21:18:02.916+0000] {processor.py:183} INFO - Processing /opt/airflow/dags/gold_dag.py took 0.078 seconds
[2025-10-21T21:18:33.581+0000] {processor.py:161} INFO - Started process (PID=330) to work on /opt/airflow/dags/gold_dag.py
[2025-10-21T21:18:33.582+0000] {processor.py:830} INFO - Processing file /opt/airflow/dags/gold_dag.py for tasks to queue
[2025-10-21T21:18:33.584+0000] {logging_mixin.py:188} INFO - [2025-10-21T21:18:33.583+0000] {dagbag.py:540} INFO - Filling up the DagBag from /opt/airflow/dags/gold_dag.py
[2025-10-21T21:18:33.601+0000] {processor.py:840} INFO - DAG(s) 'gold_layer_aggregation' retrieved from /opt/airflow/dags/gold_dag.py
[2025-10-21T21:18:33.622+0000] {logging_mixin.py:188} INFO - [2025-10-21T21:18:33.622+0000] {dag.py:3096} INFO - Sync 1 DAGs
[2025-10-21T21:18:33.654+0000] {processor.py:183} INFO - Processing /opt/airflow/dags/gold_dag.py took 0.078 seconds
[2025-10-21T21:19:03.846+0000] {processor.py:161} INFO - Started process (PID=333) to work on /opt/airflow/dags/gold_dag.py
[2025-10-21T21:19:03.847+0000] {processor.py:830} INFO - Processing file /opt/airflow/dags/gold_dag.py for tasks to queue
[2025-10-21T21:19:03.848+0000] {logging_mixin.py:188} INFO - [2025-10-21T21:19:03.848+0000] {dagbag.py:540} INFO - Filling up the DagBag from /opt/airflow/dags/gold_dag.py
[2025-10-21T21:19:03.865+0000] {processor.py:840} INFO - DAG(s) 'gold_layer_aggregation' retrieved from /opt/airflow/dags/gold_dag.py
[2025-10-21T21:19:03.883+0000] {logging_mixin.py:188} INFO - [2025-10-21T21:19:03.883+0000] {dag.py:3096} INFO - Sync 1 DAGs
[2025-10-21T21:19:03.913+0000] {processor.py:183} INFO - Processing /opt/airflow/dags/gold_dag.py took 0.071 seconds
[2025-10-21T21:19:34.802+0000] {processor.py:161} INFO - Started process (PID=336) to work on /opt/airflow/dags/gold_dag.py
[2025-10-21T21:19:34.803+0000] {processor.py:830} INFO - Processing file /opt/airflow/dags/gold_dag.py for tasks to queue
[2025-10-21T21:19:34.805+0000] {logging_mixin.py:188} INFO - [2025-10-21T21:19:34.805+0000] {dagbag.py:540} INFO - Filling up the DagBag from /opt/airflow/dags/gold_dag.py
[2025-10-21T21:19:34.821+0000] {processor.py:840} INFO - DAG(s) 'gold_layer_aggregation' retrieved from /opt/airflow/dags/gold_dag.py
[2025-10-21T21:19:34.840+0000] {logging_mixin.py:188} INFO - [2025-10-21T21:19:34.840+0000] {dag.py:3096} INFO - Sync 1 DAGs
[2025-10-21T21:19:34.871+0000] {processor.py:183} INFO - Processing /opt/airflow/dags/gold_dag.py took 0.072 seconds
[2025-10-21T21:20:05.764+0000] {processor.py:161} INFO - Started process (PID=339) to work on /opt/airflow/dags/gold_dag.py
[2025-10-21T21:20:05.765+0000] {processor.py:830} INFO - Processing file /opt/airflow/dags/gold_dag.py for tasks to queue
[2025-10-21T21:20:05.767+0000] {logging_mixin.py:188} INFO - [2025-10-21T21:20:05.767+0000] {dagbag.py:540} INFO - Filling up the DagBag from /opt/airflow/dags/gold_dag.py
[2025-10-21T21:20:05.786+0000] {processor.py:840} INFO - DAG(s) 'gold_layer_aggregation' retrieved from /opt/airflow/dags/gold_dag.py
[2025-10-21T21:20:05.806+0000] {logging_mixin.py:188} INFO - [2025-10-21T21:20:05.806+0000] {dag.py:3096} INFO - Sync 1 DAGs
[2025-10-21T21:20:05.838+0000] {processor.py:183} INFO - Processing /opt/airflow/dags/gold_dag.py took 0.079 seconds
[2025-10-21T21:20:36.641+0000] {processor.py:161} INFO - Started process (PID=342) to work on /opt/airflow/dags/gold_dag.py
[2025-10-21T21:20:36.642+0000] {processor.py:830} INFO - Processing file /opt/airflow/dags/gold_dag.py for tasks to queue
[2025-10-21T21:20:36.644+0000] {logging_mixin.py:188} INFO - [2025-10-21T21:20:36.644+0000] {dagbag.py:540} INFO - Filling up the DagBag from /opt/airflow/dags/gold_dag.py
[2025-10-21T21:20:36.662+0000] {processor.py:840} INFO - DAG(s) 'gold_layer_aggregation' retrieved from /opt/airflow/dags/gold_dag.py
[2025-10-21T21:20:36.682+0000] {logging_mixin.py:188} INFO - [2025-10-21T21:20:36.682+0000] {dag.py:3096} INFO - Sync 1 DAGs
[2025-10-21T21:20:36.714+0000] {processor.py:183} INFO - Processing /opt/airflow/dags/gold_dag.py took 0.078 seconds
[2025-10-21T21:21:06.914+0000] {processor.py:161} INFO - Started process (PID=345) to work on /opt/airflow/dags/gold_dag.py
[2025-10-21T21:21:06.915+0000] {processor.py:830} INFO - Processing file /opt/airflow/dags/gold_dag.py for tasks to queue
[2025-10-21T21:21:06.918+0000] {logging_mixin.py:188} INFO - [2025-10-21T21:21:06.917+0000] {dagbag.py:540} INFO - Filling up the DagBag from /opt/airflow/dags/gold_dag.py
[2025-10-21T21:21:06.936+0000] {processor.py:840} INFO - DAG(s) 'gold_layer_aggregation' retrieved from /opt/airflow/dags/gold_dag.py
[2025-10-21T21:21:06.956+0000] {logging_mixin.py:188} INFO - [2025-10-21T21:21:06.956+0000] {dag.py:3096} INFO - Sync 1 DAGs
[2025-10-21T21:21:06.988+0000] {processor.py:183} INFO - Processing /opt/airflow/dags/gold_dag.py took 0.078 seconds
[2025-10-21T21:21:53.904+0000] {processor.py:161} INFO - Started process (PID=348) to work on /opt/airflow/dags/gold_dag.py
[2025-10-21T21:21:53.905+0000] {processor.py:830} INFO - Processing file /opt/airflow/dags/gold_dag.py for tasks to queue
[2025-10-21T21:21:53.906+0000] {logging_mixin.py:188} INFO - [2025-10-21T21:21:53.906+0000] {dagbag.py:540} INFO - Filling up the DagBag from /opt/airflow/dags/gold_dag.py
[2025-10-21T21:21:53.925+0000] {processor.py:840} INFO - DAG(s) 'gold_layer_aggregation' retrieved from /opt/airflow/dags/gold_dag.py
[2025-10-21T21:21:53.946+0000] {logging_mixin.py:188} INFO - [2025-10-21T21:21:53.946+0000] {dag.py:3096} INFO - Sync 1 DAGs
[2025-10-21T21:21:53.980+0000] {processor.py:183} INFO - Processing /opt/airflow/dags/gold_dag.py took 0.082 seconds
[2025-10-21T21:22:24.176+0000] {processor.py:161} INFO - Started process (PID=351) to work on /opt/airflow/dags/gold_dag.py
[2025-10-21T21:22:24.177+0000] {processor.py:830} INFO - Processing file /opt/airflow/dags/gold_dag.py for tasks to queue
[2025-10-21T21:22:24.178+0000] {logging_mixin.py:188} INFO - [2025-10-21T21:22:24.178+0000] {dagbag.py:540} INFO - Filling up the DagBag from /opt/airflow/dags/gold_dag.py
[2025-10-21T21:22:24.195+0000] {processor.py:840} INFO - DAG(s) 'gold_layer_aggregation' retrieved from /opt/airflow/dags/gold_dag.py
[2025-10-21T21:22:24.214+0000] {logging_mixin.py:188} INFO - [2025-10-21T21:22:24.214+0000] {dag.py:3096} INFO - Sync 1 DAGs
[2025-10-21T21:22:24.244+0000] {processor.py:183} INFO - Processing /opt/airflow/dags/gold_dag.py took 0.073 seconds
[2025-10-21T21:22:54.609+0000] {processor.py:161} INFO - Started process (PID=354) to work on /opt/airflow/dags/gold_dag.py
[2025-10-21T21:22:54.610+0000] {processor.py:830} INFO - Processing file /opt/airflow/dags/gold_dag.py for tasks to queue
[2025-10-21T21:22:54.612+0000] {logging_mixin.py:188} INFO - [2025-10-21T21:22:54.612+0000] {dagbag.py:540} INFO - Filling up the DagBag from /opt/airflow/dags/gold_dag.py
[2025-10-21T21:22:54.631+0000] {processor.py:840} INFO - DAG(s) 'gold_layer_aggregation' retrieved from /opt/airflow/dags/gold_dag.py
[2025-10-21T21:22:54.653+0000] {logging_mixin.py:188} INFO - [2025-10-21T21:22:54.653+0000] {dag.py:3096} INFO - Sync 1 DAGs
[2025-10-21T21:22:54.685+0000] {processor.py:183} INFO - Processing /opt/airflow/dags/gold_dag.py took 0.082 seconds
[2025-10-21T21:23:24.863+0000] {processor.py:161} INFO - Started process (PID=357) to work on /opt/airflow/dags/gold_dag.py
[2025-10-21T21:23:24.864+0000] {processor.py:830} INFO - Processing file /opt/airflow/dags/gold_dag.py for tasks to queue
[2025-10-21T21:23:24.865+0000] {logging_mixin.py:188} INFO - [2025-10-21T21:23:24.865+0000] {dagbag.py:540} INFO - Filling up the DagBag from /opt/airflow/dags/gold_dag.py
[2025-10-21T21:23:24.882+0000] {processor.py:840} INFO - DAG(s) 'gold_layer_aggregation' retrieved from /opt/airflow/dags/gold_dag.py
[2025-10-21T21:23:24.902+0000] {logging_mixin.py:188} INFO - [2025-10-21T21:23:24.901+0000] {dag.py:3096} INFO - Sync 1 DAGs
[2025-10-21T21:23:24.932+0000] {processor.py:183} INFO - Processing /opt/airflow/dags/gold_dag.py took 0.074 seconds
[2025-10-21T21:23:55.826+0000] {processor.py:161} INFO - Started process (PID=360) to work on /opt/airflow/dags/gold_dag.py
[2025-10-21T21:23:55.827+0000] {processor.py:830} INFO - Processing file /opt/airflow/dags/gold_dag.py for tasks to queue
[2025-10-21T21:23:55.828+0000] {logging_mixin.py:188} INFO - [2025-10-21T21:23:55.828+0000] {dagbag.py:540} INFO - Filling up the DagBag from /opt/airflow/dags/gold_dag.py
[2025-10-21T21:23:55.844+0000] {processor.py:840} INFO - DAG(s) 'gold_layer_aggregation' retrieved from /opt/airflow/dags/gold_dag.py
[2025-10-21T21:23:55.863+0000] {logging_mixin.py:188} INFO - [2025-10-21T21:23:55.863+0000] {dag.py:3096} INFO - Sync 1 DAGs
[2025-10-21T21:23:55.892+0000] {processor.py:183} INFO - Processing /opt/airflow/dags/gold_dag.py took 0.070 seconds
[2025-10-21T21:24:26.784+0000] {processor.py:161} INFO - Started process (PID=363) to work on /opt/airflow/dags/gold_dag.py
[2025-10-21T21:24:26.785+0000] {processor.py:830} INFO - Processing file /opt/airflow/dags/gold_dag.py for tasks to queue
[2025-10-21T21:24:26.787+0000] {logging_mixin.py:188} INFO - [2025-10-21T21:24:26.787+0000] {dagbag.py:540} INFO - Filling up the DagBag from /opt/airflow/dags/gold_dag.py
[2025-10-21T21:24:26.803+0000] {processor.py:840} INFO - DAG(s) 'gold_layer_aggregation' retrieved from /opt/airflow/dags/gold_dag.py
[2025-10-21T21:24:26.822+0000] {logging_mixin.py:188} INFO - [2025-10-21T21:24:26.822+0000] {dag.py:3096} INFO - Sync 1 DAGs
[2025-10-21T21:24:26.856+0000] {processor.py:183} INFO - Processing /opt/airflow/dags/gold_dag.py took 0.077 seconds
[2025-10-21T21:24:57.206+0000] {processor.py:161} INFO - Started process (PID=366) to work on /opt/airflow/dags/gold_dag.py
[2025-10-21T21:24:57.207+0000] {processor.py:830} INFO - Processing file /opt/airflow/dags/gold_dag.py for tasks to queue
[2025-10-21T21:24:57.208+0000] {logging_mixin.py:188} INFO - [2025-10-21T21:24:57.208+0000] {dagbag.py:540} INFO - Filling up the DagBag from /opt/airflow/dags/gold_dag.py
[2025-10-21T21:24:57.226+0000] {processor.py:840} INFO - DAG(s) 'gold_layer_aggregation' retrieved from /opt/airflow/dags/gold_dag.py
[2025-10-21T21:24:57.249+0000] {logging_mixin.py:188} INFO - [2025-10-21T21:24:57.248+0000] {dag.py:3096} INFO - Sync 1 DAGs
[2025-10-21T21:24:57.282+0000] {processor.py:183} INFO - Processing /opt/airflow/dags/gold_dag.py took 0.082 seconds
[2025-10-21T21:25:50.562+0000] {processor.py:161} INFO - Started process (PID=369) to work on /opt/airflow/dags/gold_dag.py
[2025-10-21T21:25:50.562+0000] {processor.py:830} INFO - Processing file /opt/airflow/dags/gold_dag.py for tasks to queue
[2025-10-21T21:25:50.564+0000] {logging_mixin.py:188} INFO - [2025-10-21T21:25:50.564+0000] {dagbag.py:540} INFO - Filling up the DagBag from /opt/airflow/dags/gold_dag.py
[2025-10-21T21:25:50.582+0000] {processor.py:840} INFO - DAG(s) 'gold_layer_aggregation' retrieved from /opt/airflow/dags/gold_dag.py
[2025-10-21T21:25:50.603+0000] {logging_mixin.py:188} INFO - [2025-10-21T21:25:50.603+0000] {dag.py:3096} INFO - Sync 1 DAGs
[2025-10-21T21:25:50.636+0000] {processor.py:183} INFO - Processing /opt/airflow/dags/gold_dag.py took 0.079 seconds
[2025-10-21T21:26:20.837+0000] {processor.py:161} INFO - Started process (PID=372) to work on /opt/airflow/dags/gold_dag.py
[2025-10-21T21:26:20.838+0000] {processor.py:830} INFO - Processing file /opt/airflow/dags/gold_dag.py for tasks to queue
[2025-10-21T21:26:20.840+0000] {logging_mixin.py:188} INFO - [2025-10-21T21:26:20.840+0000] {dagbag.py:540} INFO - Filling up the DagBag from /opt/airflow/dags/gold_dag.py
[2025-10-21T21:26:20.858+0000] {processor.py:840} INFO - DAG(s) 'gold_layer_aggregation' retrieved from /opt/airflow/dags/gold_dag.py
[2025-10-21T21:26:20.879+0000] {logging_mixin.py:188} INFO - [2025-10-21T21:26:20.878+0000] {dag.py:3096} INFO - Sync 1 DAGs
[2025-10-21T21:26:20.911+0000] {processor.py:183} INFO - Processing /opt/airflow/dags/gold_dag.py took 0.079 seconds
[2025-10-21T21:26:51.254+0000] {processor.py:161} INFO - Started process (PID=375) to work on /opt/airflow/dags/gold_dag.py
[2025-10-21T21:26:51.255+0000] {processor.py:830} INFO - Processing file /opt/airflow/dags/gold_dag.py for tasks to queue
[2025-10-21T21:26:51.257+0000] {logging_mixin.py:188} INFO - [2025-10-21T21:26:51.257+0000] {dagbag.py:540} INFO - Filling up the DagBag from /opt/airflow/dags/gold_dag.py
[2025-10-21T21:26:51.284+0000] {processor.py:840} INFO - DAG(s) 'gold_layer_aggregation' retrieved from /opt/airflow/dags/gold_dag.py
[2025-10-21T21:26:51.439+0000] {logging_mixin.py:188} INFO - [2025-10-21T21:26:51.439+0000] {dag.py:3096} INFO - Sync 1 DAGs
[2025-10-21T21:26:51.474+0000] {processor.py:183} INFO - Processing /opt/airflow/dags/gold_dag.py took 0.226 seconds
[2025-10-21T21:27:22.106+0000] {processor.py:161} INFO - Started process (PID=383) to work on /opt/airflow/dags/gold_dag.py
[2025-10-21T21:27:22.107+0000] {processor.py:830} INFO - Processing file /opt/airflow/dags/gold_dag.py for tasks to queue
[2025-10-21T21:27:22.109+0000] {logging_mixin.py:188} INFO - [2025-10-21T21:27:22.108+0000] {dagbag.py:540} INFO - Filling up the DagBag from /opt/airflow/dags/gold_dag.py
[2025-10-21T21:27:22.128+0000] {processor.py:840} INFO - DAG(s) 'gold_layer_aggregation' retrieved from /opt/airflow/dags/gold_dag.py
[2025-10-21T21:27:22.150+0000] {logging_mixin.py:188} INFO - [2025-10-21T21:27:22.150+0000] {dag.py:3096} INFO - Sync 1 DAGs
[2025-10-21T21:27:22.184+0000] {processor.py:183} INFO - Processing /opt/airflow/dags/gold_dag.py took 0.083 seconds
[2025-10-21T21:27:52.386+0000] {processor.py:161} INFO - Started process (PID=386) to work on /opt/airflow/dags/gold_dag.py
[2025-10-21T21:27:52.387+0000] {processor.py:830} INFO - Processing file /opt/airflow/dags/gold_dag.py for tasks to queue
[2025-10-21T21:27:52.388+0000] {logging_mixin.py:188} INFO - [2025-10-21T21:27:52.388+0000] {dagbag.py:540} INFO - Filling up the DagBag from /opt/airflow/dags/gold_dag.py
[2025-10-21T21:27:52.406+0000] {processor.py:840} INFO - DAG(s) 'gold_layer_aggregation' retrieved from /opt/airflow/dags/gold_dag.py
[2025-10-21T21:27:52.426+0000] {logging_mixin.py:188} INFO - [2025-10-21T21:27:52.426+0000] {dag.py:3096} INFO - Sync 1 DAGs
[2025-10-21T21:27:52.457+0000] {processor.py:183} INFO - Processing /opt/airflow/dags/gold_dag.py took 0.076 seconds
[2025-10-21T21:28:43.296+0000] {processor.py:161} INFO - Started process (PID=389) to work on /opt/airflow/dags/gold_dag.py
[2025-10-21T21:28:43.297+0000] {processor.py:830} INFO - Processing file /opt/airflow/dags/gold_dag.py for tasks to queue
[2025-10-21T21:28:43.298+0000] {logging_mixin.py:188} INFO - [2025-10-21T21:28:43.298+0000] {dagbag.py:540} INFO - Filling up the DagBag from /opt/airflow/dags/gold_dag.py
[2025-10-21T21:28:43.318+0000] {processor.py:840} INFO - DAG(s) 'gold_layer_aggregation' retrieved from /opt/airflow/dags/gold_dag.py
[2025-10-21T21:28:43.338+0000] {logging_mixin.py:188} INFO - [2025-10-21T21:28:43.338+0000] {dag.py:3096} INFO - Sync 1 DAGs
[2025-10-21T21:28:43.375+0000] {processor.py:183} INFO - Processing /opt/airflow/dags/gold_dag.py took 0.085 seconds
[2025-10-21T21:29:13.989+0000] {processor.py:161} INFO - Started process (PID=392) to work on /opt/airflow/dags/gold_dag.py
[2025-10-21T21:29:13.990+0000] {processor.py:830} INFO - Processing file /opt/airflow/dags/gold_dag.py for tasks to queue
[2025-10-21T21:29:13.992+0000] {logging_mixin.py:188} INFO - [2025-10-21T21:29:13.992+0000] {dagbag.py:540} INFO - Filling up the DagBag from /opt/airflow/dags/gold_dag.py
[2025-10-21T21:29:14.010+0000] {processor.py:840} INFO - DAG(s) 'gold_layer_aggregation' retrieved from /opt/airflow/dags/gold_dag.py
[2025-10-21T21:29:14.031+0000] {logging_mixin.py:188} INFO - [2025-10-21T21:29:14.031+0000] {dag.py:3096} INFO - Sync 1 DAGs
[2025-10-21T21:29:14.064+0000] {processor.py:183} INFO - Processing /opt/airflow/dags/gold_dag.py took 0.080 seconds
[2025-10-21T21:29:53.904+0000] {processor.py:161} INFO - Started process (PID=395) to work on /opt/airflow/dags/gold_dag.py
[2025-10-21T21:29:53.905+0000] {processor.py:830} INFO - Processing file /opt/airflow/dags/gold_dag.py for tasks to queue
[2025-10-21T21:29:53.906+0000] {logging_mixin.py:188} INFO - [2025-10-21T21:29:53.906+0000] {dagbag.py:540} INFO - Filling up the DagBag from /opt/airflow/dags/gold_dag.py
[2025-10-21T21:29:53.924+0000] {processor.py:840} INFO - DAG(s) 'gold_layer_aggregation' retrieved from /opt/airflow/dags/gold_dag.py
[2025-10-21T21:29:53.945+0000] {logging_mixin.py:188} INFO - [2025-10-21T21:29:53.945+0000] {dag.py:3096} INFO - Sync 1 DAGs
[2025-10-21T21:29:53.978+0000] {processor.py:183} INFO - Processing /opt/airflow/dags/gold_dag.py took 0.079 seconds
[2025-10-21T21:30:54.339+0000] {processor.py:161} INFO - Started process (PID=398) to work on /opt/airflow/dags/gold_dag.py
[2025-10-21T21:30:54.340+0000] {processor.py:830} INFO - Processing file /opt/airflow/dags/gold_dag.py for tasks to queue
[2025-10-21T21:30:54.342+0000] {logging_mixin.py:188} INFO - [2025-10-21T21:30:54.342+0000] {dagbag.py:540} INFO - Filling up the DagBag from /opt/airflow/dags/gold_dag.py
[2025-10-21T21:30:54.363+0000] {processor.py:840} INFO - DAG(s) 'gold_layer_aggregation' retrieved from /opt/airflow/dags/gold_dag.py
[2025-10-21T21:30:54.385+0000] {logging_mixin.py:188} INFO - [2025-10-21T21:30:54.385+0000] {dag.py:3096} INFO - Sync 1 DAGs
[2025-10-21T21:30:54.420+0000] {processor.py:183} INFO - Processing /opt/airflow/dags/gold_dag.py took 0.086 seconds
[2025-10-21T21:31:24.827+0000] {processor.py:161} INFO - Started process (PID=401) to work on /opt/airflow/dags/gold_dag.py
[2025-10-21T21:31:24.828+0000] {processor.py:830} INFO - Processing file /opt/airflow/dags/gold_dag.py for tasks to queue
[2025-10-21T21:31:24.830+0000] {logging_mixin.py:188} INFO - [2025-10-21T21:31:24.830+0000] {dagbag.py:540} INFO - Filling up the DagBag from /opt/airflow/dags/gold_dag.py
[2025-10-21T21:31:24.846+0000] {processor.py:840} INFO - DAG(s) 'gold_layer_aggregation' retrieved from /opt/airflow/dags/gold_dag.py
[2025-10-21T21:31:24.866+0000] {logging_mixin.py:188} INFO - [2025-10-21T21:31:24.866+0000] {dag.py:3096} INFO - Sync 1 DAGs
[2025-10-21T21:31:24.895+0000] {processor.py:183} INFO - Processing /opt/airflow/dags/gold_dag.py took 0.073 seconds
[2025-10-21T21:31:55.852+0000] {processor.py:161} INFO - Started process (PID=404) to work on /opt/airflow/dags/gold_dag.py
[2025-10-21T21:31:55.853+0000] {processor.py:830} INFO - Processing file /opt/airflow/dags/gold_dag.py for tasks to queue
[2025-10-21T21:31:55.855+0000] {logging_mixin.py:188} INFO - [2025-10-21T21:31:55.855+0000] {dagbag.py:540} INFO - Filling up the DagBag from /opt/airflow/dags/gold_dag.py
[2025-10-21T21:31:55.878+0000] {processor.py:840} INFO - DAG(s) 'gold_layer_aggregation' retrieved from /opt/airflow/dags/gold_dag.py
[2025-10-21T21:31:55.903+0000] {logging_mixin.py:188} INFO - [2025-10-21T21:31:55.903+0000] {dag.py:3096} INFO - Sync 1 DAGs
[2025-10-21T21:31:55.952+0000] {processor.py:183} INFO - Processing /opt/airflow/dags/gold_dag.py took 0.107 seconds
[2025-10-21T21:32:57.885+0000] {processor.py:161} INFO - Started process (PID=411) to work on /opt/airflow/dags/gold_dag.py
[2025-10-21T21:32:57.887+0000] {processor.py:830} INFO - Processing file /opt/airflow/dags/gold_dag.py for tasks to queue
[2025-10-21T21:32:57.889+0000] {logging_mixin.py:188} INFO - [2025-10-21T21:32:57.889+0000] {dagbag.py:540} INFO - Filling up the DagBag from /opt/airflow/dags/gold_dag.py
[2025-10-21T21:32:57.914+0000] {processor.py:840} INFO - DAG(s) 'gold_layer_aggregation' retrieved from /opt/airflow/dags/gold_dag.py
[2025-10-21T21:32:57.938+0000] {logging_mixin.py:188} INFO - [2025-10-21T21:32:57.938+0000] {dag.py:3096} INFO - Sync 1 DAGs
[2025-10-21T21:32:57.975+0000] {processor.py:183} INFO - Processing /opt/airflow/dags/gold_dag.py took 0.097 seconds
[2025-10-21T21:33:32.394+0000] {processor.py:161} INFO - Started process (PID=414) to work on /opt/airflow/dags/gold_dag.py
[2025-10-21T21:33:32.395+0000] {processor.py:830} INFO - Processing file /opt/airflow/dags/gold_dag.py for tasks to queue
[2025-10-21T21:33:32.397+0000] {logging_mixin.py:188} INFO - [2025-10-21T21:33:32.396+0000] {dagbag.py:540} INFO - Filling up the DagBag from /opt/airflow/dags/gold_dag.py
[2025-10-21T21:33:32.414+0000] {processor.py:840} INFO - DAG(s) 'gold_layer_aggregation' retrieved from /opt/airflow/dags/gold_dag.py
[2025-10-21T21:33:32.435+0000] {logging_mixin.py:188} INFO - [2025-10-21T21:33:32.435+0000] {dag.py:3096} INFO - Sync 1 DAGs
[2025-10-21T21:33:32.467+0000] {processor.py:183} INFO - Processing /opt/airflow/dags/gold_dag.py took 0.079 seconds
[2025-10-21T21:34:02.696+0000] {processor.py:161} INFO - Started process (PID=417) to work on /opt/airflow/dags/gold_dag.py
[2025-10-21T21:34:02.697+0000] {processor.py:830} INFO - Processing file /opt/airflow/dags/gold_dag.py for tasks to queue
[2025-10-21T21:34:02.698+0000] {logging_mixin.py:188} INFO - [2025-10-21T21:34:02.698+0000] {dagbag.py:540} INFO - Filling up the DagBag from /opt/airflow/dags/gold_dag.py
[2025-10-21T21:34:02.716+0000] {processor.py:840} INFO - DAG(s) 'gold_layer_aggregation' retrieved from /opt/airflow/dags/gold_dag.py
[2025-10-21T21:34:02.737+0000] {logging_mixin.py:188} INFO - [2025-10-21T21:34:02.737+0000] {dag.py:3096} INFO - Sync 1 DAGs
[2025-10-21T21:34:02.769+0000] {processor.py:183} INFO - Processing /opt/airflow/dags/gold_dag.py took 0.078 seconds
[2025-10-21T21:34:48.576+0000] {processor.py:161} INFO - Started process (PID=420) to work on /opt/airflow/dags/gold_dag.py
[2025-10-21T21:34:48.577+0000] {processor.py:830} INFO - Processing file /opt/airflow/dags/gold_dag.py for tasks to queue
[2025-10-21T21:34:48.579+0000] {logging_mixin.py:188} INFO - [2025-10-21T21:34:48.579+0000] {dagbag.py:540} INFO - Filling up the DagBag from /opt/airflow/dags/gold_dag.py
[2025-10-21T21:34:48.598+0000] {processor.py:840} INFO - DAG(s) 'gold_layer_aggregation' retrieved from /opt/airflow/dags/gold_dag.py
[2025-10-21T21:34:48.618+0000] {logging_mixin.py:188} INFO - [2025-10-21T21:34:48.618+0000] {dag.py:3096} INFO - Sync 1 DAGs
[2025-10-21T21:34:48.650+0000] {processor.py:183} INFO - Processing /opt/airflow/dags/gold_dag.py took 0.079 seconds
[2025-10-21T21:35:18.770+0000] {processor.py:161} INFO - Started process (PID=423) to work on /opt/airflow/dags/gold_dag.py
[2025-10-21T21:35:18.771+0000] {processor.py:830} INFO - Processing file /opt/airflow/dags/gold_dag.py for tasks to queue
[2025-10-21T21:35:18.772+0000] {logging_mixin.py:188} INFO - [2025-10-21T21:35:18.772+0000] {dagbag.py:540} INFO - Filling up the DagBag from /opt/airflow/dags/gold_dag.py
[2025-10-21T21:35:18.790+0000] {processor.py:840} INFO - DAG(s) 'gold_layer_aggregation' retrieved from /opt/airflow/dags/gold_dag.py
[2025-10-21T21:35:18.811+0000] {logging_mixin.py:188} INFO - [2025-10-21T21:35:18.811+0000] {dag.py:3096} INFO - Sync 1 DAGs
[2025-10-21T21:35:18.844+0000] {processor.py:183} INFO - Processing /opt/airflow/dags/gold_dag.py took 0.080 seconds
[2025-10-21T21:36:19.913+0000] {processor.py:161} INFO - Started process (PID=426) to work on /opt/airflow/dags/gold_dag.py
[2025-10-21T21:36:19.914+0000] {processor.py:830} INFO - Processing file /opt/airflow/dags/gold_dag.py for tasks to queue
[2025-10-21T21:36:19.916+0000] {logging_mixin.py:188} INFO - [2025-10-21T21:36:19.916+0000] {dagbag.py:540} INFO - Filling up the DagBag from /opt/airflow/dags/gold_dag.py
[2025-10-21T21:36:19.936+0000] {processor.py:840} INFO - DAG(s) 'gold_layer_aggregation' retrieved from /opt/airflow/dags/gold_dag.py
[2025-10-21T21:36:19.958+0000] {logging_mixin.py:188} INFO - [2025-10-21T21:36:19.957+0000] {dag.py:3096} INFO - Sync 1 DAGs
[2025-10-21T21:36:19.990+0000] {processor.py:183} INFO - Processing /opt/airflow/dags/gold_dag.py took 0.082 seconds
[2025-10-21T21:36:50.674+0000] {processor.py:161} INFO - Started process (PID=429) to work on /opt/airflow/dags/gold_dag.py
[2025-10-21T21:36:50.675+0000] {processor.py:830} INFO - Processing file /opt/airflow/dags/gold_dag.py for tasks to queue
[2025-10-21T21:36:50.677+0000] {logging_mixin.py:188} INFO - [2025-10-21T21:36:50.677+0000] {dagbag.py:540} INFO - Filling up the DagBag from /opt/airflow/dags/gold_dag.py
[2025-10-21T21:36:50.696+0000] {processor.py:840} INFO - DAG(s) 'gold_layer_aggregation' retrieved from /opt/airflow/dags/gold_dag.py
[2025-10-21T21:36:50.716+0000] {logging_mixin.py:188} INFO - [2025-10-21T21:36:50.716+0000] {dag.py:3096} INFO - Sync 1 DAGs
[2025-10-21T21:36:50.748+0000] {processor.py:183} INFO - Processing /opt/airflow/dags/gold_dag.py took 0.078 seconds
[2025-10-21T21:37:21.011+0000] {processor.py:161} INFO - Started process (PID=446) to work on /opt/airflow/dags/gold_dag.py
[2025-10-21T21:37:21.012+0000] {processor.py:830} INFO - Processing file /opt/airflow/dags/gold_dag.py for tasks to queue
[2025-10-21T21:37:21.014+0000] {logging_mixin.py:188} INFO - [2025-10-21T21:37:21.014+0000] {dagbag.py:540} INFO - Filling up the DagBag from /opt/airflow/dags/gold_dag.py
[2025-10-21T21:37:21.030+0000] {processor.py:840} INFO - DAG(s) 'gold_layer_aggregation' retrieved from /opt/airflow/dags/gold_dag.py
[2025-10-21T21:37:21.051+0000] {logging_mixin.py:188} INFO - [2025-10-21T21:37:21.050+0000] {dag.py:3096} INFO - Sync 1 DAGs
[2025-10-21T21:37:21.085+0000] {processor.py:183} INFO - Processing /opt/airflow/dags/gold_dag.py took 0.078 seconds
[2025-10-21T21:38:02.957+0000] {processor.py:161} INFO - Started process (PID=449) to work on /opt/airflow/dags/gold_dag.py
[2025-10-21T21:38:02.958+0000] {processor.py:830} INFO - Processing file /opt/airflow/dags/gold_dag.py for tasks to queue
[2025-10-21T21:38:02.960+0000] {logging_mixin.py:188} INFO - [2025-10-21T21:38:02.959+0000] {dagbag.py:540} INFO - Filling up the DagBag from /opt/airflow/dags/gold_dag.py
[2025-10-21T21:38:02.976+0000] {processor.py:840} INFO - DAG(s) 'gold_layer_aggregation' retrieved from /opt/airflow/dags/gold_dag.py
[2025-10-21T21:38:02.996+0000] {logging_mixin.py:188} INFO - [2025-10-21T21:38:02.996+0000] {dag.py:3096} INFO - Sync 1 DAGs
[2025-10-21T21:38:03.029+0000] {processor.py:183} INFO - Processing /opt/airflow/dags/gold_dag.py took 0.077 seconds
[2025-10-21T21:38:33.231+0000] {processor.py:161} INFO - Started process (PID=452) to work on /opt/airflow/dags/gold_dag.py
[2025-10-21T21:38:33.232+0000] {processor.py:830} INFO - Processing file /opt/airflow/dags/gold_dag.py for tasks to queue
[2025-10-21T21:38:33.234+0000] {logging_mixin.py:188} INFO - [2025-10-21T21:38:33.234+0000] {dagbag.py:540} INFO - Filling up the DagBag from /opt/airflow/dags/gold_dag.py
[2025-10-21T21:38:33.254+0000] {processor.py:840} INFO - DAG(s) 'gold_layer_aggregation' retrieved from /opt/airflow/dags/gold_dag.py
[2025-10-21T21:38:33.276+0000] {logging_mixin.py:188} INFO - [2025-10-21T21:38:33.276+0000] {dag.py:3096} INFO - Sync 1 DAGs
[2025-10-21T21:38:33.309+0000] {processor.py:183} INFO - Processing /opt/airflow/dags/gold_dag.py took 0.082 seconds
[2025-10-21T21:39:31.681+0000] {processor.py:161} INFO - Started process (PID=455) to work on /opt/airflow/dags/gold_dag.py
[2025-10-21T21:39:31.682+0000] {processor.py:830} INFO - Processing file /opt/airflow/dags/gold_dag.py for tasks to queue
[2025-10-21T21:39:31.683+0000] {logging_mixin.py:188} INFO - [2025-10-21T21:39:31.683+0000] {dagbag.py:540} INFO - Filling up the DagBag from /opt/airflow/dags/gold_dag.py
[2025-10-21T21:39:31.701+0000] {processor.py:840} INFO - DAG(s) 'gold_layer_aggregation' retrieved from /opt/airflow/dags/gold_dag.py
[2025-10-21T21:39:31.721+0000] {logging_mixin.py:188} INFO - [2025-10-21T21:39:31.721+0000] {dag.py:3096} INFO - Sync 1 DAGs
[2025-10-21T21:39:31.753+0000] {processor.py:183} INFO - Processing /opt/airflow/dags/gold_dag.py took 0.077 seconds
[2025-10-21T21:40:02.367+0000] {processor.py:161} INFO - Started process (PID=458) to work on /opt/airflow/dags/gold_dag.py
[2025-10-21T21:40:02.368+0000] {processor.py:830} INFO - Processing file /opt/airflow/dags/gold_dag.py for tasks to queue
[2025-10-21T21:40:02.370+0000] {logging_mixin.py:188} INFO - [2025-10-21T21:40:02.369+0000] {dagbag.py:540} INFO - Filling up the DagBag from /opt/airflow/dags/gold_dag.py
[2025-10-21T21:40:02.388+0000] {processor.py:840} INFO - DAG(s) 'gold_layer_aggregation' retrieved from /opt/airflow/dags/gold_dag.py
[2025-10-21T21:40:02.409+0000] {logging_mixin.py:188} INFO - [2025-10-21T21:40:02.408+0000] {dag.py:3096} INFO - Sync 1 DAGs
[2025-10-21T21:40:02.442+0000] {processor.py:183} INFO - Processing /opt/airflow/dags/gold_dag.py took 0.080 seconds
[2025-10-21T21:40:42.308+0000] {processor.py:161} INFO - Started process (PID=461) to work on /opt/airflow/dags/gold_dag.py
[2025-10-21T21:40:42.309+0000] {processor.py:830} INFO - Processing file /opt/airflow/dags/gold_dag.py for tasks to queue
[2025-10-21T21:40:42.310+0000] {logging_mixin.py:188} INFO - [2025-10-21T21:40:42.310+0000] {dagbag.py:540} INFO - Filling up the DagBag from /opt/airflow/dags/gold_dag.py
[2025-10-21T21:40:42.328+0000] {processor.py:840} INFO - DAG(s) 'gold_layer_aggregation' retrieved from /opt/airflow/dags/gold_dag.py
[2025-10-21T21:40:42.348+0000] {logging_mixin.py:188} INFO - [2025-10-21T21:40:42.347+0000] {dag.py:3096} INFO - Sync 1 DAGs
[2025-10-21T21:40:42.380+0000] {processor.py:183} INFO - Processing /opt/airflow/dags/gold_dag.py took 0.077 seconds
[2025-10-21T21:41:12.577+0000] {processor.py:161} INFO - Started process (PID=464) to work on /opt/airflow/dags/gold_dag.py
[2025-10-21T21:41:12.578+0000] {processor.py:830} INFO - Processing file /opt/airflow/dags/gold_dag.py for tasks to queue
[2025-10-21T21:41:12.579+0000] {logging_mixin.py:188} INFO - [2025-10-21T21:41:12.579+0000] {dagbag.py:540} INFO - Filling up the DagBag from /opt/airflow/dags/gold_dag.py
[2025-10-21T21:41:12.595+0000] {processor.py:840} INFO - DAG(s) 'gold_layer_aggregation' retrieved from /opt/airflow/dags/gold_dag.py
[2025-10-21T21:41:12.614+0000] {logging_mixin.py:188} INFO - [2025-10-21T21:41:12.614+0000] {dag.py:3096} INFO - Sync 1 DAGs
[2025-10-21T21:41:12.644+0000] {processor.py:183} INFO - Processing /opt/airflow/dags/gold_dag.py took 0.071 seconds
[2025-10-21T21:41:42.697+0000] {processor.py:161} INFO - Started process (PID=467) to work on /opt/airflow/dags/gold_dag.py
[2025-10-21T21:41:42.697+0000] {processor.py:830} INFO - Processing file /opt/airflow/dags/gold_dag.py for tasks to queue
[2025-10-21T21:41:42.699+0000] {logging_mixin.py:188} INFO - [2025-10-21T21:41:42.699+0000] {dagbag.py:540} INFO - Filling up the DagBag from /opt/airflow/dags/gold_dag.py
[2025-10-21T21:41:42.717+0000] {processor.py:840} INFO - DAG(s) 'gold_layer_aggregation' retrieved from /opt/airflow/dags/gold_dag.py
[2025-10-21T21:41:42.738+0000] {logging_mixin.py:188} INFO - [2025-10-21T21:41:42.738+0000] {dag.py:3096} INFO - Sync 1 DAGs
[2025-10-21T21:41:42.770+0000] {processor.py:183} INFO - Processing /opt/airflow/dags/gold_dag.py took 0.079 seconds
[2025-10-21T21:42:13.030+0000] {processor.py:161} INFO - Started process (PID=476) to work on /opt/airflow/dags/gold_dag.py
[2025-10-21T21:42:13.031+0000] {processor.py:830} INFO - Processing file /opt/airflow/dags/gold_dag.py for tasks to queue
[2025-10-21T21:42:13.033+0000] {logging_mixin.py:188} INFO - [2025-10-21T21:42:13.033+0000] {dagbag.py:540} INFO - Filling up the DagBag from /opt/airflow/dags/gold_dag.py
[2025-10-21T21:42:13.050+0000] {processor.py:840} INFO - DAG(s) 'gold_layer_aggregation' retrieved from /opt/airflow/dags/gold_dag.py
[2025-10-21T21:42:13.068+0000] {logging_mixin.py:188} INFO - [2025-10-21T21:42:13.068+0000] {dag.py:3096} INFO - Sync 1 DAGs
[2025-10-21T21:42:13.097+0000] {processor.py:183} INFO - Processing /opt/airflow/dags/gold_dag.py took 0.072 seconds
[2025-10-21T21:42:43.708+0000] {processor.py:161} INFO - Started process (PID=479) to work on /opt/airflow/dags/gold_dag.py
[2025-10-21T21:42:43.708+0000] {processor.py:830} INFO - Processing file /opt/airflow/dags/gold_dag.py for tasks to queue
[2025-10-21T21:42:43.710+0000] {logging_mixin.py:188} INFO - [2025-10-21T21:42:43.710+0000] {dagbag.py:540} INFO - Filling up the DagBag from /opt/airflow/dags/gold_dag.py
[2025-10-21T21:42:43.729+0000] {processor.py:840} INFO - DAG(s) 'gold_layer_aggregation' retrieved from /opt/airflow/dags/gold_dag.py
[2025-10-21T21:42:43.748+0000] {logging_mixin.py:188} INFO - [2025-10-21T21:42:43.747+0000] {dag.py:3096} INFO - Sync 1 DAGs
[2025-10-21T21:42:43.779+0000] {processor.py:183} INFO - Processing /opt/airflow/dags/gold_dag.py took 0.077 seconds
[2025-10-21T21:43:13.976+0000] {processor.py:161} INFO - Started process (PID=482) to work on /opt/airflow/dags/gold_dag.py
[2025-10-21T21:43:13.977+0000] {processor.py:830} INFO - Processing file /opt/airflow/dags/gold_dag.py for tasks to queue
[2025-10-21T21:43:13.978+0000] {logging_mixin.py:188} INFO - [2025-10-21T21:43:13.978+0000] {dagbag.py:540} INFO - Filling up the DagBag from /opt/airflow/dags/gold_dag.py
[2025-10-21T21:43:13.994+0000] {processor.py:840} INFO - DAG(s) 'gold_layer_aggregation' retrieved from /opt/airflow/dags/gold_dag.py
[2025-10-21T21:43:14.011+0000] {logging_mixin.py:188} INFO - [2025-10-21T21:43:14.011+0000] {dag.py:3096} INFO - Sync 1 DAGs
[2025-10-21T21:43:14.043+0000] {processor.py:183} INFO - Processing /opt/airflow/dags/gold_dag.py took 0.071 seconds
[2025-10-21T21:44:02.958+0000] {processor.py:161} INFO - Started process (PID=485) to work on /opt/airflow/dags/gold_dag.py
[2025-10-21T21:44:02.959+0000] {processor.py:830} INFO - Processing file /opt/airflow/dags/gold_dag.py for tasks to queue
[2025-10-21T21:44:02.960+0000] {logging_mixin.py:188} INFO - [2025-10-21T21:44:02.960+0000] {dagbag.py:540} INFO - Filling up the DagBag from /opt/airflow/dags/gold_dag.py
[2025-10-21T21:44:02.976+0000] {processor.py:840} INFO - DAG(s) 'gold_layer_aggregation' retrieved from /opt/airflow/dags/gold_dag.py
[2025-10-21T21:44:02.993+0000] {logging_mixin.py:188} INFO - [2025-10-21T21:44:02.993+0000] {dag.py:3096} INFO - Sync 1 DAGs
[2025-10-21T21:44:03.023+0000] {processor.py:183} INFO - Processing /opt/airflow/dags/gold_dag.py took 0.069 seconds
[2025-10-21T21:45:03.359+0000] {processor.py:161} INFO - Started process (PID=488) to work on /opt/airflow/dags/gold_dag.py
[2025-10-21T21:45:03.360+0000] {processor.py:830} INFO - Processing file /opt/airflow/dags/gold_dag.py for tasks to queue
[2025-10-21T21:45:03.362+0000] {logging_mixin.py:188} INFO - [2025-10-21T21:45:03.362+0000] {dagbag.py:540} INFO - Filling up the DagBag from /opt/airflow/dags/gold_dag.py
[2025-10-21T21:45:03.380+0000] {processor.py:840} INFO - DAG(s) 'gold_layer_aggregation' retrieved from /opt/airflow/dags/gold_dag.py
[2025-10-21T21:45:03.400+0000] {logging_mixin.py:188} INFO - [2025-10-21T21:45:03.400+0000] {dag.py:3096} INFO - Sync 1 DAGs
[2025-10-21T21:45:03.431+0000] {processor.py:183} INFO - Processing /opt/airflow/dags/gold_dag.py took 0.077 seconds
[2025-10-21T21:45:33.746+0000] {processor.py:161} INFO - Started process (PID=491) to work on /opt/airflow/dags/gold_dag.py
[2025-10-21T21:45:33.747+0000] {processor.py:830} INFO - Processing file /opt/airflow/dags/gold_dag.py for tasks to queue
[2025-10-21T21:45:33.749+0000] {logging_mixin.py:188} INFO - [2025-10-21T21:45:33.748+0000] {dagbag.py:540} INFO - Filling up the DagBag from /opt/airflow/dags/gold_dag.py
[2025-10-21T21:45:33.765+0000] {processor.py:840} INFO - DAG(s) 'gold_layer_aggregation' retrieved from /opt/airflow/dags/gold_dag.py
[2025-10-21T21:45:33.786+0000] {logging_mixin.py:188} INFO - [2025-10-21T21:45:33.786+0000] {dag.py:3096} INFO - Sync 1 DAGs
[2025-10-21T21:45:33.817+0000] {processor.py:183} INFO - Processing /opt/airflow/dags/gold_dag.py took 0.076 seconds
[2025-10-21T21:46:04.716+0000] {processor.py:161} INFO - Started process (PID=494) to work on /opt/airflow/dags/gold_dag.py
[2025-10-21T21:46:04.717+0000] {processor.py:830} INFO - Processing file /opt/airflow/dags/gold_dag.py for tasks to queue
[2025-10-21T21:46:04.719+0000] {logging_mixin.py:188} INFO - [2025-10-21T21:46:04.719+0000] {dagbag.py:540} INFO - Filling up the DagBag from /opt/airflow/dags/gold_dag.py
[2025-10-21T21:46:04.735+0000] {processor.py:840} INFO - DAG(s) 'gold_layer_aggregation' retrieved from /opt/airflow/dags/gold_dag.py
[2025-10-21T21:46:04.752+0000] {logging_mixin.py:188} INFO - [2025-10-21T21:46:04.752+0000] {dag.py:3096} INFO - Sync 1 DAGs
[2025-10-21T21:46:04.781+0000] {processor.py:183} INFO - Processing /opt/airflow/dags/gold_dag.py took 0.070 seconds
[2025-10-21T21:46:35.679+0000] {processor.py:161} INFO - Started process (PID=497) to work on /opt/airflow/dags/gold_dag.py
[2025-10-21T21:46:35.680+0000] {processor.py:830} INFO - Processing file /opt/airflow/dags/gold_dag.py for tasks to queue
[2025-10-21T21:46:35.682+0000] {logging_mixin.py:188} INFO - [2025-10-21T21:46:35.681+0000] {dagbag.py:540} INFO - Filling up the DagBag from /opt/airflow/dags/gold_dag.py
[2025-10-21T21:46:35.697+0000] {processor.py:840} INFO - DAG(s) 'gold_layer_aggregation' retrieved from /opt/airflow/dags/gold_dag.py
[2025-10-21T21:46:35.715+0000] {logging_mixin.py:188} INFO - [2025-10-21T21:46:35.715+0000] {dag.py:3096} INFO - Sync 1 DAGs
[2025-10-21T21:46:35.744+0000] {processor.py:183} INFO - Processing /opt/airflow/dags/gold_dag.py took 0.070 seconds
[2025-10-21T21:47:06.002+0000] {processor.py:161} INFO - Started process (PID=500) to work on /opt/airflow/dags/gold_dag.py
[2025-10-21T21:47:06.003+0000] {processor.py:830} INFO - Processing file /opt/airflow/dags/gold_dag.py for tasks to queue
[2025-10-21T21:47:06.005+0000] {logging_mixin.py:188} INFO - [2025-10-21T21:47:06.005+0000] {dagbag.py:540} INFO - Filling up the DagBag from /opt/airflow/dags/gold_dag.py
[2025-10-21T21:47:06.022+0000] {processor.py:840} INFO - DAG(s) 'gold_layer_aggregation' retrieved from /opt/airflow/dags/gold_dag.py
[2025-10-21T21:47:06.041+0000] {logging_mixin.py:188} INFO - [2025-10-21T21:47:06.041+0000] {dag.py:3096} INFO - Sync 1 DAGs
[2025-10-21T21:47:06.073+0000] {processor.py:183} INFO - Processing /opt/airflow/dags/gold_dag.py took 0.076 seconds
[2025-10-21T21:47:36.330+0000] {processor.py:161} INFO - Started process (PID=508) to work on /opt/airflow/dags/gold_dag.py
[2025-10-21T21:47:36.331+0000] {processor.py:830} INFO - Processing file /opt/airflow/dags/gold_dag.py for tasks to queue
[2025-10-21T21:47:36.332+0000] {logging_mixin.py:188} INFO - [2025-10-21T21:47:36.332+0000] {dagbag.py:540} INFO - Filling up the DagBag from /opt/airflow/dags/gold_dag.py
[2025-10-21T21:47:36.350+0000] {processor.py:840} INFO - DAG(s) 'gold_layer_aggregation' retrieved from /opt/airflow/dags/gold_dag.py
[2025-10-21T21:47:36.370+0000] {logging_mixin.py:188} INFO - [2025-10-21T21:47:36.370+0000] {dag.py:3096} INFO - Sync 1 DAGs
[2025-10-21T21:47:36.401+0000] {processor.py:183} INFO - Processing /opt/airflow/dags/gold_dag.py took 0.076 seconds
[2025-10-21T21:48:13.269+0000] {processor.py:161} INFO - Started process (PID=511) to work on /opt/airflow/dags/gold_dag.py
[2025-10-21T21:48:13.270+0000] {processor.py:830} INFO - Processing file /opt/airflow/dags/gold_dag.py for tasks to queue
[2025-10-21T21:48:13.271+0000] {logging_mixin.py:188} INFO - [2025-10-21T21:48:13.271+0000] {dagbag.py:540} INFO - Filling up the DagBag from /opt/airflow/dags/gold_dag.py
[2025-10-21T21:48:13.290+0000] {processor.py:840} INFO - DAG(s) 'gold_layer_aggregation' retrieved from /opt/airflow/dags/gold_dag.py
[2025-10-21T21:48:13.310+0000] {logging_mixin.py:188} INFO - [2025-10-21T21:48:13.310+0000] {dag.py:3096} INFO - Sync 1 DAGs
[2025-10-21T21:48:13.345+0000] {processor.py:183} INFO - Processing /opt/airflow/dags/gold_dag.py took 0.082 seconds
[2025-10-21T21:49:01.607+0000] {processor.py:161} INFO - Started process (PID=514) to work on /opt/airflow/dags/gold_dag.py
[2025-10-21T21:49:01.608+0000] {processor.py:830} INFO - Processing file /opt/airflow/dags/gold_dag.py for tasks to queue
[2025-10-21T21:49:01.611+0000] {logging_mixin.py:188} INFO - [2025-10-21T21:49:01.610+0000] {dagbag.py:540} INFO - Filling up the DagBag from /opt/airflow/dags/gold_dag.py
[2025-10-21T21:49:01.630+0000] {processor.py:840} INFO - DAG(s) 'gold_layer_aggregation' retrieved from /opt/airflow/dags/gold_dag.py
[2025-10-21T21:49:01.650+0000] {logging_mixin.py:188} INFO - [2025-10-21T21:49:01.650+0000] {dag.py:3096} INFO - Sync 1 DAGs
[2025-10-21T21:49:01.681+0000] {processor.py:183} INFO - Processing /opt/airflow/dags/gold_dag.py took 0.078 seconds
[2025-10-21T21:49:31.749+0000] {processor.py:161} INFO - Started process (PID=517) to work on /opt/airflow/dags/gold_dag.py
[2025-10-21T21:49:31.750+0000] {processor.py:830} INFO - Processing file /opt/airflow/dags/gold_dag.py for tasks to queue
[2025-10-21T21:49:31.752+0000] {logging_mixin.py:188} INFO - [2025-10-21T21:49:31.751+0000] {dagbag.py:540} INFO - Filling up the DagBag from /opt/airflow/dags/gold_dag.py
[2025-10-21T21:49:31.771+0000] {processor.py:840} INFO - DAG(s) 'gold_layer_aggregation' retrieved from /opt/airflow/dags/gold_dag.py
[2025-10-21T21:49:31.791+0000] {logging_mixin.py:188} INFO - [2025-10-21T21:49:31.791+0000] {dag.py:3096} INFO - Sync 1 DAGs
[2025-10-21T21:49:31.823+0000] {processor.py:183} INFO - Processing /opt/airflow/dags/gold_dag.py took 0.080 seconds
[2025-10-21T21:50:02.051+0000] {processor.py:161} INFO - Started process (PID=520) to work on /opt/airflow/dags/gold_dag.py
[2025-10-21T21:50:02.052+0000] {processor.py:830} INFO - Processing file /opt/airflow/dags/gold_dag.py for tasks to queue
[2025-10-21T21:50:02.053+0000] {logging_mixin.py:188} INFO - [2025-10-21T21:50:02.053+0000] {dagbag.py:540} INFO - Filling up the DagBag from /opt/airflow/dags/gold_dag.py
[2025-10-21T21:50:02.071+0000] {processor.py:840} INFO - DAG(s) 'gold_layer_aggregation' retrieved from /opt/airflow/dags/gold_dag.py
[2025-10-21T21:50:02.090+0000] {logging_mixin.py:188} INFO - [2025-10-21T21:50:02.090+0000] {dag.py:3096} INFO - Sync 1 DAGs
[2025-10-21T21:50:02.123+0000] {processor.py:183} INFO - Processing /opt/airflow/dags/gold_dag.py took 0.077 seconds
[2025-10-21T21:50:53.041+0000] {processor.py:161} INFO - Started process (PID=523) to work on /opt/airflow/dags/gold_dag.py
[2025-10-21T21:50:53.042+0000] {processor.py:830} INFO - Processing file /opt/airflow/dags/gold_dag.py for tasks to queue
[2025-10-21T21:50:53.044+0000] {logging_mixin.py:188} INFO - [2025-10-21T21:50:53.043+0000] {dagbag.py:540} INFO - Filling up the DagBag from /opt/airflow/dags/gold_dag.py
[2025-10-21T21:50:53.060+0000] {processor.py:840} INFO - DAG(s) 'gold_layer_aggregation' retrieved from /opt/airflow/dags/gold_dag.py
[2025-10-21T21:50:53.080+0000] {logging_mixin.py:188} INFO - [2025-10-21T21:50:53.080+0000] {dag.py:3096} INFO - Sync 1 DAGs
[2025-10-21T21:50:53.111+0000] {processor.py:183} INFO - Processing /opt/airflow/dags/gold_dag.py took 0.074 seconds
[2025-10-21T21:51:42.392+0000] {processor.py:161} INFO - Started process (PID=526) to work on /opt/airflow/dags/gold_dag.py
[2025-10-21T21:51:42.392+0000] {processor.py:830} INFO - Processing file /opt/airflow/dags/gold_dag.py for tasks to queue
[2025-10-21T21:51:42.394+0000] {logging_mixin.py:188} INFO - [2025-10-21T21:51:42.394+0000] {dagbag.py:540} INFO - Filling up the DagBag from /opt/airflow/dags/gold_dag.py
[2025-10-21T21:51:42.411+0000] {processor.py:840} INFO - DAG(s) 'gold_layer_aggregation' retrieved from /opt/airflow/dags/gold_dag.py
[2025-10-21T21:51:42.431+0000] {logging_mixin.py:188} INFO - [2025-10-21T21:51:42.430+0000] {dag.py:3096} INFO - Sync 1 DAGs
[2025-10-21T21:51:42.463+0000] {processor.py:183} INFO - Processing /opt/airflow/dags/gold_dag.py took 0.076 seconds
[2025-10-21T21:52:12.740+0000] {processor.py:161} INFO - Started process (PID=529) to work on /opt/airflow/dags/gold_dag.py
[2025-10-21T21:52:12.741+0000] {processor.py:830} INFO - Processing file /opt/airflow/dags/gold_dag.py for tasks to queue
[2025-10-21T21:52:12.742+0000] {logging_mixin.py:188} INFO - [2025-10-21T21:52:12.742+0000] {dagbag.py:540} INFO - Filling up the DagBag from /opt/airflow/dags/gold_dag.py
[2025-10-21T21:52:12.758+0000] {processor.py:840} INFO - DAG(s) 'gold_layer_aggregation' retrieved from /opt/airflow/dags/gold_dag.py
[2025-10-21T21:52:12.777+0000] {logging_mixin.py:188} INFO - [2025-10-21T21:52:12.777+0000] {dag.py:3096} INFO - Sync 1 DAGs
[2025-10-21T21:52:12.809+0000] {processor.py:183} INFO - Processing /opt/airflow/dags/gold_dag.py took 0.074 seconds
[2025-10-21T21:52:43.165+0000] {processor.py:161} INFO - Started process (PID=532) to work on /opt/airflow/dags/gold_dag.py
[2025-10-21T21:52:43.166+0000] {processor.py:830} INFO - Processing file /opt/airflow/dags/gold_dag.py for tasks to queue
[2025-10-21T21:52:43.167+0000] {logging_mixin.py:188} INFO - [2025-10-21T21:52:43.167+0000] {dagbag.py:540} INFO - Filling up the DagBag from /opt/airflow/dags/gold_dag.py
[2025-10-21T21:52:43.184+0000] {processor.py:840} INFO - DAG(s) 'gold_layer_aggregation' retrieved from /opt/airflow/dags/gold_dag.py
[2025-10-21T21:52:43.203+0000] {logging_mixin.py:188} INFO - [2025-10-21T21:52:43.203+0000] {dag.py:3096} INFO - Sync 1 DAGs
[2025-10-21T21:52:43.234+0000] {processor.py:183} INFO - Processing /opt/airflow/dags/gold_dag.py took 0.074 seconds
[2025-10-21T21:53:13.758+0000] {processor.py:161} INFO - Started process (PID=535) to work on /opt/airflow/dags/gold_dag.py
[2025-10-21T21:53:13.759+0000] {processor.py:830} INFO - Processing file /opt/airflow/dags/gold_dag.py for tasks to queue
[2025-10-21T21:53:13.761+0000] {logging_mixin.py:188} INFO - [2025-10-21T21:53:13.761+0000] {dagbag.py:540} INFO - Filling up the DagBag from /opt/airflow/dags/gold_dag.py
[2025-10-21T21:53:13.779+0000] {processor.py:840} INFO - DAG(s) 'gold_layer_aggregation' retrieved from /opt/airflow/dags/gold_dag.py
[2025-10-21T21:53:13.798+0000] {logging_mixin.py:188} INFO - [2025-10-21T21:53:13.798+0000] {dag.py:3096} INFO - Sync 1 DAGs
[2025-10-21T21:53:13.829+0000] {processor.py:183} INFO - Processing /opt/airflow/dags/gold_dag.py took 0.076 seconds
[2025-10-21T21:53:44.020+0000] {processor.py:161} INFO - Started process (PID=538) to work on /opt/airflow/dags/gold_dag.py
[2025-10-21T21:53:44.021+0000] {processor.py:830} INFO - Processing file /opt/airflow/dags/gold_dag.py for tasks to queue
[2025-10-21T21:53:44.023+0000] {logging_mixin.py:188} INFO - [2025-10-21T21:53:44.022+0000] {dagbag.py:540} INFO - Filling up the DagBag from /opt/airflow/dags/gold_dag.py
[2025-10-21T21:53:44.040+0000] {processor.py:840} INFO - DAG(s) 'gold_layer_aggregation' retrieved from /opt/airflow/dags/gold_dag.py
[2025-10-21T21:53:44.060+0000] {logging_mixin.py:188} INFO - [2025-10-21T21:53:44.060+0000] {dag.py:3096} INFO - Sync 1 DAGs
[2025-10-21T21:53:44.092+0000] {processor.py:183} INFO - Processing /opt/airflow/dags/gold_dag.py took 0.077 seconds
[2025-10-21T21:54:14.280+0000] {processor.py:161} INFO - Started process (PID=541) to work on /opt/airflow/dags/gold_dag.py
[2025-10-21T21:54:14.281+0000] {processor.py:830} INFO - Processing file /opt/airflow/dags/gold_dag.py for tasks to queue
[2025-10-21T21:54:14.282+0000] {logging_mixin.py:188} INFO - [2025-10-21T21:54:14.282+0000] {dagbag.py:540} INFO - Filling up the DagBag from /opt/airflow/dags/gold_dag.py
[2025-10-21T21:54:14.299+0000] {processor.py:840} INFO - DAG(s) 'gold_layer_aggregation' retrieved from /opt/airflow/dags/gold_dag.py
[2025-10-21T21:54:14.318+0000] {logging_mixin.py:188} INFO - [2025-10-21T21:54:14.318+0000] {dag.py:3096} INFO - Sync 1 DAGs
[2025-10-21T21:54:14.349+0000] {processor.py:183} INFO - Processing /opt/airflow/dags/gold_dag.py took 0.074 seconds
[2025-10-21T21:54:44.550+0000] {processor.py:161} INFO - Started process (PID=544) to work on /opt/airflow/dags/gold_dag.py
[2025-10-21T21:54:44.551+0000] {processor.py:830} INFO - Processing file /opt/airflow/dags/gold_dag.py for tasks to queue
[2025-10-21T21:54:44.553+0000] {logging_mixin.py:188} INFO - [2025-10-21T21:54:44.553+0000] {dagbag.py:540} INFO - Filling up the DagBag from /opt/airflow/dags/gold_dag.py
[2025-10-21T21:54:44.571+0000] {processor.py:840} INFO - DAG(s) 'gold_layer_aggregation' retrieved from /opt/airflow/dags/gold_dag.py
[2025-10-21T21:54:44.590+0000] {logging_mixin.py:188} INFO - [2025-10-21T21:54:44.590+0000] {dag.py:3096} INFO - Sync 1 DAGs
[2025-10-21T21:54:44.622+0000] {processor.py:183} INFO - Processing /opt/airflow/dags/gold_dag.py took 0.076 seconds
[2025-10-21T21:55:14.811+0000] {processor.py:161} INFO - Started process (PID=547) to work on /opt/airflow/dags/gold_dag.py
[2025-10-21T21:55:14.812+0000] {processor.py:830} INFO - Processing file /opt/airflow/dags/gold_dag.py for tasks to queue
[2025-10-21T21:55:14.813+0000] {logging_mixin.py:188} INFO - [2025-10-21T21:55:14.813+0000] {dagbag.py:540} INFO - Filling up the DagBag from /opt/airflow/dags/gold_dag.py
[2025-10-21T21:55:14.830+0000] {processor.py:840} INFO - DAG(s) 'gold_layer_aggregation' retrieved from /opt/airflow/dags/gold_dag.py
[2025-10-21T21:55:14.850+0000] {logging_mixin.py:188} INFO - [2025-10-21T21:55:14.850+0000] {dag.py:3096} INFO - Sync 1 DAGs
[2025-10-21T21:55:14.888+0000] {processor.py:183} INFO - Processing /opt/airflow/dags/gold_dag.py took 0.083 seconds
[2025-10-21T21:55:45.072+0000] {processor.py:161} INFO - Started process (PID=550) to work on /opt/airflow/dags/gold_dag.py
[2025-10-21T21:55:45.073+0000] {processor.py:830} INFO - Processing file /opt/airflow/dags/gold_dag.py for tasks to queue
[2025-10-21T21:55:45.075+0000] {logging_mixin.py:188} INFO - [2025-10-21T21:55:45.074+0000] {dagbag.py:540} INFO - Filling up the DagBag from /opt/airflow/dags/gold_dag.py
[2025-10-21T21:55:45.092+0000] {processor.py:840} INFO - DAG(s) 'gold_layer_aggregation' retrieved from /opt/airflow/dags/gold_dag.py
[2025-10-21T21:55:45.111+0000] {logging_mixin.py:188} INFO - [2025-10-21T21:55:45.111+0000] {dag.py:3096} INFO - Sync 1 DAGs
[2025-10-21T21:55:45.142+0000] {processor.py:183} INFO - Processing /opt/airflow/dags/gold_dag.py took 0.076 seconds
[2025-10-21T21:56:15.328+0000] {processor.py:161} INFO - Started process (PID=553) to work on /opt/airflow/dags/gold_dag.py
[2025-10-21T21:56:15.329+0000] {processor.py:830} INFO - Processing file /opt/airflow/dags/gold_dag.py for tasks to queue
[2025-10-21T21:56:15.330+0000] {logging_mixin.py:188} INFO - [2025-10-21T21:56:15.330+0000] {dagbag.py:540} INFO - Filling up the DagBag from /opt/airflow/dags/gold_dag.py
[2025-10-21T21:56:15.347+0000] {processor.py:840} INFO - DAG(s) 'gold_layer_aggregation' retrieved from /opt/airflow/dags/gold_dag.py
[2025-10-21T21:56:15.367+0000] {logging_mixin.py:188} INFO - [2025-10-21T21:56:15.367+0000] {dag.py:3096} INFO - Sync 1 DAGs
[2025-10-21T21:56:15.399+0000] {processor.py:183} INFO - Processing /opt/airflow/dags/gold_dag.py took 0.075 seconds
[2025-10-21T21:56:45.599+0000] {processor.py:161} INFO - Started process (PID=556) to work on /opt/airflow/dags/gold_dag.py
[2025-10-21T21:56:45.600+0000] {processor.py:830} INFO - Processing file /opt/airflow/dags/gold_dag.py for tasks to queue
[2025-10-21T21:56:45.601+0000] {logging_mixin.py:188} INFO - [2025-10-21T21:56:45.601+0000] {dagbag.py:540} INFO - Filling up the DagBag from /opt/airflow/dags/gold_dag.py
[2025-10-21T21:56:45.619+0000] {processor.py:840} INFO - DAG(s) 'gold_layer_aggregation' retrieved from /opt/airflow/dags/gold_dag.py
[2025-10-21T21:56:45.638+0000] {logging_mixin.py:188} INFO - [2025-10-21T21:56:45.638+0000] {dag.py:3096} INFO - Sync 1 DAGs
[2025-10-21T21:56:45.670+0000] {processor.py:183} INFO - Processing /opt/airflow/dags/gold_dag.py took 0.077 seconds
[2025-10-21T21:57:15.918+0000] {processor.py:161} INFO - Started process (PID=559) to work on /opt/airflow/dags/gold_dag.py
[2025-10-21T21:57:15.919+0000] {processor.py:830} INFO - Processing file /opt/airflow/dags/gold_dag.py for tasks to queue
[2025-10-21T21:57:15.920+0000] {logging_mixin.py:188} INFO - [2025-10-21T21:57:15.920+0000] {dagbag.py:540} INFO - Filling up the DagBag from /opt/airflow/dags/gold_dag.py
[2025-10-21T21:57:15.937+0000] {processor.py:840} INFO - DAG(s) 'gold_layer_aggregation' retrieved from /opt/airflow/dags/gold_dag.py
[2025-10-21T21:57:15.957+0000] {logging_mixin.py:188} INFO - [2025-10-21T21:57:15.957+0000] {dag.py:3096} INFO - Sync 1 DAGs
[2025-10-21T21:57:15.987+0000] {processor.py:183} INFO - Processing /opt/airflow/dags/gold_dag.py took 0.074 seconds
[2025-10-21T21:57:46.174+0000] {processor.py:161} INFO - Started process (PID=562) to work on /opt/airflow/dags/gold_dag.py
[2025-10-21T21:57:46.175+0000] {processor.py:830} INFO - Processing file /opt/airflow/dags/gold_dag.py for tasks to queue
[2025-10-21T21:57:46.177+0000] {logging_mixin.py:188} INFO - [2025-10-21T21:57:46.176+0000] {dagbag.py:540} INFO - Filling up the DagBag from /opt/airflow/dags/gold_dag.py
[2025-10-21T21:57:46.194+0000] {processor.py:840} INFO - DAG(s) 'gold_layer_aggregation' retrieved from /opt/airflow/dags/gold_dag.py
[2025-10-21T21:57:46.215+0000] {logging_mixin.py:188} INFO - [2025-10-21T21:57:46.215+0000] {dag.py:3096} INFO - Sync 1 DAGs
[2025-10-21T21:57:46.248+0000] {processor.py:183} INFO - Processing /opt/airflow/dags/gold_dag.py took 0.078 seconds
[2025-10-21T21:58:16.442+0000] {processor.py:161} INFO - Started process (PID=565) to work on /opt/airflow/dags/gold_dag.py
[2025-10-21T21:58:16.443+0000] {processor.py:830} INFO - Processing file /opt/airflow/dags/gold_dag.py for tasks to queue
[2025-10-21T21:58:16.445+0000] {logging_mixin.py:188} INFO - [2025-10-21T21:58:16.444+0000] {dagbag.py:540} INFO - Filling up the DagBag from /opt/airflow/dags/gold_dag.py
[2025-10-21T21:58:16.462+0000] {processor.py:840} INFO - DAG(s) 'gold_layer_aggregation' retrieved from /opt/airflow/dags/gold_dag.py
[2025-10-21T21:58:16.481+0000] {logging_mixin.py:188} INFO - [2025-10-21T21:58:16.481+0000] {dag.py:3096} INFO - Sync 1 DAGs
[2025-10-21T21:58:16.512+0000] {processor.py:183} INFO - Processing /opt/airflow/dags/gold_dag.py took 0.075 seconds
[2025-10-21T21:58:46.711+0000] {processor.py:161} INFO - Started process (PID=568) to work on /opt/airflow/dags/gold_dag.py
[2025-10-21T21:58:46.711+0000] {processor.py:830} INFO - Processing file /opt/airflow/dags/gold_dag.py for tasks to queue
[2025-10-21T21:58:46.714+0000] {logging_mixin.py:188} INFO - [2025-10-21T21:58:46.713+0000] {dagbag.py:540} INFO - Filling up the DagBag from /opt/airflow/dags/gold_dag.py
[2025-10-21T21:58:46.732+0000] {processor.py:840} INFO - DAG(s) 'gold_layer_aggregation' retrieved from /opt/airflow/dags/gold_dag.py
[2025-10-21T21:58:46.753+0000] {logging_mixin.py:188} INFO - [2025-10-21T21:58:46.753+0000] {dag.py:3096} INFO - Sync 1 DAGs
[2025-10-21T21:58:46.786+0000] {processor.py:183} INFO - Processing /opt/airflow/dags/gold_dag.py took 0.081 seconds
[2025-10-21T21:59:16.974+0000] {processor.py:161} INFO - Started process (PID=571) to work on /opt/airflow/dags/gold_dag.py
[2025-10-21T21:59:16.975+0000] {processor.py:830} INFO - Processing file /opt/airflow/dags/gold_dag.py for tasks to queue
[2025-10-21T21:59:16.977+0000] {logging_mixin.py:188} INFO - [2025-10-21T21:59:16.977+0000] {dagbag.py:540} INFO - Filling up the DagBag from /opt/airflow/dags/gold_dag.py
[2025-10-21T21:59:16.995+0000] {processor.py:840} INFO - DAG(s) 'gold_layer_aggregation' retrieved from /opt/airflow/dags/gold_dag.py
[2025-10-21T21:59:17.014+0000] {logging_mixin.py:188} INFO - [2025-10-21T21:59:17.014+0000] {dag.py:3096} INFO - Sync 1 DAGs
[2025-10-21T21:59:17.047+0000] {processor.py:183} INFO - Processing /opt/airflow/dags/gold_dag.py took 0.079 seconds
[2025-10-21T21:59:47.241+0000] {processor.py:161} INFO - Started process (PID=574) to work on /opt/airflow/dags/gold_dag.py
[2025-10-21T21:59:47.242+0000] {processor.py:830} INFO - Processing file /opt/airflow/dags/gold_dag.py for tasks to queue
[2025-10-21T21:59:47.244+0000] {logging_mixin.py:188} INFO - [2025-10-21T21:59:47.244+0000] {dagbag.py:540} INFO - Filling up the DagBag from /opt/airflow/dags/gold_dag.py
[2025-10-21T21:59:47.262+0000] {processor.py:840} INFO - DAG(s) 'gold_layer_aggregation' retrieved from /opt/airflow/dags/gold_dag.py
[2025-10-21T21:59:47.282+0000] {logging_mixin.py:188} INFO - [2025-10-21T21:59:47.282+0000] {dag.py:3096} INFO - Sync 1 DAGs
[2025-10-21T21:59:47.314+0000] {processor.py:183} INFO - Processing /opt/airflow/dags/gold_dag.py took 0.078 seconds
[2025-10-21T22:00:17.502+0000] {processor.py:161} INFO - Started process (PID=577) to work on /opt/airflow/dags/gold_dag.py
[2025-10-21T22:00:17.503+0000] {processor.py:830} INFO - Processing file /opt/airflow/dags/gold_dag.py for tasks to queue
[2025-10-21T22:00:17.504+0000] {logging_mixin.py:188} INFO - [2025-10-21T22:00:17.504+0000] {dagbag.py:540} INFO - Filling up the DagBag from /opt/airflow/dags/gold_dag.py
[2025-10-21T22:00:17.521+0000] {processor.py:840} INFO - DAG(s) 'gold_layer_aggregation' retrieved from /opt/airflow/dags/gold_dag.py
[2025-10-21T22:00:17.541+0000] {logging_mixin.py:188} INFO - [2025-10-21T22:00:17.541+0000] {dag.py:3096} INFO - Sync 1 DAGs
[2025-10-21T22:00:17.575+0000] {processor.py:183} INFO - Processing /opt/airflow/dags/gold_dag.py took 0.079 seconds
[2025-10-21T22:00:47.769+0000] {processor.py:161} INFO - Started process (PID=580) to work on /opt/airflow/dags/gold_dag.py
[2025-10-21T22:00:47.770+0000] {processor.py:830} INFO - Processing file /opt/airflow/dags/gold_dag.py for tasks to queue
[2025-10-21T22:00:47.772+0000] {logging_mixin.py:188} INFO - [2025-10-21T22:00:47.772+0000] {dagbag.py:540} INFO - Filling up the DagBag from /opt/airflow/dags/gold_dag.py
[2025-10-21T22:00:47.790+0000] {processor.py:840} INFO - DAG(s) 'gold_layer_aggregation' retrieved from /opt/airflow/dags/gold_dag.py
[2025-10-21T22:00:47.810+0000] {logging_mixin.py:188} INFO - [2025-10-21T22:00:47.809+0000] {dag.py:3096} INFO - Sync 1 DAGs
[2025-10-21T22:00:47.842+0000] {processor.py:183} INFO - Processing /opt/airflow/dags/gold_dag.py took 0.078 seconds
[2025-10-21T22:01:18.040+0000] {processor.py:161} INFO - Started process (PID=583) to work on /opt/airflow/dags/gold_dag.py
[2025-10-21T22:01:18.041+0000] {processor.py:830} INFO - Processing file /opt/airflow/dags/gold_dag.py for tasks to queue
[2025-10-21T22:01:18.043+0000] {logging_mixin.py:188} INFO - [2025-10-21T22:01:18.043+0000] {dagbag.py:540} INFO - Filling up the DagBag from /opt/airflow/dags/gold_dag.py
[2025-10-21T22:01:18.061+0000] {processor.py:840} INFO - DAG(s) 'gold_layer_aggregation' retrieved from /opt/airflow/dags/gold_dag.py
[2025-10-21T22:01:18.080+0000] {logging_mixin.py:188} INFO - [2025-10-21T22:01:18.080+0000] {dag.py:3096} INFO - Sync 1 DAGs
[2025-10-21T22:01:18.114+0000] {processor.py:183} INFO - Processing /opt/airflow/dags/gold_dag.py took 0.079 seconds
[2025-10-21T22:01:48.307+0000] {processor.py:161} INFO - Started process (PID=586) to work on /opt/airflow/dags/gold_dag.py
[2025-10-21T22:01:48.308+0000] {processor.py:830} INFO - Processing file /opt/airflow/dags/gold_dag.py for tasks to queue
[2025-10-21T22:01:48.310+0000] {logging_mixin.py:188} INFO - [2025-10-21T22:01:48.309+0000] {dagbag.py:540} INFO - Filling up the DagBag from /opt/airflow/dags/gold_dag.py
[2025-10-21T22:01:48.327+0000] {processor.py:840} INFO - DAG(s) 'gold_layer_aggregation' retrieved from /opt/airflow/dags/gold_dag.py
[2025-10-21T22:01:48.346+0000] {logging_mixin.py:188} INFO - [2025-10-21T22:01:48.346+0000] {dag.py:3096} INFO - Sync 1 DAGs
[2025-10-21T22:01:48.377+0000] {processor.py:183} INFO - Processing /opt/airflow/dags/gold_dag.py took 0.076 seconds
[2025-10-21T22:02:18.622+0000] {processor.py:161} INFO - Started process (PID=589) to work on /opt/airflow/dags/gold_dag.py
[2025-10-21T22:02:18.623+0000] {processor.py:830} INFO - Processing file /opt/airflow/dags/gold_dag.py for tasks to queue
[2025-10-21T22:02:18.625+0000] {logging_mixin.py:188} INFO - [2025-10-21T22:02:18.624+0000] {dagbag.py:540} INFO - Filling up the DagBag from /opt/airflow/dags/gold_dag.py
[2025-10-21T22:02:18.642+0000] {processor.py:840} INFO - DAG(s) 'gold_layer_aggregation' retrieved from /opt/airflow/dags/gold_dag.py
[2025-10-21T22:02:18.662+0000] {logging_mixin.py:188} INFO - [2025-10-21T22:02:18.662+0000] {dag.py:3096} INFO - Sync 1 DAGs
[2025-10-21T22:02:18.693+0000] {processor.py:183} INFO - Processing /opt/airflow/dags/gold_dag.py took 0.077 seconds
[2025-10-21T22:02:48.885+0000] {processor.py:161} INFO - Started process (PID=592) to work on /opt/airflow/dags/gold_dag.py
[2025-10-21T22:02:48.886+0000] {processor.py:830} INFO - Processing file /opt/airflow/dags/gold_dag.py for tasks to queue
[2025-10-21T22:02:48.888+0000] {logging_mixin.py:188} INFO - [2025-10-21T22:02:48.888+0000] {dagbag.py:540} INFO - Filling up the DagBag from /opt/airflow/dags/gold_dag.py
[2025-10-21T22:02:48.909+0000] {processor.py:840} INFO - DAG(s) 'gold_layer_aggregation' retrieved from /opt/airflow/dags/gold_dag.py
[2025-10-21T22:02:48.935+0000] {logging_mixin.py:188} INFO - [2025-10-21T22:02:48.934+0000] {dag.py:3096} INFO - Sync 1 DAGs
[2025-10-21T22:02:48.978+0000] {processor.py:183} INFO - Processing /opt/airflow/dags/gold_dag.py took 0.099 seconds
[2025-10-21T22:03:19.163+0000] {processor.py:161} INFO - Started process (PID=595) to work on /opt/airflow/dags/gold_dag.py
[2025-10-21T22:03:19.163+0000] {processor.py:830} INFO - Processing file /opt/airflow/dags/gold_dag.py for tasks to queue
[2025-10-21T22:03:19.165+0000] {logging_mixin.py:188} INFO - [2025-10-21T22:03:19.165+0000] {dagbag.py:540} INFO - Filling up the DagBag from /opt/airflow/dags/gold_dag.py
[2025-10-21T22:03:19.182+0000] {processor.py:840} INFO - DAG(s) 'gold_layer_aggregation' retrieved from /opt/airflow/dags/gold_dag.py
[2025-10-21T22:03:19.202+0000] {logging_mixin.py:188} INFO - [2025-10-21T22:03:19.202+0000] {dag.py:3096} INFO - Sync 1 DAGs
[2025-10-21T22:03:19.232+0000] {processor.py:183} INFO - Processing /opt/airflow/dags/gold_dag.py took 0.075 seconds
[2025-10-21T22:03:49.416+0000] {processor.py:161} INFO - Started process (PID=598) to work on /opt/airflow/dags/gold_dag.py
[2025-10-21T22:03:49.417+0000] {processor.py:830} INFO - Processing file /opt/airflow/dags/gold_dag.py for tasks to queue
[2025-10-21T22:03:49.419+0000] {logging_mixin.py:188} INFO - [2025-10-21T22:03:49.419+0000] {dagbag.py:540} INFO - Filling up the DagBag from /opt/airflow/dags/gold_dag.py
[2025-10-21T22:03:49.436+0000] {processor.py:840} INFO - DAG(s) 'gold_layer_aggregation' retrieved from /opt/airflow/dags/gold_dag.py
[2025-10-21T22:03:49.455+0000] {logging_mixin.py:188} INFO - [2025-10-21T22:03:49.455+0000] {dag.py:3096} INFO - Sync 1 DAGs
[2025-10-21T22:03:49.487+0000] {processor.py:183} INFO - Processing /opt/airflow/dags/gold_dag.py took 0.076 seconds
[2025-10-21T22:04:19.669+0000] {processor.py:161} INFO - Started process (PID=601) to work on /opt/airflow/dags/gold_dag.py
[2025-10-21T22:04:19.670+0000] {processor.py:830} INFO - Processing file /opt/airflow/dags/gold_dag.py for tasks to queue
[2025-10-21T22:04:19.672+0000] {logging_mixin.py:188} INFO - [2025-10-21T22:04:19.671+0000] {dagbag.py:540} INFO - Filling up the DagBag from /opt/airflow/dags/gold_dag.py
[2025-10-21T22:04:19.690+0000] {processor.py:840} INFO - DAG(s) 'gold_layer_aggregation' retrieved from /opt/airflow/dags/gold_dag.py
[2025-10-21T22:04:19.710+0000] {logging_mixin.py:188} INFO - [2025-10-21T22:04:19.710+0000] {dag.py:3096} INFO - Sync 1 DAGs
[2025-10-21T22:04:19.742+0000] {processor.py:183} INFO - Processing /opt/airflow/dags/gold_dag.py took 0.078 seconds
[2025-10-21T22:04:49.925+0000] {processor.py:161} INFO - Started process (PID=604) to work on /opt/airflow/dags/gold_dag.py
[2025-10-21T22:04:49.926+0000] {processor.py:830} INFO - Processing file /opt/airflow/dags/gold_dag.py for tasks to queue
[2025-10-21T22:04:49.928+0000] {logging_mixin.py:188} INFO - [2025-10-21T22:04:49.928+0000] {dagbag.py:540} INFO - Filling up the DagBag from /opt/airflow/dags/gold_dag.py
[2025-10-21T22:04:49.945+0000] {processor.py:840} INFO - DAG(s) 'gold_layer_aggregation' retrieved from /opt/airflow/dags/gold_dag.py
[2025-10-21T22:04:49.965+0000] {logging_mixin.py:188} INFO - [2025-10-21T22:04:49.964+0000] {dag.py:3096} INFO - Sync 1 DAGs
[2025-10-21T22:04:49.995+0000] {processor.py:183} INFO - Processing /opt/airflow/dags/gold_dag.py took 0.076 seconds
[2025-10-21T22:05:20.188+0000] {processor.py:161} INFO - Started process (PID=607) to work on /opt/airflow/dags/gold_dag.py
[2025-10-21T22:05:20.189+0000] {processor.py:830} INFO - Processing file /opt/airflow/dags/gold_dag.py for tasks to queue
[2025-10-21T22:05:20.191+0000] {logging_mixin.py:188} INFO - [2025-10-21T22:05:20.190+0000] {dagbag.py:540} INFO - Filling up the DagBag from /opt/airflow/dags/gold_dag.py
[2025-10-21T22:05:20.208+0000] {processor.py:840} INFO - DAG(s) 'gold_layer_aggregation' retrieved from /opt/airflow/dags/gold_dag.py
[2025-10-21T22:05:20.230+0000] {logging_mixin.py:188} INFO - [2025-10-21T22:05:20.229+0000] {dag.py:3096} INFO - Sync 1 DAGs
[2025-10-21T22:05:20.260+0000] {processor.py:183} INFO - Processing /opt/airflow/dags/gold_dag.py took 0.078 seconds
[2025-10-21T22:05:50.454+0000] {processor.py:161} INFO - Started process (PID=610) to work on /opt/airflow/dags/gold_dag.py
[2025-10-21T22:05:50.455+0000] {processor.py:830} INFO - Processing file /opt/airflow/dags/gold_dag.py for tasks to queue
[2025-10-21T22:05:50.456+0000] {logging_mixin.py:188} INFO - [2025-10-21T22:05:50.456+0000] {dagbag.py:540} INFO - Filling up the DagBag from /opt/airflow/dags/gold_dag.py
[2025-10-21T22:05:50.474+0000] {processor.py:840} INFO - DAG(s) 'gold_layer_aggregation' retrieved from /opt/airflow/dags/gold_dag.py
[2025-10-21T22:05:50.493+0000] {logging_mixin.py:188} INFO - [2025-10-21T22:05:50.493+0000] {dag.py:3096} INFO - Sync 1 DAGs
[2025-10-21T22:05:50.523+0000] {processor.py:183} INFO - Processing /opt/airflow/dags/gold_dag.py took 0.075 seconds
[2025-10-21T22:06:20.713+0000] {processor.py:161} INFO - Started process (PID=613) to work on /opt/airflow/dags/gold_dag.py
[2025-10-21T22:06:20.714+0000] {processor.py:830} INFO - Processing file /opt/airflow/dags/gold_dag.py for tasks to queue
[2025-10-21T22:06:20.716+0000] {logging_mixin.py:188} INFO - [2025-10-21T22:06:20.715+0000] {dagbag.py:540} INFO - Filling up the DagBag from /opt/airflow/dags/gold_dag.py
[2025-10-21T22:06:20.733+0000] {processor.py:840} INFO - DAG(s) 'gold_layer_aggregation' retrieved from /opt/airflow/dags/gold_dag.py
[2025-10-21T22:06:20.753+0000] {logging_mixin.py:188} INFO - [2025-10-21T22:06:20.752+0000] {dag.py:3096} INFO - Sync 1 DAGs
[2025-10-21T22:06:20.789+0000] {processor.py:183} INFO - Processing /opt/airflow/dags/gold_dag.py took 0.081 seconds
[2025-10-21T22:06:50.984+0000] {processor.py:161} INFO - Started process (PID=616) to work on /opt/airflow/dags/gold_dag.py
[2025-10-21T22:06:50.985+0000] {processor.py:830} INFO - Processing file /opt/airflow/dags/gold_dag.py for tasks to queue
[2025-10-21T22:06:50.987+0000] {logging_mixin.py:188} INFO - [2025-10-21T22:06:50.987+0000] {dagbag.py:540} INFO - Filling up the DagBag from /opt/airflow/dags/gold_dag.py
[2025-10-21T22:06:51.004+0000] {processor.py:840} INFO - DAG(s) 'gold_layer_aggregation' retrieved from /opt/airflow/dags/gold_dag.py
[2025-10-21T22:06:51.024+0000] {logging_mixin.py:188} INFO - [2025-10-21T22:06:51.023+0000] {dag.py:3096} INFO - Sync 1 DAGs
[2025-10-21T22:06:51.055+0000] {processor.py:183} INFO - Processing /opt/airflow/dags/gold_dag.py took 0.076 seconds
[2025-10-21T22:07:21.300+0000] {processor.py:161} INFO - Started process (PID=619) to work on /opt/airflow/dags/gold_dag.py
[2025-10-21T22:07:21.301+0000] {processor.py:830} INFO - Processing file /opt/airflow/dags/gold_dag.py for tasks to queue
[2025-10-21T22:07:21.303+0000] {logging_mixin.py:188} INFO - [2025-10-21T22:07:21.303+0000] {dagbag.py:540} INFO - Filling up the DagBag from /opt/airflow/dags/gold_dag.py
[2025-10-21T22:07:21.321+0000] {processor.py:840} INFO - DAG(s) 'gold_layer_aggregation' retrieved from /opt/airflow/dags/gold_dag.py
[2025-10-21T22:07:21.341+0000] {logging_mixin.py:188} INFO - [2025-10-21T22:07:21.340+0000] {dag.py:3096} INFO - Sync 1 DAGs
[2025-10-21T22:07:21.372+0000] {processor.py:183} INFO - Processing /opt/airflow/dags/gold_dag.py took 0.077 seconds
