[2025-10-21T19:02:37.275+0000] {processor.py:161} INFO - Started process (PID=37) to work on /opt/airflow/dags/silver_layer_dag.py
[2025-10-21T19:02:37.276+0000] {processor.py:830} INFO - Processing file /opt/airflow/dags/silver_layer_dag.py for tasks to queue
[2025-10-21T19:02:37.278+0000] {logging_mixin.py:188} INFO - [2025-10-21T19:02:37.278+0000] {dagbag.py:540} INFO - Filling up the DagBag from /opt/airflow/dags/silver_layer_dag.py
[2025-10-21T19:02:37.313+0000] {processor.py:840} INFO - DAG(s) 'silver_layer_cleaning_pyspark' retrieved from /opt/airflow/dags/silver_layer_dag.py
[2025-10-21T19:02:37.529+0000] {logging_mixin.py:188} INFO - [2025-10-21T19:02:37.528+0000] {dag.py:3096} INFO - Sync 1 DAGs
[2025-10-21T19:02:37.547+0000] {logging_mixin.py:188} INFO - [2025-10-21T19:02:37.547+0000] {dag.py:3954} INFO - Setting next_dagrun for silver_layer_cleaning_pyspark to 2025-10-20 19:00:00+00:00, run_after=2025-10-21 19:00:00+00:00
[2025-10-21T19:02:37.569+0000] {processor.py:183} INFO - Processing /opt/airflow/dags/silver_layer_dag.py took 0.302 seconds
[2025-10-21T19:03:07.787+0000] {processor.py:161} INFO - Started process (PID=44) to work on /opt/airflow/dags/silver_layer_dag.py
[2025-10-21T19:03:07.788+0000] {processor.py:830} INFO - Processing file /opt/airflow/dags/silver_layer_dag.py for tasks to queue
[2025-10-21T19:03:07.790+0000] {logging_mixin.py:188} INFO - [2025-10-21T19:03:07.790+0000] {dagbag.py:540} INFO - Filling up the DagBag from /opt/airflow/dags/silver_layer_dag.py
[2025-10-21T19:03:07.807+0000] {processor.py:840} INFO - DAG(s) 'silver_layer_cleaning_pyspark' retrieved from /opt/airflow/dags/silver_layer_dag.py
[2025-10-21T19:03:07.827+0000] {logging_mixin.py:188} INFO - [2025-10-21T19:03:07.826+0000] {dag.py:3096} INFO - Sync 1 DAGs
[2025-10-21T19:03:07.846+0000] {logging_mixin.py:188} INFO - [2025-10-21T19:03:07.845+0000] {dag.py:3954} INFO - Setting next_dagrun for silver_layer_cleaning_pyspark to 2025-10-20 19:00:00+00:00, run_after=2025-10-21 19:00:00+00:00
[2025-10-21T19:03:07.863+0000] {processor.py:183} INFO - Processing /opt/airflow/dags/silver_layer_dag.py took 0.081 seconds
[2025-10-21T19:03:38.789+0000] {processor.py:161} INFO - Started process (PID=47) to work on /opt/airflow/dags/silver_layer_dag.py
[2025-10-21T19:03:38.791+0000] {processor.py:830} INFO - Processing file /opt/airflow/dags/silver_layer_dag.py for tasks to queue
[2025-10-21T19:03:38.794+0000] {logging_mixin.py:188} INFO - [2025-10-21T19:03:38.793+0000] {dagbag.py:540} INFO - Filling up the DagBag from /opt/airflow/dags/silver_layer_dag.py
[2025-10-21T19:03:38.815+0000] {processor.py:840} INFO - DAG(s) 'silver_layer_cleaning_pyspark' retrieved from /opt/airflow/dags/silver_layer_dag.py
[2025-10-21T19:03:38.840+0000] {logging_mixin.py:188} INFO - [2025-10-21T19:03:38.840+0000] {dag.py:3096} INFO - Sync 1 DAGs
[2025-10-21T19:03:38.864+0000] {logging_mixin.py:188} INFO - [2025-10-21T19:03:38.863+0000] {dag.py:3954} INFO - Setting next_dagrun for silver_layer_cleaning_pyspark to 2025-10-20 19:00:00+00:00, run_after=2025-10-21 19:00:00+00:00
[2025-10-21T19:03:38.880+0000] {processor.py:183} INFO - Processing /opt/airflow/dags/silver_layer_dag.py took 0.097 seconds
[2025-10-21T19:04:45.217+0000] {processor.py:161} INFO - Started process (PID=37) to work on /opt/airflow/dags/silver_layer_dag.py
[2025-10-21T19:04:45.219+0000] {processor.py:830} INFO - Processing file /opt/airflow/dags/silver_layer_dag.py for tasks to queue
[2025-10-21T19:04:45.221+0000] {logging_mixin.py:188} INFO - [2025-10-21T19:04:45.220+0000] {dagbag.py:540} INFO - Filling up the DagBag from /opt/airflow/dags/silver_layer_dag.py
[2025-10-21T19:04:45.249+0000] {processor.py:840} INFO - DAG(s) 'silver_layer_cleaning_pyspark' retrieved from /opt/airflow/dags/silver_layer_dag.py
[2025-10-21T19:04:45.281+0000] {logging_mixin.py:188} INFO - [2025-10-21T19:04:45.280+0000] {dag.py:3096} INFO - Sync 1 DAGs
[2025-10-21T19:04:45.303+0000] {logging_mixin.py:188} INFO - [2025-10-21T19:04:45.302+0000] {dag.py:3954} INFO - Setting next_dagrun for silver_layer_cleaning_pyspark to 2025-10-20 19:00:00+00:00, run_after=2025-10-21 19:00:00+00:00
[2025-10-21T19:04:45.322+0000] {processor.py:183} INFO - Processing /opt/airflow/dags/silver_layer_dag.py took 0.112 seconds
[2025-10-21T19:05:16.229+0000] {processor.py:161} INFO - Started process (PID=40) to work on /opt/airflow/dags/silver_layer_dag.py
[2025-10-21T19:05:16.230+0000] {processor.py:830} INFO - Processing file /opt/airflow/dags/silver_layer_dag.py for tasks to queue
[2025-10-21T19:05:16.232+0000] {logging_mixin.py:188} INFO - [2025-10-21T19:05:16.232+0000] {dagbag.py:540} INFO - Filling up the DagBag from /opt/airflow/dags/silver_layer_dag.py
[2025-10-21T19:05:16.251+0000] {processor.py:840} INFO - DAG(s) 'silver_layer_cleaning_pyspark' retrieved from /opt/airflow/dags/silver_layer_dag.py
[2025-10-21T19:05:16.429+0000] {logging_mixin.py:188} INFO - [2025-10-21T19:05:16.429+0000] {dag.py:3096} INFO - Sync 1 DAGs
[2025-10-21T19:05:16.446+0000] {logging_mixin.py:188} INFO - [2025-10-21T19:05:16.446+0000] {dag.py:3954} INFO - Setting next_dagrun for silver_layer_cleaning_pyspark to 2025-10-20 19:00:00+00:00, run_after=2025-10-21 19:00:00+00:00
[2025-10-21T19:05:16.465+0000] {processor.py:183} INFO - Processing /opt/airflow/dags/silver_layer_dag.py took 0.243 seconds
[2025-10-21T19:05:57.034+0000] {processor.py:161} INFO - Started process (PID=43) to work on /opt/airflow/dags/silver_layer_dag.py
[2025-10-21T19:05:57.035+0000] {processor.py:830} INFO - Processing file /opt/airflow/dags/silver_layer_dag.py for tasks to queue
[2025-10-21T19:05:57.037+0000] {logging_mixin.py:188} INFO - [2025-10-21T19:05:57.037+0000] {dagbag.py:540} INFO - Filling up the DagBag from /opt/airflow/dags/silver_layer_dag.py
[2025-10-21T19:05:57.057+0000] {processor.py:840} INFO - DAG(s) 'silver_layer_cleaning_pyspark' retrieved from /opt/airflow/dags/silver_layer_dag.py
[2025-10-21T19:05:57.078+0000] {logging_mixin.py:188} INFO - [2025-10-21T19:05:57.078+0000] {dag.py:3096} INFO - Sync 1 DAGs
[2025-10-21T19:05:57.098+0000] {logging_mixin.py:188} INFO - [2025-10-21T19:05:57.098+0000] {dag.py:3954} INFO - Setting next_dagrun for silver_layer_cleaning_pyspark to 2025-10-20 19:00:00+00:00, run_after=2025-10-21 19:00:00+00:00
[2025-10-21T19:05:57.115+0000] {processor.py:183} INFO - Processing /opt/airflow/dags/silver_layer_dag.py took 0.086 seconds
[2025-10-21T19:06:28.401+0000] {processor.py:161} INFO - Started process (PID=46) to work on /opt/airflow/dags/silver_layer_dag.py
[2025-10-21T19:06:28.402+0000] {processor.py:830} INFO - Processing file /opt/airflow/dags/silver_layer_dag.py for tasks to queue
[2025-10-21T19:06:28.404+0000] {logging_mixin.py:188} INFO - [2025-10-21T19:06:28.404+0000] {dagbag.py:540} INFO - Filling up the DagBag from /opt/airflow/dags/silver_layer_dag.py
[2025-10-21T19:06:28.421+0000] {processor.py:840} INFO - DAG(s) 'silver_layer_cleaning_pyspark' retrieved from /opt/airflow/dags/silver_layer_dag.py
[2025-10-21T19:06:28.440+0000] {logging_mixin.py:188} INFO - [2025-10-21T19:06:28.440+0000] {dag.py:3096} INFO - Sync 1 DAGs
[2025-10-21T19:06:28.458+0000] {logging_mixin.py:188} INFO - [2025-10-21T19:06:28.458+0000] {dag.py:3954} INFO - Setting next_dagrun for silver_layer_cleaning_pyspark to 2025-10-20 19:00:00+00:00, run_after=2025-10-21 19:00:00+00:00
[2025-10-21T19:06:28.473+0000] {processor.py:183} INFO - Processing /opt/airflow/dags/silver_layer_dag.py took 0.078 seconds
[2025-10-21T19:06:59.556+0000] {processor.py:161} INFO - Started process (PID=49) to work on /opt/airflow/dags/silver_layer_dag.py
[2025-10-21T19:06:59.557+0000] {processor.py:830} INFO - Processing file /opt/airflow/dags/silver_layer_dag.py for tasks to queue
[2025-10-21T19:06:59.559+0000] {logging_mixin.py:188} INFO - [2025-10-21T19:06:59.559+0000] {dagbag.py:540} INFO - Filling up the DagBag from /opt/airflow/dags/silver_layer_dag.py
[2025-10-21T19:06:59.577+0000] {processor.py:840} INFO - DAG(s) 'silver_layer_cleaning_pyspark' retrieved from /opt/airflow/dags/silver_layer_dag.py
[2025-10-21T19:06:59.598+0000] {logging_mixin.py:188} INFO - [2025-10-21T19:06:59.598+0000] {dag.py:3096} INFO - Sync 1 DAGs
[2025-10-21T19:06:59.617+0000] {logging_mixin.py:188} INFO - [2025-10-21T19:06:59.617+0000] {dag.py:3954} INFO - Setting next_dagrun for silver_layer_cleaning_pyspark to 2025-10-20 19:00:00+00:00, run_after=2025-10-21 19:00:00+00:00
[2025-10-21T19:06:59.635+0000] {processor.py:183} INFO - Processing /opt/airflow/dags/silver_layer_dag.py took 0.085 seconds
[2025-10-21T19:07:30.542+0000] {processor.py:161} INFO - Started process (PID=52) to work on /opt/airflow/dags/silver_layer_dag.py
[2025-10-21T19:07:30.543+0000] {processor.py:830} INFO - Processing file /opt/airflow/dags/silver_layer_dag.py for tasks to queue
[2025-10-21T19:07:30.545+0000] {logging_mixin.py:188} INFO - [2025-10-21T19:07:30.545+0000] {dagbag.py:540} INFO - Filling up the DagBag from /opt/airflow/dags/silver_layer_dag.py
[2025-10-21T19:07:30.564+0000] {processor.py:840} INFO - DAG(s) 'silver_layer_cleaning_pyspark' retrieved from /opt/airflow/dags/silver_layer_dag.py
[2025-10-21T19:07:30.586+0000] {logging_mixin.py:188} INFO - [2025-10-21T19:07:30.586+0000] {dag.py:3096} INFO - Sync 1 DAGs
[2025-10-21T19:07:30.605+0000] {logging_mixin.py:188} INFO - [2025-10-21T19:07:30.605+0000] {dag.py:3954} INFO - Setting next_dagrun for silver_layer_cleaning_pyspark to 2025-10-20 19:00:00+00:00, run_after=2025-10-21 19:00:00+00:00
[2025-10-21T19:07:30.622+0000] {processor.py:183} INFO - Processing /opt/airflow/dags/silver_layer_dag.py took 0.086 seconds
[2025-10-21T19:08:01.338+0000] {processor.py:161} INFO - Started process (PID=55) to work on /opt/airflow/dags/silver_layer_dag.py
[2025-10-21T19:08:01.339+0000] {processor.py:830} INFO - Processing file /opt/airflow/dags/silver_layer_dag.py for tasks to queue
[2025-10-21T19:08:01.342+0000] {logging_mixin.py:188} INFO - [2025-10-21T19:08:01.342+0000] {dagbag.py:540} INFO - Filling up the DagBag from /opt/airflow/dags/silver_layer_dag.py
[2025-10-21T19:08:01.361+0000] {processor.py:840} INFO - DAG(s) 'silver_layer_cleaning_pyspark' retrieved from /opt/airflow/dags/silver_layer_dag.py
[2025-10-21T19:08:01.383+0000] {logging_mixin.py:188} INFO - [2025-10-21T19:08:01.383+0000] {dag.py:3096} INFO - Sync 1 DAGs
[2025-10-21T19:08:01.402+0000] {logging_mixin.py:188} INFO - [2025-10-21T19:08:01.402+0000] {dag.py:3954} INFO - Setting next_dagrun for silver_layer_cleaning_pyspark to 2025-10-20 19:00:00+00:00, run_after=2025-10-21 19:00:00+00:00
[2025-10-21T19:08:01.420+0000] {processor.py:183} INFO - Processing /opt/airflow/dags/silver_layer_dag.py took 0.088 seconds
[2025-10-21T19:08:31.679+0000] {processor.py:161} INFO - Started process (PID=58) to work on /opt/airflow/dags/silver_layer_dag.py
[2025-10-21T19:08:31.680+0000] {processor.py:830} INFO - Processing file /opt/airflow/dags/silver_layer_dag.py for tasks to queue
[2025-10-21T19:08:31.682+0000] {logging_mixin.py:188} INFO - [2025-10-21T19:08:31.681+0000] {dagbag.py:540} INFO - Filling up the DagBag from /opt/airflow/dags/silver_layer_dag.py
[2025-10-21T19:08:31.706+0000] {processor.py:840} INFO - DAG(s) 'silver_layer_cleaning_pyspark' retrieved from /opt/airflow/dags/silver_layer_dag.py
[2025-10-21T19:08:31.731+0000] {logging_mixin.py:188} INFO - [2025-10-21T19:08:31.731+0000] {dag.py:3096} INFO - Sync 1 DAGs
[2025-10-21T19:08:31.753+0000] {logging_mixin.py:188} INFO - [2025-10-21T19:08:31.753+0000] {dag.py:3954} INFO - Setting next_dagrun for silver_layer_cleaning_pyspark to 2025-10-20 19:00:00+00:00, run_after=2025-10-21 19:00:00+00:00
[2025-10-21T19:08:31.769+0000] {processor.py:183} INFO - Processing /opt/airflow/dags/silver_layer_dag.py took 0.097 seconds
[2025-10-21T19:09:02.616+0000] {processor.py:161} INFO - Started process (PID=61) to work on /opt/airflow/dags/silver_layer_dag.py
[2025-10-21T19:09:02.617+0000] {processor.py:830} INFO - Processing file /opt/airflow/dags/silver_layer_dag.py for tasks to queue
[2025-10-21T19:09:02.619+0000] {logging_mixin.py:188} INFO - [2025-10-21T19:09:02.619+0000] {dagbag.py:540} INFO - Filling up the DagBag from /opt/airflow/dags/silver_layer_dag.py
[2025-10-21T19:09:02.638+0000] {processor.py:840} INFO - DAG(s) 'silver_layer_cleaning_pyspark' retrieved from /opt/airflow/dags/silver_layer_dag.py
[2025-10-21T19:09:02.661+0000] {logging_mixin.py:188} INFO - [2025-10-21T19:09:02.661+0000] {dag.py:3096} INFO - Sync 1 DAGs
[2025-10-21T19:09:02.682+0000] {logging_mixin.py:188} INFO - [2025-10-21T19:09:02.682+0000] {dag.py:3954} INFO - Setting next_dagrun for silver_layer_cleaning_pyspark to 2025-10-20 19:00:00+00:00, run_after=2025-10-21 19:00:00+00:00
[2025-10-21T19:09:02.701+0000] {processor.py:183} INFO - Processing /opt/airflow/dags/silver_layer_dag.py took 0.090 seconds
[2025-10-21T19:09:32.910+0000] {processor.py:161} INFO - Started process (PID=64) to work on /opt/airflow/dags/silver_layer_dag.py
[2025-10-21T19:09:32.911+0000] {processor.py:830} INFO - Processing file /opt/airflow/dags/silver_layer_dag.py for tasks to queue
[2025-10-21T19:09:32.913+0000] {logging_mixin.py:188} INFO - [2025-10-21T19:09:32.913+0000] {dagbag.py:540} INFO - Filling up the DagBag from /opt/airflow/dags/silver_layer_dag.py
[2025-10-21T19:09:32.933+0000] {processor.py:840} INFO - DAG(s) 'silver_layer_cleaning_pyspark' retrieved from /opt/airflow/dags/silver_layer_dag.py
[2025-10-21T19:09:32.955+0000] {logging_mixin.py:188} INFO - [2025-10-21T19:09:32.955+0000] {dag.py:3096} INFO - Sync 1 DAGs
[2025-10-21T19:09:32.979+0000] {logging_mixin.py:188} INFO - [2025-10-21T19:09:32.979+0000] {dag.py:3954} INFO - Setting next_dagrun for silver_layer_cleaning_pyspark to 2025-10-20 19:00:00+00:00, run_after=2025-10-21 19:00:00+00:00
[2025-10-21T19:09:32.996+0000] {processor.py:183} INFO - Processing /opt/airflow/dags/silver_layer_dag.py took 0.092 seconds
[2025-10-21T19:10:25.592+0000] {processor.py:161} INFO - Started process (PID=67) to work on /opt/airflow/dags/silver_layer_dag.py
[2025-10-21T19:10:25.593+0000] {processor.py:830} INFO - Processing file /opt/airflow/dags/silver_layer_dag.py for tasks to queue
[2025-10-21T19:10:25.594+0000] {logging_mixin.py:188} INFO - [2025-10-21T19:10:25.594+0000] {dagbag.py:540} INFO - Filling up the DagBag from /opt/airflow/dags/silver_layer_dag.py
[2025-10-21T19:10:25.613+0000] {processor.py:840} INFO - DAG(s) 'silver_layer_cleaning_pyspark' retrieved from /opt/airflow/dags/silver_layer_dag.py
[2025-10-21T19:10:25.633+0000] {logging_mixin.py:188} INFO - [2025-10-21T19:10:25.633+0000] {dag.py:3096} INFO - Sync 1 DAGs
[2025-10-21T19:10:25.651+0000] {logging_mixin.py:188} INFO - [2025-10-21T19:10:25.651+0000] {dag.py:3954} INFO - Setting next_dagrun for silver_layer_cleaning_pyspark to 2025-10-20 19:00:00+00:00, run_after=2025-10-21 19:00:00+00:00
[2025-10-21T19:10:25.667+0000] {processor.py:183} INFO - Processing /opt/airflow/dags/silver_layer_dag.py took 0.081 seconds
[2025-10-21T19:10:55.867+0000] {processor.py:161} INFO - Started process (PID=70) to work on /opt/airflow/dags/silver_layer_dag.py
[2025-10-21T19:10:55.868+0000] {processor.py:830} INFO - Processing file /opt/airflow/dags/silver_layer_dag.py for tasks to queue
[2025-10-21T19:10:55.870+0000] {logging_mixin.py:188} INFO - [2025-10-21T19:10:55.870+0000] {dagbag.py:540} INFO - Filling up the DagBag from /opt/airflow/dags/silver_layer_dag.py
[2025-10-21T19:10:55.888+0000] {processor.py:840} INFO - DAG(s) 'silver_layer_cleaning_pyspark' retrieved from /opt/airflow/dags/silver_layer_dag.py
[2025-10-21T19:10:55.907+0000] {logging_mixin.py:188} INFO - [2025-10-21T19:10:55.907+0000] {dag.py:3096} INFO - Sync 1 DAGs
[2025-10-21T19:10:55.925+0000] {logging_mixin.py:188} INFO - [2025-10-21T19:10:55.925+0000] {dag.py:3954} INFO - Setting next_dagrun for silver_layer_cleaning_pyspark to 2025-10-20 19:00:00+00:00, run_after=2025-10-21 19:00:00+00:00
[2025-10-21T19:10:55.940+0000] {processor.py:183} INFO - Processing /opt/airflow/dags/silver_layer_dag.py took 0.079 seconds
[2025-10-21T19:11:25.995+0000] {processor.py:161} INFO - Started process (PID=73) to work on /opt/airflow/dags/silver_layer_dag.py
[2025-10-21T19:11:25.996+0000] {processor.py:830} INFO - Processing file /opt/airflow/dags/silver_layer_dag.py for tasks to queue
[2025-10-21T19:11:25.998+0000] {logging_mixin.py:188} INFO - [2025-10-21T19:11:25.997+0000] {dagbag.py:540} INFO - Filling up the DagBag from /opt/airflow/dags/silver_layer_dag.py
[2025-10-21T19:11:26.014+0000] {processor.py:840} INFO - DAG(s) 'silver_layer_cleaning_pyspark' retrieved from /opt/airflow/dags/silver_layer_dag.py
[2025-10-21T19:11:26.032+0000] {logging_mixin.py:188} INFO - [2025-10-21T19:11:26.032+0000] {dag.py:3096} INFO - Sync 1 DAGs
[2025-10-21T19:11:26.049+0000] {logging_mixin.py:188} INFO - [2025-10-21T19:11:26.049+0000] {dag.py:3954} INFO - Setting next_dagrun for silver_layer_cleaning_pyspark to 2025-10-20 19:00:00+00:00, run_after=2025-10-21 19:00:00+00:00
[2025-10-21T19:11:26.063+0000] {processor.py:183} INFO - Processing /opt/airflow/dags/silver_layer_dag.py took 0.073 seconds
[2025-10-21T19:11:56.932+0000] {processor.py:161} INFO - Started process (PID=76) to work on /opt/airflow/dags/silver_layer_dag.py
[2025-10-21T19:11:56.933+0000] {processor.py:830} INFO - Processing file /opt/airflow/dags/silver_layer_dag.py for tasks to queue
[2025-10-21T19:11:56.935+0000] {logging_mixin.py:188} INFO - [2025-10-21T19:11:56.934+0000] {dagbag.py:540} INFO - Filling up the DagBag from /opt/airflow/dags/silver_layer_dag.py
[2025-10-21T19:11:56.952+0000] {processor.py:840} INFO - DAG(s) 'silver_layer_cleaning_pyspark' retrieved from /opt/airflow/dags/silver_layer_dag.py
[2025-10-21T19:11:56.972+0000] {logging_mixin.py:188} INFO - [2025-10-21T19:11:56.972+0000] {dag.py:3096} INFO - Sync 1 DAGs
[2025-10-21T19:11:56.991+0000] {logging_mixin.py:188} INFO - [2025-10-21T19:11:56.991+0000] {dag.py:3954} INFO - Setting next_dagrun for silver_layer_cleaning_pyspark to 2025-10-20 19:00:00+00:00, run_after=2025-10-21 19:00:00+00:00
[2025-10-21T19:11:57.006+0000] {processor.py:183} INFO - Processing /opt/airflow/dags/silver_layer_dag.py took 0.078 seconds
[2025-10-21T19:12:27.697+0000] {processor.py:161} INFO - Started process (PID=79) to work on /opt/airflow/dags/silver_layer_dag.py
[2025-10-21T19:12:27.698+0000] {processor.py:830} INFO - Processing file /opt/airflow/dags/silver_layer_dag.py for tasks to queue
[2025-10-21T19:12:27.700+0000] {logging_mixin.py:188} INFO - [2025-10-21T19:12:27.699+0000] {dagbag.py:540} INFO - Filling up the DagBag from /opt/airflow/dags/silver_layer_dag.py
[2025-10-21T19:12:27.719+0000] {processor.py:840} INFO - DAG(s) 'silver_layer_cleaning_pyspark' retrieved from /opt/airflow/dags/silver_layer_dag.py
[2025-10-21T19:12:27.740+0000] {logging_mixin.py:188} INFO - [2025-10-21T19:12:27.740+0000] {dag.py:3096} INFO - Sync 1 DAGs
[2025-10-21T19:12:27.759+0000] {logging_mixin.py:188} INFO - [2025-10-21T19:12:27.759+0000] {dag.py:3954} INFO - Setting next_dagrun for silver_layer_cleaning_pyspark to 2025-10-20 19:00:00+00:00, run_after=2025-10-21 19:00:00+00:00
[2025-10-21T19:12:27.775+0000] {processor.py:183} INFO - Processing /opt/airflow/dags/silver_layer_dag.py took 0.084 seconds
[2025-10-21T19:26:44.992+0000] {processor.py:161} INFO - Started process (PID=84) to work on /opt/airflow/dags/silver_layer_dag.py
[2025-10-21T19:26:44.994+0000] {processor.py:830} INFO - Processing file /opt/airflow/dags/silver_layer_dag.py for tasks to queue
[2025-10-21T19:26:44.997+0000] {logging_mixin.py:188} INFO - [2025-10-21T19:26:44.997+0000] {dagbag.py:540} INFO - Filling up the DagBag from /opt/airflow/dags/silver_layer_dag.py
[2025-10-21T19:26:45.018+0000] {processor.py:840} INFO - DAG(s) 'silver_layer_cleaning_pyspark' retrieved from /opt/airflow/dags/silver_layer_dag.py
[2025-10-21T19:26:45.253+0000] {logging_mixin.py:188} INFO - [2025-10-21T19:26:45.253+0000] {dag.py:3096} INFO - Sync 1 DAGs
[2025-10-21T19:26:45.269+0000] {logging_mixin.py:188} INFO - [2025-10-21T19:26:45.269+0000] {dag.py:3954} INFO - Setting next_dagrun for silver_layer_cleaning_pyspark to 2025-10-20 19:00:00+00:00, run_after=2025-10-21 19:00:00+00:00
[2025-10-21T19:26:45.290+0000] {processor.py:183} INFO - Processing /opt/airflow/dags/silver_layer_dag.py took 0.306 seconds
[2025-10-21T19:27:15.433+0000] {processor.py:161} INFO - Started process (PID=95) to work on /opt/airflow/dags/silver_layer_dag.py
[2025-10-21T19:27:15.434+0000] {processor.py:830} INFO - Processing file /opt/airflow/dags/silver_layer_dag.py for tasks to queue
[2025-10-21T19:27:15.436+0000] {logging_mixin.py:188} INFO - [2025-10-21T19:27:15.436+0000] {dagbag.py:540} INFO - Filling up the DagBag from /opt/airflow/dags/silver_layer_dag.py
[2025-10-21T19:27:15.456+0000] {processor.py:840} INFO - DAG(s) 'silver_layer_cleaning_pyspark' retrieved from /opt/airflow/dags/silver_layer_dag.py
[2025-10-21T19:27:15.474+0000] {logging_mixin.py:188} INFO - [2025-10-21T19:27:15.474+0000] {dag.py:3096} INFO - Sync 1 DAGs
[2025-10-21T19:27:15.492+0000] {logging_mixin.py:188} INFO - [2025-10-21T19:27:15.492+0000] {dag.py:3954} INFO - Setting next_dagrun for silver_layer_cleaning_pyspark to 2025-10-20 19:00:00+00:00, run_after=2025-10-21 19:00:00+00:00
[2025-10-21T19:27:15.508+0000] {processor.py:183} INFO - Processing /opt/airflow/dags/silver_layer_dag.py took 0.079 seconds
[2025-10-21T19:28:13.616+0000] {processor.py:161} INFO - Started process (PID=102) to work on /opt/airflow/dags/silver_layer_dag.py
[2025-10-21T19:28:13.616+0000] {processor.py:830} INFO - Processing file /opt/airflow/dags/silver_layer_dag.py for tasks to queue
[2025-10-21T19:28:13.618+0000] {logging_mixin.py:188} INFO - [2025-10-21T19:28:13.618+0000] {dagbag.py:540} INFO - Filling up the DagBag from /opt/airflow/dags/silver_layer_dag.py
[2025-10-21T19:28:13.637+0000] {processor.py:840} INFO - DAG(s) 'silver_layer_cleaning_pyspark' retrieved from /opt/airflow/dags/silver_layer_dag.py
[2025-10-21T19:28:13.658+0000] {logging_mixin.py:188} INFO - [2025-10-21T19:28:13.658+0000] {dag.py:3096} INFO - Sync 1 DAGs
[2025-10-21T19:28:13.678+0000] {logging_mixin.py:188} INFO - [2025-10-21T19:28:13.677+0000] {dag.py:3954} INFO - Setting next_dagrun for silver_layer_cleaning_pyspark to 2025-10-20 19:00:00+00:00, run_after=2025-10-21 19:00:00+00:00
[2025-10-21T19:28:13.696+0000] {processor.py:183} INFO - Processing /opt/airflow/dags/silver_layer_dag.py took 0.086 seconds
[2025-10-21T19:28:43.892+0000] {processor.py:161} INFO - Started process (PID=105) to work on /opt/airflow/dags/silver_layer_dag.py
[2025-10-21T19:28:43.893+0000] {processor.py:830} INFO - Processing file /opt/airflow/dags/silver_layer_dag.py for tasks to queue
[2025-10-21T19:28:43.895+0000] {logging_mixin.py:188} INFO - [2025-10-21T19:28:43.894+0000] {dagbag.py:540} INFO - Filling up the DagBag from /opt/airflow/dags/silver_layer_dag.py
[2025-10-21T19:28:43.913+0000] {processor.py:840} INFO - DAG(s) 'silver_layer_cleaning_pyspark' retrieved from /opt/airflow/dags/silver_layer_dag.py
[2025-10-21T19:28:43.932+0000] {logging_mixin.py:188} INFO - [2025-10-21T19:28:43.932+0000] {dag.py:3096} INFO - Sync 1 DAGs
[2025-10-21T19:28:43.948+0000] {logging_mixin.py:188} INFO - [2025-10-21T19:28:43.948+0000] {dag.py:3954} INFO - Setting next_dagrun for silver_layer_cleaning_pyspark to 2025-10-20 19:00:00+00:00, run_after=2025-10-21 19:00:00+00:00
[2025-10-21T19:28:43.961+0000] {processor.py:183} INFO - Processing /opt/airflow/dags/silver_layer_dag.py took 0.074 seconds
[2025-10-21T19:29:14.267+0000] {processor.py:161} INFO - Started process (PID=108) to work on /opt/airflow/dags/silver_layer_dag.py
[2025-10-21T19:29:14.268+0000] {processor.py:830} INFO - Processing file /opt/airflow/dags/silver_layer_dag.py for tasks to queue
[2025-10-21T19:29:14.271+0000] {logging_mixin.py:188} INFO - [2025-10-21T19:29:14.270+0000] {dagbag.py:540} INFO - Filling up the DagBag from /opt/airflow/dags/silver_layer_dag.py
[2025-10-21T19:29:14.290+0000] {processor.py:840} INFO - DAG(s) 'silver_layer_cleaning_pyspark' retrieved from /opt/airflow/dags/silver_layer_dag.py
[2025-10-21T19:29:14.310+0000] {logging_mixin.py:188} INFO - [2025-10-21T19:29:14.310+0000] {dag.py:3096} INFO - Sync 1 DAGs
[2025-10-21T19:29:14.328+0000] {logging_mixin.py:188} INFO - [2025-10-21T19:29:14.328+0000] {dag.py:3954} INFO - Setting next_dagrun for silver_layer_cleaning_pyspark to 2025-10-20 19:00:00+00:00, run_after=2025-10-21 19:00:00+00:00
[2025-10-21T19:29:14.343+0000] {processor.py:183} INFO - Processing /opt/airflow/dags/silver_layer_dag.py took 0.081 seconds
[2025-10-21T19:29:44.533+0000] {processor.py:161} INFO - Started process (PID=111) to work on /opt/airflow/dags/silver_layer_dag.py
[2025-10-21T19:29:44.534+0000] {processor.py:830} INFO - Processing file /opt/airflow/dags/silver_layer_dag.py for tasks to queue
[2025-10-21T19:29:44.537+0000] {logging_mixin.py:188} INFO - [2025-10-21T19:29:44.537+0000] {dagbag.py:540} INFO - Filling up the DagBag from /opt/airflow/dags/silver_layer_dag.py
[2025-10-21T19:29:44.555+0000] {processor.py:840} INFO - DAG(s) 'silver_layer_cleaning_pyspark' retrieved from /opt/airflow/dags/silver_layer_dag.py
[2025-10-21T19:29:44.573+0000] {logging_mixin.py:188} INFO - [2025-10-21T19:29:44.573+0000] {dag.py:3096} INFO - Sync 1 DAGs
[2025-10-21T19:29:44.589+0000] {logging_mixin.py:188} INFO - [2025-10-21T19:29:44.589+0000] {dag.py:3954} INFO - Setting next_dagrun for silver_layer_cleaning_pyspark to 2025-10-20 19:00:00+00:00, run_after=2025-10-21 19:00:00+00:00
[2025-10-21T19:29:44.605+0000] {processor.py:183} INFO - Processing /opt/airflow/dags/silver_layer_dag.py took 0.076 seconds
[2025-10-21T19:30:46.223+0000] {processor.py:161} INFO - Started process (PID=114) to work on /opt/airflow/dags/silver_layer_dag.py
[2025-10-21T19:30:46.224+0000] {processor.py:830} INFO - Processing file /opt/airflow/dags/silver_layer_dag.py for tasks to queue
[2025-10-21T19:30:46.226+0000] {logging_mixin.py:188} INFO - [2025-10-21T19:30:46.226+0000] {dagbag.py:540} INFO - Filling up the DagBag from /opt/airflow/dags/silver_layer_dag.py
[2025-10-21T19:30:46.243+0000] {processor.py:840} INFO - DAG(s) 'silver_layer_cleaning_pyspark' retrieved from /opt/airflow/dags/silver_layer_dag.py
[2025-10-21T19:30:46.263+0000] {logging_mixin.py:188} INFO - [2025-10-21T19:30:46.262+0000] {dag.py:3096} INFO - Sync 1 DAGs
[2025-10-21T19:30:46.279+0000] {logging_mixin.py:188} INFO - [2025-10-21T19:30:46.279+0000] {dag.py:3954} INFO - Setting next_dagrun for silver_layer_cleaning_pyspark to 2025-10-20 19:00:00+00:00, run_after=2025-10-21 19:00:00+00:00
[2025-10-21T19:30:46.293+0000] {processor.py:183} INFO - Processing /opt/airflow/dags/silver_layer_dag.py took 0.075 seconds
[2025-10-21T19:31:16.680+0000] {processor.py:161} INFO - Started process (PID=117) to work on /opt/airflow/dags/silver_layer_dag.py
[2025-10-21T19:31:16.681+0000] {processor.py:830} INFO - Processing file /opt/airflow/dags/silver_layer_dag.py for tasks to queue
[2025-10-21T19:31:16.683+0000] {logging_mixin.py:188} INFO - [2025-10-21T19:31:16.683+0000] {dagbag.py:540} INFO - Filling up the DagBag from /opt/airflow/dags/silver_layer_dag.py
[2025-10-21T19:31:16.700+0000] {processor.py:840} INFO - DAG(s) 'silver_layer_cleaning_pyspark' retrieved from /opt/airflow/dags/silver_layer_dag.py
[2025-10-21T19:31:16.718+0000] {logging_mixin.py:188} INFO - [2025-10-21T19:31:16.717+0000] {dag.py:3096} INFO - Sync 1 DAGs
[2025-10-21T19:31:16.735+0000] {logging_mixin.py:188} INFO - [2025-10-21T19:31:16.734+0000] {dag.py:3954} INFO - Setting next_dagrun for silver_layer_cleaning_pyspark to 2025-10-20 19:00:00+00:00, run_after=2025-10-21 19:00:00+00:00
[2025-10-21T19:31:16.750+0000] {processor.py:183} INFO - Processing /opt/airflow/dags/silver_layer_dag.py took 0.076 seconds
[2025-10-21T19:31:47.701+0000] {processor.py:161} INFO - Started process (PID=120) to work on /opt/airflow/dags/silver_layer_dag.py
[2025-10-21T19:31:47.702+0000] {processor.py:830} INFO - Processing file /opt/airflow/dags/silver_layer_dag.py for tasks to queue
[2025-10-21T19:31:47.703+0000] {logging_mixin.py:188} INFO - [2025-10-21T19:31:47.703+0000] {dagbag.py:540} INFO - Filling up the DagBag from /opt/airflow/dags/silver_layer_dag.py
[2025-10-21T19:31:47.720+0000] {processor.py:840} INFO - DAG(s) 'silver_layer_cleaning_pyspark' retrieved from /opt/airflow/dags/silver_layer_dag.py
[2025-10-21T19:31:47.740+0000] {logging_mixin.py:188} INFO - [2025-10-21T19:31:47.740+0000] {dag.py:3096} INFO - Sync 1 DAGs
[2025-10-21T19:31:47.756+0000] {logging_mixin.py:188} INFO - [2025-10-21T19:31:47.756+0000] {dag.py:3954} INFO - Setting next_dagrun for silver_layer_cleaning_pyspark to 2025-10-20 19:00:00+00:00, run_after=2025-10-21 19:00:00+00:00
[2025-10-21T19:31:47.771+0000] {processor.py:183} INFO - Processing /opt/airflow/dags/silver_layer_dag.py took 0.075 seconds
[2025-10-21T19:32:18.550+0000] {processor.py:161} INFO - Started process (PID=123) to work on /opt/airflow/dags/silver_layer_dag.py
[2025-10-21T19:32:18.551+0000] {processor.py:830} INFO - Processing file /opt/airflow/dags/silver_layer_dag.py for tasks to queue
[2025-10-21T19:32:18.552+0000] {logging_mixin.py:188} INFO - [2025-10-21T19:32:18.552+0000] {dagbag.py:540} INFO - Filling up the DagBag from /opt/airflow/dags/silver_layer_dag.py
[2025-10-21T19:32:18.568+0000] {processor.py:840} INFO - DAG(s) 'silver_layer_cleaning_pyspark' retrieved from /opt/airflow/dags/silver_layer_dag.py
[2025-10-21T19:32:18.585+0000] {logging_mixin.py:188} INFO - [2025-10-21T19:32:18.585+0000] {dag.py:3096} INFO - Sync 1 DAGs
[2025-10-21T19:32:18.600+0000] {logging_mixin.py:188} INFO - [2025-10-21T19:32:18.599+0000] {dag.py:3954} INFO - Setting next_dagrun for silver_layer_cleaning_pyspark to 2025-10-20 19:00:00+00:00, run_after=2025-10-21 19:00:00+00:00
[2025-10-21T19:32:18.613+0000] {processor.py:183} INFO - Processing /opt/airflow/dags/silver_layer_dag.py took 0.069 seconds
[2025-10-21T19:32:49.485+0000] {processor.py:161} INFO - Started process (PID=126) to work on /opt/airflow/dags/silver_layer_dag.py
[2025-10-21T19:32:49.485+0000] {processor.py:830} INFO - Processing file /opt/airflow/dags/silver_layer_dag.py for tasks to queue
[2025-10-21T19:32:49.487+0000] {logging_mixin.py:188} INFO - [2025-10-21T19:32:49.487+0000] {dagbag.py:540} INFO - Filling up the DagBag from /opt/airflow/dags/silver_layer_dag.py
[2025-10-21T19:32:49.504+0000] {processor.py:840} INFO - DAG(s) 'silver_layer_cleaning_pyspark' retrieved from /opt/airflow/dags/silver_layer_dag.py
[2025-10-21T19:32:49.522+0000] {logging_mixin.py:188} INFO - [2025-10-21T19:32:49.521+0000] {dag.py:3096} INFO - Sync 1 DAGs
[2025-10-21T19:32:49.537+0000] {logging_mixin.py:188} INFO - [2025-10-21T19:32:49.537+0000] {dag.py:3954} INFO - Setting next_dagrun for silver_layer_cleaning_pyspark to 2025-10-20 19:00:00+00:00, run_after=2025-10-21 19:00:00+00:00
[2025-10-21T19:32:49.553+0000] {processor.py:183} INFO - Processing /opt/airflow/dags/silver_layer_dag.py took 0.073 seconds
[2025-10-21T19:33:19.700+0000] {processor.py:161} INFO - Started process (PID=129) to work on /opt/airflow/dags/silver_layer_dag.py
[2025-10-21T19:33:19.701+0000] {processor.py:830} INFO - Processing file /opt/airflow/dags/silver_layer_dag.py for tasks to queue
[2025-10-21T19:33:19.702+0000] {logging_mixin.py:188} INFO - [2025-10-21T19:33:19.702+0000] {dagbag.py:540} INFO - Filling up the DagBag from /opt/airflow/dags/silver_layer_dag.py
[2025-10-21T19:33:19.718+0000] {processor.py:840} INFO - DAG(s) 'silver_layer_cleaning_pyspark' retrieved from /opt/airflow/dags/silver_layer_dag.py
[2025-10-21T19:33:19.735+0000] {logging_mixin.py:188} INFO - [2025-10-21T19:33:19.735+0000] {dag.py:3096} INFO - Sync 1 DAGs
[2025-10-21T19:33:19.752+0000] {logging_mixin.py:188} INFO - [2025-10-21T19:33:19.752+0000] {dag.py:3954} INFO - Setting next_dagrun for silver_layer_cleaning_pyspark to 2025-10-20 19:00:00+00:00, run_after=2025-10-21 19:00:00+00:00
[2025-10-21T19:33:19.766+0000] {processor.py:183} INFO - Processing /opt/airflow/dags/silver_layer_dag.py took 0.071 seconds
[2025-10-21T19:33:50.388+0000] {processor.py:161} INFO - Started process (PID=132) to work on /opt/airflow/dags/silver_layer_dag.py
[2025-10-21T19:33:50.389+0000] {processor.py:830} INFO - Processing file /opt/airflow/dags/silver_layer_dag.py for tasks to queue
[2025-10-21T19:33:50.391+0000] {logging_mixin.py:188} INFO - [2025-10-21T19:33:50.391+0000] {dagbag.py:540} INFO - Filling up the DagBag from /opt/airflow/dags/silver_layer_dag.py
[2025-10-21T19:33:50.407+0000] {processor.py:840} INFO - DAG(s) 'silver_layer_cleaning_pyspark' retrieved from /opt/airflow/dags/silver_layer_dag.py
[2025-10-21T19:33:50.425+0000] {logging_mixin.py:188} INFO - [2025-10-21T19:33:50.424+0000] {dag.py:3096} INFO - Sync 1 DAGs
[2025-10-21T19:33:50.443+0000] {logging_mixin.py:188} INFO - [2025-10-21T19:33:50.442+0000] {dag.py:3954} INFO - Setting next_dagrun for silver_layer_cleaning_pyspark to 2025-10-20 19:00:00+00:00, run_after=2025-10-21 19:00:00+00:00
[2025-10-21T19:33:50.458+0000] {processor.py:183} INFO - Processing /opt/airflow/dags/silver_layer_dag.py took 0.075 seconds
[2025-10-21T19:34:20.652+0000] {processor.py:161} INFO - Started process (PID=135) to work on /opt/airflow/dags/silver_layer_dag.py
[2025-10-21T19:34:20.653+0000] {processor.py:830} INFO - Processing file /opt/airflow/dags/silver_layer_dag.py for tasks to queue
[2025-10-21T19:34:20.655+0000] {logging_mixin.py:188} INFO - [2025-10-21T19:34:20.654+0000] {dagbag.py:540} INFO - Filling up the DagBag from /opt/airflow/dags/silver_layer_dag.py
[2025-10-21T19:34:20.674+0000] {processor.py:840} INFO - DAG(s) 'silver_layer_cleaning_pyspark' retrieved from /opt/airflow/dags/silver_layer_dag.py
[2025-10-21T19:34:20.696+0000] {logging_mixin.py:188} INFO - [2025-10-21T19:34:20.696+0000] {dag.py:3096} INFO - Sync 1 DAGs
[2025-10-21T19:34:20.720+0000] {logging_mixin.py:188} INFO - [2025-10-21T19:34:20.720+0000] {dag.py:3954} INFO - Setting next_dagrun for silver_layer_cleaning_pyspark to 2025-10-20 19:00:00+00:00, run_after=2025-10-21 19:00:00+00:00
[2025-10-21T19:34:20.740+0000] {processor.py:183} INFO - Processing /opt/airflow/dags/silver_layer_dag.py took 0.094 seconds
[2025-10-21T19:35:06.302+0000] {processor.py:161} INFO - Started process (PID=138) to work on /opt/airflow/dags/silver_layer_dag.py
[2025-10-21T19:35:06.303+0000] {processor.py:830} INFO - Processing file /opt/airflow/dags/silver_layer_dag.py for tasks to queue
[2025-10-21T19:35:06.305+0000] {logging_mixin.py:188} INFO - [2025-10-21T19:35:06.305+0000] {dagbag.py:540} INFO - Filling up the DagBag from /opt/airflow/dags/silver_layer_dag.py
[2025-10-21T19:35:06.320+0000] {processor.py:840} INFO - DAG(s) 'silver_layer_cleaning_pyspark' retrieved from /opt/airflow/dags/silver_layer_dag.py
[2025-10-21T19:35:06.338+0000] {logging_mixin.py:188} INFO - [2025-10-21T19:35:06.338+0000] {dag.py:3096} INFO - Sync 1 DAGs
[2025-10-21T19:35:06.356+0000] {logging_mixin.py:188} INFO - [2025-10-21T19:35:06.356+0000] {dag.py:3954} INFO - Setting next_dagrun for silver_layer_cleaning_pyspark to 2025-10-20 19:00:00+00:00, run_after=2025-10-21 19:00:00+00:00
[2025-10-21T19:35:06.371+0000] {processor.py:183} INFO - Processing /opt/airflow/dags/silver_layer_dag.py took 0.073 seconds
[2025-10-21T19:35:36.562+0000] {processor.py:161} INFO - Started process (PID=141) to work on /opt/airflow/dags/silver_layer_dag.py
[2025-10-21T19:35:36.563+0000] {processor.py:830} INFO - Processing file /opt/airflow/dags/silver_layer_dag.py for tasks to queue
[2025-10-21T19:35:36.564+0000] {logging_mixin.py:188} INFO - [2025-10-21T19:35:36.564+0000] {dagbag.py:540} INFO - Filling up the DagBag from /opt/airflow/dags/silver_layer_dag.py
[2025-10-21T19:35:36.579+0000] {processor.py:840} INFO - DAG(s) 'silver_layer_cleaning_pyspark' retrieved from /opt/airflow/dags/silver_layer_dag.py
[2025-10-21T19:35:36.596+0000] {logging_mixin.py:188} INFO - [2025-10-21T19:35:36.596+0000] {dag.py:3096} INFO - Sync 1 DAGs
[2025-10-21T19:35:36.613+0000] {logging_mixin.py:188} INFO - [2025-10-21T19:35:36.613+0000] {dag.py:3954} INFO - Setting next_dagrun for silver_layer_cleaning_pyspark to 2025-10-20 19:00:00+00:00, run_after=2025-10-21 19:00:00+00:00
[2025-10-21T19:35:36.626+0000] {processor.py:183} INFO - Processing /opt/airflow/dags/silver_layer_dag.py took 0.069 seconds
[2025-10-21T19:36:07.503+0000] {processor.py:161} INFO - Started process (PID=144) to work on /opt/airflow/dags/silver_layer_dag.py
[2025-10-21T19:36:07.504+0000] {processor.py:830} INFO - Processing file /opt/airflow/dags/silver_layer_dag.py for tasks to queue
[2025-10-21T19:36:07.506+0000] {logging_mixin.py:188} INFO - [2025-10-21T19:36:07.505+0000] {dagbag.py:540} INFO - Filling up the DagBag from /opt/airflow/dags/silver_layer_dag.py
[2025-10-21T19:36:07.522+0000] {processor.py:840} INFO - DAG(s) 'silver_layer_cleaning_pyspark' retrieved from /opt/airflow/dags/silver_layer_dag.py
[2025-10-21T19:36:07.539+0000] {logging_mixin.py:188} INFO - [2025-10-21T19:36:07.538+0000] {dag.py:3096} INFO - Sync 1 DAGs
[2025-10-21T19:36:07.557+0000] {logging_mixin.py:188} INFO - [2025-10-21T19:36:07.556+0000] {dag.py:3954} INFO - Setting next_dagrun for silver_layer_cleaning_pyspark to 2025-10-20 19:00:00+00:00, run_after=2025-10-21 19:00:00+00:00
[2025-10-21T19:36:07.571+0000] {processor.py:183} INFO - Processing /opt/airflow/dags/silver_layer_dag.py took 0.073 seconds
[2025-10-21T19:36:37.794+0000] {processor.py:161} INFO - Started process (PID=147) to work on /opt/airflow/dags/silver_layer_dag.py
[2025-10-21T19:36:37.795+0000] {processor.py:830} INFO - Processing file /opt/airflow/dags/silver_layer_dag.py for tasks to queue
[2025-10-21T19:36:37.797+0000] {logging_mixin.py:188} INFO - [2025-10-21T19:36:37.796+0000] {dagbag.py:540} INFO - Filling up the DagBag from /opt/airflow/dags/silver_layer_dag.py
[2025-10-21T19:36:37.811+0000] {processor.py:840} INFO - DAG(s) 'silver_layer_cleaning_pyspark' retrieved from /opt/airflow/dags/silver_layer_dag.py
[2025-10-21T19:36:37.828+0000] {logging_mixin.py:188} INFO - [2025-10-21T19:36:37.828+0000] {dag.py:3096} INFO - Sync 1 DAGs
[2025-10-21T19:36:37.844+0000] {logging_mixin.py:188} INFO - [2025-10-21T19:36:37.844+0000] {dag.py:3954} INFO - Setting next_dagrun for silver_layer_cleaning_pyspark to 2025-10-20 19:00:00+00:00, run_after=2025-10-21 19:00:00+00:00
[2025-10-21T19:36:37.858+0000] {processor.py:183} INFO - Processing /opt/airflow/dags/silver_layer_dag.py took 0.069 seconds
[2025-10-21T19:37:37.775+0000] {processor.py:161} INFO - Started process (PID=150) to work on /opt/airflow/dags/silver_layer_dag.py
[2025-10-21T19:37:37.776+0000] {processor.py:830} INFO - Processing file /opt/airflow/dags/silver_layer_dag.py for tasks to queue
[2025-10-21T19:37:37.778+0000] {logging_mixin.py:188} INFO - [2025-10-21T19:37:37.777+0000] {dagbag.py:540} INFO - Filling up the DagBag from /opt/airflow/dags/silver_layer_dag.py
[2025-10-21T19:37:37.797+0000] {processor.py:840} INFO - DAG(s) 'silver_layer_cleaning_pyspark' retrieved from /opt/airflow/dags/silver_layer_dag.py
[2025-10-21T19:37:37.816+0000] {logging_mixin.py:188} INFO - [2025-10-21T19:37:37.816+0000] {dag.py:3096} INFO - Sync 1 DAGs
[2025-10-21T19:37:37.834+0000] {logging_mixin.py:188} INFO - [2025-10-21T19:37:37.834+0000] {dag.py:3954} INFO - Setting next_dagrun for silver_layer_cleaning_pyspark to 2025-10-20 19:00:00+00:00, run_after=2025-10-21 19:00:00+00:00
[2025-10-21T19:37:37.858+0000] {processor.py:183} INFO - Processing /opt/airflow/dags/silver_layer_dag.py took 0.088 seconds
[2025-10-21T19:38:27.141+0000] {processor.py:161} INFO - Started process (PID=153) to work on /opt/airflow/dags/silver_layer_dag.py
[2025-10-21T19:38:27.142+0000] {processor.py:830} INFO - Processing file /opt/airflow/dags/silver_layer_dag.py for tasks to queue
[2025-10-21T19:38:27.143+0000] {logging_mixin.py:188} INFO - [2025-10-21T19:38:27.143+0000] {dagbag.py:540} INFO - Filling up the DagBag from /opt/airflow/dags/silver_layer_dag.py
[2025-10-21T19:38:27.159+0000] {processor.py:840} INFO - DAG(s) 'silver_layer_cleaning_pyspark' retrieved from /opt/airflow/dags/silver_layer_dag.py
[2025-10-21T19:38:27.179+0000] {logging_mixin.py:188} INFO - [2025-10-21T19:38:27.178+0000] {dag.py:3096} INFO - Sync 1 DAGs
[2025-10-21T19:38:27.196+0000] {logging_mixin.py:188} INFO - [2025-10-21T19:38:27.196+0000] {dag.py:3954} INFO - Setting next_dagrun for silver_layer_cleaning_pyspark to 2025-10-20 19:00:00+00:00, run_after=2025-10-21 19:00:00+00:00
[2025-10-21T19:38:27.211+0000] {processor.py:183} INFO - Processing /opt/airflow/dags/silver_layer_dag.py took 0.074 seconds
[2025-10-21T19:38:57.405+0000] {processor.py:161} INFO - Started process (PID=156) to work on /opt/airflow/dags/silver_layer_dag.py
[2025-10-21T19:38:57.406+0000] {processor.py:830} INFO - Processing file /opt/airflow/dags/silver_layer_dag.py for tasks to queue
[2025-10-21T19:38:57.407+0000] {logging_mixin.py:188} INFO - [2025-10-21T19:38:57.407+0000] {dagbag.py:540} INFO - Filling up the DagBag from /opt/airflow/dags/silver_layer_dag.py
[2025-10-21T19:38:57.424+0000] {processor.py:840} INFO - DAG(s) 'silver_layer_cleaning_pyspark' retrieved from /opt/airflow/dags/silver_layer_dag.py
[2025-10-21T19:38:57.444+0000] {logging_mixin.py:188} INFO - [2025-10-21T19:38:57.444+0000] {dag.py:3096} INFO - Sync 1 DAGs
[2025-10-21T19:38:57.462+0000] {logging_mixin.py:188} INFO - [2025-10-21T19:38:57.462+0000] {dag.py:3954} INFO - Setting next_dagrun for silver_layer_cleaning_pyspark to 2025-10-20 19:00:00+00:00, run_after=2025-10-21 19:00:00+00:00
[2025-10-21T19:38:57.477+0000] {processor.py:183} INFO - Processing /opt/airflow/dags/silver_layer_dag.py took 0.077 seconds
[2025-10-21T19:39:27.542+0000] {processor.py:161} INFO - Started process (PID=159) to work on /opt/airflow/dags/silver_layer_dag.py
[2025-10-21T19:39:27.542+0000] {processor.py:830} INFO - Processing file /opt/airflow/dags/silver_layer_dag.py for tasks to queue
[2025-10-21T19:39:27.544+0000] {logging_mixin.py:188} INFO - [2025-10-21T19:39:27.544+0000] {dagbag.py:540} INFO - Filling up the DagBag from /opt/airflow/dags/silver_layer_dag.py
[2025-10-21T19:39:27.561+0000] {processor.py:840} INFO - DAG(s) 'silver_layer_cleaning_pyspark' retrieved from /opt/airflow/dags/silver_layer_dag.py
[2025-10-21T19:39:27.580+0000] {logging_mixin.py:188} INFO - [2025-10-21T19:39:27.580+0000] {dag.py:3096} INFO - Sync 1 DAGs
[2025-10-21T19:39:27.598+0000] {logging_mixin.py:188} INFO - [2025-10-21T19:39:27.598+0000] {dag.py:3954} INFO - Setting next_dagrun for silver_layer_cleaning_pyspark to 2025-10-20 19:00:00+00:00, run_after=2025-10-21 19:00:00+00:00
[2025-10-21T19:39:27.612+0000] {processor.py:183} INFO - Processing /opt/airflow/dags/silver_layer_dag.py took 0.075 seconds
[2025-10-21T19:39:58.210+0000] {processor.py:161} INFO - Started process (PID=162) to work on /opt/airflow/dags/silver_layer_dag.py
[2025-10-21T19:39:58.211+0000] {processor.py:830} INFO - Processing file /opt/airflow/dags/silver_layer_dag.py for tasks to queue
[2025-10-21T19:39:58.213+0000] {logging_mixin.py:188} INFO - [2025-10-21T19:39:58.212+0000] {dagbag.py:540} INFO - Filling up the DagBag from /opt/airflow/dags/silver_layer_dag.py
[2025-10-21T19:39:58.230+0000] {processor.py:840} INFO - DAG(s) 'silver_layer_cleaning_pyspark' retrieved from /opt/airflow/dags/silver_layer_dag.py
[2025-10-21T19:39:58.249+0000] {logging_mixin.py:188} INFO - [2025-10-21T19:39:58.249+0000] {dag.py:3096} INFO - Sync 1 DAGs
[2025-10-21T19:39:58.266+0000] {logging_mixin.py:188} INFO - [2025-10-21T19:39:58.266+0000] {dag.py:3954} INFO - Setting next_dagrun for silver_layer_cleaning_pyspark to 2025-10-20 19:00:00+00:00, run_after=2025-10-21 19:00:00+00:00
[2025-10-21T19:39:58.286+0000] {processor.py:183} INFO - Processing /opt/airflow/dags/silver_layer_dag.py took 0.082 seconds
[2025-10-21T19:40:28.479+0000] {processor.py:161} INFO - Started process (PID=165) to work on /opt/airflow/dags/silver_layer_dag.py
[2025-10-21T19:40:28.479+0000] {processor.py:830} INFO - Processing file /opt/airflow/dags/silver_layer_dag.py for tasks to queue
[2025-10-21T19:40:28.481+0000] {logging_mixin.py:188} INFO - [2025-10-21T19:40:28.481+0000] {dagbag.py:540} INFO - Filling up the DagBag from /opt/airflow/dags/silver_layer_dag.py
[2025-10-21T19:40:28.499+0000] {processor.py:840} INFO - DAG(s) 'silver_layer_cleaning_pyspark' retrieved from /opt/airflow/dags/silver_layer_dag.py
[2025-10-21T19:40:28.518+0000] {logging_mixin.py:188} INFO - [2025-10-21T19:40:28.518+0000] {dag.py:3096} INFO - Sync 1 DAGs
[2025-10-21T19:40:28.535+0000] {logging_mixin.py:188} INFO - [2025-10-21T19:40:28.535+0000] {dag.py:3954} INFO - Setting next_dagrun for silver_layer_cleaning_pyspark to 2025-10-20 19:00:00+00:00, run_after=2025-10-21 19:00:00+00:00
[2025-10-21T19:40:28.550+0000] {processor.py:183} INFO - Processing /opt/airflow/dags/silver_layer_dag.py took 0.076 seconds
[2025-10-21T19:41:11.155+0000] {processor.py:161} INFO - Started process (PID=168) to work on /opt/airflow/dags/silver_layer_dag.py
[2025-10-21T19:41:11.156+0000] {processor.py:830} INFO - Processing file /opt/airflow/dags/silver_layer_dag.py for tasks to queue
[2025-10-21T19:41:11.157+0000] {logging_mixin.py:188} INFO - [2025-10-21T19:41:11.157+0000] {dagbag.py:540} INFO - Filling up the DagBag from /opt/airflow/dags/silver_layer_dag.py
[2025-10-21T19:41:11.174+0000] {processor.py:840} INFO - DAG(s) 'silver_layer_cleaning_pyspark' retrieved from /opt/airflow/dags/silver_layer_dag.py
[2025-10-21T19:41:11.195+0000] {logging_mixin.py:188} INFO - [2025-10-21T19:41:11.195+0000] {dag.py:3096} INFO - Sync 1 DAGs
[2025-10-21T19:41:11.214+0000] {logging_mixin.py:188} INFO - [2025-10-21T19:41:11.214+0000] {dag.py:3954} INFO - Setting next_dagrun for silver_layer_cleaning_pyspark to 2025-10-20 19:00:00+00:00, run_after=2025-10-21 19:00:00+00:00
[2025-10-21T19:41:11.230+0000] {processor.py:183} INFO - Processing /opt/airflow/dags/silver_layer_dag.py took 0.079 seconds
[2025-10-21T19:42:09.655+0000] {processor.py:161} INFO - Started process (PID=171) to work on /opt/airflow/dags/silver_layer_dag.py
[2025-10-21T19:42:09.656+0000] {processor.py:830} INFO - Processing file /opt/airflow/dags/silver_layer_dag.py for tasks to queue
[2025-10-21T19:42:09.658+0000] {logging_mixin.py:188} INFO - [2025-10-21T19:42:09.657+0000] {dagbag.py:540} INFO - Filling up the DagBag from /opt/airflow/dags/silver_layer_dag.py
[2025-10-21T19:42:09.674+0000] {processor.py:840} INFO - DAG(s) 'silver_layer_cleaning_pyspark' retrieved from /opt/airflow/dags/silver_layer_dag.py
[2025-10-21T19:42:09.695+0000] {logging_mixin.py:188} INFO - [2025-10-21T19:42:09.695+0000] {dag.py:3096} INFO - Sync 1 DAGs
[2025-10-21T19:42:09.714+0000] {logging_mixin.py:188} INFO - [2025-10-21T19:42:09.713+0000] {dag.py:3954} INFO - Setting next_dagrun for silver_layer_cleaning_pyspark to 2025-10-20 19:00:00+00:00, run_after=2025-10-21 19:00:00+00:00
[2025-10-21T19:42:09.728+0000] {processor.py:183} INFO - Processing /opt/airflow/dags/silver_layer_dag.py took 0.078 seconds
[2025-10-21T19:42:40.623+0000] {processor.py:161} INFO - Started process (PID=174) to work on /opt/airflow/dags/silver_layer_dag.py
[2025-10-21T19:42:40.624+0000] {processor.py:830} INFO - Processing file /opt/airflow/dags/silver_layer_dag.py for tasks to queue
[2025-10-21T19:42:40.626+0000] {logging_mixin.py:188} INFO - [2025-10-21T19:42:40.626+0000] {dagbag.py:540} INFO - Filling up the DagBag from /opt/airflow/dags/silver_layer_dag.py
[2025-10-21T19:42:40.644+0000] {processor.py:840} INFO - DAG(s) 'silver_layer_cleaning_pyspark' retrieved from /opt/airflow/dags/silver_layer_dag.py
[2025-10-21T19:42:40.663+0000] {logging_mixin.py:188} INFO - [2025-10-21T19:42:40.662+0000] {dag.py:3096} INFO - Sync 1 DAGs
[2025-10-21T19:42:40.680+0000] {logging_mixin.py:188} INFO - [2025-10-21T19:42:40.680+0000] {dag.py:3954} INFO - Setting next_dagrun for silver_layer_cleaning_pyspark to 2025-10-20 19:00:00+00:00, run_after=2025-10-21 19:00:00+00:00
[2025-10-21T19:42:40.695+0000] {processor.py:183} INFO - Processing /opt/airflow/dags/silver_layer_dag.py took 0.077 seconds
[2025-10-21T19:43:31.287+0000] {processor.py:161} INFO - Started process (PID=177) to work on /opt/airflow/dags/silver_layer_dag.py
[2025-10-21T19:43:31.288+0000] {processor.py:830} INFO - Processing file /opt/airflow/dags/silver_layer_dag.py for tasks to queue
[2025-10-21T19:43:31.290+0000] {logging_mixin.py:188} INFO - [2025-10-21T19:43:31.289+0000] {dagbag.py:540} INFO - Filling up the DagBag from /opt/airflow/dags/silver_layer_dag.py
[2025-10-21T19:43:31.307+0000] {processor.py:840} INFO - DAG(s) 'silver_layer_cleaning_pyspark' retrieved from /opt/airflow/dags/silver_layer_dag.py
[2025-10-21T19:43:31.326+0000] {logging_mixin.py:188} INFO - [2025-10-21T19:43:31.326+0000] {dag.py:3096} INFO - Sync 1 DAGs
[2025-10-21T19:43:31.343+0000] {logging_mixin.py:188} INFO - [2025-10-21T19:43:31.343+0000] {dag.py:3954} INFO - Setting next_dagrun for silver_layer_cleaning_pyspark to 2025-10-20 19:00:00+00:00, run_after=2025-10-21 19:00:00+00:00
[2025-10-21T19:43:31.358+0000] {processor.py:183} INFO - Processing /opt/airflow/dags/silver_layer_dag.py took 0.075 seconds
[2025-10-21T19:44:01.538+0000] {processor.py:161} INFO - Started process (PID=180) to work on /opt/airflow/dags/silver_layer_dag.py
[2025-10-21T19:44:01.539+0000] {processor.py:830} INFO - Processing file /opt/airflow/dags/silver_layer_dag.py for tasks to queue
[2025-10-21T19:44:01.540+0000] {logging_mixin.py:188} INFO - [2025-10-21T19:44:01.540+0000] {dagbag.py:540} INFO - Filling up the DagBag from /opt/airflow/dags/silver_layer_dag.py
[2025-10-21T19:44:01.556+0000] {processor.py:840} INFO - DAG(s) 'silver_layer_cleaning_pyspark' retrieved from /opt/airflow/dags/silver_layer_dag.py
[2025-10-21T19:44:01.573+0000] {logging_mixin.py:188} INFO - [2025-10-21T19:44:01.573+0000] {dag.py:3096} INFO - Sync 1 DAGs
[2025-10-21T19:44:01.590+0000] {logging_mixin.py:188} INFO - [2025-10-21T19:44:01.589+0000] {dag.py:3954} INFO - Setting next_dagrun for silver_layer_cleaning_pyspark to 2025-10-20 19:00:00+00:00, run_after=2025-10-21 19:00:00+00:00
[2025-10-21T19:44:01.604+0000] {processor.py:183} INFO - Processing /opt/airflow/dags/silver_layer_dag.py took 0.070 seconds
[2025-10-21T19:44:32.135+0000] {processor.py:161} INFO - Started process (PID=183) to work on /opt/airflow/dags/silver_layer_dag.py
[2025-10-21T19:44:32.136+0000] {processor.py:830} INFO - Processing file /opt/airflow/dags/silver_layer_dag.py for tasks to queue
[2025-10-21T19:44:32.137+0000] {logging_mixin.py:188} INFO - [2025-10-21T19:44:32.137+0000] {dagbag.py:540} INFO - Filling up the DagBag from /opt/airflow/dags/silver_layer_dag.py
[2025-10-21T19:44:32.155+0000] {processor.py:840} INFO - DAG(s) 'silver_layer_cleaning_pyspark' retrieved from /opt/airflow/dags/silver_layer_dag.py
[2025-10-21T19:44:32.175+0000] {logging_mixin.py:188} INFO - [2025-10-21T19:44:32.175+0000] {dag.py:3096} INFO - Sync 1 DAGs
[2025-10-21T19:44:32.196+0000] {logging_mixin.py:188} INFO - [2025-10-21T19:44:32.195+0000] {dag.py:3954} INFO - Setting next_dagrun for silver_layer_cleaning_pyspark to 2025-10-20 19:00:00+00:00, run_after=2025-10-21 19:00:00+00:00
[2025-10-21T19:44:32.211+0000] {processor.py:183} INFO - Processing /opt/airflow/dags/silver_layer_dag.py took 0.081 seconds
[2025-10-21T19:45:11.762+0000] {processor.py:161} INFO - Started process (PID=186) to work on /opt/airflow/dags/silver_layer_dag.py
[2025-10-21T19:45:11.763+0000] {processor.py:830} INFO - Processing file /opt/airflow/dags/silver_layer_dag.py for tasks to queue
[2025-10-21T19:45:11.765+0000] {logging_mixin.py:188} INFO - [2025-10-21T19:45:11.765+0000] {dagbag.py:540} INFO - Filling up the DagBag from /opt/airflow/dags/silver_layer_dag.py
[2025-10-21T19:45:11.783+0000] {processor.py:840} INFO - DAG(s) 'silver_layer_cleaning_pyspark' retrieved from /opt/airflow/dags/silver_layer_dag.py
[2025-10-21T19:45:11.804+0000] {logging_mixin.py:188} INFO - [2025-10-21T19:45:11.804+0000] {dag.py:3096} INFO - Sync 1 DAGs
[2025-10-21T19:45:11.823+0000] {logging_mixin.py:188} INFO - [2025-10-21T19:45:11.823+0000] {dag.py:3954} INFO - Setting next_dagrun for silver_layer_cleaning_pyspark to 2025-10-20 19:00:00+00:00, run_after=2025-10-21 19:00:00+00:00
[2025-10-21T19:45:11.846+0000] {processor.py:183} INFO - Processing /opt/airflow/dags/silver_layer_dag.py took 0.090 seconds
[2025-10-21T19:45:42.055+0000] {processor.py:161} INFO - Started process (PID=189) to work on /opt/airflow/dags/silver_layer_dag.py
[2025-10-21T19:45:42.057+0000] {processor.py:830} INFO - Processing file /opt/airflow/dags/silver_layer_dag.py for tasks to queue
[2025-10-21T19:45:42.059+0000] {logging_mixin.py:188} INFO - [2025-10-21T19:45:42.059+0000] {dagbag.py:540} INFO - Filling up the DagBag from /opt/airflow/dags/silver_layer_dag.py
[2025-10-21T19:45:42.079+0000] {processor.py:840} INFO - DAG(s) 'silver_layer_cleaning_pyspark' retrieved from /opt/airflow/dags/silver_layer_dag.py
[2025-10-21T19:45:42.101+0000] {logging_mixin.py:188} INFO - [2025-10-21T19:45:42.101+0000] {dag.py:3096} INFO - Sync 1 DAGs
[2025-10-21T19:45:42.122+0000] {logging_mixin.py:188} INFO - [2025-10-21T19:45:42.122+0000] {dag.py:3954} INFO - Setting next_dagrun for silver_layer_cleaning_pyspark to 2025-10-20 19:00:00+00:00, run_after=2025-10-21 19:00:00+00:00
[2025-10-21T19:45:42.139+0000] {processor.py:183} INFO - Processing /opt/airflow/dags/silver_layer_dag.py took 0.090 seconds
[2025-10-21T19:46:12.676+0000] {processor.py:161} INFO - Started process (PID=192) to work on /opt/airflow/dags/silver_layer_dag.py
[2025-10-21T19:46:12.677+0000] {processor.py:830} INFO - Processing file /opt/airflow/dags/silver_layer_dag.py for tasks to queue
[2025-10-21T19:46:12.680+0000] {logging_mixin.py:188} INFO - [2025-10-21T19:46:12.679+0000] {dagbag.py:540} INFO - Filling up the DagBag from /opt/airflow/dags/silver_layer_dag.py
[2025-10-21T19:46:12.698+0000] {processor.py:840} INFO - DAG(s) 'silver_layer_cleaning_pyspark' retrieved from /opt/airflow/dags/silver_layer_dag.py
[2025-10-21T19:46:12.720+0000] {logging_mixin.py:188} INFO - [2025-10-21T19:46:12.720+0000] {dag.py:3096} INFO - Sync 1 DAGs
[2025-10-21T19:46:12.744+0000] {logging_mixin.py:188} INFO - [2025-10-21T19:46:12.744+0000] {dag.py:3954} INFO - Setting next_dagrun for silver_layer_cleaning_pyspark to 2025-10-20 19:00:00+00:00, run_after=2025-10-21 19:00:00+00:00
[2025-10-21T19:46:12.767+0000] {processor.py:183} INFO - Processing /opt/airflow/dags/silver_layer_dag.py took 0.096 seconds
[2025-10-21T19:47:15.466+0000] {processor.py:161} INFO - Started process (PID=195) to work on /opt/airflow/dags/silver_layer_dag.py
[2025-10-21T19:47:15.466+0000] {processor.py:830} INFO - Processing file /opt/airflow/dags/silver_layer_dag.py for tasks to queue
[2025-10-21T19:47:15.468+0000] {logging_mixin.py:188} INFO - [2025-10-21T19:47:15.468+0000] {dagbag.py:540} INFO - Filling up the DagBag from /opt/airflow/dags/silver_layer_dag.py
[2025-10-21T19:47:15.485+0000] {processor.py:840} INFO - DAG(s) 'silver_layer_cleaning_pyspark' retrieved from /opt/airflow/dags/silver_layer_dag.py
[2025-10-21T19:47:15.505+0000] {logging_mixin.py:188} INFO - [2025-10-21T19:47:15.504+0000] {dag.py:3096} INFO - Sync 1 DAGs
[2025-10-21T19:47:15.523+0000] {logging_mixin.py:188} INFO - [2025-10-21T19:47:15.523+0000] {dag.py:3954} INFO - Setting next_dagrun for silver_layer_cleaning_pyspark to 2025-10-20 19:00:00+00:00, run_after=2025-10-21 19:00:00+00:00
[2025-10-21T19:47:15.539+0000] {processor.py:183} INFO - Processing /opt/airflow/dags/silver_layer_dag.py took 0.078 seconds
[2025-10-21T19:48:01.865+0000] {processor.py:161} INFO - Started process (PID=198) to work on /opt/airflow/dags/silver_layer_dag.py
[2025-10-21T19:48:01.866+0000] {processor.py:830} INFO - Processing file /opt/airflow/dags/silver_layer_dag.py for tasks to queue
[2025-10-21T19:48:01.868+0000] {logging_mixin.py:188} INFO - [2025-10-21T19:48:01.867+0000] {dagbag.py:540} INFO - Filling up the DagBag from /opt/airflow/dags/silver_layer_dag.py
[2025-10-21T19:48:01.885+0000] {processor.py:840} INFO - DAG(s) 'silver_layer_cleaning_pyspark' retrieved from /opt/airflow/dags/silver_layer_dag.py
[2025-10-21T19:48:01.904+0000] {logging_mixin.py:188} INFO - [2025-10-21T19:48:01.904+0000] {dag.py:3096} INFO - Sync 1 DAGs
[2025-10-21T19:48:01.922+0000] {logging_mixin.py:188} INFO - [2025-10-21T19:48:01.922+0000] {dag.py:3954} INFO - Setting next_dagrun for silver_layer_cleaning_pyspark to 2025-10-20 19:00:00+00:00, run_after=2025-10-21 19:00:00+00:00
[2025-10-21T19:48:01.937+0000] {processor.py:183} INFO - Processing /opt/airflow/dags/silver_layer_dag.py took 0.077 seconds
[2025-10-21T19:48:32.120+0000] {processor.py:161} INFO - Started process (PID=201) to work on /opt/airflow/dags/silver_layer_dag.py
[2025-10-21T19:48:32.120+0000] {processor.py:830} INFO - Processing file /opt/airflow/dags/silver_layer_dag.py for tasks to queue
[2025-10-21T19:48:32.122+0000] {logging_mixin.py:188} INFO - [2025-10-21T19:48:32.122+0000] {dagbag.py:540} INFO - Filling up the DagBag from /opt/airflow/dags/silver_layer_dag.py
[2025-10-21T19:48:32.138+0000] {processor.py:840} INFO - DAG(s) 'silver_layer_cleaning_pyspark' retrieved from /opt/airflow/dags/silver_layer_dag.py
[2025-10-21T19:48:32.155+0000] {logging_mixin.py:188} INFO - [2025-10-21T19:48:32.155+0000] {dag.py:3096} INFO - Sync 1 DAGs
[2025-10-21T19:48:32.172+0000] {logging_mixin.py:188} INFO - [2025-10-21T19:48:32.172+0000] {dag.py:3954} INFO - Setting next_dagrun for silver_layer_cleaning_pyspark to 2025-10-20 19:00:00+00:00, run_after=2025-10-21 19:00:00+00:00
[2025-10-21T19:48:32.185+0000] {processor.py:183} INFO - Processing /opt/airflow/dags/silver_layer_dag.py took 0.071 seconds
[2025-10-21T19:49:02.816+0000] {processor.py:161} INFO - Started process (PID=204) to work on /opt/airflow/dags/silver_layer_dag.py
[2025-10-21T19:49:02.817+0000] {processor.py:830} INFO - Processing file /opt/airflow/dags/silver_layer_dag.py for tasks to queue
[2025-10-21T19:49:02.819+0000] {logging_mixin.py:188} INFO - [2025-10-21T19:49:02.819+0000] {dagbag.py:540} INFO - Filling up the DagBag from /opt/airflow/dags/silver_layer_dag.py
[2025-10-21T19:49:02.836+0000] {processor.py:840} INFO - DAG(s) 'silver_layer_cleaning_pyspark' retrieved from /opt/airflow/dags/silver_layer_dag.py
[2025-10-21T19:49:02.855+0000] {logging_mixin.py:188} INFO - [2025-10-21T19:49:02.855+0000] {dag.py:3096} INFO - Sync 1 DAGs
[2025-10-21T19:49:02.873+0000] {logging_mixin.py:188} INFO - [2025-10-21T19:49:02.873+0000] {dag.py:3954} INFO - Setting next_dagrun for silver_layer_cleaning_pyspark to 2025-10-20 19:00:00+00:00, run_after=2025-10-21 19:00:00+00:00
[2025-10-21T19:49:02.888+0000] {processor.py:183} INFO - Processing /opt/airflow/dags/silver_layer_dag.py took 0.077 seconds
[2025-10-21T19:49:32.944+0000] {processor.py:161} INFO - Started process (PID=207) to work on /opt/airflow/dags/silver_layer_dag.py
[2025-10-21T19:49:32.945+0000] {processor.py:830} INFO - Processing file /opt/airflow/dags/silver_layer_dag.py for tasks to queue
[2025-10-21T19:49:32.947+0000] {logging_mixin.py:188} INFO - [2025-10-21T19:49:32.946+0000] {dagbag.py:540} INFO - Filling up the DagBag from /opt/airflow/dags/silver_layer_dag.py
[2025-10-21T19:49:32.965+0000] {processor.py:840} INFO - DAG(s) 'silver_layer_cleaning_pyspark' retrieved from /opt/airflow/dags/silver_layer_dag.py
[2025-10-21T19:49:32.984+0000] {logging_mixin.py:188} INFO - [2025-10-21T19:49:32.983+0000] {dag.py:3096} INFO - Sync 1 DAGs
[2025-10-21T19:49:33.001+0000] {logging_mixin.py:188} INFO - [2025-10-21T19:49:33.001+0000] {dag.py:3954} INFO - Setting next_dagrun for silver_layer_cleaning_pyspark to 2025-10-20 19:00:00+00:00, run_after=2025-10-21 19:00:00+00:00
[2025-10-21T19:49:33.017+0000] {processor.py:183} INFO - Processing /opt/airflow/dags/silver_layer_dag.py took 0.079 seconds
[2025-10-21T19:50:35.985+0000] {processor.py:161} INFO - Started process (PID=210) to work on /opt/airflow/dags/silver_layer_dag.py
[2025-10-21T19:50:35.986+0000] {processor.py:830} INFO - Processing file /opt/airflow/dags/silver_layer_dag.py for tasks to queue
[2025-10-21T19:50:35.988+0000] {logging_mixin.py:188} INFO - [2025-10-21T19:50:35.987+0000] {dagbag.py:540} INFO - Filling up the DagBag from /opt/airflow/dags/silver_layer_dag.py
[2025-10-21T19:50:36.006+0000] {processor.py:840} INFO - DAG(s) 'silver_layer_cleaning_pyspark' retrieved from /opt/airflow/dags/silver_layer_dag.py
[2025-10-21T19:50:36.025+0000] {logging_mixin.py:188} INFO - [2025-10-21T19:50:36.025+0000] {dag.py:3096} INFO - Sync 1 DAGs
[2025-10-21T19:50:36.042+0000] {logging_mixin.py:188} INFO - [2025-10-21T19:50:36.042+0000] {dag.py:3954} INFO - Setting next_dagrun for silver_layer_cleaning_pyspark to 2025-10-20 19:00:00+00:00, run_after=2025-10-21 19:00:00+00:00
[2025-10-21T19:50:36.057+0000] {processor.py:183} INFO - Processing /opt/airflow/dags/silver_layer_dag.py took 0.077 seconds
[2025-10-21T19:51:11.292+0000] {processor.py:161} INFO - Started process (PID=213) to work on /opt/airflow/dags/silver_layer_dag.py
[2025-10-21T19:51:11.293+0000] {processor.py:830} INFO - Processing file /opt/airflow/dags/silver_layer_dag.py for tasks to queue
[2025-10-21T19:51:11.297+0000] {logging_mixin.py:188} INFO - [2025-10-21T19:51:11.296+0000] {dagbag.py:540} INFO - Filling up the DagBag from /opt/airflow/dags/silver_layer_dag.py
[2025-10-21T19:51:11.316+0000] {processor.py:840} INFO - DAG(s) 'silver_layer_cleaning_pyspark' retrieved from /opt/airflow/dags/silver_layer_dag.py
[2025-10-21T19:51:11.339+0000] {logging_mixin.py:188} INFO - [2025-10-21T19:51:11.339+0000] {dag.py:3096} INFO - Sync 1 DAGs
[2025-10-21T19:51:11.361+0000] {logging_mixin.py:188} INFO - [2025-10-21T19:51:11.361+0000] {dag.py:3954} INFO - Setting next_dagrun for silver_layer_cleaning_pyspark to 2025-10-20 19:00:00+00:00, run_after=2025-10-21 19:00:00+00:00
[2025-10-21T19:51:11.378+0000] {processor.py:183} INFO - Processing /opt/airflow/dags/silver_layer_dag.py took 0.092 seconds
[2025-10-21T19:52:05.782+0000] {processor.py:161} INFO - Started process (PID=220) to work on /opt/airflow/dags/silver_layer_dag.py
[2025-10-21T19:52:05.783+0000] {processor.py:830} INFO - Processing file /opt/airflow/dags/silver_layer_dag.py for tasks to queue
[2025-10-21T19:52:05.785+0000] {logging_mixin.py:188} INFO - [2025-10-21T19:52:05.785+0000] {dagbag.py:540} INFO - Filling up the DagBag from /opt/airflow/dags/silver_layer_dag.py
[2025-10-21T19:52:05.803+0000] {processor.py:840} INFO - DAG(s) 'silver_layer_cleaning_pyspark' retrieved from /opt/airflow/dags/silver_layer_dag.py
[2025-10-21T19:52:05.824+0000] {logging_mixin.py:188} INFO - [2025-10-21T19:52:05.824+0000] {dag.py:3096} INFO - Sync 1 DAGs
[2025-10-21T19:52:05.858+0000] {processor.py:183} INFO - Processing /opt/airflow/dags/silver_layer_dag.py took 0.081 seconds
[2025-10-21T19:52:36.152+0000] {processor.py:161} INFO - Started process (PID=227) to work on /opt/airflow/dags/silver_layer_dag.py
[2025-10-21T19:52:36.154+0000] {processor.py:830} INFO - Processing file /opt/airflow/dags/silver_layer_dag.py for tasks to queue
[2025-10-21T19:52:36.157+0000] {logging_mixin.py:188} INFO - [2025-10-21T19:52:36.156+0000] {dagbag.py:540} INFO - Filling up the DagBag from /opt/airflow/dags/silver_layer_dag.py
[2025-10-21T19:52:36.182+0000] {processor.py:840} INFO - DAG(s) 'silver_layer_cleaning_pyspark' retrieved from /opt/airflow/dags/silver_layer_dag.py
[2025-10-21T19:52:36.212+0000] {logging_mixin.py:188} INFO - [2025-10-21T19:52:36.211+0000] {dag.py:3096} INFO - Sync 1 DAGs
[2025-10-21T19:52:36.259+0000] {processor.py:183} INFO - Processing /opt/airflow/dags/silver_layer_dag.py took 0.115 seconds
[2025-10-21T19:53:06.440+0000] {processor.py:161} INFO - Started process (PID=230) to work on /opt/airflow/dags/silver_layer_dag.py
[2025-10-21T19:53:06.441+0000] {processor.py:830} INFO - Processing file /opt/airflow/dags/silver_layer_dag.py for tasks to queue
[2025-10-21T19:53:06.443+0000] {logging_mixin.py:188} INFO - [2025-10-21T19:53:06.443+0000] {dagbag.py:540} INFO - Filling up the DagBag from /opt/airflow/dags/silver_layer_dag.py
[2025-10-21T19:53:06.461+0000] {processor.py:840} INFO - DAG(s) 'silver_layer_cleaning_pyspark' retrieved from /opt/airflow/dags/silver_layer_dag.py
[2025-10-21T19:53:06.483+0000] {logging_mixin.py:188} INFO - [2025-10-21T19:53:06.483+0000] {dag.py:3096} INFO - Sync 1 DAGs
[2025-10-21T19:53:06.515+0000] {processor.py:183} INFO - Processing /opt/airflow/dags/silver_layer_dag.py took 0.081 seconds
[2025-10-21T19:53:36.573+0000] {processor.py:161} INFO - Started process (PID=233) to work on /opt/airflow/dags/silver_layer_dag.py
[2025-10-21T19:53:36.574+0000] {processor.py:830} INFO - Processing file /opt/airflow/dags/silver_layer_dag.py for tasks to queue
[2025-10-21T19:53:36.576+0000] {logging_mixin.py:188} INFO - [2025-10-21T19:53:36.576+0000] {dagbag.py:540} INFO - Filling up the DagBag from /opt/airflow/dags/silver_layer_dag.py
[2025-10-21T19:53:36.593+0000] {processor.py:840} INFO - DAG(s) 'silver_layer_cleaning_pyspark' retrieved from /opt/airflow/dags/silver_layer_dag.py
[2025-10-21T19:53:36.613+0000] {logging_mixin.py:188} INFO - [2025-10-21T19:53:36.613+0000] {dag.py:3096} INFO - Sync 1 DAGs
[2025-10-21T19:53:36.644+0000] {processor.py:183} INFO - Processing /opt/airflow/dags/silver_layer_dag.py took 0.076 seconds
[2025-10-21T19:54:07.455+0000] {processor.py:161} INFO - Started process (PID=236) to work on /opt/airflow/dags/silver_layer_dag.py
[2025-10-21T19:54:07.456+0000] {processor.py:830} INFO - Processing file /opt/airflow/dags/silver_layer_dag.py for tasks to queue
[2025-10-21T19:54:07.458+0000] {logging_mixin.py:188} INFO - [2025-10-21T19:54:07.458+0000] {dagbag.py:540} INFO - Filling up the DagBag from /opt/airflow/dags/silver_layer_dag.py
[2025-10-21T19:54:07.482+0000] {processor.py:840} INFO - DAG(s) 'silver_layer_cleaning_pyspark' retrieved from /opt/airflow/dags/silver_layer_dag.py
[2025-10-21T19:54:07.505+0000] {logging_mixin.py:188} INFO - [2025-10-21T19:54:07.505+0000] {dag.py:3096} INFO - Sync 1 DAGs
[2025-10-21T19:54:07.540+0000] {processor.py:183} INFO - Processing /opt/airflow/dags/silver_layer_dag.py took 0.090 seconds
[2025-10-21T19:54:37.684+0000] {processor.py:161} INFO - Started process (PID=240) to work on /opt/airflow/dags/silver_layer_dag.py
[2025-10-21T19:54:37.684+0000] {processor.py:830} INFO - Processing file /opt/airflow/dags/silver_layer_dag.py for tasks to queue
[2025-10-21T19:54:37.686+0000] {logging_mixin.py:188} INFO - [2025-10-21T19:54:37.686+0000] {dagbag.py:540} INFO - Filling up the DagBag from /opt/airflow/dags/silver_layer_dag.py
[2025-10-21T19:54:37.702+0000] {processor.py:840} INFO - DAG(s) 'silver_layer_cleaning_pyspark' retrieved from /opt/airflow/dags/silver_layer_dag.py
[2025-10-21T19:54:37.721+0000] {logging_mixin.py:188} INFO - [2025-10-21T19:54:37.721+0000] {dag.py:3096} INFO - Sync 1 DAGs
[2025-10-21T19:54:37.751+0000] {processor.py:183} INFO - Processing /opt/airflow/dags/silver_layer_dag.py took 0.072 seconds
[2025-10-21T19:55:42.489+0000] {processor.py:161} INFO - Started process (PID=242) to work on /opt/airflow/dags/silver_layer_dag.py
[2025-10-21T19:55:42.490+0000] {processor.py:830} INFO - Processing file /opt/airflow/dags/silver_layer_dag.py for tasks to queue
[2025-10-21T19:55:42.492+0000] {logging_mixin.py:188} INFO - [2025-10-21T19:55:42.492+0000] {dagbag.py:540} INFO - Filling up the DagBag from /opt/airflow/dags/silver_layer_dag.py
[2025-10-21T19:55:42.512+0000] {processor.py:840} INFO - DAG(s) 'silver_layer_cleaning_pyspark' retrieved from /opt/airflow/dags/silver_layer_dag.py
[2025-10-21T19:55:42.533+0000] {logging_mixin.py:188} INFO - [2025-10-21T19:55:42.533+0000] {dag.py:3096} INFO - Sync 1 DAGs
[2025-10-21T19:55:42.567+0000] {processor.py:183} INFO - Processing /opt/airflow/dags/silver_layer_dag.py took 0.083 seconds
[2025-10-21T19:56:13.423+0000] {processor.py:161} INFO - Started process (PID=245) to work on /opt/airflow/dags/silver_layer_dag.py
[2025-10-21T19:56:13.424+0000] {processor.py:830} INFO - Processing file /opt/airflow/dags/silver_layer_dag.py for tasks to queue
[2025-10-21T19:56:13.426+0000] {logging_mixin.py:188} INFO - [2025-10-21T19:56:13.426+0000] {dagbag.py:540} INFO - Filling up the DagBag from /opt/airflow/dags/silver_layer_dag.py
[2025-10-21T19:56:13.443+0000] {processor.py:840} INFO - DAG(s) 'silver_layer_cleaning_pyspark' retrieved from /opt/airflow/dags/silver_layer_dag.py
[2025-10-21T19:56:13.463+0000] {logging_mixin.py:188} INFO - [2025-10-21T19:56:13.463+0000] {dag.py:3096} INFO - Sync 1 DAGs
[2025-10-21T19:56:13.495+0000] {processor.py:183} INFO - Processing /opt/airflow/dags/silver_layer_dag.py took 0.078 seconds
[2025-10-21T19:56:43.716+0000] {processor.py:161} INFO - Started process (PID=248) to work on /opt/airflow/dags/silver_layer_dag.py
[2025-10-21T19:56:43.718+0000] {processor.py:830} INFO - Processing file /opt/airflow/dags/silver_layer_dag.py for tasks to queue
[2025-10-21T19:56:43.721+0000] {logging_mixin.py:188} INFO - [2025-10-21T19:56:43.721+0000] {dagbag.py:540} INFO - Filling up the DagBag from /opt/airflow/dags/silver_layer_dag.py
[2025-10-21T19:56:43.756+0000] {processor.py:840} INFO - DAG(s) 'silver_layer_cleaning_pyspark' retrieved from /opt/airflow/dags/silver_layer_dag.py
[2025-10-21T19:56:43.791+0000] {logging_mixin.py:188} INFO - [2025-10-21T19:56:43.791+0000] {dag.py:3096} INFO - Sync 1 DAGs
[2025-10-21T19:56:43.838+0000] {processor.py:183} INFO - Processing /opt/airflow/dags/silver_layer_dag.py took 0.131 seconds
[2025-10-21T19:57:14.052+0000] {processor.py:161} INFO - Started process (PID=251) to work on /opt/airflow/dags/silver_layer_dag.py
[2025-10-21T19:57:14.053+0000] {processor.py:830} INFO - Processing file /opt/airflow/dags/silver_layer_dag.py for tasks to queue
[2025-10-21T19:57:14.055+0000] {logging_mixin.py:188} INFO - [2025-10-21T19:57:14.055+0000] {dagbag.py:540} INFO - Filling up the DagBag from /opt/airflow/dags/silver_layer_dag.py
[2025-10-21T19:57:14.072+0000] {processor.py:840} INFO - DAG(s) 'silver_layer_cleaning_pyspark' retrieved from /opt/airflow/dags/silver_layer_dag.py
[2025-10-21T19:57:14.093+0000] {logging_mixin.py:188} INFO - [2025-10-21T19:57:14.093+0000] {dag.py:3096} INFO - Sync 1 DAGs
[2025-10-21T19:57:14.126+0000] {processor.py:183} INFO - Processing /opt/airflow/dags/silver_layer_dag.py took 0.079 seconds
[2025-10-21T19:57:44.388+0000] {processor.py:161} INFO - Started process (PID=254) to work on /opt/airflow/dags/silver_layer_dag.py
[2025-10-21T19:57:44.389+0000] {processor.py:830} INFO - Processing file /opt/airflow/dags/silver_layer_dag.py for tasks to queue
[2025-10-21T19:57:44.391+0000] {logging_mixin.py:188} INFO - [2025-10-21T19:57:44.390+0000] {dagbag.py:540} INFO - Filling up the DagBag from /opt/airflow/dags/silver_layer_dag.py
[2025-10-21T19:57:44.409+0000] {processor.py:840} INFO - DAG(s) 'silver_layer_cleaning_pyspark' retrieved from /opt/airflow/dags/silver_layer_dag.py
[2025-10-21T19:57:44.429+0000] {logging_mixin.py:188} INFO - [2025-10-21T19:57:44.429+0000] {dag.py:3096} INFO - Sync 1 DAGs
[2025-10-21T19:57:44.462+0000] {processor.py:183} INFO - Processing /opt/airflow/dags/silver_layer_dag.py took 0.080 seconds
[2025-10-21T19:58:14.668+0000] {processor.py:161} INFO - Started process (PID=257) to work on /opt/airflow/dags/silver_layer_dag.py
[2025-10-21T19:58:14.669+0000] {processor.py:830} INFO - Processing file /opt/airflow/dags/silver_layer_dag.py for tasks to queue
[2025-10-21T19:58:14.671+0000] {logging_mixin.py:188} INFO - [2025-10-21T19:58:14.670+0000] {dagbag.py:540} INFO - Filling up the DagBag from /opt/airflow/dags/silver_layer_dag.py
[2025-10-21T19:58:14.690+0000] {processor.py:840} INFO - DAG(s) 'silver_layer_cleaning_pyspark' retrieved from /opt/airflow/dags/silver_layer_dag.py
[2025-10-21T19:58:14.711+0000] {logging_mixin.py:188} INFO - [2025-10-21T19:58:14.711+0000] {dag.py:3096} INFO - Sync 1 DAGs
[2025-10-21T19:58:14.745+0000] {processor.py:183} INFO - Processing /opt/airflow/dags/silver_layer_dag.py took 0.084 seconds
[2025-10-21T19:58:44.954+0000] {processor.py:161} INFO - Started process (PID=260) to work on /opt/airflow/dags/silver_layer_dag.py
[2025-10-21T19:58:44.955+0000] {processor.py:830} INFO - Processing file /opt/airflow/dags/silver_layer_dag.py for tasks to queue
[2025-10-21T19:58:44.957+0000] {logging_mixin.py:188} INFO - [2025-10-21T19:58:44.956+0000] {dagbag.py:540} INFO - Filling up the DagBag from /opt/airflow/dags/silver_layer_dag.py
[2025-10-21T19:58:44.975+0000] {processor.py:840} INFO - DAG(s) 'silver_layer_cleaning_pyspark' retrieved from /opt/airflow/dags/silver_layer_dag.py
[2025-10-21T19:58:44.995+0000] {logging_mixin.py:188} INFO - [2025-10-21T19:58:44.994+0000] {dag.py:3096} INFO - Sync 1 DAGs
[2025-10-21T19:58:45.026+0000] {processor.py:183} INFO - Processing /opt/airflow/dags/silver_layer_dag.py took 0.077 seconds
[2025-10-21T19:59:15.233+0000] {processor.py:161} INFO - Started process (PID=263) to work on /opt/airflow/dags/silver_layer_dag.py
[2025-10-21T19:59:15.234+0000] {processor.py:830} INFO - Processing file /opt/airflow/dags/silver_layer_dag.py for tasks to queue
[2025-10-21T19:59:15.235+0000] {logging_mixin.py:188} INFO - [2025-10-21T19:59:15.235+0000] {dagbag.py:540} INFO - Filling up the DagBag from /opt/airflow/dags/silver_layer_dag.py
[2025-10-21T19:59:15.254+0000] {processor.py:840} INFO - DAG(s) 'silver_layer_cleaning_pyspark' retrieved from /opt/airflow/dags/silver_layer_dag.py
[2025-10-21T19:59:15.277+0000] {logging_mixin.py:188} INFO - [2025-10-21T19:59:15.277+0000] {dag.py:3096} INFO - Sync 1 DAGs
[2025-10-21T19:59:15.311+0000] {processor.py:183} INFO - Processing /opt/airflow/dags/silver_layer_dag.py took 0.084 seconds
[2025-10-21T20:00:09.981+0000] {processor.py:161} INFO - Started process (PID=266) to work on /opt/airflow/dags/silver_layer_dag.py
[2025-10-21T20:00:09.982+0000] {processor.py:830} INFO - Processing file /opt/airflow/dags/silver_layer_dag.py for tasks to queue
[2025-10-21T20:00:09.985+0000] {logging_mixin.py:188} INFO - [2025-10-21T20:00:09.984+0000] {dagbag.py:540} INFO - Filling up the DagBag from /opt/airflow/dags/silver_layer_dag.py
[2025-10-21T20:00:10.006+0000] {processor.py:840} INFO - DAG(s) 'silver_layer_cleaning_pyspark' retrieved from /opt/airflow/dags/silver_layer_dag.py
[2025-10-21T20:00:10.027+0000] {logging_mixin.py:188} INFO - [2025-10-21T20:00:10.027+0000] {dag.py:3096} INFO - Sync 1 DAGs
[2025-10-21T20:00:10.064+0000] {processor.py:183} INFO - Processing /opt/airflow/dags/silver_layer_dag.py took 0.088 seconds
[2025-10-21T20:00:59.324+0000] {processor.py:161} INFO - Started process (PID=269) to work on /opt/airflow/dags/silver_layer_dag.py
[2025-10-21T20:00:59.325+0000] {processor.py:830} INFO - Processing file /opt/airflow/dags/silver_layer_dag.py for tasks to queue
[2025-10-21T20:00:59.327+0000] {logging_mixin.py:188} INFO - [2025-10-21T20:00:59.326+0000] {dagbag.py:540} INFO - Filling up the DagBag from /opt/airflow/dags/silver_layer_dag.py
[2025-10-21T20:00:59.343+0000] {processor.py:840} INFO - DAG(s) 'silver_layer_cleaning_pyspark' retrieved from /opt/airflow/dags/silver_layer_dag.py
[2025-10-21T20:00:59.363+0000] {logging_mixin.py:188} INFO - [2025-10-21T20:00:59.363+0000] {dag.py:3096} INFO - Sync 1 DAGs
[2025-10-21T20:00:59.397+0000] {processor.py:183} INFO - Processing /opt/airflow/dags/silver_layer_dag.py took 0.078 seconds
[2025-10-21T20:02:00.457+0000] {processor.py:161} INFO - Started process (PID=272) to work on /opt/airflow/dags/silver_layer_dag.py
[2025-10-21T20:02:00.458+0000] {processor.py:830} INFO - Processing file /opt/airflow/dags/silver_layer_dag.py for tasks to queue
[2025-10-21T20:02:00.460+0000] {logging_mixin.py:188} INFO - [2025-10-21T20:02:00.460+0000] {dagbag.py:540} INFO - Filling up the DagBag from /opt/airflow/dags/silver_layer_dag.py
[2025-10-21T20:02:00.478+0000] {processor.py:840} INFO - DAG(s) 'silver_layer_cleaning_pyspark' retrieved from /opt/airflow/dags/silver_layer_dag.py
[2025-10-21T20:02:00.498+0000] {logging_mixin.py:188} INFO - [2025-10-21T20:02:00.498+0000] {dag.py:3096} INFO - Sync 1 DAGs
[2025-10-21T20:02:00.531+0000] {processor.py:183} INFO - Processing /opt/airflow/dags/silver_layer_dag.py took 0.079 seconds
[2025-10-21T20:02:31.945+0000] {processor.py:161} INFO - Started process (PID=275) to work on /opt/airflow/dags/silver_layer_dag.py
[2025-10-21T20:02:31.945+0000] {processor.py:830} INFO - Processing file /opt/airflow/dags/silver_layer_dag.py for tasks to queue
[2025-10-21T20:02:31.947+0000] {logging_mixin.py:188} INFO - [2025-10-21T20:02:31.947+0000] {dagbag.py:540} INFO - Filling up the DagBag from /opt/airflow/dags/silver_layer_dag.py
[2025-10-21T20:02:31.963+0000] {processor.py:840} INFO - DAG(s) 'silver_layer_cleaning_pyspark' retrieved from /opt/airflow/dags/silver_layer_dag.py
[2025-10-21T20:02:31.981+0000] {logging_mixin.py:188} INFO - [2025-10-21T20:02:31.981+0000] {dag.py:3096} INFO - Sync 1 DAGs
[2025-10-21T20:02:32.010+0000] {processor.py:183} INFO - Processing /opt/airflow/dags/silver_layer_dag.py took 0.071 seconds
[2025-10-21T20:03:03.915+0000] {processor.py:161} INFO - Started process (PID=278) to work on /opt/airflow/dags/silver_layer_dag.py
[2025-10-21T20:03:03.916+0000] {processor.py:830} INFO - Processing file /opt/airflow/dags/silver_layer_dag.py for tasks to queue
[2025-10-21T20:03:03.918+0000] {logging_mixin.py:188} INFO - [2025-10-21T20:03:03.918+0000] {dagbag.py:540} INFO - Filling up the DagBag from /opt/airflow/dags/silver_layer_dag.py
[2025-10-21T20:03:03.937+0000] {processor.py:840} INFO - DAG(s) 'silver_layer_cleaning_pyspark' retrieved from /opt/airflow/dags/silver_layer_dag.py
[2025-10-21T20:03:03.957+0000] {logging_mixin.py:188} INFO - [2025-10-21T20:03:03.957+0000] {dag.py:3096} INFO - Sync 1 DAGs
[2025-10-21T20:03:03.986+0000] {processor.py:183} INFO - Processing /opt/airflow/dags/silver_layer_dag.py took 0.076 seconds
[2025-10-21T20:03:36.884+0000] {processor.py:161} INFO - Started process (PID=281) to work on /opt/airflow/dags/silver_layer_dag.py
[2025-10-21T20:03:36.885+0000] {processor.py:830} INFO - Processing file /opt/airflow/dags/silver_layer_dag.py for tasks to queue
[2025-10-21T20:03:36.887+0000] {logging_mixin.py:188} INFO - [2025-10-21T20:03:36.887+0000] {dagbag.py:540} INFO - Filling up the DagBag from /opt/airflow/dags/silver_layer_dag.py
[2025-10-21T20:03:36.907+0000] {processor.py:840} INFO - DAG(s) 'silver_layer_cleaning_pyspark' retrieved from /opt/airflow/dags/silver_layer_dag.py
[2025-10-21T20:03:36.926+0000] {logging_mixin.py:188} INFO - [2025-10-21T20:03:36.925+0000] {dag.py:3096} INFO - Sync 1 DAGs
[2025-10-21T20:03:36.956+0000] {processor.py:183} INFO - Processing /opt/airflow/dags/silver_layer_dag.py took 0.078 seconds
[2025-10-21T20:04:09.856+0000] {processor.py:161} INFO - Started process (PID=284) to work on /opt/airflow/dags/silver_layer_dag.py
[2025-10-21T20:04:09.857+0000] {processor.py:830} INFO - Processing file /opt/airflow/dags/silver_layer_dag.py for tasks to queue
[2025-10-21T20:04:09.859+0000] {logging_mixin.py:188} INFO - [2025-10-21T20:04:09.858+0000] {dagbag.py:540} INFO - Filling up the DagBag from /opt/airflow/dags/silver_layer_dag.py
[2025-10-21T20:04:09.874+0000] {processor.py:840} INFO - DAG(s) 'silver_layer_cleaning_pyspark' retrieved from /opt/airflow/dags/silver_layer_dag.py
[2025-10-21T20:04:09.894+0000] {logging_mixin.py:188} INFO - [2025-10-21T20:04:09.893+0000] {dag.py:3096} INFO - Sync 1 DAGs
[2025-10-21T20:04:09.924+0000] {processor.py:183} INFO - Processing /opt/airflow/dags/silver_layer_dag.py took 0.073 seconds
[2025-10-21T20:04:40.849+0000] {processor.py:161} INFO - Started process (PID=287) to work on /opt/airflow/dags/silver_layer_dag.py
[2025-10-21T20:04:40.850+0000] {processor.py:830} INFO - Processing file /opt/airflow/dags/silver_layer_dag.py for tasks to queue
[2025-10-21T20:04:40.852+0000] {logging_mixin.py:188} INFO - [2025-10-21T20:04:40.852+0000] {dagbag.py:540} INFO - Filling up the DagBag from /opt/airflow/dags/silver_layer_dag.py
[2025-10-21T20:04:40.871+0000] {processor.py:840} INFO - DAG(s) 'silver_layer_cleaning_pyspark' retrieved from /opt/airflow/dags/silver_layer_dag.py
[2025-10-21T20:04:40.891+0000] {logging_mixin.py:188} INFO - [2025-10-21T20:04:40.891+0000] {dag.py:3096} INFO - Sync 1 DAGs
[2025-10-21T20:04:40.923+0000] {processor.py:183} INFO - Processing /opt/airflow/dags/silver_layer_dag.py took 0.079 seconds
[2025-10-21T20:05:20.524+0000] {processor.py:161} INFO - Started process (PID=290) to work on /opt/airflow/dags/silver_layer_dag.py
[2025-10-21T20:05:20.525+0000] {processor.py:830} INFO - Processing file /opt/airflow/dags/silver_layer_dag.py for tasks to queue
[2025-10-21T20:05:20.526+0000] {logging_mixin.py:188} INFO - [2025-10-21T20:05:20.526+0000] {dagbag.py:540} INFO - Filling up the DagBag from /opt/airflow/dags/silver_layer_dag.py
[2025-10-21T20:05:20.544+0000] {processor.py:840} INFO - DAG(s) 'silver_layer_cleaning_pyspark' retrieved from /opt/airflow/dags/silver_layer_dag.py
[2025-10-21T20:05:20.563+0000] {logging_mixin.py:188} INFO - [2025-10-21T20:05:20.563+0000] {dag.py:3096} INFO - Sync 1 DAGs
[2025-10-21T20:05:20.595+0000] {processor.py:183} INFO - Processing /opt/airflow/dags/silver_layer_dag.py took 0.076 seconds
[2025-10-21T20:05:51.448+0000] {processor.py:161} INFO - Started process (PID=293) to work on /opt/airflow/dags/silver_layer_dag.py
[2025-10-21T20:05:51.448+0000] {processor.py:830} INFO - Processing file /opt/airflow/dags/silver_layer_dag.py for tasks to queue
[2025-10-21T20:05:51.450+0000] {logging_mixin.py:188} INFO - [2025-10-21T20:05:51.450+0000] {dagbag.py:540} INFO - Filling up the DagBag from /opt/airflow/dags/silver_layer_dag.py
[2025-10-21T20:05:51.468+0000] {processor.py:840} INFO - DAG(s) 'silver_layer_cleaning_pyspark' retrieved from /opt/airflow/dags/silver_layer_dag.py
[2025-10-21T20:05:51.488+0000] {logging_mixin.py:188} INFO - [2025-10-21T20:05:51.487+0000] {dag.py:3096} INFO - Sync 1 DAGs
[2025-10-21T20:05:51.520+0000] {processor.py:183} INFO - Processing /opt/airflow/dags/silver_layer_dag.py took 0.077 seconds
[2025-10-21T20:06:21.720+0000] {processor.py:161} INFO - Started process (PID=296) to work on /opt/airflow/dags/silver_layer_dag.py
[2025-10-21T20:06:21.721+0000] {processor.py:830} INFO - Processing file /opt/airflow/dags/silver_layer_dag.py for tasks to queue
[2025-10-21T20:06:21.723+0000] {logging_mixin.py:188} INFO - [2025-10-21T20:06:21.723+0000] {dagbag.py:540} INFO - Filling up the DagBag from /opt/airflow/dags/silver_layer_dag.py
[2025-10-21T20:06:21.742+0000] {processor.py:840} INFO - DAG(s) 'silver_layer_cleaning_pyspark' retrieved from /opt/airflow/dags/silver_layer_dag.py
[2025-10-21T20:06:21.762+0000] {logging_mixin.py:188} INFO - [2025-10-21T20:06:21.762+0000] {dag.py:3096} INFO - Sync 1 DAGs
[2025-10-21T20:06:21.794+0000] {processor.py:183} INFO - Processing /opt/airflow/dags/silver_layer_dag.py took 0.079 seconds
[2025-10-21T20:06:52.000+0000] {processor.py:161} INFO - Started process (PID=299) to work on /opt/airflow/dags/silver_layer_dag.py
[2025-10-21T20:06:52.002+0000] {processor.py:830} INFO - Processing file /opt/airflow/dags/silver_layer_dag.py for tasks to queue
[2025-10-21T20:06:52.004+0000] {logging_mixin.py:188} INFO - [2025-10-21T20:06:52.004+0000] {dagbag.py:540} INFO - Filling up the DagBag from /opt/airflow/dags/silver_layer_dag.py
[2025-10-21T20:06:52.027+0000] {processor.py:840} INFO - DAG(s) 'silver_layer_cleaning_pyspark' retrieved from /opt/airflow/dags/silver_layer_dag.py
[2025-10-21T20:06:52.049+0000] {logging_mixin.py:188} INFO - [2025-10-21T20:06:52.049+0000] {dag.py:3096} INFO - Sync 1 DAGs
[2025-10-21T20:06:52.083+0000] {processor.py:183} INFO - Processing /opt/airflow/dags/silver_layer_dag.py took 0.090 seconds
[2025-10-21T20:07:50.859+0000] {processor.py:161} INFO - Started process (PID=302) to work on /opt/airflow/dags/silver_layer_dag.py
[2025-10-21T20:07:50.859+0000] {processor.py:830} INFO - Processing file /opt/airflow/dags/silver_layer_dag.py for tasks to queue
[2025-10-21T20:07:50.862+0000] {logging_mixin.py:188} INFO - [2025-10-21T20:07:50.861+0000] {dagbag.py:540} INFO - Filling up the DagBag from /opt/airflow/dags/silver_layer_dag.py
[2025-10-21T20:07:50.881+0000] {processor.py:840} INFO - DAG(s) 'silver_layer_cleaning_pyspark' retrieved from /opt/airflow/dags/silver_layer_dag.py
[2025-10-21T20:07:50.901+0000] {logging_mixin.py:188} INFO - [2025-10-21T20:07:50.901+0000] {dag.py:3096} INFO - Sync 1 DAGs
[2025-10-21T20:07:50.934+0000] {processor.py:183} INFO - Processing /opt/airflow/dags/silver_layer_dag.py took 0.082 seconds
[2025-10-21T20:08:21.786+0000] {processor.py:161} INFO - Started process (PID=305) to work on /opt/airflow/dags/silver_layer_dag.py
[2025-10-21T20:08:21.787+0000] {processor.py:830} INFO - Processing file /opt/airflow/dags/silver_layer_dag.py for tasks to queue
[2025-10-21T20:08:21.789+0000] {logging_mixin.py:188} INFO - [2025-10-21T20:08:21.788+0000] {dagbag.py:540} INFO - Filling up the DagBag from /opt/airflow/dags/silver_layer_dag.py
[2025-10-21T20:08:21.809+0000] {processor.py:840} INFO - DAG(s) 'silver_layer_cleaning_pyspark' retrieved from /opt/airflow/dags/silver_layer_dag.py
[2025-10-21T20:08:21.831+0000] {logging_mixin.py:188} INFO - [2025-10-21T20:08:21.831+0000] {dag.py:3096} INFO - Sync 1 DAGs
[2025-10-21T20:08:21.866+0000] {processor.py:183} INFO - Processing /opt/airflow/dags/silver_layer_dag.py took 0.085 seconds
[2025-10-21T20:08:52.069+0000] {processor.py:161} INFO - Started process (PID=308) to work on /opt/airflow/dags/silver_layer_dag.py
[2025-10-21T20:08:52.070+0000] {processor.py:830} INFO - Processing file /opt/airflow/dags/silver_layer_dag.py for tasks to queue
[2025-10-21T20:08:52.071+0000] {logging_mixin.py:188} INFO - [2025-10-21T20:08:52.071+0000] {dagbag.py:540} INFO - Filling up the DagBag from /opt/airflow/dags/silver_layer_dag.py
[2025-10-21T20:08:52.088+0000] {processor.py:840} INFO - DAG(s) 'silver_layer_cleaning_pyspark' retrieved from /opt/airflow/dags/silver_layer_dag.py
[2025-10-21T20:08:52.107+0000] {logging_mixin.py:188} INFO - [2025-10-21T20:08:52.107+0000] {dag.py:3096} INFO - Sync 1 DAGs
[2025-10-21T20:08:52.139+0000] {processor.py:183} INFO - Processing /opt/airflow/dags/silver_layer_dag.py took 0.075 seconds
[2025-10-21T20:09:33.762+0000] {processor.py:161} INFO - Started process (PID=311) to work on /opt/airflow/dags/silver_layer_dag.py
[2025-10-21T20:09:33.763+0000] {processor.py:830} INFO - Processing file /opt/airflow/dags/silver_layer_dag.py for tasks to queue
[2025-10-21T20:09:33.765+0000] {logging_mixin.py:188} INFO - [2025-10-21T20:09:33.765+0000] {dagbag.py:540} INFO - Filling up the DagBag from /opt/airflow/dags/silver_layer_dag.py
[2025-10-21T20:09:33.784+0000] {processor.py:840} INFO - DAG(s) 'silver_layer_cleaning_pyspark' retrieved from /opt/airflow/dags/silver_layer_dag.py
[2025-10-21T20:09:33.807+0000] {logging_mixin.py:188} INFO - [2025-10-21T20:09:33.807+0000] {dag.py:3096} INFO - Sync 1 DAGs
[2025-10-21T20:09:33.847+0000] {processor.py:183} INFO - Processing /opt/airflow/dags/silver_layer_dag.py took 0.091 seconds
[2025-10-21T20:10:04.048+0000] {processor.py:161} INFO - Started process (PID=314) to work on /opt/airflow/dags/silver_layer_dag.py
[2025-10-21T20:10:04.049+0000] {processor.py:830} INFO - Processing file /opt/airflow/dags/silver_layer_dag.py for tasks to queue
[2025-10-21T20:10:04.051+0000] {logging_mixin.py:188} INFO - [2025-10-21T20:10:04.051+0000] {dagbag.py:540} INFO - Filling up the DagBag from /opt/airflow/dags/silver_layer_dag.py
[2025-10-21T20:10:04.067+0000] {processor.py:840} INFO - DAG(s) 'silver_layer_cleaning_pyspark' retrieved from /opt/airflow/dags/silver_layer_dag.py
[2025-10-21T20:10:04.085+0000] {logging_mixin.py:188} INFO - [2025-10-21T20:10:04.084+0000] {dag.py:3096} INFO - Sync 1 DAGs
[2025-10-21T20:10:04.113+0000] {processor.py:183} INFO - Processing /opt/airflow/dags/silver_layer_dag.py took 0.069 seconds
[2025-10-21T20:10:34.532+0000] {processor.py:161} INFO - Started process (PID=317) to work on /opt/airflow/dags/silver_layer_dag.py
[2025-10-21T20:10:34.533+0000] {processor.py:830} INFO - Processing file /opt/airflow/dags/silver_layer_dag.py for tasks to queue
[2025-10-21T20:10:34.535+0000] {logging_mixin.py:188} INFO - [2025-10-21T20:10:34.535+0000] {dagbag.py:540} INFO - Filling up the DagBag from /opt/airflow/dags/silver_layer_dag.py
[2025-10-21T20:10:34.555+0000] {processor.py:840} INFO - DAG(s) 'silver_layer_cleaning_pyspark' retrieved from /opt/airflow/dags/silver_layer_dag.py
[2025-10-21T20:10:34.575+0000] {logging_mixin.py:188} INFO - [2025-10-21T20:10:34.575+0000] {dag.py:3096} INFO - Sync 1 DAGs
[2025-10-21T20:10:34.608+0000] {processor.py:183} INFO - Processing /opt/airflow/dags/silver_layer_dag.py took 0.082 seconds
[2025-10-21T20:11:24.635+0000] {processor.py:161} INFO - Started process (PID=320) to work on /opt/airflow/dags/silver_layer_dag.py
[2025-10-21T20:11:24.636+0000] {processor.py:830} INFO - Processing file /opt/airflow/dags/silver_layer_dag.py for tasks to queue
[2025-10-21T20:11:24.638+0000] {logging_mixin.py:188} INFO - [2025-10-21T20:11:24.638+0000] {dagbag.py:540} INFO - Filling up the DagBag from /opt/airflow/dags/silver_layer_dag.py
[2025-10-21T20:11:24.660+0000] {processor.py:840} INFO - DAG(s) 'silver_layer_cleaning_pyspark' retrieved from /opt/airflow/dags/silver_layer_dag.py
[2025-10-21T20:11:24.685+0000] {logging_mixin.py:188} INFO - [2025-10-21T20:11:24.685+0000] {dag.py:3096} INFO - Sync 1 DAGs
[2025-10-21T20:11:24.720+0000] {processor.py:183} INFO - Processing /opt/airflow/dags/silver_layer_dag.py took 0.091 seconds
[2025-10-21T20:11:54.922+0000] {processor.py:161} INFO - Started process (PID=323) to work on /opt/airflow/dags/silver_layer_dag.py
[2025-10-21T20:11:54.923+0000] {processor.py:830} INFO - Processing file /opt/airflow/dags/silver_layer_dag.py for tasks to queue
[2025-10-21T20:11:54.925+0000] {logging_mixin.py:188} INFO - [2025-10-21T20:11:54.925+0000] {dagbag.py:540} INFO - Filling up the DagBag from /opt/airflow/dags/silver_layer_dag.py
[2025-10-21T20:11:54.943+0000] {processor.py:840} INFO - DAG(s) 'silver_layer_cleaning_pyspark' retrieved from /opt/airflow/dags/silver_layer_dag.py
[2025-10-21T20:11:54.963+0000] {logging_mixin.py:188} INFO - [2025-10-21T20:11:54.962+0000] {dag.py:3096} INFO - Sync 1 DAGs
[2025-10-21T20:11:54.995+0000] {processor.py:183} INFO - Processing /opt/airflow/dags/silver_layer_dag.py took 0.078 seconds
[2025-10-21T20:12:25.691+0000] {processor.py:161} INFO - Started process (PID=326) to work on /opt/airflow/dags/silver_layer_dag.py
[2025-10-21T20:12:25.692+0000] {processor.py:830} INFO - Processing file /opt/airflow/dags/silver_layer_dag.py for tasks to queue
[2025-10-21T20:12:25.694+0000] {logging_mixin.py:188} INFO - [2025-10-21T20:12:25.694+0000] {dagbag.py:540} INFO - Filling up the DagBag from /opt/airflow/dags/silver_layer_dag.py
[2025-10-21T20:12:25.712+0000] {processor.py:840} INFO - DAG(s) 'silver_layer_cleaning_pyspark' retrieved from /opt/airflow/dags/silver_layer_dag.py
[2025-10-21T20:12:25.732+0000] {logging_mixin.py:188} INFO - [2025-10-21T20:12:25.732+0000] {dag.py:3096} INFO - Sync 1 DAGs
[2025-10-21T20:12:25.764+0000] {processor.py:183} INFO - Processing /opt/airflow/dags/silver_layer_dag.py took 0.079 seconds
[2025-10-21T20:12:56.098+0000] {processor.py:161} INFO - Started process (PID=329) to work on /opt/airflow/dags/silver_layer_dag.py
[2025-10-21T20:12:56.099+0000] {processor.py:830} INFO - Processing file /opt/airflow/dags/silver_layer_dag.py for tasks to queue
[2025-10-21T20:12:56.101+0000] {logging_mixin.py:188} INFO - [2025-10-21T20:12:56.101+0000] {dagbag.py:540} INFO - Filling up the DagBag from /opt/airflow/dags/silver_layer_dag.py
[2025-10-21T20:12:56.121+0000] {processor.py:840} INFO - DAG(s) 'silver_layer_cleaning_pyspark' retrieved from /opt/airflow/dags/silver_layer_dag.py
[2025-10-21T20:12:56.143+0000] {logging_mixin.py:188} INFO - [2025-10-21T20:12:56.143+0000] {dag.py:3096} INFO - Sync 1 DAGs
[2025-10-21T20:12:56.185+0000] {processor.py:183} INFO - Processing /opt/airflow/dags/silver_layer_dag.py took 0.093 seconds
[2025-10-21T20:13:26.870+0000] {processor.py:161} INFO - Started process (PID=332) to work on /opt/airflow/dags/silver_layer_dag.py
[2025-10-21T20:13:26.871+0000] {processor.py:830} INFO - Processing file /opt/airflow/dags/silver_layer_dag.py for tasks to queue
[2025-10-21T20:13:26.873+0000] {logging_mixin.py:188} INFO - [2025-10-21T20:13:26.873+0000] {dagbag.py:540} INFO - Filling up the DagBag from /opt/airflow/dags/silver_layer_dag.py
[2025-10-21T20:13:26.892+0000] {processor.py:840} INFO - DAG(s) 'silver_layer_cleaning_pyspark' retrieved from /opt/airflow/dags/silver_layer_dag.py
[2025-10-21T20:13:26.912+0000] {logging_mixin.py:188} INFO - [2025-10-21T20:13:26.912+0000] {dag.py:3096} INFO - Sync 1 DAGs
[2025-10-21T20:13:26.944+0000] {processor.py:183} INFO - Processing /opt/airflow/dags/silver_layer_dag.py took 0.079 seconds
[2025-10-21T20:13:57.146+0000] {processor.py:161} INFO - Started process (PID=335) to work on /opt/airflow/dags/silver_layer_dag.py
[2025-10-21T20:13:57.147+0000] {processor.py:830} INFO - Processing file /opt/airflow/dags/silver_layer_dag.py for tasks to queue
[2025-10-21T20:13:57.148+0000] {logging_mixin.py:188} INFO - [2025-10-21T20:13:57.148+0000] {dagbag.py:540} INFO - Filling up the DagBag from /opt/airflow/dags/silver_layer_dag.py
[2025-10-21T20:13:57.166+0000] {processor.py:840} INFO - DAG(s) 'silver_layer_cleaning_pyspark' retrieved from /opt/airflow/dags/silver_layer_dag.py
[2025-10-21T20:13:57.187+0000] {logging_mixin.py:188} INFO - [2025-10-21T20:13:57.187+0000] {dag.py:3096} INFO - Sync 1 DAGs
[2025-10-21T20:13:57.222+0000] {processor.py:183} INFO - Processing /opt/airflow/dags/silver_layer_dag.py took 0.081 seconds
[2025-10-21T20:14:56.966+0000] {processor.py:161} INFO - Started process (PID=338) to work on /opt/airflow/dags/silver_layer_dag.py
[2025-10-21T20:14:56.967+0000] {processor.py:830} INFO - Processing file /opt/airflow/dags/silver_layer_dag.py for tasks to queue
[2025-10-21T20:14:56.969+0000] {logging_mixin.py:188} INFO - [2025-10-21T20:14:56.969+0000] {dagbag.py:540} INFO - Filling up the DagBag from /opt/airflow/dags/silver_layer_dag.py
[2025-10-21T20:14:56.988+0000] {processor.py:840} INFO - DAG(s) 'silver_layer_cleaning_pyspark' retrieved from /opt/airflow/dags/silver_layer_dag.py
[2025-10-21T20:14:57.010+0000] {logging_mixin.py:188} INFO - [2025-10-21T20:14:57.010+0000] {dag.py:3096} INFO - Sync 1 DAGs
[2025-10-21T20:14:57.047+0000] {processor.py:183} INFO - Processing /opt/airflow/dags/silver_layer_dag.py took 0.087 seconds
[2025-10-21T20:15:57.546+0000] {processor.py:161} INFO - Started process (PID=341) to work on /opt/airflow/dags/silver_layer_dag.py
[2025-10-21T20:15:57.547+0000] {processor.py:830} INFO - Processing file /opt/airflow/dags/silver_layer_dag.py for tasks to queue
[2025-10-21T20:15:57.548+0000] {logging_mixin.py:188} INFO - [2025-10-21T20:15:57.548+0000] {dagbag.py:540} INFO - Filling up the DagBag from /opt/airflow/dags/silver_layer_dag.py
[2025-10-21T20:15:57.580+0000] {processor.py:840} INFO - DAG(s) 'silver_layer_cleaning_pyspark' retrieved from /opt/airflow/dags/silver_layer_dag.py
[2025-10-21T20:15:57.609+0000] {logging_mixin.py:188} INFO - [2025-10-21T20:15:57.609+0000] {dag.py:3096} INFO - Sync 1 DAGs
[2025-10-21T20:15:57.652+0000] {processor.py:183} INFO - Processing /opt/airflow/dags/silver_layer_dag.py took 0.112 seconds
[2025-10-21T20:16:27.860+0000] {processor.py:161} INFO - Started process (PID=344) to work on /opt/airflow/dags/silver_layer_dag.py
[2025-10-21T20:16:27.860+0000] {processor.py:830} INFO - Processing file /opt/airflow/dags/silver_layer_dag.py for tasks to queue
[2025-10-21T20:16:27.862+0000] {logging_mixin.py:188} INFO - [2025-10-21T20:16:27.862+0000] {dagbag.py:540} INFO - Filling up the DagBag from /opt/airflow/dags/silver_layer_dag.py
[2025-10-21T20:16:27.879+0000] {processor.py:840} INFO - DAG(s) 'silver_layer_cleaning_pyspark' retrieved from /opt/airflow/dags/silver_layer_dag.py
[2025-10-21T20:16:27.889+0000] {logging_mixin.py:188} INFO - [2025-10-21T20:16:27.889+0000] {dag.py:3096} INFO - Sync 1 DAGs
[2025-10-21T20:16:27.921+0000] {processor.py:183} INFO - Processing /opt/airflow/dags/silver_layer_dag.py took 0.066 seconds
[2025-10-21T20:30:52.401+0000] {processor.py:161} INFO - Started process (PID=84) to work on /opt/airflow/dags/silver_layer_dag.py
[2025-10-21T20:30:52.402+0000] {processor.py:830} INFO - Processing file /opt/airflow/dags/silver_layer_dag.py for tasks to queue
[2025-10-21T20:30:52.404+0000] {logging_mixin.py:188} INFO - [2025-10-21T20:30:52.404+0000] {dagbag.py:540} INFO - Filling up the DagBag from /opt/airflow/dags/silver_layer_dag.py
[2025-10-21T20:30:52.435+0000] {processor.py:840} INFO - DAG(s) 'silver_layer_cleaning_pyspark' retrieved from /opt/airflow/dags/silver_layer_dag.py
[2025-10-21T20:30:52.638+0000] {logging_mixin.py:188} INFO - [2025-10-21T20:30:52.637+0000] {dag.py:3096} INFO - Sync 1 DAGs
[2025-10-21T20:30:52.672+0000] {processor.py:183} INFO - Processing /opt/airflow/dags/silver_layer_dag.py took 0.278 seconds
[2025-10-21T20:31:22.869+0000] {processor.py:161} INFO - Started process (PID=91) to work on /opt/airflow/dags/silver_layer_dag.py
[2025-10-21T20:31:22.870+0000] {processor.py:830} INFO - Processing file /opt/airflow/dags/silver_layer_dag.py for tasks to queue
[2025-10-21T20:31:22.873+0000] {logging_mixin.py:188} INFO - [2025-10-21T20:31:22.873+0000] {dagbag.py:540} INFO - Filling up the DagBag from /opt/airflow/dags/silver_layer_dag.py
[2025-10-21T20:31:22.895+0000] {processor.py:840} INFO - DAG(s) 'silver_layer_cleaning_pyspark' retrieved from /opt/airflow/dags/silver_layer_dag.py
[2025-10-21T20:31:22.918+0000] {logging_mixin.py:188} INFO - [2025-10-21T20:31:22.918+0000] {dag.py:3096} INFO - Sync 1 DAGs
[2025-10-21T20:31:22.960+0000] {processor.py:183} INFO - Processing /opt/airflow/dags/silver_layer_dag.py took 0.097 seconds
[2025-10-21T20:32:21.709+0000] {processor.py:161} INFO - Started process (PID=94) to work on /opt/airflow/dags/silver_layer_dag.py
[2025-10-21T20:32:21.710+0000] {processor.py:830} INFO - Processing file /opt/airflow/dags/silver_layer_dag.py for tasks to queue
[2025-10-21T20:32:21.711+0000] {logging_mixin.py:188} INFO - [2025-10-21T20:32:21.711+0000] {dagbag.py:540} INFO - Filling up the DagBag from /opt/airflow/dags/silver_layer_dag.py
[2025-10-21T20:32:21.727+0000] {processor.py:840} INFO - DAG(s) 'silver_layer_cleaning_pyspark' retrieved from /opt/airflow/dags/silver_layer_dag.py
[2025-10-21T20:32:21.744+0000] {logging_mixin.py:188} INFO - [2025-10-21T20:32:21.744+0000] {dag.py:3096} INFO - Sync 1 DAGs
[2025-10-21T20:32:21.775+0000] {processor.py:183} INFO - Processing /opt/airflow/dags/silver_layer_dag.py took 0.070 seconds
[2025-10-21T20:32:51.961+0000] {processor.py:161} INFO - Started process (PID=97) to work on /opt/airflow/dags/silver_layer_dag.py
[2025-10-21T20:32:51.961+0000] {processor.py:830} INFO - Processing file /opt/airflow/dags/silver_layer_dag.py for tasks to queue
[2025-10-21T20:32:51.963+0000] {logging_mixin.py:188} INFO - [2025-10-21T20:32:51.963+0000] {dagbag.py:540} INFO - Filling up the DagBag from /opt/airflow/dags/silver_layer_dag.py
[2025-10-21T20:32:51.982+0000] {processor.py:840} INFO - DAG(s) 'silver_layer_cleaning_pyspark' retrieved from /opt/airflow/dags/silver_layer_dag.py
[2025-10-21T20:32:52.003+0000] {logging_mixin.py:188} INFO - [2025-10-21T20:32:52.003+0000] {dag.py:3096} INFO - Sync 1 DAGs
[2025-10-21T20:32:52.031+0000] {processor.py:183} INFO - Processing /opt/airflow/dags/silver_layer_dag.py took 0.075 seconds
[2025-10-21T20:33:22.901+0000] {processor.py:161} INFO - Started process (PID=100) to work on /opt/airflow/dags/silver_layer_dag.py
[2025-10-21T20:33:22.902+0000] {processor.py:830} INFO - Processing file /opt/airflow/dags/silver_layer_dag.py for tasks to queue
[2025-10-21T20:33:22.903+0000] {logging_mixin.py:188} INFO - [2025-10-21T20:33:22.903+0000] {dagbag.py:540} INFO - Filling up the DagBag from /opt/airflow/dags/silver_layer_dag.py
[2025-10-21T20:33:22.920+0000] {processor.py:840} INFO - DAG(s) 'silver_layer_cleaning_pyspark' retrieved from /opt/airflow/dags/silver_layer_dag.py
[2025-10-21T20:33:22.937+0000] {logging_mixin.py:188} INFO - [2025-10-21T20:33:22.937+0000] {dag.py:3096} INFO - Sync 1 DAGs
[2025-10-21T20:33:22.965+0000] {processor.py:183} INFO - Processing /opt/airflow/dags/silver_layer_dag.py took 0.069 seconds
[2025-10-21T20:33:53.894+0000] {processor.py:161} INFO - Started process (PID=103) to work on /opt/airflow/dags/silver_layer_dag.py
[2025-10-21T20:33:53.894+0000] {processor.py:830} INFO - Processing file /opt/airflow/dags/silver_layer_dag.py for tasks to queue
[2025-10-21T20:33:53.896+0000] {logging_mixin.py:188} INFO - [2025-10-21T20:33:53.896+0000] {dagbag.py:540} INFO - Filling up the DagBag from /opt/airflow/dags/silver_layer_dag.py
[2025-10-21T20:33:53.912+0000] {processor.py:840} INFO - DAG(s) 'silver_layer_cleaning_pyspark' retrieved from /opt/airflow/dags/silver_layer_dag.py
[2025-10-21T20:33:53.929+0000] {logging_mixin.py:188} INFO - [2025-10-21T20:33:53.929+0000] {dag.py:3096} INFO - Sync 1 DAGs
[2025-10-21T20:33:53.962+0000] {processor.py:183} INFO - Processing /opt/airflow/dags/silver_layer_dag.py took 0.074 seconds
[2025-10-21T20:34:24.855+0000] {processor.py:161} INFO - Started process (PID=106) to work on /opt/airflow/dags/silver_layer_dag.py
[2025-10-21T20:34:24.856+0000] {processor.py:830} INFO - Processing file /opt/airflow/dags/silver_layer_dag.py for tasks to queue
[2025-10-21T20:34:24.858+0000] {logging_mixin.py:188} INFO - [2025-10-21T20:34:24.858+0000] {dagbag.py:540} INFO - Filling up the DagBag from /opt/airflow/dags/silver_layer_dag.py
[2025-10-21T20:34:24.874+0000] {processor.py:840} INFO - DAG(s) 'silver_layer_cleaning_pyspark' retrieved from /opt/airflow/dags/silver_layer_dag.py
[2025-10-21T20:34:24.892+0000] {logging_mixin.py:188} INFO - [2025-10-21T20:34:24.892+0000] {dag.py:3096} INFO - Sync 1 DAGs
[2025-10-21T20:34:24.922+0000] {processor.py:183} INFO - Processing /opt/airflow/dags/silver_layer_dag.py took 0.072 seconds
[2025-10-21T20:35:03.212+0000] {processor.py:161} INFO - Started process (PID=109) to work on /opt/airflow/dags/silver_layer_dag.py
[2025-10-21T20:35:03.213+0000] {processor.py:830} INFO - Processing file /opt/airflow/dags/silver_layer_dag.py for tasks to queue
[2025-10-21T20:35:03.215+0000] {logging_mixin.py:188} INFO - [2025-10-21T20:35:03.214+0000] {dagbag.py:540} INFO - Filling up the DagBag from /opt/airflow/dags/silver_layer_dag.py
[2025-10-21T20:35:03.232+0000] {processor.py:840} INFO - DAG(s) 'silver_layer_cleaning_pyspark' retrieved from /opt/airflow/dags/silver_layer_dag.py
[2025-10-21T20:35:03.250+0000] {logging_mixin.py:188} INFO - [2025-10-21T20:35:03.250+0000] {dag.py:3096} INFO - Sync 1 DAGs
[2025-10-21T20:35:03.283+0000] {processor.py:183} INFO - Processing /opt/airflow/dags/silver_layer_dag.py took 0.076 seconds
[2025-10-21T20:35:34.251+0000] {processor.py:161} INFO - Started process (PID=112) to work on /opt/airflow/dags/silver_layer_dag.py
[2025-10-21T20:35:34.252+0000] {processor.py:830} INFO - Processing file /opt/airflow/dags/silver_layer_dag.py for tasks to queue
[2025-10-21T20:35:34.254+0000] {logging_mixin.py:188} INFO - [2025-10-21T20:35:34.253+0000] {dagbag.py:540} INFO - Filling up the DagBag from /opt/airflow/dags/silver_layer_dag.py
[2025-10-21T20:35:34.270+0000] {processor.py:840} INFO - DAG(s) 'silver_layer_cleaning_pyspark' retrieved from /opt/airflow/dags/silver_layer_dag.py
[2025-10-21T20:35:34.288+0000] {logging_mixin.py:188} INFO - [2025-10-21T20:35:34.288+0000] {dag.py:3096} INFO - Sync 1 DAGs
[2025-10-21T20:35:34.320+0000] {processor.py:183} INFO - Processing /opt/airflow/dags/silver_layer_dag.py took 0.075 seconds
[2025-10-21T20:36:04.647+0000] {processor.py:161} INFO - Started process (PID=115) to work on /opt/airflow/dags/silver_layer_dag.py
[2025-10-21T20:36:04.648+0000] {processor.py:830} INFO - Processing file /opt/airflow/dags/silver_layer_dag.py for tasks to queue
[2025-10-21T20:36:04.650+0000] {logging_mixin.py:188} INFO - [2025-10-21T20:36:04.650+0000] {dagbag.py:540} INFO - Filling up the DagBag from /opt/airflow/dags/silver_layer_dag.py
[2025-10-21T20:36:04.667+0000] {processor.py:840} INFO - DAG(s) 'silver_layer_cleaning_pyspark' retrieved from /opt/airflow/dags/silver_layer_dag.py
[2025-10-21T20:36:04.687+0000] {logging_mixin.py:188} INFO - [2025-10-21T20:36:04.687+0000] {dag.py:3096} INFO - Sync 1 DAGs
[2025-10-21T20:36:04.718+0000] {processor.py:183} INFO - Processing /opt/airflow/dags/silver_layer_dag.py took 0.076 seconds
[2025-10-21T20:36:55.478+0000] {processor.py:161} INFO - Started process (PID=118) to work on /opt/airflow/dags/silver_layer_dag.py
[2025-10-21T20:36:55.479+0000] {processor.py:830} INFO - Processing file /opt/airflow/dags/silver_layer_dag.py for tasks to queue
[2025-10-21T20:36:55.481+0000] {logging_mixin.py:188} INFO - [2025-10-21T20:36:55.480+0000] {dagbag.py:540} INFO - Filling up the DagBag from /opt/airflow/dags/silver_layer_dag.py
[2025-10-21T20:36:55.496+0000] {processor.py:840} INFO - DAG(s) 'silver_layer_cleaning_pyspark' retrieved from /opt/airflow/dags/silver_layer_dag.py
[2025-10-21T20:36:55.516+0000] {logging_mixin.py:188} INFO - [2025-10-21T20:36:55.516+0000] {dag.py:3096} INFO - Sync 1 DAGs
[2025-10-21T20:36:55.547+0000] {processor.py:183} INFO - Processing /opt/airflow/dags/silver_layer_dag.py took 0.075 seconds
[2025-10-21T20:37:25.738+0000] {processor.py:161} INFO - Started process (PID=121) to work on /opt/airflow/dags/silver_layer_dag.py
[2025-10-21T20:37:25.739+0000] {processor.py:830} INFO - Processing file /opt/airflow/dags/silver_layer_dag.py for tasks to queue
[2025-10-21T20:37:25.741+0000] {logging_mixin.py:188} INFO - [2025-10-21T20:37:25.740+0000] {dagbag.py:540} INFO - Filling up the DagBag from /opt/airflow/dags/silver_layer_dag.py
[2025-10-21T20:37:25.757+0000] {processor.py:840} INFO - DAG(s) 'silver_layer_cleaning_pyspark' retrieved from /opt/airflow/dags/silver_layer_dag.py
[2025-10-21T20:37:25.776+0000] {logging_mixin.py:188} INFO - [2025-10-21T20:37:25.776+0000] {dag.py:3096} INFO - Sync 1 DAGs
[2025-10-21T20:37:25.808+0000] {processor.py:183} INFO - Processing /opt/airflow/dags/silver_layer_dag.py took 0.076 seconds
[2025-10-21T20:37:56.238+0000] {processor.py:161} INFO - Started process (PID=124) to work on /opt/airflow/dags/silver_layer_dag.py
[2025-10-21T20:37:56.238+0000] {processor.py:830} INFO - Processing file /opt/airflow/dags/silver_layer_dag.py for tasks to queue
[2025-10-21T20:37:56.240+0000] {logging_mixin.py:188} INFO - [2025-10-21T20:37:56.239+0000] {dagbag.py:540} INFO - Filling up the DagBag from /opt/airflow/dags/silver_layer_dag.py
[2025-10-21T20:37:56.257+0000] {processor.py:840} INFO - DAG(s) 'silver_layer_cleaning_pyspark' retrieved from /opt/airflow/dags/silver_layer_dag.py
[2025-10-21T20:37:56.277+0000] {logging_mixin.py:188} INFO - [2025-10-21T20:37:56.277+0000] {dag.py:3096} INFO - Sync 1 DAGs
[2025-10-21T20:37:56.311+0000] {processor.py:183} INFO - Processing /opt/airflow/dags/silver_layer_dag.py took 0.078 seconds
[2025-10-21T20:38:48.078+0000] {processor.py:161} INFO - Started process (PID=127) to work on /opt/airflow/dags/silver_layer_dag.py
[2025-10-21T20:38:48.079+0000] {processor.py:830} INFO - Processing file /opt/airflow/dags/silver_layer_dag.py for tasks to queue
[2025-10-21T20:38:48.081+0000] {logging_mixin.py:188} INFO - [2025-10-21T20:38:48.080+0000] {dagbag.py:540} INFO - Filling up the DagBag from /opt/airflow/dags/silver_layer_dag.py
[2025-10-21T20:38:48.098+0000] {processor.py:840} INFO - DAG(s) 'silver_layer_cleaning_pyspark' retrieved from /opt/airflow/dags/silver_layer_dag.py
[2025-10-21T20:38:48.117+0000] {logging_mixin.py:188} INFO - [2025-10-21T20:38:48.117+0000] {dag.py:3096} INFO - Sync 1 DAGs
[2025-10-21T20:38:48.148+0000] {processor.py:183} INFO - Processing /opt/airflow/dags/silver_layer_dag.py took 0.074 seconds
[2025-10-21T20:39:18.339+0000] {processor.py:161} INFO - Started process (PID=130) to work on /opt/airflow/dags/silver_layer_dag.py
[2025-10-21T20:39:18.340+0000] {processor.py:830} INFO - Processing file /opt/airflow/dags/silver_layer_dag.py for tasks to queue
[2025-10-21T20:39:18.342+0000] {logging_mixin.py:188} INFO - [2025-10-21T20:39:18.341+0000] {dagbag.py:540} INFO - Filling up the DagBag from /opt/airflow/dags/silver_layer_dag.py
[2025-10-21T20:39:18.359+0000] {processor.py:840} INFO - DAG(s) 'silver_layer_cleaning_pyspark' retrieved from /opt/airflow/dags/silver_layer_dag.py
[2025-10-21T20:39:18.378+0000] {logging_mixin.py:188} INFO - [2025-10-21T20:39:18.378+0000] {dag.py:3096} INFO - Sync 1 DAGs
[2025-10-21T20:39:18.409+0000] {processor.py:183} INFO - Processing /opt/airflow/dags/silver_layer_dag.py took 0.075 seconds
[2025-10-21T20:39:49.298+0000] {processor.py:161} INFO - Started process (PID=133) to work on /opt/airflow/dags/silver_layer_dag.py
[2025-10-21T20:39:49.299+0000] {processor.py:830} INFO - Processing file /opt/airflow/dags/silver_layer_dag.py for tasks to queue
[2025-10-21T20:39:49.301+0000] {logging_mixin.py:188} INFO - [2025-10-21T20:39:49.300+0000] {dagbag.py:540} INFO - Filling up the DagBag from /opt/airflow/dags/silver_layer_dag.py
[2025-10-21T20:39:49.318+0000] {processor.py:840} INFO - DAG(s) 'silver_layer_cleaning_pyspark' retrieved from /opt/airflow/dags/silver_layer_dag.py
[2025-10-21T20:39:49.337+0000] {logging_mixin.py:188} INFO - [2025-10-21T20:39:49.337+0000] {dag.py:3096} INFO - Sync 1 DAGs
[2025-10-21T20:39:49.370+0000] {processor.py:183} INFO - Processing /opt/airflow/dags/silver_layer_dag.py took 0.078 seconds
[2025-10-21T20:40:47.214+0000] {processor.py:161} INFO - Started process (PID=136) to work on /opt/airflow/dags/silver_layer_dag.py
[2025-10-21T20:40:47.215+0000] {processor.py:830} INFO - Processing file /opt/airflow/dags/silver_layer_dag.py for tasks to queue
[2025-10-21T20:40:47.216+0000] {logging_mixin.py:188} INFO - [2025-10-21T20:40:47.216+0000] {dagbag.py:540} INFO - Filling up the DagBag from /opt/airflow/dags/silver_layer_dag.py
[2025-10-21T20:40:47.234+0000] {processor.py:840} INFO - DAG(s) 'silver_layer_cleaning_pyspark' retrieved from /opt/airflow/dags/silver_layer_dag.py
[2025-10-21T20:40:47.253+0000] {logging_mixin.py:188} INFO - [2025-10-21T20:40:47.253+0000] {dag.py:3096} INFO - Sync 1 DAGs
[2025-10-21T20:40:47.289+0000] {processor.py:183} INFO - Processing /opt/airflow/dags/silver_layer_dag.py took 0.080 seconds
[2025-10-21T20:41:18.218+0000] {processor.py:161} INFO - Started process (PID=139) to work on /opt/airflow/dags/silver_layer_dag.py
[2025-10-21T20:41:18.219+0000] {processor.py:830} INFO - Processing file /opt/airflow/dags/silver_layer_dag.py for tasks to queue
[2025-10-21T20:41:18.221+0000] {logging_mixin.py:188} INFO - [2025-10-21T20:41:18.221+0000] {dagbag.py:540} INFO - Filling up the DagBag from /opt/airflow/dags/silver_layer_dag.py
[2025-10-21T20:41:18.240+0000] {processor.py:840} INFO - DAG(s) 'silver_layer_cleaning_pyspark' retrieved from /opt/airflow/dags/silver_layer_dag.py
[2025-10-21T20:41:18.261+0000] {logging_mixin.py:188} INFO - [2025-10-21T20:41:18.261+0000] {dag.py:3096} INFO - Sync 1 DAGs
[2025-10-21T20:41:18.292+0000] {processor.py:183} INFO - Processing /opt/airflow/dags/silver_layer_dag.py took 0.080 seconds
[2025-10-21T20:41:48.481+0000] {processor.py:161} INFO - Started process (PID=142) to work on /opt/airflow/dags/silver_layer_dag.py
[2025-10-21T20:41:48.481+0000] {processor.py:830} INFO - Processing file /opt/airflow/dags/silver_layer_dag.py for tasks to queue
[2025-10-21T20:41:48.483+0000] {logging_mixin.py:188} INFO - [2025-10-21T20:41:48.483+0000] {dagbag.py:540} INFO - Filling up the DagBag from /opt/airflow/dags/silver_layer_dag.py
[2025-10-21T20:41:48.500+0000] {processor.py:840} INFO - DAG(s) 'silver_layer_cleaning_pyspark' retrieved from /opt/airflow/dags/silver_layer_dag.py
[2025-10-21T20:41:48.518+0000] {logging_mixin.py:188} INFO - [2025-10-21T20:41:48.518+0000] {dag.py:3096} INFO - Sync 1 DAGs
[2025-10-21T20:41:48.549+0000] {processor.py:183} INFO - Processing /opt/airflow/dags/silver_layer_dag.py took 0.073 seconds
[2025-10-21T20:42:49.376+0000] {processor.py:161} INFO - Started process (PID=145) to work on /opt/airflow/dags/silver_layer_dag.py
[2025-10-21T20:42:49.376+0000] {processor.py:830} INFO - Processing file /opt/airflow/dags/silver_layer_dag.py for tasks to queue
[2025-10-21T20:42:49.378+0000] {logging_mixin.py:188} INFO - [2025-10-21T20:42:49.378+0000] {dagbag.py:540} INFO - Filling up the DagBag from /opt/airflow/dags/silver_layer_dag.py
[2025-10-21T20:42:49.397+0000] {processor.py:840} INFO - DAG(s) 'silver_layer_cleaning_pyspark' retrieved from /opt/airflow/dags/silver_layer_dag.py
[2025-10-21T20:42:49.419+0000] {logging_mixin.py:188} INFO - [2025-10-21T20:42:49.418+0000] {dag.py:3096} INFO - Sync 1 DAGs
[2025-10-21T20:42:49.452+0000] {processor.py:183} INFO - Processing /opt/airflow/dags/silver_layer_dag.py took 0.082 seconds
[2025-10-21T20:43:19.641+0000] {processor.py:161} INFO - Started process (PID=148) to work on /opt/airflow/dags/silver_layer_dag.py
[2025-10-21T20:43:19.642+0000] {processor.py:830} INFO - Processing file /opt/airflow/dags/silver_layer_dag.py for tasks to queue
[2025-10-21T20:43:19.644+0000] {logging_mixin.py:188} INFO - [2025-10-21T20:43:19.643+0000] {dagbag.py:540} INFO - Filling up the DagBag from /opt/airflow/dags/silver_layer_dag.py
[2025-10-21T20:43:19.661+0000] {processor.py:840} INFO - DAG(s) 'silver_layer_cleaning_pyspark' retrieved from /opt/airflow/dags/silver_layer_dag.py
[2025-10-21T20:43:19.680+0000] {logging_mixin.py:188} INFO - [2025-10-21T20:43:19.680+0000] {dag.py:3096} INFO - Sync 1 DAGs
[2025-10-21T20:43:19.710+0000] {processor.py:183} INFO - Processing /opt/airflow/dags/silver_layer_dag.py took 0.073 seconds
[2025-10-21T20:43:50.570+0000] {processor.py:161} INFO - Started process (PID=151) to work on /opt/airflow/dags/silver_layer_dag.py
[2025-10-21T20:43:50.571+0000] {processor.py:830} INFO - Processing file /opt/airflow/dags/silver_layer_dag.py for tasks to queue
[2025-10-21T20:43:50.572+0000] {logging_mixin.py:188} INFO - [2025-10-21T20:43:50.572+0000] {dagbag.py:540} INFO - Filling up the DagBag from /opt/airflow/dags/silver_layer_dag.py
[2025-10-21T20:43:50.590+0000] {processor.py:840} INFO - DAG(s) 'silver_layer_cleaning_pyspark' retrieved from /opt/airflow/dags/silver_layer_dag.py
[2025-10-21T20:43:50.609+0000] {logging_mixin.py:188} INFO - [2025-10-21T20:43:50.609+0000] {dag.py:3096} INFO - Sync 1 DAGs
[2025-10-21T20:43:50.640+0000] {processor.py:183} INFO - Processing /opt/airflow/dags/silver_layer_dag.py took 0.075 seconds
[2025-10-21T20:44:21.323+0000] {processor.py:161} INFO - Started process (PID=154) to work on /opt/airflow/dags/silver_layer_dag.py
[2025-10-21T20:44:21.324+0000] {processor.py:830} INFO - Processing file /opt/airflow/dags/silver_layer_dag.py for tasks to queue
[2025-10-21T20:44:21.325+0000] {logging_mixin.py:188} INFO - [2025-10-21T20:44:21.325+0000] {dagbag.py:540} INFO - Filling up the DagBag from /opt/airflow/dags/silver_layer_dag.py
[2025-10-21T20:44:21.340+0000] {processor.py:840} INFO - DAG(s) 'silver_layer_cleaning_pyspark' retrieved from /opt/airflow/dags/silver_layer_dag.py
[2025-10-21T20:44:21.359+0000] {logging_mixin.py:188} INFO - [2025-10-21T20:44:21.359+0000] {dag.py:3096} INFO - Sync 1 DAGs
[2025-10-21T20:44:21.389+0000] {processor.py:183} INFO - Processing /opt/airflow/dags/silver_layer_dag.py took 0.071 seconds
[2025-10-21T20:44:52.268+0000] {processor.py:161} INFO - Started process (PID=157) to work on /opt/airflow/dags/silver_layer_dag.py
[2025-10-21T20:44:52.269+0000] {processor.py:830} INFO - Processing file /opt/airflow/dags/silver_layer_dag.py for tasks to queue
[2025-10-21T20:44:52.271+0000] {logging_mixin.py:188} INFO - [2025-10-21T20:44:52.270+0000] {dagbag.py:540} INFO - Filling up the DagBag from /opt/airflow/dags/silver_layer_dag.py
[2025-10-21T20:44:52.288+0000] {processor.py:840} INFO - DAG(s) 'silver_layer_cleaning_pyspark' retrieved from /opt/airflow/dags/silver_layer_dag.py
[2025-10-21T20:44:52.307+0000] {logging_mixin.py:188} INFO - [2025-10-21T20:44:52.307+0000] {dag.py:3096} INFO - Sync 1 DAGs
[2025-10-21T20:44:52.338+0000] {processor.py:183} INFO - Processing /opt/airflow/dags/silver_layer_dag.py took 0.076 seconds
[2025-10-21T20:45:22.398+0000] {processor.py:161} INFO - Started process (PID=160) to work on /opt/airflow/dags/silver_layer_dag.py
[2025-10-21T20:45:22.399+0000] {processor.py:830} INFO - Processing file /opt/airflow/dags/silver_layer_dag.py for tasks to queue
[2025-10-21T20:45:22.400+0000] {logging_mixin.py:188} INFO - [2025-10-21T20:45:22.400+0000] {dagbag.py:540} INFO - Filling up the DagBag from /opt/airflow/dags/silver_layer_dag.py
[2025-10-21T20:45:22.418+0000] {processor.py:840} INFO - DAG(s) 'silver_layer_cleaning_pyspark' retrieved from /opt/airflow/dags/silver_layer_dag.py
[2025-10-21T20:45:22.437+0000] {logging_mixin.py:188} INFO - [2025-10-21T20:45:22.436+0000] {dag.py:3096} INFO - Sync 1 DAGs
[2025-10-21T20:45:22.468+0000] {processor.py:183} INFO - Processing /opt/airflow/dags/silver_layer_dag.py took 0.075 seconds
[2025-10-21T20:45:53.324+0000] {processor.py:161} INFO - Started process (PID=163) to work on /opt/airflow/dags/silver_layer_dag.py
[2025-10-21T20:45:53.325+0000] {processor.py:830} INFO - Processing file /opt/airflow/dags/silver_layer_dag.py for tasks to queue
[2025-10-21T20:45:53.327+0000] {logging_mixin.py:188} INFO - [2025-10-21T20:45:53.327+0000] {dagbag.py:540} INFO - Filling up the DagBag from /opt/airflow/dags/silver_layer_dag.py
[2025-10-21T20:45:53.344+0000] {processor.py:840} INFO - DAG(s) 'silver_layer_cleaning_pyspark' retrieved from /opt/airflow/dags/silver_layer_dag.py
[2025-10-21T20:45:53.363+0000] {logging_mixin.py:188} INFO - [2025-10-21T20:45:53.363+0000] {dag.py:3096} INFO - Sync 1 DAGs
[2025-10-21T20:45:53.395+0000] {processor.py:183} INFO - Processing /opt/airflow/dags/silver_layer_dag.py took 0.076 seconds
[2025-10-21T20:46:53.228+0000] {processor.py:161} INFO - Started process (PID=166) to work on /opt/airflow/dags/silver_layer_dag.py
[2025-10-21T20:46:53.229+0000] {processor.py:830} INFO - Processing file /opt/airflow/dags/silver_layer_dag.py for tasks to queue
[2025-10-21T20:46:53.231+0000] {logging_mixin.py:188} INFO - [2025-10-21T20:46:53.231+0000] {dagbag.py:540} INFO - Filling up the DagBag from /opt/airflow/dags/silver_layer_dag.py
[2025-10-21T20:46:53.250+0000] {processor.py:840} INFO - DAG(s) 'silver_layer_cleaning_pyspark' retrieved from /opt/airflow/dags/silver_layer_dag.py
[2025-10-21T20:46:53.272+0000] {logging_mixin.py:188} INFO - [2025-10-21T20:46:53.272+0000] {dag.py:3096} INFO - Sync 1 DAGs
[2025-10-21T20:46:53.306+0000] {processor.py:183} INFO - Processing /opt/airflow/dags/silver_layer_dag.py took 0.085 seconds
[2025-10-21T20:47:42.696+0000] {processor.py:161} INFO - Started process (PID=169) to work on /opt/airflow/dags/silver_layer_dag.py
[2025-10-21T20:47:42.698+0000] {processor.py:830} INFO - Processing file /opt/airflow/dags/silver_layer_dag.py for tasks to queue
[2025-10-21T20:47:42.700+0000] {logging_mixin.py:188} INFO - [2025-10-21T20:47:42.700+0000] {dagbag.py:540} INFO - Filling up the DagBag from /opt/airflow/dags/silver_layer_dag.py
[2025-10-21T20:47:42.725+0000] {processor.py:840} INFO - DAG(s) 'silver_layer_cleaning_pyspark' retrieved from /opt/airflow/dags/silver_layer_dag.py
[2025-10-21T20:47:42.749+0000] {logging_mixin.py:188} INFO - [2025-10-21T20:47:42.749+0000] {dag.py:3096} INFO - Sync 1 DAGs
[2025-10-21T20:47:42.786+0000] {processor.py:183} INFO - Processing /opt/airflow/dags/silver_layer_dag.py took 0.097 seconds
[2025-10-21T20:48:13.471+0000] {processor.py:161} INFO - Started process (PID=172) to work on /opt/airflow/dags/silver_layer_dag.py
[2025-10-21T20:48:13.472+0000] {processor.py:830} INFO - Processing file /opt/airflow/dags/silver_layer_dag.py for tasks to queue
[2025-10-21T20:48:13.474+0000] {logging_mixin.py:188} INFO - [2025-10-21T20:48:13.474+0000] {dagbag.py:540} INFO - Filling up the DagBag from /opt/airflow/dags/silver_layer_dag.py
[2025-10-21T20:48:13.491+0000] {processor.py:840} INFO - DAG(s) 'silver_layer_cleaning_pyspark' retrieved from /opt/airflow/dags/silver_layer_dag.py
[2025-10-21T20:48:13.510+0000] {logging_mixin.py:188} INFO - [2025-10-21T20:48:13.510+0000] {dag.py:3096} INFO - Sync 1 DAGs
[2025-10-21T20:48:13.540+0000] {processor.py:183} INFO - Processing /opt/airflow/dags/silver_layer_dag.py took 0.074 seconds
[2025-10-21T20:48:46.449+0000] {processor.py:161} INFO - Started process (PID=175) to work on /opt/airflow/dags/silver_layer_dag.py
[2025-10-21T20:48:46.450+0000] {processor.py:830} INFO - Processing file /opt/airflow/dags/silver_layer_dag.py for tasks to queue
[2025-10-21T20:48:46.451+0000] {logging_mixin.py:188} INFO - [2025-10-21T20:48:46.451+0000] {dagbag.py:540} INFO - Filling up the DagBag from /opt/airflow/dags/silver_layer_dag.py
[2025-10-21T20:48:46.468+0000] {processor.py:840} INFO - DAG(s) 'silver_layer_cleaning_pyspark' retrieved from /opt/airflow/dags/silver_layer_dag.py
[2025-10-21T20:48:46.487+0000] {logging_mixin.py:188} INFO - [2025-10-21T20:48:46.487+0000] {dag.py:3096} INFO - Sync 1 DAGs
[2025-10-21T20:48:46.516+0000] {processor.py:183} INFO - Processing /opt/airflow/dags/silver_layer_dag.py took 0.072 seconds
[2025-10-21T20:49:18.444+0000] {processor.py:161} INFO - Started process (PID=178) to work on /opt/airflow/dags/silver_layer_dag.py
[2025-10-21T20:49:18.445+0000] {processor.py:830} INFO - Processing file /opt/airflow/dags/silver_layer_dag.py for tasks to queue
[2025-10-21T20:49:18.447+0000] {logging_mixin.py:188} INFO - [2025-10-21T20:49:18.447+0000] {dagbag.py:540} INFO - Filling up the DagBag from /opt/airflow/dags/silver_layer_dag.py
[2025-10-21T20:49:18.465+0000] {processor.py:840} INFO - DAG(s) 'silver_layer_cleaning_pyspark' retrieved from /opt/airflow/dags/silver_layer_dag.py
[2025-10-21T20:49:18.484+0000] {logging_mixin.py:188} INFO - [2025-10-21T20:49:18.484+0000] {dag.py:3096} INFO - Sync 1 DAGs
[2025-10-21T20:49:18.517+0000] {processor.py:183} INFO - Processing /opt/airflow/dags/silver_layer_dag.py took 0.078 seconds
[2025-10-21T20:49:49.345+0000] {processor.py:161} INFO - Started process (PID=181) to work on /opt/airflow/dags/silver_layer_dag.py
[2025-10-21T20:49:49.346+0000] {processor.py:830} INFO - Processing file /opt/airflow/dags/silver_layer_dag.py for tasks to queue
[2025-10-21T20:49:49.348+0000] {logging_mixin.py:188} INFO - [2025-10-21T20:49:49.348+0000] {dagbag.py:540} INFO - Filling up the DagBag from /opt/airflow/dags/silver_layer_dag.py
[2025-10-21T20:49:49.366+0000] {processor.py:840} INFO - DAG(s) 'silver_layer_cleaning_pyspark' retrieved from /opt/airflow/dags/silver_layer_dag.py
[2025-10-21T20:49:49.385+0000] {logging_mixin.py:188} INFO - [2025-10-21T20:49:49.385+0000] {dag.py:3096} INFO - Sync 1 DAGs
[2025-10-21T20:49:49.418+0000] {processor.py:183} INFO - Processing /opt/airflow/dags/silver_layer_dag.py took 0.078 seconds
[2025-10-21T20:50:20.816+0000] {processor.py:161} INFO - Started process (PID=184) to work on /opt/airflow/dags/silver_layer_dag.py
[2025-10-21T20:50:20.817+0000] {processor.py:830} INFO - Processing file /opt/airflow/dags/silver_layer_dag.py for tasks to queue
[2025-10-21T20:50:20.819+0000] {logging_mixin.py:188} INFO - [2025-10-21T20:50:20.819+0000] {dagbag.py:540} INFO - Filling up the DagBag from /opt/airflow/dags/silver_layer_dag.py
[2025-10-21T20:50:20.838+0000] {processor.py:840} INFO - DAG(s) 'silver_layer_cleaning_pyspark' retrieved from /opt/airflow/dags/silver_layer_dag.py
[2025-10-21T20:50:20.860+0000] {logging_mixin.py:188} INFO - [2025-10-21T20:50:20.860+0000] {dag.py:3096} INFO - Sync 1 DAGs
[2025-10-21T20:50:20.906+0000] {processor.py:183} INFO - Processing /opt/airflow/dags/silver_layer_dag.py took 0.095 seconds
[2025-10-21T20:50:52.100+0000] {processor.py:161} INFO - Started process (PID=187) to work on /opt/airflow/dags/silver_layer_dag.py
[2025-10-21T20:50:52.101+0000] {processor.py:830} INFO - Processing file /opt/airflow/dags/silver_layer_dag.py for tasks to queue
[2025-10-21T20:50:52.103+0000] {logging_mixin.py:188} INFO - [2025-10-21T20:50:52.103+0000] {dagbag.py:540} INFO - Filling up the DagBag from /opt/airflow/dags/silver_layer_dag.py
[2025-10-21T20:50:52.121+0000] {processor.py:840} INFO - DAG(s) 'silver_layer_cleaning_pyspark' retrieved from /opt/airflow/dags/silver_layer_dag.py
[2025-10-21T20:50:52.141+0000] {logging_mixin.py:188} INFO - [2025-10-21T20:50:52.141+0000] {dag.py:3096} INFO - Sync 1 DAGs
[2025-10-21T20:50:52.184+0000] {processor.py:183} INFO - Processing /opt/airflow/dags/silver_layer_dag.py took 0.090 seconds
[2025-10-21T20:51:22.268+0000] {processor.py:161} INFO - Started process (PID=190) to work on /opt/airflow/dags/silver_layer_dag.py
[2025-10-21T20:51:22.269+0000] {processor.py:830} INFO - Processing file /opt/airflow/dags/silver_layer_dag.py for tasks to queue
[2025-10-21T20:51:22.271+0000] {logging_mixin.py:188} INFO - [2025-10-21T20:51:22.271+0000] {dagbag.py:540} INFO - Filling up the DagBag from /opt/airflow/dags/silver_layer_dag.py
[2025-10-21T20:51:22.292+0000] {processor.py:840} INFO - DAG(s) 'silver_layer_cleaning_pyspark' retrieved from /opt/airflow/dags/silver_layer_dag.py
[2025-10-21T20:51:22.317+0000] {logging_mixin.py:188} INFO - [2025-10-21T20:51:22.317+0000] {dag.py:3096} INFO - Sync 1 DAGs
[2025-10-21T20:51:22.357+0000] {processor.py:183} INFO - Processing /opt/airflow/dags/silver_layer_dag.py took 0.095 seconds
[2025-10-21T20:51:53.202+0000] {processor.py:161} INFO - Started process (PID=193) to work on /opt/airflow/dags/silver_layer_dag.py
[2025-10-21T20:51:53.203+0000] {processor.py:830} INFO - Processing file /opt/airflow/dags/silver_layer_dag.py for tasks to queue
[2025-10-21T20:51:53.205+0000] {logging_mixin.py:188} INFO - [2025-10-21T20:51:53.204+0000] {dagbag.py:540} INFO - Filling up the DagBag from /opt/airflow/dags/silver_layer_dag.py
[2025-10-21T20:51:53.223+0000] {processor.py:840} INFO - DAG(s) 'silver_layer_cleaning_pyspark' retrieved from /opt/airflow/dags/silver_layer_dag.py
[2025-10-21T20:51:53.244+0000] {logging_mixin.py:188} INFO - [2025-10-21T20:51:53.244+0000] {dag.py:3096} INFO - Sync 1 DAGs
[2025-10-21T20:51:53.277+0000] {processor.py:183} INFO - Processing /opt/airflow/dags/silver_layer_dag.py took 0.081 seconds
[2025-10-21T20:52:24.654+0000] {processor.py:161} INFO - Started process (PID=196) to work on /opt/airflow/dags/silver_layer_dag.py
[2025-10-21T20:52:24.655+0000] {processor.py:830} INFO - Processing file /opt/airflow/dags/silver_layer_dag.py for tasks to queue
[2025-10-21T20:52:24.658+0000] {logging_mixin.py:188} INFO - [2025-10-21T20:52:24.657+0000] {dagbag.py:540} INFO - Filling up the DagBag from /opt/airflow/dags/silver_layer_dag.py
[2025-10-21T20:52:24.682+0000] {processor.py:840} INFO - DAG(s) 'silver_layer_cleaning_pyspark' retrieved from /opt/airflow/dags/silver_layer_dag.py
[2025-10-21T20:52:24.707+0000] {logging_mixin.py:188} INFO - [2025-10-21T20:52:24.707+0000] {dag.py:3096} INFO - Sync 1 DAGs
[2025-10-21T20:52:24.766+0000] {processor.py:183} INFO - Processing /opt/airflow/dags/silver_layer_dag.py took 0.118 seconds
[2025-10-21T20:52:54.960+0000] {processor.py:161} INFO - Started process (PID=199) to work on /opt/airflow/dags/silver_layer_dag.py
[2025-10-21T20:52:54.962+0000] {processor.py:830} INFO - Processing file /opt/airflow/dags/silver_layer_dag.py for tasks to queue
[2025-10-21T20:52:54.963+0000] {logging_mixin.py:188} INFO - [2025-10-21T20:52:54.963+0000] {dagbag.py:540} INFO - Filling up the DagBag from /opt/airflow/dags/silver_layer_dag.py
[2025-10-21T20:52:54.985+0000] {processor.py:840} INFO - DAG(s) 'silver_layer_cleaning_pyspark' retrieved from /opt/airflow/dags/silver_layer_dag.py
[2025-10-21T20:52:55.005+0000] {logging_mixin.py:188} INFO - [2025-10-21T20:52:55.005+0000] {dag.py:3096} INFO - Sync 1 DAGs
[2025-10-21T20:52:55.040+0000] {processor.py:183} INFO - Processing /opt/airflow/dags/silver_layer_dag.py took 0.085 seconds
[2025-10-21T20:53:25.435+0000] {processor.py:161} INFO - Started process (PID=202) to work on /opt/airflow/dags/silver_layer_dag.py
[2025-10-21T20:53:25.436+0000] {processor.py:830} INFO - Processing file /opt/airflow/dags/silver_layer_dag.py for tasks to queue
[2025-10-21T20:53:25.438+0000] {logging_mixin.py:188} INFO - [2025-10-21T20:53:25.438+0000] {dagbag.py:540} INFO - Filling up the DagBag from /opt/airflow/dags/silver_layer_dag.py
[2025-10-21T20:53:25.456+0000] {processor.py:840} INFO - DAG(s) 'silver_layer_cleaning_pyspark' retrieved from /opt/airflow/dags/silver_layer_dag.py
[2025-10-21T20:53:25.476+0000] {logging_mixin.py:188} INFO - [2025-10-21T20:53:25.476+0000] {dag.py:3096} INFO - Sync 1 DAGs
[2025-10-21T20:53:25.508+0000] {processor.py:183} INFO - Processing /opt/airflow/dags/silver_layer_dag.py took 0.079 seconds
[2025-10-21T20:54:08.271+0000] {processor.py:161} INFO - Started process (PID=205) to work on /opt/airflow/dags/silver_layer_dag.py
[2025-10-21T20:54:08.272+0000] {processor.py:830} INFO - Processing file /opt/airflow/dags/silver_layer_dag.py for tasks to queue
[2025-10-21T20:54:08.274+0000] {logging_mixin.py:188} INFO - [2025-10-21T20:54:08.273+0000] {dagbag.py:540} INFO - Filling up the DagBag from /opt/airflow/dags/silver_layer_dag.py
[2025-10-21T20:54:08.290+0000] {processor.py:840} INFO - DAG(s) 'silver_layer_cleaning_pyspark' retrieved from /opt/airflow/dags/silver_layer_dag.py
[2025-10-21T20:54:08.310+0000] {logging_mixin.py:188} INFO - [2025-10-21T20:54:08.310+0000] {dag.py:3096} INFO - Sync 1 DAGs
[2025-10-21T20:54:08.341+0000] {processor.py:183} INFO - Processing /opt/airflow/dags/silver_layer_dag.py took 0.075 seconds
[2025-10-21T20:54:43.538+0000] {processor.py:161} INFO - Started process (PID=208) to work on /opt/airflow/dags/silver_layer_dag.py
[2025-10-21T20:54:43.539+0000] {processor.py:830} INFO - Processing file /opt/airflow/dags/silver_layer_dag.py for tasks to queue
[2025-10-21T20:54:43.541+0000] {logging_mixin.py:188} INFO - [2025-10-21T20:54:43.541+0000] {dagbag.py:540} INFO - Filling up the DagBag from /opt/airflow/dags/silver_layer_dag.py
[2025-10-21T20:54:43.559+0000] {processor.py:840} INFO - DAG(s) 'silver_layer_cleaning_pyspark' retrieved from /opt/airflow/dags/silver_layer_dag.py
[2025-10-21T20:54:43.580+0000] {logging_mixin.py:188} INFO - [2025-10-21T20:54:43.579+0000] {dag.py:3096} INFO - Sync 1 DAGs
[2025-10-21T20:54:43.612+0000] {processor.py:183} INFO - Processing /opt/airflow/dags/silver_layer_dag.py took 0.079 seconds
[2025-10-21T20:55:37.908+0000] {processor.py:161} INFO - Started process (PID=211) to work on /opt/airflow/dags/silver_layer_dag.py
[2025-10-21T20:55:37.909+0000] {processor.py:830} INFO - Processing file /opt/airflow/dags/silver_layer_dag.py for tasks to queue
[2025-10-21T20:55:37.910+0000] {logging_mixin.py:188} INFO - [2025-10-21T20:55:37.910+0000] {dagbag.py:540} INFO - Filling up the DagBag from /opt/airflow/dags/silver_layer_dag.py
[2025-10-21T20:55:37.928+0000] {processor.py:840} INFO - DAG(s) 'silver_layer_cleaning_pyspark' retrieved from /opt/airflow/dags/silver_layer_dag.py
[2025-10-21T20:55:37.949+0000] {logging_mixin.py:188} INFO - [2025-10-21T20:55:37.948+0000] {dag.py:3096} INFO - Sync 1 DAGs
[2025-10-21T20:55:37.980+0000] {processor.py:183} INFO - Processing /opt/airflow/dags/silver_layer_dag.py took 0.077 seconds
[2025-10-21T20:56:28.351+0000] {processor.py:161} INFO - Started process (PID=214) to work on /opt/airflow/dags/silver_layer_dag.py
[2025-10-21T20:56:28.352+0000] {processor.py:830} INFO - Processing file /opt/airflow/dags/silver_layer_dag.py for tasks to queue
[2025-10-21T20:56:28.354+0000] {logging_mixin.py:188} INFO - [2025-10-21T20:56:28.354+0000] {dagbag.py:540} INFO - Filling up the DagBag from /opt/airflow/dags/silver_layer_dag.py
[2025-10-21T20:56:28.376+0000] {processor.py:840} INFO - DAG(s) 'silver_layer_cleaning_pyspark' retrieved from /opt/airflow/dags/silver_layer_dag.py
[2025-10-21T20:56:28.402+0000] {logging_mixin.py:188} INFO - [2025-10-21T20:56:28.402+0000] {dag.py:3096} INFO - Sync 1 DAGs
[2025-10-21T20:56:28.436+0000] {processor.py:183} INFO - Processing /opt/airflow/dags/silver_layer_dag.py took 0.092 seconds
[2025-10-21T20:56:59.143+0000] {processor.py:161} INFO - Started process (PID=217) to work on /opt/airflow/dags/silver_layer_dag.py
[2025-10-21T20:56:59.144+0000] {processor.py:830} INFO - Processing file /opt/airflow/dags/silver_layer_dag.py for tasks to queue
[2025-10-21T20:56:59.145+0000] {logging_mixin.py:188} INFO - [2025-10-21T20:56:59.145+0000] {dagbag.py:540} INFO - Filling up the DagBag from /opt/airflow/dags/silver_layer_dag.py
[2025-10-21T20:56:59.163+0000] {processor.py:840} INFO - DAG(s) 'silver_layer_cleaning_pyspark' retrieved from /opt/airflow/dags/silver_layer_dag.py
[2025-10-21T20:56:59.182+0000] {logging_mixin.py:188} INFO - [2025-10-21T20:56:59.182+0000] {dag.py:3096} INFO - Sync 1 DAGs
[2025-10-21T20:56:59.213+0000] {processor.py:183} INFO - Processing /opt/airflow/dags/silver_layer_dag.py took 0.075 seconds
[2025-10-21T20:57:29.405+0000] {processor.py:161} INFO - Started process (PID=220) to work on /opt/airflow/dags/silver_layer_dag.py
[2025-10-21T20:57:29.406+0000] {processor.py:830} INFO - Processing file /opt/airflow/dags/silver_layer_dag.py for tasks to queue
[2025-10-21T20:57:29.407+0000] {logging_mixin.py:188} INFO - [2025-10-21T20:57:29.407+0000] {dagbag.py:540} INFO - Filling up the DagBag from /opt/airflow/dags/silver_layer_dag.py
[2025-10-21T20:57:29.426+0000] {processor.py:840} INFO - DAG(s) 'silver_layer_cleaning_pyspark' retrieved from /opt/airflow/dags/silver_layer_dag.py
[2025-10-21T20:57:29.445+0000] {logging_mixin.py:188} INFO - [2025-10-21T20:57:29.445+0000] {dag.py:3096} INFO - Sync 1 DAGs
[2025-10-21T20:57:29.477+0000] {processor.py:183} INFO - Processing /opt/airflow/dags/silver_layer_dag.py took 0.077 seconds
[2025-10-21T20:58:11.246+0000] {processor.py:161} INFO - Started process (PID=223) to work on /opt/airflow/dags/silver_layer_dag.py
[2025-10-21T20:58:11.247+0000] {processor.py:830} INFO - Processing file /opt/airflow/dags/silver_layer_dag.py for tasks to queue
[2025-10-21T20:58:11.249+0000] {logging_mixin.py:188} INFO - [2025-10-21T20:58:11.248+0000] {dagbag.py:540} INFO - Filling up the DagBag from /opt/airflow/dags/silver_layer_dag.py
[2025-10-21T20:58:11.267+0000] {processor.py:840} INFO - DAG(s) 'silver_layer_cleaning_pyspark' retrieved from /opt/airflow/dags/silver_layer_dag.py
[2025-10-21T20:58:11.288+0000] {logging_mixin.py:188} INFO - [2025-10-21T20:58:11.288+0000] {dag.py:3096} INFO - Sync 1 DAGs
[2025-10-21T20:58:11.321+0000] {processor.py:183} INFO - Processing /opt/airflow/dags/silver_layer_dag.py took 0.080 seconds
[2025-10-21T20:58:41.527+0000] {processor.py:161} INFO - Started process (PID=226) to work on /opt/airflow/dags/silver_layer_dag.py
[2025-10-21T20:58:41.528+0000] {processor.py:830} INFO - Processing file /opt/airflow/dags/silver_layer_dag.py for tasks to queue
[2025-10-21T20:58:41.530+0000] {logging_mixin.py:188} INFO - [2025-10-21T20:58:41.530+0000] {dagbag.py:540} INFO - Filling up the DagBag from /opt/airflow/dags/silver_layer_dag.py
[2025-10-21T20:58:41.549+0000] {processor.py:840} INFO - DAG(s) 'silver_layer_cleaning_pyspark' retrieved from /opt/airflow/dags/silver_layer_dag.py
[2025-10-21T20:58:41.570+0000] {logging_mixin.py:188} INFO - [2025-10-21T20:58:41.570+0000] {dag.py:3096} INFO - Sync 1 DAGs
[2025-10-21T20:58:41.606+0000] {processor.py:183} INFO - Processing /opt/airflow/dags/silver_layer_dag.py took 0.085 seconds
[2025-10-21T20:59:29.834+0000] {processor.py:161} INFO - Started process (PID=230) to work on /opt/airflow/dags/silver_layer_dag.py
[2025-10-21T20:59:29.835+0000] {processor.py:830} INFO - Processing file /opt/airflow/dags/silver_layer_dag.py for tasks to queue
[2025-10-21T20:59:29.837+0000] {logging_mixin.py:188} INFO - [2025-10-21T20:59:29.836+0000] {dagbag.py:540} INFO - Filling up the DagBag from /opt/airflow/dags/silver_layer_dag.py
[2025-10-21T20:59:29.856+0000] {processor.py:840} INFO - DAG(s) 'silver_layer_cleaning_pyspark' retrieved from /opt/airflow/dags/silver_layer_dag.py
[2025-10-21T20:59:29.876+0000] {logging_mixin.py:188} INFO - [2025-10-21T20:59:29.876+0000] {dag.py:3096} INFO - Sync 1 DAGs
[2025-10-21T20:59:29.911+0000] {processor.py:183} INFO - Processing /opt/airflow/dags/silver_layer_dag.py took 0.082 seconds
[2025-10-21T21:00:00.789+0000] {processor.py:161} INFO - Started process (PID=232) to work on /opt/airflow/dags/silver_layer_dag.py
[2025-10-21T21:00:00.791+0000] {processor.py:830} INFO - Processing file /opt/airflow/dags/silver_layer_dag.py for tasks to queue
[2025-10-21T21:00:00.793+0000] {logging_mixin.py:188} INFO - [2025-10-21T21:00:00.792+0000] {dagbag.py:540} INFO - Filling up the DagBag from /opt/airflow/dags/silver_layer_dag.py
[2025-10-21T21:00:00.818+0000] {processor.py:840} INFO - DAG(s) 'silver_layer_cleaning_pyspark' retrieved from /opt/airflow/dags/silver_layer_dag.py
[2025-10-21T21:00:00.920+0000] {logging_mixin.py:188} INFO - [2025-10-21T21:00:00.920+0000] {dag.py:3096} INFO - Sync 1 DAGs
[2025-10-21T21:00:00.956+0000] {processor.py:183} INFO - Processing /opt/airflow/dags/silver_layer_dag.py took 0.172 seconds
[2025-10-21T21:00:31.818+0000] {processor.py:161} INFO - Started process (PID=237) to work on /opt/airflow/dags/silver_layer_dag.py
[2025-10-21T21:00:31.818+0000] {processor.py:830} INFO - Processing file /opt/airflow/dags/silver_layer_dag.py for tasks to queue
[2025-10-21T21:00:31.820+0000] {logging_mixin.py:188} INFO - [2025-10-21T21:00:31.820+0000] {dagbag.py:540} INFO - Filling up the DagBag from /opt/airflow/dags/silver_layer_dag.py
[2025-10-21T21:00:31.837+0000] {processor.py:840} INFO - DAG(s) 'silver_layer_cleaning_pyspark' retrieved from /opt/airflow/dags/silver_layer_dag.py
[2025-10-21T21:00:31.857+0000] {logging_mixin.py:188} INFO - [2025-10-21T21:00:31.857+0000] {dag.py:3096} INFO - Sync 1 DAGs
[2025-10-21T21:00:31.892+0000] {processor.py:183} INFO - Processing /opt/airflow/dags/silver_layer_dag.py took 0.079 seconds
[2025-10-21T21:01:11.722+0000] {processor.py:161} INFO - Started process (PID=240) to work on /opt/airflow/dags/silver_layer_dag.py
[2025-10-21T21:01:11.722+0000] {processor.py:830} INFO - Processing file /opt/airflow/dags/silver_layer_dag.py for tasks to queue
[2025-10-21T21:01:11.724+0000] {logging_mixin.py:188} INFO - [2025-10-21T21:01:11.724+0000] {dagbag.py:540} INFO - Filling up the DagBag from /opt/airflow/dags/silver_layer_dag.py
[2025-10-21T21:01:11.741+0000] {processor.py:840} INFO - DAG(s) 'silver_layer_cleaning_pyspark' retrieved from /opt/airflow/dags/silver_layer_dag.py
[2025-10-21T21:01:11.761+0000] {logging_mixin.py:188} INFO - [2025-10-21T21:01:11.760+0000] {dag.py:3096} INFO - Sync 1 DAGs
[2025-10-21T21:01:11.792+0000] {processor.py:183} INFO - Processing /opt/airflow/dags/silver_layer_dag.py took 0.076 seconds
[2025-10-21T21:01:42.013+0000] {processor.py:161} INFO - Started process (PID=243) to work on /opt/airflow/dags/silver_layer_dag.py
[2025-10-21T21:01:42.014+0000] {processor.py:830} INFO - Processing file /opt/airflow/dags/silver_layer_dag.py for tasks to queue
[2025-10-21T21:01:42.016+0000] {logging_mixin.py:188} INFO - [2025-10-21T21:01:42.016+0000] {dagbag.py:540} INFO - Filling up the DagBag from /opt/airflow/dags/silver_layer_dag.py
[2025-10-21T21:01:42.033+0000] {processor.py:840} INFO - DAG(s) 'silver_layer_cleaning_pyspark' retrieved from /opt/airflow/dags/silver_layer_dag.py
[2025-10-21T21:01:42.052+0000] {logging_mixin.py:188} INFO - [2025-10-21T21:01:42.052+0000] {dag.py:3096} INFO - Sync 1 DAGs
[2025-10-21T21:01:42.082+0000] {processor.py:183} INFO - Processing /opt/airflow/dags/silver_layer_dag.py took 0.074 seconds
[2025-10-21T21:02:43.004+0000] {processor.py:161} INFO - Started process (PID=246) to work on /opt/airflow/dags/silver_layer_dag.py
[2025-10-21T21:02:43.005+0000] {processor.py:830} INFO - Processing file /opt/airflow/dags/silver_layer_dag.py for tasks to queue
[2025-10-21T21:02:43.007+0000] {logging_mixin.py:188} INFO - [2025-10-21T21:02:43.006+0000] {dagbag.py:540} INFO - Filling up the DagBag from /opt/airflow/dags/silver_layer_dag.py
[2025-10-21T21:02:43.024+0000] {processor.py:840} INFO - DAG(s) 'silver_layer_cleaning_pyspark' retrieved from /opt/airflow/dags/silver_layer_dag.py
[2025-10-21T21:02:43.040+0000] {logging_mixin.py:188} INFO - [2025-10-21T21:02:43.040+0000] {dag.py:3096} INFO - Sync 1 DAGs
[2025-10-21T21:02:43.071+0000] {processor.py:183} INFO - Processing /opt/airflow/dags/silver_layer_dag.py took 0.073 seconds
[2025-10-21T21:03:13.473+0000] {processor.py:161} INFO - Started process (PID=249) to work on /opt/airflow/dags/silver_layer_dag.py
[2025-10-21T21:03:13.473+0000] {processor.py:830} INFO - Processing file /opt/airflow/dags/silver_layer_dag.py for tasks to queue
[2025-10-21T21:03:13.475+0000] {logging_mixin.py:188} INFO - [2025-10-21T21:03:13.475+0000] {dagbag.py:540} INFO - Filling up the DagBag from /opt/airflow/dags/silver_layer_dag.py
[2025-10-21T21:03:13.492+0000] {processor.py:840} INFO - DAG(s) 'silver_layer_cleaning_pyspark' retrieved from /opt/airflow/dags/silver_layer_dag.py
[2025-10-21T21:03:13.509+0000] {logging_mixin.py:188} INFO - [2025-10-21T21:03:13.509+0000] {dag.py:3096} INFO - Sync 1 DAGs
[2025-10-21T21:03:13.539+0000] {processor.py:183} INFO - Processing /opt/airflow/dags/silver_layer_dag.py took 0.072 seconds
[2025-10-21T21:03:44.478+0000] {processor.py:161} INFO - Started process (PID=252) to work on /opt/airflow/dags/silver_layer_dag.py
[2025-10-21T21:03:44.479+0000] {processor.py:830} INFO - Processing file /opt/airflow/dags/silver_layer_dag.py for tasks to queue
[2025-10-21T21:03:44.481+0000] {logging_mixin.py:188} INFO - [2025-10-21T21:03:44.480+0000] {dagbag.py:540} INFO - Filling up the DagBag from /opt/airflow/dags/silver_layer_dag.py
[2025-10-21T21:03:44.498+0000] {processor.py:840} INFO - DAG(s) 'silver_layer_cleaning_pyspark' retrieved from /opt/airflow/dags/silver_layer_dag.py
[2025-10-21T21:03:44.515+0000] {logging_mixin.py:188} INFO - [2025-10-21T21:03:44.515+0000] {dag.py:3096} INFO - Sync 1 DAGs
[2025-10-21T21:03:44.551+0000] {processor.py:183} INFO - Processing /opt/airflow/dags/silver_layer_dag.py took 0.078 seconds
[2025-10-21T21:04:15.448+0000] {processor.py:161} INFO - Started process (PID=255) to work on /opt/airflow/dags/silver_layer_dag.py
[2025-10-21T21:04:15.449+0000] {processor.py:830} INFO - Processing file /opt/airflow/dags/silver_layer_dag.py for tasks to queue
[2025-10-21T21:04:15.450+0000] {logging_mixin.py:188} INFO - [2025-10-21T21:04:15.450+0000] {dagbag.py:540} INFO - Filling up the DagBag from /opt/airflow/dags/silver_layer_dag.py
[2025-10-21T21:04:15.466+0000] {processor.py:840} INFO - DAG(s) 'silver_layer_cleaning_pyspark' retrieved from /opt/airflow/dags/silver_layer_dag.py
[2025-10-21T21:04:15.483+0000] {logging_mixin.py:188} INFO - [2025-10-21T21:04:15.483+0000] {dag.py:3096} INFO - Sync 1 DAGs
[2025-10-21T21:04:15.512+0000] {processor.py:183} INFO - Processing /opt/airflow/dags/silver_layer_dag.py took 0.069 seconds
[2025-10-21T21:04:46.428+0000] {processor.py:161} INFO - Started process (PID=258) to work on /opt/airflow/dags/silver_layer_dag.py
[2025-10-21T21:04:46.429+0000] {processor.py:830} INFO - Processing file /opt/airflow/dags/silver_layer_dag.py for tasks to queue
[2025-10-21T21:04:46.431+0000] {logging_mixin.py:188} INFO - [2025-10-21T21:04:46.431+0000] {dagbag.py:540} INFO - Filling up the DagBag from /opt/airflow/dags/silver_layer_dag.py
[2025-10-21T21:04:46.455+0000] {processor.py:840} INFO - DAG(s) 'silver_layer_cleaning_pyspark' retrieved from /opt/airflow/dags/silver_layer_dag.py
[2025-10-21T21:04:46.468+0000] {logging_mixin.py:188} INFO - [2025-10-21T21:04:46.467+0000] {dag.py:3096} INFO - Sync 1 DAGs
[2025-10-21T21:04:46.505+0000] {processor.py:183} INFO - Processing /opt/airflow/dags/silver_layer_dag.py took 0.084 seconds
[2025-10-21T21:05:16.622+0000] {processor.py:161} INFO - Started process (PID=265) to work on /opt/airflow/dags/silver_layer_dag.py
[2025-10-21T21:05:16.622+0000] {processor.py:830} INFO - Processing file /opt/airflow/dags/silver_layer_dag.py for tasks to queue
[2025-10-21T21:05:16.624+0000] {logging_mixin.py:188} INFO - [2025-10-21T21:05:16.624+0000] {dagbag.py:540} INFO - Filling up the DagBag from /opt/airflow/dags/silver_layer_dag.py
[2025-10-21T21:05:16.649+0000] {processor.py:840} INFO - DAG(s) 'silver_layer_cleaning_pyspark' retrieved from /opt/airflow/dags/silver_layer_dag.py
[2025-10-21T21:05:16.785+0000] {logging_mixin.py:188} INFO - [2025-10-21T21:05:16.785+0000] {dag.py:3096} INFO - Sync 1 DAGs
[2025-10-21T21:05:16.819+0000] {processor.py:183} INFO - Processing /opt/airflow/dags/silver_layer_dag.py took 0.204 seconds
[2025-10-21T21:06:09.966+0000] {processor.py:161} INFO - Started process (PID=268) to work on /opt/airflow/dags/silver_layer_dag.py
[2025-10-21T21:06:09.967+0000] {processor.py:830} INFO - Processing file /opt/airflow/dags/silver_layer_dag.py for tasks to queue
[2025-10-21T21:06:09.968+0000] {logging_mixin.py:188} INFO - [2025-10-21T21:06:09.968+0000] {dagbag.py:540} INFO - Filling up the DagBag from /opt/airflow/dags/silver_layer_dag.py
[2025-10-21T21:06:09.985+0000] {processor.py:840} INFO - DAG(s) 'silver_layer_cleaning_pyspark' retrieved from /opt/airflow/dags/silver_layer_dag.py
[2025-10-21T21:06:10.003+0000] {logging_mixin.py:188} INFO - [2025-10-21T21:06:10.003+0000] {dag.py:3096} INFO - Sync 1 DAGs
[2025-10-21T21:06:10.034+0000] {processor.py:183} INFO - Processing /opt/airflow/dags/silver_layer_dag.py took 0.072 seconds
[2025-10-21T21:06:40.878+0000] {processor.py:161} INFO - Started process (PID=271) to work on /opt/airflow/dags/silver_layer_dag.py
[2025-10-21T21:06:40.879+0000] {processor.py:830} INFO - Processing file /opt/airflow/dags/silver_layer_dag.py for tasks to queue
[2025-10-21T21:06:40.881+0000] {logging_mixin.py:188} INFO - [2025-10-21T21:06:40.880+0000] {dagbag.py:540} INFO - Filling up the DagBag from /opt/airflow/dags/silver_layer_dag.py
[2025-10-21T21:06:40.897+0000] {processor.py:840} INFO - DAG(s) 'silver_layer_cleaning_pyspark' retrieved from /opt/airflow/dags/silver_layer_dag.py
[2025-10-21T21:06:40.914+0000] {logging_mixin.py:188} INFO - [2025-10-21T21:06:40.914+0000] {dag.py:3096} INFO - Sync 1 DAGs
[2025-10-21T21:06:40.944+0000] {processor.py:183} INFO - Processing /opt/airflow/dags/silver_layer_dag.py took 0.071 seconds
[2025-10-21T21:07:21.691+0000] {processor.py:161} INFO - Started process (PID=274) to work on /opt/airflow/dags/silver_layer_dag.py
[2025-10-21T21:07:21.692+0000] {processor.py:830} INFO - Processing file /opt/airflow/dags/silver_layer_dag.py for tasks to queue
[2025-10-21T21:07:21.694+0000] {logging_mixin.py:188} INFO - [2025-10-21T21:07:21.694+0000] {dagbag.py:540} INFO - Filling up the DagBag from /opt/airflow/dags/silver_layer_dag.py
[2025-10-21T21:07:21.718+0000] {processor.py:840} INFO - DAG(s) 'silver_layer_cleaning_pyspark' retrieved from /opt/airflow/dags/silver_layer_dag.py
[2025-10-21T21:07:21.740+0000] {logging_mixin.py:188} INFO - [2025-10-21T21:07:21.740+0000] {dag.py:3096} INFO - Sync 1 DAGs
[2025-10-21T21:07:21.776+0000] {processor.py:183} INFO - Processing /opt/airflow/dags/silver_layer_dag.py took 0.091 seconds
[2025-10-21T21:08:11.088+0000] {processor.py:161} INFO - Started process (PID=277) to work on /opt/airflow/dags/silver_layer_dag.py
[2025-10-21T21:08:11.089+0000] {processor.py:830} INFO - Processing file /opt/airflow/dags/silver_layer_dag.py for tasks to queue
[2025-10-21T21:08:11.091+0000] {logging_mixin.py:188} INFO - [2025-10-21T21:08:11.090+0000] {dagbag.py:540} INFO - Filling up the DagBag from /opt/airflow/dags/silver_layer_dag.py
[2025-10-21T21:08:11.108+0000] {processor.py:840} INFO - DAG(s) 'silver_layer_cleaning_pyspark' retrieved from /opt/airflow/dags/silver_layer_dag.py
[2025-10-21T21:08:11.128+0000] {logging_mixin.py:188} INFO - [2025-10-21T21:08:11.128+0000] {dag.py:3096} INFO - Sync 1 DAGs
[2025-10-21T21:08:11.163+0000] {processor.py:183} INFO - Processing /opt/airflow/dags/silver_layer_dag.py took 0.081 seconds
[2025-10-21T21:08:57.498+0000] {processor.py:161} INFO - Started process (PID=280) to work on /opt/airflow/dags/silver_layer_dag.py
[2025-10-21T21:08:57.499+0000] {processor.py:830} INFO - Processing file /opt/airflow/dags/silver_layer_dag.py for tasks to queue
[2025-10-21T21:08:57.501+0000] {logging_mixin.py:188} INFO - [2025-10-21T21:08:57.500+0000] {dagbag.py:540} INFO - Filling up the DagBag from /opt/airflow/dags/silver_layer_dag.py
[2025-10-21T21:08:57.519+0000] {processor.py:840} INFO - DAG(s) 'silver_layer_cleaning_pyspark' retrieved from /opt/airflow/dags/silver_layer_dag.py
[2025-10-21T21:08:57.537+0000] {logging_mixin.py:188} INFO - [2025-10-21T21:08:57.537+0000] {dag.py:3096} INFO - Sync 1 DAGs
[2025-10-21T21:08:57.568+0000] {processor.py:183} INFO - Processing /opt/airflow/dags/silver_layer_dag.py took 0.076 seconds
[2025-10-21T21:09:27.773+0000] {processor.py:161} INFO - Started process (PID=283) to work on /opt/airflow/dags/silver_layer_dag.py
[2025-10-21T21:09:27.774+0000] {processor.py:830} INFO - Processing file /opt/airflow/dags/silver_layer_dag.py for tasks to queue
[2025-10-21T21:09:27.776+0000] {logging_mixin.py:188} INFO - [2025-10-21T21:09:27.776+0000] {dagbag.py:540} INFO - Filling up the DagBag from /opt/airflow/dags/silver_layer_dag.py
[2025-10-21T21:09:27.793+0000] {processor.py:840} INFO - DAG(s) 'silver_layer_cleaning_pyspark' retrieved from /opt/airflow/dags/silver_layer_dag.py
[2025-10-21T21:09:27.811+0000] {logging_mixin.py:188} INFO - [2025-10-21T21:09:27.811+0000] {dag.py:3096} INFO - Sync 1 DAGs
[2025-10-21T21:09:27.842+0000] {processor.py:183} INFO - Processing /opt/airflow/dags/silver_layer_dag.py took 0.074 seconds
[2025-10-21T21:09:58.262+0000] {processor.py:161} INFO - Started process (PID=286) to work on /opt/airflow/dags/silver_layer_dag.py
[2025-10-21T21:09:58.263+0000] {processor.py:830} INFO - Processing file /opt/airflow/dags/silver_layer_dag.py for tasks to queue
[2025-10-21T21:09:58.264+0000] {logging_mixin.py:188} INFO - [2025-10-21T21:09:58.264+0000] {dagbag.py:540} INFO - Filling up the DagBag from /opt/airflow/dags/silver_layer_dag.py
[2025-10-21T21:09:58.282+0000] {processor.py:840} INFO - DAG(s) 'silver_layer_cleaning_pyspark' retrieved from /opt/airflow/dags/silver_layer_dag.py
[2025-10-21T21:09:58.300+0000] {logging_mixin.py:188} INFO - [2025-10-21T21:09:58.300+0000] {dag.py:3096} INFO - Sync 1 DAGs
[2025-10-21T21:09:58.332+0000] {processor.py:183} INFO - Processing /opt/airflow/dags/silver_layer_dag.py took 0.076 seconds
[2025-10-21T21:10:28.569+0000] {processor.py:161} INFO - Started process (PID=289) to work on /opt/airflow/dags/silver_layer_dag.py
[2025-10-21T21:10:28.570+0000] {processor.py:830} INFO - Processing file /opt/airflow/dags/silver_layer_dag.py for tasks to queue
[2025-10-21T21:10:28.574+0000] {logging_mixin.py:188} INFO - [2025-10-21T21:10:28.573+0000] {dagbag.py:540} INFO - Filling up the DagBag from /opt/airflow/dags/silver_layer_dag.py
[2025-10-21T21:10:28.597+0000] {processor.py:840} INFO - DAG(s) 'silver_layer_cleaning_pyspark' retrieved from /opt/airflow/dags/silver_layer_dag.py
[2025-10-21T21:10:28.620+0000] {logging_mixin.py:188} INFO - [2025-10-21T21:10:28.620+0000] {dag.py:3096} INFO - Sync 1 DAGs
[2025-10-21T21:10:28.658+0000] {processor.py:183} INFO - Processing /opt/airflow/dags/silver_layer_dag.py took 0.096 seconds
[2025-10-21T21:11:05.564+0000] {processor.py:161} INFO - Started process (PID=292) to work on /opt/airflow/dags/silver_layer_dag.py
[2025-10-21T21:11:05.565+0000] {processor.py:830} INFO - Processing file /opt/airflow/dags/silver_layer_dag.py for tasks to queue
[2025-10-21T21:11:05.566+0000] {logging_mixin.py:188} INFO - [2025-10-21T21:11:05.566+0000] {dagbag.py:540} INFO - Filling up the DagBag from /opt/airflow/dags/silver_layer_dag.py
[2025-10-21T21:11:05.585+0000] {processor.py:840} INFO - DAG(s) 'silver_layer_cleaning_pyspark' retrieved from /opt/airflow/dags/silver_layer_dag.py
[2025-10-21T21:11:05.605+0000] {logging_mixin.py:188} INFO - [2025-10-21T21:11:05.605+0000] {dag.py:3096} INFO - Sync 1 DAGs
[2025-10-21T21:11:05.638+0000] {processor.py:183} INFO - Processing /opt/airflow/dags/silver_layer_dag.py took 0.079 seconds
[2025-10-21T21:11:35.831+0000] {processor.py:161} INFO - Started process (PID=295) to work on /opt/airflow/dags/silver_layer_dag.py
[2025-10-21T21:11:35.831+0000] {processor.py:830} INFO - Processing file /opt/airflow/dags/silver_layer_dag.py for tasks to queue
[2025-10-21T21:11:35.833+0000] {logging_mixin.py:188} INFO - [2025-10-21T21:11:35.833+0000] {dagbag.py:540} INFO - Filling up the DagBag from /opt/airflow/dags/silver_layer_dag.py
[2025-10-21T21:11:35.849+0000] {processor.py:840} INFO - DAG(s) 'silver_layer_cleaning_pyspark' retrieved from /opt/airflow/dags/silver_layer_dag.py
[2025-10-21T21:11:35.871+0000] {logging_mixin.py:188} INFO - [2025-10-21T21:11:35.870+0000] {dag.py:3096} INFO - Sync 1 DAGs
[2025-10-21T21:11:35.900+0000] {processor.py:183} INFO - Processing /opt/airflow/dags/silver_layer_dag.py took 0.075 seconds
[2025-10-21T21:12:06.505+0000] {processor.py:161} INFO - Started process (PID=298) to work on /opt/airflow/dags/silver_layer_dag.py
[2025-10-21T21:12:06.505+0000] {processor.py:830} INFO - Processing file /opt/airflow/dags/silver_layer_dag.py for tasks to queue
[2025-10-21T21:12:06.507+0000] {logging_mixin.py:188} INFO - [2025-10-21T21:12:06.507+0000] {dagbag.py:540} INFO - Filling up the DagBag from /opt/airflow/dags/silver_layer_dag.py
[2025-10-21T21:12:06.525+0000] {processor.py:840} INFO - DAG(s) 'silver_layer_cleaning_pyspark' retrieved from /opt/airflow/dags/silver_layer_dag.py
[2025-10-21T21:12:06.543+0000] {logging_mixin.py:188} INFO - [2025-10-21T21:12:06.543+0000] {dag.py:3096} INFO - Sync 1 DAGs
[2025-10-21T21:12:06.574+0000] {processor.py:183} INFO - Processing /opt/airflow/dags/silver_layer_dag.py took 0.075 seconds
[2025-10-21T21:12:37.261+0000] {processor.py:161} INFO - Started process (PID=301) to work on /opt/airflow/dags/silver_layer_dag.py
[2025-10-21T21:12:37.262+0000] {processor.py:830} INFO - Processing file /opt/airflow/dags/silver_layer_dag.py for tasks to queue
[2025-10-21T21:12:37.264+0000] {logging_mixin.py:188} INFO - [2025-10-21T21:12:37.264+0000] {dagbag.py:540} INFO - Filling up the DagBag from /opt/airflow/dags/silver_layer_dag.py
[2025-10-21T21:12:37.279+0000] {processor.py:840} INFO - DAG(s) 'silver_layer_cleaning_pyspark' retrieved from /opt/airflow/dags/silver_layer_dag.py
[2025-10-21T21:12:37.295+0000] {logging_mixin.py:188} INFO - [2025-10-21T21:12:37.295+0000] {dag.py:3096} INFO - Sync 1 DAGs
[2025-10-21T21:12:37.323+0000] {processor.py:183} INFO - Processing /opt/airflow/dags/silver_layer_dag.py took 0.067 seconds
[2025-10-21T21:13:07.525+0000] {processor.py:161} INFO - Started process (PID=304) to work on /opt/airflow/dags/silver_layer_dag.py
[2025-10-21T21:13:07.525+0000] {processor.py:830} INFO - Processing file /opt/airflow/dags/silver_layer_dag.py for tasks to queue
[2025-10-21T21:13:07.527+0000] {logging_mixin.py:188} INFO - [2025-10-21T21:13:07.526+0000] {dagbag.py:540} INFO - Filling up the DagBag from /opt/airflow/dags/silver_layer_dag.py
[2025-10-21T21:13:07.542+0000] {processor.py:840} INFO - DAG(s) 'silver_layer_cleaning_pyspark' retrieved from /opt/airflow/dags/silver_layer_dag.py
[2025-10-21T21:13:07.559+0000] {logging_mixin.py:188} INFO - [2025-10-21T21:13:07.559+0000] {dag.py:3096} INFO - Sync 1 DAGs
[2025-10-21T21:13:07.588+0000] {processor.py:183} INFO - Processing /opt/airflow/dags/silver_layer_dag.py took 0.069 seconds
[2025-10-21T21:13:37.648+0000] {processor.py:161} INFO - Started process (PID=307) to work on /opt/airflow/dags/silver_layer_dag.py
[2025-10-21T21:13:37.649+0000] {processor.py:830} INFO - Processing file /opt/airflow/dags/silver_layer_dag.py for tasks to queue
[2025-10-21T21:13:37.651+0000] {logging_mixin.py:188} INFO - [2025-10-21T21:13:37.651+0000] {dagbag.py:540} INFO - Filling up the DagBag from /opt/airflow/dags/silver_layer_dag.py
[2025-10-21T21:13:37.667+0000] {processor.py:840} INFO - DAG(s) 'silver_layer_cleaning_pyspark' retrieved from /opt/airflow/dags/silver_layer_dag.py
[2025-10-21T21:13:37.685+0000] {logging_mixin.py:188} INFO - [2025-10-21T21:13:37.684+0000] {dag.py:3096} INFO - Sync 1 DAGs
[2025-10-21T21:13:37.715+0000] {processor.py:183} INFO - Processing /opt/airflow/dags/silver_layer_dag.py took 0.073 seconds
[2025-10-21T21:14:27.716+0000] {processor.py:161} INFO - Started process (PID=310) to work on /opt/airflow/dags/silver_layer_dag.py
[2025-10-21T21:14:27.717+0000] {processor.py:830} INFO - Processing file /opt/airflow/dags/silver_layer_dag.py for tasks to queue
[2025-10-21T21:14:27.719+0000] {logging_mixin.py:188} INFO - [2025-10-21T21:14:27.719+0000] {dagbag.py:540} INFO - Filling up the DagBag from /opt/airflow/dags/silver_layer_dag.py
[2025-10-21T21:14:27.737+0000] {processor.py:840} INFO - DAG(s) 'silver_layer_cleaning_pyspark' retrieved from /opt/airflow/dags/silver_layer_dag.py
[2025-10-21T21:14:27.755+0000] {logging_mixin.py:188} INFO - [2025-10-21T21:14:27.755+0000] {dag.py:3096} INFO - Sync 1 DAGs
[2025-10-21T21:14:27.788+0000] {processor.py:183} INFO - Processing /opt/airflow/dags/silver_layer_dag.py took 0.078 seconds
[2025-10-21T21:14:58.015+0000] {processor.py:161} INFO - Started process (PID=313) to work on /opt/airflow/dags/silver_layer_dag.py
[2025-10-21T21:14:58.017+0000] {processor.py:830} INFO - Processing file /opt/airflow/dags/silver_layer_dag.py for tasks to queue
[2025-10-21T21:14:58.020+0000] {logging_mixin.py:188} INFO - [2025-10-21T21:14:58.019+0000] {dagbag.py:540} INFO - Filling up the DagBag from /opt/airflow/dags/silver_layer_dag.py
[2025-10-21T21:14:58.050+0000] {processor.py:840} INFO - DAG(s) 'silver_layer_cleaning_pyspark' retrieved from /opt/airflow/dags/silver_layer_dag.py
[2025-10-21T21:14:58.077+0000] {logging_mixin.py:188} INFO - [2025-10-21T21:14:58.077+0000] {dag.py:3096} INFO - Sync 1 DAGs
[2025-10-21T21:14:58.130+0000] {processor.py:183} INFO - Processing /opt/airflow/dags/silver_layer_dag.py took 0.124 seconds
[2025-10-21T21:15:28.188+0000] {processor.py:161} INFO - Started process (PID=316) to work on /opt/airflow/dags/silver_layer_dag.py
[2025-10-21T21:15:28.189+0000] {processor.py:830} INFO - Processing file /opt/airflow/dags/silver_layer_dag.py for tasks to queue
[2025-10-21T21:15:28.191+0000] {logging_mixin.py:188} INFO - [2025-10-21T21:15:28.190+0000] {dagbag.py:540} INFO - Filling up the DagBag from /opt/airflow/dags/silver_layer_dag.py
[2025-10-21T21:15:28.208+0000] {processor.py:840} INFO - DAG(s) 'silver_layer_cleaning_pyspark' retrieved from /opt/airflow/dags/silver_layer_dag.py
[2025-10-21T21:15:28.229+0000] {logging_mixin.py:188} INFO - [2025-10-21T21:15:28.229+0000] {dag.py:3096} INFO - Sync 1 DAGs
[2025-10-21T21:15:28.265+0000] {processor.py:183} INFO - Processing /opt/airflow/dags/silver_layer_dag.py took 0.083 seconds
[2025-10-21T21:16:31.398+0000] {processor.py:161} INFO - Started process (PID=319) to work on /opt/airflow/dags/silver_layer_dag.py
[2025-10-21T21:16:31.399+0000] {processor.py:830} INFO - Processing file /opt/airflow/dags/silver_layer_dag.py for tasks to queue
[2025-10-21T21:16:31.402+0000] {logging_mixin.py:188} INFO - [2025-10-21T21:16:31.402+0000] {dagbag.py:540} INFO - Filling up the DagBag from /opt/airflow/dags/silver_layer_dag.py
[2025-10-21T21:16:31.428+0000] {processor.py:840} INFO - DAG(s) 'silver_layer_cleaning_pyspark' retrieved from /opt/airflow/dags/silver_layer_dag.py
[2025-10-21T21:16:31.454+0000] {logging_mixin.py:188} INFO - [2025-10-21T21:16:31.454+0000] {dag.py:3096} INFO - Sync 1 DAGs
[2025-10-21T21:16:31.518+0000] {processor.py:183} INFO - Processing /opt/airflow/dags/silver_layer_dag.py took 0.127 seconds
[2025-10-21T21:17:01.756+0000] {processor.py:161} INFO - Started process (PID=322) to work on /opt/airflow/dags/silver_layer_dag.py
[2025-10-21T21:17:01.757+0000] {processor.py:830} INFO - Processing file /opt/airflow/dags/silver_layer_dag.py for tasks to queue
[2025-10-21T21:17:01.760+0000] {logging_mixin.py:188} INFO - [2025-10-21T21:17:01.759+0000] {dagbag.py:540} INFO - Filling up the DagBag from /opt/airflow/dags/silver_layer_dag.py
[2025-10-21T21:17:01.778+0000] {processor.py:840} INFO - DAG(s) 'silver_layer_cleaning_pyspark' retrieved from /opt/airflow/dags/silver_layer_dag.py
[2025-10-21T21:17:01.797+0000] {logging_mixin.py:188} INFO - [2025-10-21T21:17:01.797+0000] {dag.py:3096} INFO - Sync 1 DAGs
[2025-10-21T21:17:01.829+0000] {processor.py:183} INFO - Processing /opt/airflow/dags/silver_layer_dag.py took 0.080 seconds
[2025-10-21T21:17:31.928+0000] {processor.py:161} INFO - Started process (PID=325) to work on /opt/airflow/dags/silver_layer_dag.py
[2025-10-21T21:17:31.929+0000] {processor.py:830} INFO - Processing file /opt/airflow/dags/silver_layer_dag.py for tasks to queue
[2025-10-21T21:17:31.931+0000] {logging_mixin.py:188} INFO - [2025-10-21T21:17:31.930+0000] {dagbag.py:540} INFO - Filling up the DagBag from /opt/airflow/dags/silver_layer_dag.py
[2025-10-21T21:17:31.948+0000] {processor.py:840} INFO - DAG(s) 'silver_layer_cleaning_pyspark' retrieved from /opt/airflow/dags/silver_layer_dag.py
[2025-10-21T21:17:31.968+0000] {logging_mixin.py:188} INFO - [2025-10-21T21:17:31.968+0000] {dag.py:3096} INFO - Sync 1 DAGs
[2025-10-21T21:17:32.000+0000] {processor.py:183} INFO - Processing /opt/airflow/dags/silver_layer_dag.py took 0.077 seconds
[2025-10-21T21:18:02.850+0000] {processor.py:161} INFO - Started process (PID=328) to work on /opt/airflow/dags/silver_layer_dag.py
[2025-10-21T21:18:02.851+0000] {processor.py:830} INFO - Processing file /opt/airflow/dags/silver_layer_dag.py for tasks to queue
[2025-10-21T21:18:02.852+0000] {logging_mixin.py:188} INFO - [2025-10-21T21:18:02.852+0000] {dagbag.py:540} INFO - Filling up the DagBag from /opt/airflow/dags/silver_layer_dag.py
[2025-10-21T21:18:02.871+0000] {processor.py:840} INFO - DAG(s) 'silver_layer_cleaning_pyspark' retrieved from /opt/airflow/dags/silver_layer_dag.py
[2025-10-21T21:18:02.891+0000] {logging_mixin.py:188} INFO - [2025-10-21T21:18:02.891+0000] {dag.py:3096} INFO - Sync 1 DAGs
[2025-10-21T21:18:02.922+0000] {processor.py:183} INFO - Processing /opt/airflow/dags/silver_layer_dag.py took 0.077 seconds
[2025-10-21T21:18:33.590+0000] {processor.py:161} INFO - Started process (PID=331) to work on /opt/airflow/dags/silver_layer_dag.py
[2025-10-21T21:18:33.591+0000] {processor.py:830} INFO - Processing file /opt/airflow/dags/silver_layer_dag.py for tasks to queue
[2025-10-21T21:18:33.592+0000] {logging_mixin.py:188} INFO - [2025-10-21T21:18:33.592+0000] {dagbag.py:540} INFO - Filling up the DagBag from /opt/airflow/dags/silver_layer_dag.py
[2025-10-21T21:18:33.610+0000] {processor.py:840} INFO - DAG(s) 'silver_layer_cleaning_pyspark' retrieved from /opt/airflow/dags/silver_layer_dag.py
[2025-10-21T21:18:33.629+0000] {logging_mixin.py:188} INFO - [2025-10-21T21:18:33.629+0000] {dag.py:3096} INFO - Sync 1 DAGs
[2025-10-21T21:18:33.661+0000] {processor.py:183} INFO - Processing /opt/airflow/dags/silver_layer_dag.py took 0.077 seconds
[2025-10-21T21:19:03.853+0000] {processor.py:161} INFO - Started process (PID=334) to work on /opt/airflow/dags/silver_layer_dag.py
[2025-10-21T21:19:03.853+0000] {processor.py:830} INFO - Processing file /opt/airflow/dags/silver_layer_dag.py for tasks to queue
[2025-10-21T21:19:03.855+0000] {logging_mixin.py:188} INFO - [2025-10-21T21:19:03.855+0000] {dagbag.py:540} INFO - Filling up the DagBag from /opt/airflow/dags/silver_layer_dag.py
[2025-10-21T21:19:03.871+0000] {processor.py:840} INFO - DAG(s) 'silver_layer_cleaning_pyspark' retrieved from /opt/airflow/dags/silver_layer_dag.py
[2025-10-21T21:19:03.889+0000] {logging_mixin.py:188} INFO - [2025-10-21T21:19:03.889+0000] {dag.py:3096} INFO - Sync 1 DAGs
[2025-10-21T21:19:03.917+0000] {processor.py:183} INFO - Processing /opt/airflow/dags/silver_layer_dag.py took 0.069 seconds
[2025-10-21T21:19:34.810+0000] {processor.py:161} INFO - Started process (PID=337) to work on /opt/airflow/dags/silver_layer_dag.py
[2025-10-21T21:19:34.811+0000] {processor.py:830} INFO - Processing file /opt/airflow/dags/silver_layer_dag.py for tasks to queue
[2025-10-21T21:19:34.813+0000] {logging_mixin.py:188} INFO - [2025-10-21T21:19:34.813+0000] {dagbag.py:540} INFO - Filling up the DagBag from /opt/airflow/dags/silver_layer_dag.py
[2025-10-21T21:19:34.830+0000] {processor.py:840} INFO - DAG(s) 'silver_layer_cleaning_pyspark' retrieved from /opt/airflow/dags/silver_layer_dag.py
[2025-10-21T21:19:34.851+0000] {logging_mixin.py:188} INFO - [2025-10-21T21:19:34.850+0000] {dag.py:3096} INFO - Sync 1 DAGs
[2025-10-21T21:19:34.881+0000] {processor.py:183} INFO - Processing /opt/airflow/dags/silver_layer_dag.py took 0.076 seconds
[2025-10-21T21:20:05.773+0000] {processor.py:161} INFO - Started process (PID=340) to work on /opt/airflow/dags/silver_layer_dag.py
[2025-10-21T21:20:05.774+0000] {processor.py:830} INFO - Processing file /opt/airflow/dags/silver_layer_dag.py for tasks to queue
[2025-10-21T21:20:05.776+0000] {logging_mixin.py:188} INFO - [2025-10-21T21:20:05.775+0000] {dagbag.py:540} INFO - Filling up the DagBag from /opt/airflow/dags/silver_layer_dag.py
[2025-10-21T21:20:05.793+0000] {processor.py:840} INFO - DAG(s) 'silver_layer_cleaning_pyspark' retrieved from /opt/airflow/dags/silver_layer_dag.py
[2025-10-21T21:20:05.813+0000] {logging_mixin.py:188} INFO - [2025-10-21T21:20:05.813+0000] {dag.py:3096} INFO - Sync 1 DAGs
[2025-10-21T21:20:05.846+0000] {processor.py:183} INFO - Processing /opt/airflow/dags/silver_layer_dag.py took 0.079 seconds
[2025-10-21T21:20:36.650+0000] {processor.py:161} INFO - Started process (PID=343) to work on /opt/airflow/dags/silver_layer_dag.py
[2025-10-21T21:20:36.650+0000] {processor.py:830} INFO - Processing file /opt/airflow/dags/silver_layer_dag.py for tasks to queue
[2025-10-21T21:20:36.652+0000] {logging_mixin.py:188} INFO - [2025-10-21T21:20:36.652+0000] {dagbag.py:540} INFO - Filling up the DagBag from /opt/airflow/dags/silver_layer_dag.py
[2025-10-21T21:20:36.670+0000] {processor.py:840} INFO - DAG(s) 'silver_layer_cleaning_pyspark' retrieved from /opt/airflow/dags/silver_layer_dag.py
[2025-10-21T21:20:36.688+0000] {logging_mixin.py:188} INFO - [2025-10-21T21:20:36.688+0000] {dag.py:3096} INFO - Sync 1 DAGs
[2025-10-21T21:20:36.719+0000] {processor.py:183} INFO - Processing /opt/airflow/dags/silver_layer_dag.py took 0.075 seconds
[2025-10-21T21:21:06.924+0000] {processor.py:161} INFO - Started process (PID=346) to work on /opt/airflow/dags/silver_layer_dag.py
[2025-10-21T21:21:06.925+0000] {processor.py:830} INFO - Processing file /opt/airflow/dags/silver_layer_dag.py for tasks to queue
[2025-10-21T21:21:06.927+0000] {logging_mixin.py:188} INFO - [2025-10-21T21:21:06.926+0000] {dagbag.py:540} INFO - Filling up the DagBag from /opt/airflow/dags/silver_layer_dag.py
[2025-10-21T21:21:06.944+0000] {processor.py:840} INFO - DAG(s) 'silver_layer_cleaning_pyspark' retrieved from /opt/airflow/dags/silver_layer_dag.py
[2025-10-21T21:21:06.963+0000] {logging_mixin.py:188} INFO - [2025-10-21T21:21:06.963+0000] {dag.py:3096} INFO - Sync 1 DAGs
[2025-10-21T21:21:06.994+0000] {processor.py:183} INFO - Processing /opt/airflow/dags/silver_layer_dag.py took 0.077 seconds
[2025-10-21T21:21:53.911+0000] {processor.py:161} INFO - Started process (PID=349) to work on /opt/airflow/dags/silver_layer_dag.py
[2025-10-21T21:21:53.912+0000] {processor.py:830} INFO - Processing file /opt/airflow/dags/silver_layer_dag.py for tasks to queue
[2025-10-21T21:21:53.914+0000] {logging_mixin.py:188} INFO - [2025-10-21T21:21:53.914+0000] {dagbag.py:540} INFO - Filling up the DagBag from /opt/airflow/dags/silver_layer_dag.py
[2025-10-21T21:21:53.933+0000] {processor.py:840} INFO - DAG(s) 'silver_layer_cleaning_pyspark' retrieved from /opt/airflow/dags/silver_layer_dag.py
[2025-10-21T21:21:53.951+0000] {logging_mixin.py:188} INFO - [2025-10-21T21:21:53.951+0000] {dag.py:3096} INFO - Sync 1 DAGs
[2025-10-21T21:21:53.983+0000] {processor.py:183} INFO - Processing /opt/airflow/dags/silver_layer_dag.py took 0.076 seconds
[2025-10-21T21:22:24.184+0000] {processor.py:161} INFO - Started process (PID=352) to work on /opt/airflow/dags/silver_layer_dag.py
[2025-10-21T21:22:24.185+0000] {processor.py:830} INFO - Processing file /opt/airflow/dags/silver_layer_dag.py for tasks to queue
[2025-10-21T21:22:24.187+0000] {logging_mixin.py:188} INFO - [2025-10-21T21:22:24.187+0000] {dagbag.py:540} INFO - Filling up the DagBag from /opt/airflow/dags/silver_layer_dag.py
[2025-10-21T21:22:24.204+0000] {processor.py:840} INFO - DAG(s) 'silver_layer_cleaning_pyspark' retrieved from /opt/airflow/dags/silver_layer_dag.py
[2025-10-21T21:22:24.221+0000] {logging_mixin.py:188} INFO - [2025-10-21T21:22:24.221+0000] {dag.py:3096} INFO - Sync 1 DAGs
[2025-10-21T21:22:24.251+0000] {processor.py:183} INFO - Processing /opt/airflow/dags/silver_layer_dag.py took 0.072 seconds
[2025-10-21T21:22:54.619+0000] {processor.py:161} INFO - Started process (PID=355) to work on /opt/airflow/dags/silver_layer_dag.py
[2025-10-21T21:22:54.620+0000] {processor.py:830} INFO - Processing file /opt/airflow/dags/silver_layer_dag.py for tasks to queue
[2025-10-21T21:22:54.621+0000] {logging_mixin.py:188} INFO - [2025-10-21T21:22:54.621+0000] {dagbag.py:540} INFO - Filling up the DagBag from /opt/airflow/dags/silver_layer_dag.py
[2025-10-21T21:22:54.641+0000] {processor.py:840} INFO - DAG(s) 'silver_layer_cleaning_pyspark' retrieved from /opt/airflow/dags/silver_layer_dag.py
[2025-10-21T21:22:54.661+0000] {logging_mixin.py:188} INFO - [2025-10-21T21:22:54.661+0000] {dag.py:3096} INFO - Sync 1 DAGs
[2025-10-21T21:22:54.695+0000] {processor.py:183} INFO - Processing /opt/airflow/dags/silver_layer_dag.py took 0.082 seconds
[2025-10-21T21:23:24.871+0000] {processor.py:161} INFO - Started process (PID=358) to work on /opt/airflow/dags/silver_layer_dag.py
[2025-10-21T21:23:24.872+0000] {processor.py:830} INFO - Processing file /opt/airflow/dags/silver_layer_dag.py for tasks to queue
[2025-10-21T21:23:24.874+0000] {logging_mixin.py:188} INFO - [2025-10-21T21:23:24.873+0000] {dagbag.py:540} INFO - Filling up the DagBag from /opt/airflow/dags/silver_layer_dag.py
[2025-10-21T21:23:24.890+0000] {processor.py:840} INFO - DAG(s) 'silver_layer_cleaning_pyspark' retrieved from /opt/airflow/dags/silver_layer_dag.py
[2025-10-21T21:23:24.909+0000] {logging_mixin.py:188} INFO - [2025-10-21T21:23:24.909+0000] {dag.py:3096} INFO - Sync 1 DAGs
[2025-10-21T21:23:24.938+0000] {processor.py:183} INFO - Processing /opt/airflow/dags/silver_layer_dag.py took 0.073 seconds
[2025-10-21T21:23:55.833+0000] {processor.py:161} INFO - Started process (PID=361) to work on /opt/airflow/dags/silver_layer_dag.py
[2025-10-21T21:23:55.834+0000] {processor.py:830} INFO - Processing file /opt/airflow/dags/silver_layer_dag.py for tasks to queue
[2025-10-21T21:23:55.836+0000] {logging_mixin.py:188} INFO - [2025-10-21T21:23:55.835+0000] {dagbag.py:540} INFO - Filling up the DagBag from /opt/airflow/dags/silver_layer_dag.py
[2025-10-21T21:23:55.852+0000] {processor.py:840} INFO - DAG(s) 'silver_layer_cleaning_pyspark' retrieved from /opt/airflow/dags/silver_layer_dag.py
[2025-10-21T21:23:55.869+0000] {logging_mixin.py:188} INFO - [2025-10-21T21:23:55.869+0000] {dag.py:3096} INFO - Sync 1 DAGs
[2025-10-21T21:23:55.897+0000] {processor.py:183} INFO - Processing /opt/airflow/dags/silver_layer_dag.py took 0.069 seconds
[2025-10-21T21:24:26.793+0000] {processor.py:161} INFO - Started process (PID=364) to work on /opt/airflow/dags/silver_layer_dag.py
[2025-10-21T21:24:26.794+0000] {processor.py:830} INFO - Processing file /opt/airflow/dags/silver_layer_dag.py for tasks to queue
[2025-10-21T21:24:26.796+0000] {logging_mixin.py:188} INFO - [2025-10-21T21:24:26.795+0000] {dagbag.py:540} INFO - Filling up the DagBag from /opt/airflow/dags/silver_layer_dag.py
[2025-10-21T21:24:26.812+0000] {processor.py:840} INFO - DAG(s) 'silver_layer_cleaning_pyspark' retrieved from /opt/airflow/dags/silver_layer_dag.py
[2025-10-21T21:24:26.830+0000] {logging_mixin.py:188} INFO - [2025-10-21T21:24:26.830+0000] {dag.py:3096} INFO - Sync 1 DAGs
[2025-10-21T21:24:26.863+0000] {processor.py:183} INFO - Processing /opt/airflow/dags/silver_layer_dag.py took 0.075 seconds
[2025-10-21T21:24:57.215+0000] {processor.py:161} INFO - Started process (PID=367) to work on /opt/airflow/dags/silver_layer_dag.py
[2025-10-21T21:24:57.215+0000] {processor.py:830} INFO - Processing file /opt/airflow/dags/silver_layer_dag.py for tasks to queue
[2025-10-21T21:24:57.217+0000] {logging_mixin.py:188} INFO - [2025-10-21T21:24:57.217+0000] {dagbag.py:540} INFO - Filling up the DagBag from /opt/airflow/dags/silver_layer_dag.py
[2025-10-21T21:24:57.235+0000] {processor.py:840} INFO - DAG(s) 'silver_layer_cleaning_pyspark' retrieved from /opt/airflow/dags/silver_layer_dag.py
[2025-10-21T21:24:57.255+0000] {logging_mixin.py:188} INFO - [2025-10-21T21:24:57.255+0000] {dag.py:3096} INFO - Sync 1 DAGs
[2025-10-21T21:24:57.287+0000] {processor.py:183} INFO - Processing /opt/airflow/dags/silver_layer_dag.py took 0.079 seconds
[2025-10-21T21:25:50.570+0000] {processor.py:161} INFO - Started process (PID=370) to work on /opt/airflow/dags/silver_layer_dag.py
[2025-10-21T21:25:50.571+0000] {processor.py:830} INFO - Processing file /opt/airflow/dags/silver_layer_dag.py for tasks to queue
[2025-10-21T21:25:50.573+0000] {logging_mixin.py:188} INFO - [2025-10-21T21:25:50.573+0000] {dagbag.py:540} INFO - Filling up the DagBag from /opt/airflow/dags/silver_layer_dag.py
[2025-10-21T21:25:50.591+0000] {processor.py:840} INFO - DAG(s) 'silver_layer_cleaning_pyspark' retrieved from /opt/airflow/dags/silver_layer_dag.py
[2025-10-21T21:25:50.610+0000] {logging_mixin.py:188} INFO - [2025-10-21T21:25:50.610+0000] {dag.py:3096} INFO - Sync 1 DAGs
[2025-10-21T21:25:50.642+0000] {processor.py:183} INFO - Processing /opt/airflow/dags/silver_layer_dag.py took 0.078 seconds
[2025-10-21T21:26:20.846+0000] {processor.py:161} INFO - Started process (PID=373) to work on /opt/airflow/dags/silver_layer_dag.py
[2025-10-21T21:26:20.847+0000] {processor.py:830} INFO - Processing file /opt/airflow/dags/silver_layer_dag.py for tasks to queue
[2025-10-21T21:26:20.849+0000] {logging_mixin.py:188} INFO - [2025-10-21T21:26:20.849+0000] {dagbag.py:540} INFO - Filling up the DagBag from /opt/airflow/dags/silver_layer_dag.py
[2025-10-21T21:26:20.867+0000] {processor.py:840} INFO - DAG(s) 'silver_layer_cleaning_pyspark' retrieved from /opt/airflow/dags/silver_layer_dag.py
[2025-10-21T21:26:20.887+0000] {logging_mixin.py:188} INFO - [2025-10-21T21:26:20.887+0000] {dag.py:3096} INFO - Sync 1 DAGs
[2025-10-21T21:26:20.918+0000] {processor.py:183} INFO - Processing /opt/airflow/dags/silver_layer_dag.py took 0.078 seconds
[2025-10-21T21:26:51.264+0000] {processor.py:161} INFO - Started process (PID=376) to work on /opt/airflow/dags/silver_layer_dag.py
[2025-10-21T21:26:51.265+0000] {processor.py:830} INFO - Processing file /opt/airflow/dags/silver_layer_dag.py for tasks to queue
[2025-10-21T21:26:51.267+0000] {logging_mixin.py:188} INFO - [2025-10-21T21:26:51.267+0000] {dagbag.py:540} INFO - Filling up the DagBag from /opt/airflow/dags/silver_layer_dag.py
[2025-10-21T21:26:51.286+0000] {processor.py:840} INFO - DAG(s) 'silver_layer_cleaning_pyspark' retrieved from /opt/airflow/dags/silver_layer_dag.py
[2025-10-21T21:26:51.305+0000] {logging_mixin.py:188} INFO - [2025-10-21T21:26:51.305+0000] {dag.py:3096} INFO - Sync 1 DAGs
[2025-10-21T21:26:51.341+0000] {processor.py:183} INFO - Processing /opt/airflow/dags/silver_layer_dag.py took 0.083 seconds
[2025-10-21T21:27:22.114+0000] {processor.py:161} INFO - Started process (PID=384) to work on /opt/airflow/dags/silver_layer_dag.py
[2025-10-21T21:27:22.115+0000] {processor.py:830} INFO - Processing file /opt/airflow/dags/silver_layer_dag.py for tasks to queue
[2025-10-21T21:27:22.117+0000] {logging_mixin.py:188} INFO - [2025-10-21T21:27:22.116+0000] {dagbag.py:540} INFO - Filling up the DagBag from /opt/airflow/dags/silver_layer_dag.py
[2025-10-21T21:27:22.134+0000] {processor.py:840} INFO - DAG(s) 'silver_layer_cleaning_pyspark' retrieved from /opt/airflow/dags/silver_layer_dag.py
[2025-10-21T21:27:22.153+0000] {logging_mixin.py:188} INFO - [2025-10-21T21:27:22.153+0000] {dag.py:3096} INFO - Sync 1 DAGs
[2025-10-21T21:27:22.188+0000] {processor.py:183} INFO - Processing /opt/airflow/dags/silver_layer_dag.py took 0.078 seconds
[2025-10-21T21:27:52.395+0000] {processor.py:161} INFO - Started process (PID=387) to work on /opt/airflow/dags/silver_layer_dag.py
[2025-10-21T21:27:52.396+0000] {processor.py:830} INFO - Processing file /opt/airflow/dags/silver_layer_dag.py for tasks to queue
[2025-10-21T21:27:52.398+0000] {logging_mixin.py:188} INFO - [2025-10-21T21:27:52.397+0000] {dagbag.py:540} INFO - Filling up the DagBag from /opt/airflow/dags/silver_layer_dag.py
[2025-10-21T21:27:52.415+0000] {processor.py:840} INFO - DAG(s) 'silver_layer_cleaning_pyspark' retrieved from /opt/airflow/dags/silver_layer_dag.py
[2025-10-21T21:27:52.435+0000] {logging_mixin.py:188} INFO - [2025-10-21T21:27:52.435+0000] {dag.py:3096} INFO - Sync 1 DAGs
[2025-10-21T21:27:52.466+0000] {processor.py:183} INFO - Processing /opt/airflow/dags/silver_layer_dag.py took 0.077 seconds
[2025-10-21T21:28:43.304+0000] {processor.py:161} INFO - Started process (PID=390) to work on /opt/airflow/dags/silver_layer_dag.py
[2025-10-21T21:28:43.305+0000] {processor.py:830} INFO - Processing file /opt/airflow/dags/silver_layer_dag.py for tasks to queue
[2025-10-21T21:28:43.307+0000] {logging_mixin.py:188} INFO - [2025-10-21T21:28:43.306+0000] {dagbag.py:540} INFO - Filling up the DagBag from /opt/airflow/dags/silver_layer_dag.py
[2025-10-21T21:28:43.326+0000] {processor.py:840} INFO - DAG(s) 'silver_layer_cleaning_pyspark' retrieved from /opt/airflow/dags/silver_layer_dag.py
[2025-10-21T21:28:43.346+0000] {logging_mixin.py:188} INFO - [2025-10-21T21:28:43.345+0000] {dag.py:3096} INFO - Sync 1 DAGs
[2025-10-21T21:28:43.382+0000] {processor.py:183} INFO - Processing /opt/airflow/dags/silver_layer_dag.py took 0.084 seconds
[2025-10-21T21:29:13.998+0000] {processor.py:161} INFO - Started process (PID=393) to work on /opt/airflow/dags/silver_layer_dag.py
[2025-10-21T21:29:13.998+0000] {processor.py:830} INFO - Processing file /opt/airflow/dags/silver_layer_dag.py for tasks to queue
[2025-10-21T21:29:14.000+0000] {logging_mixin.py:188} INFO - [2025-10-21T21:29:14.000+0000] {dagbag.py:540} INFO - Filling up the DagBag from /opt/airflow/dags/silver_layer_dag.py
[2025-10-21T21:29:14.018+0000] {processor.py:840} INFO - DAG(s) 'silver_layer_cleaning_pyspark' retrieved from /opt/airflow/dags/silver_layer_dag.py
[2025-10-21T21:29:14.039+0000] {logging_mixin.py:188} INFO - [2025-10-21T21:29:14.038+0000] {dag.py:3096} INFO - Sync 1 DAGs
[2025-10-21T21:29:14.071+0000] {processor.py:183} INFO - Processing /opt/airflow/dags/silver_layer_dag.py took 0.079 seconds
[2025-10-21T21:29:53.913+0000] {processor.py:161} INFO - Started process (PID=396) to work on /opt/airflow/dags/silver_layer_dag.py
[2025-10-21T21:29:53.914+0000] {processor.py:830} INFO - Processing file /opt/airflow/dags/silver_layer_dag.py for tasks to queue
[2025-10-21T21:29:53.916+0000] {logging_mixin.py:188} INFO - [2025-10-21T21:29:53.916+0000] {dagbag.py:540} INFO - Filling up the DagBag from /opt/airflow/dags/silver_layer_dag.py
[2025-10-21T21:29:53.934+0000] {processor.py:840} INFO - DAG(s) 'silver_layer_cleaning_pyspark' retrieved from /opt/airflow/dags/silver_layer_dag.py
[2025-10-21T21:29:53.954+0000] {logging_mixin.py:188} INFO - [2025-10-21T21:29:53.954+0000] {dag.py:3096} INFO - Sync 1 DAGs
[2025-10-21T21:29:53.986+0000] {processor.py:183} INFO - Processing /opt/airflow/dags/silver_layer_dag.py took 0.079 seconds
[2025-10-21T21:30:54.348+0000] {processor.py:161} INFO - Started process (PID=399) to work on /opt/airflow/dags/silver_layer_dag.py
[2025-10-21T21:30:54.349+0000] {processor.py:830} INFO - Processing file /opt/airflow/dags/silver_layer_dag.py for tasks to queue
[2025-10-21T21:30:54.351+0000] {logging_mixin.py:188} INFO - [2025-10-21T21:30:54.351+0000] {dagbag.py:540} INFO - Filling up the DagBag from /opt/airflow/dags/silver_layer_dag.py
[2025-10-21T21:30:54.370+0000] {processor.py:840} INFO - DAG(s) 'silver_layer_cleaning_pyspark' retrieved from /opt/airflow/dags/silver_layer_dag.py
[2025-10-21T21:30:54.390+0000] {logging_mixin.py:188} INFO - [2025-10-21T21:30:54.390+0000] {dag.py:3096} INFO - Sync 1 DAGs
[2025-10-21T21:30:54.423+0000] {processor.py:183} INFO - Processing /opt/airflow/dags/silver_layer_dag.py took 0.081 seconds
[2025-10-21T21:31:24.835+0000] {processor.py:161} INFO - Started process (PID=402) to work on /opt/airflow/dags/silver_layer_dag.py
[2025-10-21T21:31:24.836+0000] {processor.py:830} INFO - Processing file /opt/airflow/dags/silver_layer_dag.py for tasks to queue
[2025-10-21T21:31:24.838+0000] {logging_mixin.py:188} INFO - [2025-10-21T21:31:24.837+0000] {dagbag.py:540} INFO - Filling up the DagBag from /opt/airflow/dags/silver_layer_dag.py
[2025-10-21T21:31:24.854+0000] {processor.py:840} INFO - DAG(s) 'silver_layer_cleaning_pyspark' retrieved from /opt/airflow/dags/silver_layer_dag.py
[2025-10-21T21:31:24.872+0000] {logging_mixin.py:188} INFO - [2025-10-21T21:31:24.871+0000] {dag.py:3096} INFO - Sync 1 DAGs
[2025-10-21T21:31:24.900+0000] {processor.py:183} INFO - Processing /opt/airflow/dags/silver_layer_dag.py took 0.070 seconds
[2025-10-21T21:31:55.861+0000] {processor.py:161} INFO - Started process (PID=405) to work on /opt/airflow/dags/silver_layer_dag.py
[2025-10-21T21:31:55.863+0000] {processor.py:830} INFO - Processing file /opt/airflow/dags/silver_layer_dag.py for tasks to queue
[2025-10-21T21:31:55.865+0000] {logging_mixin.py:188} INFO - [2025-10-21T21:31:55.864+0000] {dagbag.py:540} INFO - Filling up the DagBag from /opt/airflow/dags/silver_layer_dag.py
[2025-10-21T21:31:55.889+0000] {processor.py:840} INFO - DAG(s) 'silver_layer_cleaning_pyspark' retrieved from /opt/airflow/dags/silver_layer_dag.py
[2025-10-21T21:31:55.913+0000] {logging_mixin.py:188} INFO - [2025-10-21T21:31:55.913+0000] {dag.py:3096} INFO - Sync 1 DAGs
[2025-10-21T21:31:55.960+0000] {processor.py:183} INFO - Processing /opt/airflow/dags/silver_layer_dag.py took 0.105 seconds
[2025-10-21T21:32:57.902+0000] {processor.py:161} INFO - Started process (PID=412) to work on /opt/airflow/dags/silver_layer_dag.py
[2025-10-21T21:32:57.904+0000] {processor.py:830} INFO - Processing file /opt/airflow/dags/silver_layer_dag.py for tasks to queue
[2025-10-21T21:32:57.907+0000] {logging_mixin.py:188} INFO - [2025-10-21T21:32:57.906+0000] {dagbag.py:540} INFO - Filling up the DagBag from /opt/airflow/dags/silver_layer_dag.py
[2025-10-21T21:32:57.930+0000] {processor.py:840} INFO - DAG(s) 'silver_layer_cleaning_pyspark' retrieved from /opt/airflow/dags/silver_layer_dag.py
[2025-10-21T21:32:57.953+0000] {logging_mixin.py:188} INFO - [2025-10-21T21:32:57.953+0000] {dag.py:3096} INFO - Sync 1 DAGs
[2025-10-21T21:32:57.991+0000] {processor.py:183} INFO - Processing /opt/airflow/dags/silver_layer_dag.py took 0.101 seconds
[2025-10-21T21:33:32.398+0000] {processor.py:161} INFO - Started process (PID=415) to work on /opt/airflow/dags/silver_layer_dag.py
[2025-10-21T21:33:32.399+0000] {processor.py:830} INFO - Processing file /opt/airflow/dags/silver_layer_dag.py for tasks to queue
[2025-10-21T21:33:32.401+0000] {logging_mixin.py:188} INFO - [2025-10-21T21:33:32.400+0000] {dagbag.py:540} INFO - Filling up the DagBag from /opt/airflow/dags/silver_layer_dag.py
[2025-10-21T21:33:32.419+0000] {processor.py:840} INFO - DAG(s) 'silver_layer_cleaning_pyspark' retrieved from /opt/airflow/dags/silver_layer_dag.py
[2025-10-21T21:33:32.437+0000] {logging_mixin.py:188} INFO - [2025-10-21T21:33:32.437+0000] {dag.py:3096} INFO - Sync 1 DAGs
[2025-10-21T21:33:32.468+0000] {processor.py:183} INFO - Processing /opt/airflow/dags/silver_layer_dag.py took 0.076 seconds
[2025-10-21T21:34:02.704+0000] {processor.py:161} INFO - Started process (PID=418) to work on /opt/airflow/dags/silver_layer_dag.py
[2025-10-21T21:34:02.705+0000] {processor.py:830} INFO - Processing file /opt/airflow/dags/silver_layer_dag.py for tasks to queue
[2025-10-21T21:34:02.707+0000] {logging_mixin.py:188} INFO - [2025-10-21T21:34:02.706+0000] {dagbag.py:540} INFO - Filling up the DagBag from /opt/airflow/dags/silver_layer_dag.py
[2025-10-21T21:34:02.725+0000] {processor.py:840} INFO - DAG(s) 'silver_layer_cleaning_pyspark' retrieved from /opt/airflow/dags/silver_layer_dag.py
[2025-10-21T21:34:02.744+0000] {logging_mixin.py:188} INFO - [2025-10-21T21:34:02.744+0000] {dag.py:3096} INFO - Sync 1 DAGs
[2025-10-21T21:34:02.775+0000] {processor.py:183} INFO - Processing /opt/airflow/dags/silver_layer_dag.py took 0.077 seconds
[2025-10-21T21:34:48.584+0000] {processor.py:161} INFO - Started process (PID=421) to work on /opt/airflow/dags/silver_layer_dag.py
[2025-10-21T21:34:48.585+0000] {processor.py:830} INFO - Processing file /opt/airflow/dags/silver_layer_dag.py for tasks to queue
[2025-10-21T21:34:48.587+0000] {logging_mixin.py:188} INFO - [2025-10-21T21:34:48.587+0000] {dagbag.py:540} INFO - Filling up the DagBag from /opt/airflow/dags/silver_layer_dag.py
[2025-10-21T21:34:48.606+0000] {processor.py:840} INFO - DAG(s) 'silver_layer_cleaning_pyspark' retrieved from /opt/airflow/dags/silver_layer_dag.py
[2025-10-21T21:34:48.624+0000] {logging_mixin.py:188} INFO - [2025-10-21T21:34:48.624+0000] {dag.py:3096} INFO - Sync 1 DAGs
[2025-10-21T21:34:48.657+0000] {processor.py:183} INFO - Processing /opt/airflow/dags/silver_layer_dag.py took 0.079 seconds
[2025-10-21T21:35:18.778+0000] {processor.py:161} INFO - Started process (PID=424) to work on /opt/airflow/dags/silver_layer_dag.py
[2025-10-21T21:35:18.779+0000] {processor.py:830} INFO - Processing file /opt/airflow/dags/silver_layer_dag.py for tasks to queue
[2025-10-21T21:35:18.781+0000] {logging_mixin.py:188} INFO - [2025-10-21T21:35:18.780+0000] {dagbag.py:540} INFO - Filling up the DagBag from /opt/airflow/dags/silver_layer_dag.py
[2025-10-21T21:35:18.799+0000] {processor.py:840} INFO - DAG(s) 'silver_layer_cleaning_pyspark' retrieved from /opt/airflow/dags/silver_layer_dag.py
[2025-10-21T21:35:18.819+0000] {logging_mixin.py:188} INFO - [2025-10-21T21:35:18.819+0000] {dag.py:3096} INFO - Sync 1 DAGs
[2025-10-21T21:35:18.852+0000] {processor.py:183} INFO - Processing /opt/airflow/dags/silver_layer_dag.py took 0.079 seconds
[2025-10-21T21:36:19.922+0000] {processor.py:161} INFO - Started process (PID=427) to work on /opt/airflow/dags/silver_layer_dag.py
[2025-10-21T21:36:19.923+0000] {processor.py:830} INFO - Processing file /opt/airflow/dags/silver_layer_dag.py for tasks to queue
[2025-10-21T21:36:19.925+0000] {logging_mixin.py:188} INFO - [2025-10-21T21:36:19.925+0000] {dagbag.py:540} INFO - Filling up the DagBag from /opt/airflow/dags/silver_layer_dag.py
[2025-10-21T21:36:19.944+0000] {processor.py:840} INFO - DAG(s) 'silver_layer_cleaning_pyspark' retrieved from /opt/airflow/dags/silver_layer_dag.py
[2025-10-21T21:36:19.963+0000] {logging_mixin.py:188} INFO - [2025-10-21T21:36:19.963+0000] {dag.py:3096} INFO - Sync 1 DAGs
[2025-10-21T21:36:19.994+0000] {processor.py:183} INFO - Processing /opt/airflow/dags/silver_layer_dag.py took 0.078 seconds
[2025-10-21T21:36:50.683+0000] {processor.py:161} INFO - Started process (PID=430) to work on /opt/airflow/dags/silver_layer_dag.py
[2025-10-21T21:36:50.684+0000] {processor.py:830} INFO - Processing file /opt/airflow/dags/silver_layer_dag.py for tasks to queue
[2025-10-21T21:36:50.686+0000] {logging_mixin.py:188} INFO - [2025-10-21T21:36:50.686+0000] {dagbag.py:540} INFO - Filling up the DagBag from /opt/airflow/dags/silver_layer_dag.py
[2025-10-21T21:36:50.703+0000] {processor.py:840} INFO - DAG(s) 'silver_layer_cleaning_pyspark' retrieved from /opt/airflow/dags/silver_layer_dag.py
[2025-10-21T21:36:50.722+0000] {logging_mixin.py:188} INFO - [2025-10-21T21:36:50.722+0000] {dag.py:3096} INFO - Sync 1 DAGs
[2025-10-21T21:36:50.753+0000] {processor.py:183} INFO - Processing /opt/airflow/dags/silver_layer_dag.py took 0.075 seconds
[2025-10-21T21:37:21.019+0000] {processor.py:161} INFO - Started process (PID=447) to work on /opt/airflow/dags/silver_layer_dag.py
[2025-10-21T21:37:21.020+0000] {processor.py:830} INFO - Processing file /opt/airflow/dags/silver_layer_dag.py for tasks to queue
[2025-10-21T21:37:21.021+0000] {logging_mixin.py:188} INFO - [2025-10-21T21:37:21.021+0000] {dagbag.py:540} INFO - Filling up the DagBag from /opt/airflow/dags/silver_layer_dag.py
[2025-10-21T21:37:21.038+0000] {processor.py:840} INFO - DAG(s) 'silver_layer_cleaning_pyspark' retrieved from /opt/airflow/dags/silver_layer_dag.py
[2025-10-21T21:37:21.058+0000] {logging_mixin.py:188} INFO - [2025-10-21T21:37:21.058+0000] {dag.py:3096} INFO - Sync 1 DAGs
[2025-10-21T21:37:21.091+0000] {processor.py:183} INFO - Processing /opt/airflow/dags/silver_layer_dag.py took 0.077 seconds
[2025-10-21T21:38:02.966+0000] {processor.py:161} INFO - Started process (PID=450) to work on /opt/airflow/dags/silver_layer_dag.py
[2025-10-21T21:38:02.966+0000] {processor.py:830} INFO - Processing file /opt/airflow/dags/silver_layer_dag.py for tasks to queue
[2025-10-21T21:38:02.968+0000] {logging_mixin.py:188} INFO - [2025-10-21T21:38:02.968+0000] {dagbag.py:540} INFO - Filling up the DagBag from /opt/airflow/dags/silver_layer_dag.py
[2025-10-21T21:38:02.985+0000] {processor.py:840} INFO - DAG(s) 'silver_layer_cleaning_pyspark' retrieved from /opt/airflow/dags/silver_layer_dag.py
[2025-10-21T21:38:03.006+0000] {logging_mixin.py:188} INFO - [2025-10-21T21:38:03.005+0000] {dag.py:3096} INFO - Sync 1 DAGs
[2025-10-21T21:38:03.040+0000] {processor.py:183} INFO - Processing /opt/airflow/dags/silver_layer_dag.py took 0.079 seconds
[2025-10-21T21:38:33.240+0000] {processor.py:161} INFO - Started process (PID=453) to work on /opt/airflow/dags/silver_layer_dag.py
[2025-10-21T21:38:33.241+0000] {processor.py:830} INFO - Processing file /opt/airflow/dags/silver_layer_dag.py for tasks to queue
[2025-10-21T21:38:33.243+0000] {logging_mixin.py:188} INFO - [2025-10-21T21:38:33.243+0000] {dagbag.py:540} INFO - Filling up the DagBag from /opt/airflow/dags/silver_layer_dag.py
[2025-10-21T21:38:33.261+0000] {processor.py:840} INFO - DAG(s) 'silver_layer_cleaning_pyspark' retrieved from /opt/airflow/dags/silver_layer_dag.py
[2025-10-21T21:38:33.279+0000] {logging_mixin.py:188} INFO - [2025-10-21T21:38:33.278+0000] {dag.py:3096} INFO - Sync 1 DAGs
[2025-10-21T21:38:33.310+0000] {processor.py:183} INFO - Processing /opt/airflow/dags/silver_layer_dag.py took 0.076 seconds
[2025-10-21T21:39:31.689+0000] {processor.py:161} INFO - Started process (PID=456) to work on /opt/airflow/dags/silver_layer_dag.py
[2025-10-21T21:39:31.690+0000] {processor.py:830} INFO - Processing file /opt/airflow/dags/silver_layer_dag.py for tasks to queue
[2025-10-21T21:39:31.692+0000] {logging_mixin.py:188} INFO - [2025-10-21T21:39:31.691+0000] {dagbag.py:540} INFO - Filling up the DagBag from /opt/airflow/dags/silver_layer_dag.py
[2025-10-21T21:39:31.709+0000] {processor.py:840} INFO - DAG(s) 'silver_layer_cleaning_pyspark' retrieved from /opt/airflow/dags/silver_layer_dag.py
[2025-10-21T21:39:31.727+0000] {logging_mixin.py:188} INFO - [2025-10-21T21:39:31.727+0000] {dag.py:3096} INFO - Sync 1 DAGs
[2025-10-21T21:39:31.758+0000] {processor.py:183} INFO - Processing /opt/airflow/dags/silver_layer_dag.py took 0.075 seconds
[2025-10-21T21:40:02.375+0000] {processor.py:161} INFO - Started process (PID=459) to work on /opt/airflow/dags/silver_layer_dag.py
[2025-10-21T21:40:02.376+0000] {processor.py:830} INFO - Processing file /opt/airflow/dags/silver_layer_dag.py for tasks to queue
[2025-10-21T21:40:02.378+0000] {logging_mixin.py:188} INFO - [2025-10-21T21:40:02.378+0000] {dagbag.py:540} INFO - Filling up the DagBag from /opt/airflow/dags/silver_layer_dag.py
[2025-10-21T21:40:02.396+0000] {processor.py:840} INFO - DAG(s) 'silver_layer_cleaning_pyspark' retrieved from /opt/airflow/dags/silver_layer_dag.py
[2025-10-21T21:40:02.414+0000] {logging_mixin.py:188} INFO - [2025-10-21T21:40:02.413+0000] {dag.py:3096} INFO - Sync 1 DAGs
[2025-10-21T21:40:02.445+0000] {processor.py:183} INFO - Processing /opt/airflow/dags/silver_layer_dag.py took 0.076 seconds
[2025-10-21T21:40:42.315+0000] {processor.py:161} INFO - Started process (PID=462) to work on /opt/airflow/dags/silver_layer_dag.py
[2025-10-21T21:40:42.316+0000] {processor.py:830} INFO - Processing file /opt/airflow/dags/silver_layer_dag.py for tasks to queue
[2025-10-21T21:40:42.317+0000] {logging_mixin.py:188} INFO - [2025-10-21T21:40:42.317+0000] {dagbag.py:540} INFO - Filling up the DagBag from /opt/airflow/dags/silver_layer_dag.py
[2025-10-21T21:40:42.335+0000] {processor.py:840} INFO - DAG(s) 'silver_layer_cleaning_pyspark' retrieved from /opt/airflow/dags/silver_layer_dag.py
[2025-10-21T21:40:42.354+0000] {logging_mixin.py:188} INFO - [2025-10-21T21:40:42.354+0000] {dag.py:3096} INFO - Sync 1 DAGs
[2025-10-21T21:40:42.386+0000] {processor.py:183} INFO - Processing /opt/airflow/dags/silver_layer_dag.py took 0.076 seconds
[2025-10-21T21:41:12.585+0000] {processor.py:161} INFO - Started process (PID=465) to work on /opt/airflow/dags/silver_layer_dag.py
[2025-10-21T21:41:12.586+0000] {processor.py:830} INFO - Processing file /opt/airflow/dags/silver_layer_dag.py for tasks to queue
[2025-10-21T21:41:12.587+0000] {logging_mixin.py:188} INFO - [2025-10-21T21:41:12.587+0000] {dagbag.py:540} INFO - Filling up the DagBag from /opt/airflow/dags/silver_layer_dag.py
[2025-10-21T21:41:12.604+0000] {processor.py:840} INFO - DAG(s) 'silver_layer_cleaning_pyspark' retrieved from /opt/airflow/dags/silver_layer_dag.py
[2025-10-21T21:41:12.621+0000] {logging_mixin.py:188} INFO - [2025-10-21T21:41:12.621+0000] {dag.py:3096} INFO - Sync 1 DAGs
[2025-10-21T21:41:12.650+0000] {processor.py:183} INFO - Processing /opt/airflow/dags/silver_layer_dag.py took 0.070 seconds
[2025-10-21T21:41:42.704+0000] {processor.py:161} INFO - Started process (PID=468) to work on /opt/airflow/dags/silver_layer_dag.py
[2025-10-21T21:41:42.705+0000] {processor.py:830} INFO - Processing file /opt/airflow/dags/silver_layer_dag.py for tasks to queue
[2025-10-21T21:41:42.707+0000] {logging_mixin.py:188} INFO - [2025-10-21T21:41:42.707+0000] {dagbag.py:540} INFO - Filling up the DagBag from /opt/airflow/dags/silver_layer_dag.py
[2025-10-21T21:41:42.725+0000] {processor.py:840} INFO - DAG(s) 'silver_layer_cleaning_pyspark' retrieved from /opt/airflow/dags/silver_layer_dag.py
[2025-10-21T21:41:42.744+0000] {logging_mixin.py:188} INFO - [2025-10-21T21:41:42.743+0000] {dag.py:3096} INFO - Sync 1 DAGs
[2025-10-21T21:41:42.775+0000] {processor.py:183} INFO - Processing /opt/airflow/dags/silver_layer_dag.py took 0.076 seconds
[2025-10-21T21:42:13.039+0000] {processor.py:161} INFO - Started process (PID=477) to work on /opt/airflow/dags/silver_layer_dag.py
[2025-10-21T21:42:13.039+0000] {processor.py:830} INFO - Processing file /opt/airflow/dags/silver_layer_dag.py for tasks to queue
[2025-10-21T21:42:13.041+0000] {logging_mixin.py:188} INFO - [2025-10-21T21:42:13.041+0000] {dagbag.py:540} INFO - Filling up the DagBag from /opt/airflow/dags/silver_layer_dag.py
[2025-10-21T21:42:13.057+0000] {processor.py:840} INFO - DAG(s) 'silver_layer_cleaning_pyspark' retrieved from /opt/airflow/dags/silver_layer_dag.py
[2025-10-21T21:42:13.073+0000] {logging_mixin.py:188} INFO - [2025-10-21T21:42:13.073+0000] {dag.py:3096} INFO - Sync 1 DAGs
[2025-10-21T21:42:13.101+0000] {processor.py:183} INFO - Processing /opt/airflow/dags/silver_layer_dag.py took 0.067 seconds
[2025-10-21T21:42:43.714+0000] {processor.py:161} INFO - Started process (PID=480) to work on /opt/airflow/dags/silver_layer_dag.py
[2025-10-21T21:42:43.715+0000] {processor.py:830} INFO - Processing file /opt/airflow/dags/silver_layer_dag.py for tasks to queue
[2025-10-21T21:42:43.717+0000] {logging_mixin.py:188} INFO - [2025-10-21T21:42:43.716+0000] {dagbag.py:540} INFO - Filling up the DagBag from /opt/airflow/dags/silver_layer_dag.py
[2025-10-21T21:42:43.733+0000] {processor.py:840} INFO - DAG(s) 'silver_layer_cleaning_pyspark' retrieved from /opt/airflow/dags/silver_layer_dag.py
[2025-10-21T21:42:43.749+0000] {logging_mixin.py:188} INFO - [2025-10-21T21:42:43.748+0000] {dag.py:3096} INFO - Sync 1 DAGs
[2025-10-21T21:42:43.781+0000] {processor.py:183} INFO - Processing /opt/airflow/dags/silver_layer_dag.py took 0.071 seconds
[2025-10-21T21:43:13.983+0000] {processor.py:161} INFO - Started process (PID=483) to work on /opt/airflow/dags/silver_layer_dag.py
[2025-10-21T21:43:13.983+0000] {processor.py:830} INFO - Processing file /opt/airflow/dags/silver_layer_dag.py for tasks to queue
[2025-10-21T21:43:13.985+0000] {logging_mixin.py:188} INFO - [2025-10-21T21:43:13.985+0000] {dagbag.py:540} INFO - Filling up the DagBag from /opt/airflow/dags/silver_layer_dag.py
[2025-10-21T21:43:14.000+0000] {processor.py:840} INFO - DAG(s) 'silver_layer_cleaning_pyspark' retrieved from /opt/airflow/dags/silver_layer_dag.py
[2025-10-21T21:43:14.018+0000] {logging_mixin.py:188} INFO - [2025-10-21T21:43:14.018+0000] {dag.py:3096} INFO - Sync 1 DAGs
[2025-10-21T21:43:14.048+0000] {processor.py:183} INFO - Processing /opt/airflow/dags/silver_layer_dag.py took 0.070 seconds
[2025-10-21T21:44:02.965+0000] {processor.py:161} INFO - Started process (PID=486) to work on /opt/airflow/dags/silver_layer_dag.py
[2025-10-21T21:44:02.966+0000] {processor.py:830} INFO - Processing file /opt/airflow/dags/silver_layer_dag.py for tasks to queue
[2025-10-21T21:44:02.967+0000] {logging_mixin.py:188} INFO - [2025-10-21T21:44:02.967+0000] {dagbag.py:540} INFO - Filling up the DagBag from /opt/airflow/dags/silver_layer_dag.py
[2025-10-21T21:44:02.983+0000] {processor.py:840} INFO - DAG(s) 'silver_layer_cleaning_pyspark' retrieved from /opt/airflow/dags/silver_layer_dag.py
[2025-10-21T21:44:02.998+0000] {logging_mixin.py:188} INFO - [2025-10-21T21:44:02.998+0000] {dag.py:3096} INFO - Sync 1 DAGs
[2025-10-21T21:44:03.028+0000] {processor.py:183} INFO - Processing /opt/airflow/dags/silver_layer_dag.py took 0.067 seconds
[2025-10-21T21:45:03.367+0000] {processor.py:161} INFO - Started process (PID=489) to work on /opt/airflow/dags/silver_layer_dag.py
[2025-10-21T21:45:03.368+0000] {processor.py:830} INFO - Processing file /opt/airflow/dags/silver_layer_dag.py for tasks to queue
[2025-10-21T21:45:03.370+0000] {logging_mixin.py:188} INFO - [2025-10-21T21:45:03.369+0000] {dagbag.py:540} INFO - Filling up the DagBag from /opt/airflow/dags/silver_layer_dag.py
[2025-10-21T21:45:03.387+0000] {processor.py:840} INFO - DAG(s) 'silver_layer_cleaning_pyspark' retrieved from /opt/airflow/dags/silver_layer_dag.py
[2025-10-21T21:45:03.404+0000] {logging_mixin.py:188} INFO - [2025-10-21T21:45:03.403+0000] {dag.py:3096} INFO - Sync 1 DAGs
[2025-10-21T21:45:03.433+0000] {processor.py:183} INFO - Processing /opt/airflow/dags/silver_layer_dag.py took 0.071 seconds
[2025-10-21T21:45:33.754+0000] {processor.py:161} INFO - Started process (PID=492) to work on /opt/airflow/dags/silver_layer_dag.py
[2025-10-21T21:45:33.755+0000] {processor.py:830} INFO - Processing file /opt/airflow/dags/silver_layer_dag.py for tasks to queue
[2025-10-21T21:45:33.756+0000] {logging_mixin.py:188} INFO - [2025-10-21T21:45:33.756+0000] {dagbag.py:540} INFO - Filling up the DagBag from /opt/airflow/dags/silver_layer_dag.py
[2025-10-21T21:45:33.771+0000] {processor.py:840} INFO - DAG(s) 'silver_layer_cleaning_pyspark' retrieved from /opt/airflow/dags/silver_layer_dag.py
[2025-10-21T21:45:33.792+0000] {logging_mixin.py:188} INFO - [2025-10-21T21:45:33.792+0000] {dag.py:3096} INFO - Sync 1 DAGs
[2025-10-21T21:45:33.821+0000] {processor.py:183} INFO - Processing /opt/airflow/dags/silver_layer_dag.py took 0.072 seconds
[2025-10-21T21:46:04.723+0000] {processor.py:161} INFO - Started process (PID=495) to work on /opt/airflow/dags/silver_layer_dag.py
[2025-10-21T21:46:04.724+0000] {processor.py:830} INFO - Processing file /opt/airflow/dags/silver_layer_dag.py for tasks to queue
[2025-10-21T21:46:04.726+0000] {logging_mixin.py:188} INFO - [2025-10-21T21:46:04.725+0000] {dagbag.py:540} INFO - Filling up the DagBag from /opt/airflow/dags/silver_layer_dag.py
[2025-10-21T21:46:04.741+0000] {processor.py:840} INFO - DAG(s) 'silver_layer_cleaning_pyspark' retrieved from /opt/airflow/dags/silver_layer_dag.py
[2025-10-21T21:46:04.757+0000] {logging_mixin.py:188} INFO - [2025-10-21T21:46:04.757+0000] {dag.py:3096} INFO - Sync 1 DAGs
[2025-10-21T21:46:04.785+0000] {processor.py:183} INFO - Processing /opt/airflow/dags/silver_layer_dag.py took 0.067 seconds
[2025-10-21T21:46:35.686+0000] {processor.py:161} INFO - Started process (PID=498) to work on /opt/airflow/dags/silver_layer_dag.py
[2025-10-21T21:46:35.687+0000] {processor.py:830} INFO - Processing file /opt/airflow/dags/silver_layer_dag.py for tasks to queue
[2025-10-21T21:46:35.689+0000] {logging_mixin.py:188} INFO - [2025-10-21T21:46:35.688+0000] {dagbag.py:540} INFO - Filling up the DagBag from /opt/airflow/dags/silver_layer_dag.py
[2025-10-21T21:46:35.704+0000] {processor.py:840} INFO - DAG(s) 'silver_layer_cleaning_pyspark' retrieved from /opt/airflow/dags/silver_layer_dag.py
[2025-10-21T21:46:35.720+0000] {logging_mixin.py:188} INFO - [2025-10-21T21:46:35.720+0000] {dag.py:3096} INFO - Sync 1 DAGs
[2025-10-21T21:46:35.748+0000] {processor.py:183} INFO - Processing /opt/airflow/dags/silver_layer_dag.py took 0.067 seconds
[2025-10-21T21:47:06.009+0000] {processor.py:161} INFO - Started process (PID=501) to work on /opt/airflow/dags/silver_layer_dag.py
[2025-10-21T21:47:06.010+0000] {processor.py:830} INFO - Processing file /opt/airflow/dags/silver_layer_dag.py for tasks to queue
[2025-10-21T21:47:06.012+0000] {logging_mixin.py:188} INFO - [2025-10-21T21:47:06.012+0000] {dagbag.py:540} INFO - Filling up the DagBag from /opt/airflow/dags/silver_layer_dag.py
[2025-10-21T21:47:06.029+0000] {processor.py:840} INFO - DAG(s) 'silver_layer_cleaning_pyspark' retrieved from /opt/airflow/dags/silver_layer_dag.py
[2025-10-21T21:47:06.045+0000] {logging_mixin.py:188} INFO - [2025-10-21T21:47:06.045+0000] {dag.py:3096} INFO - Sync 1 DAGs
[2025-10-21T21:47:06.076+0000] {processor.py:183} INFO - Processing /opt/airflow/dags/silver_layer_dag.py took 0.072 seconds
[2025-10-21T21:47:36.337+0000] {processor.py:161} INFO - Started process (PID=509) to work on /opt/airflow/dags/silver_layer_dag.py
[2025-10-21T21:47:36.338+0000] {processor.py:830} INFO - Processing file /opt/airflow/dags/silver_layer_dag.py for tasks to queue
[2025-10-21T21:47:36.339+0000] {logging_mixin.py:188} INFO - [2025-10-21T21:47:36.339+0000] {dagbag.py:540} INFO - Filling up the DagBag from /opt/airflow/dags/silver_layer_dag.py
[2025-10-21T21:47:36.357+0000] {processor.py:840} INFO - DAG(s) 'silver_layer_cleaning_pyspark' retrieved from /opt/airflow/dags/silver_layer_dag.py
[2025-10-21T21:47:36.374+0000] {logging_mixin.py:188} INFO - [2025-10-21T21:47:36.374+0000] {dag.py:3096} INFO - Sync 1 DAGs
[2025-10-21T21:47:36.404+0000] {processor.py:183} INFO - Processing /opt/airflow/dags/silver_layer_dag.py took 0.072 seconds
[2025-10-21T21:48:13.276+0000] {processor.py:161} INFO - Started process (PID=512) to work on /opt/airflow/dags/silver_layer_dag.py
[2025-10-21T21:48:13.276+0000] {processor.py:830} INFO - Processing file /opt/airflow/dags/silver_layer_dag.py for tasks to queue
[2025-10-21T21:48:13.278+0000] {logging_mixin.py:188} INFO - [2025-10-21T21:48:13.278+0000] {dagbag.py:540} INFO - Filling up the DagBag from /opt/airflow/dags/silver_layer_dag.py
[2025-10-21T21:48:13.295+0000] {processor.py:840} INFO - DAG(s) 'silver_layer_cleaning_pyspark' retrieved from /opt/airflow/dags/silver_layer_dag.py
[2025-10-21T21:48:13.312+0000] {logging_mixin.py:188} INFO - [2025-10-21T21:48:13.312+0000] {dag.py:3096} INFO - Sync 1 DAGs
[2025-10-21T21:48:13.343+0000] {processor.py:183} INFO - Processing /opt/airflow/dags/silver_layer_dag.py took 0.071 seconds
[2025-10-21T21:49:01.615+0000] {processor.py:161} INFO - Started process (PID=515) to work on /opt/airflow/dags/silver_layer_dag.py
[2025-10-21T21:49:01.616+0000] {processor.py:830} INFO - Processing file /opt/airflow/dags/silver_layer_dag.py for tasks to queue
[2025-10-21T21:49:01.618+0000] {logging_mixin.py:188} INFO - [2025-10-21T21:49:01.618+0000] {dagbag.py:540} INFO - Filling up the DagBag from /opt/airflow/dags/silver_layer_dag.py
[2025-10-21T21:49:01.635+0000] {processor.py:840} INFO - DAG(s) 'silver_layer_cleaning_pyspark' retrieved from /opt/airflow/dags/silver_layer_dag.py
[2025-10-21T21:49:01.652+0000] {logging_mixin.py:188} INFO - [2025-10-21T21:49:01.652+0000] {dag.py:3096} INFO - Sync 1 DAGs
[2025-10-21T21:49:01.682+0000] {processor.py:183} INFO - Processing /opt/airflow/dags/silver_layer_dag.py took 0.071 seconds
[2025-10-21T21:49:31.758+0000] {processor.py:161} INFO - Started process (PID=518) to work on /opt/airflow/dags/silver_layer_dag.py
[2025-10-21T21:49:31.759+0000] {processor.py:830} INFO - Processing file /opt/airflow/dags/silver_layer_dag.py for tasks to queue
[2025-10-21T21:49:31.760+0000] {logging_mixin.py:188} INFO - [2025-10-21T21:49:31.760+0000] {dagbag.py:540} INFO - Filling up the DagBag from /opt/airflow/dags/silver_layer_dag.py
[2025-10-21T21:49:31.779+0000] {processor.py:840} INFO - DAG(s) 'silver_layer_cleaning_pyspark' retrieved from /opt/airflow/dags/silver_layer_dag.py
[2025-10-21T21:49:31.799+0000] {logging_mixin.py:188} INFO - [2025-10-21T21:49:31.799+0000] {dag.py:3096} INFO - Sync 1 DAGs
[2025-10-21T21:49:31.831+0000] {processor.py:183} INFO - Processing /opt/airflow/dags/silver_layer_dag.py took 0.080 seconds
[2025-10-21T21:50:02.058+0000] {processor.py:161} INFO - Started process (PID=521) to work on /opt/airflow/dags/silver_layer_dag.py
[2025-10-21T21:50:02.059+0000] {processor.py:830} INFO - Processing file /opt/airflow/dags/silver_layer_dag.py for tasks to queue
[2025-10-21T21:50:02.061+0000] {logging_mixin.py:188} INFO - [2025-10-21T21:50:02.061+0000] {dagbag.py:540} INFO - Filling up the DagBag from /opt/airflow/dags/silver_layer_dag.py
[2025-10-21T21:50:02.077+0000] {processor.py:840} INFO - DAG(s) 'silver_layer_cleaning_pyspark' retrieved from /opt/airflow/dags/silver_layer_dag.py
[2025-10-21T21:50:02.095+0000] {logging_mixin.py:188} INFO - [2025-10-21T21:50:02.095+0000] {dag.py:3096} INFO - Sync 1 DAGs
[2025-10-21T21:50:02.125+0000] {processor.py:183} INFO - Processing /opt/airflow/dags/silver_layer_dag.py took 0.072 seconds
[2025-10-21T21:50:53.048+0000] {processor.py:161} INFO - Started process (PID=524) to work on /opt/airflow/dags/silver_layer_dag.py
[2025-10-21T21:50:53.049+0000] {processor.py:830} INFO - Processing file /opt/airflow/dags/silver_layer_dag.py for tasks to queue
[2025-10-21T21:50:53.050+0000] {logging_mixin.py:188} INFO - [2025-10-21T21:50:53.050+0000] {dagbag.py:540} INFO - Filling up the DagBag from /opt/airflow/dags/silver_layer_dag.py
[2025-10-21T21:50:53.067+0000] {processor.py:840} INFO - DAG(s) 'silver_layer_cleaning_pyspark' retrieved from /opt/airflow/dags/silver_layer_dag.py
[2025-10-21T21:50:53.086+0000] {logging_mixin.py:188} INFO - [2025-10-21T21:50:53.085+0000] {dag.py:3096} INFO - Sync 1 DAGs
[2025-10-21T21:50:53.115+0000] {processor.py:183} INFO - Processing /opt/airflow/dags/silver_layer_dag.py took 0.072 seconds
[2025-10-21T21:51:42.399+0000] {processor.py:161} INFO - Started process (PID=527) to work on /opt/airflow/dags/silver_layer_dag.py
[2025-10-21T21:51:42.400+0000] {processor.py:830} INFO - Processing file /opt/airflow/dags/silver_layer_dag.py for tasks to queue
[2025-10-21T21:51:42.401+0000] {logging_mixin.py:188} INFO - [2025-10-21T21:51:42.401+0000] {dagbag.py:540} INFO - Filling up the DagBag from /opt/airflow/dags/silver_layer_dag.py
[2025-10-21T21:51:42.418+0000] {processor.py:840} INFO - DAG(s) 'silver_layer_cleaning_pyspark' retrieved from /opt/airflow/dags/silver_layer_dag.py
[2025-10-21T21:51:42.436+0000] {logging_mixin.py:188} INFO - [2025-10-21T21:51:42.436+0000] {dag.py:3096} INFO - Sync 1 DAGs
[2025-10-21T21:51:42.468+0000] {processor.py:183} INFO - Processing /opt/airflow/dags/silver_layer_dag.py took 0.074 seconds
[2025-10-21T21:52:12.746+0000] {processor.py:161} INFO - Started process (PID=530) to work on /opt/airflow/dags/silver_layer_dag.py
[2025-10-21T21:52:12.747+0000] {processor.py:830} INFO - Processing file /opt/airflow/dags/silver_layer_dag.py for tasks to queue
[2025-10-21T21:52:12.748+0000] {logging_mixin.py:188} INFO - [2025-10-21T21:52:12.748+0000] {dagbag.py:540} INFO - Filling up the DagBag from /opt/airflow/dags/silver_layer_dag.py
[2025-10-21T21:52:12.765+0000] {processor.py:840} INFO - DAG(s) 'silver_layer_cleaning_pyspark' retrieved from /opt/airflow/dags/silver_layer_dag.py
[2025-10-21T21:52:12.782+0000] {logging_mixin.py:188} INFO - [2025-10-21T21:52:12.782+0000] {dag.py:3096} INFO - Sync 1 DAGs
[2025-10-21T21:52:12.812+0000] {processor.py:183} INFO - Processing /opt/airflow/dags/silver_layer_dag.py took 0.070 seconds
[2025-10-21T21:52:43.172+0000] {processor.py:161} INFO - Started process (PID=533) to work on /opt/airflow/dags/silver_layer_dag.py
[2025-10-21T21:52:43.173+0000] {processor.py:830} INFO - Processing file /opt/airflow/dags/silver_layer_dag.py for tasks to queue
[2025-10-21T21:52:43.174+0000] {logging_mixin.py:188} INFO - [2025-10-21T21:52:43.174+0000] {dagbag.py:540} INFO - Filling up the DagBag from /opt/airflow/dags/silver_layer_dag.py
[2025-10-21T21:52:43.191+0000] {processor.py:840} INFO - DAG(s) 'silver_layer_cleaning_pyspark' retrieved from /opt/airflow/dags/silver_layer_dag.py
[2025-10-21T21:52:43.208+0000] {logging_mixin.py:188} INFO - [2025-10-21T21:52:43.208+0000] {dag.py:3096} INFO - Sync 1 DAGs
[2025-10-21T21:52:43.238+0000] {processor.py:183} INFO - Processing /opt/airflow/dags/silver_layer_dag.py took 0.070 seconds
[2025-10-21T21:53:13.766+0000] {processor.py:161} INFO - Started process (PID=536) to work on /opt/airflow/dags/silver_layer_dag.py
[2025-10-21T21:53:13.767+0000] {processor.py:830} INFO - Processing file /opt/airflow/dags/silver_layer_dag.py for tasks to queue
[2025-10-21T21:53:13.769+0000] {logging_mixin.py:188} INFO - [2025-10-21T21:53:13.768+0000] {dagbag.py:540} INFO - Filling up the DagBag from /opt/airflow/dags/silver_layer_dag.py
[2025-10-21T21:53:13.785+0000] {processor.py:840} INFO - DAG(s) 'silver_layer_cleaning_pyspark' retrieved from /opt/airflow/dags/silver_layer_dag.py
[2025-10-21T21:53:13.802+0000] {logging_mixin.py:188} INFO - [2025-10-21T21:53:13.802+0000] {dag.py:3096} INFO - Sync 1 DAGs
[2025-10-21T21:53:13.832+0000] {processor.py:183} INFO - Processing /opt/airflow/dags/silver_layer_dag.py took 0.071 seconds
[2025-10-21T21:53:44.029+0000] {processor.py:161} INFO - Started process (PID=539) to work on /opt/airflow/dags/silver_layer_dag.py
[2025-10-21T21:53:44.030+0000] {processor.py:830} INFO - Processing file /opt/airflow/dags/silver_layer_dag.py for tasks to queue
[2025-10-21T21:53:44.032+0000] {logging_mixin.py:188} INFO - [2025-10-21T21:53:44.032+0000] {dagbag.py:540} INFO - Filling up the DagBag from /opt/airflow/dags/silver_layer_dag.py
[2025-10-21T21:53:44.050+0000] {processor.py:840} INFO - DAG(s) 'silver_layer_cleaning_pyspark' retrieved from /opt/airflow/dags/silver_layer_dag.py
[2025-10-21T21:53:44.067+0000] {logging_mixin.py:188} INFO - [2025-10-21T21:53:44.067+0000] {dag.py:3096} INFO - Sync 1 DAGs
[2025-10-21T21:53:44.098+0000] {processor.py:183} INFO - Processing /opt/airflow/dags/silver_layer_dag.py took 0.074 seconds
[2025-10-21T21:54:14.287+0000] {processor.py:161} INFO - Started process (PID=542) to work on /opt/airflow/dags/silver_layer_dag.py
[2025-10-21T21:54:14.288+0000] {processor.py:830} INFO - Processing file /opt/airflow/dags/silver_layer_dag.py for tasks to queue
[2025-10-21T21:54:14.290+0000] {logging_mixin.py:188} INFO - [2025-10-21T21:54:14.289+0000] {dagbag.py:540} INFO - Filling up the DagBag from /opt/airflow/dags/silver_layer_dag.py
[2025-10-21T21:54:14.307+0000] {processor.py:840} INFO - DAG(s) 'silver_layer_cleaning_pyspark' retrieved from /opt/airflow/dags/silver_layer_dag.py
[2025-10-21T21:54:14.325+0000] {logging_mixin.py:188} INFO - [2025-10-21T21:54:14.325+0000] {dag.py:3096} INFO - Sync 1 DAGs
[2025-10-21T21:54:14.361+0000] {processor.py:183} INFO - Processing /opt/airflow/dags/silver_layer_dag.py took 0.080 seconds
[2025-10-21T21:54:44.559+0000] {processor.py:161} INFO - Started process (PID=545) to work on /opt/airflow/dags/silver_layer_dag.py
[2025-10-21T21:54:44.560+0000] {processor.py:830} INFO - Processing file /opt/airflow/dags/silver_layer_dag.py for tasks to queue
[2025-10-21T21:54:44.562+0000] {logging_mixin.py:188} INFO - [2025-10-21T21:54:44.561+0000] {dagbag.py:540} INFO - Filling up the DagBag from /opt/airflow/dags/silver_layer_dag.py
[2025-10-21T21:54:44.578+0000] {processor.py:840} INFO - DAG(s) 'silver_layer_cleaning_pyspark' retrieved from /opt/airflow/dags/silver_layer_dag.py
[2025-10-21T21:54:44.595+0000] {logging_mixin.py:188} INFO - [2025-10-21T21:54:44.595+0000] {dag.py:3096} INFO - Sync 1 DAGs
[2025-10-21T21:54:44.625+0000] {processor.py:183} INFO - Processing /opt/airflow/dags/silver_layer_dag.py took 0.072 seconds
[2025-10-21T21:55:14.818+0000] {processor.py:161} INFO - Started process (PID=548) to work on /opt/airflow/dags/silver_layer_dag.py
[2025-10-21T21:55:14.819+0000] {processor.py:830} INFO - Processing file /opt/airflow/dags/silver_layer_dag.py for tasks to queue
[2025-10-21T21:55:14.821+0000] {logging_mixin.py:188} INFO - [2025-10-21T21:55:14.821+0000] {dagbag.py:540} INFO - Filling up the DagBag from /opt/airflow/dags/silver_layer_dag.py
[2025-10-21T21:55:14.838+0000] {processor.py:840} INFO - DAG(s) 'silver_layer_cleaning_pyspark' retrieved from /opt/airflow/dags/silver_layer_dag.py
[2025-10-21T21:55:14.855+0000] {logging_mixin.py:188} INFO - [2025-10-21T21:55:14.855+0000] {dag.py:3096} INFO - Sync 1 DAGs
[2025-10-21T21:55:14.888+0000] {processor.py:183} INFO - Processing /opt/airflow/dags/silver_layer_dag.py took 0.075 seconds
[2025-10-21T21:55:45.080+0000] {processor.py:161} INFO - Started process (PID=551) to work on /opt/airflow/dags/silver_layer_dag.py
[2025-10-21T21:55:45.080+0000] {processor.py:830} INFO - Processing file /opt/airflow/dags/silver_layer_dag.py for tasks to queue
[2025-10-21T21:55:45.082+0000] {logging_mixin.py:188} INFO - [2025-10-21T21:55:45.082+0000] {dagbag.py:540} INFO - Filling up the DagBag from /opt/airflow/dags/silver_layer_dag.py
[2025-10-21T21:55:45.099+0000] {processor.py:840} INFO - DAG(s) 'silver_layer_cleaning_pyspark' retrieved from /opt/airflow/dags/silver_layer_dag.py
[2025-10-21T21:55:45.116+0000] {logging_mixin.py:188} INFO - [2025-10-21T21:55:45.116+0000] {dag.py:3096} INFO - Sync 1 DAGs
[2025-10-21T21:55:45.146+0000] {processor.py:183} INFO - Processing /opt/airflow/dags/silver_layer_dag.py took 0.072 seconds
[2025-10-21T21:56:15.335+0000] {processor.py:161} INFO - Started process (PID=554) to work on /opt/airflow/dags/silver_layer_dag.py
[2025-10-21T21:56:15.336+0000] {processor.py:830} INFO - Processing file /opt/airflow/dags/silver_layer_dag.py for tasks to queue
[2025-10-21T21:56:15.338+0000] {logging_mixin.py:188} INFO - [2025-10-21T21:56:15.338+0000] {dagbag.py:540} INFO - Filling up the DagBag from /opt/airflow/dags/silver_layer_dag.py
[2025-10-21T21:56:15.355+0000] {processor.py:840} INFO - DAG(s) 'silver_layer_cleaning_pyspark' retrieved from /opt/airflow/dags/silver_layer_dag.py
[2025-10-21T21:56:15.373+0000] {logging_mixin.py:188} INFO - [2025-10-21T21:56:15.373+0000] {dag.py:3096} INFO - Sync 1 DAGs
[2025-10-21T21:56:15.405+0000] {processor.py:183} INFO - Processing /opt/airflow/dags/silver_layer_dag.py took 0.075 seconds
[2025-10-21T21:56:45.607+0000] {processor.py:161} INFO - Started process (PID=557) to work on /opt/airflow/dags/silver_layer_dag.py
[2025-10-21T21:56:45.608+0000] {processor.py:830} INFO - Processing file /opt/airflow/dags/silver_layer_dag.py for tasks to queue
[2025-10-21T21:56:45.610+0000] {logging_mixin.py:188} INFO - [2025-10-21T21:56:45.609+0000] {dagbag.py:540} INFO - Filling up the DagBag from /opt/airflow/dags/silver_layer_dag.py
[2025-10-21T21:56:45.627+0000] {processor.py:840} INFO - DAG(s) 'silver_layer_cleaning_pyspark' retrieved from /opt/airflow/dags/silver_layer_dag.py
[2025-10-21T21:56:45.644+0000] {logging_mixin.py:188} INFO - [2025-10-21T21:56:45.644+0000] {dag.py:3096} INFO - Sync 1 DAGs
[2025-10-21T21:56:45.674+0000] {processor.py:183} INFO - Processing /opt/airflow/dags/silver_layer_dag.py took 0.073 seconds
[2025-10-21T21:57:15.925+0000] {processor.py:161} INFO - Started process (PID=560) to work on /opt/airflow/dags/silver_layer_dag.py
[2025-10-21T21:57:15.926+0000] {processor.py:830} INFO - Processing file /opt/airflow/dags/silver_layer_dag.py for tasks to queue
[2025-10-21T21:57:15.927+0000] {logging_mixin.py:188} INFO - [2025-10-21T21:57:15.927+0000] {dagbag.py:540} INFO - Filling up the DagBag from /opt/airflow/dags/silver_layer_dag.py
[2025-10-21T21:57:15.944+0000] {processor.py:840} INFO - DAG(s) 'silver_layer_cleaning_pyspark' retrieved from /opt/airflow/dags/silver_layer_dag.py
[2025-10-21T21:57:15.961+0000] {logging_mixin.py:188} INFO - [2025-10-21T21:57:15.961+0000] {dag.py:3096} INFO - Sync 1 DAGs
[2025-10-21T21:57:15.990+0000] {processor.py:183} INFO - Processing /opt/airflow/dags/silver_layer_dag.py took 0.070 seconds
[2025-10-21T21:57:46.182+0000] {processor.py:161} INFO - Started process (PID=563) to work on /opt/airflow/dags/silver_layer_dag.py
[2025-10-21T21:57:46.182+0000] {processor.py:830} INFO - Processing file /opt/airflow/dags/silver_layer_dag.py for tasks to queue
[2025-10-21T21:57:46.184+0000] {logging_mixin.py:188} INFO - [2025-10-21T21:57:46.184+0000] {dagbag.py:540} INFO - Filling up the DagBag from /opt/airflow/dags/silver_layer_dag.py
[2025-10-21T21:57:46.202+0000] {processor.py:840} INFO - DAG(s) 'silver_layer_cleaning_pyspark' retrieved from /opt/airflow/dags/silver_layer_dag.py
[2025-10-21T21:57:46.220+0000] {logging_mixin.py:188} INFO - [2025-10-21T21:57:46.220+0000] {dag.py:3096} INFO - Sync 1 DAGs
[2025-10-21T21:57:46.252+0000] {processor.py:183} INFO - Processing /opt/airflow/dags/silver_layer_dag.py took 0.076 seconds
[2025-10-21T21:58:16.449+0000] {processor.py:161} INFO - Started process (PID=566) to work on /opt/airflow/dags/silver_layer_dag.py
[2025-10-21T21:58:16.450+0000] {processor.py:830} INFO - Processing file /opt/airflow/dags/silver_layer_dag.py for tasks to queue
[2025-10-21T21:58:16.452+0000] {logging_mixin.py:188} INFO - [2025-10-21T21:58:16.452+0000] {dagbag.py:540} INFO - Filling up the DagBag from /opt/airflow/dags/silver_layer_dag.py
[2025-10-21T21:58:16.469+0000] {processor.py:840} INFO - DAG(s) 'silver_layer_cleaning_pyspark' retrieved from /opt/airflow/dags/silver_layer_dag.py
[2025-10-21T21:58:16.487+0000] {logging_mixin.py:188} INFO - [2025-10-21T21:58:16.487+0000] {dag.py:3096} INFO - Sync 1 DAGs
[2025-10-21T21:58:16.516+0000] {processor.py:183} INFO - Processing /opt/airflow/dags/silver_layer_dag.py took 0.073 seconds
[2025-10-21T21:58:46.718+0000] {processor.py:161} INFO - Started process (PID=569) to work on /opt/airflow/dags/silver_layer_dag.py
[2025-10-21T21:58:46.718+0000] {processor.py:830} INFO - Processing file /opt/airflow/dags/silver_layer_dag.py for tasks to queue
[2025-10-21T21:58:46.721+0000] {logging_mixin.py:188} INFO - [2025-10-21T21:58:46.720+0000] {dagbag.py:540} INFO - Filling up the DagBag from /opt/airflow/dags/silver_layer_dag.py
[2025-10-21T21:58:46.738+0000] {processor.py:840} INFO - DAG(s) 'silver_layer_cleaning_pyspark' retrieved from /opt/airflow/dags/silver_layer_dag.py
[2025-10-21T21:58:46.755+0000] {logging_mixin.py:188} INFO - [2025-10-21T21:58:46.755+0000] {dag.py:3096} INFO - Sync 1 DAGs
[2025-10-21T21:58:46.787+0000] {processor.py:183} INFO - Processing /opt/airflow/dags/silver_layer_dag.py took 0.075 seconds
[2025-10-21T21:59:16.982+0000] {processor.py:161} INFO - Started process (PID=572) to work on /opt/airflow/dags/silver_layer_dag.py
[2025-10-21T21:59:16.983+0000] {processor.py:830} INFO - Processing file /opt/airflow/dags/silver_layer_dag.py for tasks to queue
[2025-10-21T21:59:16.985+0000] {logging_mixin.py:188} INFO - [2025-10-21T21:59:16.985+0000] {dagbag.py:540} INFO - Filling up the DagBag from /opt/airflow/dags/silver_layer_dag.py
[2025-10-21T21:59:17.002+0000] {processor.py:840} INFO - DAG(s) 'silver_layer_cleaning_pyspark' retrieved from /opt/airflow/dags/silver_layer_dag.py
[2025-10-21T21:59:17.019+0000] {logging_mixin.py:188} INFO - [2025-10-21T21:59:17.019+0000] {dag.py:3096} INFO - Sync 1 DAGs
[2025-10-21T21:59:17.049+0000] {processor.py:183} INFO - Processing /opt/airflow/dags/silver_layer_dag.py took 0.073 seconds
[2025-10-21T21:59:47.250+0000] {processor.py:161} INFO - Started process (PID=575) to work on /opt/airflow/dags/silver_layer_dag.py
[2025-10-21T21:59:47.251+0000] {processor.py:830} INFO - Processing file /opt/airflow/dags/silver_layer_dag.py for tasks to queue
[2025-10-21T21:59:47.253+0000] {logging_mixin.py:188} INFO - [2025-10-21T21:59:47.252+0000] {dagbag.py:540} INFO - Filling up the DagBag from /opt/airflow/dags/silver_layer_dag.py
[2025-10-21T21:59:47.270+0000] {processor.py:840} INFO - DAG(s) 'silver_layer_cleaning_pyspark' retrieved from /opt/airflow/dags/silver_layer_dag.py
[2025-10-21T21:59:47.288+0000] {logging_mixin.py:188} INFO - [2025-10-21T21:59:47.288+0000] {dag.py:3096} INFO - Sync 1 DAGs
[2025-10-21T21:59:47.318+0000] {processor.py:183} INFO - Processing /opt/airflow/dags/silver_layer_dag.py took 0.074 seconds
[2025-10-21T22:00:17.509+0000] {processor.py:161} INFO - Started process (PID=578) to work on /opt/airflow/dags/silver_layer_dag.py
[2025-10-21T22:00:17.510+0000] {processor.py:830} INFO - Processing file /opt/airflow/dags/silver_layer_dag.py for tasks to queue
[2025-10-21T22:00:17.512+0000] {logging_mixin.py:188} INFO - [2025-10-21T22:00:17.511+0000] {dagbag.py:540} INFO - Filling up the DagBag from /opt/airflow/dags/silver_layer_dag.py
[2025-10-21T22:00:17.529+0000] {processor.py:840} INFO - DAG(s) 'silver_layer_cleaning_pyspark' retrieved from /opt/airflow/dags/silver_layer_dag.py
[2025-10-21T22:00:17.546+0000] {logging_mixin.py:188} INFO - [2025-10-21T22:00:17.545+0000] {dag.py:3096} INFO - Sync 1 DAGs
[2025-10-21T22:00:17.576+0000] {processor.py:183} INFO - Processing /opt/airflow/dags/silver_layer_dag.py took 0.073 seconds
[2025-10-21T22:00:47.778+0000] {processor.py:161} INFO - Started process (PID=581) to work on /opt/airflow/dags/silver_layer_dag.py
[2025-10-21T22:00:47.779+0000] {processor.py:830} INFO - Processing file /opt/airflow/dags/silver_layer_dag.py for tasks to queue
[2025-10-21T22:00:47.781+0000] {logging_mixin.py:188} INFO - [2025-10-21T22:00:47.780+0000] {dagbag.py:540} INFO - Filling up the DagBag from /opt/airflow/dags/silver_layer_dag.py
[2025-10-21T22:00:47.798+0000] {processor.py:840} INFO - DAG(s) 'silver_layer_cleaning_pyspark' retrieved from /opt/airflow/dags/silver_layer_dag.py
[2025-10-21T22:00:47.816+0000] {logging_mixin.py:188} INFO - [2025-10-21T22:00:47.815+0000] {dag.py:3096} INFO - Sync 1 DAGs
[2025-10-21T22:00:47.847+0000] {processor.py:183} INFO - Processing /opt/airflow/dags/silver_layer_dag.py took 0.075 seconds
[2025-10-21T22:01:18.048+0000] {processor.py:161} INFO - Started process (PID=584) to work on /opt/airflow/dags/silver_layer_dag.py
[2025-10-21T22:01:18.049+0000] {processor.py:830} INFO - Processing file /opt/airflow/dags/silver_layer_dag.py for tasks to queue
[2025-10-21T22:01:18.051+0000] {logging_mixin.py:188} INFO - [2025-10-21T22:01:18.050+0000] {dagbag.py:540} INFO - Filling up the DagBag from /opt/airflow/dags/silver_layer_dag.py
[2025-10-21T22:01:18.069+0000] {processor.py:840} INFO - DAG(s) 'silver_layer_cleaning_pyspark' retrieved from /opt/airflow/dags/silver_layer_dag.py
[2025-10-21T22:01:18.086+0000] {logging_mixin.py:188} INFO - [2025-10-21T22:01:18.086+0000] {dag.py:3096} INFO - Sync 1 DAGs
[2025-10-21T22:01:18.116+0000] {processor.py:183} INFO - Processing /opt/airflow/dags/silver_layer_dag.py took 0.073 seconds
[2025-10-21T22:01:48.315+0000] {processor.py:161} INFO - Started process (PID=587) to work on /opt/airflow/dags/silver_layer_dag.py
[2025-10-21T22:01:48.316+0000] {processor.py:830} INFO - Processing file /opt/airflow/dags/silver_layer_dag.py for tasks to queue
[2025-10-21T22:01:48.318+0000] {logging_mixin.py:188} INFO - [2025-10-21T22:01:48.318+0000] {dagbag.py:540} INFO - Filling up the DagBag from /opt/airflow/dags/silver_layer_dag.py
[2025-10-21T22:01:48.335+0000] {processor.py:840} INFO - DAG(s) 'silver_layer_cleaning_pyspark' retrieved from /opt/airflow/dags/silver_layer_dag.py
[2025-10-21T22:01:48.352+0000] {logging_mixin.py:188} INFO - [2025-10-21T22:01:48.352+0000] {dag.py:3096} INFO - Sync 1 DAGs
[2025-10-21T22:01:48.382+0000] {processor.py:183} INFO - Processing /opt/airflow/dags/silver_layer_dag.py took 0.073 seconds
[2025-10-21T22:02:18.629+0000] {processor.py:161} INFO - Started process (PID=590) to work on /opt/airflow/dags/silver_layer_dag.py
[2025-10-21T22:02:18.630+0000] {processor.py:830} INFO - Processing file /opt/airflow/dags/silver_layer_dag.py for tasks to queue
[2025-10-21T22:02:18.631+0000] {logging_mixin.py:188} INFO - [2025-10-21T22:02:18.631+0000] {dagbag.py:540} INFO - Filling up the DagBag from /opt/airflow/dags/silver_layer_dag.py
[2025-10-21T22:02:18.648+0000] {processor.py:840} INFO - DAG(s) 'silver_layer_cleaning_pyspark' retrieved from /opt/airflow/dags/silver_layer_dag.py
[2025-10-21T22:02:18.665+0000] {logging_mixin.py:188} INFO - [2025-10-21T22:02:18.665+0000] {dag.py:3096} INFO - Sync 1 DAGs
[2025-10-21T22:02:18.695+0000] {processor.py:183} INFO - Processing /opt/airflow/dags/silver_layer_dag.py took 0.071 seconds
[2025-10-21T22:02:48.896+0000] {processor.py:161} INFO - Started process (PID=593) to work on /opt/airflow/dags/silver_layer_dag.py
[2025-10-21T22:02:48.897+0000] {processor.py:830} INFO - Processing file /opt/airflow/dags/silver_layer_dag.py for tasks to queue
[2025-10-21T22:02:48.899+0000] {logging_mixin.py:188} INFO - [2025-10-21T22:02:48.899+0000] {dagbag.py:540} INFO - Filling up the DagBag from /opt/airflow/dags/silver_layer_dag.py
[2025-10-21T22:02:48.920+0000] {processor.py:840} INFO - DAG(s) 'silver_layer_cleaning_pyspark' retrieved from /opt/airflow/dags/silver_layer_dag.py
[2025-10-21T22:02:48.942+0000] {logging_mixin.py:188} INFO - [2025-10-21T22:02:48.942+0000] {dag.py:3096} INFO - Sync 1 DAGs
[2025-10-21T22:02:48.983+0000] {processor.py:183} INFO - Processing /opt/airflow/dags/silver_layer_dag.py took 0.095 seconds
[2025-10-21T22:03:19.171+0000] {processor.py:161} INFO - Started process (PID=596) to work on /opt/airflow/dags/silver_layer_dag.py
[2025-10-21T22:03:19.171+0000] {processor.py:830} INFO - Processing file /opt/airflow/dags/silver_layer_dag.py for tasks to queue
[2025-10-21T22:03:19.173+0000] {logging_mixin.py:188} INFO - [2025-10-21T22:03:19.173+0000] {dagbag.py:540} INFO - Filling up the DagBag from /opt/airflow/dags/silver_layer_dag.py
[2025-10-21T22:03:19.190+0000] {processor.py:840} INFO - DAG(s) 'silver_layer_cleaning_pyspark' retrieved from /opt/airflow/dags/silver_layer_dag.py
[2025-10-21T22:03:19.208+0000] {logging_mixin.py:188} INFO - [2025-10-21T22:03:19.208+0000] {dag.py:3096} INFO - Sync 1 DAGs
[2025-10-21T22:03:19.238+0000] {processor.py:183} INFO - Processing /opt/airflow/dags/silver_layer_dag.py took 0.073 seconds
[2025-10-21T22:03:49.424+0000] {processor.py:161} INFO - Started process (PID=599) to work on /opt/airflow/dags/silver_layer_dag.py
[2025-10-21T22:03:49.425+0000] {processor.py:830} INFO - Processing file /opt/airflow/dags/silver_layer_dag.py for tasks to queue
[2025-10-21T22:03:49.427+0000] {logging_mixin.py:188} INFO - [2025-10-21T22:03:49.426+0000] {dagbag.py:540} INFO - Filling up the DagBag from /opt/airflow/dags/silver_layer_dag.py
[2025-10-21T22:03:49.443+0000] {processor.py:840} INFO - DAG(s) 'silver_layer_cleaning_pyspark' retrieved from /opt/airflow/dags/silver_layer_dag.py
[2025-10-21T22:03:49.462+0000] {logging_mixin.py:188} INFO - [2025-10-21T22:03:49.461+0000] {dag.py:3096} INFO - Sync 1 DAGs
[2025-10-21T22:03:49.493+0000] {processor.py:183} INFO - Processing /opt/airflow/dags/silver_layer_dag.py took 0.074 seconds
[2025-10-21T22:04:19.678+0000] {processor.py:161} INFO - Started process (PID=602) to work on /opt/airflow/dags/silver_layer_dag.py
[2025-10-21T22:04:19.679+0000] {processor.py:830} INFO - Processing file /opt/airflow/dags/silver_layer_dag.py for tasks to queue
[2025-10-21T22:04:19.681+0000] {logging_mixin.py:188} INFO - [2025-10-21T22:04:19.680+0000] {dagbag.py:540} INFO - Filling up the DagBag from /opt/airflow/dags/silver_layer_dag.py
[2025-10-21T22:04:19.698+0000] {processor.py:840} INFO - DAG(s) 'silver_layer_cleaning_pyspark' retrieved from /opt/airflow/dags/silver_layer_dag.py
[2025-10-21T22:04:19.717+0000] {logging_mixin.py:188} INFO - [2025-10-21T22:04:19.717+0000] {dag.py:3096} INFO - Sync 1 DAGs
[2025-10-21T22:04:19.750+0000] {processor.py:183} INFO - Processing /opt/airflow/dags/silver_layer_dag.py took 0.078 seconds
[2025-10-21T22:04:49.933+0000] {processor.py:161} INFO - Started process (PID=605) to work on /opt/airflow/dags/silver_layer_dag.py
[2025-10-21T22:04:49.934+0000] {processor.py:830} INFO - Processing file /opt/airflow/dags/silver_layer_dag.py for tasks to queue
[2025-10-21T22:04:49.936+0000] {logging_mixin.py:188} INFO - [2025-10-21T22:04:49.935+0000] {dagbag.py:540} INFO - Filling up the DagBag from /opt/airflow/dags/silver_layer_dag.py
[2025-10-21T22:04:49.953+0000] {processor.py:840} INFO - DAG(s) 'silver_layer_cleaning_pyspark' retrieved from /opt/airflow/dags/silver_layer_dag.py
[2025-10-21T22:04:49.970+0000] {logging_mixin.py:188} INFO - [2025-10-21T22:04:49.970+0000] {dag.py:3096} INFO - Sync 1 DAGs
[2025-10-21T22:04:50.000+0000] {processor.py:183} INFO - Processing /opt/airflow/dags/silver_layer_dag.py took 0.072 seconds
[2025-10-21T22:05:20.196+0000] {processor.py:161} INFO - Started process (PID=608) to work on /opt/airflow/dags/silver_layer_dag.py
[2025-10-21T22:05:20.197+0000] {processor.py:830} INFO - Processing file /opt/airflow/dags/silver_layer_dag.py for tasks to queue
[2025-10-21T22:05:20.198+0000] {logging_mixin.py:188} INFO - [2025-10-21T22:05:20.198+0000] {dagbag.py:540} INFO - Filling up the DagBag from /opt/airflow/dags/silver_layer_dag.py
[2025-10-21T22:05:20.216+0000] {processor.py:840} INFO - DAG(s) 'silver_layer_cleaning_pyspark' retrieved from /opt/airflow/dags/silver_layer_dag.py
[2025-10-21T22:05:20.236+0000] {logging_mixin.py:188} INFO - [2025-10-21T22:05:20.235+0000] {dag.py:3096} INFO - Sync 1 DAGs
[2025-10-21T22:05:20.265+0000] {processor.py:183} INFO - Processing /opt/airflow/dags/silver_layer_dag.py took 0.075 seconds
[2025-10-21T22:05:50.461+0000] {processor.py:161} INFO - Started process (PID=611) to work on /opt/airflow/dags/silver_layer_dag.py
[2025-10-21T22:05:50.462+0000] {processor.py:830} INFO - Processing file /opt/airflow/dags/silver_layer_dag.py for tasks to queue
[2025-10-21T22:05:50.464+0000] {logging_mixin.py:188} INFO - [2025-10-21T22:05:50.463+0000] {dagbag.py:540} INFO - Filling up the DagBag from /opt/airflow/dags/silver_layer_dag.py
[2025-10-21T22:05:50.481+0000] {processor.py:840} INFO - DAG(s) 'silver_layer_cleaning_pyspark' retrieved from /opt/airflow/dags/silver_layer_dag.py
[2025-10-21T22:05:50.498+0000] {logging_mixin.py:188} INFO - [2025-10-21T22:05:50.498+0000] {dag.py:3096} INFO - Sync 1 DAGs
[2025-10-21T22:05:50.528+0000] {processor.py:183} INFO - Processing /opt/airflow/dags/silver_layer_dag.py took 0.073 seconds
[2025-10-21T22:06:20.720+0000] {processor.py:161} INFO - Started process (PID=614) to work on /opt/airflow/dags/silver_layer_dag.py
[2025-10-21T22:06:20.721+0000] {processor.py:830} INFO - Processing file /opt/airflow/dags/silver_layer_dag.py for tasks to queue
[2025-10-21T22:06:20.723+0000] {logging_mixin.py:188} INFO - [2025-10-21T22:06:20.723+0000] {dagbag.py:540} INFO - Filling up the DagBag from /opt/airflow/dags/silver_layer_dag.py
[2025-10-21T22:06:20.740+0000] {processor.py:840} INFO - DAG(s) 'silver_layer_cleaning_pyspark' retrieved from /opt/airflow/dags/silver_layer_dag.py
[2025-10-21T22:06:20.758+0000] {logging_mixin.py:188} INFO - [2025-10-21T22:06:20.757+0000] {dag.py:3096} INFO - Sync 1 DAGs
[2025-10-21T22:06:20.791+0000] {processor.py:183} INFO - Processing /opt/airflow/dags/silver_layer_dag.py took 0.076 seconds
[2025-10-21T22:06:50.992+0000] {processor.py:161} INFO - Started process (PID=617) to work on /opt/airflow/dags/silver_layer_dag.py
[2025-10-21T22:06:50.993+0000] {processor.py:830} INFO - Processing file /opt/airflow/dags/silver_layer_dag.py for tasks to queue
[2025-10-21T22:06:50.995+0000] {logging_mixin.py:188} INFO - [2025-10-21T22:06:50.994+0000] {dagbag.py:540} INFO - Filling up the DagBag from /opt/airflow/dags/silver_layer_dag.py
[2025-10-21T22:06:51.012+0000] {processor.py:840} INFO - DAG(s) 'silver_layer_cleaning_pyspark' retrieved from /opt/airflow/dags/silver_layer_dag.py
[2025-10-21T22:06:51.029+0000] {logging_mixin.py:188} INFO - [2025-10-21T22:06:51.029+0000] {dag.py:3096} INFO - Sync 1 DAGs
[2025-10-21T22:06:51.061+0000] {processor.py:183} INFO - Processing /opt/airflow/dags/silver_layer_dag.py took 0.074 seconds
[2025-10-21T22:07:21.308+0000] {processor.py:161} INFO - Started process (PID=620) to work on /opt/airflow/dags/silver_layer_dag.py
[2025-10-21T22:07:21.309+0000] {processor.py:830} INFO - Processing file /opt/airflow/dags/silver_layer_dag.py for tasks to queue
[2025-10-21T22:07:21.311+0000] {logging_mixin.py:188} INFO - [2025-10-21T22:07:21.310+0000] {dagbag.py:540} INFO - Filling up the DagBag from /opt/airflow/dags/silver_layer_dag.py
[2025-10-21T22:07:21.327+0000] {processor.py:840} INFO - DAG(s) 'silver_layer_cleaning_pyspark' retrieved from /opt/airflow/dags/silver_layer_dag.py
[2025-10-21T22:07:21.345+0000] {logging_mixin.py:188} INFO - [2025-10-21T22:07:21.344+0000] {dag.py:3096} INFO - Sync 1 DAGs
[2025-10-21T22:07:21.375+0000] {processor.py:183} INFO - Processing /opt/airflow/dags/silver_layer_dag.py took 0.072 seconds
