[2025-10-22T09:09:47.306+0000] {processor.py:161} INFO - Started process (PID=56) to work on /opt/airflow/dags/bronze_dag_simple.py
[2025-10-22T09:09:47.307+0000] {processor.py:830} INFO - Processing file /opt/airflow/dags/bronze_dag_simple.py for tasks to queue
[2025-10-22T09:09:47.310+0000] {logging_mixin.py:188} INFO - [2025-10-22T09:09:47.310+0000] {dagbag.py:540} INFO - Filling up the DagBag from /opt/airflow/dags/bronze_dag_simple.py
[2025-10-22T09:09:47.337+0000] {processor.py:840} INFO - DAG(s) 'bronze_layer_ingestion_simple' retrieved from /opt/airflow/dags/bronze_dag_simple.py
[2025-10-22T09:09:47.350+0000] {logging_mixin.py:188} INFO - [2025-10-22T09:09:47.349+0000] {dag.py:3096} INFO - Sync 1 DAGs
[2025-10-22T09:09:47.374+0000] {logging_mixin.py:188} INFO - [2025-10-22T09:09:47.374+0000] {dag.py:3954} INFO - Setting next_dagrun for bronze_layer_ingestion_simple to 2025-10-21 18:00:00+00:00, run_after=2025-10-22 18:00:00+00:00
[2025-10-22T09:09:47.391+0000] {processor.py:183} INFO - Processing /opt/airflow/dags/bronze_dag_simple.py took 0.092 seconds
[2025-10-22T09:10:17.661+0000] {processor.py:161} INFO - Started process (PID=59) to work on /opt/airflow/dags/bronze_dag_simple.py
[2025-10-22T09:10:17.662+0000] {processor.py:830} INFO - Processing file /opt/airflow/dags/bronze_dag_simple.py for tasks to queue
[2025-10-22T09:10:17.664+0000] {logging_mixin.py:188} INFO - [2025-10-22T09:10:17.663+0000] {dagbag.py:540} INFO - Filling up the DagBag from /opt/airflow/dags/bronze_dag_simple.py
[2025-10-22T09:10:17.685+0000] {processor.py:840} INFO - DAG(s) 'bronze_layer_ingestion_simple' retrieved from /opt/airflow/dags/bronze_dag_simple.py
[2025-10-22T09:10:17.772+0000] {logging_mixin.py:188} INFO - [2025-10-22T09:10:17.772+0000] {dag.py:3096} INFO - Sync 1 DAGs
[2025-10-22T09:10:17.788+0000] {logging_mixin.py:188} INFO - [2025-10-22T09:10:17.788+0000] {dag.py:3954} INFO - Setting next_dagrun for bronze_layer_ingestion_simple to 2025-10-21 18:00:00+00:00, run_after=2025-10-22 18:00:00+00:00
[2025-10-22T09:10:17.807+0000] {processor.py:183} INFO - Processing /opt/airflow/dags/bronze_dag_simple.py took 0.151 seconds
[2025-10-22T09:11:09.174+0000] {processor.py:161} INFO - Started process (PID=66) to work on /opt/airflow/dags/bronze_dag_simple.py
[2025-10-22T09:11:09.175+0000] {processor.py:830} INFO - Processing file /opt/airflow/dags/bronze_dag_simple.py for tasks to queue
[2025-10-22T09:11:09.177+0000] {logging_mixin.py:188} INFO - [2025-10-22T09:11:09.177+0000] {dagbag.py:540} INFO - Filling up the DagBag from /opt/airflow/dags/bronze_dag_simple.py
[2025-10-22T09:11:09.198+0000] {processor.py:840} INFO - DAG(s) 'bronze_layer_ingestion_simple' retrieved from /opt/airflow/dags/bronze_dag_simple.py
[2025-10-22T09:11:09.222+0000] {logging_mixin.py:188} INFO - [2025-10-22T09:11:09.221+0000] {dag.py:3096} INFO - Sync 1 DAGs
[2025-10-22T09:11:09.268+0000] {processor.py:183} INFO - Processing /opt/airflow/dags/bronze_dag_simple.py took 0.099 seconds
[2025-10-22T09:11:39.515+0000] {processor.py:161} INFO - Started process (PID=69) to work on /opt/airflow/dags/bronze_dag_simple.py
[2025-10-22T09:11:39.516+0000] {processor.py:830} INFO - Processing file /opt/airflow/dags/bronze_dag_simple.py for tasks to queue
[2025-10-22T09:11:39.519+0000] {logging_mixin.py:188} INFO - [2025-10-22T09:11:39.518+0000] {dagbag.py:540} INFO - Filling up the DagBag from /opt/airflow/dags/bronze_dag_simple.py
[2025-10-22T09:11:39.543+0000] {processor.py:840} INFO - DAG(s) 'bronze_layer_ingestion_simple' retrieved from /opt/airflow/dags/bronze_dag_simple.py
[2025-10-22T09:11:39.565+0000] {logging_mixin.py:188} INFO - [2025-10-22T09:11:39.565+0000] {dag.py:3096} INFO - Sync 1 DAGs
[2025-10-22T09:11:39.688+0000] {processor.py:183} INFO - Processing /opt/airflow/dags/bronze_dag_simple.py took 0.183 seconds
[2025-10-22T09:12:09.802+0000] {processor.py:161} INFO - Started process (PID=72) to work on /opt/airflow/dags/bronze_dag_simple.py
[2025-10-22T09:12:09.803+0000] {processor.py:830} INFO - Processing file /opt/airflow/dags/bronze_dag_simple.py for tasks to queue
[2025-10-22T09:12:09.805+0000] {logging_mixin.py:188} INFO - [2025-10-22T09:12:09.805+0000] {dagbag.py:540} INFO - Filling up the DagBag from /opt/airflow/dags/bronze_dag_simple.py
[2025-10-22T09:12:09.824+0000] {processor.py:840} INFO - DAG(s) 'bronze_layer_ingestion_simple' retrieved from /opt/airflow/dags/bronze_dag_simple.py
[2025-10-22T09:12:09.842+0000] {logging_mixin.py:188} INFO - [2025-10-22T09:12:09.842+0000] {dag.py:3096} INFO - Sync 1 DAGs
[2025-10-22T09:12:09.860+0000] {logging_mixin.py:188} INFO - [2025-10-22T09:12:09.860+0000] {dag.py:3954} INFO - Setting next_dagrun for bronze_layer_ingestion_simple to 2025-10-21 18:00:00+00:00, run_after=2025-10-22 18:00:00+00:00
[2025-10-22T09:12:09.875+0000] {processor.py:183} INFO - Processing /opt/airflow/dags/bronze_dag_simple.py took 0.078 seconds
[2025-10-22T09:12:45.926+0000] {processor.py:161} INFO - Started process (PID=75) to work on /opt/airflow/dags/bronze_dag_simple.py
[2025-10-22T09:12:45.927+0000] {processor.py:830} INFO - Processing file /opt/airflow/dags/bronze_dag_simple.py for tasks to queue
[2025-10-22T09:12:45.929+0000] {logging_mixin.py:188} INFO - [2025-10-22T09:12:45.929+0000] {dagbag.py:540} INFO - Filling up the DagBag from /opt/airflow/dags/bronze_dag_simple.py
[2025-10-22T09:12:45.947+0000] {processor.py:840} INFO - DAG(s) 'bronze_layer_ingestion_simple' retrieved from /opt/airflow/dags/bronze_dag_simple.py
[2025-10-22T09:12:45.965+0000] {logging_mixin.py:188} INFO - [2025-10-22T09:12:45.965+0000] {dag.py:3096} INFO - Sync 1 DAGs
[2025-10-22T09:12:45.981+0000] {logging_mixin.py:188} INFO - [2025-10-22T09:12:45.981+0000] {dag.py:3954} INFO - Setting next_dagrun for bronze_layer_ingestion_simple to 2025-10-21 18:00:00+00:00, run_after=2025-10-22 18:00:00+00:00
[2025-10-22T09:12:46.000+0000] {processor.py:183} INFO - Processing /opt/airflow/dags/bronze_dag_simple.py took 0.080 seconds
[2025-10-22T09:13:16.271+0000] {processor.py:161} INFO - Started process (PID=78) to work on /opt/airflow/dags/bronze_dag_simple.py
[2025-10-22T09:13:16.273+0000] {processor.py:830} INFO - Processing file /opt/airflow/dags/bronze_dag_simple.py for tasks to queue
[2025-10-22T09:13:16.275+0000] {logging_mixin.py:188} INFO - [2025-10-22T09:13:16.275+0000] {dagbag.py:540} INFO - Filling up the DagBag from /opt/airflow/dags/bronze_dag_simple.py
[2025-10-22T09:13:16.311+0000] {processor.py:840} INFO - DAG(s) 'bronze_layer_ingestion_simple' retrieved from /opt/airflow/dags/bronze_dag_simple.py
[2025-10-22T09:13:16.331+0000] {logging_mixin.py:188} INFO - [2025-10-22T09:13:16.331+0000] {dag.py:3096} INFO - Sync 1 DAGs
[2025-10-22T09:13:16.349+0000] {logging_mixin.py:188} INFO - [2025-10-22T09:13:16.349+0000] {dag.py:3954} INFO - Setting next_dagrun for bronze_layer_ingestion_simple to 2025-10-21 18:00:00+00:00, run_after=2025-10-22 18:00:00+00:00
[2025-10-22T09:13:16.369+0000] {processor.py:183} INFO - Processing /opt/airflow/dags/bronze_dag_simple.py took 0.103 seconds
[2025-10-22T09:13:46.743+0000] {processor.py:161} INFO - Started process (PID=81) to work on /opt/airflow/dags/bronze_dag_simple.py
[2025-10-22T09:13:46.744+0000] {processor.py:830} INFO - Processing file /opt/airflow/dags/bronze_dag_simple.py for tasks to queue
[2025-10-22T09:13:46.746+0000] {logging_mixin.py:188} INFO - [2025-10-22T09:13:46.745+0000] {dagbag.py:540} INFO - Filling up the DagBag from /opt/airflow/dags/bronze_dag_simple.py
[2025-10-22T09:13:46.769+0000] {processor.py:840} INFO - DAG(s) 'bronze_layer_ingestion_simple' retrieved from /opt/airflow/dags/bronze_dag_simple.py
[2025-10-22T09:13:46.790+0000] {logging_mixin.py:188} INFO - [2025-10-22T09:13:46.790+0000] {dag.py:3096} INFO - Sync 1 DAGs
[2025-10-22T09:13:46.811+0000] {logging_mixin.py:188} INFO - [2025-10-22T09:13:46.811+0000] {dag.py:3954} INFO - Setting next_dagrun for bronze_layer_ingestion_simple to 2025-10-21 18:00:00+00:00, run_after=2025-10-22 18:00:00+00:00
[2025-10-22T09:13:46.830+0000] {processor.py:183} INFO - Processing /opt/airflow/dags/bronze_dag_simple.py took 0.094 seconds
[2025-10-22T09:14:16.974+0000] {processor.py:161} INFO - Started process (PID=84) to work on /opt/airflow/dags/bronze_dag_simple.py
[2025-10-22T09:14:16.975+0000] {processor.py:830} INFO - Processing file /opt/airflow/dags/bronze_dag_simple.py for tasks to queue
[2025-10-22T09:14:16.976+0000] {logging_mixin.py:188} INFO - [2025-10-22T09:14:16.976+0000] {dagbag.py:540} INFO - Filling up the DagBag from /opt/airflow/dags/bronze_dag_simple.py
[2025-10-22T09:14:16.995+0000] {processor.py:840} INFO - DAG(s) 'bronze_layer_ingestion_simple' retrieved from /opt/airflow/dags/bronze_dag_simple.py
[2025-10-22T09:14:17.014+0000] {logging_mixin.py:188} INFO - [2025-10-22T09:14:17.013+0000] {dag.py:3096} INFO - Sync 1 DAGs
[2025-10-22T09:14:17.032+0000] {logging_mixin.py:188} INFO - [2025-10-22T09:14:17.031+0000] {dag.py:3954} INFO - Setting next_dagrun for bronze_layer_ingestion_simple to 2025-10-21 18:00:00+00:00, run_after=2025-10-22 18:00:00+00:00
[2025-10-22T09:14:17.049+0000] {processor.py:183} INFO - Processing /opt/airflow/dags/bronze_dag_simple.py took 0.080 seconds
[2025-10-22T09:14:47.346+0000] {processor.py:161} INFO - Started process (PID=87) to work on /opt/airflow/dags/bronze_dag_simple.py
[2025-10-22T09:14:47.347+0000] {processor.py:830} INFO - Processing file /opt/airflow/dags/bronze_dag_simple.py for tasks to queue
[2025-10-22T09:14:47.348+0000] {logging_mixin.py:188} INFO - [2025-10-22T09:14:47.348+0000] {dagbag.py:540} INFO - Filling up the DagBag from /opt/airflow/dags/bronze_dag_simple.py
[2025-10-22T09:14:47.365+0000] {processor.py:840} INFO - DAG(s) 'bronze_layer_ingestion_simple' retrieved from /opt/airflow/dags/bronze_dag_simple.py
[2025-10-22T09:14:47.385+0000] {logging_mixin.py:188} INFO - [2025-10-22T09:14:47.385+0000] {dag.py:3096} INFO - Sync 1 DAGs
[2025-10-22T09:14:47.402+0000] {logging_mixin.py:188} INFO - [2025-10-22T09:14:47.402+0000] {dag.py:3954} INFO - Setting next_dagrun for bronze_layer_ingestion_simple to 2025-10-21 18:00:00+00:00, run_after=2025-10-22 18:00:00+00:00
[2025-10-22T09:14:47.416+0000] {processor.py:183} INFO - Processing /opt/airflow/dags/bronze_dag_simple.py took 0.075 seconds
[2025-10-22T09:15:18.277+0000] {processor.py:161} INFO - Started process (PID=90) to work on /opt/airflow/dags/bronze_dag_simple.py
[2025-10-22T09:15:18.278+0000] {processor.py:830} INFO - Processing file /opt/airflow/dags/bronze_dag_simple.py for tasks to queue
[2025-10-22T09:15:18.280+0000] {logging_mixin.py:188} INFO - [2025-10-22T09:15:18.280+0000] {dagbag.py:540} INFO - Filling up the DagBag from /opt/airflow/dags/bronze_dag_simple.py
[2025-10-22T09:15:18.299+0000] {processor.py:840} INFO - DAG(s) 'bronze_layer_ingestion_simple' retrieved from /opt/airflow/dags/bronze_dag_simple.py
[2025-10-22T09:15:18.318+0000] {logging_mixin.py:188} INFO - [2025-10-22T09:15:18.318+0000] {dag.py:3096} INFO - Sync 1 DAGs
[2025-10-22T09:15:18.336+0000] {logging_mixin.py:188} INFO - [2025-10-22T09:15:18.336+0000] {dag.py:3954} INFO - Setting next_dagrun for bronze_layer_ingestion_simple to 2025-10-21 18:00:00+00:00, run_after=2025-10-22 18:00:00+00:00
[2025-10-22T09:15:18.352+0000] {processor.py:183} INFO - Processing /opt/airflow/dags/bronze_dag_simple.py took 0.079 seconds
[2025-10-22T09:35:35.175+0000] {processor.py:161} INFO - Started process (PID=86) to work on /opt/airflow/dags/bronze_dag_simple.py
[2025-10-22T09:35:35.176+0000] {processor.py:830} INFO - Processing file /opt/airflow/dags/bronze_dag_simple.py for tasks to queue
[2025-10-22T09:35:35.178+0000] {logging_mixin.py:188} INFO - [2025-10-22T09:35:35.178+0000] {dagbag.py:540} INFO - Filling up the DagBag from /opt/airflow/dags/bronze_dag_simple.py
[2025-10-22T09:35:35.195+0000] {processor.py:840} INFO - DAG(s) 'bronze_layer_ingestion_simple' retrieved from /opt/airflow/dags/bronze_dag_simple.py
[2025-10-22T09:35:35.283+0000] {logging_mixin.py:188} INFO - [2025-10-22T09:35:35.282+0000] {dag.py:3096} INFO - Sync 1 DAGs
[2025-10-22T09:35:35.300+0000] {logging_mixin.py:188} INFO - [2025-10-22T09:35:35.299+0000] {dag.py:3954} INFO - Setting next_dagrun for bronze_layer_ingestion_simple to 2025-10-21 18:00:00+00:00, run_after=2025-10-22 18:00:00+00:00
[2025-10-22T09:35:35.316+0000] {processor.py:183} INFO - Processing /opt/airflow/dags/bronze_dag_simple.py took 0.146 seconds
[2025-10-22T09:36:06.043+0000] {processor.py:161} INFO - Started process (PID=89) to work on /opt/airflow/dags/bronze_dag_simple.py
[2025-10-22T09:36:06.044+0000] {processor.py:830} INFO - Processing file /opt/airflow/dags/bronze_dag_simple.py for tasks to queue
[2025-10-22T09:36:06.045+0000] {logging_mixin.py:188} INFO - [2025-10-22T09:36:06.045+0000] {dagbag.py:540} INFO - Filling up the DagBag from /opt/airflow/dags/bronze_dag_simple.py
[2025-10-22T09:36:06.063+0000] {processor.py:840} INFO - DAG(s) 'bronze_layer_ingestion_simple' retrieved from /opt/airflow/dags/bronze_dag_simple.py
[2025-10-22T09:36:06.080+0000] {logging_mixin.py:188} INFO - [2025-10-22T09:36:06.080+0000] {dag.py:3096} INFO - Sync 1 DAGs
[2025-10-22T09:36:06.101+0000] {logging_mixin.py:188} INFO - [2025-10-22T09:36:06.101+0000] {dag.py:3954} INFO - Setting next_dagrun for bronze_layer_ingestion_simple to 2025-10-21 18:00:00+00:00, run_after=2025-10-22 18:00:00+00:00
[2025-10-22T09:36:06.115+0000] {processor.py:183} INFO - Processing /opt/airflow/dags/bronze_dag_simple.py took 0.077 seconds
[2025-10-22T09:36:36.405+0000] {processor.py:161} INFO - Started process (PID=92) to work on /opt/airflow/dags/bronze_dag_simple.py
[2025-10-22T09:36:36.406+0000] {processor.py:830} INFO - Processing file /opt/airflow/dags/bronze_dag_simple.py for tasks to queue
[2025-10-22T09:36:36.408+0000] {logging_mixin.py:188} INFO - [2025-10-22T09:36:36.408+0000] {dagbag.py:540} INFO - Filling up the DagBag from /opt/airflow/dags/bronze_dag_simple.py
[2025-10-22T09:36:36.428+0000] {processor.py:840} INFO - DAG(s) 'bronze_layer_ingestion_simple' retrieved from /opt/airflow/dags/bronze_dag_simple.py
[2025-10-22T09:36:36.445+0000] {logging_mixin.py:188} INFO - [2025-10-22T09:36:36.445+0000] {dag.py:3096} INFO - Sync 1 DAGs
[2025-10-22T09:36:36.463+0000] {logging_mixin.py:188} INFO - [2025-10-22T09:36:36.462+0000] {dag.py:3954} INFO - Setting next_dagrun for bronze_layer_ingestion_simple to 2025-10-21 18:00:00+00:00, run_after=2025-10-22 18:00:00+00:00
[2025-10-22T09:36:36.476+0000] {processor.py:183} INFO - Processing /opt/airflow/dags/bronze_dag_simple.py took 0.076 seconds
[2025-10-22T09:37:07.474+0000] {processor.py:161} INFO - Started process (PID=95) to work on /opt/airflow/dags/bronze_dag_simple.py
[2025-10-22T09:37:07.475+0000] {processor.py:830} INFO - Processing file /opt/airflow/dags/bronze_dag_simple.py for tasks to queue
[2025-10-22T09:37:07.477+0000] {logging_mixin.py:188} INFO - [2025-10-22T09:37:07.476+0000] {dagbag.py:540} INFO - Filling up the DagBag from /opt/airflow/dags/bronze_dag_simple.py
[2025-10-22T09:37:07.495+0000] {processor.py:840} INFO - DAG(s) 'bronze_layer_ingestion_simple' retrieved from /opt/airflow/dags/bronze_dag_simple.py
[2025-10-22T09:37:07.513+0000] {logging_mixin.py:188} INFO - [2025-10-22T09:37:07.513+0000] {dag.py:3096} INFO - Sync 1 DAGs
[2025-10-22T09:37:07.533+0000] {logging_mixin.py:188} INFO - [2025-10-22T09:37:07.533+0000] {dag.py:3954} INFO - Setting next_dagrun for bronze_layer_ingestion_simple to 2025-10-21 18:00:00+00:00, run_after=2025-10-22 18:00:00+00:00
[2025-10-22T09:37:07.548+0000] {processor.py:183} INFO - Processing /opt/airflow/dags/bronze_dag_simple.py took 0.079 seconds
[2025-10-22T09:37:38.499+0000] {processor.py:161} INFO - Started process (PID=98) to work on /opt/airflow/dags/bronze_dag_simple.py
[2025-10-22T09:37:38.501+0000] {processor.py:830} INFO - Processing file /opt/airflow/dags/bronze_dag_simple.py for tasks to queue
[2025-10-22T09:37:38.502+0000] {logging_mixin.py:188} INFO - [2025-10-22T09:37:38.502+0000] {dagbag.py:540} INFO - Filling up the DagBag from /opt/airflow/dags/bronze_dag_simple.py
[2025-10-22T09:37:38.523+0000] {processor.py:840} INFO - DAG(s) 'bronze_layer_ingestion_simple' retrieved from /opt/airflow/dags/bronze_dag_simple.py
[2025-10-22T09:37:38.544+0000] {logging_mixin.py:188} INFO - [2025-10-22T09:37:38.544+0000] {dag.py:3096} INFO - Sync 1 DAGs
[2025-10-22T09:37:38.561+0000] {logging_mixin.py:188} INFO - [2025-10-22T09:37:38.561+0000] {dag.py:3954} INFO - Setting next_dagrun for bronze_layer_ingestion_simple to 2025-10-21 18:00:00+00:00, run_after=2025-10-22 18:00:00+00:00
[2025-10-22T09:37:38.578+0000] {processor.py:183} INFO - Processing /opt/airflow/dags/bronze_dag_simple.py took 0.084 seconds
[2025-10-22T09:38:09.663+0000] {processor.py:161} INFO - Started process (PID=101) to work on /opt/airflow/dags/bronze_dag_simple.py
[2025-10-22T09:38:09.664+0000] {processor.py:830} INFO - Processing file /opt/airflow/dags/bronze_dag_simple.py for tasks to queue
[2025-10-22T09:38:09.667+0000] {logging_mixin.py:188} INFO - [2025-10-22T09:38:09.667+0000] {dagbag.py:540} INFO - Filling up the DagBag from /opt/airflow/dags/bronze_dag_simple.py
[2025-10-22T09:38:09.694+0000] {processor.py:840} INFO - DAG(s) 'bronze_layer_ingestion_simple' retrieved from /opt/airflow/dags/bronze_dag_simple.py
[2025-10-22T09:38:09.819+0000] {logging_mixin.py:188} INFO - [2025-10-22T09:38:09.819+0000] {dag.py:3096} INFO - Sync 1 DAGs
[2025-10-22T09:38:09.829+0000] {logging_mixin.py:188} INFO - [2025-10-22T09:38:09.829+0000] {dag.py:3118} INFO - Creating ORM DAG for bronze_layer_ingestion_simple
[2025-10-22T09:38:09.838+0000] {logging_mixin.py:188} INFO - [2025-10-22T09:38:09.838+0000] {dag.py:3954} INFO - Setting next_dagrun for bronze_layer_ingestion_simple to 2025-10-20 18:00:00+00:00, run_after=2025-10-21 18:00:00+00:00
[2025-10-22T09:38:09.854+0000] {processor.py:183} INFO - Processing /opt/airflow/dags/bronze_dag_simple.py took 0.199 seconds
[2025-10-22T09:38:40.175+0000] {processor.py:161} INFO - Started process (PID=104) to work on /opt/airflow/dags/bronze_dag_simple.py
[2025-10-22T09:38:40.176+0000] {processor.py:830} INFO - Processing file /opt/airflow/dags/bronze_dag_simple.py for tasks to queue
[2025-10-22T09:38:40.177+0000] {logging_mixin.py:188} INFO - [2025-10-22T09:38:40.177+0000] {dagbag.py:540} INFO - Filling up the DagBag from /opt/airflow/dags/bronze_dag_simple.py
[2025-10-22T09:38:40.196+0000] {processor.py:840} INFO - DAG(s) 'bronze_layer_ingestion_simple' retrieved from /opt/airflow/dags/bronze_dag_simple.py
[2025-10-22T09:38:40.217+0000] {logging_mixin.py:188} INFO - [2025-10-22T09:38:40.217+0000] {dag.py:3096} INFO - Sync 1 DAGs
[2025-10-22T09:38:40.235+0000] {logging_mixin.py:188} INFO - [2025-10-22T09:38:40.235+0000] {dag.py:3954} INFO - Setting next_dagrun for bronze_layer_ingestion_simple to 2025-10-20 18:00:00+00:00, run_after=2025-10-21 18:00:00+00:00
[2025-10-22T09:38:40.251+0000] {processor.py:183} INFO - Processing /opt/airflow/dags/bronze_dag_simple.py took 0.081 seconds
[2025-10-22T09:39:11.120+0000] {processor.py:161} INFO - Started process (PID=120) to work on /opt/airflow/dags/bronze_dag_simple.py
[2025-10-22T09:39:11.121+0000] {processor.py:830} INFO - Processing file /opt/airflow/dags/bronze_dag_simple.py for tasks to queue
[2025-10-22T09:39:11.123+0000] {logging_mixin.py:188} INFO - [2025-10-22T09:39:11.123+0000] {dagbag.py:540} INFO - Filling up the DagBag from /opt/airflow/dags/bronze_dag_simple.py
[2025-10-22T09:39:11.140+0000] {processor.py:840} INFO - DAG(s) 'bronze_layer_ingestion_simple' retrieved from /opt/airflow/dags/bronze_dag_simple.py
[2025-10-22T09:39:11.158+0000] {logging_mixin.py:188} INFO - [2025-10-22T09:39:11.157+0000] {dag.py:3096} INFO - Sync 1 DAGs
[2025-10-22T09:39:11.187+0000] {processor.py:183} INFO - Processing /opt/airflow/dags/bronze_dag_simple.py took 0.071 seconds
[2025-10-22T09:39:47.734+0000] {processor.py:161} INFO - Started process (PID=123) to work on /opt/airflow/dags/bronze_dag_simple.py
[2025-10-22T09:39:47.735+0000] {processor.py:830} INFO - Processing file /opt/airflow/dags/bronze_dag_simple.py for tasks to queue
[2025-10-22T09:39:47.737+0000] {logging_mixin.py:188} INFO - [2025-10-22T09:39:47.737+0000] {dagbag.py:540} INFO - Filling up the DagBag from /opt/airflow/dags/bronze_dag_simple.py
[2025-10-22T09:39:47.757+0000] {processor.py:840} INFO - DAG(s) 'bronze_layer_ingestion_simple' retrieved from /opt/airflow/dags/bronze_dag_simple.py
[2025-10-22T09:39:47.784+0000] {logging_mixin.py:188} INFO - [2025-10-22T09:39:47.784+0000] {dag.py:3096} INFO - Sync 1 DAGs
[2025-10-22T09:39:47.835+0000] {processor.py:183} INFO - Processing /opt/airflow/dags/bronze_dag_simple.py took 0.106 seconds
[2025-10-22T09:40:18.030+0000] {processor.py:161} INFO - Started process (PID=126) to work on /opt/airflow/dags/bronze_dag_simple.py
[2025-10-22T09:40:18.031+0000] {processor.py:830} INFO - Processing file /opt/airflow/dags/bronze_dag_simple.py for tasks to queue
[2025-10-22T09:40:18.033+0000] {logging_mixin.py:188} INFO - [2025-10-22T09:40:18.033+0000] {dagbag.py:540} INFO - Filling up the DagBag from /opt/airflow/dags/bronze_dag_simple.py
[2025-10-22T09:40:18.051+0000] {processor.py:840} INFO - DAG(s) 'bronze_layer_ingestion_simple' retrieved from /opt/airflow/dags/bronze_dag_simple.py
[2025-10-22T09:40:18.070+0000] {logging_mixin.py:188} INFO - [2025-10-22T09:40:18.070+0000] {dag.py:3096} INFO - Sync 1 DAGs
[2025-10-22T09:40:18.088+0000] {logging_mixin.py:188} INFO - [2025-10-22T09:40:18.087+0000] {dag.py:3954} INFO - Setting next_dagrun for bronze_layer_ingestion_simple to 2025-10-21 18:00:00+00:00, run_after=2025-10-22 18:00:00+00:00
[2025-10-22T09:40:18.103+0000] {processor.py:183} INFO - Processing /opt/airflow/dags/bronze_dag_simple.py took 0.078 seconds
[2025-10-22T09:40:48.405+0000] {processor.py:161} INFO - Started process (PID=129) to work on /opt/airflow/dags/bronze_dag_simple.py
[2025-10-22T09:40:48.406+0000] {processor.py:830} INFO - Processing file /opt/airflow/dags/bronze_dag_simple.py for tasks to queue
[2025-10-22T09:40:48.408+0000] {logging_mixin.py:188} INFO - [2025-10-22T09:40:48.407+0000] {dagbag.py:540} INFO - Filling up the DagBag from /opt/airflow/dags/bronze_dag_simple.py
[2025-10-22T09:40:48.425+0000] {processor.py:840} INFO - DAG(s) 'bronze_layer_ingestion_simple' retrieved from /opt/airflow/dags/bronze_dag_simple.py
[2025-10-22T09:40:48.442+0000] {logging_mixin.py:188} INFO - [2025-10-22T09:40:48.442+0000] {dag.py:3096} INFO - Sync 1 DAGs
[2025-10-22T09:40:48.459+0000] {logging_mixin.py:188} INFO - [2025-10-22T09:40:48.458+0000] {dag.py:3954} INFO - Setting next_dagrun for bronze_layer_ingestion_simple to 2025-10-21 18:00:00+00:00, run_after=2025-10-22 18:00:00+00:00
[2025-10-22T09:40:48.472+0000] {processor.py:183} INFO - Processing /opt/airflow/dags/bronze_dag_simple.py took 0.071 seconds
[2025-10-22T09:41:20.361+0000] {processor.py:161} INFO - Started process (PID=132) to work on /opt/airflow/dags/bronze_dag_simple.py
[2025-10-22T09:41:20.362+0000] {processor.py:830} INFO - Processing file /opt/airflow/dags/bronze_dag_simple.py for tasks to queue
[2025-10-22T09:41:20.364+0000] {logging_mixin.py:188} INFO - [2025-10-22T09:41:20.364+0000] {dagbag.py:540} INFO - Filling up the DagBag from /opt/airflow/dags/bronze_dag_simple.py
[2025-10-22T09:41:20.386+0000] {processor.py:840} INFO - DAG(s) 'bronze_layer_ingestion_simple' retrieved from /opt/airflow/dags/bronze_dag_simple.py
[2025-10-22T09:41:20.408+0000] {logging_mixin.py:188} INFO - [2025-10-22T09:41:20.408+0000] {dag.py:3096} INFO - Sync 1 DAGs
[2025-10-22T09:41:20.429+0000] {logging_mixin.py:188} INFO - [2025-10-22T09:41:20.429+0000] {dag.py:3954} INFO - Setting next_dagrun for bronze_layer_ingestion_simple to 2025-10-21 18:00:00+00:00, run_after=2025-10-22 18:00:00+00:00
[2025-10-22T09:41:20.448+0000] {processor.py:183} INFO - Processing /opt/airflow/dags/bronze_dag_simple.py took 0.093 seconds
[2025-10-22T09:42:24.134+0000] {processor.py:161} INFO - Started process (PID=135) to work on /opt/airflow/dags/bronze_dag_simple.py
[2025-10-22T09:42:24.135+0000] {processor.py:830} INFO - Processing file /opt/airflow/dags/bronze_dag_simple.py for tasks to queue
[2025-10-22T09:42:24.137+0000] {logging_mixin.py:188} INFO - [2025-10-22T09:42:24.137+0000] {dagbag.py:540} INFO - Filling up the DagBag from /opt/airflow/dags/bronze_dag_simple.py
[2025-10-22T09:42:24.156+0000] {processor.py:840} INFO - DAG(s) 'bronze_layer_ingestion_simple' retrieved from /opt/airflow/dags/bronze_dag_simple.py
[2025-10-22T09:42:24.176+0000] {logging_mixin.py:188} INFO - [2025-10-22T09:42:24.176+0000] {dag.py:3096} INFO - Sync 1 DAGs
[2025-10-22T09:42:24.198+0000] {logging_mixin.py:188} INFO - [2025-10-22T09:42:24.198+0000] {dag.py:3954} INFO - Setting next_dagrun for bronze_layer_ingestion_simple to 2025-10-21 18:00:00+00:00, run_after=2025-10-22 18:00:00+00:00
[2025-10-22T09:42:24.216+0000] {processor.py:183} INFO - Processing /opt/airflow/dags/bronze_dag_simple.py took 0.088 seconds
[2025-10-22T09:42:54.492+0000] {processor.py:161} INFO - Started process (PID=138) to work on /opt/airflow/dags/bronze_dag_simple.py
[2025-10-22T09:42:54.493+0000] {processor.py:830} INFO - Processing file /opt/airflow/dags/bronze_dag_simple.py for tasks to queue
[2025-10-22T09:42:54.494+0000] {logging_mixin.py:188} INFO - [2025-10-22T09:42:54.494+0000] {dagbag.py:540} INFO - Filling up the DagBag from /opt/airflow/dags/bronze_dag_simple.py
[2025-10-22T09:42:54.513+0000] {processor.py:840} INFO - DAG(s) 'bronze_layer_ingestion_simple' retrieved from /opt/airflow/dags/bronze_dag_simple.py
[2025-10-22T09:42:54.533+0000] {logging_mixin.py:188} INFO - [2025-10-22T09:42:54.533+0000] {dag.py:3096} INFO - Sync 1 DAGs
[2025-10-22T09:42:54.551+0000] {logging_mixin.py:188} INFO - [2025-10-22T09:42:54.551+0000] {dag.py:3954} INFO - Setting next_dagrun for bronze_layer_ingestion_simple to 2025-10-21 18:00:00+00:00, run_after=2025-10-22 18:00:00+00:00
[2025-10-22T09:42:54.568+0000] {processor.py:183} INFO - Processing /opt/airflow/dags/bronze_dag_simple.py took 0.082 seconds
[2025-10-22T09:43:25.322+0000] {processor.py:161} INFO - Started process (PID=141) to work on /opt/airflow/dags/bronze_dag_simple.py
[2025-10-22T09:43:25.323+0000] {processor.py:830} INFO - Processing file /opt/airflow/dags/bronze_dag_simple.py for tasks to queue
[2025-10-22T09:43:25.325+0000] {logging_mixin.py:188} INFO - [2025-10-22T09:43:25.324+0000] {dagbag.py:540} INFO - Filling up the DagBag from /opt/airflow/dags/bronze_dag_simple.py
[2025-10-22T09:43:25.345+0000] {processor.py:840} INFO - DAG(s) 'bronze_layer_ingestion_simple' retrieved from /opt/airflow/dags/bronze_dag_simple.py
[2025-10-22T09:43:25.364+0000] {logging_mixin.py:188} INFO - [2025-10-22T09:43:25.364+0000] {dag.py:3096} INFO - Sync 1 DAGs
[2025-10-22T09:43:25.382+0000] {logging_mixin.py:188} INFO - [2025-10-22T09:43:25.382+0000] {dag.py:3954} INFO - Setting next_dagrun for bronze_layer_ingestion_simple to 2025-10-21 18:00:00+00:00, run_after=2025-10-22 18:00:00+00:00
[2025-10-22T09:43:25.398+0000] {processor.py:183} INFO - Processing /opt/airflow/dags/bronze_dag_simple.py took 0.081 seconds
[2025-10-22T09:44:23.080+0000] {processor.py:161} INFO - Started process (PID=149) to work on /opt/airflow/dags/bronze_dag_simple.py
[2025-10-22T09:44:23.081+0000] {processor.py:830} INFO - Processing file /opt/airflow/dags/bronze_dag_simple.py for tasks to queue
[2025-10-22T09:44:23.083+0000] {logging_mixin.py:188} INFO - [2025-10-22T09:44:23.083+0000] {dagbag.py:540} INFO - Filling up the DagBag from /opt/airflow/dags/bronze_dag_simple.py
[2025-10-22T09:44:23.104+0000] {processor.py:840} INFO - DAG(s) 'bronze_layer_ingestion_simple' retrieved from /opt/airflow/dags/bronze_dag_simple.py
[2025-10-22T09:44:23.127+0000] {logging_mixin.py:188} INFO - [2025-10-22T09:44:23.126+0000] {dag.py:3096} INFO - Sync 1 DAGs
[2025-10-22T09:44:23.149+0000] {logging_mixin.py:188} INFO - [2025-10-22T09:44:23.149+0000] {dag.py:3954} INFO - Setting next_dagrun for bronze_layer_ingestion_simple to 2025-10-21 18:00:00+00:00, run_after=2025-10-22 18:00:00+00:00
[2025-10-22T09:44:23.174+0000] {processor.py:183} INFO - Processing /opt/airflow/dags/bronze_dag_simple.py took 0.100 seconds
[2025-10-22T09:44:53.375+0000] {processor.py:161} INFO - Started process (PID=152) to work on /opt/airflow/dags/bronze_dag_simple.py
[2025-10-22T09:44:53.376+0000] {processor.py:830} INFO - Processing file /opt/airflow/dags/bronze_dag_simple.py for tasks to queue
[2025-10-22T09:44:53.377+0000] {logging_mixin.py:188} INFO - [2025-10-22T09:44:53.377+0000] {dagbag.py:540} INFO - Filling up the DagBag from /opt/airflow/dags/bronze_dag_simple.py
[2025-10-22T09:44:53.395+0000] {processor.py:840} INFO - DAG(s) 'bronze_layer_ingestion_simple' retrieved from /opt/airflow/dags/bronze_dag_simple.py
[2025-10-22T09:44:53.414+0000] {logging_mixin.py:188} INFO - [2025-10-22T09:44:53.414+0000] {dag.py:3096} INFO - Sync 1 DAGs
[2025-10-22T09:44:53.431+0000] {logging_mixin.py:188} INFO - [2025-10-22T09:44:53.431+0000] {dag.py:3954} INFO - Setting next_dagrun for bronze_layer_ingestion_simple to 2025-10-21 18:00:00+00:00, run_after=2025-10-22 18:00:00+00:00
[2025-10-22T09:44:53.447+0000] {processor.py:183} INFO - Processing /opt/airflow/dags/bronze_dag_simple.py took 0.078 seconds
[2025-10-22T09:45:23.536+0000] {processor.py:161} INFO - Started process (PID=155) to work on /opt/airflow/dags/bronze_dag_simple.py
[2025-10-22T09:45:23.537+0000] {processor.py:830} INFO - Processing file /opt/airflow/dags/bronze_dag_simple.py for tasks to queue
[2025-10-22T09:45:23.539+0000] {logging_mixin.py:188} INFO - [2025-10-22T09:45:23.538+0000] {dagbag.py:540} INFO - Filling up the DagBag from /opt/airflow/dags/bronze_dag_simple.py
[2025-10-22T09:45:23.555+0000] {processor.py:840} INFO - DAG(s) 'bronze_layer_ingestion_simple' retrieved from /opt/airflow/dags/bronze_dag_simple.py
[2025-10-22T09:45:23.572+0000] {logging_mixin.py:188} INFO - [2025-10-22T09:45:23.572+0000] {dag.py:3096} INFO - Sync 1 DAGs
[2025-10-22T09:45:23.589+0000] {logging_mixin.py:188} INFO - [2025-10-22T09:45:23.589+0000] {dag.py:3954} INFO - Setting next_dagrun for bronze_layer_ingestion_simple to 2025-10-21 18:00:00+00:00, run_after=2025-10-22 18:00:00+00:00
[2025-10-22T09:45:23.604+0000] {processor.py:183} INFO - Processing /opt/airflow/dags/bronze_dag_simple.py took 0.072 seconds
[2025-10-22T09:45:54.569+0000] {processor.py:161} INFO - Started process (PID=158) to work on /opt/airflow/dags/bronze_dag_simple.py
[2025-10-22T09:45:54.570+0000] {processor.py:830} INFO - Processing file /opt/airflow/dags/bronze_dag_simple.py for tasks to queue
[2025-10-22T09:45:54.572+0000] {logging_mixin.py:188} INFO - [2025-10-22T09:45:54.571+0000] {dagbag.py:540} INFO - Filling up the DagBag from /opt/airflow/dags/bronze_dag_simple.py
[2025-10-22T09:45:54.591+0000] {processor.py:840} INFO - DAG(s) 'bronze_layer_ingestion_simple' retrieved from /opt/airflow/dags/bronze_dag_simple.py
[2025-10-22T09:45:54.611+0000] {logging_mixin.py:188} INFO - [2025-10-22T09:45:54.611+0000] {dag.py:3096} INFO - Sync 1 DAGs
[2025-10-22T09:45:54.630+0000] {logging_mixin.py:188} INFO - [2025-10-22T09:45:54.630+0000] {dag.py:3954} INFO - Setting next_dagrun for bronze_layer_ingestion_simple to 2025-10-21 18:00:00+00:00, run_after=2025-10-22 18:00:00+00:00
[2025-10-22T09:45:54.647+0000] {processor.py:183} INFO - Processing /opt/airflow/dags/bronze_dag_simple.py took 0.084 seconds
[2025-10-22T09:46:25.031+0000] {processor.py:161} INFO - Started process (PID=161) to work on /opt/airflow/dags/bronze_dag_simple.py
[2025-10-22T09:46:25.031+0000] {processor.py:830} INFO - Processing file /opt/airflow/dags/bronze_dag_simple.py for tasks to queue
[2025-10-22T09:46:25.033+0000] {logging_mixin.py:188} INFO - [2025-10-22T09:46:25.033+0000] {dagbag.py:540} INFO - Filling up the DagBag from /opt/airflow/dags/bronze_dag_simple.py
[2025-10-22T09:46:25.051+0000] {processor.py:840} INFO - DAG(s) 'bronze_layer_ingestion_simple' retrieved from /opt/airflow/dags/bronze_dag_simple.py
[2025-10-22T09:46:25.074+0000] {logging_mixin.py:188} INFO - [2025-10-22T09:46:25.074+0000] {dag.py:3096} INFO - Sync 1 DAGs
[2025-10-22T09:46:25.095+0000] {logging_mixin.py:188} INFO - [2025-10-22T09:46:25.095+0000] {dag.py:3954} INFO - Setting next_dagrun for bronze_layer_ingestion_simple to 2025-10-21 18:00:00+00:00, run_after=2025-10-22 18:00:00+00:00
[2025-10-22T09:46:25.110+0000] {processor.py:183} INFO - Processing /opt/airflow/dags/bronze_dag_simple.py took 0.084 seconds
[2025-10-22T09:46:55.972+0000] {processor.py:161} INFO - Started process (PID=164) to work on /opt/airflow/dags/bronze_dag_simple.py
[2025-10-22T09:46:55.973+0000] {processor.py:830} INFO - Processing file /opt/airflow/dags/bronze_dag_simple.py for tasks to queue
[2025-10-22T09:46:55.974+0000] {logging_mixin.py:188} INFO - [2025-10-22T09:46:55.974+0000] {dagbag.py:540} INFO - Filling up the DagBag from /opt/airflow/dags/bronze_dag_simple.py
[2025-10-22T09:46:55.992+0000] {processor.py:840} INFO - DAG(s) 'bronze_layer_ingestion_simple' retrieved from /opt/airflow/dags/bronze_dag_simple.py
[2025-10-22T09:46:56.010+0000] {logging_mixin.py:188} INFO - [2025-10-22T09:46:56.010+0000] {dag.py:3096} INFO - Sync 1 DAGs
[2025-10-22T09:46:56.028+0000] {logging_mixin.py:188} INFO - [2025-10-22T09:46:56.027+0000] {dag.py:3954} INFO - Setting next_dagrun for bronze_layer_ingestion_simple to 2025-10-21 18:00:00+00:00, run_after=2025-10-22 18:00:00+00:00
[2025-10-22T09:46:56.043+0000] {processor.py:183} INFO - Processing /opt/airflow/dags/bronze_dag_simple.py took 0.076 seconds
[2025-10-22T09:47:58.735+0000] {processor.py:161} INFO - Started process (PID=167) to work on /opt/airflow/dags/bronze_dag_simple.py
[2025-10-22T09:47:58.736+0000] {processor.py:830} INFO - Processing file /opt/airflow/dags/bronze_dag_simple.py for tasks to queue
[2025-10-22T09:47:58.737+0000] {logging_mixin.py:188} INFO - [2025-10-22T09:47:58.737+0000] {dagbag.py:540} INFO - Filling up the DagBag from /opt/airflow/dags/bronze_dag_simple.py
[2025-10-22T09:47:58.755+0000] {processor.py:840} INFO - DAG(s) 'bronze_layer_ingestion_simple' retrieved from /opt/airflow/dags/bronze_dag_simple.py
[2025-10-22T09:47:58.773+0000] {logging_mixin.py:188} INFO - [2025-10-22T09:47:58.773+0000] {dag.py:3096} INFO - Sync 1 DAGs
[2025-10-22T09:47:58.790+0000] {logging_mixin.py:188} INFO - [2025-10-22T09:47:58.790+0000] {dag.py:3954} INFO - Setting next_dagrun for bronze_layer_ingestion_simple to 2025-10-21 18:00:00+00:00, run_after=2025-10-22 18:00:00+00:00
[2025-10-22T09:47:58.807+0000] {processor.py:183} INFO - Processing /opt/airflow/dags/bronze_dag_simple.py took 0.077 seconds
[2025-10-22T09:48:29.022+0000] {processor.py:161} INFO - Started process (PID=170) to work on /opt/airflow/dags/bronze_dag_simple.py
[2025-10-22T09:48:29.022+0000] {processor.py:830} INFO - Processing file /opt/airflow/dags/bronze_dag_simple.py for tasks to queue
[2025-10-22T09:48:29.024+0000] {logging_mixin.py:188} INFO - [2025-10-22T09:48:29.024+0000] {dagbag.py:540} INFO - Filling up the DagBag from /opt/airflow/dags/bronze_dag_simple.py
[2025-10-22T09:48:29.041+0000] {processor.py:840} INFO - DAG(s) 'bronze_layer_ingestion_simple' retrieved from /opt/airflow/dags/bronze_dag_simple.py
[2025-10-22T09:48:29.060+0000] {logging_mixin.py:188} INFO - [2025-10-22T09:48:29.060+0000] {dag.py:3096} INFO - Sync 1 DAGs
[2025-10-22T09:48:29.078+0000] {logging_mixin.py:188} INFO - [2025-10-22T09:48:29.078+0000] {dag.py:3954} INFO - Setting next_dagrun for bronze_layer_ingestion_simple to 2025-10-21 18:00:00+00:00, run_after=2025-10-22 18:00:00+00:00
[2025-10-22T09:48:29.093+0000] {processor.py:183} INFO - Processing /opt/airflow/dags/bronze_dag_simple.py took 0.076 seconds
[2025-10-22T09:48:59.970+0000] {processor.py:161} INFO - Started process (PID=173) to work on /opt/airflow/dags/bronze_dag_simple.py
[2025-10-22T09:48:59.971+0000] {processor.py:830} INFO - Processing file /opt/airflow/dags/bronze_dag_simple.py for tasks to queue
[2025-10-22T09:48:59.973+0000] {logging_mixin.py:188} INFO - [2025-10-22T09:48:59.973+0000] {dagbag.py:540} INFO - Filling up the DagBag from /opt/airflow/dags/bronze_dag_simple.py
[2025-10-22T09:48:59.990+0000] {processor.py:840} INFO - DAG(s) 'bronze_layer_ingestion_simple' retrieved from /opt/airflow/dags/bronze_dag_simple.py
[2025-10-22T09:49:00.008+0000] {logging_mixin.py:188} INFO - [2025-10-22T09:49:00.008+0000] {dag.py:3096} INFO - Sync 1 DAGs
[2025-10-22T09:49:00.030+0000] {logging_mixin.py:188} INFO - [2025-10-22T09:49:00.029+0000] {dag.py:3954} INFO - Setting next_dagrun for bronze_layer_ingestion_simple to 2025-10-21 18:00:00+00:00, run_after=2025-10-22 18:00:00+00:00
[2025-10-22T09:49:00.044+0000] {processor.py:183} INFO - Processing /opt/airflow/dags/bronze_dag_simple.py took 0.079 seconds
[2025-10-22T09:49:37.630+0000] {processor.py:161} INFO - Started process (PID=181) to work on /opt/airflow/dags/bronze_dag_simple.py
[2025-10-22T09:49:37.631+0000] {processor.py:830} INFO - Processing file /opt/airflow/dags/bronze_dag_simple.py for tasks to queue
[2025-10-22T09:49:37.633+0000] {logging_mixin.py:188} INFO - [2025-10-22T09:49:37.632+0000] {dagbag.py:540} INFO - Filling up the DagBag from /opt/airflow/dags/bronze_dag_simple.py
[2025-10-22T09:49:37.657+0000] {processor.py:840} INFO - DAG(s) 'bronze_layer_ingestion_simple' retrieved from /opt/airflow/dags/bronze_dag_simple.py
[2025-10-22T09:49:37.686+0000] {logging_mixin.py:188} INFO - [2025-10-22T09:49:37.686+0000] {dag.py:3096} INFO - Sync 1 DAGs
[2025-10-22T09:49:37.714+0000] {logging_mixin.py:188} INFO - [2025-10-22T09:49:37.714+0000] {dag.py:3954} INFO - Setting next_dagrun for bronze_layer_ingestion_simple to 2025-10-21 18:00:00+00:00, run_after=2025-10-22 18:00:00+00:00
[2025-10-22T09:49:37.733+0000] {processor.py:183} INFO - Processing /opt/airflow/dags/bronze_dag_simple.py took 0.109 seconds
[2025-10-22T09:50:07.909+0000] {processor.py:161} INFO - Started process (PID=184) to work on /opt/airflow/dags/bronze_dag_simple.py
[2025-10-22T09:50:07.910+0000] {processor.py:830} INFO - Processing file /opt/airflow/dags/bronze_dag_simple.py for tasks to queue
[2025-10-22T09:50:07.912+0000] {logging_mixin.py:188} INFO - [2025-10-22T09:50:07.911+0000] {dagbag.py:540} INFO - Filling up the DagBag from /opt/airflow/dags/bronze_dag_simple.py
[2025-10-22T09:50:07.929+0000] {processor.py:840} INFO - DAG(s) 'bronze_layer_ingestion_simple' retrieved from /opt/airflow/dags/bronze_dag_simple.py
[2025-10-22T09:50:07.948+0000] {logging_mixin.py:188} INFO - [2025-10-22T09:50:07.948+0000] {dag.py:3096} INFO - Sync 1 DAGs
[2025-10-22T09:50:07.965+0000] {logging_mixin.py:188} INFO - [2025-10-22T09:50:07.965+0000] {dag.py:3954} INFO - Setting next_dagrun for bronze_layer_ingestion_simple to 2025-10-21 18:00:00+00:00, run_after=2025-10-22 18:00:00+00:00
[2025-10-22T09:50:07.979+0000] {processor.py:183} INFO - Processing /opt/airflow/dags/bronze_dag_simple.py took 0.075 seconds
[2025-10-22T09:50:38.396+0000] {processor.py:161} INFO - Started process (PID=187) to work on /opt/airflow/dags/bronze_dag_simple.py
[2025-10-22T09:50:38.397+0000] {processor.py:830} INFO - Processing file /opt/airflow/dags/bronze_dag_simple.py for tasks to queue
[2025-10-22T09:50:38.398+0000] {logging_mixin.py:188} INFO - [2025-10-22T09:50:38.398+0000] {dagbag.py:540} INFO - Filling up the DagBag from /opt/airflow/dags/bronze_dag_simple.py
[2025-10-22T09:50:38.414+0000] {processor.py:840} INFO - DAG(s) 'bronze_layer_ingestion_simple' retrieved from /opt/airflow/dags/bronze_dag_simple.py
[2025-10-22T09:50:38.431+0000] {logging_mixin.py:188} INFO - [2025-10-22T09:50:38.430+0000] {dag.py:3096} INFO - Sync 1 DAGs
[2025-10-22T09:50:38.447+0000] {logging_mixin.py:188} INFO - [2025-10-22T09:50:38.447+0000] {dag.py:3954} INFO - Setting next_dagrun for bronze_layer_ingestion_simple to 2025-10-21 18:00:00+00:00, run_after=2025-10-22 18:00:00+00:00
[2025-10-22T09:50:38.461+0000] {processor.py:183} INFO - Processing /opt/airflow/dags/bronze_dag_simple.py took 0.070 seconds
[2025-10-22T10:09:10.371+0000] {processor.py:161} INFO - Started process (PID=87) to work on /opt/airflow/dags/bronze_dag_simple.py
[2025-10-22T10:09:10.372+0000] {processor.py:830} INFO - Processing file /opt/airflow/dags/bronze_dag_simple.py for tasks to queue
[2025-10-22T10:09:10.374+0000] {logging_mixin.py:188} INFO - [2025-10-22T10:09:10.374+0000] {dagbag.py:540} INFO - Filling up the DagBag from /opt/airflow/dags/bronze_dag_simple.py
[2025-10-22T10:09:10.391+0000] {processor.py:840} INFO - DAG(s) 'bronze_layer_ingestion_simple' retrieved from /opt/airflow/dags/bronze_dag_simple.py
[2025-10-22T10:09:10.490+0000] {logging_mixin.py:188} INFO - [2025-10-22T10:09:10.490+0000] {dag.py:3096} INFO - Sync 1 DAGs
[2025-10-22T10:09:10.508+0000] {logging_mixin.py:188} INFO - [2025-10-22T10:09:10.508+0000] {dag.py:3954} INFO - Setting next_dagrun for bronze_layer_ingestion_simple to 2025-10-20 18:00:00+00:00, run_after=2025-10-21 18:00:00+00:00
[2025-10-22T10:09:10.526+0000] {processor.py:183} INFO - Processing /opt/airflow/dags/bronze_dag_simple.py took 0.159 seconds
[2025-10-22T10:09:40.887+0000] {processor.py:161} INFO - Started process (PID=90) to work on /opt/airflow/dags/bronze_dag_simple.py
[2025-10-22T10:09:40.888+0000] {processor.py:830} INFO - Processing file /opt/airflow/dags/bronze_dag_simple.py for tasks to queue
[2025-10-22T10:09:40.890+0000] {logging_mixin.py:188} INFO - [2025-10-22T10:09:40.889+0000] {dagbag.py:540} INFO - Filling up the DagBag from /opt/airflow/dags/bronze_dag_simple.py
[2025-10-22T10:09:40.908+0000] {processor.py:840} INFO - DAG(s) 'bronze_layer_ingestion_simple' retrieved from /opt/airflow/dags/bronze_dag_simple.py
[2025-10-22T10:09:40.928+0000] {logging_mixin.py:188} INFO - [2025-10-22T10:09:40.928+0000] {dag.py:3096} INFO - Sync 1 DAGs
[2025-10-22T10:09:40.947+0000] {logging_mixin.py:188} INFO - [2025-10-22T10:09:40.947+0000] {dag.py:3954} INFO - Setting next_dagrun for bronze_layer_ingestion_simple to 2025-10-20 18:00:00+00:00, run_after=2025-10-21 18:00:00+00:00
[2025-10-22T10:09:40.962+0000] {processor.py:183} INFO - Processing /opt/airflow/dags/bronze_dag_simple.py took 0.080 seconds
[2025-10-22T10:10:12.195+0000] {processor.py:161} INFO - Started process (PID=93) to work on /opt/airflow/dags/bronze_dag_simple.py
[2025-10-22T10:10:12.196+0000] {processor.py:830} INFO - Processing file /opt/airflow/dags/bronze_dag_simple.py for tasks to queue
[2025-10-22T10:10:12.198+0000] {logging_mixin.py:188} INFO - [2025-10-22T10:10:12.198+0000] {dagbag.py:540} INFO - Filling up the DagBag from /opt/airflow/dags/bronze_dag_simple.py
[2025-10-22T10:10:12.218+0000] {processor.py:840} INFO - DAG(s) 'bronze_layer_ingestion_simple' retrieved from /opt/airflow/dags/bronze_dag_simple.py
[2025-10-22T10:10:12.238+0000] {logging_mixin.py:188} INFO - [2025-10-22T10:10:12.237+0000] {dag.py:3096} INFO - Sync 1 DAGs
[2025-10-22T10:10:12.255+0000] {logging_mixin.py:188} INFO - [2025-10-22T10:10:12.255+0000] {dag.py:3954} INFO - Setting next_dagrun for bronze_layer_ingestion_simple to 2025-10-20 18:00:00+00:00, run_after=2025-10-21 18:00:00+00:00
[2025-10-22T10:10:12.268+0000] {processor.py:183} INFO - Processing /opt/airflow/dags/bronze_dag_simple.py took 0.078 seconds
[2025-10-22T10:10:42.619+0000] {processor.py:161} INFO - Started process (PID=96) to work on /opt/airflow/dags/bronze_dag_simple.py
[2025-10-22T10:10:42.619+0000] {processor.py:830} INFO - Processing file /opt/airflow/dags/bronze_dag_simple.py for tasks to queue
[2025-10-22T10:10:42.621+0000] {logging_mixin.py:188} INFO - [2025-10-22T10:10:42.621+0000] {dagbag.py:540} INFO - Filling up the DagBag from /opt/airflow/dags/bronze_dag_simple.py
[2025-10-22T10:10:42.638+0000] {processor.py:840} INFO - DAG(s) 'bronze_layer_ingestion_simple' retrieved from /opt/airflow/dags/bronze_dag_simple.py
[2025-10-22T10:10:42.655+0000] {logging_mixin.py:188} INFO - [2025-10-22T10:10:42.655+0000] {dag.py:3096} INFO - Sync 1 DAGs
[2025-10-22T10:10:42.670+0000] {logging_mixin.py:188} INFO - [2025-10-22T10:10:42.670+0000] {dag.py:3954} INFO - Setting next_dagrun for bronze_layer_ingestion_simple to 2025-10-20 18:00:00+00:00, run_after=2025-10-21 18:00:00+00:00
[2025-10-22T10:10:42.683+0000] {processor.py:183} INFO - Processing /opt/airflow/dags/bronze_dag_simple.py took 0.069 seconds
[2025-10-22T10:11:12.895+0000] {processor.py:161} INFO - Started process (PID=108) to work on /opt/airflow/dags/bronze_dag_simple.py
[2025-10-22T10:11:12.896+0000] {processor.py:830} INFO - Processing file /opt/airflow/dags/bronze_dag_simple.py for tasks to queue
[2025-10-22T10:11:12.897+0000] {logging_mixin.py:188} INFO - [2025-10-22T10:11:12.897+0000] {dagbag.py:540} INFO - Filling up the DagBag from /opt/airflow/dags/bronze_dag_simple.py
[2025-10-22T10:11:12.916+0000] {processor.py:840} INFO - DAG(s) 'bronze_layer_ingestion_simple' retrieved from /opt/airflow/dags/bronze_dag_simple.py
[2025-10-22T10:11:12.934+0000] {logging_mixin.py:188} INFO - [2025-10-22T10:11:12.933+0000] {dag.py:3096} INFO - Sync 1 DAGs
[2025-10-22T10:11:12.967+0000] {processor.py:183} INFO - Processing /opt/airflow/dags/bronze_dag_simple.py took 0.078 seconds
[2025-10-22T10:11:43.036+0000] {processor.py:161} INFO - Started process (PID=115) to work on /opt/airflow/dags/bronze_dag_simple.py
[2025-10-22T10:11:43.037+0000] {processor.py:830} INFO - Processing file /opt/airflow/dags/bronze_dag_simple.py for tasks to queue
[2025-10-22T10:11:43.038+0000] {logging_mixin.py:188} INFO - [2025-10-22T10:11:43.038+0000] {dagbag.py:540} INFO - Filling up the DagBag from /opt/airflow/dags/bronze_dag_simple.py
[2025-10-22T10:11:43.055+0000] {processor.py:840} INFO - DAG(s) 'bronze_layer_ingestion_simple' retrieved from /opt/airflow/dags/bronze_dag_simple.py
[2025-10-22T10:11:43.075+0000] {logging_mixin.py:188} INFO - [2025-10-22T10:11:43.075+0000] {dag.py:3096} INFO - Sync 1 DAGs
[2025-10-22T10:11:43.107+0000] {processor.py:183} INFO - Processing /opt/airflow/dags/bronze_dag_simple.py took 0.076 seconds
[2025-10-22T10:12:13.917+0000] {processor.py:161} INFO - Started process (PID=118) to work on /opt/airflow/dags/bronze_dag_simple.py
[2025-10-22T10:12:13.918+0000] {processor.py:830} INFO - Processing file /opt/airflow/dags/bronze_dag_simple.py for tasks to queue
[2025-10-22T10:12:13.920+0000] {logging_mixin.py:188} INFO - [2025-10-22T10:12:13.919+0000] {dagbag.py:540} INFO - Filling up the DagBag from /opt/airflow/dags/bronze_dag_simple.py
[2025-10-22T10:12:13.936+0000] {processor.py:840} INFO - DAG(s) 'bronze_layer_ingestion_simple' retrieved from /opt/airflow/dags/bronze_dag_simple.py
[2025-10-22T10:12:13.953+0000] {logging_mixin.py:188} INFO - [2025-10-22T10:12:13.953+0000] {dag.py:3096} INFO - Sync 1 DAGs
[2025-10-22T10:12:13.971+0000] {logging_mixin.py:188} INFO - [2025-10-22T10:12:13.970+0000] {dag.py:3954} INFO - Setting next_dagrun for bronze_layer_ingestion_simple to 2025-10-21 18:00:00+00:00, run_after=2025-10-22 18:00:00+00:00
[2025-10-22T10:12:13.986+0000] {processor.py:183} INFO - Processing /opt/airflow/dags/bronze_dag_simple.py took 0.073 seconds
[2025-10-22T10:12:44.259+0000] {processor.py:161} INFO - Started process (PID=121) to work on /opt/airflow/dags/bronze_dag_simple.py
[2025-10-22T10:12:44.260+0000] {processor.py:830} INFO - Processing file /opt/airflow/dags/bronze_dag_simple.py for tasks to queue
[2025-10-22T10:12:44.262+0000] {logging_mixin.py:188} INFO - [2025-10-22T10:12:44.262+0000] {dagbag.py:540} INFO - Filling up the DagBag from /opt/airflow/dags/bronze_dag_simple.py
[2025-10-22T10:12:44.278+0000] {processor.py:840} INFO - DAG(s) 'bronze_layer_ingestion_simple' retrieved from /opt/airflow/dags/bronze_dag_simple.py
[2025-10-22T10:12:44.296+0000] {logging_mixin.py:188} INFO - [2025-10-22T10:12:44.296+0000] {dag.py:3096} INFO - Sync 1 DAGs
[2025-10-22T10:12:44.312+0000] {logging_mixin.py:188} INFO - [2025-10-22T10:12:44.312+0000] {dag.py:3954} INFO - Setting next_dagrun for bronze_layer_ingestion_simple to 2025-10-21 18:00:00+00:00, run_after=2025-10-22 18:00:00+00:00
[2025-10-22T10:12:44.326+0000] {processor.py:183} INFO - Processing /opt/airflow/dags/bronze_dag_simple.py took 0.072 seconds
[2025-10-22T10:13:14.630+0000] {processor.py:161} INFO - Started process (PID=124) to work on /opt/airflow/dags/bronze_dag_simple.py
[2025-10-22T10:13:14.631+0000] {processor.py:830} INFO - Processing file /opt/airflow/dags/bronze_dag_simple.py for tasks to queue
[2025-10-22T10:13:14.632+0000] {logging_mixin.py:188} INFO - [2025-10-22T10:13:14.632+0000] {dagbag.py:540} INFO - Filling up the DagBag from /opt/airflow/dags/bronze_dag_simple.py
[2025-10-22T10:13:14.649+0000] {processor.py:840} INFO - DAG(s) 'bronze_layer_ingestion_simple' retrieved from /opt/airflow/dags/bronze_dag_simple.py
[2025-10-22T10:13:14.666+0000] {logging_mixin.py:188} INFO - [2025-10-22T10:13:14.666+0000] {dag.py:3096} INFO - Sync 1 DAGs
[2025-10-22T10:13:14.682+0000] {logging_mixin.py:188} INFO - [2025-10-22T10:13:14.681+0000] {dag.py:3954} INFO - Setting next_dagrun for bronze_layer_ingestion_simple to 2025-10-21 18:00:00+00:00, run_after=2025-10-22 18:00:00+00:00
[2025-10-22T10:13:14.697+0000] {processor.py:183} INFO - Processing /opt/airflow/dags/bronze_dag_simple.py took 0.071 seconds
[2025-10-22T10:13:45.108+0000] {processor.py:161} INFO - Started process (PID=127) to work on /opt/airflow/dags/bronze_dag_simple.py
[2025-10-22T10:13:45.109+0000] {processor.py:830} INFO - Processing file /opt/airflow/dags/bronze_dag_simple.py for tasks to queue
[2025-10-22T10:13:45.111+0000] {logging_mixin.py:188} INFO - [2025-10-22T10:13:45.110+0000] {dagbag.py:540} INFO - Filling up the DagBag from /opt/airflow/dags/bronze_dag_simple.py
[2025-10-22T10:13:45.126+0000] {processor.py:840} INFO - DAG(s) 'bronze_layer_ingestion_simple' retrieved from /opt/airflow/dags/bronze_dag_simple.py
[2025-10-22T10:13:45.147+0000] {logging_mixin.py:188} INFO - [2025-10-22T10:13:45.147+0000] {dag.py:3096} INFO - Sync 1 DAGs
[2025-10-22T10:13:45.167+0000] {logging_mixin.py:188} INFO - [2025-10-22T10:13:45.166+0000] {dag.py:3954} INFO - Setting next_dagrun for bronze_layer_ingestion_simple to 2025-10-21 18:00:00+00:00, run_after=2025-10-22 18:00:00+00:00
[2025-10-22T10:13:45.182+0000] {processor.py:183} INFO - Processing /opt/airflow/dags/bronze_dag_simple.py took 0.078 seconds
[2025-10-22T10:14:16.232+0000] {processor.py:161} INFO - Started process (PID=130) to work on /opt/airflow/dags/bronze_dag_simple.py
[2025-10-22T10:14:16.233+0000] {processor.py:830} INFO - Processing file /opt/airflow/dags/bronze_dag_simple.py for tasks to queue
[2025-10-22T10:14:16.234+0000] {logging_mixin.py:188} INFO - [2025-10-22T10:14:16.234+0000] {dagbag.py:540} INFO - Filling up the DagBag from /opt/airflow/dags/bronze_dag_simple.py
[2025-10-22T10:14:16.250+0000] {processor.py:840} INFO - DAG(s) 'bronze_layer_ingestion_simple' retrieved from /opt/airflow/dags/bronze_dag_simple.py
[2025-10-22T10:14:16.266+0000] {logging_mixin.py:188} INFO - [2025-10-22T10:14:16.266+0000] {dag.py:3096} INFO - Sync 1 DAGs
[2025-10-22T10:14:16.282+0000] {logging_mixin.py:188} INFO - [2025-10-22T10:14:16.282+0000] {dag.py:3954} INFO - Setting next_dagrun for bronze_layer_ingestion_simple to 2025-10-21 18:00:00+00:00, run_after=2025-10-22 18:00:00+00:00
[2025-10-22T10:14:16.295+0000] {processor.py:183} INFO - Processing /opt/airflow/dags/bronze_dag_simple.py took 0.068 seconds
[2025-10-22T10:15:03.308+0000] {processor.py:161} INFO - Started process (PID=133) to work on /opt/airflow/dags/bronze_dag_simple.py
[2025-10-22T10:15:03.309+0000] {processor.py:830} INFO - Processing file /opt/airflow/dags/bronze_dag_simple.py for tasks to queue
[2025-10-22T10:15:03.310+0000] {logging_mixin.py:188} INFO - [2025-10-22T10:15:03.310+0000] {dagbag.py:540} INFO - Filling up the DagBag from /opt/airflow/dags/bronze_dag_simple.py
[2025-10-22T10:15:03.328+0000] {processor.py:840} INFO - DAG(s) 'bronze_layer_ingestion_simple' retrieved from /opt/airflow/dags/bronze_dag_simple.py
[2025-10-22T10:15:03.346+0000] {logging_mixin.py:188} INFO - [2025-10-22T10:15:03.346+0000] {dag.py:3096} INFO - Sync 1 DAGs
[2025-10-22T10:15:03.363+0000] {logging_mixin.py:188} INFO - [2025-10-22T10:15:03.363+0000] {dag.py:3954} INFO - Setting next_dagrun for bronze_layer_ingestion_simple to 2025-10-21 18:00:00+00:00, run_after=2025-10-22 18:00:00+00:00
[2025-10-22T10:15:03.377+0000] {processor.py:183} INFO - Processing /opt/airflow/dags/bronze_dag_simple.py took 0.075 seconds
[2025-10-22T10:15:33.958+0000] {processor.py:161} INFO - Started process (PID=136) to work on /opt/airflow/dags/bronze_dag_simple.py
[2025-10-22T10:15:33.959+0000] {processor.py:830} INFO - Processing file /opt/airflow/dags/bronze_dag_simple.py for tasks to queue
[2025-10-22T10:15:33.961+0000] {logging_mixin.py:188} INFO - [2025-10-22T10:15:33.961+0000] {dagbag.py:540} INFO - Filling up the DagBag from /opt/airflow/dags/bronze_dag_simple.py
[2025-10-22T10:15:33.978+0000] {processor.py:840} INFO - DAG(s) 'bronze_layer_ingestion_simple' retrieved from /opt/airflow/dags/bronze_dag_simple.py
[2025-10-22T10:15:33.996+0000] {logging_mixin.py:188} INFO - [2025-10-22T10:15:33.996+0000] {dag.py:3096} INFO - Sync 1 DAGs
[2025-10-22T10:15:34.013+0000] {logging_mixin.py:188} INFO - [2025-10-22T10:15:34.013+0000] {dag.py:3954} INFO - Setting next_dagrun for bronze_layer_ingestion_simple to 2025-10-21 18:00:00+00:00, run_after=2025-10-22 18:00:00+00:00
[2025-10-22T10:15:34.028+0000] {processor.py:183} INFO - Processing /opt/airflow/dags/bronze_dag_simple.py took 0.075 seconds
[2025-10-22T10:16:04.236+0000] {processor.py:161} INFO - Started process (PID=144) to work on /opt/airflow/dags/bronze_dag_simple.py
[2025-10-22T10:16:04.236+0000] {processor.py:830} INFO - Processing file /opt/airflow/dags/bronze_dag_simple.py for tasks to queue
[2025-10-22T10:16:04.239+0000] {logging_mixin.py:188} INFO - [2025-10-22T10:16:04.238+0000] {dagbag.py:540} INFO - Filling up the DagBag from /opt/airflow/dags/bronze_dag_simple.py
[2025-10-22T10:16:04.256+0000] {processor.py:840} INFO - DAG(s) 'bronze_layer_ingestion_simple' retrieved from /opt/airflow/dags/bronze_dag_simple.py
[2025-10-22T10:16:04.274+0000] {logging_mixin.py:188} INFO - [2025-10-22T10:16:04.274+0000] {dag.py:3096} INFO - Sync 1 DAGs
[2025-10-22T10:16:04.291+0000] {logging_mixin.py:188} INFO - [2025-10-22T10:16:04.291+0000] {dag.py:3954} INFO - Setting next_dagrun for bronze_layer_ingestion_simple to 2025-10-21 18:00:00+00:00, run_after=2025-10-22 18:00:00+00:00
[2025-10-22T10:16:04.306+0000] {processor.py:183} INFO - Processing /opt/airflow/dags/bronze_dag_simple.py took 0.076 seconds
[2025-10-22T10:16:56.978+0000] {processor.py:161} INFO - Started process (PID=147) to work on /opt/airflow/dags/bronze_dag_simple.py
[2025-10-22T10:16:56.979+0000] {processor.py:830} INFO - Processing file /opt/airflow/dags/bronze_dag_simple.py for tasks to queue
[2025-10-22T10:16:56.981+0000] {logging_mixin.py:188} INFO - [2025-10-22T10:16:56.980+0000] {dagbag.py:540} INFO - Filling up the DagBag from /opt/airflow/dags/bronze_dag_simple.py
[2025-10-22T10:16:56.997+0000] {processor.py:840} INFO - DAG(s) 'bronze_layer_ingestion_simple' retrieved from /opt/airflow/dags/bronze_dag_simple.py
[2025-10-22T10:16:57.014+0000] {logging_mixin.py:188} INFO - [2025-10-22T10:16:57.014+0000] {dag.py:3096} INFO - Sync 1 DAGs
[2025-10-22T10:16:57.031+0000] {logging_mixin.py:188} INFO - [2025-10-22T10:16:57.031+0000] {dag.py:3954} INFO - Setting next_dagrun for bronze_layer_ingestion_simple to 2025-10-21 18:00:00+00:00, run_after=2025-10-22 18:00:00+00:00
[2025-10-22T10:16:57.051+0000] {processor.py:183} INFO - Processing /opt/airflow/dags/bronze_dag_simple.py took 0.078 seconds
[2025-10-22T10:17:27.243+0000] {processor.py:161} INFO - Started process (PID=150) to work on /opt/airflow/dags/bronze_dag_simple.py
[2025-10-22T10:17:27.244+0000] {processor.py:830} INFO - Processing file /opt/airflow/dags/bronze_dag_simple.py for tasks to queue
[2025-10-22T10:17:27.246+0000] {logging_mixin.py:188} INFO - [2025-10-22T10:17:27.245+0000] {dagbag.py:540} INFO - Filling up the DagBag from /opt/airflow/dags/bronze_dag_simple.py
[2025-10-22T10:17:27.262+0000] {processor.py:840} INFO - DAG(s) 'bronze_layer_ingestion_simple' retrieved from /opt/airflow/dags/bronze_dag_simple.py
[2025-10-22T10:17:27.280+0000] {logging_mixin.py:188} INFO - [2025-10-22T10:17:27.279+0000] {dag.py:3096} INFO - Sync 1 DAGs
[2025-10-22T10:17:27.295+0000] {logging_mixin.py:188} INFO - [2025-10-22T10:17:27.295+0000] {dag.py:3954} INFO - Setting next_dagrun for bronze_layer_ingestion_simple to 2025-10-21 18:00:00+00:00, run_after=2025-10-22 18:00:00+00:00
[2025-10-22T10:17:27.309+0000] {processor.py:183} INFO - Processing /opt/airflow/dags/bronze_dag_simple.py took 0.071 seconds
[2025-10-22T10:17:57.966+0000] {processor.py:161} INFO - Started process (PID=153) to work on /opt/airflow/dags/bronze_dag_simple.py
[2025-10-22T10:17:57.967+0000] {processor.py:830} INFO - Processing file /opt/airflow/dags/bronze_dag_simple.py for tasks to queue
[2025-10-22T10:17:57.969+0000] {logging_mixin.py:188} INFO - [2025-10-22T10:17:57.968+0000] {dagbag.py:540} INFO - Filling up the DagBag from /opt/airflow/dags/bronze_dag_simple.py
[2025-10-22T10:17:57.984+0000] {processor.py:840} INFO - DAG(s) 'bronze_layer_ingestion_simple' retrieved from /opt/airflow/dags/bronze_dag_simple.py
[2025-10-22T10:17:58.000+0000] {logging_mixin.py:188} INFO - [2025-10-22T10:17:58.000+0000] {dag.py:3096} INFO - Sync 1 DAGs
[2025-10-22T10:17:58.016+0000] {logging_mixin.py:188} INFO - [2025-10-22T10:17:58.015+0000] {dag.py:3954} INFO - Setting next_dagrun for bronze_layer_ingestion_simple to 2025-10-21 18:00:00+00:00, run_after=2025-10-22 18:00:00+00:00
[2025-10-22T10:17:58.029+0000] {processor.py:183} INFO - Processing /opt/airflow/dags/bronze_dag_simple.py took 0.067 seconds
[2025-10-22T10:18:28.930+0000] {processor.py:161} INFO - Started process (PID=156) to work on /opt/airflow/dags/bronze_dag_simple.py
[2025-10-22T10:18:28.931+0000] {processor.py:830} INFO - Processing file /opt/airflow/dags/bronze_dag_simple.py for tasks to queue
[2025-10-22T10:18:28.932+0000] {logging_mixin.py:188} INFO - [2025-10-22T10:18:28.932+0000] {dagbag.py:540} INFO - Filling up the DagBag from /opt/airflow/dags/bronze_dag_simple.py
[2025-10-22T10:18:28.947+0000] {processor.py:840} INFO - DAG(s) 'bronze_layer_ingestion_simple' retrieved from /opt/airflow/dags/bronze_dag_simple.py
[2025-10-22T10:18:28.963+0000] {logging_mixin.py:188} INFO - [2025-10-22T10:18:28.963+0000] {dag.py:3096} INFO - Sync 1 DAGs
[2025-10-22T10:18:28.978+0000] {logging_mixin.py:188} INFO - [2025-10-22T10:18:28.978+0000] {dag.py:3954} INFO - Setting next_dagrun for bronze_layer_ingestion_simple to 2025-10-21 18:00:00+00:00, run_after=2025-10-22 18:00:00+00:00
[2025-10-22T10:18:28.992+0000] {processor.py:183} INFO - Processing /opt/airflow/dags/bronze_dag_simple.py took 0.067 seconds
[2025-10-22T10:18:59.901+0000] {processor.py:161} INFO - Started process (PID=159) to work on /opt/airflow/dags/bronze_dag_simple.py
[2025-10-22T10:18:59.902+0000] {processor.py:830} INFO - Processing file /opt/airflow/dags/bronze_dag_simple.py for tasks to queue
[2025-10-22T10:18:59.903+0000] {logging_mixin.py:188} INFO - [2025-10-22T10:18:59.903+0000] {dagbag.py:540} INFO - Filling up the DagBag from /opt/airflow/dags/bronze_dag_simple.py
[2025-10-22T10:18:59.920+0000] {processor.py:840} INFO - DAG(s) 'bronze_layer_ingestion_simple' retrieved from /opt/airflow/dags/bronze_dag_simple.py
[2025-10-22T10:18:59.938+0000] {logging_mixin.py:188} INFO - [2025-10-22T10:18:59.937+0000] {dag.py:3096} INFO - Sync 1 DAGs
[2025-10-22T10:18:59.954+0000] {logging_mixin.py:188} INFO - [2025-10-22T10:18:59.954+0000] {dag.py:3954} INFO - Setting next_dagrun for bronze_layer_ingestion_simple to 2025-10-21 18:00:00+00:00, run_after=2025-10-22 18:00:00+00:00
[2025-10-22T10:18:59.968+0000] {processor.py:183} INFO - Processing /opt/airflow/dags/bronze_dag_simple.py took 0.072 seconds
[2025-10-22T10:19:30.094+0000] {processor.py:161} INFO - Started process (PID=162) to work on /opt/airflow/dags/bronze_dag_simple.py
[2025-10-22T10:19:30.095+0000] {processor.py:830} INFO - Processing file /opt/airflow/dags/bronze_dag_simple.py for tasks to queue
[2025-10-22T10:19:30.097+0000] {logging_mixin.py:188} INFO - [2025-10-22T10:19:30.097+0000] {dagbag.py:540} INFO - Filling up the DagBag from /opt/airflow/dags/bronze_dag_simple.py
[2025-10-22T10:19:30.114+0000] {processor.py:840} INFO - DAG(s) 'bronze_layer_ingestion_simple' retrieved from /opt/airflow/dags/bronze_dag_simple.py
[2025-10-22T10:19:30.132+0000] {logging_mixin.py:188} INFO - [2025-10-22T10:19:30.131+0000] {dag.py:3096} INFO - Sync 1 DAGs
[2025-10-22T10:19:30.148+0000] {logging_mixin.py:188} INFO - [2025-10-22T10:19:30.148+0000] {dag.py:3954} INFO - Setting next_dagrun for bronze_layer_ingestion_simple to 2025-10-21 18:00:00+00:00, run_after=2025-10-22 18:00:00+00:00
[2025-10-22T10:19:30.162+0000] {processor.py:183} INFO - Processing /opt/airflow/dags/bronze_dag_simple.py took 0.072 seconds
[2025-10-22T10:20:01.104+0000] {processor.py:161} INFO - Started process (PID=165) to work on /opt/airflow/dags/bronze_dag_simple.py
[2025-10-22T10:20:01.105+0000] {processor.py:830} INFO - Processing file /opt/airflow/dags/bronze_dag_simple.py for tasks to queue
[2025-10-22T10:20:01.107+0000] {logging_mixin.py:188} INFO - [2025-10-22T10:20:01.106+0000] {dagbag.py:540} INFO - Filling up the DagBag from /opt/airflow/dags/bronze_dag_simple.py
[2025-10-22T10:20:01.123+0000] {processor.py:840} INFO - DAG(s) 'bronze_layer_ingestion_simple' retrieved from /opt/airflow/dags/bronze_dag_simple.py
[2025-10-22T10:20:01.140+0000] {logging_mixin.py:188} INFO - [2025-10-22T10:20:01.140+0000] {dag.py:3096} INFO - Sync 1 DAGs
[2025-10-22T10:20:01.157+0000] {logging_mixin.py:188} INFO - [2025-10-22T10:20:01.157+0000] {dag.py:3954} INFO - Setting next_dagrun for bronze_layer_ingestion_simple to 2025-10-21 18:00:00+00:00, run_after=2025-10-22 18:00:00+00:00
[2025-10-22T10:20:01.171+0000] {processor.py:183} INFO - Processing /opt/airflow/dags/bronze_dag_simple.py took 0.071 seconds
[2025-10-22T10:20:31.929+0000] {processor.py:161} INFO - Started process (PID=168) to work on /opt/airflow/dags/bronze_dag_simple.py
[2025-10-22T10:20:31.930+0000] {processor.py:830} INFO - Processing file /opt/airflow/dags/bronze_dag_simple.py for tasks to queue
[2025-10-22T10:20:31.932+0000] {logging_mixin.py:188} INFO - [2025-10-22T10:20:31.932+0000] {dagbag.py:540} INFO - Filling up the DagBag from /opt/airflow/dags/bronze_dag_simple.py
[2025-10-22T10:20:31.948+0000] {processor.py:840} INFO - DAG(s) 'bronze_layer_ingestion_simple' retrieved from /opt/airflow/dags/bronze_dag_simple.py
[2025-10-22T10:20:31.965+0000] {logging_mixin.py:188} INFO - [2025-10-22T10:20:31.965+0000] {dag.py:3096} INFO - Sync 1 DAGs
[2025-10-22T10:20:31.980+0000] {logging_mixin.py:188} INFO - [2025-10-22T10:20:31.980+0000] {dag.py:3954} INFO - Setting next_dagrun for bronze_layer_ingestion_simple to 2025-10-21 18:00:00+00:00, run_after=2025-10-22 18:00:00+00:00
[2025-10-22T10:20:31.993+0000] {processor.py:183} INFO - Processing /opt/airflow/dags/bronze_dag_simple.py took 0.068 seconds
[2025-10-22T10:21:02.321+0000] {processor.py:161} INFO - Started process (PID=180) to work on /opt/airflow/dags/bronze_dag_simple.py
[2025-10-22T10:21:02.322+0000] {processor.py:830} INFO - Processing file /opt/airflow/dags/bronze_dag_simple.py for tasks to queue
[2025-10-22T10:21:02.323+0000] {logging_mixin.py:188} INFO - [2025-10-22T10:21:02.323+0000] {dagbag.py:540} INFO - Filling up the DagBag from /opt/airflow/dags/bronze_dag_simple.py
[2025-10-22T10:21:02.342+0000] {processor.py:840} INFO - DAG(s) 'bronze_layer_ingestion_simple' retrieved from /opt/airflow/dags/bronze_dag_simple.py
[2025-10-22T10:21:02.368+0000] {logging_mixin.py:188} INFO - [2025-10-22T10:21:02.367+0000] {dag.py:3096} INFO - Sync 1 DAGs
[2025-10-22T10:21:02.387+0000] {logging_mixin.py:188} INFO - [2025-10-22T10:21:02.387+0000] {dag.py:3954} INFO - Setting next_dagrun for bronze_layer_ingestion_simple to 2025-10-21 18:00:00+00:00, run_after=2025-10-22 18:00:00+00:00
[2025-10-22T10:21:02.403+0000] {processor.py:183} INFO - Processing /opt/airflow/dags/bronze_dag_simple.py took 0.087 seconds
[2025-10-22T10:21:32.483+0000] {processor.py:161} INFO - Started process (PID=183) to work on /opt/airflow/dags/bronze_dag_simple.py
[2025-10-22T10:21:32.483+0000] {processor.py:830} INFO - Processing file /opt/airflow/dags/bronze_dag_simple.py for tasks to queue
[2025-10-22T10:21:32.485+0000] {logging_mixin.py:188} INFO - [2025-10-22T10:21:32.485+0000] {dagbag.py:540} INFO - Filling up the DagBag from /opt/airflow/dags/bronze_dag_simple.py
[2025-10-22T10:21:32.500+0000] {processor.py:840} INFO - DAG(s) 'bronze_layer_ingestion_simple' retrieved from /opt/airflow/dags/bronze_dag_simple.py
[2025-10-22T10:21:32.517+0000] {logging_mixin.py:188} INFO - [2025-10-22T10:21:32.517+0000] {dag.py:3096} INFO - Sync 1 DAGs
[2025-10-22T10:21:32.532+0000] {logging_mixin.py:188} INFO - [2025-10-22T10:21:32.532+0000] {dag.py:3954} INFO - Setting next_dagrun for bronze_layer_ingestion_simple to 2025-10-21 18:00:00+00:00, run_after=2025-10-22 18:00:00+00:00
[2025-10-22T10:21:32.546+0000] {processor.py:183} INFO - Processing /opt/airflow/dags/bronze_dag_simple.py took 0.068 seconds
[2025-10-22T10:22:28.585+0000] {processor.py:161} INFO - Started process (PID=186) to work on /opt/airflow/dags/bronze_dag_simple.py
[2025-10-22T10:22:28.586+0000] {processor.py:830} INFO - Processing file /opt/airflow/dags/bronze_dag_simple.py for tasks to queue
[2025-10-22T10:22:28.589+0000] {logging_mixin.py:188} INFO - [2025-10-22T10:22:28.588+0000] {dagbag.py:540} INFO - Filling up the DagBag from /opt/airflow/dags/bronze_dag_simple.py
[2025-10-22T10:22:28.607+0000] {processor.py:840} INFO - DAG(s) 'bronze_layer_ingestion_simple' retrieved from /opt/airflow/dags/bronze_dag_simple.py
[2025-10-22T10:22:28.626+0000] {logging_mixin.py:188} INFO - [2025-10-22T10:22:28.626+0000] {dag.py:3096} INFO - Sync 1 DAGs
[2025-10-22T10:22:28.644+0000] {logging_mixin.py:188} INFO - [2025-10-22T10:22:28.644+0000] {dag.py:3954} INFO - Setting next_dagrun for bronze_layer_ingestion_simple to 2025-10-21 18:00:00+00:00, run_after=2025-10-22 18:00:00+00:00
[2025-10-22T10:22:28.659+0000] {processor.py:183} INFO - Processing /opt/airflow/dags/bronze_dag_simple.py took 0.080 seconds
[2025-10-22T10:22:58.854+0000] {processor.py:161} INFO - Started process (PID=189) to work on /opt/airflow/dags/bronze_dag_simple.py
[2025-10-22T10:22:58.854+0000] {processor.py:830} INFO - Processing file /opt/airflow/dags/bronze_dag_simple.py for tasks to queue
[2025-10-22T10:22:58.856+0000] {logging_mixin.py:188} INFO - [2025-10-22T10:22:58.856+0000] {dagbag.py:540} INFO - Filling up the DagBag from /opt/airflow/dags/bronze_dag_simple.py
[2025-10-22T10:22:58.873+0000] {processor.py:840} INFO - DAG(s) 'bronze_layer_ingestion_simple' retrieved from /opt/airflow/dags/bronze_dag_simple.py
[2025-10-22T10:22:58.891+0000] {logging_mixin.py:188} INFO - [2025-10-22T10:22:58.891+0000] {dag.py:3096} INFO - Sync 1 DAGs
[2025-10-22T10:22:58.907+0000] {logging_mixin.py:188} INFO - [2025-10-22T10:22:58.907+0000] {dag.py:3954} INFO - Setting next_dagrun for bronze_layer_ingestion_simple to 2025-10-21 18:00:00+00:00, run_after=2025-10-22 18:00:00+00:00
[2025-10-22T10:22:58.921+0000] {processor.py:183} INFO - Processing /opt/airflow/dags/bronze_dag_simple.py took 0.073 seconds
[2025-10-22T10:23:59.168+0000] {processor.py:161} INFO - Started process (PID=192) to work on /opt/airflow/dags/bronze_dag_simple.py
[2025-10-22T10:23:59.169+0000] {processor.py:830} INFO - Processing file /opt/airflow/dags/bronze_dag_simple.py for tasks to queue
[2025-10-22T10:23:59.170+0000] {logging_mixin.py:188} INFO - [2025-10-22T10:23:59.170+0000] {dagbag.py:540} INFO - Filling up the DagBag from /opt/airflow/dags/bronze_dag_simple.py
[2025-10-22T10:23:59.187+0000] {processor.py:840} INFO - DAG(s) 'bronze_layer_ingestion_simple' retrieved from /opt/airflow/dags/bronze_dag_simple.py
[2025-10-22T10:23:59.204+0000] {logging_mixin.py:188} INFO - [2025-10-22T10:23:59.204+0000] {dag.py:3096} INFO - Sync 1 DAGs
[2025-10-22T10:23:59.223+0000] {logging_mixin.py:188} INFO - [2025-10-22T10:23:59.223+0000] {dag.py:3954} INFO - Setting next_dagrun for bronze_layer_ingestion_simple to 2025-10-21 18:00:00+00:00, run_after=2025-10-22 18:00:00+00:00
[2025-10-22T10:23:59.239+0000] {processor.py:183} INFO - Processing /opt/airflow/dags/bronze_dag_simple.py took 0.076 seconds
[2025-10-22T10:24:29.499+0000] {processor.py:161} INFO - Started process (PID=195) to work on /opt/airflow/dags/bronze_dag_simple.py
[2025-10-22T10:24:29.500+0000] {processor.py:830} INFO - Processing file /opt/airflow/dags/bronze_dag_simple.py for tasks to queue
[2025-10-22T10:24:29.502+0000] {logging_mixin.py:188} INFO - [2025-10-22T10:24:29.502+0000] {dagbag.py:540} INFO - Filling up the DagBag from /opt/airflow/dags/bronze_dag_simple.py
[2025-10-22T10:24:29.519+0000] {processor.py:840} INFO - DAG(s) 'bronze_layer_ingestion_simple' retrieved from /opt/airflow/dags/bronze_dag_simple.py
[2025-10-22T10:24:29.539+0000] {logging_mixin.py:188} INFO - [2025-10-22T10:24:29.539+0000] {dag.py:3096} INFO - Sync 1 DAGs
[2025-10-22T10:24:29.557+0000] {logging_mixin.py:188} INFO - [2025-10-22T10:24:29.557+0000] {dag.py:3954} INFO - Setting next_dagrun for bronze_layer_ingestion_simple to 2025-10-21 18:00:00+00:00, run_after=2025-10-22 18:00:00+00:00
[2025-10-22T10:24:29.573+0000] {processor.py:183} INFO - Processing /opt/airflow/dags/bronze_dag_simple.py took 0.079 seconds
[2025-10-22T10:25:00.441+0000] {processor.py:161} INFO - Started process (PID=198) to work on /opt/airflow/dags/bronze_dag_simple.py
[2025-10-22T10:25:00.442+0000] {processor.py:830} INFO - Processing file /opt/airflow/dags/bronze_dag_simple.py for tasks to queue
[2025-10-22T10:25:00.444+0000] {logging_mixin.py:188} INFO - [2025-10-22T10:25:00.443+0000] {dagbag.py:540} INFO - Filling up the DagBag from /opt/airflow/dags/bronze_dag_simple.py
[2025-10-22T10:25:00.460+0000] {processor.py:840} INFO - DAG(s) 'bronze_layer_ingestion_simple' retrieved from /opt/airflow/dags/bronze_dag_simple.py
[2025-10-22T10:25:00.478+0000] {logging_mixin.py:188} INFO - [2025-10-22T10:25:00.478+0000] {dag.py:3096} INFO - Sync 1 DAGs
[2025-10-22T10:25:00.495+0000] {logging_mixin.py:188} INFO - [2025-10-22T10:25:00.495+0000] {dag.py:3954} INFO - Setting next_dagrun for bronze_layer_ingestion_simple to 2025-10-21 18:00:00+00:00, run_after=2025-10-22 18:00:00+00:00
[2025-10-22T10:25:00.510+0000] {processor.py:183} INFO - Processing /opt/airflow/dags/bronze_dag_simple.py took 0.074 seconds
[2025-10-22T10:25:30.709+0000] {processor.py:161} INFO - Started process (PID=201) to work on /opt/airflow/dags/bronze_dag_simple.py
[2025-10-22T10:25:30.710+0000] {processor.py:830} INFO - Processing file /opt/airflow/dags/bronze_dag_simple.py for tasks to queue
[2025-10-22T10:25:30.712+0000] {logging_mixin.py:188} INFO - [2025-10-22T10:25:30.711+0000] {dagbag.py:540} INFO - Filling up the DagBag from /opt/airflow/dags/bronze_dag_simple.py
[2025-10-22T10:25:30.728+0000] {processor.py:840} INFO - DAG(s) 'bronze_layer_ingestion_simple' retrieved from /opt/airflow/dags/bronze_dag_simple.py
[2025-10-22T10:25:30.746+0000] {logging_mixin.py:188} INFO - [2025-10-22T10:25:30.746+0000] {dag.py:3096} INFO - Sync 1 DAGs
[2025-10-22T10:25:30.763+0000] {logging_mixin.py:188} INFO - [2025-10-22T10:25:30.763+0000] {dag.py:3954} INFO - Setting next_dagrun for bronze_layer_ingestion_simple to 2025-10-21 18:00:00+00:00, run_after=2025-10-22 18:00:00+00:00
[2025-10-22T10:25:30.777+0000] {processor.py:183} INFO - Processing /opt/airflow/dags/bronze_dag_simple.py took 0.073 seconds
[2025-10-22T10:26:20.367+0000] {processor.py:161} INFO - Started process (PID=204) to work on /opt/airflow/dags/bronze_dag_simple.py
[2025-10-22T10:26:20.367+0000] {processor.py:830} INFO - Processing file /opt/airflow/dags/bronze_dag_simple.py for tasks to queue
[2025-10-22T10:26:20.369+0000] {logging_mixin.py:188} INFO - [2025-10-22T10:26:20.369+0000] {dagbag.py:540} INFO - Filling up the DagBag from /opt/airflow/dags/bronze_dag_simple.py
[2025-10-22T10:26:20.387+0000] {processor.py:840} INFO - DAG(s) 'bronze_layer_ingestion_simple' retrieved from /opt/airflow/dags/bronze_dag_simple.py
[2025-10-22T10:26:20.410+0000] {logging_mixin.py:188} INFO - [2025-10-22T10:26:20.410+0000] {dag.py:3096} INFO - Sync 1 DAGs
[2025-10-22T10:26:20.431+0000] {logging_mixin.py:188} INFO - [2025-10-22T10:26:20.431+0000] {dag.py:3954} INFO - Setting next_dagrun for bronze_layer_ingestion_simple to 2025-10-21 18:00:00+00:00, run_after=2025-10-22 18:00:00+00:00
[2025-10-22T10:26:20.455+0000] {processor.py:183} INFO - Processing /opt/airflow/dags/bronze_dag_simple.py took 0.094 seconds
[2025-10-22T10:26:51.808+0000] {processor.py:161} INFO - Started process (PID=212) to work on /opt/airflow/dags/bronze_dag_simple.py
[2025-10-22T10:26:51.809+0000] {processor.py:830} INFO - Processing file /opt/airflow/dags/bronze_dag_simple.py for tasks to queue
[2025-10-22T10:26:51.811+0000] {logging_mixin.py:188} INFO - [2025-10-22T10:26:51.811+0000] {dagbag.py:540} INFO - Filling up the DagBag from /opt/airflow/dags/bronze_dag_simple.py
[2025-10-22T10:26:51.828+0000] {processor.py:840} INFO - DAG(s) 'bronze_layer_ingestion_simple' retrieved from /opt/airflow/dags/bronze_dag_simple.py
[2025-10-22T10:26:51.847+0000] {logging_mixin.py:188} INFO - [2025-10-22T10:26:51.847+0000] {dag.py:3096} INFO - Sync 1 DAGs
[2025-10-22T10:26:51.865+0000] {logging_mixin.py:188} INFO - [2025-10-22T10:26:51.865+0000] {dag.py:3954} INFO - Setting next_dagrun for bronze_layer_ingestion_simple to 2025-10-21 18:00:00+00:00, run_after=2025-10-22 18:00:00+00:00
[2025-10-22T10:26:51.880+0000] {processor.py:183} INFO - Processing /opt/airflow/dags/bronze_dag_simple.py took 0.077 seconds
[2025-10-22T10:27:21.957+0000] {processor.py:161} INFO - Started process (PID=215) to work on /opt/airflow/dags/bronze_dag_simple.py
[2025-10-22T10:27:21.957+0000] {processor.py:830} INFO - Processing file /opt/airflow/dags/bronze_dag_simple.py for tasks to queue
[2025-10-22T10:27:21.959+0000] {logging_mixin.py:188} INFO - [2025-10-22T10:27:21.959+0000] {dagbag.py:540} INFO - Filling up the DagBag from /opt/airflow/dags/bronze_dag_simple.py
[2025-10-22T10:27:21.975+0000] {processor.py:840} INFO - DAG(s) 'bronze_layer_ingestion_simple' retrieved from /opt/airflow/dags/bronze_dag_simple.py
[2025-10-22T10:27:21.993+0000] {logging_mixin.py:188} INFO - [2025-10-22T10:27:21.993+0000] {dag.py:3096} INFO - Sync 1 DAGs
[2025-10-22T10:27:22.009+0000] {logging_mixin.py:188} INFO - [2025-10-22T10:27:22.009+0000] {dag.py:3954} INFO - Setting next_dagrun for bronze_layer_ingestion_simple to 2025-10-21 18:00:00+00:00, run_after=2025-10-22 18:00:00+00:00
[2025-10-22T10:27:22.024+0000] {processor.py:183} INFO - Processing /opt/airflow/dags/bronze_dag_simple.py took 0.072 seconds
[2025-10-22T10:27:52.936+0000] {processor.py:161} INFO - Started process (PID=218) to work on /opt/airflow/dags/bronze_dag_simple.py
[2025-10-22T10:27:52.937+0000] {processor.py:830} INFO - Processing file /opt/airflow/dags/bronze_dag_simple.py for tasks to queue
[2025-10-22T10:27:52.939+0000] {logging_mixin.py:188} INFO - [2025-10-22T10:27:52.938+0000] {dagbag.py:540} INFO - Filling up the DagBag from /opt/airflow/dags/bronze_dag_simple.py
[2025-10-22T10:27:52.955+0000] {processor.py:840} INFO - DAG(s) 'bronze_layer_ingestion_simple' retrieved from /opt/airflow/dags/bronze_dag_simple.py
[2025-10-22T10:27:52.973+0000] {logging_mixin.py:188} INFO - [2025-10-22T10:27:52.973+0000] {dag.py:3096} INFO - Sync 1 DAGs
[2025-10-22T10:27:52.992+0000] {logging_mixin.py:188} INFO - [2025-10-22T10:27:52.992+0000] {dag.py:3954} INFO - Setting next_dagrun for bronze_layer_ingestion_simple to 2025-10-21 18:00:00+00:00, run_after=2025-10-22 18:00:00+00:00
[2025-10-22T10:27:53.007+0000] {processor.py:183} INFO - Processing /opt/airflow/dags/bronze_dag_simple.py took 0.075 seconds
[2025-10-22T10:28:23.727+0000] {processor.py:161} INFO - Started process (PID=221) to work on /opt/airflow/dags/bronze_dag_simple.py
[2025-10-22T10:28:23.727+0000] {processor.py:830} INFO - Processing file /opt/airflow/dags/bronze_dag_simple.py for tasks to queue
[2025-10-22T10:28:23.729+0000] {logging_mixin.py:188} INFO - [2025-10-22T10:28:23.729+0000] {dagbag.py:540} INFO - Filling up the DagBag from /opt/airflow/dags/bronze_dag_simple.py
[2025-10-22T10:28:23.745+0000] {processor.py:840} INFO - DAG(s) 'bronze_layer_ingestion_simple' retrieved from /opt/airflow/dags/bronze_dag_simple.py
[2025-10-22T10:28:23.763+0000] {logging_mixin.py:188} INFO - [2025-10-22T10:28:23.763+0000] {dag.py:3096} INFO - Sync 1 DAGs
[2025-10-22T10:28:23.780+0000] {logging_mixin.py:188} INFO - [2025-10-22T10:28:23.780+0000] {dag.py:3954} INFO - Setting next_dagrun for bronze_layer_ingestion_simple to 2025-10-21 18:00:00+00:00, run_after=2025-10-22 18:00:00+00:00
[2025-10-22T10:28:23.795+0000] {processor.py:183} INFO - Processing /opt/airflow/dags/bronze_dag_simple.py took 0.073 seconds
[2025-10-22T10:28:54.113+0000] {processor.py:161} INFO - Started process (PID=224) to work on /opt/airflow/dags/bronze_dag_simple.py
[2025-10-22T10:28:54.114+0000] {processor.py:830} INFO - Processing file /opt/airflow/dags/bronze_dag_simple.py for tasks to queue
[2025-10-22T10:28:54.116+0000] {logging_mixin.py:188} INFO - [2025-10-22T10:28:54.115+0000] {dagbag.py:540} INFO - Filling up the DagBag from /opt/airflow/dags/bronze_dag_simple.py
[2025-10-22T10:28:54.131+0000] {processor.py:840} INFO - DAG(s) 'bronze_layer_ingestion_simple' retrieved from /opt/airflow/dags/bronze_dag_simple.py
[2025-10-22T10:28:54.147+0000] {logging_mixin.py:188} INFO - [2025-10-22T10:28:54.147+0000] {dag.py:3096} INFO - Sync 1 DAGs
[2025-10-22T10:28:54.164+0000] {logging_mixin.py:188} INFO - [2025-10-22T10:28:54.164+0000] {dag.py:3954} INFO - Setting next_dagrun for bronze_layer_ingestion_simple to 2025-10-21 18:00:00+00:00, run_after=2025-10-22 18:00:00+00:00
[2025-10-22T10:28:54.177+0000] {processor.py:183} INFO - Processing /opt/airflow/dags/bronze_dag_simple.py took 0.069 seconds
[2025-10-22T10:29:24.684+0000] {processor.py:161} INFO - Started process (PID=227) to work on /opt/airflow/dags/bronze_dag_simple.py
[2025-10-22T10:29:24.685+0000] {processor.py:830} INFO - Processing file /opt/airflow/dags/bronze_dag_simple.py for tasks to queue
[2025-10-22T10:29:24.686+0000] {logging_mixin.py:188} INFO - [2025-10-22T10:29:24.686+0000] {dagbag.py:540} INFO - Filling up the DagBag from /opt/airflow/dags/bronze_dag_simple.py
[2025-10-22T10:29:24.703+0000] {processor.py:840} INFO - DAG(s) 'bronze_layer_ingestion_simple' retrieved from /opt/airflow/dags/bronze_dag_simple.py
[2025-10-22T10:29:24.722+0000] {logging_mixin.py:188} INFO - [2025-10-22T10:29:24.721+0000] {dag.py:3096} INFO - Sync 1 DAGs
[2025-10-22T10:29:24.739+0000] {logging_mixin.py:188} INFO - [2025-10-22T10:29:24.739+0000] {dag.py:3954} INFO - Setting next_dagrun for bronze_layer_ingestion_simple to 2025-10-21 18:00:00+00:00, run_after=2025-10-22 18:00:00+00:00
[2025-10-22T10:29:24.754+0000] {processor.py:183} INFO - Processing /opt/airflow/dags/bronze_dag_simple.py took 0.075 seconds
[2025-10-22T10:30:07.440+0000] {processor.py:161} INFO - Started process (PID=230) to work on /opt/airflow/dags/bronze_dag_simple.py
[2025-10-22T10:30:07.440+0000] {processor.py:830} INFO - Processing file /opt/airflow/dags/bronze_dag_simple.py for tasks to queue
[2025-10-22T10:30:07.442+0000] {logging_mixin.py:188} INFO - [2025-10-22T10:30:07.442+0000] {dagbag.py:540} INFO - Filling up the DagBag from /opt/airflow/dags/bronze_dag_simple.py
[2025-10-22T10:30:07.470+0000] {processor.py:840} INFO - DAG(s) 'bronze_layer_ingestion_simple' retrieved from /opt/airflow/dags/bronze_dag_simple.py
[2025-10-22T10:30:07.497+0000] {logging_mixin.py:188} INFO - [2025-10-22T10:30:07.497+0000] {dag.py:3096} INFO - Sync 1 DAGs
[2025-10-22T10:30:07.520+0000] {logging_mixin.py:188} INFO - [2025-10-22T10:30:07.520+0000] {dag.py:3954} INFO - Setting next_dagrun for bronze_layer_ingestion_simple to 2025-10-21 18:00:00+00:00, run_after=2025-10-22 18:00:00+00:00
[2025-10-22T10:30:07.537+0000] {processor.py:183} INFO - Processing /opt/airflow/dags/bronze_dag_simple.py took 0.103 seconds
[2025-10-22T10:30:38.340+0000] {processor.py:161} INFO - Started process (PID=233) to work on /opt/airflow/dags/bronze_dag_simple.py
[2025-10-22T10:30:38.341+0000] {processor.py:830} INFO - Processing file /opt/airflow/dags/bronze_dag_simple.py for tasks to queue
[2025-10-22T10:30:38.342+0000] {logging_mixin.py:188} INFO - [2025-10-22T10:30:38.342+0000] {dagbag.py:540} INFO - Filling up the DagBag from /opt/airflow/dags/bronze_dag_simple.py
[2025-10-22T10:30:38.359+0000] {processor.py:840} INFO - DAG(s) 'bronze_layer_ingestion_simple' retrieved from /opt/airflow/dags/bronze_dag_simple.py
[2025-10-22T10:30:38.377+0000] {logging_mixin.py:188} INFO - [2025-10-22T10:30:38.377+0000] {dag.py:3096} INFO - Sync 1 DAGs
[2025-10-22T10:30:38.395+0000] {logging_mixin.py:188} INFO - [2025-10-22T10:30:38.395+0000] {dag.py:3954} INFO - Setting next_dagrun for bronze_layer_ingestion_simple to 2025-10-21 18:00:00+00:00, run_after=2025-10-22 18:00:00+00:00
[2025-10-22T10:30:38.409+0000] {processor.py:183} INFO - Processing /opt/airflow/dags/bronze_dag_simple.py took 0.075 seconds
[2025-10-22T10:31:18.071+0000] {processor.py:161} INFO - Started process (PID=236) to work on /opt/airflow/dags/bronze_dag_simple.py
[2025-10-22T10:31:18.072+0000] {processor.py:830} INFO - Processing file /opt/airflow/dags/bronze_dag_simple.py for tasks to queue
[2025-10-22T10:31:18.074+0000] {logging_mixin.py:188} INFO - [2025-10-22T10:31:18.073+0000] {dagbag.py:540} INFO - Filling up the DagBag from /opt/airflow/dags/bronze_dag_simple.py
[2025-10-22T10:31:18.090+0000] {processor.py:840} INFO - DAG(s) 'bronze_layer_ingestion_simple' retrieved from /opt/airflow/dags/bronze_dag_simple.py
[2025-10-22T10:31:18.108+0000] {logging_mixin.py:188} INFO - [2025-10-22T10:31:18.108+0000] {dag.py:3096} INFO - Sync 1 DAGs
[2025-10-22T10:31:18.126+0000] {logging_mixin.py:188} INFO - [2025-10-22T10:31:18.126+0000] {dag.py:3954} INFO - Setting next_dagrun for bronze_layer_ingestion_simple to 2025-10-21 18:00:00+00:00, run_after=2025-10-22 18:00:00+00:00
[2025-10-22T10:31:18.141+0000] {processor.py:183} INFO - Processing /opt/airflow/dags/bronze_dag_simple.py took 0.075 seconds
[2025-10-22T10:31:48.363+0000] {processor.py:161} INFO - Started process (PID=244) to work on /opt/airflow/dags/bronze_dag_simple.py
[2025-10-22T10:31:48.364+0000] {processor.py:830} INFO - Processing file /opt/airflow/dags/bronze_dag_simple.py for tasks to queue
[2025-10-22T10:31:48.365+0000] {logging_mixin.py:188} INFO - [2025-10-22T10:31:48.365+0000] {dagbag.py:540} INFO - Filling up the DagBag from /opt/airflow/dags/bronze_dag_simple.py
[2025-10-22T10:31:48.382+0000] {processor.py:840} INFO - DAG(s) 'bronze_layer_ingestion_simple' retrieved from /opt/airflow/dags/bronze_dag_simple.py
[2025-10-22T10:31:48.400+0000] {logging_mixin.py:188} INFO - [2025-10-22T10:31:48.400+0000] {dag.py:3096} INFO - Sync 1 DAGs
[2025-10-22T10:31:48.416+0000] {logging_mixin.py:188} INFO - [2025-10-22T10:31:48.416+0000] {dag.py:3954} INFO - Setting next_dagrun for bronze_layer_ingestion_simple to 2025-10-21 18:00:00+00:00, run_after=2025-10-22 18:00:00+00:00
[2025-10-22T10:31:48.431+0000] {processor.py:183} INFO - Processing /opt/airflow/dags/bronze_dag_simple.py took 0.073 seconds
[2025-10-22T10:32:19.315+0000] {processor.py:161} INFO - Started process (PID=247) to work on /opt/airflow/dags/bronze_dag_simple.py
[2025-10-22T10:32:19.316+0000] {processor.py:830} INFO - Processing file /opt/airflow/dags/bronze_dag_simple.py for tasks to queue
[2025-10-22T10:32:19.318+0000] {logging_mixin.py:188} INFO - [2025-10-22T10:32:19.317+0000] {dagbag.py:540} INFO - Filling up the DagBag from /opt/airflow/dags/bronze_dag_simple.py
[2025-10-22T10:32:19.336+0000] {processor.py:840} INFO - DAG(s) 'bronze_layer_ingestion_simple' retrieved from /opt/airflow/dags/bronze_dag_simple.py
[2025-10-22T10:32:19.355+0000] {logging_mixin.py:188} INFO - [2025-10-22T10:32:19.355+0000] {dag.py:3096} INFO - Sync 1 DAGs
[2025-10-22T10:32:19.373+0000] {logging_mixin.py:188} INFO - [2025-10-22T10:32:19.373+0000] {dag.py:3954} INFO - Setting next_dagrun for bronze_layer_ingestion_simple to 2025-10-21 18:00:00+00:00, run_after=2025-10-22 18:00:00+00:00
[2025-10-22T10:32:19.389+0000] {processor.py:183} INFO - Processing /opt/airflow/dags/bronze_dag_simple.py took 0.079 seconds
[2025-10-22T10:32:50.057+0000] {processor.py:161} INFO - Started process (PID=250) to work on /opt/airflow/dags/bronze_dag_simple.py
[2025-10-22T10:32:50.058+0000] {processor.py:830} INFO - Processing file /opt/airflow/dags/bronze_dag_simple.py for tasks to queue
[2025-10-22T10:32:50.059+0000] {logging_mixin.py:188} INFO - [2025-10-22T10:32:50.059+0000] {dagbag.py:540} INFO - Filling up the DagBag from /opt/airflow/dags/bronze_dag_simple.py
[2025-10-22T10:32:50.074+0000] {processor.py:840} INFO - DAG(s) 'bronze_layer_ingestion_simple' retrieved from /opt/airflow/dags/bronze_dag_simple.py
[2025-10-22T10:32:50.090+0000] {logging_mixin.py:188} INFO - [2025-10-22T10:32:50.090+0000] {dag.py:3096} INFO - Sync 1 DAGs
[2025-10-22T10:32:50.106+0000] {logging_mixin.py:188} INFO - [2025-10-22T10:32:50.106+0000] {dag.py:3954} INFO - Setting next_dagrun for bronze_layer_ingestion_simple to 2025-10-21 18:00:00+00:00, run_after=2025-10-22 18:00:00+00:00
[2025-10-22T10:32:50.118+0000] {processor.py:183} INFO - Processing /opt/airflow/dags/bronze_dag_simple.py took 0.066 seconds
[2025-10-22T10:33:20.633+0000] {processor.py:161} INFO - Started process (PID=253) to work on /opt/airflow/dags/bronze_dag_simple.py
[2025-10-22T10:33:20.634+0000] {processor.py:830} INFO - Processing file /opt/airflow/dags/bronze_dag_simple.py for tasks to queue
[2025-10-22T10:33:20.636+0000] {logging_mixin.py:188} INFO - [2025-10-22T10:33:20.635+0000] {dagbag.py:540} INFO - Filling up the DagBag from /opt/airflow/dags/bronze_dag_simple.py
[2025-10-22T10:33:20.653+0000] {processor.py:840} INFO - DAG(s) 'bronze_layer_ingestion_simple' retrieved from /opt/airflow/dags/bronze_dag_simple.py
[2025-10-22T10:33:20.671+0000] {logging_mixin.py:188} INFO - [2025-10-22T10:33:20.671+0000] {dag.py:3096} INFO - Sync 1 DAGs
[2025-10-22T10:33:20.689+0000] {logging_mixin.py:188} INFO - [2025-10-22T10:33:20.689+0000] {dag.py:3954} INFO - Setting next_dagrun for bronze_layer_ingestion_simple to 2025-10-21 18:00:00+00:00, run_after=2025-10-22 18:00:00+00:00
[2025-10-22T10:33:20.704+0000] {processor.py:183} INFO - Processing /opt/airflow/dags/bronze_dag_simple.py took 0.076 seconds
[2025-10-22T10:34:23.550+0000] {processor.py:161} INFO - Started process (PID=256) to work on /opt/airflow/dags/bronze_dag_simple.py
[2025-10-22T10:34:23.551+0000] {processor.py:830} INFO - Processing file /opt/airflow/dags/bronze_dag_simple.py for tasks to queue
[2025-10-22T10:34:23.552+0000] {logging_mixin.py:188} INFO - [2025-10-22T10:34:23.552+0000] {dagbag.py:540} INFO - Filling up the DagBag from /opt/airflow/dags/bronze_dag_simple.py
[2025-10-22T10:34:23.570+0000] {processor.py:840} INFO - DAG(s) 'bronze_layer_ingestion_simple' retrieved from /opt/airflow/dags/bronze_dag_simple.py
[2025-10-22T10:34:23.589+0000] {logging_mixin.py:188} INFO - [2025-10-22T10:34:23.589+0000] {dag.py:3096} INFO - Sync 1 DAGs
[2025-10-22T10:34:23.607+0000] {logging_mixin.py:188} INFO - [2025-10-22T10:34:23.607+0000] {dag.py:3954} INFO - Setting next_dagrun for bronze_layer_ingestion_simple to 2025-10-21 18:00:00+00:00, run_after=2025-10-22 18:00:00+00:00
[2025-10-22T10:34:23.623+0000] {processor.py:183} INFO - Processing /opt/airflow/dags/bronze_dag_simple.py took 0.078 seconds
[2025-10-22T10:34:53.822+0000] {processor.py:161} INFO - Started process (PID=259) to work on /opt/airflow/dags/bronze_dag_simple.py
[2025-10-22T10:34:53.823+0000] {processor.py:830} INFO - Processing file /opt/airflow/dags/bronze_dag_simple.py for tasks to queue
[2025-10-22T10:34:53.823+0000] {logging_mixin.py:188} INFO - [2025-10-22T10:34:53.823+0000] {dagbag.py:540} INFO - Filling up the DagBag from /opt/airflow/dags/bronze_dag_simple.py
[2025-10-22T10:34:53.840+0000] {processor.py:840} INFO - DAG(s) 'bronze_layer_ingestion_simple' retrieved from /opt/airflow/dags/bronze_dag_simple.py
[2025-10-22T10:34:53.856+0000] {logging_mixin.py:188} INFO - [2025-10-22T10:34:53.856+0000] {dag.py:3096} INFO - Sync 1 DAGs
[2025-10-22T10:34:53.872+0000] {logging_mixin.py:188} INFO - [2025-10-22T10:34:53.872+0000] {dag.py:3954} INFO - Setting next_dagrun for bronze_layer_ingestion_simple to 2025-10-21 18:00:00+00:00, run_after=2025-10-22 18:00:00+00:00
[2025-10-22T10:34:53.885+0000] {processor.py:183} INFO - Processing /opt/airflow/dags/bronze_dag_simple.py took 0.068 seconds
[2025-10-22T10:35:24.106+0000] {processor.py:161} INFO - Started process (PID=262) to work on /opt/airflow/dags/bronze_dag_simple.py
[2025-10-22T10:35:24.107+0000] {processor.py:830} INFO - Processing file /opt/airflow/dags/bronze_dag_simple.py for tasks to queue
[2025-10-22T10:35:24.108+0000] {logging_mixin.py:188} INFO - [2025-10-22T10:35:24.107+0000] {dagbag.py:540} INFO - Filling up the DagBag from /opt/airflow/dags/bronze_dag_simple.py
[2025-10-22T10:35:24.123+0000] {processor.py:840} INFO - DAG(s) 'bronze_layer_ingestion_simple' retrieved from /opt/airflow/dags/bronze_dag_simple.py
[2025-10-22T10:35:24.140+0000] {logging_mixin.py:188} INFO - [2025-10-22T10:35:24.139+0000] {dag.py:3096} INFO - Sync 1 DAGs
[2025-10-22T10:35:24.155+0000] {logging_mixin.py:188} INFO - [2025-10-22T10:35:24.155+0000] {dag.py:3954} INFO - Setting next_dagrun for bronze_layer_ingestion_simple to 2025-10-21 18:00:00+00:00, run_after=2025-10-22 18:00:00+00:00
[2025-10-22T10:35:24.169+0000] {processor.py:183} INFO - Processing /opt/airflow/dags/bronze_dag_simple.py took 0.068 seconds
[2025-10-22T10:35:54.215+0000] {processor.py:161} INFO - Started process (PID=265) to work on /opt/airflow/dags/bronze_dag_simple.py
[2025-10-22T10:35:54.216+0000] {processor.py:830} INFO - Processing file /opt/airflow/dags/bronze_dag_simple.py for tasks to queue
[2025-10-22T10:35:54.217+0000] {logging_mixin.py:188} INFO - [2025-10-22T10:35:54.216+0000] {dagbag.py:540} INFO - Filling up the DagBag from /opt/airflow/dags/bronze_dag_simple.py
[2025-10-22T10:35:54.236+0000] {processor.py:840} INFO - DAG(s) 'bronze_layer_ingestion_simple' retrieved from /opt/airflow/dags/bronze_dag_simple.py
[2025-10-22T10:35:54.254+0000] {logging_mixin.py:188} INFO - [2025-10-22T10:35:54.254+0000] {dag.py:3096} INFO - Sync 1 DAGs
[2025-10-22T10:35:54.272+0000] {logging_mixin.py:188} INFO - [2025-10-22T10:35:54.272+0000] {dag.py:3954} INFO - Setting next_dagrun for bronze_layer_ingestion_simple to 2025-10-21 18:00:00+00:00, run_after=2025-10-22 18:00:00+00:00
[2025-10-22T10:35:54.286+0000] {processor.py:183} INFO - Processing /opt/airflow/dags/bronze_dag_simple.py took 0.078 seconds
[2025-10-22T10:36:24.689+0000] {processor.py:161} INFO - Started process (PID=268) to work on /opt/airflow/dags/bronze_dag_simple.py
[2025-10-22T10:36:24.689+0000] {processor.py:830} INFO - Processing file /opt/airflow/dags/bronze_dag_simple.py for tasks to queue
[2025-10-22T10:36:24.690+0000] {logging_mixin.py:188} INFO - [2025-10-22T10:36:24.690+0000] {dagbag.py:540} INFO - Filling up the DagBag from /opt/airflow/dags/bronze_dag_simple.py
[2025-10-22T10:36:24.709+0000] {processor.py:840} INFO - DAG(s) 'bronze_layer_ingestion_simple' retrieved from /opt/airflow/dags/bronze_dag_simple.py
[2025-10-22T10:36:24.728+0000] {logging_mixin.py:188} INFO - [2025-10-22T10:36:24.728+0000] {dag.py:3096} INFO - Sync 1 DAGs
[2025-10-22T10:36:24.745+0000] {logging_mixin.py:188} INFO - [2025-10-22T10:36:24.745+0000] {dag.py:3954} INFO - Setting next_dagrun for bronze_layer_ingestion_simple to 2025-10-21 18:00:00+00:00, run_after=2025-10-22 18:00:00+00:00
[2025-10-22T10:36:24.760+0000] {processor.py:183} INFO - Processing /opt/airflow/dags/bronze_dag_simple.py took 0.076 seconds
[2025-10-22T10:37:03.331+0000] {processor.py:161} INFO - Started process (PID=271) to work on /opt/airflow/dags/bronze_dag_simple.py
[2025-10-22T10:37:03.332+0000] {processor.py:830} INFO - Processing file /opt/airflow/dags/bronze_dag_simple.py for tasks to queue
[2025-10-22T10:37:03.332+0000] {logging_mixin.py:188} INFO - [2025-10-22T10:37:03.332+0000] {dagbag.py:540} INFO - Filling up the DagBag from /opt/airflow/dags/bronze_dag_simple.py
[2025-10-22T10:37:03.349+0000] {processor.py:840} INFO - DAG(s) 'bronze_layer_ingestion_simple' retrieved from /opt/airflow/dags/bronze_dag_simple.py
[2025-10-22T10:37:03.368+0000] {logging_mixin.py:188} INFO - [2025-10-22T10:37:03.368+0000] {dag.py:3096} INFO - Sync 1 DAGs
[2025-10-22T10:37:03.384+0000] {logging_mixin.py:188} INFO - [2025-10-22T10:37:03.384+0000] {dag.py:3954} INFO - Setting next_dagrun for bronze_layer_ingestion_simple to 2025-10-21 18:00:00+00:00, run_after=2025-10-22 18:00:00+00:00
[2025-10-22T10:37:03.398+0000] {processor.py:183} INFO - Processing /opt/airflow/dags/bronze_dag_simple.py took 0.072 seconds
[2025-10-22T10:37:34.012+0000] {processor.py:161} INFO - Started process (PID=274) to work on /opt/airflow/dags/bronze_dag_simple.py
[2025-10-22T10:37:34.013+0000] {processor.py:830} INFO - Processing file /opt/airflow/dags/bronze_dag_simple.py for tasks to queue
[2025-10-22T10:37:34.014+0000] {logging_mixin.py:188} INFO - [2025-10-22T10:37:34.014+0000] {dagbag.py:540} INFO - Filling up the DagBag from /opt/airflow/dags/bronze_dag_simple.py
[2025-10-22T10:37:34.032+0000] {processor.py:840} INFO - DAG(s) 'bronze_layer_ingestion_simple' retrieved from /opt/airflow/dags/bronze_dag_simple.py
[2025-10-22T10:37:34.050+0000] {logging_mixin.py:188} INFO - [2025-10-22T10:37:34.050+0000] {dag.py:3096} INFO - Sync 1 DAGs
[2025-10-22T10:37:34.067+0000] {logging_mixin.py:188} INFO - [2025-10-22T10:37:34.067+0000] {dag.py:3954} INFO - Setting next_dagrun for bronze_layer_ingestion_simple to 2025-10-21 18:00:00+00:00, run_after=2025-10-22 18:00:00+00:00
[2025-10-22T10:37:34.083+0000] {processor.py:183} INFO - Processing /opt/airflow/dags/bronze_dag_simple.py took 0.075 seconds
[2025-10-22T10:38:04.252+0000] {processor.py:161} INFO - Started process (PID=277) to work on /opt/airflow/dags/bronze_dag_simple.py
[2025-10-22T10:38:04.253+0000] {processor.py:830} INFO - Processing file /opt/airflow/dags/bronze_dag_simple.py for tasks to queue
[2025-10-22T10:38:04.254+0000] {logging_mixin.py:188} INFO - [2025-10-22T10:38:04.253+0000] {dagbag.py:540} INFO - Filling up the DagBag from /opt/airflow/dags/bronze_dag_simple.py
[2025-10-22T10:38:04.273+0000] {processor.py:840} INFO - DAG(s) 'bronze_layer_ingestion_simple' retrieved from /opt/airflow/dags/bronze_dag_simple.py
[2025-10-22T10:38:04.298+0000] {logging_mixin.py:188} INFO - [2025-10-22T10:38:04.298+0000] {dag.py:3096} INFO - Sync 1 DAGs
[2025-10-22T10:38:04.320+0000] {logging_mixin.py:188} INFO - [2025-10-22T10:38:04.320+0000] {dag.py:3954} INFO - Setting next_dagrun for bronze_layer_ingestion_simple to 2025-10-21 18:00:00+00:00, run_after=2025-10-22 18:00:00+00:00
[2025-10-22T10:38:04.336+0000] {processor.py:183} INFO - Processing /opt/airflow/dags/bronze_dag_simple.py took 0.089 seconds
[2025-10-22T10:38:46.983+0000] {processor.py:161} INFO - Started process (PID=280) to work on /opt/airflow/dags/bronze_dag_simple.py
[2025-10-22T10:38:46.983+0000] {processor.py:830} INFO - Processing file /opt/airflow/dags/bronze_dag_simple.py for tasks to queue
[2025-10-22T10:38:46.984+0000] {logging_mixin.py:188} INFO - [2025-10-22T10:38:46.984+0000] {dagbag.py:540} INFO - Filling up the DagBag from /opt/airflow/dags/bronze_dag_simple.py
[2025-10-22T10:38:47.001+0000] {processor.py:840} INFO - DAG(s) 'bronze_layer_ingestion_simple' retrieved from /opt/airflow/dags/bronze_dag_simple.py
[2025-10-22T10:38:47.021+0000] {logging_mixin.py:188} INFO - [2025-10-22T10:38:47.021+0000] {dag.py:3096} INFO - Sync 1 DAGs
[2025-10-22T10:38:47.041+0000] {logging_mixin.py:188} INFO - [2025-10-22T10:38:47.041+0000] {dag.py:3954} INFO - Setting next_dagrun for bronze_layer_ingestion_simple to 2025-10-21 18:00:00+00:00, run_after=2025-10-22 18:00:00+00:00
[2025-10-22T10:38:47.058+0000] {processor.py:183} INFO - Processing /opt/airflow/dags/bronze_dag_simple.py took 0.080 seconds
[2025-10-22T10:39:19.339+0000] {processor.py:161} INFO - Started process (PID=283) to work on /opt/airflow/dags/bronze_dag_simple.py
[2025-10-22T10:39:19.341+0000] {processor.py:830} INFO - Processing file /opt/airflow/dags/bronze_dag_simple.py for tasks to queue
[2025-10-22T10:39:19.341+0000] {logging_mixin.py:188} INFO - [2025-10-22T10:39:19.341+0000] {dagbag.py:540} INFO - Filling up the DagBag from /opt/airflow/dags/bronze_dag_simple.py
[2025-10-22T10:39:19.363+0000] {processor.py:840} INFO - DAG(s) 'bronze_layer_ingestion_simple' retrieved from /opt/airflow/dags/bronze_dag_simple.py
[2025-10-22T10:39:19.385+0000] {logging_mixin.py:188} INFO - [2025-10-22T10:39:19.385+0000] {dag.py:3096} INFO - Sync 1 DAGs
[2025-10-22T10:39:19.405+0000] {logging_mixin.py:188} INFO - [2025-10-22T10:39:19.404+0000] {dag.py:3954} INFO - Setting next_dagrun for bronze_layer_ingestion_simple to 2025-10-21 18:00:00+00:00, run_after=2025-10-22 18:00:00+00:00
[2025-10-22T10:39:19.422+0000] {processor.py:183} INFO - Processing /opt/airflow/dags/bronze_dag_simple.py took 0.090 seconds
[2025-10-22T10:39:49.590+0000] {processor.py:161} INFO - Started process (PID=286) to work on /opt/airflow/dags/bronze_dag_simple.py
[2025-10-22T10:39:49.591+0000] {processor.py:830} INFO - Processing file /opt/airflow/dags/bronze_dag_simple.py for tasks to queue
[2025-10-22T10:39:49.592+0000] {logging_mixin.py:188} INFO - [2025-10-22T10:39:49.591+0000] {dagbag.py:540} INFO - Filling up the DagBag from /opt/airflow/dags/bronze_dag_simple.py
[2025-10-22T10:39:49.609+0000] {processor.py:840} INFO - DAG(s) 'bronze_layer_ingestion_simple' retrieved from /opt/airflow/dags/bronze_dag_simple.py
[2025-10-22T10:39:49.627+0000] {logging_mixin.py:188} INFO - [2025-10-22T10:39:49.627+0000] {dag.py:3096} INFO - Sync 1 DAGs
[2025-10-22T10:39:49.645+0000] {logging_mixin.py:188} INFO - [2025-10-22T10:39:49.645+0000] {dag.py:3954} INFO - Setting next_dagrun for bronze_layer_ingestion_simple to 2025-10-21 18:00:00+00:00, run_after=2025-10-22 18:00:00+00:00
[2025-10-22T10:39:49.661+0000] {processor.py:183} INFO - Processing /opt/airflow/dags/bronze_dag_simple.py took 0.076 seconds
[2025-10-22T10:40:20.434+0000] {processor.py:161} INFO - Started process (PID=289) to work on /opt/airflow/dags/bronze_dag_simple.py
[2025-10-22T10:40:20.435+0000] {processor.py:830} INFO - Processing file /opt/airflow/dags/bronze_dag_simple.py for tasks to queue
[2025-10-22T10:40:20.435+0000] {logging_mixin.py:188} INFO - [2025-10-22T10:40:20.435+0000] {dagbag.py:540} INFO - Filling up the DagBag from /opt/airflow/dags/bronze_dag_simple.py
[2025-10-22T10:40:20.454+0000] {processor.py:840} INFO - DAG(s) 'bronze_layer_ingestion_simple' retrieved from /opt/airflow/dags/bronze_dag_simple.py
[2025-10-22T10:40:20.472+0000] {logging_mixin.py:188} INFO - [2025-10-22T10:40:20.472+0000] {dag.py:3096} INFO - Sync 1 DAGs
[2025-10-22T10:40:20.488+0000] {logging_mixin.py:188} INFO - [2025-10-22T10:40:20.487+0000] {dag.py:3954} INFO - Setting next_dagrun for bronze_layer_ingestion_simple to 2025-10-21 18:00:00+00:00, run_after=2025-10-22 18:00:00+00:00
[2025-10-22T10:40:20.502+0000] {processor.py:183} INFO - Processing /opt/airflow/dags/bronze_dag_simple.py took 0.074 seconds
[2025-10-22T10:40:51.434+0000] {processor.py:161} INFO - Started process (PID=292) to work on /opt/airflow/dags/bronze_dag_simple.py
[2025-10-22T10:40:51.434+0000] {processor.py:830} INFO - Processing file /opt/airflow/dags/bronze_dag_simple.py for tasks to queue
[2025-10-22T10:40:51.435+0000] {logging_mixin.py:188} INFO - [2025-10-22T10:40:51.435+0000] {dagbag.py:540} INFO - Filling up the DagBag from /opt/airflow/dags/bronze_dag_simple.py
[2025-10-22T10:40:51.454+0000] {processor.py:840} INFO - DAG(s) 'bronze_layer_ingestion_simple' retrieved from /opt/airflow/dags/bronze_dag_simple.py
[2025-10-22T10:40:51.474+0000] {logging_mixin.py:188} INFO - [2025-10-22T10:40:51.474+0000] {dag.py:3096} INFO - Sync 1 DAGs
[2025-10-22T10:40:51.493+0000] {logging_mixin.py:188} INFO - [2025-10-22T10:40:51.493+0000] {dag.py:3954} INFO - Setting next_dagrun for bronze_layer_ingestion_simple to 2025-10-21 18:00:00+00:00, run_after=2025-10-22 18:00:00+00:00
[2025-10-22T10:40:51.509+0000] {processor.py:183} INFO - Processing /opt/airflow/dags/bronze_dag_simple.py took 0.081 seconds
[2025-10-22T10:41:23.729+0000] {processor.py:161} INFO - Started process (PID=295) to work on /opt/airflow/dags/bronze_dag_simple.py
[2025-10-22T10:41:23.730+0000] {processor.py:830} INFO - Processing file /opt/airflow/dags/bronze_dag_simple.py for tasks to queue
[2025-10-22T10:41:23.731+0000] {logging_mixin.py:188} INFO - [2025-10-22T10:41:23.730+0000] {dagbag.py:540} INFO - Filling up the DagBag from /opt/airflow/dags/bronze_dag_simple.py
[2025-10-22T10:41:23.748+0000] {processor.py:840} INFO - DAG(s) 'bronze_layer_ingestion_simple' retrieved from /opt/airflow/dags/bronze_dag_simple.py
[2025-10-22T10:41:23.766+0000] {logging_mixin.py:188} INFO - [2025-10-22T10:41:23.766+0000] {dag.py:3096} INFO - Sync 1 DAGs
[2025-10-22T10:41:23.783+0000] {logging_mixin.py:188} INFO - [2025-10-22T10:41:23.783+0000] {dag.py:3954} INFO - Setting next_dagrun for bronze_layer_ingestion_simple to 2025-10-21 18:00:00+00:00, run_after=2025-10-22 18:00:00+00:00
[2025-10-22T10:41:23.801+0000] {processor.py:183} INFO - Processing /opt/airflow/dags/bronze_dag_simple.py took 0.077 seconds
[2025-10-22T10:41:54.083+0000] {processor.py:161} INFO - Started process (PID=298) to work on /opt/airflow/dags/bronze_dag_simple.py
[2025-10-22T10:41:54.084+0000] {processor.py:830} INFO - Processing file /opt/airflow/dags/bronze_dag_simple.py for tasks to queue
[2025-10-22T10:41:54.085+0000] {logging_mixin.py:188} INFO - [2025-10-22T10:41:54.085+0000] {dagbag.py:540} INFO - Filling up the DagBag from /opt/airflow/dags/bronze_dag_simple.py
[2025-10-22T10:41:54.103+0000] {processor.py:840} INFO - DAG(s) 'bronze_layer_ingestion_simple' retrieved from /opt/airflow/dags/bronze_dag_simple.py
[2025-10-22T10:41:54.121+0000] {logging_mixin.py:188} INFO - [2025-10-22T10:41:54.120+0000] {dag.py:3096} INFO - Sync 1 DAGs
[2025-10-22T10:41:54.138+0000] {logging_mixin.py:188} INFO - [2025-10-22T10:41:54.138+0000] {dag.py:3954} INFO - Setting next_dagrun for bronze_layer_ingestion_simple to 2025-10-21 18:00:00+00:00, run_after=2025-10-22 18:00:00+00:00
[2025-10-22T10:41:54.153+0000] {processor.py:183} INFO - Processing /opt/airflow/dags/bronze_dag_simple.py took 0.074 seconds
[2025-10-22T10:42:50.208+0000] {processor.py:161} INFO - Started process (PID=301) to work on /opt/airflow/dags/bronze_dag_simple.py
[2025-10-22T10:42:50.209+0000] {processor.py:830} INFO - Processing file /opt/airflow/dags/bronze_dag_simple.py for tasks to queue
[2025-10-22T10:42:50.210+0000] {logging_mixin.py:188} INFO - [2025-10-22T10:42:50.209+0000] {dagbag.py:540} INFO - Filling up the DagBag from /opt/airflow/dags/bronze_dag_simple.py
[2025-10-22T10:42:50.226+0000] {processor.py:840} INFO - DAG(s) 'bronze_layer_ingestion_simple' retrieved from /opt/airflow/dags/bronze_dag_simple.py
[2025-10-22T10:42:50.244+0000] {logging_mixin.py:188} INFO - [2025-10-22T10:42:50.244+0000] {dag.py:3096} INFO - Sync 1 DAGs
[2025-10-22T10:42:50.262+0000] {logging_mixin.py:188} INFO - [2025-10-22T10:42:50.261+0000] {dag.py:3954} INFO - Setting next_dagrun for bronze_layer_ingestion_simple to 2025-10-21 18:00:00+00:00, run_after=2025-10-22 18:00:00+00:00
[2025-10-22T10:42:50.277+0000] {processor.py:183} INFO - Processing /opt/airflow/dags/bronze_dag_simple.py took 0.074 seconds
[2025-10-22T10:43:20.709+0000] {processor.py:161} INFO - Started process (PID=304) to work on /opt/airflow/dags/bronze_dag_simple.py
[2025-10-22T10:43:20.710+0000] {processor.py:830} INFO - Processing file /opt/airflow/dags/bronze_dag_simple.py for tasks to queue
[2025-10-22T10:43:20.710+0000] {logging_mixin.py:188} INFO - [2025-10-22T10:43:20.710+0000] {dagbag.py:540} INFO - Filling up the DagBag from /opt/airflow/dags/bronze_dag_simple.py
[2025-10-22T10:43:20.729+0000] {processor.py:840} INFO - DAG(s) 'bronze_layer_ingestion_simple' retrieved from /opt/airflow/dags/bronze_dag_simple.py
[2025-10-22T10:43:20.748+0000] {logging_mixin.py:188} INFO - [2025-10-22T10:43:20.748+0000] {dag.py:3096} INFO - Sync 1 DAGs
[2025-10-22T10:43:20.768+0000] {logging_mixin.py:188} INFO - [2025-10-22T10:43:20.768+0000] {dag.py:3954} INFO - Setting next_dagrun for bronze_layer_ingestion_simple to 2025-10-21 18:00:00+00:00, run_after=2025-10-22 18:00:00+00:00
[2025-10-22T10:43:20.784+0000] {processor.py:183} INFO - Processing /opt/airflow/dags/bronze_dag_simple.py took 0.081 seconds
[2025-10-22T10:43:51.334+0000] {processor.py:161} INFO - Started process (PID=311) to work on /opt/airflow/dags/bronze_dag_simple.py
[2025-10-22T10:43:51.334+0000] {processor.py:830} INFO - Processing file /opt/airflow/dags/bronze_dag_simple.py for tasks to queue
[2025-10-22T10:43:51.335+0000] {logging_mixin.py:188} INFO - [2025-10-22T10:43:51.335+0000] {dagbag.py:540} INFO - Filling up the DagBag from /opt/airflow/dags/bronze_dag_simple.py
[2025-10-22T10:43:51.353+0000] {processor.py:840} INFO - DAG(s) 'bronze_layer_ingestion_simple' retrieved from /opt/airflow/dags/bronze_dag_simple.py
[2025-10-22T10:43:51.371+0000] {logging_mixin.py:188} INFO - [2025-10-22T10:43:51.371+0000] {dag.py:3096} INFO - Sync 1 DAGs
[2025-10-22T10:43:51.400+0000] {processor.py:183} INFO - Processing /opt/airflow/dags/bronze_dag_simple.py took 0.072 seconds
[2025-10-22T10:44:31.162+0000] {processor.py:161} INFO - Started process (PID=314) to work on /opt/airflow/dags/bronze_dag_simple.py
[2025-10-22T10:44:31.163+0000] {processor.py:830} INFO - Processing file /opt/airflow/dags/bronze_dag_simple.py for tasks to queue
[2025-10-22T10:44:31.164+0000] {logging_mixin.py:188} INFO - [2025-10-22T10:44:31.163+0000] {dagbag.py:540} INFO - Filling up the DagBag from /opt/airflow/dags/bronze_dag_simple.py
[2025-10-22T10:44:31.181+0000] {processor.py:840} INFO - DAG(s) 'bronze_layer_ingestion_simple' retrieved from /opt/airflow/dags/bronze_dag_simple.py
[2025-10-22T10:44:31.199+0000] {logging_mixin.py:188} INFO - [2025-10-22T10:44:31.199+0000] {dag.py:3096} INFO - Sync 1 DAGs
[2025-10-22T10:44:31.228+0000] {processor.py:183} INFO - Processing /opt/airflow/dags/bronze_dag_simple.py took 0.071 seconds
[2025-10-22T10:45:01.482+0000] {processor.py:161} INFO - Started process (PID=317) to work on /opt/airflow/dags/bronze_dag_simple.py
[2025-10-22T10:45:01.482+0000] {processor.py:830} INFO - Processing file /opt/airflow/dags/bronze_dag_simple.py for tasks to queue
[2025-10-22T10:45:01.483+0000] {logging_mixin.py:188} INFO - [2025-10-22T10:45:01.483+0000] {dagbag.py:540} INFO - Filling up the DagBag from /opt/airflow/dags/bronze_dag_simple.py
[2025-10-22T10:45:01.501+0000] {processor.py:840} INFO - DAG(s) 'bronze_layer_ingestion_simple' retrieved from /opt/airflow/dags/bronze_dag_simple.py
[2025-10-22T10:45:01.519+0000] {logging_mixin.py:188} INFO - [2025-10-22T10:45:01.519+0000] {dag.py:3096} INFO - Sync 1 DAGs
[2025-10-22T10:45:01.548+0000] {processor.py:183} INFO - Processing /opt/airflow/dags/bronze_dag_simple.py took 0.071 seconds
[2025-10-22T10:45:32.441+0000] {processor.py:161} INFO - Started process (PID=320) to work on /opt/airflow/dags/bronze_dag_simple.py
[2025-10-22T10:45:32.441+0000] {processor.py:830} INFO - Processing file /opt/airflow/dags/bronze_dag_simple.py for tasks to queue
[2025-10-22T10:45:32.442+0000] {logging_mixin.py:188} INFO - [2025-10-22T10:45:32.442+0000] {dagbag.py:540} INFO - Filling up the DagBag from /opt/airflow/dags/bronze_dag_simple.py
[2025-10-22T10:45:32.463+0000] {processor.py:840} INFO - DAG(s) 'bronze_layer_ingestion_simple' retrieved from /opt/airflow/dags/bronze_dag_simple.py
[2025-10-22T10:45:32.482+0000] {logging_mixin.py:188} INFO - [2025-10-22T10:45:32.482+0000] {dag.py:3096} INFO - Sync 1 DAGs
[2025-10-22T10:45:32.514+0000] {processor.py:183} INFO - Processing /opt/airflow/dags/bronze_dag_simple.py took 0.079 seconds
[2025-10-22T10:46:03.053+0000] {processor.py:161} INFO - Started process (PID=323) to work on /opt/airflow/dags/bronze_dag_simple.py
[2025-10-22T10:46:03.054+0000] {processor.py:830} INFO - Processing file /opt/airflow/dags/bronze_dag_simple.py for tasks to queue
[2025-10-22T10:46:03.055+0000] {logging_mixin.py:188} INFO - [2025-10-22T10:46:03.055+0000] {dagbag.py:540} INFO - Filling up the DagBag from /opt/airflow/dags/bronze_dag_simple.py
[2025-10-22T10:46:03.073+0000] {processor.py:840} INFO - DAG(s) 'bronze_layer_ingestion_simple' retrieved from /opt/airflow/dags/bronze_dag_simple.py
[2025-10-22T10:46:03.093+0000] {logging_mixin.py:188} INFO - [2025-10-22T10:46:03.093+0000] {dag.py:3096} INFO - Sync 1 DAGs
[2025-10-22T10:46:03.126+0000] {processor.py:183} INFO - Processing /opt/airflow/dags/bronze_dag_simple.py took 0.078 seconds
[2025-10-22T10:46:55.889+0000] {processor.py:161} INFO - Started process (PID=326) to work on /opt/airflow/dags/bronze_dag_simple.py
[2025-10-22T10:46:55.890+0000] {processor.py:830} INFO - Processing file /opt/airflow/dags/bronze_dag_simple.py for tasks to queue
[2025-10-22T10:46:55.891+0000] {logging_mixin.py:188} INFO - [2025-10-22T10:46:55.891+0000] {dagbag.py:540} INFO - Filling up the DagBag from /opt/airflow/dags/bronze_dag_simple.py
[2025-10-22T10:46:55.911+0000] {processor.py:840} INFO - DAG(s) 'bronze_layer_ingestion_simple' retrieved from /opt/airflow/dags/bronze_dag_simple.py
[2025-10-22T10:46:55.930+0000] {logging_mixin.py:188} INFO - [2025-10-22T10:46:55.930+0000] {dag.py:3096} INFO - Sync 1 DAGs
[2025-10-22T10:46:55.961+0000] {processor.py:183} INFO - Processing /opt/airflow/dags/bronze_dag_simple.py took 0.078 seconds
[2025-10-22T10:47:28.073+0000] {processor.py:161} INFO - Started process (PID=329) to work on /opt/airflow/dags/bronze_dag_simple.py
[2025-10-22T10:47:28.074+0000] {processor.py:830} INFO - Processing file /opt/airflow/dags/bronze_dag_simple.py for tasks to queue
[2025-10-22T10:47:28.075+0000] {logging_mixin.py:188} INFO - [2025-10-22T10:47:28.074+0000] {dagbag.py:540} INFO - Filling up the DagBag from /opt/airflow/dags/bronze_dag_simple.py
[2025-10-22T10:47:28.092+0000] {processor.py:840} INFO - DAG(s) 'bronze_layer_ingestion_simple' retrieved from /opt/airflow/dags/bronze_dag_simple.py
[2025-10-22T10:47:28.110+0000] {logging_mixin.py:188} INFO - [2025-10-22T10:47:28.110+0000] {dag.py:3096} INFO - Sync 1 DAGs
[2025-10-22T10:47:28.139+0000] {processor.py:183} INFO - Processing /opt/airflow/dags/bronze_dag_simple.py took 0.072 seconds
[2025-10-22T10:47:58.437+0000] {processor.py:161} INFO - Started process (PID=332) to work on /opt/airflow/dags/bronze_dag_simple.py
[2025-10-22T10:47:58.438+0000] {processor.py:830} INFO - Processing file /opt/airflow/dags/bronze_dag_simple.py for tasks to queue
[2025-10-22T10:47:58.439+0000] {logging_mixin.py:188} INFO - [2025-10-22T10:47:58.439+0000] {dagbag.py:540} INFO - Filling up the DagBag from /opt/airflow/dags/bronze_dag_simple.py
[2025-10-22T10:47:58.455+0000] {processor.py:840} INFO - DAG(s) 'bronze_layer_ingestion_simple' retrieved from /opt/airflow/dags/bronze_dag_simple.py
[2025-10-22T10:47:58.471+0000] {logging_mixin.py:188} INFO - [2025-10-22T10:47:58.470+0000] {dag.py:3096} INFO - Sync 1 DAGs
[2025-10-22T10:47:58.497+0000] {processor.py:183} INFO - Processing /opt/airflow/dags/bronze_dag_simple.py took 0.064 seconds
[2025-10-22T10:48:28.967+0000] {processor.py:161} INFO - Started process (PID=335) to work on /opt/airflow/dags/bronze_dag_simple.py
[2025-10-22T10:48:28.968+0000] {processor.py:830} INFO - Processing file /opt/airflow/dags/bronze_dag_simple.py for tasks to queue
[2025-10-22T10:48:28.968+0000] {logging_mixin.py:188} INFO - [2025-10-22T10:48:28.968+0000] {dagbag.py:540} INFO - Filling up the DagBag from /opt/airflow/dags/bronze_dag_simple.py
[2025-10-22T10:48:28.986+0000] {processor.py:840} INFO - DAG(s) 'bronze_layer_ingestion_simple' retrieved from /opt/airflow/dags/bronze_dag_simple.py
[2025-10-22T10:48:29.003+0000] {logging_mixin.py:188} INFO - [2025-10-22T10:48:29.003+0000] {dag.py:3096} INFO - Sync 1 DAGs
[2025-10-22T10:48:29.032+0000] {processor.py:183} INFO - Processing /opt/airflow/dags/bronze_dag_simple.py took 0.071 seconds
[2025-10-22T10:48:59.956+0000] {processor.py:161} INFO - Started process (PID=338) to work on /opt/airflow/dags/bronze_dag_simple.py
[2025-10-22T10:48:59.957+0000] {processor.py:830} INFO - Processing file /opt/airflow/dags/bronze_dag_simple.py for tasks to queue
[2025-10-22T10:48:59.958+0000] {logging_mixin.py:188} INFO - [2025-10-22T10:48:59.957+0000] {dagbag.py:540} INFO - Filling up the DagBag from /opt/airflow/dags/bronze_dag_simple.py
[2025-10-22T10:48:59.973+0000] {processor.py:840} INFO - DAG(s) 'bronze_layer_ingestion_simple' retrieved from /opt/airflow/dags/bronze_dag_simple.py
[2025-10-22T10:48:59.991+0000] {logging_mixin.py:188} INFO - [2025-10-22T10:48:59.990+0000] {dag.py:3096} INFO - Sync 1 DAGs
[2025-10-22T10:49:00.018+0000] {processor.py:183} INFO - Processing /opt/airflow/dags/bronze_dag_simple.py took 0.066 seconds
[2025-10-22T10:49:30.936+0000] {processor.py:161} INFO - Started process (PID=341) to work on /opt/airflow/dags/bronze_dag_simple.py
[2025-10-22T10:49:30.937+0000] {processor.py:830} INFO - Processing file /opt/airflow/dags/bronze_dag_simple.py for tasks to queue
[2025-10-22T10:49:30.938+0000] {logging_mixin.py:188} INFO - [2025-10-22T10:49:30.937+0000] {dagbag.py:540} INFO - Filling up the DagBag from /opt/airflow/dags/bronze_dag_simple.py
[2025-10-22T10:49:30.955+0000] {processor.py:840} INFO - DAG(s) 'bronze_layer_ingestion_simple' retrieved from /opt/airflow/dags/bronze_dag_simple.py
[2025-10-22T10:49:30.973+0000] {logging_mixin.py:188} INFO - [2025-10-22T10:49:30.972+0000] {dag.py:3096} INFO - Sync 1 DAGs
[2025-10-22T10:49:31.001+0000] {processor.py:183} INFO - Processing /opt/airflow/dags/bronze_dag_simple.py took 0.069 seconds
[2025-10-22T10:50:31.107+0000] {processor.py:161} INFO - Started process (PID=344) to work on /opt/airflow/dags/bronze_dag_simple.py
[2025-10-22T10:50:31.108+0000] {processor.py:830} INFO - Processing file /opt/airflow/dags/bronze_dag_simple.py for tasks to queue
[2025-10-22T10:50:31.109+0000] {logging_mixin.py:188} INFO - [2025-10-22T10:50:31.109+0000] {dagbag.py:540} INFO - Filling up the DagBag from /opt/airflow/dags/bronze_dag_simple.py
[2025-10-22T10:50:31.128+0000] {processor.py:840} INFO - DAG(s) 'bronze_layer_ingestion_simple' retrieved from /opt/airflow/dags/bronze_dag_simple.py
[2025-10-22T10:50:31.148+0000] {logging_mixin.py:188} INFO - [2025-10-22T10:50:31.147+0000] {dag.py:3096} INFO - Sync 1 DAGs
[2025-10-22T10:50:31.179+0000] {processor.py:183} INFO - Processing /opt/airflow/dags/bronze_dag_simple.py took 0.077 seconds
[2025-10-22T10:51:01.395+0000] {processor.py:161} INFO - Started process (PID=347) to work on /opt/airflow/dags/bronze_dag_simple.py
[2025-10-22T10:51:01.396+0000] {processor.py:830} INFO - Processing file /opt/airflow/dags/bronze_dag_simple.py for tasks to queue
[2025-10-22T10:51:01.397+0000] {logging_mixin.py:188} INFO - [2025-10-22T10:51:01.397+0000] {dagbag.py:540} INFO - Filling up the DagBag from /opt/airflow/dags/bronze_dag_simple.py
[2025-10-22T10:51:01.415+0000] {processor.py:840} INFO - DAG(s) 'bronze_layer_ingestion_simple' retrieved from /opt/airflow/dags/bronze_dag_simple.py
[2025-10-22T10:51:01.434+0000] {logging_mixin.py:188} INFO - [2025-10-22T10:51:01.434+0000] {dag.py:3096} INFO - Sync 1 DAGs
[2025-10-22T10:51:01.466+0000] {processor.py:183} INFO - Processing /opt/airflow/dags/bronze_dag_simple.py took 0.076 seconds
[2025-10-22T10:51:31.601+0000] {processor.py:161} INFO - Started process (PID=350) to work on /opt/airflow/dags/bronze_dag_simple.py
[2025-10-22T10:51:31.602+0000] {processor.py:830} INFO - Processing file /opt/airflow/dags/bronze_dag_simple.py for tasks to queue
[2025-10-22T10:51:31.603+0000] {logging_mixin.py:188} INFO - [2025-10-22T10:51:31.603+0000] {dagbag.py:540} INFO - Filling up the DagBag from /opt/airflow/dags/bronze_dag_simple.py
[2025-10-22T10:51:31.622+0000] {processor.py:840} INFO - DAG(s) 'bronze_layer_ingestion_simple' retrieved from /opt/airflow/dags/bronze_dag_simple.py
[2025-10-22T10:51:31.641+0000] {logging_mixin.py:188} INFO - [2025-10-22T10:51:31.641+0000] {dag.py:3096} INFO - Sync 1 DAGs
[2025-10-22T10:51:31.675+0000] {processor.py:183} INFO - Processing /opt/airflow/dags/bronze_dag_simple.py took 0.079 seconds
[2025-10-22T10:52:02.174+0000] {processor.py:161} INFO - Started process (PID=353) to work on /opt/airflow/dags/bronze_dag_simple.py
[2025-10-22T10:52:02.175+0000] {processor.py:830} INFO - Processing file /opt/airflow/dags/bronze_dag_simple.py for tasks to queue
[2025-10-22T10:52:02.176+0000] {logging_mixin.py:188} INFO - [2025-10-22T10:52:02.176+0000] {dagbag.py:540} INFO - Filling up the DagBag from /opt/airflow/dags/bronze_dag_simple.py
[2025-10-22T10:52:02.194+0000] {processor.py:840} INFO - DAG(s) 'bronze_layer_ingestion_simple' retrieved from /opt/airflow/dags/bronze_dag_simple.py
[2025-10-22T10:52:02.212+0000] {logging_mixin.py:188} INFO - [2025-10-22T10:52:02.211+0000] {dag.py:3096} INFO - Sync 1 DAGs
[2025-10-22T10:52:02.241+0000] {processor.py:183} INFO - Processing /opt/airflow/dags/bronze_dag_simple.py took 0.073 seconds
[2025-10-22T10:52:42.958+0000] {processor.py:161} INFO - Started process (PID=356) to work on /opt/airflow/dags/bronze_dag_simple.py
[2025-10-22T10:52:42.959+0000] {processor.py:830} INFO - Processing file /opt/airflow/dags/bronze_dag_simple.py for tasks to queue
[2025-10-22T10:52:42.960+0000] {logging_mixin.py:188} INFO - [2025-10-22T10:52:42.959+0000] {dagbag.py:540} INFO - Filling up the DagBag from /opt/airflow/dags/bronze_dag_simple.py
[2025-10-22T10:52:42.978+0000] {processor.py:840} INFO - DAG(s) 'bronze_layer_ingestion_simple' retrieved from /opt/airflow/dags/bronze_dag_simple.py
[2025-10-22T10:52:42.996+0000] {logging_mixin.py:188} INFO - [2025-10-22T10:52:42.996+0000] {dag.py:3096} INFO - Sync 1 DAGs
[2025-10-22T10:52:43.025+0000] {processor.py:183} INFO - Processing /opt/airflow/dags/bronze_dag_simple.py took 0.072 seconds
[2025-10-22T10:53:13.210+0000] {processor.py:161} INFO - Started process (PID=359) to work on /opt/airflow/dags/bronze_dag_simple.py
[2025-10-22T10:53:13.211+0000] {processor.py:830} INFO - Processing file /opt/airflow/dags/bronze_dag_simple.py for tasks to queue
[2025-10-22T10:53:13.212+0000] {logging_mixin.py:188} INFO - [2025-10-22T10:53:13.212+0000] {dagbag.py:540} INFO - Filling up the DagBag from /opt/airflow/dags/bronze_dag_simple.py
[2025-10-22T10:53:13.228+0000] {processor.py:840} INFO - DAG(s) 'bronze_layer_ingestion_simple' retrieved from /opt/airflow/dags/bronze_dag_simple.py
[2025-10-22T10:53:13.243+0000] {logging_mixin.py:188} INFO - [2025-10-22T10:53:13.243+0000] {dag.py:3096} INFO - Sync 1 DAGs
[2025-10-22T10:53:13.269+0000] {processor.py:183} INFO - Processing /opt/airflow/dags/bronze_dag_simple.py took 0.063 seconds
[2025-10-22T10:53:44.125+0000] {processor.py:161} INFO - Started process (PID=362) to work on /opt/airflow/dags/bronze_dag_simple.py
[2025-10-22T10:53:44.126+0000] {processor.py:830} INFO - Processing file /opt/airflow/dags/bronze_dag_simple.py for tasks to queue
[2025-10-22T10:53:44.127+0000] {logging_mixin.py:188} INFO - [2025-10-22T10:53:44.126+0000] {dagbag.py:540} INFO - Filling up the DagBag from /opt/airflow/dags/bronze_dag_simple.py
[2025-10-22T10:53:44.144+0000] {processor.py:840} INFO - DAG(s) 'bronze_layer_ingestion_simple' retrieved from /opt/airflow/dags/bronze_dag_simple.py
[2025-10-22T10:53:44.162+0000] {logging_mixin.py:188} INFO - [2025-10-22T10:53:44.162+0000] {dag.py:3096} INFO - Sync 1 DAGs
[2025-10-22T10:53:44.179+0000] {logging_mixin.py:188} INFO - [2025-10-22T10:53:44.179+0000] {dag.py:3954} INFO - Setting next_dagrun for bronze_layer_ingestion_simple to 2025-10-21 18:00:00+00:00, run_after=2025-10-22 18:00:00+00:00
[2025-10-22T10:53:44.194+0000] {processor.py:183} INFO - Processing /opt/airflow/dags/bronze_dag_simple.py took 0.074 seconds
[2025-10-22T10:54:15.126+0000] {processor.py:161} INFO - Started process (PID=365) to work on /opt/airflow/dags/bronze_dag_simple.py
[2025-10-22T10:54:15.127+0000] {processor.py:830} INFO - Processing file /opt/airflow/dags/bronze_dag_simple.py for tasks to queue
[2025-10-22T10:54:15.128+0000] {logging_mixin.py:188} INFO - [2025-10-22T10:54:15.128+0000] {dagbag.py:540} INFO - Filling up the DagBag from /opt/airflow/dags/bronze_dag_simple.py
[2025-10-22T10:54:15.146+0000] {processor.py:840} INFO - DAG(s) 'bronze_layer_ingestion_simple' retrieved from /opt/airflow/dags/bronze_dag_simple.py
[2025-10-22T10:54:15.163+0000] {logging_mixin.py:188} INFO - [2025-10-22T10:54:15.163+0000] {dag.py:3096} INFO - Sync 1 DAGs
[2025-10-22T10:54:15.180+0000] {logging_mixin.py:188} INFO - [2025-10-22T10:54:15.180+0000] {dag.py:3954} INFO - Setting next_dagrun for bronze_layer_ingestion_simple to 2025-10-21 18:00:00+00:00, run_after=2025-10-22 18:00:00+00:00
[2025-10-22T10:54:15.195+0000] {processor.py:183} INFO - Processing /opt/airflow/dags/bronze_dag_simple.py took 0.074 seconds
[2025-10-22T10:54:45.984+0000] {processor.py:161} INFO - Started process (PID=368) to work on /opt/airflow/dags/bronze_dag_simple.py
[2025-10-22T10:54:45.985+0000] {processor.py:830} INFO - Processing file /opt/airflow/dags/bronze_dag_simple.py for tasks to queue
[2025-10-22T10:54:45.986+0000] {logging_mixin.py:188} INFO - [2025-10-22T10:54:45.985+0000] {dagbag.py:540} INFO - Filling up the DagBag from /opt/airflow/dags/bronze_dag_simple.py
[2025-10-22T10:54:46.002+0000] {processor.py:840} INFO - DAG(s) 'bronze_layer_ingestion_simple' retrieved from /opt/airflow/dags/bronze_dag_simple.py
[2025-10-22T10:54:46.019+0000] {logging_mixin.py:188} INFO - [2025-10-22T10:54:46.019+0000] {dag.py:3096} INFO - Sync 1 DAGs
[2025-10-22T10:54:46.035+0000] {logging_mixin.py:188} INFO - [2025-10-22T10:54:46.035+0000] {dag.py:3954} INFO - Setting next_dagrun for bronze_layer_ingestion_simple to 2025-10-21 18:00:00+00:00, run_after=2025-10-22 18:00:00+00:00
[2025-10-22T10:54:46.049+0000] {processor.py:183} INFO - Processing /opt/airflow/dags/bronze_dag_simple.py took 0.069 seconds
[2025-10-22T10:55:16.882+0000] {processor.py:161} INFO - Started process (PID=371) to work on /opt/airflow/dags/bronze_dag_simple.py
[2025-10-22T10:55:16.883+0000] {processor.py:830} INFO - Processing file /opt/airflow/dags/bronze_dag_simple.py for tasks to queue
[2025-10-22T10:55:16.884+0000] {logging_mixin.py:188} INFO - [2025-10-22T10:55:16.884+0000] {dagbag.py:540} INFO - Filling up the DagBag from /opt/airflow/dags/bronze_dag_simple.py
[2025-10-22T10:55:16.901+0000] {processor.py:840} INFO - DAG(s) 'bronze_layer_ingestion_simple' retrieved from /opt/airflow/dags/bronze_dag_simple.py
[2025-10-22T10:55:16.920+0000] {logging_mixin.py:188} INFO - [2025-10-22T10:55:16.919+0000] {dag.py:3096} INFO - Sync 1 DAGs
[2025-10-22T10:55:16.936+0000] {logging_mixin.py:188} INFO - [2025-10-22T10:55:16.936+0000] {dag.py:3954} INFO - Setting next_dagrun for bronze_layer_ingestion_simple to 2025-10-21 18:00:00+00:00, run_after=2025-10-22 18:00:00+00:00
[2025-10-22T10:55:16.951+0000] {processor.py:183} INFO - Processing /opt/airflow/dags/bronze_dag_simple.py took 0.073 seconds
[2025-10-22T10:56:08.734+0000] {processor.py:161} INFO - Started process (PID=374) to work on /opt/airflow/dags/bronze_dag_simple.py
[2025-10-22T10:56:08.735+0000] {processor.py:830} INFO - Processing file /opt/airflow/dags/bronze_dag_simple.py for tasks to queue
[2025-10-22T10:56:08.736+0000] {logging_mixin.py:188} INFO - [2025-10-22T10:56:08.735+0000] {dagbag.py:540} INFO - Filling up the DagBag from /opt/airflow/dags/bronze_dag_simple.py
[2025-10-22T10:56:08.753+0000] {processor.py:840} INFO - DAG(s) 'bronze_layer_ingestion_simple' retrieved from /opt/airflow/dags/bronze_dag_simple.py
[2025-10-22T10:56:08.772+0000] {logging_mixin.py:188} INFO - [2025-10-22T10:56:08.772+0000] {dag.py:3096} INFO - Sync 1 DAGs
[2025-10-22T10:56:08.789+0000] {logging_mixin.py:188} INFO - [2025-10-22T10:56:08.789+0000] {dag.py:3954} INFO - Setting next_dagrun for bronze_layer_ingestion_simple to 2025-10-21 18:00:00+00:00, run_after=2025-10-22 18:00:00+00:00
[2025-10-22T10:56:08.804+0000] {processor.py:183} INFO - Processing /opt/airflow/dags/bronze_dag_simple.py took 0.075 seconds
[2025-10-22T10:56:39.594+0000] {processor.py:161} INFO - Started process (PID=377) to work on /opt/airflow/dags/bronze_dag_simple.py
[2025-10-22T10:56:39.595+0000] {processor.py:830} INFO - Processing file /opt/airflow/dags/bronze_dag_simple.py for tasks to queue
[2025-10-22T10:56:39.596+0000] {logging_mixin.py:188} INFO - [2025-10-22T10:56:39.596+0000] {dagbag.py:540} INFO - Filling up the DagBag from /opt/airflow/dags/bronze_dag_simple.py
[2025-10-22T10:56:39.613+0000] {processor.py:840} INFO - DAG(s) 'bronze_layer_ingestion_simple' retrieved from /opt/airflow/dags/bronze_dag_simple.py
[2025-10-22T10:56:39.630+0000] {logging_mixin.py:188} INFO - [2025-10-22T10:56:39.630+0000] {dag.py:3096} INFO - Sync 1 DAGs
[2025-10-22T10:56:39.647+0000] {logging_mixin.py:188} INFO - [2025-10-22T10:56:39.647+0000] {dag.py:3954} INFO - Setting next_dagrun for bronze_layer_ingestion_simple to 2025-10-21 18:00:00+00:00, run_after=2025-10-22 18:00:00+00:00
[2025-10-22T10:56:39.661+0000] {processor.py:183} INFO - Processing /opt/airflow/dags/bronze_dag_simple.py took 0.072 seconds
[2025-10-22T10:57:26.354+0000] {processor.py:161} INFO - Started process (PID=380) to work on /opt/airflow/dags/bronze_dag_simple.py
[2025-10-22T10:57:26.355+0000] {processor.py:830} INFO - Processing file /opt/airflow/dags/bronze_dag_simple.py for tasks to queue
[2025-10-22T10:57:26.355+0000] {logging_mixin.py:188} INFO - [2025-10-22T10:57:26.355+0000] {dagbag.py:540} INFO - Filling up the DagBag from /opt/airflow/dags/bronze_dag_simple.py
[2025-10-22T10:57:26.373+0000] {processor.py:840} INFO - DAG(s) 'bronze_layer_ingestion_simple' retrieved from /opt/airflow/dags/bronze_dag_simple.py
[2025-10-22T10:57:26.390+0000] {logging_mixin.py:188} INFO - [2025-10-22T10:57:26.390+0000] {dag.py:3096} INFO - Sync 1 DAGs
[2025-10-22T10:57:26.407+0000] {logging_mixin.py:188} INFO - [2025-10-22T10:57:26.407+0000] {dag.py:3954} INFO - Setting next_dagrun for bronze_layer_ingestion_simple to 2025-10-21 18:00:00+00:00, run_after=2025-10-22 18:00:00+00:00
[2025-10-22T10:57:26.421+0000] {processor.py:183} INFO - Processing /opt/airflow/dags/bronze_dag_simple.py took 0.072 seconds
[2025-10-22T10:57:56.914+0000] {processor.py:161} INFO - Started process (PID=383) to work on /opt/airflow/dags/bronze_dag_simple.py
[2025-10-22T10:57:56.915+0000] {processor.py:830} INFO - Processing file /opt/airflow/dags/bronze_dag_simple.py for tasks to queue
[2025-10-22T10:57:56.916+0000] {logging_mixin.py:188} INFO - [2025-10-22T10:57:56.915+0000] {dagbag.py:540} INFO - Filling up the DagBag from /opt/airflow/dags/bronze_dag_simple.py
[2025-10-22T10:57:56.934+0000] {processor.py:840} INFO - DAG(s) 'bronze_layer_ingestion_simple' retrieved from /opt/airflow/dags/bronze_dag_simple.py
[2025-10-22T10:57:56.953+0000] {logging_mixin.py:188} INFO - [2025-10-22T10:57:56.952+0000] {dag.py:3096} INFO - Sync 1 DAGs
[2025-10-22T10:57:56.970+0000] {logging_mixin.py:188} INFO - [2025-10-22T10:57:56.970+0000] {dag.py:3954} INFO - Setting next_dagrun for bronze_layer_ingestion_simple to 2025-10-21 18:00:00+00:00, run_after=2025-10-22 18:00:00+00:00
[2025-10-22T10:57:56.985+0000] {processor.py:183} INFO - Processing /opt/airflow/dags/bronze_dag_simple.py took 0.077 seconds
[2025-10-22T10:58:36.709+0000] {processor.py:161} INFO - Started process (PID=386) to work on /opt/airflow/dags/bronze_dag_simple.py
[2025-10-22T10:58:36.710+0000] {processor.py:830} INFO - Processing file /opt/airflow/dags/bronze_dag_simple.py for tasks to queue
[2025-10-22T10:58:36.711+0000] {logging_mixin.py:188} INFO - [2025-10-22T10:58:36.711+0000] {dagbag.py:540} INFO - Filling up the DagBag from /opt/airflow/dags/bronze_dag_simple.py
[2025-10-22T10:58:36.728+0000] {processor.py:840} INFO - DAG(s) 'bronze_layer_ingestion_simple' retrieved from /opt/airflow/dags/bronze_dag_simple.py
[2025-10-22T10:58:36.745+0000] {logging_mixin.py:188} INFO - [2025-10-22T10:58:36.745+0000] {dag.py:3096} INFO - Sync 1 DAGs
[2025-10-22T10:58:36.762+0000] {logging_mixin.py:188} INFO - [2025-10-22T10:58:36.762+0000] {dag.py:3954} INFO - Setting next_dagrun for bronze_layer_ingestion_simple to 2025-10-21 18:00:00+00:00, run_after=2025-10-22 18:00:00+00:00
[2025-10-22T10:58:36.776+0000] {processor.py:183} INFO - Processing /opt/airflow/dags/bronze_dag_simple.py took 0.072 seconds
[2025-10-22T10:59:06.980+0000] {processor.py:161} INFO - Started process (PID=389) to work on /opt/airflow/dags/bronze_dag_simple.py
[2025-10-22T10:59:06.981+0000] {processor.py:830} INFO - Processing file /opt/airflow/dags/bronze_dag_simple.py for tasks to queue
[2025-10-22T10:59:06.982+0000] {logging_mixin.py:188} INFO - [2025-10-22T10:59:06.982+0000] {dagbag.py:540} INFO - Filling up the DagBag from /opt/airflow/dags/bronze_dag_simple.py
[2025-10-22T10:59:06.998+0000] {processor.py:840} INFO - DAG(s) 'bronze_layer_ingestion_simple' retrieved from /opt/airflow/dags/bronze_dag_simple.py
[2025-10-22T10:59:07.014+0000] {logging_mixin.py:188} INFO - [2025-10-22T10:59:07.014+0000] {dag.py:3096} INFO - Sync 1 DAGs
[2025-10-22T10:59:07.029+0000] {logging_mixin.py:188} INFO - [2025-10-22T10:59:07.029+0000] {dag.py:3954} INFO - Setting next_dagrun for bronze_layer_ingestion_simple to 2025-10-21 18:00:00+00:00, run_after=2025-10-22 18:00:00+00:00
[2025-10-22T10:59:07.042+0000] {processor.py:183} INFO - Processing /opt/airflow/dags/bronze_dag_simple.py took 0.067 seconds
[2025-10-22T10:59:37.091+0000] {processor.py:161} INFO - Started process (PID=392) to work on /opt/airflow/dags/bronze_dag_simple.py
[2025-10-22T10:59:37.091+0000] {processor.py:830} INFO - Processing file /opt/airflow/dags/bronze_dag_simple.py for tasks to queue
[2025-10-22T10:59:37.092+0000] {logging_mixin.py:188} INFO - [2025-10-22T10:59:37.092+0000] {dagbag.py:540} INFO - Filling up the DagBag from /opt/airflow/dags/bronze_dag_simple.py
[2025-10-22T10:59:37.111+0000] {processor.py:840} INFO - DAG(s) 'bronze_layer_ingestion_simple' retrieved from /opt/airflow/dags/bronze_dag_simple.py
[2025-10-22T10:59:37.130+0000] {logging_mixin.py:188} INFO - [2025-10-22T10:59:37.130+0000] {dag.py:3096} INFO - Sync 1 DAGs
[2025-10-22T10:59:37.149+0000] {logging_mixin.py:188} INFO - [2025-10-22T10:59:37.149+0000] {dag.py:3954} INFO - Setting next_dagrun for bronze_layer_ingestion_simple to 2025-10-21 18:00:00+00:00, run_after=2025-10-22 18:00:00+00:00
[2025-10-22T10:59:37.165+0000] {processor.py:183} INFO - Processing /opt/airflow/dags/bronze_dag_simple.py took 0.079 seconds
[2025-10-22T11:00:41.986+0000] {processor.py:161} INFO - Started process (PID=394) to work on /opt/airflow/dags/bronze_dag_simple.py
[2025-10-22T11:00:41.987+0000] {processor.py:830} INFO - Processing file /opt/airflow/dags/bronze_dag_simple.py for tasks to queue
[2025-10-22T11:00:41.988+0000] {logging_mixin.py:188} INFO - [2025-10-22T11:00:41.987+0000] {dagbag.py:540} INFO - Filling up the DagBag from /opt/airflow/dags/bronze_dag_simple.py
[2025-10-22T11:00:42.014+0000] {processor.py:840} INFO - DAG(s) 'bronze_layer_ingestion_simple' retrieved from /opt/airflow/dags/bronze_dag_simple.py
[2025-10-22T11:00:42.145+0000] {logging_mixin.py:188} INFO - [2025-10-22T11:00:42.145+0000] {dag.py:3096} INFO - Sync 1 DAGs
[2025-10-22T11:00:42.162+0000] {logging_mixin.py:188} INFO - [2025-10-22T11:00:42.162+0000] {dag.py:3954} INFO - Setting next_dagrun for bronze_layer_ingestion_simple to 2025-10-21 18:00:00+00:00, run_after=2025-10-22 18:00:00+00:00
[2025-10-22T11:00:42.184+0000] {processor.py:183} INFO - Processing /opt/airflow/dags/bronze_dag_simple.py took 0.203 seconds
[2025-10-22T11:01:12.430+0000] {processor.py:161} INFO - Started process (PID=399) to work on /opt/airflow/dags/bronze_dag_simple.py
[2025-10-22T11:01:12.431+0000] {processor.py:830} INFO - Processing file /opt/airflow/dags/bronze_dag_simple.py for tasks to queue
[2025-10-22T11:01:12.432+0000] {logging_mixin.py:188} INFO - [2025-10-22T11:01:12.431+0000] {dagbag.py:540} INFO - Filling up the DagBag from /opt/airflow/dags/bronze_dag_simple.py
[2025-10-22T11:01:12.450+0000] {processor.py:840} INFO - DAG(s) 'bronze_layer_ingestion_simple' retrieved from /opt/airflow/dags/bronze_dag_simple.py
[2025-10-22T11:01:12.471+0000] {logging_mixin.py:188} INFO - [2025-10-22T11:01:12.470+0000] {dag.py:3096} INFO - Sync 1 DAGs
[2025-10-22T11:01:12.491+0000] {logging_mixin.py:188} INFO - [2025-10-22T11:01:12.491+0000] {dag.py:3954} INFO - Setting next_dagrun for bronze_layer_ingestion_simple to 2025-10-21 18:00:00+00:00, run_after=2025-10-22 18:00:00+00:00
[2025-10-22T11:01:12.507+0000] {processor.py:183} INFO - Processing /opt/airflow/dags/bronze_dag_simple.py took 0.082 seconds
[2025-10-22T11:01:15.840+0000] {processor.py:161} INFO - Started process (PID=400) to work on /opt/airflow/dags/bronze_dag_simple.py
[2025-10-22T11:01:15.841+0000] {processor.py:830} INFO - Processing file /opt/airflow/dags/bronze_dag_simple.py for tasks to queue
[2025-10-22T11:01:15.841+0000] {logging_mixin.py:188} INFO - [2025-10-22T11:01:15.841+0000] {dagbag.py:540} INFO - Filling up the DagBag from /opt/airflow/dags/bronze_dag_simple.py
[2025-10-22T11:01:15.869+0000] {processor.py:840} INFO - DAG(s) 'bronze_dag_simple' retrieved from /opt/airflow/dags/bronze_dag_simple.py
[2025-10-22T11:01:15.965+0000] {logging_mixin.py:188} INFO - [2025-10-22T11:01:15.964+0000] {override.py:1829} INFO - Created Permission View: can read on DAG:bronze_dag_simple
[2025-10-22T11:01:15.973+0000] {logging_mixin.py:188} INFO - [2025-10-22T11:01:15.973+0000] {override.py:1829} INFO - Created Permission View: can edit on DAG:bronze_dag_simple
[2025-10-22T11:01:15.979+0000] {logging_mixin.py:188} INFO - [2025-10-22T11:01:15.979+0000] {override.py:1829} INFO - Created Permission View: can delete on DAG:bronze_dag_simple
[2025-10-22T11:01:15.979+0000] {logging_mixin.py:188} INFO - [2025-10-22T11:01:15.979+0000] {dag.py:3096} INFO - Sync 1 DAGs
[2025-10-22T11:01:15.988+0000] {logging_mixin.py:188} INFO - [2025-10-22T11:01:15.988+0000] {dag.py:3118} INFO - Creating ORM DAG for bronze_dag_simple
[2025-10-22T11:01:15.997+0000] {logging_mixin.py:188} INFO - [2025-10-22T11:01:15.997+0000] {dag.py:3954} INFO - Setting next_dagrun for bronze_dag_simple to 2025-10-20 18:00:00+00:00, run_after=2025-10-21 18:00:00+00:00
[2025-10-22T11:01:16.016+0000] {processor.py:183} INFO - Processing /opt/airflow/dags/bronze_dag_simple.py took 0.181 seconds
[2025-10-22T11:01:19.930+0000] {processor.py:161} INFO - Started process (PID=401) to work on /opt/airflow/dags/bronze_dag_simple.py
[2025-10-22T11:01:19.931+0000] {processor.py:830} INFO - Processing file /opt/airflow/dags/bronze_dag_simple.py for tasks to queue
[2025-10-22T11:01:19.932+0000] {logging_mixin.py:188} INFO - [2025-10-22T11:01:19.931+0000] {dagbag.py:540} INFO - Filling up the DagBag from /opt/airflow/dags/bronze_dag_simple.py
[2025-10-22T11:01:19.958+0000] {processor.py:840} INFO - DAG(s) 'bronze_dag_simple' retrieved from /opt/airflow/dags/bronze_dag_simple.py
[2025-10-22T11:01:19.969+0000] {logging_mixin.py:188} INFO - [2025-10-22T11:01:19.969+0000] {dag.py:3096} INFO - Sync 1 DAGs
[2025-10-22T11:01:19.991+0000] {logging_mixin.py:188} INFO - [2025-10-22T11:01:19.991+0000] {dag.py:3954} INFO - Setting next_dagrun for bronze_dag_simple to 2025-10-20 18:00:00+00:00, run_after=2025-10-21 18:00:00+00:00
[2025-10-22T11:01:20.013+0000] {processor.py:183} INFO - Processing /opt/airflow/dags/bronze_dag_simple.py took 0.088 seconds
[2025-10-22T11:24:02.883+0000] {processor.py:161} INFO - Started process (PID=84) to work on /opt/airflow/dags/bronze_dag_simple.py
[2025-10-22T11:24:02.886+0000] {processor.py:830} INFO - Processing file /opt/airflow/dags/bronze_dag_simple.py for tasks to queue
[2025-10-22T11:24:02.891+0000] {logging_mixin.py:188} INFO - [2025-10-22T11:24:02.891+0000] {dagbag.py:540} INFO - Filling up the DagBag from /opt/airflow/dags/bronze_dag_simple.py
[2025-10-22T11:24:02.976+0000] {processor.py:840} INFO - DAG(s) 'bronze_dag_simple' retrieved from /opt/airflow/dags/bronze_dag_simple.py
[2025-10-22T11:24:03.398+0000] {logging_mixin.py:188} INFO - [2025-10-22T11:24:03.398+0000] {override.py:1829} INFO - Created Permission View: can delete on DAG:bronze_dag_simple
[2025-10-22T11:24:03.406+0000] {logging_mixin.py:188} INFO - [2025-10-22T11:24:03.406+0000] {override.py:1829} INFO - Created Permission View: can read on DAG:bronze_dag_simple
[2025-10-22T11:24:03.412+0000] {logging_mixin.py:188} INFO - [2025-10-22T11:24:03.411+0000] {override.py:1829} INFO - Created Permission View: can edit on DAG:bronze_dag_simple
[2025-10-22T11:24:03.412+0000] {logging_mixin.py:188} INFO - [2025-10-22T11:24:03.412+0000] {dag.py:3096} INFO - Sync 1 DAGs
[2025-10-22T11:24:03.420+0000] {logging_mixin.py:188} INFO - [2025-10-22T11:24:03.419+0000] {dag.py:3118} INFO - Creating ORM DAG for bronze_dag_simple
[2025-10-22T11:24:03.427+0000] {logging_mixin.py:188} INFO - [2025-10-22T11:24:03.427+0000] {dag.py:3954} INFO - Setting next_dagrun for bronze_dag_simple to 2025-10-20 18:00:00+00:00, run_after=2025-10-21 18:00:00+00:00
[2025-10-22T11:24:03.446+0000] {processor.py:183} INFO - Processing /opt/airflow/dags/bronze_dag_simple.py took 0.568 seconds
[2025-10-22T11:24:40.211+0000] {processor.py:161} INFO - Started process (PID=87) to work on /opt/airflow/dags/bronze_dag_simple.py
[2025-10-22T11:24:40.212+0000] {processor.py:830} INFO - Processing file /opt/airflow/dags/bronze_dag_simple.py for tasks to queue
[2025-10-22T11:24:40.214+0000] {logging_mixin.py:188} INFO - [2025-10-22T11:24:40.214+0000] {dagbag.py:540} INFO - Filling up the DagBag from /opt/airflow/dags/bronze_dag_simple.py
[2025-10-22T11:24:40.232+0000] {processor.py:840} INFO - DAG(s) 'bronze_dag_simple' retrieved from /opt/airflow/dags/bronze_dag_simple.py
[2025-10-22T11:24:40.250+0000] {logging_mixin.py:188} INFO - [2025-10-22T11:24:40.250+0000] {dag.py:3096} INFO - Sync 1 DAGs
[2025-10-22T11:24:40.266+0000] {logging_mixin.py:188} INFO - [2025-10-22T11:24:40.266+0000] {dag.py:3954} INFO - Setting next_dagrun for bronze_dag_simple to 2025-10-20 18:00:00+00:00, run_after=2025-10-21 18:00:00+00:00
[2025-10-22T11:24:40.370+0000] {processor.py:183} INFO - Processing /opt/airflow/dags/bronze_dag_simple.py took 0.164 seconds
[2025-10-22T11:25:10.797+0000] {processor.py:161} INFO - Started process (PID=90) to work on /opt/airflow/dags/bronze_dag_simple.py
[2025-10-22T11:25:10.797+0000] {processor.py:830} INFO - Processing file /opt/airflow/dags/bronze_dag_simple.py for tasks to queue
[2025-10-22T11:25:10.799+0000] {logging_mixin.py:188} INFO - [2025-10-22T11:25:10.799+0000] {dagbag.py:540} INFO - Filling up the DagBag from /opt/airflow/dags/bronze_dag_simple.py
[2025-10-22T11:25:10.816+0000] {processor.py:840} INFO - DAG(s) 'bronze_dag_simple' retrieved from /opt/airflow/dags/bronze_dag_simple.py
[2025-10-22T11:25:10.834+0000] {logging_mixin.py:188} INFO - [2025-10-22T11:25:10.834+0000] {dag.py:3096} INFO - Sync 1 DAGs
[2025-10-22T11:25:10.850+0000] {logging_mixin.py:188} INFO - [2025-10-22T11:25:10.849+0000] {dag.py:3954} INFO - Setting next_dagrun for bronze_dag_simple to 2025-10-20 18:00:00+00:00, run_after=2025-10-21 18:00:00+00:00
[2025-10-22T11:25:10.865+0000] {processor.py:183} INFO - Processing /opt/airflow/dags/bronze_dag_simple.py took 0.073 seconds
[2025-10-22T11:25:41.761+0000] {processor.py:161} INFO - Started process (PID=93) to work on /opt/airflow/dags/bronze_dag_simple.py
[2025-10-22T11:25:41.761+0000] {processor.py:830} INFO - Processing file /opt/airflow/dags/bronze_dag_simple.py for tasks to queue
[2025-10-22T11:25:41.763+0000] {logging_mixin.py:188} INFO - [2025-10-22T11:25:41.763+0000] {dagbag.py:540} INFO - Filling up the DagBag from /opt/airflow/dags/bronze_dag_simple.py
[2025-10-22T11:25:41.780+0000] {processor.py:840} INFO - DAG(s) 'bronze_dag_simple' retrieved from /opt/airflow/dags/bronze_dag_simple.py
[2025-10-22T11:25:41.799+0000] {logging_mixin.py:188} INFO - [2025-10-22T11:25:41.799+0000] {dag.py:3096} INFO - Sync 1 DAGs
[2025-10-22T11:25:41.816+0000] {logging_mixin.py:188} INFO - [2025-10-22T11:25:41.816+0000] {dag.py:3954} INFO - Setting next_dagrun for bronze_dag_simple to 2025-10-20 18:00:00+00:00, run_after=2025-10-21 18:00:00+00:00
[2025-10-22T11:25:41.829+0000] {processor.py:183} INFO - Processing /opt/airflow/dags/bronze_dag_simple.py took 0.074 seconds
[2025-10-22T11:26:45.903+0000] {processor.py:161} INFO - Started process (PID=96) to work on /opt/airflow/dags/bronze_dag_simple.py
[2025-10-22T11:26:45.904+0000] {processor.py:830} INFO - Processing file /opt/airflow/dags/bronze_dag_simple.py for tasks to queue
[2025-10-22T11:26:45.905+0000] {logging_mixin.py:188} INFO - [2025-10-22T11:26:45.905+0000] {dagbag.py:540} INFO - Filling up the DagBag from /opt/airflow/dags/bronze_dag_simple.py
[2025-10-22T11:26:45.924+0000] {processor.py:840} INFO - DAG(s) 'bronze_dag_simple' retrieved from /opt/airflow/dags/bronze_dag_simple.py
[2025-10-22T11:26:45.944+0000] {logging_mixin.py:188} INFO - [2025-10-22T11:26:45.944+0000] {dag.py:3096} INFO - Sync 1 DAGs
[2025-10-22T11:26:45.962+0000] {logging_mixin.py:188} INFO - [2025-10-22T11:26:45.962+0000] {dag.py:3954} INFO - Setting next_dagrun for bronze_dag_simple to 2025-10-20 18:00:00+00:00, run_after=2025-10-21 18:00:00+00:00
[2025-10-22T11:26:45.977+0000] {processor.py:183} INFO - Processing /opt/airflow/dags/bronze_dag_simple.py took 0.080 seconds
[2025-10-22T11:27:16.368+0000] {processor.py:161} INFO - Started process (PID=99) to work on /opt/airflow/dags/bronze_dag_simple.py
[2025-10-22T11:27:16.369+0000] {processor.py:830} INFO - Processing file /opt/airflow/dags/bronze_dag_simple.py for tasks to queue
[2025-10-22T11:27:16.371+0000] {logging_mixin.py:188} INFO - [2025-10-22T11:27:16.371+0000] {dagbag.py:540} INFO - Filling up the DagBag from /opt/airflow/dags/bronze_dag_simple.py
[2025-10-22T11:27:16.389+0000] {processor.py:840} INFO - DAG(s) 'bronze_dag_simple' retrieved from /opt/airflow/dags/bronze_dag_simple.py
[2025-10-22T11:27:16.409+0000] {logging_mixin.py:188} INFO - [2025-10-22T11:27:16.409+0000] {dag.py:3096} INFO - Sync 1 DAGs
[2025-10-22T11:27:16.427+0000] {logging_mixin.py:188} INFO - [2025-10-22T11:27:16.426+0000] {dag.py:3954} INFO - Setting next_dagrun for bronze_dag_simple to 2025-10-20 18:00:00+00:00, run_after=2025-10-21 18:00:00+00:00
[2025-10-22T11:27:16.441+0000] {processor.py:183} INFO - Processing /opt/airflow/dags/bronze_dag_simple.py took 0.078 seconds
[2025-10-22T11:27:47.391+0000] {processor.py:161} INFO - Started process (PID=102) to work on /opt/airflow/dags/bronze_dag_simple.py
[2025-10-22T11:27:47.392+0000] {processor.py:830} INFO - Processing file /opt/airflow/dags/bronze_dag_simple.py for tasks to queue
[2025-10-22T11:27:47.394+0000] {logging_mixin.py:188} INFO - [2025-10-22T11:27:47.394+0000] {dagbag.py:540} INFO - Filling up the DagBag from /opt/airflow/dags/bronze_dag_simple.py
[2025-10-22T11:27:47.415+0000] {processor.py:840} INFO - DAG(s) 'bronze_dag_simple' retrieved from /opt/airflow/dags/bronze_dag_simple.py
[2025-10-22T11:27:47.437+0000] {logging_mixin.py:188} INFO - [2025-10-22T11:27:47.437+0000] {dag.py:3096} INFO - Sync 1 DAGs
[2025-10-22T11:27:47.454+0000] {logging_mixin.py:188} INFO - [2025-10-22T11:27:47.454+0000] {dag.py:3954} INFO - Setting next_dagrun for bronze_dag_simple to 2025-10-20 18:00:00+00:00, run_after=2025-10-21 18:00:00+00:00
[2025-10-22T11:27:47.474+0000] {processor.py:183} INFO - Processing /opt/airflow/dags/bronze_dag_simple.py took 0.088 seconds
[2025-10-22T11:28:18.235+0000] {processor.py:161} INFO - Started process (PID=105) to work on /opt/airflow/dags/bronze_dag_simple.py
[2025-10-22T11:28:18.236+0000] {processor.py:830} INFO - Processing file /opt/airflow/dags/bronze_dag_simple.py for tasks to queue
[2025-10-22T11:28:18.237+0000] {logging_mixin.py:188} INFO - [2025-10-22T11:28:18.237+0000] {dagbag.py:540} INFO - Filling up the DagBag from /opt/airflow/dags/bronze_dag_simple.py
[2025-10-22T11:28:18.254+0000] {processor.py:840} INFO - DAG(s) 'bronze_dag_simple' retrieved from /opt/airflow/dags/bronze_dag_simple.py
[2025-10-22T11:28:18.274+0000] {logging_mixin.py:188} INFO - [2025-10-22T11:28:18.273+0000] {dag.py:3096} INFO - Sync 1 DAGs
[2025-10-22T11:28:18.290+0000] {logging_mixin.py:188} INFO - [2025-10-22T11:28:18.290+0000] {dag.py:3954} INFO - Setting next_dagrun for bronze_dag_simple to 2025-10-20 18:00:00+00:00, run_after=2025-10-21 18:00:00+00:00
[2025-10-22T11:28:18.305+0000] {processor.py:183} INFO - Processing /opt/airflow/dags/bronze_dag_simple.py took 0.075 seconds
[2025-10-22T11:28:48.587+0000] {processor.py:161} INFO - Started process (PID=108) to work on /opt/airflow/dags/bronze_dag_simple.py
[2025-10-22T11:28:48.588+0000] {processor.py:830} INFO - Processing file /opt/airflow/dags/bronze_dag_simple.py for tasks to queue
[2025-10-22T11:28:48.589+0000] {logging_mixin.py:188} INFO - [2025-10-22T11:28:48.589+0000] {dagbag.py:540} INFO - Filling up the DagBag from /opt/airflow/dags/bronze_dag_simple.py
[2025-10-22T11:28:48.605+0000] {processor.py:840} INFO - DAG(s) 'bronze_dag_simple' retrieved from /opt/airflow/dags/bronze_dag_simple.py
[2025-10-22T11:28:48.624+0000] {logging_mixin.py:188} INFO - [2025-10-22T11:28:48.624+0000] {dag.py:3096} INFO - Sync 1 DAGs
[2025-10-22T11:28:48.641+0000] {logging_mixin.py:188} INFO - [2025-10-22T11:28:48.641+0000] {dag.py:3954} INFO - Setting next_dagrun for bronze_dag_simple to 2025-10-20 18:00:00+00:00, run_after=2025-10-21 18:00:00+00:00
[2025-10-22T11:28:48.658+0000] {processor.py:183} INFO - Processing /opt/airflow/dags/bronze_dag_simple.py took 0.075 seconds
[2025-10-22T11:29:40.678+0000] {processor.py:161} INFO - Started process (PID=111) to work on /opt/airflow/dags/bronze_dag_simple.py
[2025-10-22T11:29:40.679+0000] {processor.py:830} INFO - Processing file /opt/airflow/dags/bronze_dag_simple.py for tasks to queue
[2025-10-22T11:29:40.681+0000] {logging_mixin.py:188} INFO - [2025-10-22T11:29:40.680+0000] {dagbag.py:540} INFO - Filling up the DagBag from /opt/airflow/dags/bronze_dag_simple.py
[2025-10-22T11:29:40.698+0000] {processor.py:840} INFO - DAG(s) 'bronze_dag_simple' retrieved from /opt/airflow/dags/bronze_dag_simple.py
[2025-10-22T11:29:40.717+0000] {logging_mixin.py:188} INFO - [2025-10-22T11:29:40.717+0000] {dag.py:3096} INFO - Sync 1 DAGs
[2025-10-22T11:29:40.735+0000] {logging_mixin.py:188} INFO - [2025-10-22T11:29:40.735+0000] {dag.py:3954} INFO - Setting next_dagrun for bronze_dag_simple to 2025-10-20 18:00:00+00:00, run_after=2025-10-21 18:00:00+00:00
[2025-10-22T11:29:40.762+0000] {processor.py:183} INFO - Processing /opt/airflow/dags/bronze_dag_simple.py took 0.088 seconds
[2025-10-22T11:30:11.549+0000] {processor.py:161} INFO - Started process (PID=114) to work on /opt/airflow/dags/bronze_dag_simple.py
[2025-10-22T11:30:11.550+0000] {processor.py:830} INFO - Processing file /opt/airflow/dags/bronze_dag_simple.py for tasks to queue
[2025-10-22T11:30:11.552+0000] {logging_mixin.py:188} INFO - [2025-10-22T11:30:11.551+0000] {dagbag.py:540} INFO - Filling up the DagBag from /opt/airflow/dags/bronze_dag_simple.py
[2025-10-22T11:30:11.570+0000] {processor.py:840} INFO - DAG(s) 'bronze_dag_simple' retrieved from /opt/airflow/dags/bronze_dag_simple.py
[2025-10-22T11:30:11.590+0000] {logging_mixin.py:188} INFO - [2025-10-22T11:30:11.590+0000] {dag.py:3096} INFO - Sync 1 DAGs
[2025-10-22T11:30:11.608+0000] {logging_mixin.py:188} INFO - [2025-10-22T11:30:11.608+0000] {dag.py:3954} INFO - Setting next_dagrun for bronze_dag_simple to 2025-10-20 18:00:00+00:00, run_after=2025-10-21 18:00:00+00:00
[2025-10-22T11:30:11.622+0000] {processor.py:183} INFO - Processing /opt/airflow/dags/bronze_dag_simple.py took 0.078 seconds
[2025-10-22T11:30:42.910+0000] {processor.py:161} INFO - Started process (PID=117) to work on /opt/airflow/dags/bronze_dag_simple.py
[2025-10-22T11:30:42.912+0000] {processor.py:830} INFO - Processing file /opt/airflow/dags/bronze_dag_simple.py for tasks to queue
[2025-10-22T11:30:42.916+0000] {logging_mixin.py:188} INFO - [2025-10-22T11:30:42.915+0000] {dagbag.py:540} INFO - Filling up the DagBag from /opt/airflow/dags/bronze_dag_simple.py
[2025-10-22T11:30:42.941+0000] {processor.py:840} INFO - DAG(s) 'bronze_dag_simple' retrieved from /opt/airflow/dags/bronze_dag_simple.py
[2025-10-22T11:30:42.962+0000] {logging_mixin.py:188} INFO - [2025-10-22T11:30:42.962+0000] {dag.py:3096} INFO - Sync 1 DAGs
[2025-10-22T11:30:42.979+0000] {logging_mixin.py:188} INFO - [2025-10-22T11:30:42.979+0000] {dag.py:3954} INFO - Setting next_dagrun for bronze_dag_simple to 2025-10-20 18:00:00+00:00, run_after=2025-10-21 18:00:00+00:00
[2025-10-22T11:30:42.994+0000] {processor.py:183} INFO - Processing /opt/airflow/dags/bronze_dag_simple.py took 0.091 seconds
[2025-10-22T11:31:13.064+0000] {processor.py:161} INFO - Started process (PID=120) to work on /opt/airflow/dags/bronze_dag_simple.py
[2025-10-22T11:31:13.065+0000] {processor.py:830} INFO - Processing file /opt/airflow/dags/bronze_dag_simple.py for tasks to queue
[2025-10-22T11:31:13.067+0000] {logging_mixin.py:188} INFO - [2025-10-22T11:31:13.067+0000] {dagbag.py:540} INFO - Filling up the DagBag from /opt/airflow/dags/bronze_dag_simple.py
[2025-10-22T11:31:13.085+0000] {processor.py:840} INFO - DAG(s) 'bronze_dag_simple' retrieved from /opt/airflow/dags/bronze_dag_simple.py
[2025-10-22T11:31:13.105+0000] {logging_mixin.py:188} INFO - [2025-10-22T11:31:13.105+0000] {dag.py:3096} INFO - Sync 1 DAGs
[2025-10-22T11:31:13.122+0000] {logging_mixin.py:188} INFO - [2025-10-22T11:31:13.122+0000] {dag.py:3954} INFO - Setting next_dagrun for bronze_dag_simple to 2025-10-20 18:00:00+00:00, run_after=2025-10-21 18:00:00+00:00
[2025-10-22T11:31:13.136+0000] {processor.py:183} INFO - Processing /opt/airflow/dags/bronze_dag_simple.py took 0.079 seconds
[2025-10-22T11:31:44.075+0000] {processor.py:161} INFO - Started process (PID=123) to work on /opt/airflow/dags/bronze_dag_simple.py
[2025-10-22T11:31:44.076+0000] {processor.py:830} INFO - Processing file /opt/airflow/dags/bronze_dag_simple.py for tasks to queue
[2025-10-22T11:31:44.078+0000] {logging_mixin.py:188} INFO - [2025-10-22T11:31:44.078+0000] {dagbag.py:540} INFO - Filling up the DagBag from /opt/airflow/dags/bronze_dag_simple.py
[2025-10-22T11:31:44.097+0000] {processor.py:840} INFO - DAG(s) 'bronze_dag_simple' retrieved from /opt/airflow/dags/bronze_dag_simple.py
[2025-10-22T11:31:44.115+0000] {logging_mixin.py:188} INFO - [2025-10-22T11:31:44.115+0000] {dag.py:3096} INFO - Sync 1 DAGs
[2025-10-22T11:31:44.132+0000] {logging_mixin.py:188} INFO - [2025-10-22T11:31:44.132+0000] {dag.py:3954} INFO - Setting next_dagrun for bronze_dag_simple to 2025-10-20 18:00:00+00:00, run_after=2025-10-21 18:00:00+00:00
[2025-10-22T11:31:44.146+0000] {processor.py:183} INFO - Processing /opt/airflow/dags/bronze_dag_simple.py took 0.076 seconds
[2025-10-22T11:32:14.323+0000] {processor.py:161} INFO - Started process (PID=126) to work on /opt/airflow/dags/bronze_dag_simple.py
[2025-10-22T11:32:14.324+0000] {processor.py:830} INFO - Processing file /opt/airflow/dags/bronze_dag_simple.py for tasks to queue
[2025-10-22T11:32:14.326+0000] {logging_mixin.py:188} INFO - [2025-10-22T11:32:14.326+0000] {dagbag.py:540} INFO - Filling up the DagBag from /opt/airflow/dags/bronze_dag_simple.py
[2025-10-22T11:32:14.344+0000] {processor.py:840} INFO - DAG(s) 'bronze_dag_simple' retrieved from /opt/airflow/dags/bronze_dag_simple.py
[2025-10-22T11:32:14.363+0000] {logging_mixin.py:188} INFO - [2025-10-22T11:32:14.363+0000] {dag.py:3096} INFO - Sync 1 DAGs
[2025-10-22T11:32:14.380+0000] {logging_mixin.py:188} INFO - [2025-10-22T11:32:14.380+0000] {dag.py:3954} INFO - Setting next_dagrun for bronze_dag_simple to 2025-10-20 18:00:00+00:00, run_after=2025-10-21 18:00:00+00:00
[2025-10-22T11:32:14.399+0000] {processor.py:183} INFO - Processing /opt/airflow/dags/bronze_dag_simple.py took 0.080 seconds
[2025-10-22T11:32:44.596+0000] {processor.py:161} INFO - Started process (PID=129) to work on /opt/airflow/dags/bronze_dag_simple.py
[2025-10-22T11:32:44.597+0000] {processor.py:830} INFO - Processing file /opt/airflow/dags/bronze_dag_simple.py for tasks to queue
[2025-10-22T11:32:44.599+0000] {logging_mixin.py:188} INFO - [2025-10-22T11:32:44.599+0000] {dagbag.py:540} INFO - Filling up the DagBag from /opt/airflow/dags/bronze_dag_simple.py
[2025-10-22T11:32:44.617+0000] {processor.py:840} INFO - DAG(s) 'bronze_dag_simple' retrieved from /opt/airflow/dags/bronze_dag_simple.py
[2025-10-22T11:32:44.637+0000] {logging_mixin.py:188} INFO - [2025-10-22T11:32:44.637+0000] {dag.py:3096} INFO - Sync 1 DAGs
[2025-10-22T11:32:44.653+0000] {logging_mixin.py:188} INFO - [2025-10-22T11:32:44.653+0000] {dag.py:3954} INFO - Setting next_dagrun for bronze_dag_simple to 2025-10-20 18:00:00+00:00, run_after=2025-10-21 18:00:00+00:00
[2025-10-22T11:32:44.668+0000] {processor.py:183} INFO - Processing /opt/airflow/dags/bronze_dag_simple.py took 0.077 seconds
[2025-10-22T11:33:27.478+0000] {processor.py:161} INFO - Started process (PID=132) to work on /opt/airflow/dags/bronze_dag_simple.py
[2025-10-22T11:33:27.479+0000] {processor.py:830} INFO - Processing file /opt/airflow/dags/bronze_dag_simple.py for tasks to queue
[2025-10-22T11:33:27.481+0000] {logging_mixin.py:188} INFO - [2025-10-22T11:33:27.480+0000] {dagbag.py:540} INFO - Filling up the DagBag from /opt/airflow/dags/bronze_dag_simple.py
[2025-10-22T11:33:27.497+0000] {processor.py:840} INFO - DAG(s) 'bronze_dag_simple' retrieved from /opt/airflow/dags/bronze_dag_simple.py
[2025-10-22T11:33:27.517+0000] {logging_mixin.py:188} INFO - [2025-10-22T11:33:27.517+0000] {dag.py:3096} INFO - Sync 1 DAGs
[2025-10-22T11:33:27.535+0000] {logging_mixin.py:188} INFO - [2025-10-22T11:33:27.535+0000] {dag.py:3954} INFO - Setting next_dagrun for bronze_dag_simple to 2025-10-20 18:00:00+00:00, run_after=2025-10-21 18:00:00+00:00
[2025-10-22T11:33:27.550+0000] {processor.py:183} INFO - Processing /opt/airflow/dags/bronze_dag_simple.py took 0.076 seconds
[2025-10-22T11:33:57.748+0000] {processor.py:161} INFO - Started process (PID=135) to work on /opt/airflow/dags/bronze_dag_simple.py
[2025-10-22T11:33:57.749+0000] {processor.py:830} INFO - Processing file /opt/airflow/dags/bronze_dag_simple.py for tasks to queue
[2025-10-22T11:33:57.751+0000] {logging_mixin.py:188} INFO - [2025-10-22T11:33:57.750+0000] {dagbag.py:540} INFO - Filling up the DagBag from /opt/airflow/dags/bronze_dag_simple.py
[2025-10-22T11:33:57.768+0000] {processor.py:840} INFO - DAG(s) 'bronze_dag_simple' retrieved from /opt/airflow/dags/bronze_dag_simple.py
[2025-10-22T11:33:57.788+0000] {logging_mixin.py:188} INFO - [2025-10-22T11:33:57.788+0000] {dag.py:3096} INFO - Sync 1 DAGs
[2025-10-22T11:33:57.805+0000] {logging_mixin.py:188} INFO - [2025-10-22T11:33:57.805+0000] {dag.py:3954} INFO - Setting next_dagrun for bronze_dag_simple to 2025-10-20 18:00:00+00:00, run_after=2025-10-21 18:00:00+00:00
[2025-10-22T11:33:57.820+0000] {processor.py:183} INFO - Processing /opt/airflow/dags/bronze_dag_simple.py took 0.078 seconds
[2025-10-22T11:34:28.581+0000] {processor.py:161} INFO - Started process (PID=138) to work on /opt/airflow/dags/bronze_dag_simple.py
[2025-10-22T11:34:28.582+0000] {processor.py:830} INFO - Processing file /opt/airflow/dags/bronze_dag_simple.py for tasks to queue
[2025-10-22T11:34:28.583+0000] {logging_mixin.py:188} INFO - [2025-10-22T11:34:28.583+0000] {dagbag.py:540} INFO - Filling up the DagBag from /opt/airflow/dags/bronze_dag_simple.py
[2025-10-22T11:34:28.601+0000] {processor.py:840} INFO - DAG(s) 'bronze_dag_simple' retrieved from /opt/airflow/dags/bronze_dag_simple.py
[2025-10-22T11:34:28.620+0000] {logging_mixin.py:188} INFO - [2025-10-22T11:34:28.620+0000] {dag.py:3096} INFO - Sync 1 DAGs
[2025-10-22T11:34:28.637+0000] {logging_mixin.py:188} INFO - [2025-10-22T11:34:28.637+0000] {dag.py:3954} INFO - Setting next_dagrun for bronze_dag_simple to 2025-10-20 18:00:00+00:00, run_after=2025-10-21 18:00:00+00:00
[2025-10-22T11:34:28.654+0000] {processor.py:183} INFO - Processing /opt/airflow/dags/bronze_dag_simple.py took 0.078 seconds
[2025-10-22T11:34:58.899+0000] {processor.py:161} INFO - Started process (PID=141) to work on /opt/airflow/dags/bronze_dag_simple.py
[2025-10-22T11:34:58.900+0000] {processor.py:830} INFO - Processing file /opt/airflow/dags/bronze_dag_simple.py for tasks to queue
[2025-10-22T11:34:58.902+0000] {logging_mixin.py:188} INFO - [2025-10-22T11:34:58.902+0000] {dagbag.py:540} INFO - Filling up the DagBag from /opt/airflow/dags/bronze_dag_simple.py
[2025-10-22T11:34:58.920+0000] {processor.py:840} INFO - DAG(s) 'bronze_dag_simple' retrieved from /opt/airflow/dags/bronze_dag_simple.py
[2025-10-22T11:34:58.939+0000] {logging_mixin.py:188} INFO - [2025-10-22T11:34:58.939+0000] {dag.py:3096} INFO - Sync 1 DAGs
[2025-10-22T11:34:58.956+0000] {logging_mixin.py:188} INFO - [2025-10-22T11:34:58.955+0000] {dag.py:3954} INFO - Setting next_dagrun for bronze_dag_simple to 2025-10-20 18:00:00+00:00, run_after=2025-10-21 18:00:00+00:00
[2025-10-22T11:34:58.970+0000] {processor.py:183} INFO - Processing /opt/airflow/dags/bronze_dag_simple.py took 0.076 seconds
[2025-10-22T11:35:29.042+0000] {processor.py:161} INFO - Started process (PID=144) to work on /opt/airflow/dags/bronze_dag_simple.py
[2025-10-22T11:35:29.042+0000] {processor.py:830} INFO - Processing file /opt/airflow/dags/bronze_dag_simple.py for tasks to queue
[2025-10-22T11:35:29.044+0000] {logging_mixin.py:188} INFO - [2025-10-22T11:35:29.044+0000] {dagbag.py:540} INFO - Filling up the DagBag from /opt/airflow/dags/bronze_dag_simple.py
[2025-10-22T11:35:29.065+0000] {processor.py:840} INFO - DAG(s) 'bronze_dag_simple' retrieved from /opt/airflow/dags/bronze_dag_simple.py
[2025-10-22T11:35:29.087+0000] {logging_mixin.py:188} INFO - [2025-10-22T11:35:29.087+0000] {dag.py:3096} INFO - Sync 1 DAGs
[2025-10-22T11:35:29.105+0000] {logging_mixin.py:188} INFO - [2025-10-22T11:35:29.105+0000] {dag.py:3954} INFO - Setting next_dagrun for bronze_dag_simple to 2025-10-20 18:00:00+00:00, run_after=2025-10-21 18:00:00+00:00
[2025-10-22T11:35:29.120+0000] {processor.py:183} INFO - Processing /opt/airflow/dags/bronze_dag_simple.py took 0.083 seconds
[2025-10-22T11:36:00.019+0000] {processor.py:161} INFO - Started process (PID=147) to work on /opt/airflow/dags/bronze_dag_simple.py
[2025-10-22T11:36:00.020+0000] {processor.py:830} INFO - Processing file /opt/airflow/dags/bronze_dag_simple.py for tasks to queue
[2025-10-22T11:36:00.021+0000] {logging_mixin.py:188} INFO - [2025-10-22T11:36:00.021+0000] {dagbag.py:540} INFO - Filling up the DagBag from /opt/airflow/dags/bronze_dag_simple.py
[2025-10-22T11:36:00.037+0000] {processor.py:840} INFO - DAG(s) 'bronze_dag_simple' retrieved from /opt/airflow/dags/bronze_dag_simple.py
[2025-10-22T11:36:00.056+0000] {logging_mixin.py:188} INFO - [2025-10-22T11:36:00.055+0000] {dag.py:3096} INFO - Sync 1 DAGs
[2025-10-22T11:36:00.072+0000] {logging_mixin.py:188} INFO - [2025-10-22T11:36:00.072+0000] {dag.py:3954} INFO - Setting next_dagrun for bronze_dag_simple to 2025-10-20 18:00:00+00:00, run_after=2025-10-21 18:00:00+00:00
[2025-10-22T11:36:00.086+0000] {processor.py:183} INFO - Processing /opt/airflow/dags/bronze_dag_simple.py took 0.072 seconds
[2025-10-22T11:36:30.787+0000] {processor.py:161} INFO - Started process (PID=150) to work on /opt/airflow/dags/bronze_dag_simple.py
[2025-10-22T11:36:30.788+0000] {processor.py:830} INFO - Processing file /opt/airflow/dags/bronze_dag_simple.py for tasks to queue
[2025-10-22T11:36:30.790+0000] {logging_mixin.py:188} INFO - [2025-10-22T11:36:30.789+0000] {dagbag.py:540} INFO - Filling up the DagBag from /opt/airflow/dags/bronze_dag_simple.py
[2025-10-22T11:36:30.806+0000] {processor.py:840} INFO - DAG(s) 'bronze_dag_simple' retrieved from /opt/airflow/dags/bronze_dag_simple.py
[2025-10-22T11:36:30.823+0000] {logging_mixin.py:188} INFO - [2025-10-22T11:36:30.823+0000] {dag.py:3096} INFO - Sync 1 DAGs
[2025-10-22T11:36:30.838+0000] {logging_mixin.py:188} INFO - [2025-10-22T11:36:30.838+0000] {dag.py:3954} INFO - Setting next_dagrun for bronze_dag_simple to 2025-10-20 18:00:00+00:00, run_after=2025-10-21 18:00:00+00:00
[2025-10-22T11:36:30.851+0000] {processor.py:183} INFO - Processing /opt/airflow/dags/bronze_dag_simple.py took 0.068 seconds
[2025-10-22T11:37:01.747+0000] {processor.py:161} INFO - Started process (PID=153) to work on /opt/airflow/dags/bronze_dag_simple.py
[2025-10-22T11:37:01.747+0000] {processor.py:830} INFO - Processing file /opt/airflow/dags/bronze_dag_simple.py for tasks to queue
[2025-10-22T11:37:01.749+0000] {logging_mixin.py:188} INFO - [2025-10-22T11:37:01.749+0000] {dagbag.py:540} INFO - Filling up the DagBag from /opt/airflow/dags/bronze_dag_simple.py
[2025-10-22T11:37:01.764+0000] {processor.py:840} INFO - DAG(s) 'bronze_dag_simple' retrieved from /opt/airflow/dags/bronze_dag_simple.py
[2025-10-22T11:37:01.782+0000] {logging_mixin.py:188} INFO - [2025-10-22T11:37:01.781+0000] {dag.py:3096} INFO - Sync 1 DAGs
[2025-10-22T11:37:01.797+0000] {logging_mixin.py:188} INFO - [2025-10-22T11:37:01.797+0000] {dag.py:3954} INFO - Setting next_dagrun for bronze_dag_simple to 2025-10-20 18:00:00+00:00, run_after=2025-10-21 18:00:00+00:00
[2025-10-22T11:37:01.811+0000] {processor.py:183} INFO - Processing /opt/airflow/dags/bronze_dag_simple.py took 0.068 seconds
[2025-10-22T11:37:32.143+0000] {processor.py:161} INFO - Started process (PID=156) to work on /opt/airflow/dags/bronze_dag_simple.py
[2025-10-22T11:37:32.144+0000] {processor.py:830} INFO - Processing file /opt/airflow/dags/bronze_dag_simple.py for tasks to queue
[2025-10-22T11:37:32.145+0000] {logging_mixin.py:188} INFO - [2025-10-22T11:37:32.145+0000] {dagbag.py:540} INFO - Filling up the DagBag from /opt/airflow/dags/bronze_dag_simple.py
[2025-10-22T11:37:32.162+0000] {processor.py:840} INFO - DAG(s) 'bronze_dag_simple' retrieved from /opt/airflow/dags/bronze_dag_simple.py
[2025-10-22T11:37:32.181+0000] {logging_mixin.py:188} INFO - [2025-10-22T11:37:32.181+0000] {dag.py:3096} INFO - Sync 1 DAGs
[2025-10-22T11:37:32.198+0000] {logging_mixin.py:188} INFO - [2025-10-22T11:37:32.197+0000] {dag.py:3954} INFO - Setting next_dagrun for bronze_dag_simple to 2025-10-20 18:00:00+00:00, run_after=2025-10-21 18:00:00+00:00
[2025-10-22T11:37:32.212+0000] {processor.py:183} INFO - Processing /opt/airflow/dags/bronze_dag_simple.py took 0.074 seconds
[2025-10-22T11:38:34.129+0000] {processor.py:161} INFO - Started process (PID=159) to work on /opt/airflow/dags/bronze_dag_simple.py
[2025-10-22T11:38:34.130+0000] {processor.py:830} INFO - Processing file /opt/airflow/dags/bronze_dag_simple.py for tasks to queue
[2025-10-22T11:38:34.132+0000] {logging_mixin.py:188} INFO - [2025-10-22T11:38:34.132+0000] {dagbag.py:540} INFO - Filling up the DagBag from /opt/airflow/dags/bronze_dag_simple.py
[2025-10-22T11:38:34.148+0000] {processor.py:840} INFO - DAG(s) 'bronze_dag_simple' retrieved from /opt/airflow/dags/bronze_dag_simple.py
[2025-10-22T11:38:34.167+0000] {logging_mixin.py:188} INFO - [2025-10-22T11:38:34.167+0000] {dag.py:3096} INFO - Sync 1 DAGs
[2025-10-22T11:38:34.184+0000] {logging_mixin.py:188} INFO - [2025-10-22T11:38:34.184+0000] {dag.py:3954} INFO - Setting next_dagrun for bronze_dag_simple to 2025-10-20 18:00:00+00:00, run_after=2025-10-21 18:00:00+00:00
[2025-10-22T11:38:34.198+0000] {processor.py:183} INFO - Processing /opt/airflow/dags/bronze_dag_simple.py took 0.073 seconds
[2025-10-22T11:39:04.452+0000] {processor.py:161} INFO - Started process (PID=162) to work on /opt/airflow/dags/bronze_dag_simple.py
[2025-10-22T11:39:04.453+0000] {processor.py:830} INFO - Processing file /opt/airflow/dags/bronze_dag_simple.py for tasks to queue
[2025-10-22T11:39:04.455+0000] {logging_mixin.py:188} INFO - [2025-10-22T11:39:04.454+0000] {dagbag.py:540} INFO - Filling up the DagBag from /opt/airflow/dags/bronze_dag_simple.py
[2025-10-22T11:39:04.473+0000] {processor.py:840} INFO - DAG(s) 'bronze_dag_simple' retrieved from /opt/airflow/dags/bronze_dag_simple.py
[2025-10-22T11:39:04.492+0000] {logging_mixin.py:188} INFO - [2025-10-22T11:39:04.492+0000] {dag.py:3096} INFO - Sync 1 DAGs
[2025-10-22T11:39:04.509+0000] {logging_mixin.py:188} INFO - [2025-10-22T11:39:04.508+0000] {dag.py:3954} INFO - Setting next_dagrun for bronze_dag_simple to 2025-10-20 18:00:00+00:00, run_after=2025-10-21 18:00:00+00:00
[2025-10-22T11:39:04.524+0000] {processor.py:183} INFO - Processing /opt/airflow/dags/bronze_dag_simple.py took 0.077 seconds
[2025-10-22T11:39:34.575+0000] {processor.py:161} INFO - Started process (PID=165) to work on /opt/airflow/dags/bronze_dag_simple.py
[2025-10-22T11:39:34.576+0000] {processor.py:830} INFO - Processing file /opt/airflow/dags/bronze_dag_simple.py for tasks to queue
[2025-10-22T11:39:34.577+0000] {logging_mixin.py:188} INFO - [2025-10-22T11:39:34.577+0000] {dagbag.py:540} INFO - Filling up the DagBag from /opt/airflow/dags/bronze_dag_simple.py
[2025-10-22T11:39:34.595+0000] {processor.py:840} INFO - DAG(s) 'bronze_dag_simple' retrieved from /opt/airflow/dags/bronze_dag_simple.py
[2025-10-22T11:39:34.614+0000] {logging_mixin.py:188} INFO - [2025-10-22T11:39:34.614+0000] {dag.py:3096} INFO - Sync 1 DAGs
[2025-10-22T11:39:34.632+0000] {logging_mixin.py:188} INFO - [2025-10-22T11:39:34.632+0000] {dag.py:3954} INFO - Setting next_dagrun for bronze_dag_simple to 2025-10-20 18:00:00+00:00, run_after=2025-10-21 18:00:00+00:00
[2025-10-22T11:39:34.646+0000] {processor.py:183} INFO - Processing /opt/airflow/dags/bronze_dag_simple.py took 0.076 seconds
[2025-10-22T11:40:05.491+0000] {processor.py:161} INFO - Started process (PID=168) to work on /opt/airflow/dags/bronze_dag_simple.py
[2025-10-22T11:40:05.492+0000] {processor.py:830} INFO - Processing file /opt/airflow/dags/bronze_dag_simple.py for tasks to queue
[2025-10-22T11:40:05.494+0000] {logging_mixin.py:188} INFO - [2025-10-22T11:40:05.493+0000] {dagbag.py:540} INFO - Filling up the DagBag from /opt/airflow/dags/bronze_dag_simple.py
[2025-10-22T11:40:05.511+0000] {processor.py:840} INFO - DAG(s) 'bronze_dag_simple' retrieved from /opt/airflow/dags/bronze_dag_simple.py
[2025-10-22T11:40:05.531+0000] {logging_mixin.py:188} INFO - [2025-10-22T11:40:05.530+0000] {dag.py:3096} INFO - Sync 1 DAGs
[2025-10-22T11:40:05.549+0000] {logging_mixin.py:188} INFO - [2025-10-22T11:40:05.549+0000] {dag.py:3954} INFO - Setting next_dagrun for bronze_dag_simple to 2025-10-20 18:00:00+00:00, run_after=2025-10-21 18:00:00+00:00
[2025-10-22T11:40:05.566+0000] {processor.py:183} INFO - Processing /opt/airflow/dags/bronze_dag_simple.py took 0.079 seconds
[2025-10-22T11:40:36.271+0000] {processor.py:161} INFO - Started process (PID=171) to work on /opt/airflow/dags/bronze_dag_simple.py
[2025-10-22T11:40:36.271+0000] {processor.py:830} INFO - Processing file /opt/airflow/dags/bronze_dag_simple.py for tasks to queue
[2025-10-22T11:40:36.273+0000] {logging_mixin.py:188} INFO - [2025-10-22T11:40:36.273+0000] {dagbag.py:540} INFO - Filling up the DagBag from /opt/airflow/dags/bronze_dag_simple.py
[2025-10-22T11:40:36.289+0000] {processor.py:840} INFO - DAG(s) 'bronze_dag_simple' retrieved from /opt/airflow/dags/bronze_dag_simple.py
[2025-10-22T11:40:36.307+0000] {logging_mixin.py:188} INFO - [2025-10-22T11:40:36.306+0000] {dag.py:3096} INFO - Sync 1 DAGs
[2025-10-22T11:40:36.322+0000] {logging_mixin.py:188} INFO - [2025-10-22T11:40:36.322+0000] {dag.py:3954} INFO - Setting next_dagrun for bronze_dag_simple to 2025-10-20 18:00:00+00:00, run_after=2025-10-21 18:00:00+00:00
[2025-10-22T11:40:36.336+0000] {processor.py:183} INFO - Processing /opt/airflow/dags/bronze_dag_simple.py took 0.069 seconds
[2025-10-22T11:41:07.234+0000] {processor.py:161} INFO - Started process (PID=174) to work on /opt/airflow/dags/bronze_dag_simple.py
[2025-10-22T11:41:07.235+0000] {processor.py:830} INFO - Processing file /opt/airflow/dags/bronze_dag_simple.py for tasks to queue
[2025-10-22T11:41:07.236+0000] {logging_mixin.py:188} INFO - [2025-10-22T11:41:07.236+0000] {dagbag.py:540} INFO - Filling up the DagBag from /opt/airflow/dags/bronze_dag_simple.py
[2025-10-22T11:41:07.253+0000] {processor.py:840} INFO - DAG(s) 'bronze_dag_simple' retrieved from /opt/airflow/dags/bronze_dag_simple.py
[2025-10-22T11:41:07.272+0000] {logging_mixin.py:188} INFO - [2025-10-22T11:41:07.272+0000] {dag.py:3096} INFO - Sync 1 DAGs
[2025-10-22T11:41:07.288+0000] {logging_mixin.py:188} INFO - [2025-10-22T11:41:07.288+0000] {dag.py:3954} INFO - Setting next_dagrun for bronze_dag_simple to 2025-10-20 18:00:00+00:00, run_after=2025-10-21 18:00:00+00:00
[2025-10-22T11:41:07.307+0000] {processor.py:183} INFO - Processing /opt/airflow/dags/bronze_dag_simple.py took 0.077 seconds
[2025-10-22T11:41:37.634+0000] {processor.py:161} INFO - Started process (PID=177) to work on /opt/airflow/dags/bronze_dag_simple.py
[2025-10-22T11:41:37.635+0000] {processor.py:830} INFO - Processing file /opt/airflow/dags/bronze_dag_simple.py for tasks to queue
[2025-10-22T11:41:37.637+0000] {logging_mixin.py:188} INFO - [2025-10-22T11:41:37.636+0000] {dagbag.py:540} INFO - Filling up the DagBag from /opt/airflow/dags/bronze_dag_simple.py
[2025-10-22T11:41:37.655+0000] {processor.py:840} INFO - DAG(s) 'bronze_dag_simple' retrieved from /opt/airflow/dags/bronze_dag_simple.py
[2025-10-22T11:41:37.675+0000] {logging_mixin.py:188} INFO - [2025-10-22T11:41:37.675+0000] {dag.py:3096} INFO - Sync 1 DAGs
[2025-10-22T11:41:37.693+0000] {logging_mixin.py:188} INFO - [2025-10-22T11:41:37.693+0000] {dag.py:3954} INFO - Setting next_dagrun for bronze_dag_simple to 2025-10-20 18:00:00+00:00, run_after=2025-10-21 18:00:00+00:00
[2025-10-22T11:41:37.708+0000] {processor.py:183} INFO - Processing /opt/airflow/dags/bronze_dag_simple.py took 0.079 seconds
[2025-10-22T11:42:07.904+0000] {processor.py:161} INFO - Started process (PID=180) to work on /opt/airflow/dags/bronze_dag_simple.py
[2025-10-22T11:42:07.905+0000] {processor.py:830} INFO - Processing file /opt/airflow/dags/bronze_dag_simple.py for tasks to queue
[2025-10-22T11:42:07.907+0000] {logging_mixin.py:188} INFO - [2025-10-22T11:42:07.907+0000] {dagbag.py:540} INFO - Filling up the DagBag from /opt/airflow/dags/bronze_dag_simple.py
[2025-10-22T11:42:07.924+0000] {processor.py:840} INFO - DAG(s) 'bronze_dag_simple' retrieved from /opt/airflow/dags/bronze_dag_simple.py
[2025-10-22T11:42:07.943+0000] {logging_mixin.py:188} INFO - [2025-10-22T11:42:07.943+0000] {dag.py:3096} INFO - Sync 1 DAGs
[2025-10-22T11:42:07.959+0000] {logging_mixin.py:188} INFO - [2025-10-22T11:42:07.959+0000] {dag.py:3954} INFO - Setting next_dagrun for bronze_dag_simple to 2025-10-20 18:00:00+00:00, run_after=2025-10-21 18:00:00+00:00
[2025-10-22T11:42:07.974+0000] {processor.py:183} INFO - Processing /opt/airflow/dags/bronze_dag_simple.py took 0.075 seconds
[2025-10-22T11:42:43.769+0000] {processor.py:161} INFO - Started process (PID=183) to work on /opt/airflow/dags/bronze_dag_simple.py
[2025-10-22T11:42:43.770+0000] {processor.py:830} INFO - Processing file /opt/airflow/dags/bronze_dag_simple.py for tasks to queue
[2025-10-22T11:42:43.775+0000] {logging_mixin.py:188} INFO - [2025-10-22T11:42:43.774+0000] {dagbag.py:540} INFO - Filling up the DagBag from /opt/airflow/dags/bronze_dag_simple.py
[2025-10-22T11:42:43.791+0000] {processor.py:840} INFO - DAG(s) 'bronze_dag_simple' retrieved from /opt/airflow/dags/bronze_dag_simple.py
[2025-10-22T11:42:43.808+0000] {logging_mixin.py:188} INFO - [2025-10-22T11:42:43.808+0000] {dag.py:3096} INFO - Sync 1 DAGs
[2025-10-22T11:42:43.823+0000] {logging_mixin.py:188} INFO - [2025-10-22T11:42:43.823+0000] {dag.py:3954} INFO - Setting next_dagrun for bronze_dag_simple to 2025-10-20 18:00:00+00:00, run_after=2025-10-21 18:00:00+00:00
[2025-10-22T11:42:43.836+0000] {processor.py:183} INFO - Processing /opt/airflow/dags/bronze_dag_simple.py took 0.072 seconds
[2025-10-22T11:43:14.027+0000] {processor.py:161} INFO - Started process (PID=186) to work on /opt/airflow/dags/bronze_dag_simple.py
[2025-10-22T11:43:14.028+0000] {processor.py:830} INFO - Processing file /opt/airflow/dags/bronze_dag_simple.py for tasks to queue
[2025-10-22T11:43:14.030+0000] {logging_mixin.py:188} INFO - [2025-10-22T11:43:14.030+0000] {dagbag.py:540} INFO - Filling up the DagBag from /opt/airflow/dags/bronze_dag_simple.py
[2025-10-22T11:43:14.048+0000] {processor.py:840} INFO - DAG(s) 'bronze_dag_simple' retrieved from /opt/airflow/dags/bronze_dag_simple.py
[2025-10-22T11:43:14.067+0000] {logging_mixin.py:188} INFO - [2025-10-22T11:43:14.067+0000] {dag.py:3096} INFO - Sync 1 DAGs
[2025-10-22T11:43:14.084+0000] {logging_mixin.py:188} INFO - [2025-10-22T11:43:14.083+0000] {dag.py:3954} INFO - Setting next_dagrun for bronze_dag_simple to 2025-10-20 18:00:00+00:00, run_after=2025-10-21 18:00:00+00:00
[2025-10-22T11:43:14.098+0000] {processor.py:183} INFO - Processing /opt/airflow/dags/bronze_dag_simple.py took 0.076 seconds
[2025-10-22T11:43:47.112+0000] {processor.py:161} INFO - Started process (PID=189) to work on /opt/airflow/dags/bronze_dag_simple.py
[2025-10-22T11:43:47.113+0000] {processor.py:830} INFO - Processing file /opt/airflow/dags/bronze_dag_simple.py for tasks to queue
[2025-10-22T11:43:47.114+0000] {logging_mixin.py:188} INFO - [2025-10-22T11:43:47.114+0000] {dagbag.py:540} INFO - Filling up the DagBag from /opt/airflow/dags/bronze_dag_simple.py
[2025-10-22T11:43:47.132+0000] {processor.py:840} INFO - DAG(s) 'bronze_dag_simple' retrieved from /opt/airflow/dags/bronze_dag_simple.py
[2025-10-22T11:43:47.151+0000] {logging_mixin.py:188} INFO - [2025-10-22T11:43:47.151+0000] {dag.py:3096} INFO - Sync 1 DAGs
[2025-10-22T11:43:47.168+0000] {logging_mixin.py:188} INFO - [2025-10-22T11:43:47.168+0000] {dag.py:3954} INFO - Setting next_dagrun for bronze_dag_simple to 2025-10-20 18:00:00+00:00, run_after=2025-10-21 18:00:00+00:00
[2025-10-22T11:43:47.182+0000] {processor.py:183} INFO - Processing /opt/airflow/dags/bronze_dag_simple.py took 0.075 seconds
[2025-10-22T11:44:52.626+0000] {processor.py:161} INFO - Started process (PID=192) to work on /opt/airflow/dags/bronze_dag_simple.py
[2025-10-22T11:44:52.627+0000] {processor.py:830} INFO - Processing file /opt/airflow/dags/bronze_dag_simple.py for tasks to queue
[2025-10-22T11:44:52.629+0000] {logging_mixin.py:188} INFO - [2025-10-22T11:44:52.629+0000] {dagbag.py:540} INFO - Filling up the DagBag from /opt/airflow/dags/bronze_dag_simple.py
[2025-10-22T11:44:52.649+0000] {processor.py:840} INFO - DAG(s) 'bronze_dag_simple' retrieved from /opt/airflow/dags/bronze_dag_simple.py
[2025-10-22T11:44:52.669+0000] {logging_mixin.py:188} INFO - [2025-10-22T11:44:52.669+0000] {dag.py:3096} INFO - Sync 1 DAGs
[2025-10-22T11:44:52.687+0000] {logging_mixin.py:188} INFO - [2025-10-22T11:44:52.687+0000] {dag.py:3954} INFO - Setting next_dagrun for bronze_dag_simple to 2025-10-20 18:00:00+00:00, run_after=2025-10-21 18:00:00+00:00
[2025-10-22T11:44:52.705+0000] {processor.py:183} INFO - Processing /opt/airflow/dags/bronze_dag_simple.py took 0.084 seconds
[2025-10-22T11:45:31.946+0000] {processor.py:161} INFO - Started process (PID=195) to work on /opt/airflow/dags/bronze_dag_simple.py
[2025-10-22T11:45:31.947+0000] {processor.py:830} INFO - Processing file /opt/airflow/dags/bronze_dag_simple.py for tasks to queue
[2025-10-22T11:45:31.949+0000] {logging_mixin.py:188} INFO - [2025-10-22T11:45:31.948+0000] {dagbag.py:540} INFO - Filling up the DagBag from /opt/airflow/dags/bronze_dag_simple.py
[2025-10-22T11:45:31.966+0000] {processor.py:840} INFO - DAG(s) 'bronze_dag_simple' retrieved from /opt/airflow/dags/bronze_dag_simple.py
[2025-10-22T11:45:31.986+0000] {logging_mixin.py:188} INFO - [2025-10-22T11:45:31.986+0000] {dag.py:3096} INFO - Sync 1 DAGs
[2025-10-22T11:45:32.005+0000] {logging_mixin.py:188} INFO - [2025-10-22T11:45:32.004+0000] {dag.py:3954} INFO - Setting next_dagrun for bronze_dag_simple to 2025-10-20 18:00:00+00:00, run_after=2025-10-21 18:00:00+00:00
[2025-10-22T11:45:32.019+0000] {processor.py:183} INFO - Processing /opt/airflow/dags/bronze_dag_simple.py took 0.077 seconds
[2025-10-22T11:46:02.280+0000] {processor.py:161} INFO - Started process (PID=198) to work on /opt/airflow/dags/bronze_dag_simple.py
[2025-10-22T11:46:02.281+0000] {processor.py:830} INFO - Processing file /opt/airflow/dags/bronze_dag_simple.py for tasks to queue
[2025-10-22T11:46:02.283+0000] {logging_mixin.py:188} INFO - [2025-10-22T11:46:02.283+0000] {dagbag.py:540} INFO - Filling up the DagBag from /opt/airflow/dags/bronze_dag_simple.py
[2025-10-22T11:46:02.301+0000] {processor.py:840} INFO - DAG(s) 'bronze_dag_simple' retrieved from /opt/airflow/dags/bronze_dag_simple.py
[2025-10-22T11:46:02.320+0000] {logging_mixin.py:188} INFO - [2025-10-22T11:46:02.319+0000] {dag.py:3096} INFO - Sync 1 DAGs
[2025-10-22T11:46:02.338+0000] {logging_mixin.py:188} INFO - [2025-10-22T11:46:02.338+0000] {dag.py:3954} INFO - Setting next_dagrun for bronze_dag_simple to 2025-10-20 18:00:00+00:00, run_after=2025-10-21 18:00:00+00:00
[2025-10-22T11:46:02.352+0000] {processor.py:183} INFO - Processing /opt/airflow/dags/bronze_dag_simple.py took 0.076 seconds
[2025-10-22T11:46:32.542+0000] {processor.py:161} INFO - Started process (PID=201) to work on /opt/airflow/dags/bronze_dag_simple.py
[2025-10-22T11:46:32.543+0000] {processor.py:830} INFO - Processing file /opt/airflow/dags/bronze_dag_simple.py for tasks to queue
[2025-10-22T11:46:32.544+0000] {logging_mixin.py:188} INFO - [2025-10-22T11:46:32.544+0000] {dagbag.py:540} INFO - Filling up the DagBag from /opt/airflow/dags/bronze_dag_simple.py
[2025-10-22T11:46:32.562+0000] {processor.py:840} INFO - DAG(s) 'bronze_dag_simple' retrieved from /opt/airflow/dags/bronze_dag_simple.py
[2025-10-22T11:46:32.581+0000] {logging_mixin.py:188} INFO - [2025-10-22T11:46:32.581+0000] {dag.py:3096} INFO - Sync 1 DAGs
[2025-10-22T11:46:32.597+0000] {logging_mixin.py:188} INFO - [2025-10-22T11:46:32.597+0000] {dag.py:3954} INFO - Setting next_dagrun for bronze_dag_simple to 2025-10-20 18:00:00+00:00, run_after=2025-10-21 18:00:00+00:00
[2025-10-22T11:46:32.615+0000] {processor.py:183} INFO - Processing /opt/airflow/dags/bronze_dag_simple.py took 0.078 seconds
[2025-10-22T11:47:02.815+0000] {processor.py:161} INFO - Started process (PID=204) to work on /opt/airflow/dags/bronze_dag_simple.py
[2025-10-22T11:47:02.816+0000] {processor.py:830} INFO - Processing file /opt/airflow/dags/bronze_dag_simple.py for tasks to queue
[2025-10-22T11:47:02.817+0000] {logging_mixin.py:188} INFO - [2025-10-22T11:47:02.817+0000] {dagbag.py:540} INFO - Filling up the DagBag from /opt/airflow/dags/bronze_dag_simple.py
[2025-10-22T11:47:02.836+0000] {processor.py:840} INFO - DAG(s) 'bronze_dag_simple' retrieved from /opt/airflow/dags/bronze_dag_simple.py
[2025-10-22T11:47:02.856+0000] {logging_mixin.py:188} INFO - [2025-10-22T11:47:02.855+0000] {dag.py:3096} INFO - Sync 1 DAGs
[2025-10-22T11:47:02.873+0000] {logging_mixin.py:188} INFO - [2025-10-22T11:47:02.873+0000] {dag.py:3954} INFO - Setting next_dagrun for bronze_dag_simple to 2025-10-20 18:00:00+00:00, run_after=2025-10-21 18:00:00+00:00
[2025-10-22T11:47:02.888+0000] {processor.py:183} INFO - Processing /opt/airflow/dags/bronze_dag_simple.py took 0.079 seconds
[2025-10-22T11:47:42.715+0000] {processor.py:161} INFO - Started process (PID=207) to work on /opt/airflow/dags/bronze_dag_simple.py
[2025-10-22T11:47:42.715+0000] {processor.py:830} INFO - Processing file /opt/airflow/dags/bronze_dag_simple.py for tasks to queue
[2025-10-22T11:47:42.717+0000] {logging_mixin.py:188} INFO - [2025-10-22T11:47:42.717+0000] {dagbag.py:540} INFO - Filling up the DagBag from /opt/airflow/dags/bronze_dag_simple.py
[2025-10-22T11:47:42.733+0000] {processor.py:840} INFO - DAG(s) 'bronze_dag_simple' retrieved from /opt/airflow/dags/bronze_dag_simple.py
[2025-10-22T11:47:42.752+0000] {logging_mixin.py:188} INFO - [2025-10-22T11:47:42.752+0000] {dag.py:3096} INFO - Sync 1 DAGs
[2025-10-22T11:47:42.769+0000] {logging_mixin.py:188} INFO - [2025-10-22T11:47:42.769+0000] {dag.py:3954} INFO - Setting next_dagrun for bronze_dag_simple to 2025-10-20 18:00:00+00:00, run_after=2025-10-21 18:00:00+00:00
[2025-10-22T11:47:42.783+0000] {processor.py:183} INFO - Processing /opt/airflow/dags/bronze_dag_simple.py took 0.073 seconds
[2025-10-22T11:48:12.974+0000] {processor.py:161} INFO - Started process (PID=210) to work on /opt/airflow/dags/bronze_dag_simple.py
[2025-10-22T11:48:12.974+0000] {processor.py:830} INFO - Processing file /opt/airflow/dags/bronze_dag_simple.py for tasks to queue
[2025-10-22T11:48:12.976+0000] {logging_mixin.py:188} INFO - [2025-10-22T11:48:12.975+0000] {dagbag.py:540} INFO - Filling up the DagBag from /opt/airflow/dags/bronze_dag_simple.py
[2025-10-22T11:48:12.992+0000] {processor.py:840} INFO - DAG(s) 'bronze_dag_simple' retrieved from /opt/airflow/dags/bronze_dag_simple.py
[2025-10-22T11:48:13.010+0000] {logging_mixin.py:188} INFO - [2025-10-22T11:48:13.010+0000] {dag.py:3096} INFO - Sync 1 DAGs
[2025-10-22T11:48:13.026+0000] {logging_mixin.py:188} INFO - [2025-10-22T11:48:13.026+0000] {dag.py:3954} INFO - Setting next_dagrun for bronze_dag_simple to 2025-10-20 18:00:00+00:00, run_after=2025-10-21 18:00:00+00:00
[2025-10-22T11:48:13.039+0000] {processor.py:183} INFO - Processing /opt/airflow/dags/bronze_dag_simple.py took 0.072 seconds
[2025-10-22T11:49:16.058+0000] {processor.py:161} INFO - Started process (PID=213) to work on /opt/airflow/dags/bronze_dag_simple.py
[2025-10-22T11:49:16.059+0000] {processor.py:830} INFO - Processing file /opt/airflow/dags/bronze_dag_simple.py for tasks to queue
[2025-10-22T11:49:16.061+0000] {logging_mixin.py:188} INFO - [2025-10-22T11:49:16.061+0000] {dagbag.py:540} INFO - Filling up the DagBag from /opt/airflow/dags/bronze_dag_simple.py
[2025-10-22T11:49:16.078+0000] {processor.py:840} INFO - DAG(s) 'bronze_dag_simple' retrieved from /opt/airflow/dags/bronze_dag_simple.py
[2025-10-22T11:49:16.099+0000] {logging_mixin.py:188} INFO - [2025-10-22T11:49:16.099+0000] {dag.py:3096} INFO - Sync 1 DAGs
[2025-10-22T11:49:16.116+0000] {logging_mixin.py:188} INFO - [2025-10-22T11:49:16.116+0000] {dag.py:3954} INFO - Setting next_dagrun for bronze_dag_simple to 2025-10-20 18:00:00+00:00, run_after=2025-10-21 18:00:00+00:00
[2025-10-22T11:49:16.130+0000] {processor.py:183} INFO - Processing /opt/airflow/dags/bronze_dag_simple.py took 0.077 seconds
[2025-10-22T11:49:46.394+0000] {processor.py:161} INFO - Started process (PID=216) to work on /opt/airflow/dags/bronze_dag_simple.py
[2025-10-22T11:49:46.395+0000] {processor.py:830} INFO - Processing file /opt/airflow/dags/bronze_dag_simple.py for tasks to queue
[2025-10-22T11:49:46.397+0000] {logging_mixin.py:188} INFO - [2025-10-22T11:49:46.397+0000] {dagbag.py:540} INFO - Filling up the DagBag from /opt/airflow/dags/bronze_dag_simple.py
[2025-10-22T11:49:46.414+0000] {processor.py:840} INFO - DAG(s) 'bronze_dag_simple' retrieved from /opt/airflow/dags/bronze_dag_simple.py
[2025-10-22T11:49:46.433+0000] {logging_mixin.py:188} INFO - [2025-10-22T11:49:46.433+0000] {dag.py:3096} INFO - Sync 1 DAGs
[2025-10-22T11:49:46.450+0000] {logging_mixin.py:188} INFO - [2025-10-22T11:49:46.450+0000] {dag.py:3954} INFO - Setting next_dagrun for bronze_dag_simple to 2025-10-20 18:00:00+00:00, run_after=2025-10-21 18:00:00+00:00
[2025-10-22T11:49:46.464+0000] {processor.py:183} INFO - Processing /opt/airflow/dags/bronze_dag_simple.py took 0.074 seconds
[2025-10-22T11:50:16.684+0000] {processor.py:161} INFO - Started process (PID=219) to work on /opt/airflow/dags/bronze_dag_simple.py
[2025-10-22T11:50:16.685+0000] {processor.py:830} INFO - Processing file /opt/airflow/dags/bronze_dag_simple.py for tasks to queue
[2025-10-22T11:50:16.687+0000] {logging_mixin.py:188} INFO - [2025-10-22T11:50:16.686+0000] {dagbag.py:540} INFO - Filling up the DagBag from /opt/airflow/dags/bronze_dag_simple.py
[2025-10-22T11:50:16.704+0000] {processor.py:840} INFO - DAG(s) 'bronze_dag_simple' retrieved from /opt/airflow/dags/bronze_dag_simple.py
[2025-10-22T11:50:16.723+0000] {logging_mixin.py:188} INFO - [2025-10-22T11:50:16.723+0000] {dag.py:3096} INFO - Sync 1 DAGs
[2025-10-22T11:50:16.740+0000] {logging_mixin.py:188} INFO - [2025-10-22T11:50:16.740+0000] {dag.py:3954} INFO - Setting next_dagrun for bronze_dag_simple to 2025-10-20 18:00:00+00:00, run_after=2025-10-21 18:00:00+00:00
[2025-10-22T11:50:16.754+0000] {processor.py:183} INFO - Processing /opt/airflow/dags/bronze_dag_simple.py took 0.075 seconds
[2025-10-22T11:50:46.947+0000] {processor.py:161} INFO - Started process (PID=222) to work on /opt/airflow/dags/bronze_dag_simple.py
[2025-10-22T11:50:46.948+0000] {processor.py:830} INFO - Processing file /opt/airflow/dags/bronze_dag_simple.py for tasks to queue
[2025-10-22T11:50:46.950+0000] {logging_mixin.py:188} INFO - [2025-10-22T11:50:46.949+0000] {dagbag.py:540} INFO - Filling up the DagBag from /opt/airflow/dags/bronze_dag_simple.py
[2025-10-22T11:50:46.967+0000] {processor.py:840} INFO - DAG(s) 'bronze_dag_simple' retrieved from /opt/airflow/dags/bronze_dag_simple.py
[2025-10-22T11:50:46.986+0000] {logging_mixin.py:188} INFO - [2025-10-22T11:50:46.986+0000] {dag.py:3096} INFO - Sync 1 DAGs
[2025-10-22T11:50:47.002+0000] {logging_mixin.py:188} INFO - [2025-10-22T11:50:47.002+0000] {dag.py:3954} INFO - Setting next_dagrun for bronze_dag_simple to 2025-10-20 18:00:00+00:00, run_after=2025-10-21 18:00:00+00:00
[2025-10-22T11:50:47.017+0000] {processor.py:183} INFO - Processing /opt/airflow/dags/bronze_dag_simple.py took 0.074 seconds
[2025-10-22T11:51:17.210+0000] {processor.py:161} INFO - Started process (PID=225) to work on /opt/airflow/dags/bronze_dag_simple.py
[2025-10-22T11:51:17.211+0000] {processor.py:830} INFO - Processing file /opt/airflow/dags/bronze_dag_simple.py for tasks to queue
[2025-10-22T11:51:17.212+0000] {logging_mixin.py:188} INFO - [2025-10-22T11:51:17.212+0000] {dagbag.py:540} INFO - Filling up the DagBag from /opt/airflow/dags/bronze_dag_simple.py
[2025-10-22T11:51:17.230+0000] {processor.py:840} INFO - DAG(s) 'bronze_dag_simple' retrieved from /opt/airflow/dags/bronze_dag_simple.py
[2025-10-22T11:51:17.249+0000] {logging_mixin.py:188} INFO - [2025-10-22T11:51:17.249+0000] {dag.py:3096} INFO - Sync 1 DAGs
[2025-10-22T11:51:17.266+0000] {logging_mixin.py:188} INFO - [2025-10-22T11:51:17.265+0000] {dag.py:3954} INFO - Setting next_dagrun for bronze_dag_simple to 2025-10-20 18:00:00+00:00, run_after=2025-10-21 18:00:00+00:00
[2025-10-22T11:51:17.280+0000] {processor.py:183} INFO - Processing /opt/airflow/dags/bronze_dag_simple.py took 0.075 seconds
[2025-10-22T11:52:16.188+0000] {processor.py:161} INFO - Started process (PID=228) to work on /opt/airflow/dags/bronze_dag_simple.py
[2025-10-22T11:52:16.189+0000] {processor.py:830} INFO - Processing file /opt/airflow/dags/bronze_dag_simple.py for tasks to queue
[2025-10-22T11:52:16.191+0000] {logging_mixin.py:188} INFO - [2025-10-22T11:52:16.191+0000] {dagbag.py:540} INFO - Filling up the DagBag from /opt/airflow/dags/bronze_dag_simple.py
[2025-10-22T11:52:16.209+0000] {processor.py:840} INFO - DAG(s) 'bronze_dag_simple' retrieved from /opt/airflow/dags/bronze_dag_simple.py
[2025-10-22T11:52:16.228+0000] {logging_mixin.py:188} INFO - [2025-10-22T11:52:16.228+0000] {dag.py:3096} INFO - Sync 1 DAGs
[2025-10-22T11:52:16.246+0000] {logging_mixin.py:188} INFO - [2025-10-22T11:52:16.245+0000] {dag.py:3954} INFO - Setting next_dagrun for bronze_dag_simple to 2025-10-20 18:00:00+00:00, run_after=2025-10-21 18:00:00+00:00
[2025-10-22T11:52:16.260+0000] {processor.py:183} INFO - Processing /opt/airflow/dags/bronze_dag_simple.py took 0.077 seconds
[2025-10-22T11:52:46.887+0000] {processor.py:161} INFO - Started process (PID=231) to work on /opt/airflow/dags/bronze_dag_simple.py
[2025-10-22T11:52:46.888+0000] {processor.py:830} INFO - Processing file /opt/airflow/dags/bronze_dag_simple.py for tasks to queue
[2025-10-22T11:52:46.890+0000] {logging_mixin.py:188} INFO - [2025-10-22T11:52:46.890+0000] {dagbag.py:540} INFO - Filling up the DagBag from /opt/airflow/dags/bronze_dag_simple.py
[2025-10-22T11:52:46.907+0000] {processor.py:840} INFO - DAG(s) 'bronze_dag_simple' retrieved from /opt/airflow/dags/bronze_dag_simple.py
[2025-10-22T11:52:46.926+0000] {logging_mixin.py:188} INFO - [2025-10-22T11:52:46.926+0000] {dag.py:3096} INFO - Sync 1 DAGs
[2025-10-22T11:52:46.943+0000] {logging_mixin.py:188} INFO - [2025-10-22T11:52:46.942+0000] {dag.py:3954} INFO - Setting next_dagrun for bronze_dag_simple to 2025-10-20 18:00:00+00:00, run_after=2025-10-21 18:00:00+00:00
[2025-10-22T11:52:46.956+0000] {processor.py:183} INFO - Processing /opt/airflow/dags/bronze_dag_simple.py took 0.074 seconds
[2025-10-22T11:53:48.855+0000] {processor.py:161} INFO - Started process (PID=234) to work on /opt/airflow/dags/bronze_dag_simple.py
[2025-10-22T11:53:48.855+0000] {processor.py:830} INFO - Processing file /opt/airflow/dags/bronze_dag_simple.py for tasks to queue
[2025-10-22T11:53:48.857+0000] {logging_mixin.py:188} INFO - [2025-10-22T11:53:48.857+0000] {dagbag.py:540} INFO - Filling up the DagBag from /opt/airflow/dags/bronze_dag_simple.py
[2025-10-22T11:53:48.874+0000] {processor.py:840} INFO - DAG(s) 'bronze_dag_simple' retrieved from /opt/airflow/dags/bronze_dag_simple.py
[2025-10-22T11:53:48.894+0000] {logging_mixin.py:188} INFO - [2025-10-22T11:53:48.894+0000] {dag.py:3096} INFO - Sync 1 DAGs
[2025-10-22T11:53:48.912+0000] {logging_mixin.py:188} INFO - [2025-10-22T11:53:48.911+0000] {dag.py:3954} INFO - Setting next_dagrun for bronze_dag_simple to 2025-10-20 18:00:00+00:00, run_after=2025-10-21 18:00:00+00:00
[2025-10-22T11:53:48.927+0000] {processor.py:183} INFO - Processing /opt/airflow/dags/bronze_dag_simple.py took 0.078 seconds
[2025-10-22T11:54:19.657+0000] {processor.py:161} INFO - Started process (PID=237) to work on /opt/airflow/dags/bronze_dag_simple.py
[2025-10-22T11:54:19.658+0000] {processor.py:830} INFO - Processing file /opt/airflow/dags/bronze_dag_simple.py for tasks to queue
[2025-10-22T11:54:19.659+0000] {logging_mixin.py:188} INFO - [2025-10-22T11:54:19.659+0000] {dagbag.py:540} INFO - Filling up the DagBag from /opt/airflow/dags/bronze_dag_simple.py
[2025-10-22T11:54:19.678+0000] {processor.py:840} INFO - DAG(s) 'bronze_dag_simple' retrieved from /opt/airflow/dags/bronze_dag_simple.py
[2025-10-22T11:54:19.697+0000] {logging_mixin.py:188} INFO - [2025-10-22T11:54:19.697+0000] {dag.py:3096} INFO - Sync 1 DAGs
[2025-10-22T11:54:19.713+0000] {logging_mixin.py:188} INFO - [2025-10-22T11:54:19.713+0000] {dag.py:3954} INFO - Setting next_dagrun for bronze_dag_simple to 2025-10-20 18:00:00+00:00, run_after=2025-10-21 18:00:00+00:00
[2025-10-22T11:54:19.729+0000] {processor.py:183} INFO - Processing /opt/airflow/dags/bronze_dag_simple.py took 0.076 seconds
[2025-10-22T11:55:06.595+0000] {processor.py:161} INFO - Started process (PID=240) to work on /opt/airflow/dags/bronze_dag_simple.py
[2025-10-22T11:55:06.596+0000] {processor.py:830} INFO - Processing file /opt/airflow/dags/bronze_dag_simple.py for tasks to queue
[2025-10-22T11:55:06.599+0000] {logging_mixin.py:188} INFO - [2025-10-22T11:55:06.598+0000] {dagbag.py:540} INFO - Filling up the DagBag from /opt/airflow/dags/bronze_dag_simple.py
[2025-10-22T11:55:06.620+0000] {processor.py:840} INFO - DAG(s) 'bronze_dag_simple' retrieved from /opt/airflow/dags/bronze_dag_simple.py
[2025-10-22T11:55:06.641+0000] {logging_mixin.py:188} INFO - [2025-10-22T11:55:06.641+0000] {dag.py:3096} INFO - Sync 1 DAGs
[2025-10-22T11:55:06.659+0000] {logging_mixin.py:188} INFO - [2025-10-22T11:55:06.658+0000] {dag.py:3954} INFO - Setting next_dagrun for bronze_dag_simple to 2025-10-20 18:00:00+00:00, run_after=2025-10-21 18:00:00+00:00
[2025-10-22T11:55:06.674+0000] {processor.py:183} INFO - Processing /opt/airflow/dags/bronze_dag_simple.py took 0.085 seconds
[2025-10-22T11:55:37.648+0000] {processor.py:161} INFO - Started process (PID=243) to work on /opt/airflow/dags/bronze_dag_simple.py
[2025-10-22T11:55:37.649+0000] {processor.py:830} INFO - Processing file /opt/airflow/dags/bronze_dag_simple.py for tasks to queue
[2025-10-22T11:55:37.650+0000] {logging_mixin.py:188} INFO - [2025-10-22T11:55:37.650+0000] {dagbag.py:540} INFO - Filling up the DagBag from /opt/airflow/dags/bronze_dag_simple.py
[2025-10-22T11:55:37.667+0000] {processor.py:840} INFO - DAG(s) 'bronze_dag_simple' retrieved from /opt/airflow/dags/bronze_dag_simple.py
[2025-10-22T11:55:37.684+0000] {logging_mixin.py:188} INFO - [2025-10-22T11:55:37.684+0000] {dag.py:3096} INFO - Sync 1 DAGs
[2025-10-22T11:55:37.700+0000] {logging_mixin.py:188} INFO - [2025-10-22T11:55:37.700+0000] {dag.py:3954} INFO - Setting next_dagrun for bronze_dag_simple to 2025-10-20 18:00:00+00:00, run_after=2025-10-21 18:00:00+00:00
[2025-10-22T11:55:37.713+0000] {processor.py:183} INFO - Processing /opt/airflow/dags/bronze_dag_simple.py took 0.070 seconds
[2025-10-22T11:56:09.616+0000] {processor.py:161} INFO - Started process (PID=246) to work on /opt/airflow/dags/bronze_dag_simple.py
[2025-10-22T11:56:09.616+0000] {processor.py:830} INFO - Processing file /opt/airflow/dags/bronze_dag_simple.py for tasks to queue
[2025-10-22T11:56:09.618+0000] {logging_mixin.py:188} INFO - [2025-10-22T11:56:09.618+0000] {dagbag.py:540} INFO - Filling up the DagBag from /opt/airflow/dags/bronze_dag_simple.py
[2025-10-22T11:56:09.634+0000] {processor.py:840} INFO - DAG(s) 'bronze_dag_simple' retrieved from /opt/airflow/dags/bronze_dag_simple.py
[2025-10-22T11:56:09.652+0000] {logging_mixin.py:188} INFO - [2025-10-22T11:56:09.652+0000] {dag.py:3096} INFO - Sync 1 DAGs
[2025-10-22T11:56:09.667+0000] {logging_mixin.py:188} INFO - [2025-10-22T11:56:09.667+0000] {dag.py:3954} INFO - Setting next_dagrun for bronze_dag_simple to 2025-10-20 18:00:00+00:00, run_after=2025-10-21 18:00:00+00:00
[2025-10-22T11:56:09.681+0000] {processor.py:183} INFO - Processing /opt/airflow/dags/bronze_dag_simple.py took 0.070 seconds
[2025-10-22T11:56:42.581+0000] {processor.py:161} INFO - Started process (PID=249) to work on /opt/airflow/dags/bronze_dag_simple.py
[2025-10-22T11:56:42.582+0000] {processor.py:830} INFO - Processing file /opt/airflow/dags/bronze_dag_simple.py for tasks to queue
[2025-10-22T11:56:42.584+0000] {logging_mixin.py:188} INFO - [2025-10-22T11:56:42.584+0000] {dagbag.py:540} INFO - Filling up the DagBag from /opt/airflow/dags/bronze_dag_simple.py
[2025-10-22T11:56:42.603+0000] {processor.py:840} INFO - DAG(s) 'bronze_dag_simple' retrieved from /opt/airflow/dags/bronze_dag_simple.py
[2025-10-22T11:56:42.622+0000] {logging_mixin.py:188} INFO - [2025-10-22T11:56:42.622+0000] {dag.py:3096} INFO - Sync 1 DAGs
[2025-10-22T11:56:42.638+0000] {logging_mixin.py:188} INFO - [2025-10-22T11:56:42.638+0000] {dag.py:3954} INFO - Setting next_dagrun for bronze_dag_simple to 2025-10-20 18:00:00+00:00, run_after=2025-10-21 18:00:00+00:00
[2025-10-22T11:56:42.653+0000] {processor.py:183} INFO - Processing /opt/airflow/dags/bronze_dag_simple.py took 0.077 seconds
[2025-10-22T11:57:13.773+0000] {processor.py:161} INFO - Started process (PID=252) to work on /opt/airflow/dags/bronze_dag_simple.py
[2025-10-22T11:57:13.774+0000] {processor.py:830} INFO - Processing file /opt/airflow/dags/bronze_dag_simple.py for tasks to queue
[2025-10-22T11:57:13.776+0000] {logging_mixin.py:188} INFO - [2025-10-22T11:57:13.775+0000] {dagbag.py:540} INFO - Filling up the DagBag from /opt/airflow/dags/bronze_dag_simple.py
[2025-10-22T11:57:13.793+0000] {processor.py:840} INFO - DAG(s) 'bronze_dag_simple' retrieved from /opt/airflow/dags/bronze_dag_simple.py
[2025-10-22T11:57:13.812+0000] {logging_mixin.py:188} INFO - [2025-10-22T11:57:13.812+0000] {dag.py:3096} INFO - Sync 1 DAGs
[2025-10-22T11:57:13.829+0000] {logging_mixin.py:188} INFO - [2025-10-22T11:57:13.828+0000] {dag.py:3954} INFO - Setting next_dagrun for bronze_dag_simple to 2025-10-20 18:00:00+00:00, run_after=2025-10-21 18:00:00+00:00
[2025-10-22T11:57:13.843+0000] {processor.py:183} INFO - Processing /opt/airflow/dags/bronze_dag_simple.py took 0.075 seconds
[2025-10-22T11:57:44.163+0000] {processor.py:161} INFO - Started process (PID=255) to work on /opt/airflow/dags/bronze_dag_simple.py
[2025-10-22T11:57:44.164+0000] {processor.py:830} INFO - Processing file /opt/airflow/dags/bronze_dag_simple.py for tasks to queue
[2025-10-22T11:57:44.166+0000] {logging_mixin.py:188} INFO - [2025-10-22T11:57:44.166+0000] {dagbag.py:540} INFO - Filling up the DagBag from /opt/airflow/dags/bronze_dag_simple.py
[2025-10-22T11:57:44.184+0000] {processor.py:840} INFO - DAG(s) 'bronze_dag_simple' retrieved from /opt/airflow/dags/bronze_dag_simple.py
[2025-10-22T11:57:44.202+0000] {logging_mixin.py:188} INFO - [2025-10-22T11:57:44.202+0000] {dag.py:3096} INFO - Sync 1 DAGs
[2025-10-22T11:57:44.219+0000] {logging_mixin.py:188} INFO - [2025-10-22T11:57:44.219+0000] {dag.py:3954} INFO - Setting next_dagrun for bronze_dag_simple to 2025-10-20 18:00:00+00:00, run_after=2025-10-21 18:00:00+00:00
[2025-10-22T11:57:44.239+0000] {processor.py:183} INFO - Processing /opt/airflow/dags/bronze_dag_simple.py took 0.080 seconds
[2025-10-22T11:58:24.089+0000] {processor.py:161} INFO - Started process (PID=258) to work on /opt/airflow/dags/bronze_dag_simple.py
[2025-10-22T11:58:24.090+0000] {processor.py:830} INFO - Processing file /opt/airflow/dags/bronze_dag_simple.py for tasks to queue
[2025-10-22T11:58:24.092+0000] {logging_mixin.py:188} INFO - [2025-10-22T11:58:24.091+0000] {dagbag.py:540} INFO - Filling up the DagBag from /opt/airflow/dags/bronze_dag_simple.py
[2025-10-22T11:58:24.110+0000] {processor.py:840} INFO - DAG(s) 'bronze_dag_simple' retrieved from /opt/airflow/dags/bronze_dag_simple.py
[2025-10-22T11:58:24.129+0000] {logging_mixin.py:188} INFO - [2025-10-22T11:58:24.129+0000] {dag.py:3096} INFO - Sync 1 DAGs
[2025-10-22T11:58:24.146+0000] {logging_mixin.py:188} INFO - [2025-10-22T11:58:24.146+0000] {dag.py:3954} INFO - Setting next_dagrun for bronze_dag_simple to 2025-10-20 18:00:00+00:00, run_after=2025-10-21 18:00:00+00:00
[2025-10-22T11:58:24.160+0000] {processor.py:183} INFO - Processing /opt/airflow/dags/bronze_dag_simple.py took 0.076 seconds
[2025-10-22T11:58:54.356+0000] {processor.py:161} INFO - Started process (PID=261) to work on /opt/airflow/dags/bronze_dag_simple.py
[2025-10-22T11:58:54.357+0000] {processor.py:830} INFO - Processing file /opt/airflow/dags/bronze_dag_simple.py for tasks to queue
[2025-10-22T11:58:54.359+0000] {logging_mixin.py:188} INFO - [2025-10-22T11:58:54.358+0000] {dagbag.py:540} INFO - Filling up the DagBag from /opt/airflow/dags/bronze_dag_simple.py
[2025-10-22T11:58:54.377+0000] {processor.py:840} INFO - DAG(s) 'bronze_dag_simple' retrieved from /opt/airflow/dags/bronze_dag_simple.py
[2025-10-22T11:58:54.398+0000] {logging_mixin.py:188} INFO - [2025-10-22T11:58:54.398+0000] {dag.py:3096} INFO - Sync 1 DAGs
[2025-10-22T11:58:54.417+0000] {logging_mixin.py:188} INFO - [2025-10-22T11:58:54.417+0000] {dag.py:3954} INFO - Setting next_dagrun for bronze_dag_simple to 2025-10-20 18:00:00+00:00, run_after=2025-10-21 18:00:00+00:00
[2025-10-22T11:58:54.434+0000] {processor.py:183} INFO - Processing /opt/airflow/dags/bronze_dag_simple.py took 0.083 seconds
[2025-10-22T11:59:24.603+0000] {processor.py:161} INFO - Started process (PID=265) to work on /opt/airflow/dags/bronze_dag_simple.py
[2025-10-22T11:59:24.604+0000] {processor.py:830} INFO - Processing file /opt/airflow/dags/bronze_dag_simple.py for tasks to queue
[2025-10-22T11:59:24.606+0000] {logging_mixin.py:188} INFO - [2025-10-22T11:59:24.605+0000] {dagbag.py:540} INFO - Filling up the DagBag from /opt/airflow/dags/bronze_dag_simple.py
[2025-10-22T11:59:24.629+0000] {processor.py:840} INFO - DAG(s) 'bronze_dag_simple' retrieved from /opt/airflow/dags/bronze_dag_simple.py
[2025-10-22T11:59:24.650+0000] {logging_mixin.py:188} INFO - [2025-10-22T11:59:24.650+0000] {dag.py:3096} INFO - Sync 1 DAGs
[2025-10-22T11:59:24.666+0000] {logging_mixin.py:188} INFO - [2025-10-22T11:59:24.666+0000] {dag.py:3954} INFO - Setting next_dagrun for bronze_dag_simple to 2025-10-20 18:00:00+00:00, run_after=2025-10-21 18:00:00+00:00
[2025-10-22T11:59:24.680+0000] {processor.py:183} INFO - Processing /opt/airflow/dags/bronze_dag_simple.py took 0.082 seconds
[2025-10-22T11:59:55.588+0000] {processor.py:161} INFO - Started process (PID=276) to work on /opt/airflow/dags/bronze_dag_simple.py
[2025-10-22T11:59:55.589+0000] {processor.py:830} INFO - Processing file /opt/airflow/dags/bronze_dag_simple.py for tasks to queue
[2025-10-22T11:59:55.591+0000] {logging_mixin.py:188} INFO - [2025-10-22T11:59:55.590+0000] {dagbag.py:540} INFO - Filling up the DagBag from /opt/airflow/dags/bronze_dag_simple.py
[2025-10-22T11:59:55.608+0000] {processor.py:840} INFO - DAG(s) 'bronze_dag_simple' retrieved from /opt/airflow/dags/bronze_dag_simple.py
[2025-10-22T11:59:55.625+0000] {logging_mixin.py:188} INFO - [2025-10-22T11:59:55.624+0000] {dag.py:3096} INFO - Sync 1 DAGs
[2025-10-22T11:59:55.671+0000] {processor.py:183} INFO - Processing /opt/airflow/dags/bronze_dag_simple.py took 0.088 seconds
[2025-10-22T12:00:26.569+0000] {processor.py:161} INFO - Started process (PID=283) to work on /opt/airflow/dags/bronze_dag_simple.py
[2025-10-22T12:00:26.570+0000] {processor.py:830} INFO - Processing file /opt/airflow/dags/bronze_dag_simple.py for tasks to queue
[2025-10-22T12:00:26.571+0000] {logging_mixin.py:188} INFO - [2025-10-22T12:00:26.571+0000] {dagbag.py:540} INFO - Filling up the DagBag from /opt/airflow/dags/bronze_dag_simple.py
[2025-10-22T12:00:26.588+0000] {processor.py:840} INFO - DAG(s) 'bronze_dag_simple' retrieved from /opt/airflow/dags/bronze_dag_simple.py
[2025-10-22T12:00:26.606+0000] {logging_mixin.py:188} INFO - [2025-10-22T12:00:26.606+0000] {dag.py:3096} INFO - Sync 1 DAGs
[2025-10-22T12:00:26.635+0000] {processor.py:183} INFO - Processing /opt/airflow/dags/bronze_dag_simple.py took 0.071 seconds
[2025-10-22T12:00:57.542+0000] {processor.py:161} INFO - Started process (PID=286) to work on /opt/airflow/dags/bronze_dag_simple.py
[2025-10-22T12:00:57.543+0000] {processor.py:830} INFO - Processing file /opt/airflow/dags/bronze_dag_simple.py for tasks to queue
[2025-10-22T12:00:57.545+0000] {logging_mixin.py:188} INFO - [2025-10-22T12:00:57.545+0000] {dagbag.py:540} INFO - Filling up the DagBag from /opt/airflow/dags/bronze_dag_simple.py
[2025-10-22T12:00:57.563+0000] {processor.py:840} INFO - DAG(s) 'bronze_dag_simple' retrieved from /opt/airflow/dags/bronze_dag_simple.py
[2025-10-22T12:00:57.583+0000] {logging_mixin.py:188} INFO - [2025-10-22T12:00:57.582+0000] {dag.py:3096} INFO - Sync 1 DAGs
[2025-10-22T12:00:57.611+0000] {processor.py:183} INFO - Processing /opt/airflow/dags/bronze_dag_simple.py took 0.075 seconds
[2025-10-22T12:01:28.514+0000] {processor.py:161} INFO - Started process (PID=289) to work on /opt/airflow/dags/bronze_dag_simple.py
[2025-10-22T12:01:28.515+0000] {processor.py:830} INFO - Processing file /opt/airflow/dags/bronze_dag_simple.py for tasks to queue
[2025-10-22T12:01:28.517+0000] {logging_mixin.py:188} INFO - [2025-10-22T12:01:28.517+0000] {dagbag.py:540} INFO - Filling up the DagBag from /opt/airflow/dags/bronze_dag_simple.py
[2025-10-22T12:01:28.539+0000] {processor.py:840} INFO - DAG(s) 'bronze_dag_simple' retrieved from /opt/airflow/dags/bronze_dag_simple.py
[2025-10-22T12:01:28.559+0000] {logging_mixin.py:188} INFO - [2025-10-22T12:01:28.558+0000] {dag.py:3096} INFO - Sync 1 DAGs
[2025-10-22T12:01:28.590+0000] {processor.py:183} INFO - Processing /opt/airflow/dags/bronze_dag_simple.py took 0.083 seconds
[2025-10-22T12:01:58.985+0000] {processor.py:161} INFO - Started process (PID=297) to work on /opt/airflow/dags/bronze_dag_simple.py
[2025-10-22T12:01:58.987+0000] {processor.py:830} INFO - Processing file /opt/airflow/dags/bronze_dag_simple.py for tasks to queue
[2025-10-22T12:01:58.988+0000] {logging_mixin.py:188} INFO - [2025-10-22T12:01:58.988+0000] {dagbag.py:540} INFO - Filling up the DagBag from /opt/airflow/dags/bronze_dag_simple.py
[2025-10-22T12:01:59.019+0000] {processor.py:840} INFO - DAG(s) 'bronze_dag_simple' retrieved from /opt/airflow/dags/bronze_dag_simple.py
[2025-10-22T12:01:59.096+0000] {logging_mixin.py:188} INFO - [2025-10-22T12:01:59.096+0000] {dag.py:3096} INFO - Sync 1 DAGs
[2025-10-22T12:01:59.531+0000] {processor.py:183} INFO - Processing /opt/airflow/dags/bronze_dag_simple.py took 0.553 seconds
[2025-10-22T12:04:06.453+0000] {processor.py:161} INFO - Started process (PID=55) to work on /opt/airflow/dags/bronze_dag_simple.py
[2025-10-22T12:04:06.453+0000] {processor.py:830} INFO - Processing file /opt/airflow/dags/bronze_dag_simple.py for tasks to queue
[2025-10-22T12:04:06.455+0000] {logging_mixin.py:188} INFO - [2025-10-22T12:04:06.455+0000] {dagbag.py:540} INFO - Filling up the DagBag from /opt/airflow/dags/bronze_dag_simple.py
[2025-10-22T12:04:06.473+0000] {processor.py:840} INFO - DAG(s) 'bronze_dag_simple' retrieved from /opt/airflow/dags/bronze_dag_simple.py
[2025-10-22T12:04:06.494+0000] {logging_mixin.py:188} INFO - [2025-10-22T12:04:06.494+0000] {dag.py:3096} INFO - Sync 1 DAGs
[2025-10-22T12:04:06.527+0000] {processor.py:183} INFO - Processing /opt/airflow/dags/bronze_dag_simple.py took 0.080 seconds
[2025-10-22T12:04:36.637+0000] {processor.py:161} INFO - Started process (PID=57) to work on /opt/airflow/dags/bronze_dag_simple.py
[2025-10-22T12:04:36.638+0000] {processor.py:830} INFO - Processing file /opt/airflow/dags/bronze_dag_simple.py for tasks to queue
[2025-10-22T12:04:36.639+0000] {logging_mixin.py:188} INFO - [2025-10-22T12:04:36.639+0000] {dagbag.py:540} INFO - Filling up the DagBag from /opt/airflow/dags/bronze_dag_simple.py
[2025-10-22T12:04:36.658+0000] {processor.py:840} INFO - DAG(s) 'bronze_dag_simple' retrieved from /opt/airflow/dags/bronze_dag_simple.py
[2025-10-22T12:04:36.763+0000] {logging_mixin.py:188} INFO - [2025-10-22T12:04:36.763+0000] {dag.py:3096} INFO - Sync 1 DAGs
[2025-10-22T12:04:36.794+0000] {processor.py:183} INFO - Processing /opt/airflow/dags/bronze_dag_simple.py took 0.162 seconds
[2025-10-22T12:05:06.942+0000] {processor.py:161} INFO - Started process (PID=59) to work on /opt/airflow/dags/bronze_dag_simple.py
[2025-10-22T12:05:06.943+0000] {processor.py:830} INFO - Processing file /opt/airflow/dags/bronze_dag_simple.py for tasks to queue
[2025-10-22T12:05:06.944+0000] {logging_mixin.py:188} INFO - [2025-10-22T12:05:06.944+0000] {dagbag.py:540} INFO - Filling up the DagBag from /opt/airflow/dags/bronze_dag_simple.py
[2025-10-22T12:05:06.960+0000] {processor.py:840} INFO - DAG(s) 'bronze_dag_simple' retrieved from /opt/airflow/dags/bronze_dag_simple.py
[2025-10-22T12:05:06.976+0000] {logging_mixin.py:188} INFO - [2025-10-22T12:05:06.976+0000] {dag.py:3096} INFO - Sync 1 DAGs
[2025-10-22T12:05:07.002+0000] {processor.py:183} INFO - Processing /opt/airflow/dags/bronze_dag_simple.py took 0.065 seconds
[2025-10-22T12:06:06.075+0000] {processor.py:161} INFO - Started process (PID=61) to work on /opt/airflow/dags/bronze_dag_simple.py
[2025-10-22T12:06:06.076+0000] {processor.py:830} INFO - Processing file /opt/airflow/dags/bronze_dag_simple.py for tasks to queue
[2025-10-22T12:06:06.078+0000] {logging_mixin.py:188} INFO - [2025-10-22T12:06:06.078+0000] {dagbag.py:540} INFO - Filling up the DagBag from /opt/airflow/dags/bronze_dag_simple.py
[2025-10-22T12:06:06.095+0000] {processor.py:840} INFO - DAG(s) 'bronze_dag_simple' retrieved from /opt/airflow/dags/bronze_dag_simple.py
[2025-10-22T12:06:06.112+0000] {logging_mixin.py:188} INFO - [2025-10-22T12:06:06.112+0000] {dag.py:3096} INFO - Sync 1 DAGs
[2025-10-22T12:06:06.141+0000] {processor.py:183} INFO - Processing /opt/airflow/dags/bronze_dag_simple.py took 0.071 seconds
[2025-10-22T12:06:36.643+0000] {processor.py:161} INFO - Started process (PID=63) to work on /opt/airflow/dags/bronze_dag_simple.py
[2025-10-22T12:06:36.644+0000] {processor.py:830} INFO - Processing file /opt/airflow/dags/bronze_dag_simple.py for tasks to queue
[2025-10-22T12:06:36.647+0000] {logging_mixin.py:188} INFO - [2025-10-22T12:06:36.647+0000] {dagbag.py:540} INFO - Filling up the DagBag from /opt/airflow/dags/bronze_dag_simple.py
[2025-10-22T12:06:36.670+0000] {processor.py:840} INFO - DAG(s) 'bronze_dag_simple' retrieved from /opt/airflow/dags/bronze_dag_simple.py
[2025-10-22T12:06:36.687+0000] {logging_mixin.py:188} INFO - [2025-10-22T12:06:36.687+0000] {dag.py:3096} INFO - Sync 1 DAGs
[2025-10-22T12:06:36.720+0000] {processor.py:183} INFO - Processing /opt/airflow/dags/bronze_dag_simple.py took 0.082 seconds
[2025-10-22T12:07:06.803+0000] {processor.py:161} INFO - Started process (PID=65) to work on /opt/airflow/dags/bronze_dag_simple.py
[2025-10-22T12:07:06.804+0000] {processor.py:830} INFO - Processing file /opt/airflow/dags/bronze_dag_simple.py for tasks to queue
[2025-10-22T12:07:06.805+0000] {logging_mixin.py:188} INFO - [2025-10-22T12:07:06.805+0000] {dagbag.py:540} INFO - Filling up the DagBag from /opt/airflow/dags/bronze_dag_simple.py
[2025-10-22T12:07:06.823+0000] {processor.py:840} INFO - DAG(s) 'bronze_dag_simple' retrieved from /opt/airflow/dags/bronze_dag_simple.py
[2025-10-22T12:07:06.843+0000] {logging_mixin.py:188} INFO - [2025-10-22T12:07:06.842+0000] {dag.py:3096} INFO - Sync 1 DAGs
[2025-10-22T12:07:06.875+0000] {processor.py:183} INFO - Processing /opt/airflow/dags/bronze_dag_simple.py took 0.077 seconds
[2025-10-22T12:08:05.420+0000] {processor.py:161} INFO - Started process (PID=69) to work on /opt/airflow/dags/bronze_dag_simple.py
[2025-10-22T12:08:05.421+0000] {processor.py:830} INFO - Processing file /opt/airflow/dags/bronze_dag_simple.py for tasks to queue
[2025-10-22T12:08:05.422+0000] {logging_mixin.py:188} INFO - [2025-10-22T12:08:05.422+0000] {dagbag.py:540} INFO - Filling up the DagBag from /opt/airflow/dags/bronze_dag_simple.py
[2025-10-22T12:08:05.438+0000] {processor.py:840} INFO - DAG(s) 'bronze_dag_simple' retrieved from /opt/airflow/dags/bronze_dag_simple.py
[2025-10-22T12:08:05.457+0000] {logging_mixin.py:188} INFO - [2025-10-22T12:08:05.457+0000] {dag.py:3096} INFO - Sync 1 DAGs
[2025-10-22T12:08:05.489+0000] {processor.py:183} INFO - Processing /opt/airflow/dags/bronze_dag_simple.py took 0.073 seconds
[2025-10-22T12:08:55.802+0000] {processor.py:161} INFO - Started process (PID=71) to work on /opt/airflow/dags/bronze_dag_simple.py
[2025-10-22T12:08:55.802+0000] {processor.py:830} INFO - Processing file /opt/airflow/dags/bronze_dag_simple.py for tasks to queue
[2025-10-22T12:08:55.804+0000] {logging_mixin.py:188} INFO - [2025-10-22T12:08:55.804+0000] {dagbag.py:540} INFO - Filling up the DagBag from /opt/airflow/dags/bronze_dag_simple.py
[2025-10-22T12:08:55.821+0000] {processor.py:840} INFO - DAG(s) 'bronze_dag_simple' retrieved from /opt/airflow/dags/bronze_dag_simple.py
[2025-10-22T12:08:55.838+0000] {logging_mixin.py:188} INFO - [2025-10-22T12:08:55.837+0000] {dag.py:3096} INFO - Sync 1 DAGs
[2025-10-22T12:08:55.868+0000] {processor.py:183} INFO - Processing /opt/airflow/dags/bronze_dag_simple.py took 0.071 seconds
[2025-10-22T12:09:27.155+0000] {processor.py:161} INFO - Started process (PID=73) to work on /opt/airflow/dags/bronze_dag_simple.py
[2025-10-22T12:09:27.156+0000] {processor.py:830} INFO - Processing file /opt/airflow/dags/bronze_dag_simple.py for tasks to queue
[2025-10-22T12:09:27.158+0000] {logging_mixin.py:188} INFO - [2025-10-22T12:09:27.158+0000] {dagbag.py:540} INFO - Filling up the DagBag from /opt/airflow/dags/bronze_dag_simple.py
[2025-10-22T12:09:27.176+0000] {processor.py:840} INFO - DAG(s) 'bronze_dag_simple' retrieved from /opt/airflow/dags/bronze_dag_simple.py
[2025-10-22T12:09:27.198+0000] {logging_mixin.py:188} INFO - [2025-10-22T12:09:27.198+0000] {dag.py:3096} INFO - Sync 1 DAGs
[2025-10-22T12:09:27.235+0000] {processor.py:183} INFO - Processing /opt/airflow/dags/bronze_dag_simple.py took 0.085 seconds
[2025-10-22T12:09:57.675+0000] {processor.py:161} INFO - Started process (PID=75) to work on /opt/airflow/dags/bronze_dag_simple.py
[2025-10-22T12:09:57.676+0000] {processor.py:830} INFO - Processing file /opt/airflow/dags/bronze_dag_simple.py for tasks to queue
[2025-10-22T12:09:57.677+0000] {logging_mixin.py:188} INFO - [2025-10-22T12:09:57.677+0000] {dagbag.py:540} INFO - Filling up the DagBag from /opt/airflow/dags/bronze_dag_simple.py
[2025-10-22T12:09:57.695+0000] {processor.py:840} INFO - DAG(s) 'bronze_dag_simple' retrieved from /opt/airflow/dags/bronze_dag_simple.py
[2025-10-22T12:09:57.716+0000] {logging_mixin.py:188} INFO - [2025-10-22T12:09:57.716+0000] {dag.py:3096} INFO - Sync 1 DAGs
[2025-10-22T12:09:57.754+0000] {processor.py:183} INFO - Processing /opt/airflow/dags/bronze_dag_simple.py took 0.084 seconds
[2025-10-22T12:10:37.540+0000] {processor.py:161} INFO - Started process (PID=77) to work on /opt/airflow/dags/bronze_dag_simple.py
[2025-10-22T12:10:37.541+0000] {processor.py:830} INFO - Processing file /opt/airflow/dags/bronze_dag_simple.py for tasks to queue
[2025-10-22T12:10:37.543+0000] {logging_mixin.py:188} INFO - [2025-10-22T12:10:37.543+0000] {dagbag.py:540} INFO - Filling up the DagBag from /opt/airflow/dags/bronze_dag_simple.py
[2025-10-22T12:10:37.562+0000] {processor.py:840} INFO - DAG(s) 'bronze_dag_simple' retrieved from /opt/airflow/dags/bronze_dag_simple.py
[2025-10-22T12:10:37.581+0000] {logging_mixin.py:188} INFO - [2025-10-22T12:10:37.581+0000] {dag.py:3096} INFO - Sync 1 DAGs
[2025-10-22T12:10:37.611+0000] {processor.py:183} INFO - Processing /opt/airflow/dags/bronze_dag_simple.py took 0.077 seconds
[2025-10-22T12:11:12.785+0000] {processor.py:161} INFO - Started process (PID=79) to work on /opt/airflow/dags/bronze_dag_simple.py
[2025-10-22T12:11:12.786+0000] {processor.py:830} INFO - Processing file /opt/airflow/dags/bronze_dag_simple.py for tasks to queue
[2025-10-22T12:11:12.787+0000] {logging_mixin.py:188} INFO - [2025-10-22T12:11:12.787+0000] {dagbag.py:540} INFO - Filling up the DagBag from /opt/airflow/dags/bronze_dag_simple.py
[2025-10-22T12:11:12.805+0000] {processor.py:840} INFO - DAG(s) 'bronze_dag_simple' retrieved from /opt/airflow/dags/bronze_dag_simple.py
[2025-10-22T12:11:12.821+0000] {logging_mixin.py:188} INFO - [2025-10-22T12:11:12.820+0000] {dag.py:3096} INFO - Sync 1 DAGs
[2025-10-22T12:11:12.846+0000] {processor.py:183} INFO - Processing /opt/airflow/dags/bronze_dag_simple.py took 0.066 seconds
[2025-10-22T12:11:42.953+0000] {processor.py:161} INFO - Started process (PID=81) to work on /opt/airflow/dags/bronze_dag_simple.py
[2025-10-22T12:11:42.954+0000] {processor.py:830} INFO - Processing file /opt/airflow/dags/bronze_dag_simple.py for tasks to queue
[2025-10-22T12:11:42.955+0000] {logging_mixin.py:188} INFO - [2025-10-22T12:11:42.955+0000] {dagbag.py:540} INFO - Filling up the DagBag from /opt/airflow/dags/bronze_dag_simple.py
[2025-10-22T12:11:42.975+0000] {processor.py:840} INFO - DAG(s) 'bronze_dag_simple' retrieved from /opt/airflow/dags/bronze_dag_simple.py
[2025-10-22T12:11:42.993+0000] {logging_mixin.py:188} INFO - [2025-10-22T12:11:42.993+0000] {dag.py:3096} INFO - Sync 1 DAGs
[2025-10-22T12:11:43.026+0000] {processor.py:183} INFO - Processing /opt/airflow/dags/bronze_dag_simple.py took 0.079 seconds
[2025-10-22T12:12:13.109+0000] {processor.py:161} INFO - Started process (PID=83) to work on /opt/airflow/dags/bronze_dag_simple.py
[2025-10-22T12:12:13.109+0000] {processor.py:830} INFO - Processing file /opt/airflow/dags/bronze_dag_simple.py for tasks to queue
[2025-10-22T12:12:13.111+0000] {logging_mixin.py:188} INFO - [2025-10-22T12:12:13.111+0000] {dagbag.py:540} INFO - Filling up the DagBag from /opt/airflow/dags/bronze_dag_simple.py
[2025-10-22T12:12:13.126+0000] {processor.py:840} INFO - DAG(s) 'bronze_dag_simple' retrieved from /opt/airflow/dags/bronze_dag_simple.py
[2025-10-22T12:12:13.140+0000] {logging_mixin.py:188} INFO - [2025-10-22T12:12:13.140+0000] {dag.py:3096} INFO - Sync 1 DAGs
[2025-10-22T12:12:13.167+0000] {processor.py:183} INFO - Processing /opt/airflow/dags/bronze_dag_simple.py took 0.063 seconds
[2025-10-22T12:13:12.313+0000] {processor.py:161} INFO - Started process (PID=90) to work on /opt/airflow/dags/bronze_dag_simple.py
[2025-10-22T12:13:12.314+0000] {processor.py:830} INFO - Processing file /opt/airflow/dags/bronze_dag_simple.py for tasks to queue
[2025-10-22T12:13:12.316+0000] {logging_mixin.py:188} INFO - [2025-10-22T12:13:12.315+0000] {dagbag.py:540} INFO - Filling up the DagBag from /opt/airflow/dags/bronze_dag_simple.py
[2025-10-22T12:13:12.375+0000] {processor.py:840} INFO - DAG(s) 'bronze_dag_simple' retrieved from /opt/airflow/dags/bronze_dag_simple.py
[2025-10-22T12:13:12.460+0000] {logging_mixin.py:188} INFO - [2025-10-22T12:13:12.459+0000] {dag.py:3096} INFO - Sync 1 DAGs
[2025-10-22T12:13:12.608+0000] {processor.py:183} INFO - Processing /opt/airflow/dags/bronze_dag_simple.py took 0.300 seconds
[2025-10-22T12:13:42.777+0000] {processor.py:161} INFO - Started process (PID=96) to work on /opt/airflow/dags/bronze_dag_simple.py
[2025-10-22T12:13:42.778+0000] {processor.py:830} INFO - Processing file /opt/airflow/dags/bronze_dag_simple.py for tasks to queue
[2025-10-22T12:13:42.780+0000] {logging_mixin.py:188} INFO - [2025-10-22T12:13:42.780+0000] {dagbag.py:540} INFO - Filling up the DagBag from /opt/airflow/dags/bronze_dag_simple.py
[2025-10-22T12:13:42.799+0000] {processor.py:840} INFO - DAG(s) 'bronze_dag_simple' retrieved from /opt/airflow/dags/bronze_dag_simple.py
[2025-10-22T12:13:42.816+0000] {logging_mixin.py:188} INFO - [2025-10-22T12:13:42.815+0000] {dag.py:3096} INFO - Sync 1 DAGs
[2025-10-22T12:13:42.844+0000] {processor.py:183} INFO - Processing /opt/airflow/dags/bronze_dag_simple.py took 0.072 seconds
[2025-10-22T12:14:13.778+0000] {processor.py:161} INFO - Started process (PID=106) to work on /opt/airflow/dags/bronze_dag_simple.py
[2025-10-22T12:14:13.779+0000] {processor.py:830} INFO - Processing file /opt/airflow/dags/bronze_dag_simple.py for tasks to queue
[2025-10-22T12:14:13.781+0000] {logging_mixin.py:188} INFO - [2025-10-22T12:14:13.781+0000] {dagbag.py:540} INFO - Filling up the DagBag from /opt/airflow/dags/bronze_dag_simple.py
[2025-10-22T12:14:13.801+0000] {processor.py:840} INFO - DAG(s) 'bronze_dag_simple' retrieved from /opt/airflow/dags/bronze_dag_simple.py
[2025-10-22T12:14:13.820+0000] {logging_mixin.py:188} INFO - [2025-10-22T12:14:13.820+0000] {dag.py:3096} INFO - Sync 1 DAGs
[2025-10-22T12:14:13.844+0000] {logging_mixin.py:188} INFO - [2025-10-22T12:14:13.844+0000] {dag.py:3954} INFO - Setting next_dagrun for bronze_dag_simple to 2025-10-21 18:00:00+00:00, run_after=2025-10-22 18:00:00+00:00
[2025-10-22T12:14:13.864+0000] {processor.py:183} INFO - Processing /opt/airflow/dags/bronze_dag_simple.py took 0.091 seconds
[2025-10-22T12:15:16.845+0000] {processor.py:161} INFO - Started process (PID=108) to work on /opt/airflow/dags/bronze_dag_simple.py
[2025-10-22T12:15:16.846+0000] {processor.py:830} INFO - Processing file /opt/airflow/dags/bronze_dag_simple.py for tasks to queue
[2025-10-22T12:15:16.847+0000] {logging_mixin.py:188} INFO - [2025-10-22T12:15:16.847+0000] {dagbag.py:540} INFO - Filling up the DagBag from /opt/airflow/dags/bronze_dag_simple.py
[2025-10-22T12:15:16.865+0000] {processor.py:840} INFO - DAG(s) 'bronze_dag_simple' retrieved from /opt/airflow/dags/bronze_dag_simple.py
[2025-10-22T12:15:16.883+0000] {logging_mixin.py:188} INFO - [2025-10-22T12:15:16.883+0000] {dag.py:3096} INFO - Sync 1 DAGs
[2025-10-22T12:15:16.901+0000] {logging_mixin.py:188} INFO - [2025-10-22T12:15:16.901+0000] {dag.py:3954} INFO - Setting next_dagrun for bronze_dag_simple to 2025-10-21 18:00:00+00:00, run_after=2025-10-22 18:00:00+00:00
[2025-10-22T12:15:16.915+0000] {processor.py:183} INFO - Processing /opt/airflow/dags/bronze_dag_simple.py took 0.074 seconds
[2025-10-22T12:15:47.344+0000] {processor.py:161} INFO - Started process (PID=110) to work on /opt/airflow/dags/bronze_dag_simple.py
[2025-10-22T12:15:47.345+0000] {processor.py:830} INFO - Processing file /opt/airflow/dags/bronze_dag_simple.py for tasks to queue
[2025-10-22T12:15:47.346+0000] {logging_mixin.py:188} INFO - [2025-10-22T12:15:47.346+0000] {dagbag.py:540} INFO - Filling up the DagBag from /opt/airflow/dags/bronze_dag_simple.py
[2025-10-22T12:15:47.366+0000] {processor.py:840} INFO - DAG(s) 'bronze_dag_simple' retrieved from /opt/airflow/dags/bronze_dag_simple.py
[2025-10-22T12:15:47.388+0000] {logging_mixin.py:188} INFO - [2025-10-22T12:15:47.387+0000] {dag.py:3096} INFO - Sync 1 DAGs
[2025-10-22T12:15:47.408+0000] {logging_mixin.py:188} INFO - [2025-10-22T12:15:47.408+0000] {dag.py:3954} INFO - Setting next_dagrun for bronze_dag_simple to 2025-10-21 18:00:00+00:00, run_after=2025-10-22 18:00:00+00:00
[2025-10-22T12:15:47.424+0000] {processor.py:183} INFO - Processing /opt/airflow/dags/bronze_dag_simple.py took 0.085 seconds
[2025-10-22T12:16:24.292+0000] {processor.py:161} INFO - Started process (PID=112) to work on /opt/airflow/dags/bronze_dag_simple.py
[2025-10-22T12:16:24.293+0000] {processor.py:830} INFO - Processing file /opt/airflow/dags/bronze_dag_simple.py for tasks to queue
[2025-10-22T12:16:24.296+0000] {logging_mixin.py:188} INFO - [2025-10-22T12:16:24.295+0000] {dagbag.py:540} INFO - Filling up the DagBag from /opt/airflow/dags/bronze_dag_simple.py
[2025-10-22T12:16:24.314+0000] {processor.py:840} INFO - DAG(s) 'bronze_dag_simple' retrieved from /opt/airflow/dags/bronze_dag_simple.py
[2025-10-22T12:16:24.334+0000] {logging_mixin.py:188} INFO - [2025-10-22T12:16:24.334+0000] {dag.py:3096} INFO - Sync 1 DAGs
[2025-10-22T12:16:24.354+0000] {logging_mixin.py:188} INFO - [2025-10-22T12:16:24.354+0000] {dag.py:3954} INFO - Setting next_dagrun for bronze_dag_simple to 2025-10-21 18:00:00+00:00, run_after=2025-10-22 18:00:00+00:00
[2025-10-22T12:16:24.373+0000] {processor.py:183} INFO - Processing /opt/airflow/dags/bronze_dag_simple.py took 0.086 seconds
[2025-10-22T12:16:54.538+0000] {processor.py:161} INFO - Started process (PID=114) to work on /opt/airflow/dags/bronze_dag_simple.py
[2025-10-22T12:16:54.538+0000] {processor.py:830} INFO - Processing file /opt/airflow/dags/bronze_dag_simple.py for tasks to queue
[2025-10-22T12:16:54.540+0000] {logging_mixin.py:188} INFO - [2025-10-22T12:16:54.540+0000] {dagbag.py:540} INFO - Filling up the DagBag from /opt/airflow/dags/bronze_dag_simple.py
[2025-10-22T12:16:54.556+0000] {processor.py:840} INFO - DAG(s) 'bronze_dag_simple' retrieved from /opt/airflow/dags/bronze_dag_simple.py
[2025-10-22T12:16:54.571+0000] {logging_mixin.py:188} INFO - [2025-10-22T12:16:54.571+0000] {dag.py:3096} INFO - Sync 1 DAGs
[2025-10-22T12:16:54.588+0000] {logging_mixin.py:188} INFO - [2025-10-22T12:16:54.588+0000] {dag.py:3954} INFO - Setting next_dagrun for bronze_dag_simple to 2025-10-21 18:00:00+00:00, run_after=2025-10-22 18:00:00+00:00
[2025-10-22T12:16:54.602+0000] {processor.py:183} INFO - Processing /opt/airflow/dags/bronze_dag_simple.py took 0.068 seconds
[2025-10-22T12:17:45.859+0000] {processor.py:161} INFO - Started process (PID=116) to work on /opt/airflow/dags/bronze_dag_simple.py
[2025-10-22T12:17:45.860+0000] {processor.py:830} INFO - Processing file /opt/airflow/dags/bronze_dag_simple.py for tasks to queue
[2025-10-22T12:17:45.861+0000] {logging_mixin.py:188} INFO - [2025-10-22T12:17:45.861+0000] {dagbag.py:540} INFO - Filling up the DagBag from /opt/airflow/dags/bronze_dag_simple.py
[2025-10-22T12:17:45.879+0000] {processor.py:840} INFO - DAG(s) 'bronze_dag_simple' retrieved from /opt/airflow/dags/bronze_dag_simple.py
[2025-10-22T12:17:45.896+0000] {logging_mixin.py:188} INFO - [2025-10-22T12:17:45.896+0000] {dag.py:3096} INFO - Sync 1 DAGs
[2025-10-22T12:17:45.913+0000] {logging_mixin.py:188} INFO - [2025-10-22T12:17:45.913+0000] {dag.py:3954} INFO - Setting next_dagrun for bronze_dag_simple to 2025-10-21 18:00:00+00:00, run_after=2025-10-22 18:00:00+00:00
[2025-10-22T12:17:45.929+0000] {processor.py:183} INFO - Processing /opt/airflow/dags/bronze_dag_simple.py took 0.074 seconds
[2025-10-22T12:18:16.323+0000] {processor.py:161} INFO - Started process (PID=123) to work on /opt/airflow/dags/bronze_dag_simple.py
[2025-10-22T12:18:16.324+0000] {processor.py:830} INFO - Processing file /opt/airflow/dags/bronze_dag_simple.py for tasks to queue
[2025-10-22T12:18:16.329+0000] {logging_mixin.py:188} INFO - [2025-10-22T12:18:16.328+0000] {dagbag.py:540} INFO - Filling up the DagBag from /opt/airflow/dags/bronze_dag_simple.py
[2025-10-22T12:18:16.384+0000] {processor.py:840} INFO - DAG(s) 'bronze_dag_simple' retrieved from /opt/airflow/dags/bronze_dag_simple.py
[2025-10-22T12:18:16.423+0000] {logging_mixin.py:188} INFO - [2025-10-22T12:18:16.423+0000] {dag.py:3096} INFO - Sync 1 DAGs
[2025-10-22T12:18:16.458+0000] {logging_mixin.py:188} INFO - [2025-10-22T12:18:16.458+0000] {dag.py:3954} INFO - Setting next_dagrun for bronze_dag_simple to 2025-10-21 18:00:00+00:00, run_after=2025-10-22 18:00:00+00:00
[2025-10-22T12:18:16.483+0000] {processor.py:183} INFO - Processing /opt/airflow/dags/bronze_dag_simple.py took 0.170 seconds
[2025-10-22T12:18:46.708+0000] {processor.py:161} INFO - Started process (PID=130) to work on /opt/airflow/dags/bronze_dag_simple.py
[2025-10-22T12:18:46.709+0000] {processor.py:830} INFO - Processing file /opt/airflow/dags/bronze_dag_simple.py for tasks to queue
[2025-10-22T12:18:46.710+0000] {logging_mixin.py:188} INFO - [2025-10-22T12:18:46.710+0000] {dagbag.py:540} INFO - Filling up the DagBag from /opt/airflow/dags/bronze_dag_simple.py
[2025-10-22T12:18:46.729+0000] {processor.py:840} INFO - DAG(s) 'bronze_dag_simple' retrieved from /opt/airflow/dags/bronze_dag_simple.py
[2025-10-22T12:18:46.747+0000] {logging_mixin.py:188} INFO - [2025-10-22T12:18:46.747+0000] {dag.py:3096} INFO - Sync 1 DAGs
[2025-10-22T12:18:46.765+0000] {logging_mixin.py:188} INFO - [2025-10-22T12:18:46.765+0000] {dag.py:3954} INFO - Setting next_dagrun for bronze_dag_simple to 2025-10-21 18:00:00+00:00, run_after=2025-10-22 18:00:00+00:00
[2025-10-22T12:18:46.780+0000] {processor.py:183} INFO - Processing /opt/airflow/dags/bronze_dag_simple.py took 0.076 seconds
[2025-10-22T12:19:16.928+0000] {processor.py:161} INFO - Started process (PID=132) to work on /opt/airflow/dags/bronze_dag_simple.py
[2025-10-22T12:19:16.929+0000] {processor.py:830} INFO - Processing file /opt/airflow/dags/bronze_dag_simple.py for tasks to queue
[2025-10-22T12:19:16.930+0000] {logging_mixin.py:188} INFO - [2025-10-22T12:19:16.930+0000] {dagbag.py:540} INFO - Filling up the DagBag from /opt/airflow/dags/bronze_dag_simple.py
[2025-10-22T12:19:16.946+0000] {processor.py:840} INFO - DAG(s) 'bronze_dag_simple' retrieved from /opt/airflow/dags/bronze_dag_simple.py
[2025-10-22T12:19:16.963+0000] {logging_mixin.py:188} INFO - [2025-10-22T12:19:16.963+0000] {dag.py:3096} INFO - Sync 1 DAGs
[2025-10-22T12:19:16.980+0000] {logging_mixin.py:188} INFO - [2025-10-22T12:19:16.980+0000] {dag.py:3954} INFO - Setting next_dagrun for bronze_dag_simple to 2025-10-21 18:00:00+00:00, run_after=2025-10-22 18:00:00+00:00
[2025-10-22T12:19:16.995+0000] {processor.py:183} INFO - Processing /opt/airflow/dags/bronze_dag_simple.py took 0.071 seconds
[2025-10-22T12:19:59.823+0000] {processor.py:161} INFO - Started process (PID=134) to work on /opt/airflow/dags/bronze_dag_simple.py
[2025-10-22T12:19:59.824+0000] {processor.py:830} INFO - Processing file /opt/airflow/dags/bronze_dag_simple.py for tasks to queue
[2025-10-22T12:19:59.825+0000] {logging_mixin.py:188} INFO - [2025-10-22T12:19:59.825+0000] {dagbag.py:540} INFO - Filling up the DagBag from /opt/airflow/dags/bronze_dag_simple.py
[2025-10-22T12:19:59.841+0000] {processor.py:840} INFO - DAG(s) 'bronze_dag_simple' retrieved from /opt/airflow/dags/bronze_dag_simple.py
[2025-10-22T12:19:59.857+0000] {logging_mixin.py:188} INFO - [2025-10-22T12:19:59.856+0000] {dag.py:3096} INFO - Sync 1 DAGs
[2025-10-22T12:19:59.874+0000] {logging_mixin.py:188} INFO - [2025-10-22T12:19:59.874+0000] {dag.py:3954} INFO - Setting next_dagrun for bronze_dag_simple to 2025-10-21 18:00:00+00:00, run_after=2025-10-22 18:00:00+00:00
[2025-10-22T12:19:59.892+0000] {processor.py:183} INFO - Processing /opt/airflow/dags/bronze_dag_simple.py took 0.074 seconds
[2025-10-22T12:20:30.057+0000] {processor.py:161} INFO - Started process (PID=136) to work on /opt/airflow/dags/bronze_dag_simple.py
[2025-10-22T12:20:30.057+0000] {processor.py:830} INFO - Processing file /opt/airflow/dags/bronze_dag_simple.py for tasks to queue
[2025-10-22T12:20:30.059+0000] {logging_mixin.py:188} INFO - [2025-10-22T12:20:30.059+0000] {dagbag.py:540} INFO - Filling up the DagBag from /opt/airflow/dags/bronze_dag_simple.py
[2025-10-22T12:20:30.076+0000] {processor.py:840} INFO - DAG(s) 'bronze_dag_simple' retrieved from /opt/airflow/dags/bronze_dag_simple.py
[2025-10-22T12:20:30.093+0000] {logging_mixin.py:188} INFO - [2025-10-22T12:20:30.093+0000] {dag.py:3096} INFO - Sync 1 DAGs
[2025-10-22T12:20:30.109+0000] {logging_mixin.py:188} INFO - [2025-10-22T12:20:30.109+0000] {dag.py:3954} INFO - Setting next_dagrun for bronze_dag_simple to 2025-10-21 18:00:00+00:00, run_after=2025-10-22 18:00:00+00:00
[2025-10-22T12:20:30.122+0000] {processor.py:183} INFO - Processing /opt/airflow/dags/bronze_dag_simple.py took 0.070 seconds
[2025-10-22T12:21:00.887+0000] {processor.py:161} INFO - Started process (PID=138) to work on /opt/airflow/dags/bronze_dag_simple.py
[2025-10-22T12:21:00.888+0000] {processor.py:830} INFO - Processing file /opt/airflow/dags/bronze_dag_simple.py for tasks to queue
[2025-10-22T12:21:00.890+0000] {logging_mixin.py:188} INFO - [2025-10-22T12:21:00.889+0000] {dagbag.py:540} INFO - Filling up the DagBag from /opt/airflow/dags/bronze_dag_simple.py
[2025-10-22T12:21:00.909+0000] {processor.py:840} INFO - DAG(s) 'bronze_dag_simple' retrieved from /opt/airflow/dags/bronze_dag_simple.py
[2025-10-22T12:21:00.932+0000] {logging_mixin.py:188} INFO - [2025-10-22T12:21:00.931+0000] {dag.py:3096} INFO - Sync 1 DAGs
[2025-10-22T12:21:00.955+0000] {logging_mixin.py:188} INFO - [2025-10-22T12:21:00.954+0000] {dag.py:3954} INFO - Setting next_dagrun for bronze_dag_simple to 2025-10-21 18:00:00+00:00, run_after=2025-10-22 18:00:00+00:00
[2025-10-22T12:21:00.970+0000] {processor.py:183} INFO - Processing /opt/airflow/dags/bronze_dag_simple.py took 0.088 seconds
[2025-10-22T12:21:31.776+0000] {processor.py:161} INFO - Started process (PID=140) to work on /opt/airflow/dags/bronze_dag_simple.py
[2025-10-22T12:21:31.777+0000] {processor.py:830} INFO - Processing file /opt/airflow/dags/bronze_dag_simple.py for tasks to queue
[2025-10-22T12:21:31.779+0000] {logging_mixin.py:188} INFO - [2025-10-22T12:21:31.779+0000] {dagbag.py:540} INFO - Filling up the DagBag from /opt/airflow/dags/bronze_dag_simple.py
[2025-10-22T12:21:31.798+0000] {processor.py:840} INFO - DAG(s) 'bronze_dag_simple' retrieved from /opt/airflow/dags/bronze_dag_simple.py
[2025-10-22T12:21:31.817+0000] {logging_mixin.py:188} INFO - [2025-10-22T12:21:31.817+0000] {dag.py:3096} INFO - Sync 1 DAGs
[2025-10-22T12:21:31.836+0000] {logging_mixin.py:188} INFO - [2025-10-22T12:21:31.835+0000] {dag.py:3954} INFO - Setting next_dagrun for bronze_dag_simple to 2025-10-21 18:00:00+00:00, run_after=2025-10-22 18:00:00+00:00
[2025-10-22T12:21:31.851+0000] {processor.py:183} INFO - Processing /opt/airflow/dags/bronze_dag_simple.py took 0.081 seconds
[2025-10-22T12:22:02.719+0000] {processor.py:161} INFO - Started process (PID=142) to work on /opt/airflow/dags/bronze_dag_simple.py
[2025-10-22T12:22:02.719+0000] {processor.py:830} INFO - Processing file /opt/airflow/dags/bronze_dag_simple.py for tasks to queue
[2025-10-22T12:22:02.721+0000] {logging_mixin.py:188} INFO - [2025-10-22T12:22:02.721+0000] {dagbag.py:540} INFO - Filling up the DagBag from /opt/airflow/dags/bronze_dag_simple.py
[2025-10-22T12:22:02.737+0000] {processor.py:840} INFO - DAG(s) 'bronze_dag_simple' retrieved from /opt/airflow/dags/bronze_dag_simple.py
[2025-10-22T12:22:02.752+0000] {logging_mixin.py:188} INFO - [2025-10-22T12:22:02.752+0000] {dag.py:3096} INFO - Sync 1 DAGs
[2025-10-22T12:22:02.768+0000] {logging_mixin.py:188} INFO - [2025-10-22T12:22:02.768+0000] {dag.py:3954} INFO - Setting next_dagrun for bronze_dag_simple to 2025-10-21 18:00:00+00:00, run_after=2025-10-22 18:00:00+00:00
[2025-10-22T12:22:02.780+0000] {processor.py:183} INFO - Processing /opt/airflow/dags/bronze_dag_simple.py took 0.066 seconds
[2025-10-22T12:22:55.761+0000] {processor.py:161} INFO - Started process (PID=144) to work on /opt/airflow/dags/bronze_dag_simple.py
[2025-10-22T12:22:55.762+0000] {processor.py:830} INFO - Processing file /opt/airflow/dags/bronze_dag_simple.py for tasks to queue
[2025-10-22T12:22:55.763+0000] {logging_mixin.py:188} INFO - [2025-10-22T12:22:55.763+0000] {dagbag.py:540} INFO - Filling up the DagBag from /opt/airflow/dags/bronze_dag_simple.py
[2025-10-22T12:22:55.781+0000] {processor.py:840} INFO - DAG(s) 'bronze_dag_simple' retrieved from /opt/airflow/dags/bronze_dag_simple.py
[2025-10-22T12:22:55.798+0000] {logging_mixin.py:188} INFO - [2025-10-22T12:22:55.798+0000] {dag.py:3096} INFO - Sync 1 DAGs
[2025-10-22T12:22:55.815+0000] {logging_mixin.py:188} INFO - [2025-10-22T12:22:55.814+0000] {dag.py:3954} INFO - Setting next_dagrun for bronze_dag_simple to 2025-10-21 18:00:00+00:00, run_after=2025-10-22 18:00:00+00:00
[2025-10-22T12:22:55.829+0000] {processor.py:183} INFO - Processing /opt/airflow/dags/bronze_dag_simple.py took 0.072 seconds
[2025-10-22T12:23:26.259+0000] {processor.py:161} INFO - Started process (PID=150) to work on /opt/airflow/dags/bronze_dag_simple.py
[2025-10-22T12:23:26.260+0000] {processor.py:830} INFO - Processing file /opt/airflow/dags/bronze_dag_simple.py for tasks to queue
[2025-10-22T12:23:26.264+0000] {logging_mixin.py:188} INFO - [2025-10-22T12:23:26.264+0000] {dagbag.py:540} INFO - Filling up the DagBag from /opt/airflow/dags/bronze_dag_simple.py
[2025-10-22T12:23:26.296+0000] {processor.py:840} INFO - DAG(s) 'bronze_dag_simple' retrieved from /opt/airflow/dags/bronze_dag_simple.py
[2025-10-22T12:23:26.330+0000] {logging_mixin.py:188} INFO - [2025-10-22T12:23:26.329+0000] {dag.py:3096} INFO - Sync 1 DAGs
[2025-10-22T12:23:26.365+0000] {logging_mixin.py:188} INFO - [2025-10-22T12:23:26.365+0000] {dag.py:3954} INFO - Setting next_dagrun for bronze_dag_simple to 2025-10-21 18:00:00+00:00, run_after=2025-10-22 18:00:00+00:00
[2025-10-22T12:23:26.388+0000] {processor.py:183} INFO - Processing /opt/airflow/dags/bronze_dag_simple.py took 0.136 seconds
[2025-10-22T12:23:56.674+0000] {processor.py:161} INFO - Started process (PID=157) to work on /opt/airflow/dags/bronze_dag_simple.py
[2025-10-22T12:23:56.682+0000] {processor.py:830} INFO - Processing file /opt/airflow/dags/bronze_dag_simple.py for tasks to queue
[2025-10-22T12:23:56.686+0000] {logging_mixin.py:188} INFO - [2025-10-22T12:23:56.686+0000] {dagbag.py:540} INFO - Filling up the DagBag from /opt/airflow/dags/bronze_dag_simple.py
[2025-10-22T12:23:56.729+0000] {processor.py:840} INFO - DAG(s) 'bronze_dag_simple' retrieved from /opt/airflow/dags/bronze_dag_simple.py
[2025-10-22T12:23:56.767+0000] {logging_mixin.py:188} INFO - [2025-10-22T12:23:56.767+0000] {dag.py:3096} INFO - Sync 1 DAGs
[2025-10-22T12:23:56.806+0000] {logging_mixin.py:188} INFO - [2025-10-22T12:23:56.806+0000] {dag.py:3954} INFO - Setting next_dagrun for bronze_dag_simple to 2025-10-21 18:00:00+00:00, run_after=2025-10-22 18:00:00+00:00
[2025-10-22T12:23:56.836+0000] {processor.py:183} INFO - Processing /opt/airflow/dags/bronze_dag_simple.py took 0.171 seconds
[2025-10-22T12:24:38.662+0000] {processor.py:161} INFO - Started process (PID=159) to work on /opt/airflow/dags/bronze_dag_simple.py
[2025-10-22T12:24:38.664+0000] {processor.py:830} INFO - Processing file /opt/airflow/dags/bronze_dag_simple.py for tasks to queue
[2025-10-22T12:24:38.667+0000] {logging_mixin.py:188} INFO - [2025-10-22T12:24:38.666+0000] {dagbag.py:540} INFO - Filling up the DagBag from /opt/airflow/dags/bronze_dag_simple.py
[2025-10-22T12:24:38.690+0000] {processor.py:840} INFO - DAG(s) 'bronze_dag_simple' retrieved from /opt/airflow/dags/bronze_dag_simple.py
[2025-10-22T12:24:38.711+0000] {logging_mixin.py:188} INFO - [2025-10-22T12:24:38.710+0000] {dag.py:3096} INFO - Sync 1 DAGs
[2025-10-22T12:24:38.730+0000] {logging_mixin.py:188} INFO - [2025-10-22T12:24:38.730+0000] {dag.py:3954} INFO - Setting next_dagrun for bronze_dag_simple to 2025-10-21 18:00:00+00:00, run_after=2025-10-22 18:00:00+00:00
[2025-10-22T12:24:38.986+0000] {processor.py:183} INFO - Processing /opt/airflow/dags/bronze_dag_simple.py took 0.331 seconds
[2025-10-22T12:25:09.434+0000] {processor.py:161} INFO - Started process (PID=160) to work on /opt/airflow/dags/bronze_dag_simple.py
[2025-10-22T12:25:09.435+0000] {processor.py:830} INFO - Processing file /opt/airflow/dags/bronze_dag_simple.py for tasks to queue
[2025-10-22T12:25:09.437+0000] {logging_mixin.py:188} INFO - [2025-10-22T12:25:09.436+0000] {dagbag.py:540} INFO - Filling up the DagBag from /opt/airflow/dags/bronze_dag_simple.py
[2025-10-22T12:25:09.455+0000] {processor.py:840} INFO - DAG(s) 'bronze_dag_simple' retrieved from /opt/airflow/dags/bronze_dag_simple.py
[2025-10-22T12:25:09.474+0000] {logging_mixin.py:188} INFO - [2025-10-22T12:25:09.474+0000] {dag.py:3096} INFO - Sync 1 DAGs
[2025-10-22T12:25:09.490+0000] {logging_mixin.py:188} INFO - [2025-10-22T12:25:09.490+0000] {dag.py:3954} INFO - Setting next_dagrun for bronze_dag_simple to 2025-10-21 18:00:00+00:00, run_after=2025-10-22 18:00:00+00:00
[2025-10-22T12:25:09.509+0000] {processor.py:183} INFO - Processing /opt/airflow/dags/bronze_dag_simple.py took 0.080 seconds
[2025-10-22T12:25:55.549+0000] {processor.py:161} INFO - Started process (PID=163) to work on /opt/airflow/dags/bronze_dag_simple.py
[2025-10-22T12:25:55.551+0000] {processor.py:830} INFO - Processing file /opt/airflow/dags/bronze_dag_simple.py for tasks to queue
[2025-10-22T12:25:55.553+0000] {logging_mixin.py:188} INFO - [2025-10-22T12:25:55.552+0000] {dagbag.py:540} INFO - Filling up the DagBag from /opt/airflow/dags/bronze_dag_simple.py
[2025-10-22T12:25:55.581+0000] {processor.py:840} INFO - DAG(s) 'bronze_dag_simple' retrieved from /opt/airflow/dags/bronze_dag_simple.py
[2025-10-22T12:25:55.603+0000] {logging_mixin.py:188} INFO - [2025-10-22T12:25:55.603+0000] {dag.py:3096} INFO - Sync 1 DAGs
[2025-10-22T12:25:55.621+0000] {logging_mixin.py:188} INFO - [2025-10-22T12:25:55.621+0000] {dag.py:3954} INFO - Setting next_dagrun for bronze_dag_simple to 2025-10-21 18:00:00+00:00, run_after=2025-10-22 18:00:00+00:00
[2025-10-22T12:25:55.637+0000] {processor.py:183} INFO - Processing /opt/airflow/dags/bronze_dag_simple.py took 0.094 seconds
[2025-10-22T12:26:25.904+0000] {processor.py:161} INFO - Started process (PID=165) to work on /opt/airflow/dags/bronze_dag_simple.py
[2025-10-22T12:26:25.905+0000] {processor.py:830} INFO - Processing file /opt/airflow/dags/bronze_dag_simple.py for tasks to queue
[2025-10-22T12:26:25.907+0000] {logging_mixin.py:188} INFO - [2025-10-22T12:26:25.907+0000] {dagbag.py:540} INFO - Filling up the DagBag from /opt/airflow/dags/bronze_dag_simple.py
[2025-10-22T12:26:25.926+0000] {processor.py:840} INFO - DAG(s) 'bronze_dag_simple' retrieved from /opt/airflow/dags/bronze_dag_simple.py
[2025-10-22T12:26:25.945+0000] {logging_mixin.py:188} INFO - [2025-10-22T12:26:25.945+0000] {dag.py:3096} INFO - Sync 1 DAGs
[2025-10-22T12:26:25.963+0000] {logging_mixin.py:188} INFO - [2025-10-22T12:26:25.963+0000] {dag.py:3954} INFO - Setting next_dagrun for bronze_dag_simple to 2025-10-21 18:00:00+00:00, run_after=2025-10-22 18:00:00+00:00
[2025-10-22T12:26:25.979+0000] {processor.py:183} INFO - Processing /opt/airflow/dags/bronze_dag_simple.py took 0.080 seconds
[2025-10-22T12:26:56.796+0000] {processor.py:161} INFO - Started process (PID=167) to work on /opt/airflow/dags/bronze_dag_simple.py
[2025-10-22T12:26:56.797+0000] {processor.py:830} INFO - Processing file /opt/airflow/dags/bronze_dag_simple.py for tasks to queue
[2025-10-22T12:26:56.799+0000] {logging_mixin.py:188} INFO - [2025-10-22T12:26:56.798+0000] {dagbag.py:540} INFO - Filling up the DagBag from /opt/airflow/dags/bronze_dag_simple.py
[2025-10-22T12:26:56.816+0000] {processor.py:840} INFO - DAG(s) 'bronze_dag_simple' retrieved from /opt/airflow/dags/bronze_dag_simple.py
[2025-10-22T12:26:56.835+0000] {logging_mixin.py:188} INFO - [2025-10-22T12:26:56.835+0000] {dag.py:3096} INFO - Sync 1 DAGs
[2025-10-22T12:26:56.854+0000] {logging_mixin.py:188} INFO - [2025-10-22T12:26:56.854+0000] {dag.py:3954} INFO - Setting next_dagrun for bronze_dag_simple to 2025-10-21 18:00:00+00:00, run_after=2025-10-22 18:00:00+00:00
[2025-10-22T12:26:56.868+0000] {processor.py:183} INFO - Processing /opt/airflow/dags/bronze_dag_simple.py took 0.076 seconds
[2025-10-22T12:27:27.204+0000] {processor.py:161} INFO - Started process (PID=169) to work on /opt/airflow/dags/bronze_dag_simple.py
[2025-10-22T12:27:27.205+0000] {processor.py:830} INFO - Processing file /opt/airflow/dags/bronze_dag_simple.py for tasks to queue
[2025-10-22T12:27:27.206+0000] {logging_mixin.py:188} INFO - [2025-10-22T12:27:27.206+0000] {dagbag.py:540} INFO - Filling up the DagBag from /opt/airflow/dags/bronze_dag_simple.py
[2025-10-22T12:27:27.224+0000] {processor.py:840} INFO - DAG(s) 'bronze_dag_simple' retrieved from /opt/airflow/dags/bronze_dag_simple.py
[2025-10-22T12:27:27.240+0000] {logging_mixin.py:188} INFO - [2025-10-22T12:27:27.240+0000] {dag.py:3096} INFO - Sync 1 DAGs
[2025-10-22T12:27:27.257+0000] {logging_mixin.py:188} INFO - [2025-10-22T12:27:27.257+0000] {dag.py:3954} INFO - Setting next_dagrun for bronze_dag_simple to 2025-10-21 18:00:00+00:00, run_after=2025-10-22 18:00:00+00:00
[2025-10-22T12:27:27.271+0000] {processor.py:183} INFO - Processing /opt/airflow/dags/bronze_dag_simple.py took 0.072 seconds
[2025-10-22T12:27:57.345+0000] {processor.py:161} INFO - Started process (PID=171) to work on /opt/airflow/dags/bronze_dag_simple.py
[2025-10-22T12:27:57.346+0000] {processor.py:830} INFO - Processing file /opt/airflow/dags/bronze_dag_simple.py for tasks to queue
[2025-10-22T12:27:57.347+0000] {logging_mixin.py:188} INFO - [2025-10-22T12:27:57.347+0000] {dagbag.py:540} INFO - Filling up the DagBag from /opt/airflow/dags/bronze_dag_simple.py
[2025-10-22T12:27:57.363+0000] {processor.py:840} INFO - DAG(s) 'bronze_dag_simple' retrieved from /opt/airflow/dags/bronze_dag_simple.py
[2025-10-22T12:27:57.381+0000] {logging_mixin.py:188} INFO - [2025-10-22T12:27:57.380+0000] {dag.py:3096} INFO - Sync 1 DAGs
[2025-10-22T12:27:57.396+0000] {logging_mixin.py:188} INFO - [2025-10-22T12:27:57.396+0000] {dag.py:3954} INFO - Setting next_dagrun for bronze_dag_simple to 2025-10-21 18:00:00+00:00, run_after=2025-10-22 18:00:00+00:00
[2025-10-22T12:27:57.409+0000] {processor.py:183} INFO - Processing /opt/airflow/dags/bronze_dag_simple.py took 0.068 seconds
[2025-10-22T12:28:28.300+0000] {processor.py:161} INFO - Started process (PID=173) to work on /opt/airflow/dags/bronze_dag_simple.py
[2025-10-22T12:28:28.301+0000] {processor.py:830} INFO - Processing file /opt/airflow/dags/bronze_dag_simple.py for tasks to queue
[2025-10-22T12:28:28.303+0000] {logging_mixin.py:188} INFO - [2025-10-22T12:28:28.303+0000] {dagbag.py:540} INFO - Filling up the DagBag from /opt/airflow/dags/bronze_dag_simple.py
[2025-10-22T12:28:28.319+0000] {processor.py:840} INFO - DAG(s) 'bronze_dag_simple' retrieved from /opt/airflow/dags/bronze_dag_simple.py
[2025-10-22T12:28:28.336+0000] {logging_mixin.py:188} INFO - [2025-10-22T12:28:28.336+0000] {dag.py:3096} INFO - Sync 1 DAGs
[2025-10-22T12:28:28.352+0000] {logging_mixin.py:188} INFO - [2025-10-22T12:28:28.352+0000] {dag.py:3954} INFO - Setting next_dagrun for bronze_dag_simple to 2025-10-21 18:00:00+00:00, run_after=2025-10-22 18:00:00+00:00
[2025-10-22T12:28:28.366+0000] {processor.py:183} INFO - Processing /opt/airflow/dags/bronze_dag_simple.py took 0.070 seconds
[2025-10-22T12:28:59.159+0000] {processor.py:161} INFO - Started process (PID=175) to work on /opt/airflow/dags/bronze_dag_simple.py
[2025-10-22T12:28:59.159+0000] {processor.py:830} INFO - Processing file /opt/airflow/dags/bronze_dag_simple.py for tasks to queue
[2025-10-22T12:28:59.161+0000] {logging_mixin.py:188} INFO - [2025-10-22T12:28:59.160+0000] {dagbag.py:540} INFO - Filling up the DagBag from /opt/airflow/dags/bronze_dag_simple.py
[2025-10-22T12:28:59.178+0000] {processor.py:840} INFO - DAG(s) 'bronze_dag_simple' retrieved from /opt/airflow/dags/bronze_dag_simple.py
[2025-10-22T12:28:59.195+0000] {logging_mixin.py:188} INFO - [2025-10-22T12:28:59.195+0000] {dag.py:3096} INFO - Sync 1 DAGs
[2025-10-22T12:28:59.210+0000] {logging_mixin.py:188} INFO - [2025-10-22T12:28:59.210+0000] {dag.py:3954} INFO - Setting next_dagrun for bronze_dag_simple to 2025-10-21 18:00:00+00:00, run_after=2025-10-22 18:00:00+00:00
[2025-10-22T12:28:59.223+0000] {processor.py:183} INFO - Processing /opt/airflow/dags/bronze_dag_simple.py took 0.068 seconds
[2025-10-22T12:29:30.106+0000] {processor.py:161} INFO - Started process (PID=182) to work on /opt/airflow/dags/bronze_dag_simple.py
[2025-10-22T12:29:30.107+0000] {processor.py:830} INFO - Processing file /opt/airflow/dags/bronze_dag_simple.py for tasks to queue
[2025-10-22T12:29:30.109+0000] {logging_mixin.py:188} INFO - [2025-10-22T12:29:30.108+0000] {dagbag.py:540} INFO - Filling up the DagBag from /opt/airflow/dags/bronze_dag_simple.py
[2025-10-22T12:29:30.124+0000] {processor.py:840} INFO - DAG(s) 'bronze_dag_simple' retrieved from /opt/airflow/dags/bronze_dag_simple.py
[2025-10-22T12:29:30.139+0000] {logging_mixin.py:188} INFO - [2025-10-22T12:29:30.139+0000] {dag.py:3096} INFO - Sync 1 DAGs
[2025-10-22T12:29:30.155+0000] {logging_mixin.py:188} INFO - [2025-10-22T12:29:30.155+0000] {dag.py:3954} INFO - Setting next_dagrun for bronze_dag_simple to 2025-10-21 18:00:00+00:00, run_after=2025-10-22 18:00:00+00:00
[2025-10-22T12:29:33.852+0000] {processor.py:186} ERROR - Got an exception! Propagating...
Traceback (most recent call last):
  File "/home/airflow/.local/lib/python3.12/site-packages/sqlalchemy/engine/base.py", line 1094, in _commit_impl
  File "/home/airflow/.local/lib/python3.12/site-packages/sqlalchemy/engine/default.py", line 686, in do_commit
psycopg2.OperationalError: server closed the connection unexpectedly
	This probably means the server terminated abnormally
	before or while processing the request.


The above exception was the direct cause of the following exception:

Traceback (most recent call last):
  File "/home/airflow/.local/lib/python3.12/site-packages/airflow/dag_processing/processor.py", line 182, in _run_file_processor
  File "/home/airflow/.local/lib/python3.12/site-packages/airflow/dag_processing/processor.py", line 163, in _handle_dag_file_processing
  File "/home/airflow/.local/lib/python3.12/site-packages/airflow/utils/session.py", line 79, in wrapper
  File "/home/airflow/.local/lib/python3.12/site-packages/airflow/dag_processing/processor.py", line 859, in process_file
  File "/home/airflow/.local/lib/python3.12/site-packages/airflow/api_internal/internal_api_call.py", line 115, in wrapper
  File "/home/airflow/.local/lib/python3.12/site-packages/airflow/utils/session.py", line 79, in wrapper
  File "/home/airflow/.local/lib/python3.12/site-packages/airflow/dag_processing/processor.py", line 896, in save_dag_to_db
  File "/home/airflow/.local/lib/python3.12/site-packages/sqlalchemy/orm/session.py", line 1454, in commit
  File "/home/airflow/.local/lib/python3.12/site-packages/sqlalchemy/orm/session.py", line 839, in commit
  File "/home/airflow/.local/lib/python3.12/site-packages/sqlalchemy/engine/base.py", line 2469, in commit
  File "/home/airflow/.local/lib/python3.12/site-packages/sqlalchemy/engine/base.py", line 2659, in _do_commit
  File "/home/airflow/.local/lib/python3.12/site-packages/sqlalchemy/engine/base.py", line 2630, in _connection_commit_impl
  File "/home/airflow/.local/lib/python3.12/site-packages/sqlalchemy/engine/base.py", line 1096, in _commit_impl
  File "/home/airflow/.local/lib/python3.12/site-packages/sqlalchemy/engine/base.py", line 2134, in _handle_dbapi_exception
  File "/home/airflow/.local/lib/python3.12/site-packages/sqlalchemy/util/compat.py", line 211, in raise_
  File "/home/airflow/.local/lib/python3.12/site-packages/sqlalchemy/engine/base.py", line 1094, in _commit_impl
  File "/home/airflow/.local/lib/python3.12/site-packages/sqlalchemy/engine/default.py", line 686, in do_commit
sqlalchemy.exc.OperationalError: (psycopg2.OperationalError) server closed the connection unexpectedly
	This probably means the server terminated abnormally
	before or while processing the request.

(Background on this error at: https://sqlalche.me/e/14/e3q8)
[2025-10-22T12:34:24.998+0000] {processor.py:161} INFO - Started process (PID=55) to work on /opt/airflow/dags/bronze_dag_simple.py
[2025-10-22T12:34:24.999+0000] {processor.py:830} INFO - Processing file /opt/airflow/dags/bronze_dag_simple.py for tasks to queue
[2025-10-22T12:34:25.001+0000] {logging_mixin.py:188} INFO - [2025-10-22T12:34:25.001+0000] {dagbag.py:540} INFO - Filling up the DagBag from /opt/airflow/dags/bronze_dag_simple.py
[2025-10-22T12:34:25.028+0000] {processor.py:840} INFO - DAG(s) 'bronze_dag_simple' retrieved from /opt/airflow/dags/bronze_dag_simple.py
[2025-10-22T12:34:25.050+0000] {logging_mixin.py:188} INFO - [2025-10-22T12:34:25.050+0000] {dag.py:3096} INFO - Sync 1 DAGs
[2025-10-22T12:34:25.069+0000] {logging_mixin.py:188} INFO - [2025-10-22T12:34:25.069+0000] {dag.py:3954} INFO - Setting next_dagrun for bronze_dag_simple to 2025-10-21 18:00:00+00:00, run_after=2025-10-22 18:00:00+00:00
[2025-10-22T12:34:25.084+0000] {processor.py:183} INFO - Processing /opt/airflow/dags/bronze_dag_simple.py took 0.093 seconds
[2025-10-22T12:34:55.186+0000] {processor.py:161} INFO - Started process (PID=58) to work on /opt/airflow/dags/bronze_dag_simple.py
[2025-10-22T12:34:55.187+0000] {processor.py:830} INFO - Processing file /opt/airflow/dags/bronze_dag_simple.py for tasks to queue
[2025-10-22T12:34:55.188+0000] {logging_mixin.py:188} INFO - [2025-10-22T12:34:55.188+0000] {dagbag.py:540} INFO - Filling up the DagBag from /opt/airflow/dags/bronze_dag_simple.py
[2025-10-22T12:34:55.206+0000] {processor.py:840} INFO - DAG(s) 'bronze_dag_simple' retrieved from /opt/airflow/dags/bronze_dag_simple.py
[2025-10-22T12:34:55.319+0000] {logging_mixin.py:188} INFO - [2025-10-22T12:34:55.319+0000] {dag.py:3096} INFO - Sync 1 DAGs
[2025-10-22T12:34:55.334+0000] {logging_mixin.py:188} INFO - [2025-10-22T12:34:55.334+0000] {dag.py:3954} INFO - Setting next_dagrun for bronze_dag_simple to 2025-10-21 18:00:00+00:00, run_after=2025-10-22 18:00:00+00:00
[2025-10-22T12:34:55.349+0000] {processor.py:183} INFO - Processing /opt/airflow/dags/bronze_dag_simple.py took 0.167 seconds
[2025-10-22T12:35:38.118+0000] {processor.py:161} INFO - Started process (PID=60) to work on /opt/airflow/dags/bronze_dag_simple.py
[2025-10-22T12:35:38.119+0000] {processor.py:830} INFO - Processing file /opt/airflow/dags/bronze_dag_simple.py for tasks to queue
[2025-10-22T12:35:38.120+0000] {logging_mixin.py:188} INFO - [2025-10-22T12:35:38.119+0000] {dagbag.py:540} INFO - Filling up the DagBag from /opt/airflow/dags/bronze_dag_simple.py
[2025-10-22T12:35:38.139+0000] {processor.py:840} INFO - DAG(s) 'bronze_dag_simple' retrieved from /opt/airflow/dags/bronze_dag_simple.py
[2025-10-22T12:35:38.157+0000] {logging_mixin.py:188} INFO - [2025-10-22T12:35:38.157+0000] {dag.py:3096} INFO - Sync 1 DAGs
[2025-10-22T12:35:38.174+0000] {logging_mixin.py:188} INFO - [2025-10-22T12:35:38.174+0000] {dag.py:3954} INFO - Setting next_dagrun for bronze_dag_simple to 2025-10-21 18:00:00+00:00, run_after=2025-10-22 18:00:00+00:00
[2025-10-22T12:35:38.188+0000] {processor.py:183} INFO - Processing /opt/airflow/dags/bronze_dag_simple.py took 0.076 seconds
[2025-10-22T12:36:08.627+0000] {processor.py:161} INFO - Started process (PID=62) to work on /opt/airflow/dags/bronze_dag_simple.py
[2025-10-22T12:36:08.628+0000] {processor.py:830} INFO - Processing file /opt/airflow/dags/bronze_dag_simple.py for tasks to queue
[2025-10-22T12:36:08.629+0000] {logging_mixin.py:188} INFO - [2025-10-22T12:36:08.629+0000] {dagbag.py:540} INFO - Filling up the DagBag from /opt/airflow/dags/bronze_dag_simple.py
[2025-10-22T12:36:08.651+0000] {processor.py:840} INFO - DAG(s) 'bronze_dag_simple' retrieved from /opt/airflow/dags/bronze_dag_simple.py
[2025-10-22T12:36:08.671+0000] {logging_mixin.py:188} INFO - [2025-10-22T12:36:08.671+0000] {dag.py:3096} INFO - Sync 1 DAGs
[2025-10-22T12:36:08.688+0000] {logging_mixin.py:188} INFO - [2025-10-22T12:36:08.687+0000] {dag.py:3954} INFO - Setting next_dagrun for bronze_dag_simple to 2025-10-21 18:00:00+00:00, run_after=2025-10-22 18:00:00+00:00
[2025-10-22T12:36:08.702+0000] {processor.py:183} INFO - Processing /opt/airflow/dags/bronze_dag_simple.py took 0.080 seconds
[2025-10-22T12:37:10.700+0000] {processor.py:161} INFO - Started process (PID=64) to work on /opt/airflow/dags/bronze_dag_simple.py
[2025-10-22T12:37:10.701+0000] {processor.py:830} INFO - Processing file /opt/airflow/dags/bronze_dag_simple.py for tasks to queue
[2025-10-22T12:37:10.702+0000] {logging_mixin.py:188} INFO - [2025-10-22T12:37:10.702+0000] {dagbag.py:540} INFO - Filling up the DagBag from /opt/airflow/dags/bronze_dag_simple.py
[2025-10-22T12:37:10.721+0000] {processor.py:840} INFO - DAG(s) 'bronze_dag_simple' retrieved from /opt/airflow/dags/bronze_dag_simple.py
[2025-10-22T12:37:10.737+0000] {logging_mixin.py:188} INFO - [2025-10-22T12:37:10.736+0000] {dag.py:3096} INFO - Sync 1 DAGs
[2025-10-22T12:37:10.752+0000] {logging_mixin.py:188} INFO - [2025-10-22T12:37:10.752+0000] {dag.py:3954} INFO - Setting next_dagrun for bronze_dag_simple to 2025-10-21 18:00:00+00:00, run_after=2025-10-22 18:00:00+00:00
[2025-10-22T12:37:10.765+0000] {processor.py:183} INFO - Processing /opt/airflow/dags/bronze_dag_simple.py took 0.070 seconds
[2025-10-22T12:37:40.899+0000] {processor.py:161} INFO - Started process (PID=66) to work on /opt/airflow/dags/bronze_dag_simple.py
[2025-10-22T12:37:40.900+0000] {processor.py:830} INFO - Processing file /opt/airflow/dags/bronze_dag_simple.py for tasks to queue
[2025-10-22T12:37:40.900+0000] {logging_mixin.py:188} INFO - [2025-10-22T12:37:40.900+0000] {dagbag.py:540} INFO - Filling up the DagBag from /opt/airflow/dags/bronze_dag_simple.py
[2025-10-22T12:37:40.922+0000] {processor.py:840} INFO - DAG(s) 'bronze_dag_simple' retrieved from /opt/airflow/dags/bronze_dag_simple.py
[2025-10-22T12:37:40.940+0000] {logging_mixin.py:188} INFO - [2025-10-22T12:37:40.940+0000] {dag.py:3096} INFO - Sync 1 DAGs
[2025-10-22T12:37:40.956+0000] {logging_mixin.py:188} INFO - [2025-10-22T12:37:40.956+0000] {dag.py:3954} INFO - Setting next_dagrun for bronze_dag_simple to 2025-10-21 18:00:00+00:00, run_after=2025-10-22 18:00:00+00:00
[2025-10-22T12:37:40.969+0000] {processor.py:183} INFO - Processing /opt/airflow/dags/bronze_dag_simple.py took 0.076 seconds
[2025-10-22T12:38:38.711+0000] {processor.py:161} INFO - Started process (PID=68) to work on /opt/airflow/dags/bronze_dag_simple.py
[2025-10-22T12:38:38.712+0000] {processor.py:830} INFO - Processing file /opt/airflow/dags/bronze_dag_simple.py for tasks to queue
[2025-10-22T12:38:38.713+0000] {logging_mixin.py:188} INFO - [2025-10-22T12:38:38.713+0000] {dagbag.py:540} INFO - Filling up the DagBag from /opt/airflow/dags/bronze_dag_simple.py
[2025-10-22T12:38:38.733+0000] {processor.py:840} INFO - DAG(s) 'bronze_dag_simple' retrieved from /opt/airflow/dags/bronze_dag_simple.py
[2025-10-22T12:38:38.750+0000] {logging_mixin.py:188} INFO - [2025-10-22T12:38:38.750+0000] {dag.py:3096} INFO - Sync 1 DAGs
[2025-10-22T12:38:38.765+0000] {logging_mixin.py:188} INFO - [2025-10-22T12:38:38.765+0000] {dag.py:3954} INFO - Setting next_dagrun for bronze_dag_simple to 2025-10-21 18:00:00+00:00, run_after=2025-10-22 18:00:00+00:00
[2025-10-22T12:38:38.779+0000] {processor.py:183} INFO - Processing /opt/airflow/dags/bronze_dag_simple.py took 0.073 seconds
[2025-10-22T12:39:29.067+0000] {processor.py:161} INFO - Started process (PID=70) to work on /opt/airflow/dags/bronze_dag_simple.py
[2025-10-22T12:39:29.068+0000] {processor.py:830} INFO - Processing file /opt/airflow/dags/bronze_dag_simple.py for tasks to queue
[2025-10-22T12:39:29.069+0000] {logging_mixin.py:188} INFO - [2025-10-22T12:39:29.068+0000] {dagbag.py:540} INFO - Filling up the DagBag from /opt/airflow/dags/bronze_dag_simple.py
[2025-10-22T12:39:29.091+0000] {processor.py:840} INFO - DAG(s) 'bronze_dag_simple' retrieved from /opt/airflow/dags/bronze_dag_simple.py
[2025-10-22T12:39:29.109+0000] {logging_mixin.py:188} INFO - [2025-10-22T12:39:29.109+0000] {dag.py:3096} INFO - Sync 1 DAGs
[2025-10-22T12:39:29.126+0000] {logging_mixin.py:188} INFO - [2025-10-22T12:39:29.126+0000] {dag.py:3954} INFO - Setting next_dagrun for bronze_dag_simple to 2025-10-21 18:00:00+00:00, run_after=2025-10-22 18:00:00+00:00
[2025-10-22T12:39:29.142+0000] {processor.py:183} INFO - Processing /opt/airflow/dags/bronze_dag_simple.py took 0.083 seconds
[2025-10-22T12:39:59.248+0000] {processor.py:161} INFO - Started process (PID=72) to work on /opt/airflow/dags/bronze_dag_simple.py
[2025-10-22T12:39:59.249+0000] {processor.py:830} INFO - Processing file /opt/airflow/dags/bronze_dag_simple.py for tasks to queue
[2025-10-22T12:39:59.251+0000] {logging_mixin.py:188} INFO - [2025-10-22T12:39:59.250+0000] {dagbag.py:540} INFO - Filling up the DagBag from /opt/airflow/dags/bronze_dag_simple.py
[2025-10-22T12:39:59.269+0000] {processor.py:840} INFO - DAG(s) 'bronze_dag_simple' retrieved from /opt/airflow/dags/bronze_dag_simple.py
[2025-10-22T12:39:59.288+0000] {logging_mixin.py:188} INFO - [2025-10-22T12:39:59.287+0000] {dag.py:3096} INFO - Sync 1 DAGs
[2025-10-22T12:39:59.304+0000] {logging_mixin.py:188} INFO - [2025-10-22T12:39:59.303+0000] {dag.py:3954} INFO - Setting next_dagrun for bronze_dag_simple to 2025-10-21 18:00:00+00:00, run_after=2025-10-22 18:00:00+00:00
[2025-10-22T12:39:59.318+0000] {processor.py:183} INFO - Processing /opt/airflow/dags/bronze_dag_simple.py took 0.075 seconds
[2025-10-22T12:40:29.495+0000] {processor.py:161} INFO - Started process (PID=74) to work on /opt/airflow/dags/bronze_dag_simple.py
[2025-10-22T12:40:29.496+0000] {processor.py:830} INFO - Processing file /opt/airflow/dags/bronze_dag_simple.py for tasks to queue
[2025-10-22T12:40:29.496+0000] {logging_mixin.py:188} INFO - [2025-10-22T12:40:29.496+0000] {dagbag.py:540} INFO - Filling up the DagBag from /opt/airflow/dags/bronze_dag_simple.py
[2025-10-22T12:40:29.514+0000] {processor.py:840} INFO - DAG(s) 'bronze_dag_simple' retrieved from /opt/airflow/dags/bronze_dag_simple.py
[2025-10-22T12:40:29.529+0000] {logging_mixin.py:188} INFO - [2025-10-22T12:40:29.529+0000] {dag.py:3096} INFO - Sync 1 DAGs
[2025-10-22T12:40:29.542+0000] {logging_mixin.py:188} INFO - [2025-10-22T12:40:29.542+0000] {dag.py:3954} INFO - Setting next_dagrun for bronze_dag_simple to 2025-10-21 18:00:00+00:00, run_after=2025-10-22 18:00:00+00:00
[2025-10-22T12:40:29.555+0000] {processor.py:183} INFO - Processing /opt/airflow/dags/bronze_dag_simple.py took 0.064 seconds
[2025-10-22T12:40:59.657+0000] {processor.py:161} INFO - Started process (PID=76) to work on /opt/airflow/dags/bronze_dag_simple.py
[2025-10-22T12:40:59.657+0000] {processor.py:830} INFO - Processing file /opt/airflow/dags/bronze_dag_simple.py for tasks to queue
[2025-10-22T12:40:59.658+0000] {logging_mixin.py:188} INFO - [2025-10-22T12:40:59.658+0000] {dagbag.py:540} INFO - Filling up the DagBag from /opt/airflow/dags/bronze_dag_simple.py
[2025-10-22T12:40:59.678+0000] {processor.py:840} INFO - DAG(s) 'bronze_dag_simple' retrieved from /opt/airflow/dags/bronze_dag_simple.py
[2025-10-22T12:40:59.696+0000] {logging_mixin.py:188} INFO - [2025-10-22T12:40:59.696+0000] {dag.py:3096} INFO - Sync 1 DAGs
[2025-10-22T12:40:59.711+0000] {logging_mixin.py:188} INFO - [2025-10-22T12:40:59.711+0000] {dag.py:3954} INFO - Setting next_dagrun for bronze_dag_simple to 2025-10-21 18:00:00+00:00, run_after=2025-10-22 18:00:00+00:00
[2025-10-22T12:40:59.726+0000] {processor.py:183} INFO - Processing /opt/airflow/dags/bronze_dag_simple.py took 0.074 seconds
[2025-10-22T12:42:04.761+0000] {processor.py:161} INFO - Started process (PID=78) to work on /opt/airflow/dags/bronze_dag_simple.py
[2025-10-22T12:42:04.762+0000] {processor.py:830} INFO - Processing file /opt/airflow/dags/bronze_dag_simple.py for tasks to queue
[2025-10-22T12:42:04.764+0000] {logging_mixin.py:188} INFO - [2025-10-22T12:42:04.764+0000] {dagbag.py:540} INFO - Filling up the DagBag from /opt/airflow/dags/bronze_dag_simple.py
[2025-10-22T12:42:04.788+0000] {processor.py:840} INFO - DAG(s) 'bronze_dag_simple' retrieved from /opt/airflow/dags/bronze_dag_simple.py
[2025-10-22T12:42:04.810+0000] {logging_mixin.py:188} INFO - [2025-10-22T12:42:04.810+0000] {dag.py:3096} INFO - Sync 1 DAGs
[2025-10-22T12:42:04.829+0000] {logging_mixin.py:188} INFO - [2025-10-22T12:42:04.829+0000] {dag.py:3954} INFO - Setting next_dagrun for bronze_dag_simple to 2025-10-21 18:00:00+00:00, run_after=2025-10-22 18:00:00+00:00
[2025-10-22T12:42:04.846+0000] {processor.py:183} INFO - Processing /opt/airflow/dags/bronze_dag_simple.py took 0.091 seconds
[2025-10-22T12:42:34.972+0000] {processor.py:161} INFO - Started process (PID=80) to work on /opt/airflow/dags/bronze_dag_simple.py
[2025-10-22T12:42:34.973+0000] {processor.py:830} INFO - Processing file /opt/airflow/dags/bronze_dag_simple.py for tasks to queue
[2025-10-22T12:42:34.973+0000] {logging_mixin.py:188} INFO - [2025-10-22T12:42:34.973+0000] {dagbag.py:540} INFO - Filling up the DagBag from /opt/airflow/dags/bronze_dag_simple.py
[2025-10-22T12:42:34.994+0000] {processor.py:840} INFO - DAG(s) 'bronze_dag_simple' retrieved from /opt/airflow/dags/bronze_dag_simple.py
[2025-10-22T12:42:35.013+0000] {logging_mixin.py:188} INFO - [2025-10-22T12:42:35.013+0000] {dag.py:3096} INFO - Sync 1 DAGs
[2025-10-22T12:42:35.028+0000] {logging_mixin.py:188} INFO - [2025-10-22T12:42:35.028+0000] {dag.py:3954} INFO - Setting next_dagrun for bronze_dag_simple to 2025-10-21 18:00:00+00:00, run_after=2025-10-22 18:00:00+00:00
[2025-10-22T12:42:35.043+0000] {processor.py:183} INFO - Processing /opt/airflow/dags/bronze_dag_simple.py took 0.076 seconds
[2025-10-22T12:43:06.023+0000] {processor.py:161} INFO - Started process (PID=82) to work on /opt/airflow/dags/bronze_dag_simple.py
[2025-10-22T12:43:06.024+0000] {processor.py:830} INFO - Processing file /opt/airflow/dags/bronze_dag_simple.py for tasks to queue
[2025-10-22T12:43:06.025+0000] {logging_mixin.py:188} INFO - [2025-10-22T12:43:06.025+0000] {dagbag.py:540} INFO - Filling up the DagBag from /opt/airflow/dags/bronze_dag_simple.py
[2025-10-22T12:43:06.048+0000] {processor.py:840} INFO - DAG(s) 'bronze_dag_simple' retrieved from /opt/airflow/dags/bronze_dag_simple.py
[2025-10-22T12:43:06.066+0000] {logging_mixin.py:188} INFO - [2025-10-22T12:43:06.066+0000] {dag.py:3096} INFO - Sync 1 DAGs
[2025-10-22T12:43:06.082+0000] {logging_mixin.py:188} INFO - [2025-10-22T12:43:06.082+0000] {dag.py:3954} INFO - Setting next_dagrun for bronze_dag_simple to 2025-10-21 18:00:00+00:00, run_after=2025-10-22 18:00:00+00:00
[2025-10-22T12:43:06.096+0000] {processor.py:183} INFO - Processing /opt/airflow/dags/bronze_dag_simple.py took 0.080 seconds
[2025-10-22T12:43:36.872+0000] {processor.py:161} INFO - Started process (PID=84) to work on /opt/airflow/dags/bronze_dag_simple.py
[2025-10-22T12:43:36.873+0000] {processor.py:830} INFO - Processing file /opt/airflow/dags/bronze_dag_simple.py for tasks to queue
[2025-10-22T12:43:36.874+0000] {logging_mixin.py:188} INFO - [2025-10-22T12:43:36.874+0000] {dagbag.py:540} INFO - Filling up the DagBag from /opt/airflow/dags/bronze_dag_simple.py
[2025-10-22T12:43:36.892+0000] {processor.py:840} INFO - DAG(s) 'bronze_dag_simple' retrieved from /opt/airflow/dags/bronze_dag_simple.py
[2025-10-22T12:43:36.910+0000] {logging_mixin.py:188} INFO - [2025-10-22T12:43:36.909+0000] {dag.py:3096} INFO - Sync 1 DAGs
[2025-10-22T12:43:36.924+0000] {logging_mixin.py:188} INFO - [2025-10-22T12:43:36.924+0000] {dag.py:3954} INFO - Setting next_dagrun for bronze_dag_simple to 2025-10-21 18:00:00+00:00, run_after=2025-10-22 18:00:00+00:00
[2025-10-22T12:43:36.936+0000] {processor.py:183} INFO - Processing /opt/airflow/dags/bronze_dag_simple.py took 0.068 seconds
[2025-10-22T12:44:26.849+0000] {processor.py:161} INFO - Started process (PID=86) to work on /opt/airflow/dags/bronze_dag_simple.py
[2025-10-22T12:44:26.850+0000] {processor.py:830} INFO - Processing file /opt/airflow/dags/bronze_dag_simple.py for tasks to queue
[2025-10-22T12:44:26.850+0000] {logging_mixin.py:188} INFO - [2025-10-22T12:44:26.850+0000] {dagbag.py:540} INFO - Filling up the DagBag from /opt/airflow/dags/bronze_dag_simple.py
[2025-10-22T12:44:26.870+0000] {processor.py:840} INFO - DAG(s) 'bronze_dag_simple' retrieved from /opt/airflow/dags/bronze_dag_simple.py
[2025-10-22T12:44:26.888+0000] {logging_mixin.py:188} INFO - [2025-10-22T12:44:26.888+0000] {dag.py:3096} INFO - Sync 1 DAGs
[2025-10-22T12:44:26.905+0000] {logging_mixin.py:188} INFO - [2025-10-22T12:44:26.905+0000] {dag.py:3954} INFO - Setting next_dagrun for bronze_dag_simple to 2025-10-21 18:00:00+00:00, run_after=2025-10-22 18:00:00+00:00
[2025-10-22T12:44:26.918+0000] {processor.py:183} INFO - Processing /opt/airflow/dags/bronze_dag_simple.py took 0.075 seconds
[2025-10-22T12:44:56.991+0000] {processor.py:161} INFO - Started process (PID=88) to work on /opt/airflow/dags/bronze_dag_simple.py
[2025-10-22T12:44:56.992+0000] {processor.py:830} INFO - Processing file /opt/airflow/dags/bronze_dag_simple.py for tasks to queue
[2025-10-22T12:44:56.993+0000] {logging_mixin.py:188} INFO - [2025-10-22T12:44:56.992+0000] {dagbag.py:540} INFO - Filling up the DagBag from /opt/airflow/dags/bronze_dag_simple.py
[2025-10-22T12:44:57.014+0000] {processor.py:840} INFO - DAG(s) 'bronze_dag_simple' retrieved from /opt/airflow/dags/bronze_dag_simple.py
[2025-10-22T12:44:57.034+0000] {logging_mixin.py:188} INFO - [2025-10-22T12:44:57.034+0000] {dag.py:3096} INFO - Sync 1 DAGs
[2025-10-22T12:44:57.052+0000] {logging_mixin.py:188} INFO - [2025-10-22T12:44:57.052+0000] {dag.py:3954} INFO - Setting next_dagrun for bronze_dag_simple to 2025-10-21 18:00:00+00:00, run_after=2025-10-22 18:00:00+00:00
[2025-10-22T12:44:57.067+0000] {processor.py:183} INFO - Processing /opt/airflow/dags/bronze_dag_simple.py took 0.080 seconds
[2025-10-22T12:57:40.503+0000] {processor.py:161} INFO - Started process (PID=85) to work on /opt/airflow/dags/bronze_dag_simple.py
[2025-10-22T12:57:40.504+0000] {processor.py:830} INFO - Processing file /opt/airflow/dags/bronze_dag_simple.py for tasks to queue
[2025-10-22T12:57:40.509+0000] {logging_mixin.py:188} INFO - [2025-10-22T12:57:40.508+0000] {dagbag.py:540} INFO - Filling up the DagBag from /opt/airflow/dags/bronze_dag_simple.py
[2025-10-22T12:57:40.548+0000] {processor.py:840} INFO - DAG(s) 'bronze_dag_simple' retrieved from /opt/airflow/dags/bronze_dag_simple.py
[2025-10-22T12:57:40.764+0000] {logging_mixin.py:188} INFO - [2025-10-22T12:57:40.764+0000] {dag.py:3096} INFO - Sync 1 DAGs
[2025-10-22T12:57:40.778+0000] {logging_mixin.py:188} INFO - [2025-10-22T12:57:40.778+0000] {dag.py:3954} INFO - Setting next_dagrun for bronze_dag_simple to 2025-10-21 18:00:00+00:00, run_after=2025-10-22 18:00:00+00:00
[2025-10-22T12:57:40.795+0000] {processor.py:183} INFO - Processing /opt/airflow/dags/bronze_dag_simple.py took 0.297 seconds
[2025-10-22T12:58:25.529+0000] {processor.py:161} INFO - Started process (PID=87) to work on /opt/airflow/dags/bronze_dag_simple.py
[2025-10-22T12:58:25.530+0000] {processor.py:830} INFO - Processing file /opt/airflow/dags/bronze_dag_simple.py for tasks to queue
[2025-10-22T12:58:25.531+0000] {logging_mixin.py:188} INFO - [2025-10-22T12:58:25.531+0000] {dagbag.py:540} INFO - Filling up the DagBag from /opt/airflow/dags/bronze_dag_simple.py
[2025-10-22T12:58:25.549+0000] {processor.py:840} INFO - DAG(s) 'bronze_dag_simple' retrieved from /opt/airflow/dags/bronze_dag_simple.py
[2025-10-22T12:58:25.568+0000] {logging_mixin.py:188} INFO - [2025-10-22T12:58:25.568+0000] {dag.py:3096} INFO - Sync 1 DAGs
[2025-10-22T12:58:25.585+0000] {logging_mixin.py:188} INFO - [2025-10-22T12:58:25.585+0000] {dag.py:3954} INFO - Setting next_dagrun for bronze_dag_simple to 2025-10-21 18:00:00+00:00, run_after=2025-10-22 18:00:00+00:00
[2025-10-22T12:58:25.601+0000] {processor.py:183} INFO - Processing /opt/airflow/dags/bronze_dag_simple.py took 0.077 seconds
[2025-10-22T12:59:26.068+0000] {processor.py:161} INFO - Started process (PID=89) to work on /opt/airflow/dags/bronze_dag_simple.py
[2025-10-22T12:59:26.068+0000] {processor.py:830} INFO - Processing file /opt/airflow/dags/bronze_dag_simple.py for tasks to queue
[2025-10-22T12:59:26.072+0000] {logging_mixin.py:188} INFO - [2025-10-22T12:59:26.072+0000] {dagbag.py:540} INFO - Filling up the DagBag from /opt/airflow/dags/bronze_dag_simple.py
[2025-10-22T12:59:26.089+0000] {processor.py:840} INFO - DAG(s) 'bronze_dag_simple' retrieved from /opt/airflow/dags/bronze_dag_simple.py
[2025-10-22T12:59:26.108+0000] {logging_mixin.py:188} INFO - [2025-10-22T12:59:26.108+0000] {dag.py:3096} INFO - Sync 1 DAGs
[2025-10-22T12:59:26.125+0000] {logging_mixin.py:188} INFO - [2025-10-22T12:59:26.125+0000] {dag.py:3954} INFO - Setting next_dagrun for bronze_dag_simple to 2025-10-21 18:00:00+00:00, run_after=2025-10-22 18:00:00+00:00
[2025-10-22T12:59:26.139+0000] {processor.py:183} INFO - Processing /opt/airflow/dags/bronze_dag_simple.py took 0.077 seconds
[2025-10-22T12:59:56.269+0000] {processor.py:161} INFO - Started process (PID=91) to work on /opt/airflow/dags/bronze_dag_simple.py
[2025-10-22T12:59:56.270+0000] {processor.py:830} INFO - Processing file /opt/airflow/dags/bronze_dag_simple.py for tasks to queue
[2025-10-22T12:59:56.271+0000] {logging_mixin.py:188} INFO - [2025-10-22T12:59:56.271+0000] {dagbag.py:540} INFO - Filling up the DagBag from /opt/airflow/dags/bronze_dag_simple.py
[2025-10-22T12:59:56.290+0000] {processor.py:840} INFO - DAG(s) 'bronze_dag_simple' retrieved from /opt/airflow/dags/bronze_dag_simple.py
[2025-10-22T12:59:56.306+0000] {logging_mixin.py:188} INFO - [2025-10-22T12:59:56.306+0000] {dag.py:3096} INFO - Sync 1 DAGs
[2025-10-22T12:59:56.321+0000] {logging_mixin.py:188} INFO - [2025-10-22T12:59:56.321+0000] {dag.py:3954} INFO - Setting next_dagrun for bronze_dag_simple to 2025-10-21 18:00:00+00:00, run_after=2025-10-22 18:00:00+00:00
[2025-10-22T12:59:56.334+0000] {processor.py:183} INFO - Processing /opt/airflow/dags/bronze_dag_simple.py took 0.069 seconds
[2025-10-22T13:00:26.543+0000] {processor.py:161} INFO - Started process (PID=93) to work on /opt/airflow/dags/bronze_dag_simple.py
[2025-10-22T13:00:26.544+0000] {processor.py:830} INFO - Processing file /opt/airflow/dags/bronze_dag_simple.py for tasks to queue
[2025-10-22T13:00:26.546+0000] {logging_mixin.py:188} INFO - [2025-10-22T13:00:26.546+0000] {dagbag.py:540} INFO - Filling up the DagBag from /opt/airflow/dags/bronze_dag_simple.py
[2025-10-22T13:00:26.565+0000] {processor.py:840} INFO - DAG(s) 'bronze_dag_simple' retrieved from /opt/airflow/dags/bronze_dag_simple.py
[2025-10-22T13:00:26.585+0000] {logging_mixin.py:188} INFO - [2025-10-22T13:00:26.585+0000] {dag.py:3096} INFO - Sync 1 DAGs
[2025-10-22T13:00:26.602+0000] {logging_mixin.py:188} INFO - [2025-10-22T13:00:26.601+0000] {dag.py:3954} INFO - Setting next_dagrun for bronze_dag_simple to 2025-10-21 18:00:00+00:00, run_after=2025-10-22 18:00:00+00:00
[2025-10-22T13:00:26.616+0000] {processor.py:183} INFO - Processing /opt/airflow/dags/bronze_dag_simple.py took 0.078 seconds
[2025-10-22T13:00:56.687+0000] {processor.py:161} INFO - Started process (PID=95) to work on /opt/airflow/dags/bronze_dag_simple.py
[2025-10-22T13:00:56.688+0000] {processor.py:830} INFO - Processing file /opt/airflow/dags/bronze_dag_simple.py for tasks to queue
[2025-10-22T13:00:56.690+0000] {logging_mixin.py:188} INFO - [2025-10-22T13:00:56.690+0000] {dagbag.py:540} INFO - Filling up the DagBag from /opt/airflow/dags/bronze_dag_simple.py
[2025-10-22T13:00:56.704+0000] {processor.py:840} INFO - DAG(s) 'bronze_dag_simple' retrieved from /opt/airflow/dags/bronze_dag_simple.py
[2025-10-22T13:00:56.721+0000] {logging_mixin.py:188} INFO - [2025-10-22T13:00:56.721+0000] {dag.py:3096} INFO - Sync 1 DAGs
[2025-10-22T13:00:56.735+0000] {logging_mixin.py:188} INFO - [2025-10-22T13:00:56.735+0000] {dag.py:3954} INFO - Setting next_dagrun for bronze_dag_simple to 2025-10-21 18:00:00+00:00, run_after=2025-10-22 18:00:00+00:00
[2025-10-22T13:00:56.747+0000] {processor.py:183} INFO - Processing /opt/airflow/dags/bronze_dag_simple.py took 0.063 seconds
[2025-10-22T13:01:27.532+0000] {processor.py:161} INFO - Started process (PID=97) to work on /opt/airflow/dags/bronze_dag_simple.py
[2025-10-22T13:01:27.533+0000] {processor.py:830} INFO - Processing file /opt/airflow/dags/bronze_dag_simple.py for tasks to queue
[2025-10-22T13:01:27.534+0000] {logging_mixin.py:188} INFO - [2025-10-22T13:01:27.534+0000] {dagbag.py:540} INFO - Filling up the DagBag from /opt/airflow/dags/bronze_dag_simple.py
[2025-10-22T13:01:27.551+0000] {processor.py:840} INFO - DAG(s) 'bronze_dag_simple' retrieved from /opt/airflow/dags/bronze_dag_simple.py
[2025-10-22T13:01:27.566+0000] {logging_mixin.py:188} INFO - [2025-10-22T13:01:27.566+0000] {dag.py:3096} INFO - Sync 1 DAGs
[2025-10-22T13:01:27.581+0000] {logging_mixin.py:188} INFO - [2025-10-22T13:01:27.580+0000] {dag.py:3954} INFO - Setting next_dagrun for bronze_dag_simple to 2025-10-21 18:00:00+00:00, run_after=2025-10-22 18:00:00+00:00
[2025-10-22T13:01:27.593+0000] {processor.py:183} INFO - Processing /opt/airflow/dags/bronze_dag_simple.py took 0.065 seconds
[2025-10-22T13:01:57.646+0000] {processor.py:161} INFO - Started process (PID=99) to work on /opt/airflow/dags/bronze_dag_simple.py
[2025-10-22T13:01:57.647+0000] {processor.py:830} INFO - Processing file /opt/airflow/dags/bronze_dag_simple.py for tasks to queue
[2025-10-22T13:01:57.649+0000] {logging_mixin.py:188} INFO - [2025-10-22T13:01:57.649+0000] {dagbag.py:540} INFO - Filling up the DagBag from /opt/airflow/dags/bronze_dag_simple.py
[2025-10-22T13:01:57.667+0000] {processor.py:840} INFO - DAG(s) 'bronze_dag_simple' retrieved from /opt/airflow/dags/bronze_dag_simple.py
[2025-10-22T13:01:57.684+0000] {logging_mixin.py:188} INFO - [2025-10-22T13:01:57.683+0000] {dag.py:3096} INFO - Sync 1 DAGs
[2025-10-22T13:01:57.699+0000] {logging_mixin.py:188} INFO - [2025-10-22T13:01:57.699+0000] {dag.py:3954} INFO - Setting next_dagrun for bronze_dag_simple to 2025-10-21 18:00:00+00:00, run_after=2025-10-22 18:00:00+00:00
[2025-10-22T13:01:57.712+0000] {processor.py:183} INFO - Processing /opt/airflow/dags/bronze_dag_simple.py took 0.069 seconds
[2025-10-22T13:02:27.843+0000] {processor.py:161} INFO - Started process (PID=101) to work on /opt/airflow/dags/bronze_dag_simple.py
[2025-10-22T13:02:27.844+0000] {processor.py:830} INFO - Processing file /opt/airflow/dags/bronze_dag_simple.py for tasks to queue
[2025-10-22T13:02:27.846+0000] {logging_mixin.py:188} INFO - [2025-10-22T13:02:27.845+0000] {dagbag.py:540} INFO - Filling up the DagBag from /opt/airflow/dags/bronze_dag_simple.py
[2025-10-22T13:02:27.863+0000] {processor.py:840} INFO - DAG(s) 'bronze_dag_simple' retrieved from /opt/airflow/dags/bronze_dag_simple.py
[2025-10-22T13:02:27.880+0000] {logging_mixin.py:188} INFO - [2025-10-22T13:02:27.879+0000] {dag.py:3096} INFO - Sync 1 DAGs
[2025-10-22T13:02:27.894+0000] {logging_mixin.py:188} INFO - [2025-10-22T13:02:27.894+0000] {dag.py:3954} INFO - Setting next_dagrun for bronze_dag_simple to 2025-10-21 18:00:00+00:00, run_after=2025-10-22 18:00:00+00:00
[2025-10-22T13:02:27.908+0000] {processor.py:183} INFO - Processing /opt/airflow/dags/bronze_dag_simple.py took 0.070 seconds
[2025-10-22T13:03:15.957+0000] {processor.py:161} INFO - Started process (PID=103) to work on /opt/airflow/dags/bronze_dag_simple.py
[2025-10-22T13:03:15.958+0000] {processor.py:830} INFO - Processing file /opt/airflow/dags/bronze_dag_simple.py for tasks to queue
[2025-10-22T13:03:15.959+0000] {logging_mixin.py:188} INFO - [2025-10-22T13:03:15.959+0000] {dagbag.py:540} INFO - Filling up the DagBag from /opt/airflow/dags/bronze_dag_simple.py
[2025-10-22T13:03:15.976+0000] {processor.py:840} INFO - DAG(s) 'bronze_dag_simple' retrieved from /opt/airflow/dags/bronze_dag_simple.py
[2025-10-22T13:03:15.994+0000] {logging_mixin.py:188} INFO - [2025-10-22T13:03:15.994+0000] {dag.py:3096} INFO - Sync 1 DAGs
[2025-10-22T13:03:16.009+0000] {logging_mixin.py:188} INFO - [2025-10-22T13:03:16.008+0000] {dag.py:3954} INFO - Setting next_dagrun for bronze_dag_simple to 2025-10-21 18:00:00+00:00, run_after=2025-10-22 18:00:00+00:00
[2025-10-22T13:03:16.021+0000] {processor.py:183} INFO - Processing /opt/airflow/dags/bronze_dag_simple.py took 0.069 seconds
[2025-10-22T13:03:46.161+0000] {processor.py:161} INFO - Started process (PID=105) to work on /opt/airflow/dags/bronze_dag_simple.py
[2025-10-22T13:03:46.162+0000] {processor.py:830} INFO - Processing file /opt/airflow/dags/bronze_dag_simple.py for tasks to queue
[2025-10-22T13:03:46.163+0000] {logging_mixin.py:188} INFO - [2025-10-22T13:03:46.163+0000] {dagbag.py:540} INFO - Filling up the DagBag from /opt/airflow/dags/bronze_dag_simple.py
[2025-10-22T13:03:46.181+0000] {processor.py:840} INFO - DAG(s) 'bronze_dag_simple' retrieved from /opt/airflow/dags/bronze_dag_simple.py
[2025-10-22T13:03:46.200+0000] {logging_mixin.py:188} INFO - [2025-10-22T13:03:46.200+0000] {dag.py:3096} INFO - Sync 1 DAGs
[2025-10-22T13:03:46.216+0000] {logging_mixin.py:188} INFO - [2025-10-22T13:03:46.216+0000] {dag.py:3954} INFO - Setting next_dagrun for bronze_dag_simple to 2025-10-21 18:00:00+00:00, run_after=2025-10-22 18:00:00+00:00
[2025-10-22T13:03:46.231+0000] {processor.py:183} INFO - Processing /opt/airflow/dags/bronze_dag_simple.py took 0.076 seconds
[2025-10-22T13:04:16.872+0000] {processor.py:161} INFO - Started process (PID=107) to work on /opt/airflow/dags/bronze_dag_simple.py
[2025-10-22T13:04:16.872+0000] {processor.py:830} INFO - Processing file /opt/airflow/dags/bronze_dag_simple.py for tasks to queue
[2025-10-22T13:04:16.874+0000] {logging_mixin.py:188} INFO - [2025-10-22T13:04:16.873+0000] {dagbag.py:540} INFO - Filling up the DagBag from /opt/airflow/dags/bronze_dag_simple.py
[2025-10-22T13:04:16.889+0000] {processor.py:840} INFO - DAG(s) 'bronze_dag_simple' retrieved from /opt/airflow/dags/bronze_dag_simple.py
[2025-10-22T13:04:16.905+0000] {logging_mixin.py:188} INFO - [2025-10-22T13:04:16.905+0000] {dag.py:3096} INFO - Sync 1 DAGs
[2025-10-22T13:04:16.918+0000] {logging_mixin.py:188} INFO - [2025-10-22T13:04:16.918+0000] {dag.py:3954} INFO - Setting next_dagrun for bronze_dag_simple to 2025-10-21 18:00:00+00:00, run_after=2025-10-22 18:00:00+00:00
[2025-10-22T13:04:16.931+0000] {processor.py:183} INFO - Processing /opt/airflow/dags/bronze_dag_simple.py took 0.063 seconds
[2025-10-22T13:04:47.107+0000] {processor.py:161} INFO - Started process (PID=109) to work on /opt/airflow/dags/bronze_dag_simple.py
[2025-10-22T13:04:47.108+0000] {processor.py:830} INFO - Processing file /opt/airflow/dags/bronze_dag_simple.py for tasks to queue
[2025-10-22T13:04:47.110+0000] {logging_mixin.py:188} INFO - [2025-10-22T13:04:47.109+0000] {dagbag.py:540} INFO - Filling up the DagBag from /opt/airflow/dags/bronze_dag_simple.py
[2025-10-22T13:04:47.124+0000] {processor.py:840} INFO - DAG(s) 'bronze_dag_simple' retrieved from /opt/airflow/dags/bronze_dag_simple.py
[2025-10-22T13:04:47.143+0000] {logging_mixin.py:188} INFO - [2025-10-22T13:04:47.143+0000] {dag.py:3096} INFO - Sync 1 DAGs
[2025-10-22T13:04:47.158+0000] {logging_mixin.py:188} INFO - [2025-10-22T13:04:47.158+0000] {dag.py:3954} INFO - Setting next_dagrun for bronze_dag_simple to 2025-10-21 18:00:00+00:00, run_after=2025-10-22 18:00:00+00:00
[2025-10-22T13:04:47.172+0000] {processor.py:183} INFO - Processing /opt/airflow/dags/bronze_dag_simple.py took 0.069 seconds
[2025-10-22T13:05:18.001+0000] {processor.py:161} INFO - Started process (PID=111) to work on /opt/airflow/dags/bronze_dag_simple.py
[2025-10-22T13:05:18.002+0000] {processor.py:830} INFO - Processing file /opt/airflow/dags/bronze_dag_simple.py for tasks to queue
[2025-10-22T13:05:18.003+0000] {logging_mixin.py:188} INFO - [2025-10-22T13:05:18.003+0000] {dagbag.py:540} INFO - Filling up the DagBag from /opt/airflow/dags/bronze_dag_simple.py
[2025-10-22T13:05:18.019+0000] {processor.py:840} INFO - DAG(s) 'bronze_dag_simple' retrieved from /opt/airflow/dags/bronze_dag_simple.py
[2025-10-22T13:05:18.035+0000] {logging_mixin.py:188} INFO - [2025-10-22T13:05:18.034+0000] {dag.py:3096} INFO - Sync 1 DAGs
[2025-10-22T13:05:18.049+0000] {logging_mixin.py:188} INFO - [2025-10-22T13:05:18.049+0000] {dag.py:3954} INFO - Setting next_dagrun for bronze_dag_simple to 2025-10-21 18:00:00+00:00, run_after=2025-10-22 18:00:00+00:00
[2025-10-22T13:05:18.061+0000] {processor.py:183} INFO - Processing /opt/airflow/dags/bronze_dag_simple.py took 0.064 seconds
[2025-10-22T13:06:10.013+0000] {processor.py:161} INFO - Started process (PID=113) to work on /opt/airflow/dags/bronze_dag_simple.py
[2025-10-22T13:06:10.014+0000] {processor.py:830} INFO - Processing file /opt/airflow/dags/bronze_dag_simple.py for tasks to queue
[2025-10-22T13:06:10.016+0000] {logging_mixin.py:188} INFO - [2025-10-22T13:06:10.015+0000] {dagbag.py:540} INFO - Filling up the DagBag from /opt/airflow/dags/bronze_dag_simple.py
[2025-10-22T13:06:10.036+0000] {processor.py:840} INFO - DAG(s) 'bronze_dag_simple' retrieved from /opt/airflow/dags/bronze_dag_simple.py
[2025-10-22T13:06:10.052+0000] {logging_mixin.py:188} INFO - [2025-10-22T13:06:10.052+0000] {dag.py:3096} INFO - Sync 1 DAGs
[2025-10-22T13:06:10.067+0000] {logging_mixin.py:188} INFO - [2025-10-22T13:06:10.067+0000] {dag.py:3954} INFO - Setting next_dagrun for bronze_dag_simple to 2025-10-21 18:00:00+00:00, run_after=2025-10-22 18:00:00+00:00
[2025-10-22T13:06:10.081+0000] {processor.py:183} INFO - Processing /opt/airflow/dags/bronze_dag_simple.py took 0.073 seconds
[2025-10-22T13:06:40.427+0000] {processor.py:161} INFO - Started process (PID=115) to work on /opt/airflow/dags/bronze_dag_simple.py
[2025-10-22T13:06:40.428+0000] {processor.py:830} INFO - Processing file /opt/airflow/dags/bronze_dag_simple.py for tasks to queue
[2025-10-22T13:06:40.429+0000] {logging_mixin.py:188} INFO - [2025-10-22T13:06:40.429+0000] {dagbag.py:540} INFO - Filling up the DagBag from /opt/airflow/dags/bronze_dag_simple.py
[2025-10-22T13:06:40.447+0000] {processor.py:840} INFO - DAG(s) 'bronze_dag_simple' retrieved from /opt/airflow/dags/bronze_dag_simple.py
[2025-10-22T13:06:40.463+0000] {logging_mixin.py:188} INFO - [2025-10-22T13:06:40.463+0000] {dag.py:3096} INFO - Sync 1 DAGs
[2025-10-22T13:06:40.478+0000] {logging_mixin.py:188} INFO - [2025-10-22T13:06:40.478+0000] {dag.py:3954} INFO - Setting next_dagrun for bronze_dag_simple to 2025-10-21 18:00:00+00:00, run_after=2025-10-22 18:00:00+00:00
[2025-10-22T13:06:40.491+0000] {processor.py:183} INFO - Processing /opt/airflow/dags/bronze_dag_simple.py took 0.068 seconds
[2025-10-22T13:07:10.620+0000] {processor.py:161} INFO - Started process (PID=117) to work on /opt/airflow/dags/bronze_dag_simple.py
[2025-10-22T13:07:10.621+0000] {processor.py:830} INFO - Processing file /opt/airflow/dags/bronze_dag_simple.py for tasks to queue
[2025-10-22T13:07:10.622+0000] {logging_mixin.py:188} INFO - [2025-10-22T13:07:10.622+0000] {dagbag.py:540} INFO - Filling up the DagBag from /opt/airflow/dags/bronze_dag_simple.py
[2025-10-22T13:07:10.640+0000] {processor.py:840} INFO - DAG(s) 'bronze_dag_simple' retrieved from /opt/airflow/dags/bronze_dag_simple.py
[2025-10-22T13:07:10.657+0000] {logging_mixin.py:188} INFO - [2025-10-22T13:07:10.657+0000] {dag.py:3096} INFO - Sync 1 DAGs
[2025-10-22T13:07:10.672+0000] {logging_mixin.py:188} INFO - [2025-10-22T13:07:10.672+0000] {dag.py:3954} INFO - Setting next_dagrun for bronze_dag_simple to 2025-10-21 18:00:00+00:00, run_after=2025-10-22 18:00:00+00:00
[2025-10-22T13:07:10.685+0000] {processor.py:183} INFO - Processing /opt/airflow/dags/bronze_dag_simple.py took 0.070 seconds
[2025-10-22T13:07:40.821+0000] {processor.py:161} INFO - Started process (PID=119) to work on /opt/airflow/dags/bronze_dag_simple.py
[2025-10-22T13:07:40.822+0000] {processor.py:830} INFO - Processing file /opt/airflow/dags/bronze_dag_simple.py for tasks to queue
[2025-10-22T13:07:40.823+0000] {logging_mixin.py:188} INFO - [2025-10-22T13:07:40.823+0000] {dagbag.py:540} INFO - Filling up the DagBag from /opt/airflow/dags/bronze_dag_simple.py
[2025-10-22T13:07:40.841+0000] {processor.py:840} INFO - DAG(s) 'bronze_dag_simple' retrieved from /opt/airflow/dags/bronze_dag_simple.py
[2025-10-22T13:07:40.858+0000] {logging_mixin.py:188} INFO - [2025-10-22T13:07:40.857+0000] {dag.py:3096} INFO - Sync 1 DAGs
[2025-10-22T13:07:40.873+0000] {logging_mixin.py:188} INFO - [2025-10-22T13:07:40.872+0000] {dag.py:3954} INFO - Setting next_dagrun for bronze_dag_simple to 2025-10-21 18:00:00+00:00, run_after=2025-10-22 18:00:00+00:00
[2025-10-22T13:07:40.886+0000] {processor.py:183} INFO - Processing /opt/airflow/dags/bronze_dag_simple.py took 0.069 seconds
[2025-10-22T13:08:30.889+0000] {processor.py:161} INFO - Started process (PID=121) to work on /opt/airflow/dags/bronze_dag_simple.py
[2025-10-22T13:08:30.889+0000] {processor.py:830} INFO - Processing file /opt/airflow/dags/bronze_dag_simple.py for tasks to queue
[2025-10-22T13:08:30.891+0000] {logging_mixin.py:188} INFO - [2025-10-22T13:08:30.891+0000] {dagbag.py:540} INFO - Filling up the DagBag from /opt/airflow/dags/bronze_dag_simple.py
[2025-10-22T13:08:30.910+0000] {processor.py:840} INFO - DAG(s) 'bronze_dag_simple' retrieved from /opt/airflow/dags/bronze_dag_simple.py
[2025-10-22T13:08:30.928+0000] {logging_mixin.py:188} INFO - [2025-10-22T13:08:30.928+0000] {dag.py:3096} INFO - Sync 1 DAGs
[2025-10-22T13:08:30.945+0000] {logging_mixin.py:188} INFO - [2025-10-22T13:08:30.945+0000] {dag.py:3954} INFO - Setting next_dagrun for bronze_dag_simple to 2025-10-21 18:00:00+00:00, run_after=2025-10-22 18:00:00+00:00
[2025-10-22T13:08:30.958+0000] {processor.py:183} INFO - Processing /opt/airflow/dags/bronze_dag_simple.py took 0.075 seconds
[2025-10-22T13:09:31.207+0000] {processor.py:161} INFO - Started process (PID=123) to work on /opt/airflow/dags/bronze_dag_simple.py
[2025-10-22T13:09:31.208+0000] {processor.py:830} INFO - Processing file /opt/airflow/dags/bronze_dag_simple.py for tasks to queue
[2025-10-22T13:09:31.210+0000] {logging_mixin.py:188} INFO - [2025-10-22T13:09:31.210+0000] {dagbag.py:540} INFO - Filling up the DagBag from /opt/airflow/dags/bronze_dag_simple.py
[2025-10-22T13:09:31.236+0000] {processor.py:840} INFO - DAG(s) 'bronze_dag_simple' retrieved from /opt/airflow/dags/bronze_dag_simple.py
[2025-10-22T13:09:31.273+0000] {logging_mixin.py:188} INFO - [2025-10-22T13:09:31.272+0000] {dag.py:3096} INFO - Sync 1 DAGs
[2025-10-22T13:09:31.291+0000] {logging_mixin.py:188} INFO - [2025-10-22T13:09:31.291+0000] {dag.py:3954} INFO - Setting next_dagrun for bronze_dag_simple to 2025-10-21 18:00:00+00:00, run_after=2025-10-22 18:00:00+00:00
[2025-10-22T13:09:31.318+0000] {processor.py:183} INFO - Processing /opt/airflow/dags/bronze_dag_simple.py took 0.132 seconds
[2025-10-22T13:10:02.126+0000] {processor.py:161} INFO - Started process (PID=125) to work on /opt/airflow/dags/bronze_dag_simple.py
[2025-10-22T13:10:02.127+0000] {processor.py:830} INFO - Processing file /opt/airflow/dags/bronze_dag_simple.py for tasks to queue
[2025-10-22T13:10:02.130+0000] {logging_mixin.py:188} INFO - [2025-10-22T13:10:02.129+0000] {dagbag.py:540} INFO - Filling up the DagBag from /opt/airflow/dags/bronze_dag_simple.py
[2025-10-22T13:10:02.147+0000] {processor.py:840} INFO - DAG(s) 'bronze_dag_simple' retrieved from /opt/airflow/dags/bronze_dag_simple.py
[2025-10-22T13:10:02.164+0000] {logging_mixin.py:188} INFO - [2025-10-22T13:10:02.164+0000] {dag.py:3096} INFO - Sync 1 DAGs
[2025-10-22T13:10:02.179+0000] {logging_mixin.py:188} INFO - [2025-10-22T13:10:02.179+0000] {dag.py:3954} INFO - Setting next_dagrun for bronze_dag_simple to 2025-10-21 18:00:00+00:00, run_after=2025-10-22 18:00:00+00:00
[2025-10-22T13:10:02.192+0000] {processor.py:183} INFO - Processing /opt/airflow/dags/bronze_dag_simple.py took 0.070 seconds
[2025-10-22T13:10:52.211+0000] {processor.py:161} INFO - Started process (PID=127) to work on /opt/airflow/dags/bronze_dag_simple.py
[2025-10-22T13:10:52.212+0000] {processor.py:830} INFO - Processing file /opt/airflow/dags/bronze_dag_simple.py for tasks to queue
[2025-10-22T13:10:52.214+0000] {logging_mixin.py:188} INFO - [2025-10-22T13:10:52.214+0000] {dagbag.py:540} INFO - Filling up the DagBag from /opt/airflow/dags/bronze_dag_simple.py
[2025-10-22T13:10:52.231+0000] {processor.py:840} INFO - DAG(s) 'bronze_dag_simple' retrieved from /opt/airflow/dags/bronze_dag_simple.py
[2025-10-22T13:10:52.248+0000] {logging_mixin.py:188} INFO - [2025-10-22T13:10:52.248+0000] {dag.py:3096} INFO - Sync 1 DAGs
[2025-10-22T13:10:52.264+0000] {logging_mixin.py:188} INFO - [2025-10-22T13:10:52.264+0000] {dag.py:3954} INFO - Setting next_dagrun for bronze_dag_simple to 2025-10-21 18:00:00+00:00, run_after=2025-10-22 18:00:00+00:00
[2025-10-22T13:10:52.277+0000] {processor.py:183} INFO - Processing /opt/airflow/dags/bronze_dag_simple.py took 0.070 seconds
[2025-10-22T13:11:22.611+0000] {processor.py:161} INFO - Started process (PID=129) to work on /opt/airflow/dags/bronze_dag_simple.py
[2025-10-22T13:11:22.612+0000] {processor.py:830} INFO - Processing file /opt/airflow/dags/bronze_dag_simple.py for tasks to queue
[2025-10-22T13:11:22.614+0000] {logging_mixin.py:188} INFO - [2025-10-22T13:11:22.614+0000] {dagbag.py:540} INFO - Filling up the DagBag from /opt/airflow/dags/bronze_dag_simple.py
[2025-10-22T13:11:22.633+0000] {processor.py:840} INFO - DAG(s) 'bronze_dag_simple' retrieved from /opt/airflow/dags/bronze_dag_simple.py
[2025-10-22T13:11:22.651+0000] {logging_mixin.py:188} INFO - [2025-10-22T13:11:22.651+0000] {dag.py:3096} INFO - Sync 1 DAGs
[2025-10-22T13:11:22.667+0000] {logging_mixin.py:188} INFO - [2025-10-22T13:11:22.666+0000] {dag.py:3954} INFO - Setting next_dagrun for bronze_dag_simple to 2025-10-21 18:00:00+00:00, run_after=2025-10-22 18:00:00+00:00
[2025-10-22T13:11:22.681+0000] {processor.py:183} INFO - Processing /opt/airflow/dags/bronze_dag_simple.py took 0.075 seconds
[2025-10-22T13:12:14.707+0000] {processor.py:161} INFO - Started process (PID=131) to work on /opt/airflow/dags/bronze_dag_simple.py
[2025-10-22T13:12:14.708+0000] {processor.py:830} INFO - Processing file /opt/airflow/dags/bronze_dag_simple.py for tasks to queue
[2025-10-22T13:12:14.710+0000] {logging_mixin.py:188} INFO - [2025-10-22T13:12:14.710+0000] {dagbag.py:540} INFO - Filling up the DagBag from /opt/airflow/dags/bronze_dag_simple.py
[2025-10-22T13:12:14.728+0000] {processor.py:840} INFO - DAG(s) 'bronze_dag_simple' retrieved from /opt/airflow/dags/bronze_dag_simple.py
[2025-10-22T13:12:14.744+0000] {logging_mixin.py:188} INFO - [2025-10-22T13:12:14.744+0000] {dag.py:3096} INFO - Sync 1 DAGs
[2025-10-22T13:12:14.759+0000] {logging_mixin.py:188} INFO - [2025-10-22T13:12:14.759+0000] {dag.py:3954} INFO - Setting next_dagrun for bronze_dag_simple to 2025-10-21 18:00:00+00:00, run_after=2025-10-22 18:00:00+00:00
[2025-10-22T13:12:14.772+0000] {processor.py:183} INFO - Processing /opt/airflow/dags/bronze_dag_simple.py took 0.069 seconds
[2025-10-22T13:12:44.896+0000] {processor.py:161} INFO - Started process (PID=133) to work on /opt/airflow/dags/bronze_dag_simple.py
[2025-10-22T13:12:44.897+0000] {processor.py:830} INFO - Processing file /opt/airflow/dags/bronze_dag_simple.py for tasks to queue
[2025-10-22T13:12:44.898+0000] {logging_mixin.py:188} INFO - [2025-10-22T13:12:44.898+0000] {dagbag.py:540} INFO - Filling up the DagBag from /opt/airflow/dags/bronze_dag_simple.py
[2025-10-22T13:12:44.914+0000] {processor.py:840} INFO - DAG(s) 'bronze_dag_simple' retrieved from /opt/airflow/dags/bronze_dag_simple.py
[2025-10-22T13:12:44.929+0000] {logging_mixin.py:188} INFO - [2025-10-22T13:12:44.929+0000] {dag.py:3096} INFO - Sync 1 DAGs
[2025-10-22T13:12:44.943+0000] {logging_mixin.py:188} INFO - [2025-10-22T13:12:44.943+0000] {dag.py:3954} INFO - Setting next_dagrun for bronze_dag_simple to 2025-10-21 18:00:00+00:00, run_after=2025-10-22 18:00:00+00:00
[2025-10-22T13:12:44.955+0000] {processor.py:183} INFO - Processing /opt/airflow/dags/bronze_dag_simple.py took 0.063 seconds
[2025-10-22T13:13:15.552+0000] {processor.py:161} INFO - Started process (PID=135) to work on /opt/airflow/dags/bronze_dag_simple.py
[2025-10-22T13:13:15.553+0000] {processor.py:830} INFO - Processing file /opt/airflow/dags/bronze_dag_simple.py for tasks to queue
[2025-10-22T13:13:15.554+0000] {logging_mixin.py:188} INFO - [2025-10-22T13:13:15.554+0000] {dagbag.py:540} INFO - Filling up the DagBag from /opt/airflow/dags/bronze_dag_simple.py
[2025-10-22T13:13:15.572+0000] {processor.py:840} INFO - DAG(s) 'bronze_dag_simple' retrieved from /opt/airflow/dags/bronze_dag_simple.py
[2025-10-22T13:13:15.589+0000] {logging_mixin.py:188} INFO - [2025-10-22T13:13:15.589+0000] {dag.py:3096} INFO - Sync 1 DAGs
[2025-10-22T13:13:15.603+0000] {logging_mixin.py:188} INFO - [2025-10-22T13:13:15.603+0000] {dag.py:3954} INFO - Setting next_dagrun for bronze_dag_simple to 2025-10-21 18:00:00+00:00, run_after=2025-10-22 18:00:00+00:00
[2025-10-22T13:13:15.617+0000] {processor.py:183} INFO - Processing /opt/airflow/dags/bronze_dag_simple.py took 0.070 seconds
[2025-10-22T13:13:45.809+0000] {processor.py:161} INFO - Started process (PID=137) to work on /opt/airflow/dags/bronze_dag_simple.py
[2025-10-22T13:13:45.810+0000] {processor.py:830} INFO - Processing file /opt/airflow/dags/bronze_dag_simple.py for tasks to queue
[2025-10-22T13:13:45.811+0000] {logging_mixin.py:188} INFO - [2025-10-22T13:13:45.811+0000] {dagbag.py:540} INFO - Filling up the DagBag from /opt/airflow/dags/bronze_dag_simple.py
[2025-10-22T13:13:45.829+0000] {processor.py:840} INFO - DAG(s) 'bronze_dag_simple' retrieved from /opt/airflow/dags/bronze_dag_simple.py
[2025-10-22T13:13:45.846+0000] {logging_mixin.py:188} INFO - [2025-10-22T13:13:45.846+0000] {dag.py:3096} INFO - Sync 1 DAGs
[2025-10-22T13:13:45.861+0000] {logging_mixin.py:188} INFO - [2025-10-22T13:13:45.861+0000] {dag.py:3954} INFO - Setting next_dagrun for bronze_dag_simple to 2025-10-21 18:00:00+00:00, run_after=2025-10-22 18:00:00+00:00
[2025-10-22T13:13:45.875+0000] {processor.py:183} INFO - Processing /opt/airflow/dags/bronze_dag_simple.py took 0.070 seconds
[2025-10-22T13:14:16.012+0000] {processor.py:161} INFO - Started process (PID=139) to work on /opt/airflow/dags/bronze_dag_simple.py
[2025-10-22T13:14:16.012+0000] {processor.py:830} INFO - Processing file /opt/airflow/dags/bronze_dag_simple.py for tasks to queue
[2025-10-22T13:14:16.014+0000] {logging_mixin.py:188} INFO - [2025-10-22T13:14:16.014+0000] {dagbag.py:540} INFO - Filling up the DagBag from /opt/airflow/dags/bronze_dag_simple.py
[2025-10-22T13:14:16.032+0000] {processor.py:840} INFO - DAG(s) 'bronze_dag_simple' retrieved from /opt/airflow/dags/bronze_dag_simple.py
[2025-10-22T13:14:16.049+0000] {logging_mixin.py:188} INFO - [2025-10-22T13:14:16.048+0000] {dag.py:3096} INFO - Sync 1 DAGs
[2025-10-22T13:14:16.064+0000] {logging_mixin.py:188} INFO - [2025-10-22T13:14:16.064+0000] {dag.py:3954} INFO - Setting next_dagrun for bronze_dag_simple to 2025-10-21 18:00:00+00:00, run_after=2025-10-22 18:00:00+00:00
[2025-10-22T13:14:16.076+0000] {processor.py:183} INFO - Processing /opt/airflow/dags/bronze_dag_simple.py took 0.070 seconds
[2025-10-22T13:14:57.073+0000] {processor.py:161} INFO - Started process (PID=141) to work on /opt/airflow/dags/bronze_dag_simple.py
[2025-10-22T13:14:57.074+0000] {processor.py:830} INFO - Processing file /opt/airflow/dags/bronze_dag_simple.py for tasks to queue
[2025-10-22T13:14:57.076+0000] {logging_mixin.py:188} INFO - [2025-10-22T13:14:57.076+0000] {dagbag.py:540} INFO - Filling up the DagBag from /opt/airflow/dags/bronze_dag_simple.py
[2025-10-22T13:14:57.100+0000] {processor.py:840} INFO - DAG(s) 'bronze_dag_simple' retrieved from /opt/airflow/dags/bronze_dag_simple.py
[2025-10-22T13:14:57.120+0000] {logging_mixin.py:188} INFO - [2025-10-22T13:14:57.120+0000] {dag.py:3096} INFO - Sync 1 DAGs
[2025-10-22T13:14:57.138+0000] {logging_mixin.py:188} INFO - [2025-10-22T13:14:57.138+0000] {dag.py:3954} INFO - Setting next_dagrun for bronze_dag_simple to 2025-10-21 18:00:00+00:00, run_after=2025-10-22 18:00:00+00:00
[2025-10-22T13:14:57.167+0000] {processor.py:183} INFO - Processing /opt/airflow/dags/bronze_dag_simple.py took 0.100 seconds
[2025-10-22T13:15:27.347+0000] {processor.py:161} INFO - Started process (PID=143) to work on /opt/airflow/dags/bronze_dag_simple.py
[2025-10-22T13:15:27.348+0000] {processor.py:830} INFO - Processing file /opt/airflow/dags/bronze_dag_simple.py for tasks to queue
[2025-10-22T13:15:27.350+0000] {logging_mixin.py:188} INFO - [2025-10-22T13:15:27.350+0000] {dagbag.py:540} INFO - Filling up the DagBag from /opt/airflow/dags/bronze_dag_simple.py
[2025-10-22T13:15:27.371+0000] {processor.py:840} INFO - DAG(s) 'bronze_dag_simple' retrieved from /opt/airflow/dags/bronze_dag_simple.py
[2025-10-22T13:15:27.397+0000] {logging_mixin.py:188} INFO - [2025-10-22T13:15:27.396+0000] {dag.py:3096} INFO - Sync 1 DAGs
[2025-10-22T13:15:27.419+0000] {logging_mixin.py:188} INFO - [2025-10-22T13:15:27.419+0000] {dag.py:3954} INFO - Setting next_dagrun for bronze_dag_simple to 2025-10-21 18:00:00+00:00, run_after=2025-10-22 18:00:00+00:00
[2025-10-22T13:15:27.433+0000] {processor.py:183} INFO - Processing /opt/airflow/dags/bronze_dag_simple.py took 0.092 seconds
[2025-10-22T13:15:58.198+0000] {processor.py:161} INFO - Started process (PID=145) to work on /opt/airflow/dags/bronze_dag_simple.py
[2025-10-22T13:15:58.199+0000] {processor.py:830} INFO - Processing file /opt/airflow/dags/bronze_dag_simple.py for tasks to queue
[2025-10-22T13:15:58.200+0000] {logging_mixin.py:188} INFO - [2025-10-22T13:15:58.200+0000] {dagbag.py:540} INFO - Filling up the DagBag from /opt/airflow/dags/bronze_dag_simple.py
[2025-10-22T13:15:58.217+0000] {processor.py:840} INFO - DAG(s) 'bronze_dag_simple' retrieved from /opt/airflow/dags/bronze_dag_simple.py
[2025-10-22T13:15:58.232+0000] {logging_mixin.py:188} INFO - [2025-10-22T13:15:58.232+0000] {dag.py:3096} INFO - Sync 1 DAGs
[2025-10-22T13:15:58.246+0000] {logging_mixin.py:188} INFO - [2025-10-22T13:15:58.246+0000] {dag.py:3954} INFO - Setting next_dagrun for bronze_dag_simple to 2025-10-21 18:00:00+00:00, run_after=2025-10-22 18:00:00+00:00
[2025-10-22T13:15:58.257+0000] {processor.py:183} INFO - Processing /opt/airflow/dags/bronze_dag_simple.py took 0.064 seconds
[2025-10-22T13:16:28.572+0000] {processor.py:161} INFO - Started process (PID=147) to work on /opt/airflow/dags/bronze_dag_simple.py
[2025-10-22T13:16:28.573+0000] {processor.py:830} INFO - Processing file /opt/airflow/dags/bronze_dag_simple.py for tasks to queue
[2025-10-22T13:16:28.575+0000] {logging_mixin.py:188} INFO - [2025-10-22T13:16:28.575+0000] {dagbag.py:540} INFO - Filling up the DagBag from /opt/airflow/dags/bronze_dag_simple.py
[2025-10-22T13:16:28.596+0000] {processor.py:840} INFO - DAG(s) 'bronze_dag_simple' retrieved from /opt/airflow/dags/bronze_dag_simple.py
[2025-10-22T13:16:28.617+0000] {logging_mixin.py:188} INFO - [2025-10-22T13:16:28.617+0000] {dag.py:3096} INFO - Sync 1 DAGs
[2025-10-22T13:16:28.632+0000] {logging_mixin.py:188} INFO - [2025-10-22T13:16:28.632+0000] {dag.py:3954} INFO - Setting next_dagrun for bronze_dag_simple to 2025-10-21 18:00:00+00:00, run_after=2025-10-22 18:00:00+00:00
[2025-10-22T13:16:28.646+0000] {processor.py:183} INFO - Processing /opt/airflow/dags/bronze_dag_simple.py took 0.080 seconds
[2025-10-22T13:16:59.462+0000] {processor.py:161} INFO - Started process (PID=149) to work on /opt/airflow/dags/bronze_dag_simple.py
[2025-10-22T13:16:59.463+0000] {processor.py:830} INFO - Processing file /opt/airflow/dags/bronze_dag_simple.py for tasks to queue
[2025-10-22T13:16:59.465+0000] {logging_mixin.py:188} INFO - [2025-10-22T13:16:59.465+0000] {dagbag.py:540} INFO - Filling up the DagBag from /opt/airflow/dags/bronze_dag_simple.py
[2025-10-22T13:16:59.484+0000] {processor.py:840} INFO - DAG(s) 'bronze_dag_simple' retrieved from /opt/airflow/dags/bronze_dag_simple.py
[2025-10-22T13:16:59.504+0000] {logging_mixin.py:188} INFO - [2025-10-22T13:16:59.504+0000] {dag.py:3096} INFO - Sync 1 DAGs
[2025-10-22T13:16:59.521+0000] {logging_mixin.py:188} INFO - [2025-10-22T13:16:59.521+0000] {dag.py:3954} INFO - Setting next_dagrun for bronze_dag_simple to 2025-10-21 18:00:00+00:00, run_after=2025-10-22 18:00:00+00:00
[2025-10-22T13:16:59.536+0000] {processor.py:183} INFO - Processing /opt/airflow/dags/bronze_dag_simple.py took 0.080 seconds
[2025-10-22T13:17:46.004+0000] {processor.py:161} INFO - Started process (PID=55) to work on /opt/airflow/dags/bronze_dag_simple.py
[2025-10-22T13:17:46.005+0000] {processor.py:830} INFO - Processing file /opt/airflow/dags/bronze_dag_simple.py for tasks to queue
[2025-10-22T13:17:46.007+0000] {logging_mixin.py:188} INFO - [2025-10-22T13:17:46.007+0000] {dagbag.py:540} INFO - Filling up the DagBag from /opt/airflow/dags/bronze_dag_simple.py
[2025-10-22T13:17:46.028+0000] {processor.py:840} INFO - DAG(s) 'bronze_dag_simple' retrieved from /opt/airflow/dags/bronze_dag_simple.py
[2025-10-22T13:17:46.056+0000] {logging_mixin.py:188} INFO - [2025-10-22T13:17:46.056+0000] {dag.py:3096} INFO - Sync 1 DAGs
[2025-10-22T13:17:46.075+0000] {logging_mixin.py:188} INFO - [2025-10-22T13:17:46.075+0000] {dag.py:3954} INFO - Setting next_dagrun for bronze_dag_simple to 2025-10-21 18:00:00+00:00, run_after=2025-10-22 18:00:00+00:00
[2025-10-22T13:17:46.093+0000] {processor.py:183} INFO - Processing /opt/airflow/dags/bronze_dag_simple.py took 0.095 seconds
[2025-10-22T13:18:16.922+0000] {processor.py:161} INFO - Started process (PID=57) to work on /opt/airflow/dags/bronze_dag_simple.py
[2025-10-22T13:18:16.923+0000] {processor.py:830} INFO - Processing file /opt/airflow/dags/bronze_dag_simple.py for tasks to queue
[2025-10-22T13:18:16.925+0000] {logging_mixin.py:188} INFO - [2025-10-22T13:18:16.925+0000] {dagbag.py:540} INFO - Filling up the DagBag from /opt/airflow/dags/bronze_dag_simple.py
[2025-10-22T13:18:16.943+0000] {processor.py:840} INFO - DAG(s) 'bronze_dag_simple' retrieved from /opt/airflow/dags/bronze_dag_simple.py
[2025-10-22T13:18:17.052+0000] {logging_mixin.py:188} INFO - [2025-10-22T13:18:17.051+0000] {dag.py:3096} INFO - Sync 1 DAGs
[2025-10-22T13:18:17.066+0000] {logging_mixin.py:188} INFO - [2025-10-22T13:18:17.066+0000] {dag.py:3954} INFO - Setting next_dagrun for bronze_dag_simple to 2025-10-21 18:00:00+00:00, run_after=2025-10-22 18:00:00+00:00
[2025-10-22T13:18:17.083+0000] {processor.py:183} INFO - Processing /opt/airflow/dags/bronze_dag_simple.py took 0.165 seconds
[2025-10-22T13:18:47.324+0000] {processor.py:161} INFO - Started process (PID=59) to work on /opt/airflow/dags/bronze_dag_simple.py
[2025-10-22T13:18:47.325+0000] {processor.py:830} INFO - Processing file /opt/airflow/dags/bronze_dag_simple.py for tasks to queue
[2025-10-22T13:18:47.327+0000] {logging_mixin.py:188} INFO - [2025-10-22T13:18:47.327+0000] {dagbag.py:540} INFO - Filling up the DagBag from /opt/airflow/dags/bronze_dag_simple.py
[2025-10-22T13:18:47.347+0000] {processor.py:840} INFO - DAG(s) 'bronze_dag_simple' retrieved from /opt/airflow/dags/bronze_dag_simple.py
[2025-10-22T13:18:47.367+0000] {logging_mixin.py:188} INFO - [2025-10-22T13:18:47.367+0000] {dag.py:3096} INFO - Sync 1 DAGs
[2025-10-22T13:18:47.385+0000] {logging_mixin.py:188} INFO - [2025-10-22T13:18:47.385+0000] {dag.py:3954} INFO - Setting next_dagrun for bronze_dag_simple to 2025-10-21 18:00:00+00:00, run_after=2025-10-22 18:00:00+00:00
[2025-10-22T13:18:47.399+0000] {processor.py:183} INFO - Processing /opt/airflow/dags/bronze_dag_simple.py took 0.080 seconds
[2025-10-22T13:19:26.373+0000] {processor.py:161} INFO - Started process (PID=61) to work on /opt/airflow/dags/bronze_dag_simple.py
[2025-10-22T13:19:26.374+0000] {processor.py:830} INFO - Processing file /opt/airflow/dags/bronze_dag_simple.py for tasks to queue
[2025-10-22T13:19:26.376+0000] {logging_mixin.py:188} INFO - [2025-10-22T13:19:26.376+0000] {dagbag.py:540} INFO - Filling up the DagBag from /opt/airflow/dags/bronze_dag_simple.py
[2025-10-22T13:19:26.394+0000] {processor.py:840} INFO - DAG(s) 'bronze_dag_simple' retrieved from /opt/airflow/dags/bronze_dag_simple.py
[2025-10-22T13:19:26.413+0000] {logging_mixin.py:188} INFO - [2025-10-22T13:19:26.412+0000] {dag.py:3096} INFO - Sync 1 DAGs
[2025-10-22T13:19:26.428+0000] {logging_mixin.py:188} INFO - [2025-10-22T13:19:26.428+0000] {dag.py:3954} INFO - Setting next_dagrun for bronze_dag_simple to 2025-10-21 18:00:00+00:00, run_after=2025-10-22 18:00:00+00:00
[2025-10-22T13:19:26.442+0000] {processor.py:183} INFO - Processing /opt/airflow/dags/bronze_dag_simple.py took 0.073 seconds
[2025-10-22T13:20:25.758+0000] {processor.py:161} INFO - Started process (PID=63) to work on /opt/airflow/dags/bronze_dag_simple.py
[2025-10-22T13:20:25.759+0000] {processor.py:830} INFO - Processing file /opt/airflow/dags/bronze_dag_simple.py for tasks to queue
[2025-10-22T13:20:25.761+0000] {logging_mixin.py:188} INFO - [2025-10-22T13:20:25.761+0000] {dagbag.py:540} INFO - Filling up the DagBag from /opt/airflow/dags/bronze_dag_simple.py
[2025-10-22T13:20:25.780+0000] {processor.py:840} INFO - DAG(s) 'bronze_dag_simple' retrieved from /opt/airflow/dags/bronze_dag_simple.py
[2025-10-22T13:20:25.800+0000] {logging_mixin.py:188} INFO - [2025-10-22T13:20:25.800+0000] {dag.py:3096} INFO - Sync 1 DAGs
[2025-10-22T13:20:25.820+0000] {logging_mixin.py:188} INFO - [2025-10-22T13:20:25.819+0000] {dag.py:3954} INFO - Setting next_dagrun for bronze_dag_simple to 2025-10-21 18:00:00+00:00, run_after=2025-10-22 18:00:00+00:00
[2025-10-22T13:20:25.837+0000] {processor.py:183} INFO - Processing /opt/airflow/dags/bronze_dag_simple.py took 0.084 seconds
[2025-10-22T13:20:56.220+0000] {processor.py:161} INFO - Started process (PID=65) to work on /opt/airflow/dags/bronze_dag_simple.py
[2025-10-22T13:20:56.221+0000] {processor.py:830} INFO - Processing file /opt/airflow/dags/bronze_dag_simple.py for tasks to queue
[2025-10-22T13:20:56.224+0000] {logging_mixin.py:188} INFO - [2025-10-22T13:20:56.224+0000] {dagbag.py:540} INFO - Filling up the DagBag from /opt/airflow/dags/bronze_dag_simple.py
[2025-10-22T13:20:56.246+0000] {processor.py:840} INFO - DAG(s) 'bronze_dag_simple' retrieved from /opt/airflow/dags/bronze_dag_simple.py
[2025-10-22T13:20:56.268+0000] {logging_mixin.py:188} INFO - [2025-10-22T13:20:56.267+0000] {dag.py:3096} INFO - Sync 1 DAGs
[2025-10-22T13:20:56.285+0000] {logging_mixin.py:188} INFO - [2025-10-22T13:20:56.285+0000] {dag.py:3954} INFO - Setting next_dagrun for bronze_dag_simple to 2025-10-21 18:00:00+00:00, run_after=2025-10-22 18:00:00+00:00
[2025-10-22T13:20:56.300+0000] {processor.py:183} INFO - Processing /opt/airflow/dags/bronze_dag_simple.py took 0.087 seconds
[2025-10-22T13:21:27.121+0000] {processor.py:161} INFO - Started process (PID=67) to work on /opt/airflow/dags/bronze_dag_simple.py
[2025-10-22T13:21:27.122+0000] {processor.py:830} INFO - Processing file /opt/airflow/dags/bronze_dag_simple.py for tasks to queue
[2025-10-22T13:21:27.123+0000] {logging_mixin.py:188} INFO - [2025-10-22T13:21:27.123+0000] {dagbag.py:540} INFO - Filling up the DagBag from /opt/airflow/dags/bronze_dag_simple.py
[2025-10-22T13:21:27.141+0000] {processor.py:840} INFO - DAG(s) 'bronze_dag_simple' retrieved from /opt/airflow/dags/bronze_dag_simple.py
[2025-10-22T13:21:27.159+0000] {logging_mixin.py:188} INFO - [2025-10-22T13:21:27.159+0000] {dag.py:3096} INFO - Sync 1 DAGs
[2025-10-22T13:21:27.185+0000] {logging_mixin.py:188} INFO - [2025-10-22T13:21:27.185+0000] {dag.py:3954} INFO - Setting next_dagrun for bronze_dag_simple to 2025-10-21 18:00:00+00:00, run_after=2025-10-22 18:00:00+00:00
[2025-10-22T13:21:27.204+0000] {processor.py:183} INFO - Processing /opt/airflow/dags/bronze_dag_simple.py took 0.088 seconds
[2025-10-22T13:21:58.067+0000] {processor.py:161} INFO - Started process (PID=69) to work on /opt/airflow/dags/bronze_dag_simple.py
[2025-10-22T13:21:58.068+0000] {processor.py:830} INFO - Processing file /opt/airflow/dags/bronze_dag_simple.py for tasks to queue
[2025-10-22T13:21:58.069+0000] {logging_mixin.py:188} INFO - [2025-10-22T13:21:58.069+0000] {dagbag.py:540} INFO - Filling up the DagBag from /opt/airflow/dags/bronze_dag_simple.py
[2025-10-22T13:21:58.087+0000] {processor.py:840} INFO - DAG(s) 'bronze_dag_simple' retrieved from /opt/airflow/dags/bronze_dag_simple.py
[2025-10-22T13:21:58.104+0000] {logging_mixin.py:188} INFO - [2025-10-22T13:21:58.104+0000] {dag.py:3096} INFO - Sync 1 DAGs
[2025-10-22T13:21:58.120+0000] {logging_mixin.py:188} INFO - [2025-10-22T13:21:58.119+0000] {dag.py:3954} INFO - Setting next_dagrun for bronze_dag_simple to 2025-10-21 18:00:00+00:00, run_after=2025-10-22 18:00:00+00:00
[2025-10-22T13:21:58.133+0000] {processor.py:183} INFO - Processing /opt/airflow/dags/bronze_dag_simple.py took 0.070 seconds
[2025-10-22T13:22:28.964+0000] {processor.py:161} INFO - Started process (PID=55) to work on /opt/airflow/dags/bronze_dag_simple.py
[2025-10-22T13:22:28.966+0000] {processor.py:830} INFO - Processing file /opt/airflow/dags/bronze_dag_simple.py for tasks to queue
[2025-10-22T13:22:28.969+0000] {logging_mixin.py:188} INFO - [2025-10-22T13:22:28.968+0000] {dagbag.py:540} INFO - Filling up the DagBag from /opt/airflow/dags/bronze_dag_simple.py
[2025-10-22T13:22:29.000+0000] {processor.py:840} INFO - DAG(s) 'bronze_dag_simple' retrieved from /opt/airflow/dags/bronze_dag_simple.py
[2025-10-22T13:22:29.039+0000] {logging_mixin.py:188} INFO - [2025-10-22T13:22:29.039+0000] {dag.py:3096} INFO - Sync 1 DAGs
[2025-10-22T13:22:29.068+0000] {logging_mixin.py:188} INFO - [2025-10-22T13:22:29.067+0000] {dag.py:3954} INFO - Setting next_dagrun for bronze_dag_simple to 2025-10-21 18:00:00+00:00, run_after=2025-10-22 18:00:00+00:00
[2025-10-22T13:22:29.093+0000] {processor.py:183} INFO - Processing /opt/airflow/dags/bronze_dag_simple.py took 0.137 seconds
[2025-10-22T13:23:10.125+0000] {processor.py:161} INFO - Started process (PID=62) to work on /opt/airflow/dags/bronze_dag_simple.py
[2025-10-22T13:23:10.127+0000] {processor.py:830} INFO - Processing file /opt/airflow/dags/bronze_dag_simple.py for tasks to queue
[2025-10-22T13:23:10.129+0000] {logging_mixin.py:188} INFO - [2025-10-22T13:23:10.128+0000] {dagbag.py:540} INFO - Filling up the DagBag from /opt/airflow/dags/bronze_dag_simple.py
[2025-10-22T13:23:10.148+0000] {processor.py:840} INFO - DAG(s) 'bronze_dag_simple' retrieved from /opt/airflow/dags/bronze_dag_simple.py
[2025-10-22T13:23:10.161+0000] {logging_mixin.py:188} INFO - [2025-10-22T13:23:10.161+0000] {dag.py:3096} INFO - Sync 1 DAGs
[2025-10-22T13:23:10.183+0000] {logging_mixin.py:188} INFO - [2025-10-22T13:23:10.183+0000] {dag.py:3954} INFO - Setting next_dagrun for bronze_dag_simple to 2025-10-21 18:00:00+00:00, run_after=2025-10-22 18:00:00+00:00
[2025-10-22T13:23:10.285+0000] {processor.py:183} INFO - Processing /opt/airflow/dags/bronze_dag_simple.py took 0.165 seconds
[2025-10-22T13:23:40.493+0000] {processor.py:161} INFO - Started process (PID=64) to work on /opt/airflow/dags/bronze_dag_simple.py
[2025-10-22T13:23:40.494+0000] {processor.py:830} INFO - Processing file /opt/airflow/dags/bronze_dag_simple.py for tasks to queue
[2025-10-22T13:23:40.495+0000] {logging_mixin.py:188} INFO - [2025-10-22T13:23:40.495+0000] {dagbag.py:540} INFO - Filling up the DagBag from /opt/airflow/dags/bronze_dag_simple.py
[2025-10-22T13:23:40.515+0000] {processor.py:840} INFO - DAG(s) 'bronze_dag_simple' retrieved from /opt/airflow/dags/bronze_dag_simple.py
[2025-10-22T13:23:40.610+0000] {logging_mixin.py:188} INFO - [2025-10-22T13:23:40.610+0000] {dag.py:3096} INFO - Sync 1 DAGs
[2025-10-22T13:23:40.627+0000] {logging_mixin.py:188} INFO - [2025-10-22T13:23:40.627+0000] {dag.py:3954} INFO - Setting next_dagrun for bronze_dag_simple to 2025-10-21 18:00:00+00:00, run_after=2025-10-22 18:00:00+00:00
[2025-10-22T13:23:40.645+0000] {processor.py:183} INFO - Processing /opt/airflow/dags/bronze_dag_simple.py took 0.157 seconds
[2025-10-22T13:24:11.233+0000] {processor.py:161} INFO - Started process (PID=66) to work on /opt/airflow/dags/bronze_dag_simple.py
[2025-10-22T13:24:11.234+0000] {processor.py:830} INFO - Processing file /opt/airflow/dags/bronze_dag_simple.py for tasks to queue
[2025-10-22T13:24:11.236+0000] {logging_mixin.py:188} INFO - [2025-10-22T13:24:11.236+0000] {dagbag.py:540} INFO - Filling up the DagBag from /opt/airflow/dags/bronze_dag_simple.py
[2025-10-22T13:24:11.255+0000] {processor.py:840} INFO - DAG(s) 'bronze_dag_simple' retrieved from /opt/airflow/dags/bronze_dag_simple.py
[2025-10-22T13:24:11.276+0000] {logging_mixin.py:188} INFO - [2025-10-22T13:24:11.276+0000] {dag.py:3096} INFO - Sync 1 DAGs
[2025-10-22T13:24:11.295+0000] {logging_mixin.py:188} INFO - [2025-10-22T13:24:11.295+0000] {dag.py:3954} INFO - Setting next_dagrun for bronze_dag_simple to 2025-10-21 18:00:00+00:00, run_after=2025-10-22 18:00:00+00:00
[2025-10-22T13:24:11.309+0000] {processor.py:183} INFO - Processing /opt/airflow/dags/bronze_dag_simple.py took 0.082 seconds
[2025-10-22T13:25:07.714+0000] {processor.py:161} INFO - Started process (PID=68) to work on /opt/airflow/dags/bronze_dag_simple.py
[2025-10-22T13:25:07.715+0000] {processor.py:830} INFO - Processing file /opt/airflow/dags/bronze_dag_simple.py for tasks to queue
[2025-10-22T13:25:07.717+0000] {logging_mixin.py:188} INFO - [2025-10-22T13:25:07.717+0000] {dagbag.py:540} INFO - Filling up the DagBag from /opt/airflow/dags/bronze_dag_simple.py
[2025-10-22T13:25:07.735+0000] {processor.py:840} INFO - DAG(s) 'bronze_dag_simple' retrieved from /opt/airflow/dags/bronze_dag_simple.py
[2025-10-22T13:25:07.753+0000] {logging_mixin.py:188} INFO - [2025-10-22T13:25:07.753+0000] {dag.py:3096} INFO - Sync 1 DAGs
[2025-10-22T13:25:07.772+0000] {logging_mixin.py:188} INFO - [2025-10-22T13:25:07.771+0000] {dag.py:3954} INFO - Setting next_dagrun for bronze_dag_simple to 2025-10-21 18:00:00+00:00, run_after=2025-10-22 18:00:00+00:00
[2025-10-22T13:25:07.792+0000] {processor.py:183} INFO - Processing /opt/airflow/dags/bronze_dag_simple.py took 0.082 seconds
[2025-10-22T13:25:37.910+0000] {processor.py:161} INFO - Started process (PID=70) to work on /opt/airflow/dags/bronze_dag_simple.py
[2025-10-22T13:25:37.911+0000] {processor.py:830} INFO - Processing file /opt/airflow/dags/bronze_dag_simple.py for tasks to queue
[2025-10-22T13:25:37.912+0000] {logging_mixin.py:188} INFO - [2025-10-22T13:25:37.912+0000] {dagbag.py:540} INFO - Filling up the DagBag from /opt/airflow/dags/bronze_dag_simple.py
[2025-10-22T13:25:37.929+0000] {processor.py:840} INFO - DAG(s) 'bronze_dag_simple' retrieved from /opt/airflow/dags/bronze_dag_simple.py
[2025-10-22T13:25:37.946+0000] {logging_mixin.py:188} INFO - [2025-10-22T13:25:37.946+0000] {dag.py:3096} INFO - Sync 1 DAGs
[2025-10-22T13:25:37.962+0000] {logging_mixin.py:188} INFO - [2025-10-22T13:25:37.961+0000] {dag.py:3954} INFO - Setting next_dagrun for bronze_dag_simple to 2025-10-21 18:00:00+00:00, run_after=2025-10-22 18:00:00+00:00
[2025-10-22T13:25:37.975+0000] {processor.py:183} INFO - Processing /opt/airflow/dags/bronze_dag_simple.py took 0.070 seconds
[2025-10-22T13:26:08.848+0000] {processor.py:161} INFO - Started process (PID=76) to work on /opt/airflow/dags/bronze_dag_simple.py
[2025-10-22T13:26:08.848+0000] {processor.py:830} INFO - Processing file /opt/airflow/dags/bronze_dag_simple.py for tasks to queue
[2025-10-22T13:26:08.850+0000] {logging_mixin.py:188} INFO - [2025-10-22T13:26:08.850+0000] {dagbag.py:540} INFO - Filling up the DagBag from /opt/airflow/dags/bronze_dag_simple.py
[2025-10-22T13:26:08.866+0000] {processor.py:840} INFO - DAG(s) 'bronze_dag_simple' retrieved from /opt/airflow/dags/bronze_dag_simple.py
[2025-10-22T13:26:08.880+0000] {logging_mixin.py:188} INFO - [2025-10-22T13:26:08.879+0000] {dag.py:3096} INFO - Sync 1 DAGs
[2025-10-22T13:26:08.908+0000] {processor.py:183} INFO - Processing /opt/airflow/dags/bronze_dag_simple.py took 0.064 seconds
[2025-10-22T13:26:39.723+0000] {processor.py:161} INFO - Started process (PID=78) to work on /opt/airflow/dags/bronze_dag_simple.py
[2025-10-22T13:26:39.724+0000] {processor.py:830} INFO - Processing file /opt/airflow/dags/bronze_dag_simple.py for tasks to queue
[2025-10-22T13:26:39.726+0000] {logging_mixin.py:188} INFO - [2025-10-22T13:26:39.726+0000] {dagbag.py:540} INFO - Filling up the DagBag from /opt/airflow/dags/bronze_dag_simple.py
[2025-10-22T13:26:39.746+0000] {processor.py:840} INFO - DAG(s) 'bronze_dag_simple' retrieved from /opt/airflow/dags/bronze_dag_simple.py
[2025-10-22T13:26:39.764+0000] {logging_mixin.py:188} INFO - [2025-10-22T13:26:39.763+0000] {dag.py:3096} INFO - Sync 1 DAGs
[2025-10-22T13:26:39.797+0000] {processor.py:183} INFO - Processing /opt/airflow/dags/bronze_dag_simple.py took 0.078 seconds
[2025-10-22T13:27:10.002+0000] {processor.py:161} INFO - Started process (PID=80) to work on /opt/airflow/dags/bronze_dag_simple.py
[2025-10-22T13:27:10.003+0000] {processor.py:830} INFO - Processing file /opt/airflow/dags/bronze_dag_simple.py for tasks to queue
[2025-10-22T13:27:10.005+0000] {logging_mixin.py:188} INFO - [2025-10-22T13:27:10.004+0000] {dagbag.py:540} INFO - Filling up the DagBag from /opt/airflow/dags/bronze_dag_simple.py
[2025-10-22T13:27:10.022+0000] {processor.py:840} INFO - DAG(s) 'bronze_dag_simple' retrieved from /opt/airflow/dags/bronze_dag_simple.py
[2025-10-22T13:27:10.039+0000] {logging_mixin.py:188} INFO - [2025-10-22T13:27:10.039+0000] {dag.py:3096} INFO - Sync 1 DAGs
[2025-10-22T13:27:10.070+0000] {processor.py:183} INFO - Processing /opt/airflow/dags/bronze_dag_simple.py took 0.072 seconds
[2025-10-22T13:27:40.225+0000] {processor.py:161} INFO - Started process (PID=87) to work on /opt/airflow/dags/bronze_dag_simple.py
[2025-10-22T13:27:40.226+0000] {processor.py:830} INFO - Processing file /opt/airflow/dags/bronze_dag_simple.py for tasks to queue
[2025-10-22T13:27:40.227+0000] {logging_mixin.py:188} INFO - [2025-10-22T13:27:40.227+0000] {dagbag.py:540} INFO - Filling up the DagBag from /opt/airflow/dags/bronze_dag_simple.py
[2025-10-22T13:27:40.250+0000] {processor.py:840} INFO - DAG(s) 'bronze_dag_simple' retrieved from /opt/airflow/dags/bronze_dag_simple.py
[2025-10-22T13:27:40.269+0000] {logging_mixin.py:188} INFO - [2025-10-22T13:27:40.268+0000] {dag.py:3096} INFO - Sync 1 DAGs
[2025-10-22T13:27:40.299+0000] {processor.py:183} INFO - Processing /opt/airflow/dags/bronze_dag_simple.py took 0.079 seconds
[2025-10-22T13:28:16.328+0000] {processor.py:161} INFO - Started process (PID=89) to work on /opt/airflow/dags/bronze_dag_simple.py
[2025-10-22T13:28:16.329+0000] {processor.py:830} INFO - Processing file /opt/airflow/dags/bronze_dag_simple.py for tasks to queue
[2025-10-22T13:28:16.331+0000] {logging_mixin.py:188} INFO - [2025-10-22T13:28:16.331+0000] {dagbag.py:540} INFO - Filling up the DagBag from /opt/airflow/dags/bronze_dag_simple.py
[2025-10-22T13:28:16.348+0000] {processor.py:840} INFO - DAG(s) 'bronze_dag_simple' retrieved from /opt/airflow/dags/bronze_dag_simple.py
[2025-10-22T13:28:16.364+0000] {logging_mixin.py:188} INFO - [2025-10-22T13:28:16.364+0000] {dag.py:3096} INFO - Sync 1 DAGs
[2025-10-22T13:28:16.391+0000] {processor.py:183} INFO - Processing /opt/airflow/dags/bronze_dag_simple.py took 0.066 seconds
[2025-10-22T13:28:46.504+0000] {processor.py:161} INFO - Started process (PID=91) to work on /opt/airflow/dags/bronze_dag_simple.py
[2025-10-22T13:28:46.505+0000] {processor.py:830} INFO - Processing file /opt/airflow/dags/bronze_dag_simple.py for tasks to queue
[2025-10-22T13:28:46.507+0000] {logging_mixin.py:188} INFO - [2025-10-22T13:28:46.507+0000] {dagbag.py:540} INFO - Filling up the DagBag from /opt/airflow/dags/bronze_dag_simple.py
[2025-10-22T13:28:46.528+0000] {processor.py:840} INFO - DAG(s) 'bronze_dag_simple' retrieved from /opt/airflow/dags/bronze_dag_simple.py
[2025-10-22T13:28:46.548+0000] {logging_mixin.py:188} INFO - [2025-10-22T13:28:46.547+0000] {dag.py:3096} INFO - Sync 1 DAGs
[2025-10-22T13:28:46.578+0000] {processor.py:183} INFO - Processing /opt/airflow/dags/bronze_dag_simple.py took 0.080 seconds
[2025-10-22T13:29:16.647+0000] {processor.py:161} INFO - Started process (PID=93) to work on /opt/airflow/dags/bronze_dag_simple.py
[2025-10-22T13:29:16.648+0000] {processor.py:830} INFO - Processing file /opt/airflow/dags/bronze_dag_simple.py for tasks to queue
[2025-10-22T13:29:16.650+0000] {logging_mixin.py:188} INFO - [2025-10-22T13:29:16.650+0000] {dagbag.py:540} INFO - Filling up the DagBag from /opt/airflow/dags/bronze_dag_simple.py
[2025-10-22T13:29:16.667+0000] {processor.py:840} INFO - DAG(s) 'bronze_dag_simple' retrieved from /opt/airflow/dags/bronze_dag_simple.py
[2025-10-22T13:29:16.684+0000] {logging_mixin.py:188} INFO - [2025-10-22T13:29:16.684+0000] {dag.py:3096} INFO - Sync 1 DAGs
[2025-10-22T13:29:16.714+0000] {processor.py:183} INFO - Processing /opt/airflow/dags/bronze_dag_simple.py took 0.072 seconds
[2025-10-22T13:29:47.517+0000] {processor.py:161} INFO - Started process (PID=95) to work on /opt/airflow/dags/bronze_dag_simple.py
[2025-10-22T13:29:47.518+0000] {processor.py:830} INFO - Processing file /opt/airflow/dags/bronze_dag_simple.py for tasks to queue
[2025-10-22T13:29:47.520+0000] {logging_mixin.py:188} INFO - [2025-10-22T13:29:47.520+0000] {dagbag.py:540} INFO - Filling up the DagBag from /opt/airflow/dags/bronze_dag_simple.py
[2025-10-22T13:29:47.542+0000] {processor.py:840} INFO - DAG(s) 'bronze_dag_simple' retrieved from /opt/airflow/dags/bronze_dag_simple.py
[2025-10-22T13:29:47.561+0000] {logging_mixin.py:188} INFO - [2025-10-22T13:29:47.561+0000] {dag.py:3096} INFO - Sync 1 DAGs
[2025-10-22T13:29:47.590+0000] {processor.py:183} INFO - Processing /opt/airflow/dags/bronze_dag_simple.py took 0.080 seconds
[2025-10-22T13:30:18.408+0000] {processor.py:161} INFO - Started process (PID=102) to work on /opt/airflow/dags/bronze_dag_simple.py
[2025-10-22T13:30:18.409+0000] {processor.py:830} INFO - Processing file /opt/airflow/dags/bronze_dag_simple.py for tasks to queue
[2025-10-22T13:30:18.411+0000] {logging_mixin.py:188} INFO - [2025-10-22T13:30:18.410+0000] {dagbag.py:540} INFO - Filling up the DagBag from /opt/airflow/dags/bronze_dag_simple.py
[2025-10-22T13:30:18.426+0000] {processor.py:840} INFO - DAG(s) 'bronze_dag_simple' retrieved from /opt/airflow/dags/bronze_dag_simple.py
[2025-10-22T13:30:18.443+0000] {logging_mixin.py:188} INFO - [2025-10-22T13:30:18.443+0000] {dag.py:3096} INFO - Sync 1 DAGs
[2025-10-22T13:30:18.510+0000] {processor.py:183} INFO - Processing /opt/airflow/dags/bronze_dag_simple.py took 0.107 seconds
[2025-10-22T13:30:49.329+0000] {processor.py:161} INFO - Started process (PID=104) to work on /opt/airflow/dags/bronze_dag_simple.py
[2025-10-22T13:30:49.330+0000] {processor.py:830} INFO - Processing file /opt/airflow/dags/bronze_dag_simple.py for tasks to queue
[2025-10-22T13:30:49.332+0000] {logging_mixin.py:188} INFO - [2025-10-22T13:30:49.332+0000] {dagbag.py:540} INFO - Filling up the DagBag from /opt/airflow/dags/bronze_dag_simple.py
[2025-10-22T13:30:49.351+0000] {processor.py:840} INFO - DAG(s) 'bronze_dag_simple' retrieved from /opt/airflow/dags/bronze_dag_simple.py
[2025-10-22T13:30:49.370+0000] {logging_mixin.py:188} INFO - [2025-10-22T13:30:49.370+0000] {dag.py:3096} INFO - Sync 1 DAGs
[2025-10-22T13:30:49.403+0000] {processor.py:183} INFO - Processing /opt/airflow/dags/bronze_dag_simple.py took 0.079 seconds
[2025-10-22T13:31:19.470+0000] {processor.py:161} INFO - Started process (PID=106) to work on /opt/airflow/dags/bronze_dag_simple.py
[2025-10-22T13:31:19.471+0000] {processor.py:830} INFO - Processing file /opt/airflow/dags/bronze_dag_simple.py for tasks to queue
[2025-10-22T13:31:19.473+0000] {logging_mixin.py:188} INFO - [2025-10-22T13:31:19.473+0000] {dagbag.py:540} INFO - Filling up the DagBag from /opt/airflow/dags/bronze_dag_simple.py
[2025-10-22T13:31:19.490+0000] {processor.py:840} INFO - DAG(s) 'bronze_dag_simple' retrieved from /opt/airflow/dags/bronze_dag_simple.py
[2025-10-22T13:31:19.508+0000] {logging_mixin.py:188} INFO - [2025-10-22T13:31:19.508+0000] {dag.py:3096} INFO - Sync 1 DAGs
[2025-10-22T13:31:19.540+0000] {processor.py:183} INFO - Processing /opt/airflow/dags/bronze_dag_simple.py took 0.075 seconds
[2025-10-22T13:31:50.394+0000] {processor.py:161} INFO - Started process (PID=108) to work on /opt/airflow/dags/bronze_dag_simple.py
[2025-10-22T13:31:50.395+0000] {processor.py:830} INFO - Processing file /opt/airflow/dags/bronze_dag_simple.py for tasks to queue
[2025-10-22T13:31:50.396+0000] {logging_mixin.py:188} INFO - [2025-10-22T13:31:50.396+0000] {dagbag.py:540} INFO - Filling up the DagBag from /opt/airflow/dags/bronze_dag_simple.py
[2025-10-22T13:31:50.412+0000] {processor.py:840} INFO - DAG(s) 'bronze_dag_simple' retrieved from /opt/airflow/dags/bronze_dag_simple.py
[2025-10-22T13:31:50.427+0000] {logging_mixin.py:188} INFO - [2025-10-22T13:31:50.427+0000] {dag.py:3096} INFO - Sync 1 DAGs
[2025-10-22T13:31:50.454+0000] {processor.py:183} INFO - Processing /opt/airflow/dags/bronze_dag_simple.py took 0.064 seconds
[2025-10-22T13:32:21.096+0000] {processor.py:161} INFO - Started process (PID=110) to work on /opt/airflow/dags/bronze_dag_simple.py
[2025-10-22T13:32:21.097+0000] {processor.py:830} INFO - Processing file /opt/airflow/dags/bronze_dag_simple.py for tasks to queue
[2025-10-22T13:32:21.098+0000] {logging_mixin.py:188} INFO - [2025-10-22T13:32:21.098+0000] {dagbag.py:540} INFO - Filling up the DagBag from /opt/airflow/dags/bronze_dag_simple.py
[2025-10-22T13:32:21.114+0000] {processor.py:840} INFO - DAG(s) 'bronze_dag_simple' retrieved from /opt/airflow/dags/bronze_dag_simple.py
[2025-10-22T13:32:21.129+0000] {logging_mixin.py:188} INFO - [2025-10-22T13:32:21.128+0000] {dag.py:3096} INFO - Sync 1 DAGs
[2025-10-22T13:32:21.157+0000] {processor.py:183} INFO - Processing /opt/airflow/dags/bronze_dag_simple.py took 0.065 seconds
[2025-10-22T13:32:51.408+0000] {processor.py:161} INFO - Started process (PID=112) to work on /opt/airflow/dags/bronze_dag_simple.py
[2025-10-22T13:32:51.409+0000] {processor.py:830} INFO - Processing file /opt/airflow/dags/bronze_dag_simple.py for tasks to queue
[2025-10-22T13:32:51.410+0000] {logging_mixin.py:188} INFO - [2025-10-22T13:32:51.410+0000] {dagbag.py:540} INFO - Filling up the DagBag from /opt/airflow/dags/bronze_dag_simple.py
[2025-10-22T13:32:51.427+0000] {processor.py:840} INFO - DAG(s) 'bronze_dag_simple' retrieved from /opt/airflow/dags/bronze_dag_simple.py
[2025-10-22T13:32:51.443+0000] {logging_mixin.py:188} INFO - [2025-10-22T13:32:51.443+0000] {dag.py:3096} INFO - Sync 1 DAGs
[2025-10-22T13:32:51.473+0000] {processor.py:183} INFO - Processing /opt/airflow/dags/bronze_dag_simple.py took 0.069 seconds
[2025-10-22T13:33:22.458+0000] {processor.py:161} INFO - Started process (PID=114) to work on /opt/airflow/dags/bronze_dag_simple.py
[2025-10-22T13:33:22.458+0000] {processor.py:830} INFO - Processing file /opt/airflow/dags/bronze_dag_simple.py for tasks to queue
[2025-10-22T13:33:22.460+0000] {logging_mixin.py:188} INFO - [2025-10-22T13:33:22.459+0000] {dagbag.py:540} INFO - Filling up the DagBag from /opt/airflow/dags/bronze_dag_simple.py
[2025-10-22T13:33:22.475+0000] {processor.py:840} INFO - DAG(s) 'bronze_dag_simple' retrieved from /opt/airflow/dags/bronze_dag_simple.py
[2025-10-22T13:33:22.491+0000] {logging_mixin.py:188} INFO - [2025-10-22T13:33:22.491+0000] {dag.py:3096} INFO - Sync 1 DAGs
[2025-10-22T13:33:22.517+0000] {processor.py:183} INFO - Processing /opt/airflow/dags/bronze_dag_simple.py took 0.063 seconds
[2025-10-22T13:33:53.343+0000] {processor.py:161} INFO - Started process (PID=116) to work on /opt/airflow/dags/bronze_dag_simple.py
[2025-10-22T13:33:53.344+0000] {processor.py:830} INFO - Processing file /opt/airflow/dags/bronze_dag_simple.py for tasks to queue
[2025-10-22T13:33:53.345+0000] {logging_mixin.py:188} INFO - [2025-10-22T13:33:53.345+0000] {dagbag.py:540} INFO - Filling up the DagBag from /opt/airflow/dags/bronze_dag_simple.py
[2025-10-22T13:33:53.361+0000] {processor.py:840} INFO - DAG(s) 'bronze_dag_simple' retrieved from /opt/airflow/dags/bronze_dag_simple.py
[2025-10-22T13:33:53.377+0000] {logging_mixin.py:188} INFO - [2025-10-22T13:33:53.377+0000] {dag.py:3096} INFO - Sync 1 DAGs
[2025-10-22T13:33:53.402+0000] {processor.py:183} INFO - Processing /opt/airflow/dags/bronze_dag_simple.py took 0.063 seconds
[2025-10-22T13:34:24.203+0000] {processor.py:161} INFO - Started process (PID=118) to work on /opt/airflow/dags/bronze_dag_simple.py
[2025-10-22T13:34:24.204+0000] {processor.py:830} INFO - Processing file /opt/airflow/dags/bronze_dag_simple.py for tasks to queue
[2025-10-22T13:34:24.206+0000] {logging_mixin.py:188} INFO - [2025-10-22T13:34:24.206+0000] {dagbag.py:540} INFO - Filling up the DagBag from /opt/airflow/dags/bronze_dag_simple.py
[2025-10-22T13:34:24.227+0000] {processor.py:840} INFO - DAG(s) 'bronze_dag_simple' retrieved from /opt/airflow/dags/bronze_dag_simple.py
[2025-10-22T13:34:24.244+0000] {logging_mixin.py:188} INFO - [2025-10-22T13:34:24.244+0000] {dag.py:3096} INFO - Sync 1 DAGs
[2025-10-22T13:34:24.270+0000] {processor.py:183} INFO - Processing /opt/airflow/dags/bronze_dag_simple.py took 0.072 seconds
[2025-10-22T13:34:55.081+0000] {processor.py:161} INFO - Started process (PID=120) to work on /opt/airflow/dags/bronze_dag_simple.py
[2025-10-22T13:34:55.082+0000] {processor.py:830} INFO - Processing file /opt/airflow/dags/bronze_dag_simple.py for tasks to queue
[2025-10-22T13:34:55.083+0000] {logging_mixin.py:188} INFO - [2025-10-22T13:34:55.083+0000] {dagbag.py:540} INFO - Filling up the DagBag from /opt/airflow/dags/bronze_dag_simple.py
[2025-10-22T13:34:55.099+0000] {processor.py:840} INFO - DAG(s) 'bronze_dag_simple' retrieved from /opt/airflow/dags/bronze_dag_simple.py
[2025-10-22T13:34:55.115+0000] {logging_mixin.py:188} INFO - [2025-10-22T13:34:55.115+0000] {dag.py:3096} INFO - Sync 1 DAGs
[2025-10-22T13:34:55.142+0000] {processor.py:183} INFO - Processing /opt/airflow/dags/bronze_dag_simple.py took 0.065 seconds
[2025-10-22T13:35:26.085+0000] {processor.py:161} INFO - Started process (PID=132) to work on /opt/airflow/dags/bronze_dag_simple.py
[2025-10-22T13:35:26.086+0000] {processor.py:830} INFO - Processing file /opt/airflow/dags/bronze_dag_simple.py for tasks to queue
[2025-10-22T13:35:26.087+0000] {logging_mixin.py:188} INFO - [2025-10-22T13:35:26.087+0000] {dagbag.py:540} INFO - Filling up the DagBag from /opt/airflow/dags/bronze_dag_simple.py
[2025-10-22T13:35:26.103+0000] {processor.py:840} INFO - DAG(s) 'bronze_dag_simple' retrieved from /opt/airflow/dags/bronze_dag_simple.py
[2025-10-22T13:35:26.118+0000] {logging_mixin.py:188} INFO - [2025-10-22T13:35:26.118+0000] {dag.py:3096} INFO - Sync 1 DAGs
[2025-10-22T13:35:26.147+0000] {processor.py:183} INFO - Processing /opt/airflow/dags/bronze_dag_simple.py took 0.066 seconds
[2025-10-22T13:36:08.154+0000] {processor.py:161} INFO - Started process (PID=134) to work on /opt/airflow/dags/bronze_dag_simple.py
[2025-10-22T13:36:08.155+0000] {processor.py:830} INFO - Processing file /opt/airflow/dags/bronze_dag_simple.py for tasks to queue
[2025-10-22T13:36:08.157+0000] {logging_mixin.py:188} INFO - [2025-10-22T13:36:08.157+0000] {dagbag.py:540} INFO - Filling up the DagBag from /opt/airflow/dags/bronze_dag_simple.py
[2025-10-22T13:36:08.176+0000] {processor.py:840} INFO - DAG(s) 'bronze_dag_simple' retrieved from /opt/airflow/dags/bronze_dag_simple.py
[2025-10-22T13:36:08.195+0000] {logging_mixin.py:188} INFO - [2025-10-22T13:36:08.195+0000] {dag.py:3096} INFO - Sync 1 DAGs
[2025-10-22T13:36:08.228+0000] {processor.py:183} INFO - Processing /opt/airflow/dags/bronze_dag_simple.py took 0.079 seconds
[2025-10-22T13:36:38.371+0000] {processor.py:161} INFO - Started process (PID=136) to work on /opt/airflow/dags/bronze_dag_simple.py
[2025-10-22T13:36:38.371+0000] {processor.py:830} INFO - Processing file /opt/airflow/dags/bronze_dag_simple.py for tasks to queue
[2025-10-22T13:36:38.373+0000] {logging_mixin.py:188} INFO - [2025-10-22T13:36:38.373+0000] {dagbag.py:540} INFO - Filling up the DagBag from /opt/airflow/dags/bronze_dag_simple.py
[2025-10-22T13:36:38.388+0000] {processor.py:840} INFO - DAG(s) 'bronze_dag_simple' retrieved from /opt/airflow/dags/bronze_dag_simple.py
[2025-10-22T13:36:38.406+0000] {logging_mixin.py:188} INFO - [2025-10-22T13:36:38.406+0000] {dag.py:3096} INFO - Sync 1 DAGs
[2025-10-22T13:36:38.435+0000] {processor.py:183} INFO - Processing /opt/airflow/dags/bronze_dag_simple.py took 0.068 seconds
[2025-10-22T13:37:08.608+0000] {processor.py:161} INFO - Started process (PID=138) to work on /opt/airflow/dags/bronze_dag_simple.py
[2025-10-22T13:37:08.609+0000] {processor.py:830} INFO - Processing file /opt/airflow/dags/bronze_dag_simple.py for tasks to queue
[2025-10-22T13:37:08.610+0000] {logging_mixin.py:188} INFO - [2025-10-22T13:37:08.610+0000] {dagbag.py:540} INFO - Filling up the DagBag from /opt/airflow/dags/bronze_dag_simple.py
[2025-10-22T13:37:08.628+0000] {processor.py:840} INFO - DAG(s) 'bronze_dag_simple' retrieved from /opt/airflow/dags/bronze_dag_simple.py
[2025-10-22T13:37:08.648+0000] {logging_mixin.py:188} INFO - [2025-10-22T13:37:08.648+0000] {dag.py:3096} INFO - Sync 1 DAGs
[2025-10-22T13:37:08.680+0000] {processor.py:183} INFO - Processing /opt/airflow/dags/bronze_dag_simple.py took 0.076 seconds
[2025-10-22T13:37:39.531+0000] {processor.py:161} INFO - Started process (PID=144) to work on /opt/airflow/dags/bronze_dag_simple.py
[2025-10-22T13:37:39.532+0000] {processor.py:830} INFO - Processing file /opt/airflow/dags/bronze_dag_simple.py for tasks to queue
[2025-10-22T13:37:39.534+0000] {logging_mixin.py:188} INFO - [2025-10-22T13:37:39.533+0000] {dagbag.py:540} INFO - Filling up the DagBag from /opt/airflow/dags/bronze_dag_simple.py
[2025-10-22T13:37:39.549+0000] {processor.py:840} INFO - DAG(s) 'bronze_dag_simple' retrieved from /opt/airflow/dags/bronze_dag_simple.py
[2025-10-22T13:37:39.564+0000] {logging_mixin.py:188} INFO - [2025-10-22T13:37:39.564+0000] {dag.py:3096} INFO - Sync 1 DAGs
[2025-10-22T13:37:39.591+0000] {processor.py:183} INFO - Processing /opt/airflow/dags/bronze_dag_simple.py took 0.065 seconds
[2025-10-22T13:38:10.391+0000] {processor.py:161} INFO - Started process (PID=146) to work on /opt/airflow/dags/bronze_dag_simple.py
[2025-10-22T13:38:10.392+0000] {processor.py:830} INFO - Processing file /opt/airflow/dags/bronze_dag_simple.py for tasks to queue
[2025-10-22T13:38:10.393+0000] {logging_mixin.py:188} INFO - [2025-10-22T13:38:10.393+0000] {dagbag.py:540} INFO - Filling up the DagBag from /opt/airflow/dags/bronze_dag_simple.py
[2025-10-22T13:38:10.409+0000] {processor.py:840} INFO - DAG(s) 'bronze_dag_simple' retrieved from /opt/airflow/dags/bronze_dag_simple.py
[2025-10-22T13:38:10.423+0000] {logging_mixin.py:188} INFO - [2025-10-22T13:38:10.423+0000] {dag.py:3096} INFO - Sync 1 DAGs
[2025-10-22T13:38:10.449+0000] {processor.py:183} INFO - Processing /opt/airflow/dags/bronze_dag_simple.py took 0.062 seconds
[2025-10-22T13:38:41.065+0000] {processor.py:161} INFO - Started process (PID=148) to work on /opt/airflow/dags/bronze_dag_simple.py
[2025-10-22T13:38:41.066+0000] {processor.py:830} INFO - Processing file /opt/airflow/dags/bronze_dag_simple.py for tasks to queue
[2025-10-22T13:38:41.067+0000] {logging_mixin.py:188} INFO - [2025-10-22T13:38:41.067+0000] {dagbag.py:540} INFO - Filling up the DagBag from /opt/airflow/dags/bronze_dag_simple.py
[2025-10-22T13:38:41.082+0000] {processor.py:840} INFO - DAG(s) 'bronze_dag_simple' retrieved from /opt/airflow/dags/bronze_dag_simple.py
[2025-10-22T13:38:41.098+0000] {logging_mixin.py:188} INFO - [2025-10-22T13:38:41.098+0000] {dag.py:3096} INFO - Sync 1 DAGs
[2025-10-22T13:38:41.126+0000] {processor.py:183} INFO - Processing /opt/airflow/dags/bronze_dag_simple.py took 0.065 seconds
[2025-10-22T13:39:11.258+0000] {processor.py:161} INFO - Started process (PID=150) to work on /opt/airflow/dags/bronze_dag_simple.py
[2025-10-22T13:39:11.259+0000] {processor.py:830} INFO - Processing file /opt/airflow/dags/bronze_dag_simple.py for tasks to queue
[2025-10-22T13:39:11.260+0000] {logging_mixin.py:188} INFO - [2025-10-22T13:39:11.260+0000] {dagbag.py:540} INFO - Filling up the DagBag from /opt/airflow/dags/bronze_dag_simple.py
[2025-10-22T13:39:11.277+0000] {processor.py:840} INFO - DAG(s) 'bronze_dag_simple' retrieved from /opt/airflow/dags/bronze_dag_simple.py
[2025-10-22T13:39:11.294+0000] {logging_mixin.py:188} INFO - [2025-10-22T13:39:11.294+0000] {dag.py:3096} INFO - Sync 1 DAGs
[2025-10-22T13:39:11.322+0000] {processor.py:183} INFO - Processing /opt/airflow/dags/bronze_dag_simple.py took 0.069 seconds
[2025-10-22T13:39:42.289+0000] {processor.py:161} INFO - Started process (PID=152) to work on /opt/airflow/dags/bronze_dag_simple.py
[2025-10-22T13:39:42.289+0000] {processor.py:830} INFO - Processing file /opt/airflow/dags/bronze_dag_simple.py for tasks to queue
[2025-10-22T13:39:42.291+0000] {logging_mixin.py:188} INFO - [2025-10-22T13:39:42.291+0000] {dagbag.py:540} INFO - Filling up the DagBag from /opt/airflow/dags/bronze_dag_simple.py
[2025-10-22T13:39:42.307+0000] {processor.py:840} INFO - DAG(s) 'bronze_dag_simple' retrieved from /opt/airflow/dags/bronze_dag_simple.py
[2025-10-22T13:39:42.324+0000] {logging_mixin.py:188} INFO - [2025-10-22T13:39:42.324+0000] {dag.py:3096} INFO - Sync 1 DAGs
[2025-10-22T13:39:42.353+0000] {processor.py:183} INFO - Processing /opt/airflow/dags/bronze_dag_simple.py took 0.069 seconds
[2025-10-22T13:40:47.278+0000] {processor.py:161} INFO - Started process (PID=163) to work on /opt/airflow/dags/bronze_dag_simple.py
[2025-10-22T13:40:47.278+0000] {processor.py:830} INFO - Processing file /opt/airflow/dags/bronze_dag_simple.py for tasks to queue
[2025-10-22T13:40:47.280+0000] {logging_mixin.py:188} INFO - [2025-10-22T13:40:47.280+0000] {dagbag.py:540} INFO - Filling up the DagBag from /opt/airflow/dags/bronze_dag_simple.py
[2025-10-22T13:40:47.299+0000] {processor.py:840} INFO - DAG(s) 'bronze_dag_simple' retrieved from /opt/airflow/dags/bronze_dag_simple.py
[2025-10-22T13:40:47.315+0000] {logging_mixin.py:188} INFO - [2025-10-22T13:40:47.315+0000] {dag.py:3096} INFO - Sync 1 DAGs
[2025-10-22T13:40:47.345+0000] {processor.py:183} INFO - Processing /opt/airflow/dags/bronze_dag_simple.py took 0.071 seconds
[2025-10-22T13:41:17.568+0000] {processor.py:161} INFO - Started process (PID=165) to work on /opt/airflow/dags/bronze_dag_simple.py
[2025-10-22T13:41:17.569+0000] {processor.py:830} INFO - Processing file /opt/airflow/dags/bronze_dag_simple.py for tasks to queue
[2025-10-22T13:41:17.570+0000] {logging_mixin.py:188} INFO - [2025-10-22T13:41:17.570+0000] {dagbag.py:540} INFO - Filling up the DagBag from /opt/airflow/dags/bronze_dag_simple.py
[2025-10-22T13:41:17.585+0000] {processor.py:840} INFO - DAG(s) 'bronze_dag_simple' retrieved from /opt/airflow/dags/bronze_dag_simple.py
[2025-10-22T13:41:17.601+0000] {logging_mixin.py:188} INFO - [2025-10-22T13:41:17.601+0000] {dag.py:3096} INFO - Sync 1 DAGs
[2025-10-22T13:41:17.629+0000] {processor.py:183} INFO - Processing /opt/airflow/dags/bronze_dag_simple.py took 0.065 seconds
[2025-10-22T13:41:47.721+0000] {processor.py:161} INFO - Started process (PID=167) to work on /opt/airflow/dags/bronze_dag_simple.py
[2025-10-22T13:41:47.722+0000] {processor.py:830} INFO - Processing file /opt/airflow/dags/bronze_dag_simple.py for tasks to queue
[2025-10-22T13:41:47.723+0000] {logging_mixin.py:188} INFO - [2025-10-22T13:41:47.723+0000] {dagbag.py:540} INFO - Filling up the DagBag from /opt/airflow/dags/bronze_dag_simple.py
[2025-10-22T13:41:47.740+0000] {processor.py:840} INFO - DAG(s) 'bronze_dag_simple' retrieved from /opt/airflow/dags/bronze_dag_simple.py
[2025-10-22T13:41:47.756+0000] {logging_mixin.py:188} INFO - [2025-10-22T13:41:47.756+0000] {dag.py:3096} INFO - Sync 1 DAGs
[2025-10-22T13:41:47.786+0000] {processor.py:183} INFO - Processing /opt/airflow/dags/bronze_dag_simple.py took 0.069 seconds
[2025-10-22T13:42:17.897+0000] {processor.py:161} INFO - Started process (PID=169) to work on /opt/airflow/dags/bronze_dag_simple.py
[2025-10-22T13:42:17.898+0000] {processor.py:830} INFO - Processing file /opt/airflow/dags/bronze_dag_simple.py for tasks to queue
[2025-10-22T13:42:17.899+0000] {logging_mixin.py:188} INFO - [2025-10-22T13:42:17.899+0000] {dagbag.py:540} INFO - Filling up the DagBag from /opt/airflow/dags/bronze_dag_simple.py
[2025-10-22T13:42:17.916+0000] {processor.py:840} INFO - DAG(s) 'bronze_dag_simple' retrieved from /opt/airflow/dags/bronze_dag_simple.py
[2025-10-22T13:42:17.933+0000] {logging_mixin.py:188} INFO - [2025-10-22T13:42:17.933+0000] {dag.py:3096} INFO - Sync 1 DAGs
[2025-10-22T13:42:17.963+0000] {processor.py:183} INFO - Processing /opt/airflow/dags/bronze_dag_simple.py took 0.070 seconds
[2025-10-22T13:42:58.019+0000] {processor.py:161} INFO - Started process (PID=171) to work on /opt/airflow/dags/bronze_dag_simple.py
[2025-10-22T13:42:58.019+0000] {processor.py:830} INFO - Processing file /opt/airflow/dags/bronze_dag_simple.py for tasks to queue
[2025-10-22T13:42:58.022+0000] {logging_mixin.py:188} INFO - [2025-10-22T13:42:58.021+0000] {dagbag.py:540} INFO - Filling up the DagBag from /opt/airflow/dags/bronze_dag_simple.py
[2025-10-22T13:42:58.039+0000] {processor.py:840} INFO - DAG(s) 'bronze_dag_simple' retrieved from /opt/airflow/dags/bronze_dag_simple.py
[2025-10-22T13:42:58.057+0000] {logging_mixin.py:188} INFO - [2025-10-22T13:42:58.057+0000] {dag.py:3096} INFO - Sync 1 DAGs
[2025-10-22T13:42:58.087+0000] {processor.py:183} INFO - Processing /opt/airflow/dags/bronze_dag_simple.py took 0.073 seconds
[2025-10-22T13:43:28.180+0000] {processor.py:161} INFO - Started process (PID=173) to work on /opt/airflow/dags/bronze_dag_simple.py
[2025-10-22T13:43:28.181+0000] {processor.py:830} INFO - Processing file /opt/airflow/dags/bronze_dag_simple.py for tasks to queue
[2025-10-22T13:43:28.182+0000] {logging_mixin.py:188} INFO - [2025-10-22T13:43:28.182+0000] {dagbag.py:540} INFO - Filling up the DagBag from /opt/airflow/dags/bronze_dag_simple.py
[2025-10-22T13:43:28.196+0000] {processor.py:840} INFO - DAG(s) 'bronze_dag_simple' retrieved from /opt/airflow/dags/bronze_dag_simple.py
[2025-10-22T13:43:28.210+0000] {logging_mixin.py:188} INFO - [2025-10-22T13:43:28.210+0000] {dag.py:3096} INFO - Sync 1 DAGs
[2025-10-22T13:43:28.233+0000] {processor.py:183} INFO - Processing /opt/airflow/dags/bronze_dag_simple.py took 0.057 seconds
[2025-10-22T13:43:59.188+0000] {processor.py:161} INFO - Started process (PID=175) to work on /opt/airflow/dags/bronze_dag_simple.py
[2025-10-22T13:43:59.188+0000] {processor.py:830} INFO - Processing file /opt/airflow/dags/bronze_dag_simple.py for tasks to queue
[2025-10-22T13:43:59.190+0000] {logging_mixin.py:188} INFO - [2025-10-22T13:43:59.190+0000] {dagbag.py:540} INFO - Filling up the DagBag from /opt/airflow/dags/bronze_dag_simple.py
[2025-10-22T13:43:59.205+0000] {processor.py:840} INFO - DAG(s) 'bronze_dag_simple' retrieved from /opt/airflow/dags/bronze_dag_simple.py
[2025-10-22T13:43:59.221+0000] {logging_mixin.py:188} INFO - [2025-10-22T13:43:59.221+0000] {dag.py:3096} INFO - Sync 1 DAGs
[2025-10-22T13:43:59.250+0000] {processor.py:183} INFO - Processing /opt/airflow/dags/bronze_dag_simple.py took 0.066 seconds
[2025-10-22T13:44:29.990+0000] {processor.py:161} INFO - Started process (PID=177) to work on /opt/airflow/dags/bronze_dag_simple.py
[2025-10-22T13:44:29.991+0000] {processor.py:830} INFO - Processing file /opt/airflow/dags/bronze_dag_simple.py for tasks to queue
[2025-10-22T13:44:29.994+0000] {logging_mixin.py:188} INFO - [2025-10-22T13:44:29.993+0000] {dagbag.py:540} INFO - Filling up the DagBag from /opt/airflow/dags/bronze_dag_simple.py
[2025-10-22T13:44:30.012+0000] {processor.py:840} INFO - DAG(s) 'bronze_dag_simple' retrieved from /opt/airflow/dags/bronze_dag_simple.py
[2025-10-22T13:44:30.031+0000] {logging_mixin.py:188} INFO - [2025-10-22T13:44:30.031+0000] {dag.py:3096} INFO - Sync 1 DAGs
[2025-10-22T13:44:30.062+0000] {processor.py:183} INFO - Processing /opt/airflow/dags/bronze_dag_simple.py took 0.078 seconds
[2025-10-22T13:45:19.344+0000] {processor.py:161} INFO - Started process (PID=184) to work on /opt/airflow/dags/bronze_dag_simple.py
[2025-10-22T13:45:19.345+0000] {processor.py:830} INFO - Processing file /opt/airflow/dags/bronze_dag_simple.py for tasks to queue
[2025-10-22T13:45:19.347+0000] {logging_mixin.py:188} INFO - [2025-10-22T13:45:19.346+0000] {dagbag.py:540} INFO - Filling up the DagBag from /opt/airflow/dags/bronze_dag_simple.py
[2025-10-22T13:45:19.365+0000] {processor.py:840} INFO - DAG(s) 'bronze_dag_simple' retrieved from /opt/airflow/dags/bronze_dag_simple.py
[2025-10-22T13:45:19.383+0000] {logging_mixin.py:188} INFO - [2025-10-22T13:45:19.383+0000] {dag.py:3096} INFO - Sync 1 DAGs
[2025-10-22T13:45:19.413+0000] {processor.py:183} INFO - Processing /opt/airflow/dags/bronze_dag_simple.py took 0.074 seconds
[2025-10-22T13:45:49.596+0000] {processor.py:161} INFO - Started process (PID=186) to work on /opt/airflow/dags/bronze_dag_simple.py
[2025-10-22T13:45:49.597+0000] {processor.py:830} INFO - Processing file /opt/airflow/dags/bronze_dag_simple.py for tasks to queue
[2025-10-22T13:45:49.599+0000] {logging_mixin.py:188} INFO - [2025-10-22T13:45:49.598+0000] {dagbag.py:540} INFO - Filling up the DagBag from /opt/airflow/dags/bronze_dag_simple.py
[2025-10-22T13:45:49.617+0000] {processor.py:840} INFO - DAG(s) 'bronze_dag_simple' retrieved from /opt/airflow/dags/bronze_dag_simple.py
[2025-10-22T13:45:49.637+0000] {logging_mixin.py:188} INFO - [2025-10-22T13:45:49.637+0000] {dag.py:3096} INFO - Sync 1 DAGs
[2025-10-22T13:45:49.670+0000] {processor.py:183} INFO - Processing /opt/airflow/dags/bronze_dag_simple.py took 0.077 seconds
[2025-10-22T13:46:20.422+0000] {processor.py:161} INFO - Started process (PID=188) to work on /opt/airflow/dags/bronze_dag_simple.py
[2025-10-22T13:46:20.423+0000] {processor.py:830} INFO - Processing file /opt/airflow/dags/bronze_dag_simple.py for tasks to queue
[2025-10-22T13:46:20.424+0000] {logging_mixin.py:188} INFO - [2025-10-22T13:46:20.424+0000] {dagbag.py:540} INFO - Filling up the DagBag from /opt/airflow/dags/bronze_dag_simple.py
[2025-10-22T13:46:20.441+0000] {processor.py:840} INFO - DAG(s) 'bronze_dag_simple' retrieved from /opt/airflow/dags/bronze_dag_simple.py
[2025-10-22T13:46:20.458+0000] {logging_mixin.py:188} INFO - [2025-10-22T13:46:20.458+0000] {dag.py:3096} INFO - Sync 1 DAGs
[2025-10-22T13:46:20.488+0000] {processor.py:183} INFO - Processing /opt/airflow/dags/bronze_dag_simple.py took 0.071 seconds
[2025-10-22T13:46:50.493+0000] {processor.py:161} INFO - Started process (PID=55) to work on /opt/airflow/dags/bronze_dag_simple.py
[2025-10-22T13:46:50.493+0000] {processor.py:830} INFO - Processing file /opt/airflow/dags/bronze_dag_simple.py for tasks to queue
[2025-10-22T13:46:50.495+0000] {logging_mixin.py:188} INFO - [2025-10-22T13:46:50.495+0000] {dagbag.py:540} INFO - Filling up the DagBag from /opt/airflow/dags/bronze_dag_simple.py
[2025-10-22T13:46:50.513+0000] {processor.py:840} INFO - DAG(s) 'bronze_dag_simple' retrieved from /opt/airflow/dags/bronze_dag_simple.py
[2025-10-22T13:46:50.538+0000] {logging_mixin.py:188} INFO - [2025-10-22T13:46:50.538+0000] {dag.py:3096} INFO - Sync 1 DAGs
[2025-10-22T13:46:50.572+0000] {processor.py:183} INFO - Processing /opt/airflow/dags/bronze_dag_simple.py took 0.085 seconds
[2025-10-22T13:47:20.675+0000] {processor.py:161} INFO - Started process (PID=57) to work on /opt/airflow/dags/bronze_dag_simple.py
[2025-10-22T13:47:20.676+0000] {processor.py:830} INFO - Processing file /opt/airflow/dags/bronze_dag_simple.py for tasks to queue
[2025-10-22T13:47:20.677+0000] {logging_mixin.py:188} INFO - [2025-10-22T13:47:20.677+0000] {dagbag.py:540} INFO - Filling up the DagBag from /opt/airflow/dags/bronze_dag_simple.py
[2025-10-22T13:47:20.695+0000] {processor.py:840} INFO - DAG(s) 'bronze_dag_simple' retrieved from /opt/airflow/dags/bronze_dag_simple.py
[2025-10-22T13:47:20.786+0000] {logging_mixin.py:188} INFO - [2025-10-22T13:47:20.786+0000] {dag.py:3096} INFO - Sync 1 DAGs
[2025-10-22T13:47:20.818+0000] {processor.py:183} INFO - Processing /opt/airflow/dags/bronze_dag_simple.py took 0.147 seconds
[2025-10-22T13:48:02.933+0000] {processor.py:161} INFO - Started process (PID=59) to work on /opt/airflow/dags/bronze_dag_simple.py
[2025-10-22T13:48:02.934+0000] {processor.py:830} INFO - Processing file /opt/airflow/dags/bronze_dag_simple.py for tasks to queue
[2025-10-22T13:48:02.937+0000] {logging_mixin.py:188} INFO - [2025-10-22T13:48:02.936+0000] {dagbag.py:540} INFO - Filling up the DagBag from /opt/airflow/dags/bronze_dag_simple.py
[2025-10-22T13:48:02.957+0000] {processor.py:840} INFO - DAG(s) 'bronze_dag_simple' retrieved from /opt/airflow/dags/bronze_dag_simple.py
[2025-10-22T13:48:02.976+0000] {logging_mixin.py:188} INFO - [2025-10-22T13:48:02.976+0000] {dag.py:3096} INFO - Sync 1 DAGs
[2025-10-22T13:48:03.018+0000] {processor.py:183} INFO - Processing /opt/airflow/dags/bronze_dag_simple.py took 0.090 seconds
[2025-10-22T13:48:33.075+0000] {processor.py:161} INFO - Started process (PID=61) to work on /opt/airflow/dags/bronze_dag_simple.py
[2025-10-22T13:48:33.076+0000] {processor.py:830} INFO - Processing file /opt/airflow/dags/bronze_dag_simple.py for tasks to queue
[2025-10-22T13:48:33.078+0000] {logging_mixin.py:188} INFO - [2025-10-22T13:48:33.078+0000] {dagbag.py:540} INFO - Filling up the DagBag from /opt/airflow/dags/bronze_dag_simple.py
[2025-10-22T13:48:33.096+0000] {processor.py:840} INFO - DAG(s) 'bronze_dag_simple' retrieved from /opt/airflow/dags/bronze_dag_simple.py
[2025-10-22T13:48:33.115+0000] {logging_mixin.py:188} INFO - [2025-10-22T13:48:33.114+0000] {dag.py:3096} INFO - Sync 1 DAGs
[2025-10-22T13:48:33.148+0000] {processor.py:183} INFO - Processing /opt/airflow/dags/bronze_dag_simple.py took 0.077 seconds
[2025-10-22T13:49:03.469+0000] {processor.py:161} INFO - Started process (PID=63) to work on /opt/airflow/dags/bronze_dag_simple.py
[2025-10-22T13:49:03.469+0000] {processor.py:830} INFO - Processing file /opt/airflow/dags/bronze_dag_simple.py for tasks to queue
[2025-10-22T13:49:03.471+0000] {logging_mixin.py:188} INFO - [2025-10-22T13:49:03.471+0000] {dagbag.py:540} INFO - Filling up the DagBag from /opt/airflow/dags/bronze_dag_simple.py
[2025-10-22T13:49:03.490+0000] {processor.py:840} INFO - DAG(s) 'bronze_dag_simple' retrieved from /opt/airflow/dags/bronze_dag_simple.py
[2025-10-22T13:49:03.510+0000] {logging_mixin.py:188} INFO - [2025-10-22T13:49:03.509+0000] {dag.py:3096} INFO - Sync 1 DAGs
[2025-10-22T13:49:03.546+0000] {processor.py:183} INFO - Processing /opt/airflow/dags/bronze_dag_simple.py took 0.083 seconds
[2025-10-22T13:49:54.422+0000] {processor.py:161} INFO - Started process (PID=65) to work on /opt/airflow/dags/bronze_dag_simple.py
[2025-10-22T13:49:54.423+0000] {processor.py:830} INFO - Processing file /opt/airflow/dags/bronze_dag_simple.py for tasks to queue
[2025-10-22T13:49:54.425+0000] {logging_mixin.py:188} INFO - [2025-10-22T13:49:54.424+0000] {dagbag.py:540} INFO - Filling up the DagBag from /opt/airflow/dags/bronze_dag_simple.py
[2025-10-22T13:49:54.442+0000] {processor.py:840} INFO - DAG(s) 'bronze_dag_simple' retrieved from /opt/airflow/dags/bronze_dag_simple.py
[2025-10-22T13:49:54.460+0000] {logging_mixin.py:188} INFO - [2025-10-22T13:49:54.460+0000] {dag.py:3096} INFO - Sync 1 DAGs
[2025-10-22T13:49:54.489+0000] {processor.py:183} INFO - Processing /opt/airflow/dags/bronze_dag_simple.py took 0.071 seconds
[2025-10-22T13:50:24.625+0000] {processor.py:161} INFO - Started process (PID=67) to work on /opt/airflow/dags/bronze_dag_simple.py
[2025-10-22T13:50:24.626+0000] {processor.py:830} INFO - Processing file /opt/airflow/dags/bronze_dag_simple.py for tasks to queue
[2025-10-22T13:50:24.628+0000] {logging_mixin.py:188} INFO - [2025-10-22T13:50:24.627+0000] {dagbag.py:540} INFO - Filling up the DagBag from /opt/airflow/dags/bronze_dag_simple.py
[2025-10-22T13:50:24.645+0000] {processor.py:840} INFO - DAG(s) 'bronze_dag_simple' retrieved from /opt/airflow/dags/bronze_dag_simple.py
[2025-10-22T13:50:24.664+0000] {logging_mixin.py:188} INFO - [2025-10-22T13:50:24.664+0000] {dag.py:3096} INFO - Sync 1 DAGs
[2025-10-22T13:50:24.695+0000] {processor.py:183} INFO - Processing /opt/airflow/dags/bronze_dag_simple.py took 0.075 seconds
[2025-10-22T13:50:54.936+0000] {processor.py:161} INFO - Started process (PID=69) to work on /opt/airflow/dags/bronze_dag_simple.py
[2025-10-22T13:50:54.937+0000] {processor.py:830} INFO - Processing file /opt/airflow/dags/bronze_dag_simple.py for tasks to queue
[2025-10-22T13:50:54.939+0000] {logging_mixin.py:188} INFO - [2025-10-22T13:50:54.939+0000] {dagbag.py:540} INFO - Filling up the DagBag from /opt/airflow/dags/bronze_dag_simple.py
[2025-10-22T13:50:54.957+0000] {processor.py:840} INFO - DAG(s) 'bronze_dag_simple' retrieved from /opt/airflow/dags/bronze_dag_simple.py
[2025-10-22T13:50:54.975+0000] {logging_mixin.py:188} INFO - [2025-10-22T13:50:54.975+0000] {dag.py:3096} INFO - Sync 1 DAGs
[2025-10-22T13:50:55.006+0000] {processor.py:183} INFO - Processing /opt/airflow/dags/bronze_dag_simple.py took 0.076 seconds
[2025-10-22T13:51:25.099+0000] {processor.py:161} INFO - Started process (PID=71) to work on /opt/airflow/dags/bronze_dag_simple.py
[2025-10-22T13:51:25.100+0000] {processor.py:830} INFO - Processing file /opt/airflow/dags/bronze_dag_simple.py for tasks to queue
[2025-10-22T13:51:25.102+0000] {logging_mixin.py:188} INFO - [2025-10-22T13:51:25.101+0000] {dagbag.py:540} INFO - Filling up the DagBag from /opt/airflow/dags/bronze_dag_simple.py
[2025-10-22T13:51:25.120+0000] {processor.py:840} INFO - DAG(s) 'bronze_dag_simple' retrieved from /opt/airflow/dags/bronze_dag_simple.py
[2025-10-22T13:51:25.139+0000] {logging_mixin.py:188} INFO - [2025-10-22T13:51:25.139+0000] {dag.py:3096} INFO - Sync 1 DAGs
[2025-10-22T13:51:25.169+0000] {processor.py:183} INFO - Processing /opt/airflow/dags/bronze_dag_simple.py took 0.075 seconds
[2025-10-22T13:52:03.141+0000] {processor.py:161} INFO - Started process (PID=73) to work on /opt/airflow/dags/bronze_dag_simple.py
[2025-10-22T13:52:03.142+0000] {processor.py:830} INFO - Processing file /opt/airflow/dags/bronze_dag_simple.py for tasks to queue
[2025-10-22T13:52:03.144+0000] {logging_mixin.py:188} INFO - [2025-10-22T13:52:03.144+0000] {dagbag.py:540} INFO - Filling up the DagBag from /opt/airflow/dags/bronze_dag_simple.py
[2025-10-22T13:52:03.164+0000] {processor.py:840} INFO - DAG(s) 'bronze_dag_simple' retrieved from /opt/airflow/dags/bronze_dag_simple.py
[2025-10-22T13:52:03.185+0000] {logging_mixin.py:188} INFO - [2025-10-22T13:52:03.184+0000] {dag.py:3096} INFO - Sync 1 DAGs
[2025-10-22T13:52:03.222+0000] {processor.py:183} INFO - Processing /opt/airflow/dags/bronze_dag_simple.py took 0.086 seconds
[2025-10-22T13:52:33.330+0000] {processor.py:161} INFO - Started process (PID=75) to work on /opt/airflow/dags/bronze_dag_simple.py
[2025-10-22T13:52:33.331+0000] {processor.py:830} INFO - Processing file /opt/airflow/dags/bronze_dag_simple.py for tasks to queue
[2025-10-22T13:52:33.332+0000] {logging_mixin.py:188} INFO - [2025-10-22T13:52:33.332+0000] {dagbag.py:540} INFO - Filling up the DagBag from /opt/airflow/dags/bronze_dag_simple.py
[2025-10-22T13:52:33.350+0000] {processor.py:840} INFO - DAG(s) 'bronze_dag_simple' retrieved from /opt/airflow/dags/bronze_dag_simple.py
[2025-10-22T13:52:33.370+0000] {logging_mixin.py:188} INFO - [2025-10-22T13:52:33.370+0000] {dag.py:3096} INFO - Sync 1 DAGs
[2025-10-22T13:52:33.400+0000] {processor.py:183} INFO - Processing /opt/airflow/dags/bronze_dag_simple.py took 0.075 seconds
[2025-10-22T13:53:27.652+0000] {processor.py:161} INFO - Started process (PID=77) to work on /opt/airflow/dags/bronze_dag_simple.py
[2025-10-22T13:53:27.653+0000] {processor.py:830} INFO - Processing file /opt/airflow/dags/bronze_dag_simple.py for tasks to queue
[2025-10-22T13:53:27.655+0000] {logging_mixin.py:188} INFO - [2025-10-22T13:53:27.654+0000] {dagbag.py:540} INFO - Filling up the DagBag from /opt/airflow/dags/bronze_dag_simple.py
[2025-10-22T13:53:27.672+0000] {processor.py:840} INFO - DAG(s) 'bronze_dag_simple' retrieved from /opt/airflow/dags/bronze_dag_simple.py
[2025-10-22T13:53:27.690+0000] {logging_mixin.py:188} INFO - [2025-10-22T13:53:27.690+0000] {dag.py:3096} INFO - Sync 1 DAGs
[2025-10-22T13:53:27.724+0000] {processor.py:183} INFO - Processing /opt/airflow/dags/bronze_dag_simple.py took 0.077 seconds
[2025-10-22T13:53:57.930+0000] {processor.py:161} INFO - Started process (PID=79) to work on /opt/airflow/dags/bronze_dag_simple.py
[2025-10-22T13:53:57.931+0000] {processor.py:830} INFO - Processing file /opt/airflow/dags/bronze_dag_simple.py for tasks to queue
[2025-10-22T13:53:57.933+0000] {logging_mixin.py:188} INFO - [2025-10-22T13:53:57.932+0000] {dagbag.py:540} INFO - Filling up the DagBag from /opt/airflow/dags/bronze_dag_simple.py
[2025-10-22T13:53:57.949+0000] {processor.py:840} INFO - DAG(s) 'bronze_dag_simple' retrieved from /opt/airflow/dags/bronze_dag_simple.py
[2025-10-22T13:53:57.966+0000] {logging_mixin.py:188} INFO - [2025-10-22T13:53:57.966+0000] {dag.py:3096} INFO - Sync 1 DAGs
[2025-10-22T13:53:57.995+0000] {processor.py:183} INFO - Processing /opt/airflow/dags/bronze_dag_simple.py took 0.070 seconds
[2025-10-22T13:54:28.683+0000] {processor.py:161} INFO - Started process (PID=85) to work on /opt/airflow/dags/bronze_dag_simple.py
[2025-10-22T13:54:28.684+0000] {processor.py:830} INFO - Processing file /opt/airflow/dags/bronze_dag_simple.py for tasks to queue
[2025-10-22T13:54:28.686+0000] {logging_mixin.py:188} INFO - [2025-10-22T13:54:28.686+0000] {dagbag.py:540} INFO - Filling up the DagBag from /opt/airflow/dags/bronze_dag_simple.py
[2025-10-22T13:54:28.706+0000] {processor.py:840} INFO - DAG(s) 'bronze_dag_simple' retrieved from /opt/airflow/dags/bronze_dag_simple.py
[2025-10-22T13:54:28.725+0000] {logging_mixin.py:188} INFO - [2025-10-22T13:54:28.725+0000] {dag.py:3096} INFO - Sync 1 DAGs
[2025-10-22T13:54:28.761+0000] {processor.py:183} INFO - Processing /opt/airflow/dags/bronze_dag_simple.py took 0.084 seconds
[2025-10-22T13:54:59.031+0000] {processor.py:161} INFO - Started process (PID=96) to work on /opt/airflow/dags/bronze_dag_simple.py
[2025-10-22T13:54:59.032+0000] {processor.py:830} INFO - Processing file /opt/airflow/dags/bronze_dag_simple.py for tasks to queue
[2025-10-22T13:54:59.034+0000] {logging_mixin.py:188} INFO - [2025-10-22T13:54:59.034+0000] {dagbag.py:540} INFO - Filling up the DagBag from /opt/airflow/dags/bronze_dag_simple.py
[2025-10-22T13:54:59.063+0000] {processor.py:840} INFO - DAG(s) 'bronze_dag_simple' retrieved from /opt/airflow/dags/bronze_dag_simple.py
[2025-10-22T13:54:59.092+0000] {logging_mixin.py:188} INFO - [2025-10-22T13:54:59.092+0000] {dag.py:3096} INFO - Sync 1 DAGs
[2025-10-22T13:54:59.140+0000] {processor.py:183} INFO - Processing /opt/airflow/dags/bronze_dag_simple.py took 0.115 seconds
[2025-10-22T13:55:29.227+0000] {processor.py:161} INFO - Started process (PID=98) to work on /opt/airflow/dags/bronze_dag_simple.py
[2025-10-22T13:55:29.227+0000] {processor.py:830} INFO - Processing file /opt/airflow/dags/bronze_dag_simple.py for tasks to queue
[2025-10-22T13:55:29.229+0000] {logging_mixin.py:188} INFO - [2025-10-22T13:55:29.228+0000] {dagbag.py:540} INFO - Filling up the DagBag from /opt/airflow/dags/bronze_dag_simple.py
[2025-10-22T13:55:29.243+0000] {processor.py:840} INFO - DAG(s) 'bronze_dag_simple' retrieved from /opt/airflow/dags/bronze_dag_simple.py
[2025-10-22T13:55:29.259+0000] {logging_mixin.py:188} INFO - [2025-10-22T13:55:29.259+0000] {dag.py:3096} INFO - Sync 1 DAGs
[2025-10-22T13:55:29.272+0000] {logging_mixin.py:188} INFO - [2025-10-22T13:55:29.272+0000] {dag.py:3954} INFO - Setting next_dagrun for bronze_dag_simple to 2025-10-21 18:00:00+00:00, run_after=2025-10-22 18:00:00+00:00
[2025-10-22T13:55:29.285+0000] {processor.py:183} INFO - Processing /opt/airflow/dags/bronze_dag_simple.py took 0.062 seconds
[2025-10-22T13:56:08.108+0000] {processor.py:161} INFO - Started process (PID=100) to work on /opt/airflow/dags/bronze_dag_simple.py
[2025-10-22T13:56:08.109+0000] {processor.py:830} INFO - Processing file /opt/airflow/dags/bronze_dag_simple.py for tasks to queue
[2025-10-22T13:56:08.111+0000] {logging_mixin.py:188} INFO - [2025-10-22T13:56:08.111+0000] {dagbag.py:540} INFO - Filling up the DagBag from /opt/airflow/dags/bronze_dag_simple.py
[2025-10-22T13:56:08.132+0000] {processor.py:840} INFO - DAG(s) 'bronze_dag_simple' retrieved from /opt/airflow/dags/bronze_dag_simple.py
[2025-10-22T13:56:08.150+0000] {logging_mixin.py:188} INFO - [2025-10-22T13:56:08.150+0000] {dag.py:3096} INFO - Sync 1 DAGs
[2025-10-22T13:56:08.167+0000] {logging_mixin.py:188} INFO - [2025-10-22T13:56:08.166+0000] {dag.py:3954} INFO - Setting next_dagrun for bronze_dag_simple to 2025-10-21 18:00:00+00:00, run_after=2025-10-22 18:00:00+00:00
[2025-10-22T13:56:08.181+0000] {processor.py:183} INFO - Processing /opt/airflow/dags/bronze_dag_simple.py took 0.078 seconds
[2025-10-22T14:02:18.914+0000] {processor.py:161} INFO - Started process (PID=107) to work on /opt/airflow/dags/bronze_dag_simple.py
[2025-10-22T14:02:18.916+0000] {processor.py:830} INFO - Processing file /opt/airflow/dags/bronze_dag_simple.py for tasks to queue
[2025-10-22T14:02:18.918+0000] {logging_mixin.py:188} INFO - [2025-10-22T14:02:18.918+0000] {dagbag.py:540} INFO - Filling up the DagBag from /opt/airflow/dags/bronze_dag_simple.py
[2025-10-22T14:02:18.952+0000] {processor.py:840} INFO - DAG(s) 'bronze_dag_simple' retrieved from /opt/airflow/dags/bronze_dag_simple.py
[2025-10-22T14:02:18.981+0000] {logging_mixin.py:188} INFO - [2025-10-22T14:02:18.981+0000] {dag.py:3096} INFO - Sync 1 DAGs
[2025-10-22T14:02:19.009+0000] {logging_mixin.py:188} INFO - [2025-10-22T14:02:19.008+0000] {dag.py:3954} INFO - Setting next_dagrun for bronze_dag_simple to 2025-10-21 18:00:00+00:00, run_after=2025-10-22 18:00:00+00:00
[2025-10-22T14:02:19.032+0000] {processor.py:183} INFO - Processing /opt/airflow/dags/bronze_dag_simple.py took 0.129 seconds
[2025-10-22T14:02:49.441+0000] {processor.py:161} INFO - Started process (PID=114) to work on /opt/airflow/dags/bronze_dag_simple.py
[2025-10-22T14:02:49.442+0000] {processor.py:830} INFO - Processing file /opt/airflow/dags/bronze_dag_simple.py for tasks to queue
[2025-10-22T14:02:49.443+0000] {logging_mixin.py:188} INFO - [2025-10-22T14:02:49.443+0000] {dagbag.py:540} INFO - Filling up the DagBag from /opt/airflow/dags/bronze_dag_simple.py
[2025-10-22T14:02:49.459+0000] {processor.py:840} INFO - DAG(s) 'bronze_dag_simple' retrieved from /opt/airflow/dags/bronze_dag_simple.py
[2025-10-22T14:02:49.474+0000] {logging_mixin.py:188} INFO - [2025-10-22T14:02:49.474+0000] {dag.py:3096} INFO - Sync 1 DAGs
[2025-10-22T14:02:49.491+0000] {logging_mixin.py:188} INFO - [2025-10-22T14:02:49.491+0000] {dag.py:3954} INFO - Setting next_dagrun for bronze_dag_simple to 2025-10-21 18:00:00+00:00, run_after=2025-10-22 18:00:00+00:00
[2025-10-22T14:02:49.505+0000] {processor.py:183} INFO - Processing /opt/airflow/dags/bronze_dag_simple.py took 0.068 seconds
[2025-10-22T14:03:51.983+0000] {processor.py:161} INFO - Started process (PID=116) to work on /opt/airflow/dags/bronze_dag_simple.py
[2025-10-22T14:03:51.984+0000] {processor.py:830} INFO - Processing file /opt/airflow/dags/bronze_dag_simple.py for tasks to queue
[2025-10-22T14:03:51.985+0000] {logging_mixin.py:188} INFO - [2025-10-22T14:03:51.985+0000] {dagbag.py:540} INFO - Filling up the DagBag from /opt/airflow/dags/bronze_dag_simple.py
[2025-10-22T14:03:52.003+0000] {processor.py:840} INFO - DAG(s) 'bronze_dag_simple' retrieved from /opt/airflow/dags/bronze_dag_simple.py
[2025-10-22T14:03:52.020+0000] {logging_mixin.py:188} INFO - [2025-10-22T14:03:52.020+0000] {dag.py:3096} INFO - Sync 1 DAGs
[2025-10-22T14:03:52.039+0000] {logging_mixin.py:188} INFO - [2025-10-22T14:03:52.038+0000] {dag.py:3954} INFO - Setting next_dagrun for bronze_dag_simple to 2025-10-21 18:00:00+00:00, run_after=2025-10-22 18:00:00+00:00
[2025-10-22T14:03:52.052+0000] {processor.py:183} INFO - Processing /opt/airflow/dags/bronze_dag_simple.py took 0.074 seconds
[2025-10-22T14:04:22.149+0000] {processor.py:161} INFO - Started process (PID=118) to work on /opt/airflow/dags/bronze_dag_simple.py
[2025-10-22T14:04:22.149+0000] {processor.py:830} INFO - Processing file /opt/airflow/dags/bronze_dag_simple.py for tasks to queue
[2025-10-22T14:04:22.151+0000] {logging_mixin.py:188} INFO - [2025-10-22T14:04:22.150+0000] {dagbag.py:540} INFO - Filling up the DagBag from /opt/airflow/dags/bronze_dag_simple.py
[2025-10-22T14:04:22.165+0000] {processor.py:840} INFO - DAG(s) 'bronze_dag_simple' retrieved from /opt/airflow/dags/bronze_dag_simple.py
[2025-10-22T14:04:22.178+0000] {logging_mixin.py:188} INFO - [2025-10-22T14:04:22.178+0000] {dag.py:3096} INFO - Sync 1 DAGs
[2025-10-22T14:04:22.193+0000] {logging_mixin.py:188} INFO - [2025-10-22T14:04:22.192+0000] {dag.py:3954} INFO - Setting next_dagrun for bronze_dag_simple to 2025-10-21 18:00:00+00:00, run_after=2025-10-22 18:00:00+00:00
[2025-10-22T14:04:22.205+0000] {processor.py:183} INFO - Processing /opt/airflow/dags/bronze_dag_simple.py took 0.060 seconds
[2025-10-22T14:04:53.002+0000] {processor.py:161} INFO - Started process (PID=120) to work on /opt/airflow/dags/bronze_dag_simple.py
[2025-10-22T14:04:53.002+0000] {processor.py:830} INFO - Processing file /opt/airflow/dags/bronze_dag_simple.py for tasks to queue
[2025-10-22T14:04:53.004+0000] {logging_mixin.py:188} INFO - [2025-10-22T14:04:53.004+0000] {dagbag.py:540} INFO - Filling up the DagBag from /opt/airflow/dags/bronze_dag_simple.py
[2025-10-22T14:04:53.018+0000] {processor.py:840} INFO - DAG(s) 'bronze_dag_simple' retrieved from /opt/airflow/dags/bronze_dag_simple.py
[2025-10-22T14:04:53.033+0000] {logging_mixin.py:188} INFO - [2025-10-22T14:04:53.033+0000] {dag.py:3096} INFO - Sync 1 DAGs
[2025-10-22T14:04:53.048+0000] {logging_mixin.py:188} INFO - [2025-10-22T14:04:53.048+0000] {dag.py:3954} INFO - Setting next_dagrun for bronze_dag_simple to 2025-10-21 18:00:00+00:00, run_after=2025-10-22 18:00:00+00:00
[2025-10-22T14:04:53.060+0000] {processor.py:183} INFO - Processing /opt/airflow/dags/bronze_dag_simple.py took 0.062 seconds
[2025-10-22T14:05:23.871+0000] {processor.py:161} INFO - Started process (PID=122) to work on /opt/airflow/dags/bronze_dag_simple.py
[2025-10-22T14:05:23.872+0000] {processor.py:830} INFO - Processing file /opt/airflow/dags/bronze_dag_simple.py for tasks to queue
[2025-10-22T14:05:23.873+0000] {logging_mixin.py:188} INFO - [2025-10-22T14:05:23.873+0000] {dagbag.py:540} INFO - Filling up the DagBag from /opt/airflow/dags/bronze_dag_simple.py
[2025-10-22T14:05:23.888+0000] {processor.py:840} INFO - DAG(s) 'bronze_dag_simple' retrieved from /opt/airflow/dags/bronze_dag_simple.py
[2025-10-22T14:05:23.903+0000] {logging_mixin.py:188} INFO - [2025-10-22T14:05:23.903+0000] {dag.py:3096} INFO - Sync 1 DAGs
[2025-10-22T14:05:23.918+0000] {logging_mixin.py:188} INFO - [2025-10-22T14:05:23.918+0000] {dag.py:3954} INFO - Setting next_dagrun for bronze_dag_simple to 2025-10-21 18:00:00+00:00, run_after=2025-10-22 18:00:00+00:00
[2025-10-22T14:05:23.930+0000] {processor.py:183} INFO - Processing /opt/airflow/dags/bronze_dag_simple.py took 0.063 seconds
[2025-10-22T14:05:54.735+0000] {processor.py:161} INFO - Started process (PID=124) to work on /opt/airflow/dags/bronze_dag_simple.py
[2025-10-22T14:05:54.736+0000] {processor.py:830} INFO - Processing file /opt/airflow/dags/bronze_dag_simple.py for tasks to queue
[2025-10-22T14:05:54.737+0000] {logging_mixin.py:188} INFO - [2025-10-22T14:05:54.737+0000] {dagbag.py:540} INFO - Filling up the DagBag from /opt/airflow/dags/bronze_dag_simple.py
[2025-10-22T14:05:54.753+0000] {processor.py:840} INFO - DAG(s) 'bronze_dag_simple' retrieved from /opt/airflow/dags/bronze_dag_simple.py
[2025-10-22T14:05:54.770+0000] {logging_mixin.py:188} INFO - [2025-10-22T14:05:54.770+0000] {dag.py:3096} INFO - Sync 1 DAGs
[2025-10-22T14:05:54.786+0000] {logging_mixin.py:188} INFO - [2025-10-22T14:05:54.786+0000] {dag.py:3954} INFO - Setting next_dagrun for bronze_dag_simple to 2025-10-21 18:00:00+00:00, run_after=2025-10-22 18:00:00+00:00
[2025-10-22T14:05:54.799+0000] {processor.py:183} INFO - Processing /opt/airflow/dags/bronze_dag_simple.py took 0.069 seconds
[2025-10-22T14:06:25.678+0000] {processor.py:161} INFO - Started process (PID=126) to work on /opt/airflow/dags/bronze_dag_simple.py
[2025-10-22T14:06:25.678+0000] {processor.py:830} INFO - Processing file /opt/airflow/dags/bronze_dag_simple.py for tasks to queue
[2025-10-22T14:06:25.680+0000] {logging_mixin.py:188} INFO - [2025-10-22T14:06:25.679+0000] {dagbag.py:540} INFO - Filling up the DagBag from /opt/airflow/dags/bronze_dag_simple.py
[2025-10-22T14:06:25.696+0000] {processor.py:840} INFO - DAG(s) 'bronze_dag_simple' retrieved from /opt/airflow/dags/bronze_dag_simple.py
[2025-10-22T14:06:25.713+0000] {logging_mixin.py:188} INFO - [2025-10-22T14:06:25.713+0000] {dag.py:3096} INFO - Sync 1 DAGs
[2025-10-22T14:06:25.729+0000] {logging_mixin.py:188} INFO - [2025-10-22T14:06:25.729+0000] {dag.py:3954} INFO - Setting next_dagrun for bronze_dag_simple to 2025-10-21 18:00:00+00:00, run_after=2025-10-22 18:00:00+00:00
[2025-10-22T14:06:25.748+0000] {processor.py:183} INFO - Processing /opt/airflow/dags/bronze_dag_simple.py took 0.074 seconds
[2025-10-22T14:07:28.542+0000] {processor.py:161} INFO - Started process (PID=128) to work on /opt/airflow/dags/bronze_dag_simple.py
[2025-10-22T14:07:28.543+0000] {processor.py:830} INFO - Processing file /opt/airflow/dags/bronze_dag_simple.py for tasks to queue
[2025-10-22T14:07:28.545+0000] {logging_mixin.py:188} INFO - [2025-10-22T14:07:28.544+0000] {dagbag.py:540} INFO - Filling up the DagBag from /opt/airflow/dags/bronze_dag_simple.py
[2025-10-22T14:07:28.562+0000] {processor.py:840} INFO - DAG(s) 'bronze_dag_simple' retrieved from /opt/airflow/dags/bronze_dag_simple.py
[2025-10-22T14:07:28.579+0000] {logging_mixin.py:188} INFO - [2025-10-22T14:07:28.579+0000] {dag.py:3096} INFO - Sync 1 DAGs
[2025-10-22T14:07:28.595+0000] {logging_mixin.py:188} INFO - [2025-10-22T14:07:28.595+0000] {dag.py:3954} INFO - Setting next_dagrun for bronze_dag_simple to 2025-10-21 18:00:00+00:00, run_after=2025-10-22 18:00:00+00:00
[2025-10-22T14:07:28.609+0000] {processor.py:183} INFO - Processing /opt/airflow/dags/bronze_dag_simple.py took 0.072 seconds
[2025-10-22T14:07:58.923+0000] {processor.py:161} INFO - Started process (PID=135) to work on /opt/airflow/dags/bronze_dag_simple.py
[2025-10-22T14:07:58.923+0000] {processor.py:830} INFO - Processing file /opt/airflow/dags/bronze_dag_simple.py for tasks to queue
[2025-10-22T14:07:58.925+0000] {logging_mixin.py:188} INFO - [2025-10-22T14:07:58.924+0000] {dagbag.py:540} INFO - Filling up the DagBag from /opt/airflow/dags/bronze_dag_simple.py
[2025-10-22T14:07:58.940+0000] {processor.py:840} INFO - DAG(s) 'bronze_dag_simple' retrieved from /opt/airflow/dags/bronze_dag_simple.py
[2025-10-22T14:07:58.955+0000] {logging_mixin.py:188} INFO - [2025-10-22T14:07:58.955+0000] {dag.py:3096} INFO - Sync 1 DAGs
[2025-10-22T14:07:58.969+0000] {logging_mixin.py:188} INFO - [2025-10-22T14:07:58.969+0000] {dag.py:3954} INFO - Setting next_dagrun for bronze_dag_simple to 2025-10-21 18:00:00+00:00, run_after=2025-10-22 18:00:00+00:00
[2025-10-22T14:07:58.982+0000] {processor.py:183} INFO - Processing /opt/airflow/dags/bronze_dag_simple.py took 0.063 seconds
[2025-10-22T14:08:29.775+0000] {processor.py:161} INFO - Started process (PID=137) to work on /opt/airflow/dags/bronze_dag_simple.py
[2025-10-22T14:08:29.776+0000] {processor.py:830} INFO - Processing file /opt/airflow/dags/bronze_dag_simple.py for tasks to queue
[2025-10-22T14:08:29.777+0000] {logging_mixin.py:188} INFO - [2025-10-22T14:08:29.777+0000] {dagbag.py:540} INFO - Filling up the DagBag from /opt/airflow/dags/bronze_dag_simple.py
[2025-10-22T14:08:29.793+0000] {processor.py:840} INFO - DAG(s) 'bronze_dag_simple' retrieved from /opt/airflow/dags/bronze_dag_simple.py
[2025-10-22T14:08:29.809+0000] {logging_mixin.py:188} INFO - [2025-10-22T14:08:29.809+0000] {dag.py:3096} INFO - Sync 1 DAGs
[2025-10-22T14:08:29.824+0000] {logging_mixin.py:188} INFO - [2025-10-22T14:08:29.824+0000] {dag.py:3954} INFO - Setting next_dagrun for bronze_dag_simple to 2025-10-21 18:00:00+00:00, run_after=2025-10-22 18:00:00+00:00
[2025-10-22T14:08:29.837+0000] {processor.py:183} INFO - Processing /opt/airflow/dags/bronze_dag_simple.py took 0.066 seconds
[2025-10-22T14:09:34.867+0000] {processor.py:161} INFO - Started process (PID=139) to work on /opt/airflow/dags/bronze_dag_simple.py
[2025-10-22T14:09:34.867+0000] {processor.py:830} INFO - Processing file /opt/airflow/dags/bronze_dag_simple.py for tasks to queue
[2025-10-22T14:09:34.869+0000] {logging_mixin.py:188} INFO - [2025-10-22T14:09:34.869+0000] {dagbag.py:540} INFO - Filling up the DagBag from /opt/airflow/dags/bronze_dag_simple.py
[2025-10-22T14:09:34.886+0000] {processor.py:840} INFO - DAG(s) 'bronze_dag_simple' retrieved from /opt/airflow/dags/bronze_dag_simple.py
[2025-10-22T14:09:34.902+0000] {logging_mixin.py:188} INFO - [2025-10-22T14:09:34.902+0000] {dag.py:3096} INFO - Sync 1 DAGs
[2025-10-22T14:09:34.918+0000] {logging_mixin.py:188} INFO - [2025-10-22T14:09:34.918+0000] {dag.py:3954} INFO - Setting next_dagrun for bronze_dag_simple to 2025-10-21 18:00:00+00:00, run_after=2025-10-22 18:00:00+00:00
[2025-10-22T14:09:34.932+0000] {processor.py:183} INFO - Processing /opt/airflow/dags/bronze_dag_simple.py took 0.069 seconds
[2025-10-22T14:10:05.162+0000] {processor.py:161} INFO - Started process (PID=141) to work on /opt/airflow/dags/bronze_dag_simple.py
[2025-10-22T14:10:05.163+0000] {processor.py:830} INFO - Processing file /opt/airflow/dags/bronze_dag_simple.py for tasks to queue
[2025-10-22T14:10:05.164+0000] {logging_mixin.py:188} INFO - [2025-10-22T14:10:05.164+0000] {dagbag.py:540} INFO - Filling up the DagBag from /opt/airflow/dags/bronze_dag_simple.py
[2025-10-22T14:10:05.180+0000] {processor.py:840} INFO - DAG(s) 'bronze_dag_simple' retrieved from /opt/airflow/dags/bronze_dag_simple.py
[2025-10-22T14:10:05.198+0000] {logging_mixin.py:188} INFO - [2025-10-22T14:10:05.198+0000] {dag.py:3096} INFO - Sync 1 DAGs
[2025-10-22T14:10:05.214+0000] {logging_mixin.py:188} INFO - [2025-10-22T14:10:05.214+0000] {dag.py:3954} INFO - Setting next_dagrun for bronze_dag_simple to 2025-10-21 18:00:00+00:00, run_after=2025-10-22 18:00:00+00:00
[2025-10-22T14:10:05.227+0000] {processor.py:183} INFO - Processing /opt/airflow/dags/bronze_dag_simple.py took 0.070 seconds
[2025-10-22T14:10:35.773+0000] {processor.py:161} INFO - Started process (PID=143) to work on /opt/airflow/dags/bronze_dag_simple.py
[2025-10-22T14:10:35.774+0000] {processor.py:830} INFO - Processing file /opt/airflow/dags/bronze_dag_simple.py for tasks to queue
[2025-10-22T14:10:35.775+0000] {logging_mixin.py:188} INFO - [2025-10-22T14:10:35.775+0000] {dagbag.py:540} INFO - Filling up the DagBag from /opt/airflow/dags/bronze_dag_simple.py
[2025-10-22T14:10:35.791+0000] {processor.py:840} INFO - DAG(s) 'bronze_dag_simple' retrieved from /opt/airflow/dags/bronze_dag_simple.py
[2025-10-22T14:10:35.808+0000] {logging_mixin.py:188} INFO - [2025-10-22T14:10:35.807+0000] {dag.py:3096} INFO - Sync 1 DAGs
[2025-10-22T14:10:35.823+0000] {logging_mixin.py:188} INFO - [2025-10-22T14:10:35.823+0000] {dag.py:3954} INFO - Setting next_dagrun for bronze_dag_simple to 2025-10-21 18:00:00+00:00, run_after=2025-10-22 18:00:00+00:00
[2025-10-22T14:10:35.837+0000] {processor.py:183} INFO - Processing /opt/airflow/dags/bronze_dag_simple.py took 0.068 seconds
[2025-10-22T14:11:05.926+0000] {processor.py:161} INFO - Started process (PID=145) to work on /opt/airflow/dags/bronze_dag_simple.py
[2025-10-22T14:11:05.927+0000] {processor.py:830} INFO - Processing file /opt/airflow/dags/bronze_dag_simple.py for tasks to queue
[2025-10-22T14:11:05.928+0000] {logging_mixin.py:188} INFO - [2025-10-22T14:11:05.928+0000] {dagbag.py:540} INFO - Filling up the DagBag from /opt/airflow/dags/bronze_dag_simple.py
[2025-10-22T14:11:05.945+0000] {processor.py:840} INFO - DAG(s) 'bronze_dag_simple' retrieved from /opt/airflow/dags/bronze_dag_simple.py
[2025-10-22T14:11:05.962+0000] {logging_mixin.py:188} INFO - [2025-10-22T14:11:05.962+0000] {dag.py:3096} INFO - Sync 1 DAGs
[2025-10-22T14:11:05.978+0000] {logging_mixin.py:188} INFO - [2025-10-22T14:11:05.978+0000] {dag.py:3954} INFO - Setting next_dagrun for bronze_dag_simple to 2025-10-21 18:00:00+00:00, run_after=2025-10-22 18:00:00+00:00
[2025-10-22T14:11:05.991+0000] {processor.py:183} INFO - Processing /opt/airflow/dags/bronze_dag_simple.py took 0.070 seconds
[2025-10-22T14:11:36.103+0000] {processor.py:161} INFO - Started process (PID=147) to work on /opt/airflow/dags/bronze_dag_simple.py
[2025-10-22T14:11:36.104+0000] {processor.py:830} INFO - Processing file /opt/airflow/dags/bronze_dag_simple.py for tasks to queue
[2025-10-22T14:11:36.105+0000] {logging_mixin.py:188} INFO - [2025-10-22T14:11:36.105+0000] {dagbag.py:540} INFO - Filling up the DagBag from /opt/airflow/dags/bronze_dag_simple.py
[2025-10-22T14:11:36.122+0000] {processor.py:840} INFO - DAG(s) 'bronze_dag_simple' retrieved from /opt/airflow/dags/bronze_dag_simple.py
[2025-10-22T14:11:36.138+0000] {logging_mixin.py:188} INFO - [2025-10-22T14:11:36.138+0000] {dag.py:3096} INFO - Sync 1 DAGs
[2025-10-22T14:11:36.154+0000] {logging_mixin.py:188} INFO - [2025-10-22T14:11:36.154+0000] {dag.py:3954} INFO - Setting next_dagrun for bronze_dag_simple to 2025-10-21 18:00:00+00:00, run_after=2025-10-22 18:00:00+00:00
[2025-10-22T14:11:36.169+0000] {processor.py:183} INFO - Processing /opt/airflow/dags/bronze_dag_simple.py took 0.070 seconds
[2025-10-22T14:12:15.560+0000] {processor.py:161} INFO - Started process (PID=149) to work on /opt/airflow/dags/bronze_dag_simple.py
[2025-10-22T14:12:15.561+0000] {processor.py:830} INFO - Processing file /opt/airflow/dags/bronze_dag_simple.py for tasks to queue
[2025-10-22T14:12:15.563+0000] {logging_mixin.py:188} INFO - [2025-10-22T14:12:15.562+0000] {dagbag.py:540} INFO - Filling up the DagBag from /opt/airflow/dags/bronze_dag_simple.py
[2025-10-22T14:12:15.578+0000] {processor.py:840} INFO - DAG(s) 'bronze_dag_simple' retrieved from /opt/airflow/dags/bronze_dag_simple.py
[2025-10-22T14:12:15.596+0000] {logging_mixin.py:188} INFO - [2025-10-22T14:12:15.596+0000] {dag.py:3096} INFO - Sync 1 DAGs
[2025-10-22T14:12:15.612+0000] {logging_mixin.py:188} INFO - [2025-10-22T14:12:15.611+0000] {dag.py:3954} INFO - Setting next_dagrun for bronze_dag_simple to 2025-10-21 18:00:00+00:00, run_after=2025-10-22 18:00:00+00:00
[2025-10-22T14:12:15.625+0000] {processor.py:183} INFO - Processing /opt/airflow/dags/bronze_dag_simple.py took 0.069 seconds
[2025-10-22T14:12:45.822+0000] {processor.py:161} INFO - Started process (PID=151) to work on /opt/airflow/dags/bronze_dag_simple.py
[2025-10-22T14:12:45.822+0000] {processor.py:830} INFO - Processing file /opt/airflow/dags/bronze_dag_simple.py for tasks to queue
[2025-10-22T14:12:45.824+0000] {logging_mixin.py:188} INFO - [2025-10-22T14:12:45.823+0000] {dagbag.py:540} INFO - Filling up the DagBag from /opt/airflow/dags/bronze_dag_simple.py
[2025-10-22T14:12:45.839+0000] {processor.py:840} INFO - DAG(s) 'bronze_dag_simple' retrieved from /opt/airflow/dags/bronze_dag_simple.py
[2025-10-22T14:12:45.854+0000] {logging_mixin.py:188} INFO - [2025-10-22T14:12:45.854+0000] {dag.py:3096} INFO - Sync 1 DAGs
[2025-10-22T14:12:45.868+0000] {logging_mixin.py:188} INFO - [2025-10-22T14:12:45.868+0000] {dag.py:3954} INFO - Setting next_dagrun for bronze_dag_simple to 2025-10-21 18:00:00+00:00, run_after=2025-10-22 18:00:00+00:00
[2025-10-22T14:12:45.882+0000] {processor.py:183} INFO - Processing /opt/airflow/dags/bronze_dag_simple.py took 0.063 seconds
[2025-10-22T14:13:26.981+0000] {processor.py:161} INFO - Started process (PID=153) to work on /opt/airflow/dags/bronze_dag_simple.py
[2025-10-22T14:13:26.987+0000] {processor.py:830} INFO - Processing file /opt/airflow/dags/bronze_dag_simple.py for tasks to queue
[2025-10-22T14:13:26.998+0000] {logging_mixin.py:188} INFO - [2025-10-22T14:13:26.997+0000] {dagbag.py:540} INFO - Filling up the DagBag from /opt/airflow/dags/bronze_dag_simple.py
[2025-10-22T14:13:27.058+0000] {processor.py:840} INFO - DAG(s) 'bronze_dag_simple' retrieved from /opt/airflow/dags/bronze_dag_simple.py
[2025-10-22T14:13:27.105+0000] {logging_mixin.py:188} INFO - [2025-10-22T14:13:27.105+0000] {dag.py:3096} INFO - Sync 1 DAGs
[2025-10-22T14:13:27.144+0000] {logging_mixin.py:188} INFO - [2025-10-22T14:13:27.144+0000] {dag.py:3954} INFO - Setting next_dagrun for bronze_dag_simple to 2025-10-21 18:00:00+00:00, run_after=2025-10-22 18:00:00+00:00
[2025-10-22T14:13:27.166+0000] {processor.py:183} INFO - Processing /opt/airflow/dags/bronze_dag_simple.py took 0.219 seconds
[2025-10-22T14:13:57.985+0000] {processor.py:161} INFO - Started process (PID=155) to work on /opt/airflow/dags/bronze_dag_simple.py
[2025-10-22T14:13:57.986+0000] {processor.py:830} INFO - Processing file /opt/airflow/dags/bronze_dag_simple.py for tasks to queue
[2025-10-22T14:13:57.987+0000] {logging_mixin.py:188} INFO - [2025-10-22T14:13:57.987+0000] {dagbag.py:540} INFO - Filling up the DagBag from /opt/airflow/dags/bronze_dag_simple.py
[2025-10-22T14:13:58.004+0000] {processor.py:840} INFO - DAG(s) 'bronze_dag_simple' retrieved from /opt/airflow/dags/bronze_dag_simple.py
[2025-10-22T14:13:58.022+0000] {logging_mixin.py:188} INFO - [2025-10-22T14:13:58.021+0000] {dag.py:3096} INFO - Sync 1 DAGs
[2025-10-22T14:13:58.037+0000] {logging_mixin.py:188} INFO - [2025-10-22T14:13:58.037+0000] {dag.py:3954} INFO - Setting next_dagrun for bronze_dag_simple to 2025-10-21 18:00:00+00:00, run_after=2025-10-22 18:00:00+00:00
[2025-10-22T14:13:58.051+0000] {processor.py:183} INFO - Processing /opt/airflow/dags/bronze_dag_simple.py took 0.071 seconds
[2025-10-22T14:14:28.789+0000] {processor.py:161} INFO - Started process (PID=157) to work on /opt/airflow/dags/bronze_dag_simple.py
[2025-10-22T14:14:28.790+0000] {processor.py:830} INFO - Processing file /opt/airflow/dags/bronze_dag_simple.py for tasks to queue
[2025-10-22T14:14:28.791+0000] {logging_mixin.py:188} INFO - [2025-10-22T14:14:28.791+0000] {dagbag.py:540} INFO - Filling up the DagBag from /opt/airflow/dags/bronze_dag_simple.py
[2025-10-22T14:14:28.808+0000] {processor.py:840} INFO - DAG(s) 'bronze_dag_simple' retrieved from /opt/airflow/dags/bronze_dag_simple.py
[2025-10-22T14:14:28.825+0000] {logging_mixin.py:188} INFO - [2025-10-22T14:14:28.825+0000] {dag.py:3096} INFO - Sync 1 DAGs
[2025-10-22T14:14:28.840+0000] {logging_mixin.py:188} INFO - [2025-10-22T14:14:28.840+0000] {dag.py:3954} INFO - Setting next_dagrun for bronze_dag_simple to 2025-10-21 18:00:00+00:00, run_after=2025-10-22 18:00:00+00:00
[2025-10-22T14:14:28.853+0000] {processor.py:183} INFO - Processing /opt/airflow/dags/bronze_dag_simple.py took 0.070 seconds
[2025-10-22T14:14:59.444+0000] {processor.py:161} INFO - Started process (PID=159) to work on /opt/airflow/dags/bronze_dag_simple.py
[2025-10-22T14:14:59.445+0000] {processor.py:830} INFO - Processing file /opt/airflow/dags/bronze_dag_simple.py for tasks to queue
[2025-10-22T14:14:59.447+0000] {logging_mixin.py:188} INFO - [2025-10-22T14:14:59.447+0000] {dagbag.py:540} INFO - Filling up the DagBag from /opt/airflow/dags/bronze_dag_simple.py
[2025-10-22T14:14:59.463+0000] {processor.py:840} INFO - DAG(s) 'bronze_dag_simple' retrieved from /opt/airflow/dags/bronze_dag_simple.py
[2025-10-22T14:14:59.480+0000] {logging_mixin.py:188} INFO - [2025-10-22T14:14:59.480+0000] {dag.py:3096} INFO - Sync 1 DAGs
[2025-10-22T14:14:59.496+0000] {logging_mixin.py:188} INFO - [2025-10-22T14:14:59.496+0000] {dag.py:3954} INFO - Setting next_dagrun for bronze_dag_simple to 2025-10-21 18:00:00+00:00, run_after=2025-10-22 18:00:00+00:00
[2025-10-22T14:14:59.510+0000] {processor.py:183} INFO - Processing /opt/airflow/dags/bronze_dag_simple.py took 0.070 seconds
[2025-10-22T14:15:30.329+0000] {processor.py:161} INFO - Started process (PID=161) to work on /opt/airflow/dags/bronze_dag_simple.py
[2025-10-22T14:15:30.329+0000] {processor.py:830} INFO - Processing file /opt/airflow/dags/bronze_dag_simple.py for tasks to queue
[2025-10-22T14:15:30.331+0000] {logging_mixin.py:188} INFO - [2025-10-22T14:15:30.331+0000] {dagbag.py:540} INFO - Filling up the DagBag from /opt/airflow/dags/bronze_dag_simple.py
[2025-10-22T14:15:30.349+0000] {processor.py:840} INFO - DAG(s) 'bronze_dag_simple' retrieved from /opt/airflow/dags/bronze_dag_simple.py
[2025-10-22T14:15:30.366+0000] {logging_mixin.py:188} INFO - [2025-10-22T14:15:30.366+0000] {dag.py:3096} INFO - Sync 1 DAGs
[2025-10-22T14:15:30.382+0000] {logging_mixin.py:188} INFO - [2025-10-22T14:15:30.382+0000] {dag.py:3954} INFO - Setting next_dagrun for bronze_dag_simple to 2025-10-21 18:00:00+00:00, run_after=2025-10-22 18:00:00+00:00
[2025-10-22T14:15:30.395+0000] {processor.py:183} INFO - Processing /opt/airflow/dags/bronze_dag_simple.py took 0.072 seconds
[2025-10-22T14:16:00.477+0000] {processor.py:161} INFO - Started process (PID=163) to work on /opt/airflow/dags/bronze_dag_simple.py
[2025-10-22T14:16:00.478+0000] {processor.py:830} INFO - Processing file /opt/airflow/dags/bronze_dag_simple.py for tasks to queue
[2025-10-22T14:16:00.479+0000] {logging_mixin.py:188} INFO - [2025-10-22T14:16:00.479+0000] {dagbag.py:540} INFO - Filling up the DagBag from /opt/airflow/dags/bronze_dag_simple.py
[2025-10-22T14:16:00.496+0000] {processor.py:840} INFO - DAG(s) 'bronze_dag_simple' retrieved from /opt/airflow/dags/bronze_dag_simple.py
[2025-10-22T14:16:00.513+0000] {logging_mixin.py:188} INFO - [2025-10-22T14:16:00.513+0000] {dag.py:3096} INFO - Sync 1 DAGs
[2025-10-22T14:16:00.529+0000] {logging_mixin.py:188} INFO - [2025-10-22T14:16:00.529+0000] {dag.py:3954} INFO - Setting next_dagrun for bronze_dag_simple to 2025-10-21 18:00:00+00:00, run_after=2025-10-22 18:00:00+00:00
[2025-10-22T14:16:00.543+0000] {processor.py:183} INFO - Processing /opt/airflow/dags/bronze_dag_simple.py took 0.070 seconds
[2025-10-22T14:16:52.960+0000] {processor.py:161} INFO - Started process (PID=165) to work on /opt/airflow/dags/bronze_dag_simple.py
[2025-10-22T14:16:52.961+0000] {processor.py:830} INFO - Processing file /opt/airflow/dags/bronze_dag_simple.py for tasks to queue
[2025-10-22T14:16:52.964+0000] {logging_mixin.py:188} INFO - [2025-10-22T14:16:52.964+0000] {dagbag.py:540} INFO - Filling up the DagBag from /opt/airflow/dags/bronze_dag_simple.py
[2025-10-22T14:16:52.981+0000] {processor.py:840} INFO - DAG(s) 'bronze_dag_simple' retrieved from /opt/airflow/dags/bronze_dag_simple.py
[2025-10-22T14:16:52.998+0000] {logging_mixin.py:188} INFO - [2025-10-22T14:16:52.998+0000] {dag.py:3096} INFO - Sync 1 DAGs
[2025-10-22T14:16:53.014+0000] {logging_mixin.py:188} INFO - [2025-10-22T14:16:53.013+0000] {dag.py:3954} INFO - Setting next_dagrun for bronze_dag_simple to 2025-10-21 18:00:00+00:00, run_after=2025-10-22 18:00:00+00:00
[2025-10-22T14:16:53.027+0000] {processor.py:183} INFO - Processing /opt/airflow/dags/bronze_dag_simple.py took 0.073 seconds
[2025-10-22T14:17:23.168+0000] {processor.py:161} INFO - Started process (PID=167) to work on /opt/airflow/dags/bronze_dag_simple.py
[2025-10-22T14:17:23.169+0000] {processor.py:830} INFO - Processing file /opt/airflow/dags/bronze_dag_simple.py for tasks to queue
[2025-10-22T14:17:23.170+0000] {logging_mixin.py:188} INFO - [2025-10-22T14:17:23.170+0000] {dagbag.py:540} INFO - Filling up the DagBag from /opt/airflow/dags/bronze_dag_simple.py
[2025-10-22T14:17:23.185+0000] {processor.py:840} INFO - DAG(s) 'bronze_dag_simple' retrieved from /opt/airflow/dags/bronze_dag_simple.py
[2025-10-22T14:17:23.201+0000] {logging_mixin.py:188} INFO - [2025-10-22T14:17:23.201+0000] {dag.py:3096} INFO - Sync 1 DAGs
[2025-10-22T14:17:23.215+0000] {logging_mixin.py:188} INFO - [2025-10-22T14:17:23.215+0000] {dag.py:3954} INFO - Setting next_dagrun for bronze_dag_simple to 2025-10-21 18:00:00+00:00, run_after=2025-10-22 18:00:00+00:00
[2025-10-22T14:17:23.227+0000] {processor.py:183} INFO - Processing /opt/airflow/dags/bronze_dag_simple.py took 0.063 seconds
[2025-10-22T14:18:11.490+0000] {processor.py:161} INFO - Started process (PID=169) to work on /opt/airflow/dags/bronze_dag_simple.py
[2025-10-22T14:18:11.490+0000] {processor.py:830} INFO - Processing file /opt/airflow/dags/bronze_dag_simple.py for tasks to queue
[2025-10-22T14:18:11.492+0000] {logging_mixin.py:188} INFO - [2025-10-22T14:18:11.492+0000] {dagbag.py:540} INFO - Filling up the DagBag from /opt/airflow/dags/bronze_dag_simple.py
[2025-10-22T14:18:11.509+0000] {processor.py:840} INFO - DAG(s) 'bronze_dag_simple' retrieved from /opt/airflow/dags/bronze_dag_simple.py
[2025-10-22T14:18:11.525+0000] {logging_mixin.py:188} INFO - [2025-10-22T14:18:11.525+0000] {dag.py:3096} INFO - Sync 1 DAGs
[2025-10-22T14:18:11.541+0000] {logging_mixin.py:188} INFO - [2025-10-22T14:18:11.541+0000] {dag.py:3954} INFO - Setting next_dagrun for bronze_dag_simple to 2025-10-21 18:00:00+00:00, run_after=2025-10-22 18:00:00+00:00
[2025-10-22T14:18:11.555+0000] {processor.py:183} INFO - Processing /opt/airflow/dags/bronze_dag_simple.py took 0.069 seconds
[2025-10-22T14:18:41.642+0000] {processor.py:161} INFO - Started process (PID=171) to work on /opt/airflow/dags/bronze_dag_simple.py
[2025-10-22T14:18:41.643+0000] {processor.py:830} INFO - Processing file /opt/airflow/dags/bronze_dag_simple.py for tasks to queue
[2025-10-22T14:18:41.644+0000] {logging_mixin.py:188} INFO - [2025-10-22T14:18:41.644+0000] {dagbag.py:540} INFO - Filling up the DagBag from /opt/airflow/dags/bronze_dag_simple.py
[2025-10-22T14:18:41.661+0000] {processor.py:840} INFO - DAG(s) 'bronze_dag_simple' retrieved from /opt/airflow/dags/bronze_dag_simple.py
[2025-10-22T14:18:41.677+0000] {logging_mixin.py:188} INFO - [2025-10-22T14:18:41.677+0000] {dag.py:3096} INFO - Sync 1 DAGs
[2025-10-22T14:18:41.693+0000] {logging_mixin.py:188} INFO - [2025-10-22T14:18:41.693+0000] {dag.py:3954} INFO - Setting next_dagrun for bronze_dag_simple to 2025-10-21 18:00:00+00:00, run_after=2025-10-22 18:00:00+00:00
[2025-10-22T14:18:41.706+0000] {processor.py:183} INFO - Processing /opt/airflow/dags/bronze_dag_simple.py took 0.070 seconds
[2025-10-22T14:19:11.981+0000] {processor.py:161} INFO - Started process (PID=173) to work on /opt/airflow/dags/bronze_dag_simple.py
[2025-10-22T14:19:11.982+0000] {processor.py:830} INFO - Processing file /opt/airflow/dags/bronze_dag_simple.py for tasks to queue
[2025-10-22T14:19:11.983+0000] {logging_mixin.py:188} INFO - [2025-10-22T14:19:11.983+0000] {dagbag.py:540} INFO - Filling up the DagBag from /opt/airflow/dags/bronze_dag_simple.py
[2025-10-22T14:19:12.000+0000] {processor.py:840} INFO - DAG(s) 'bronze_dag_simple' retrieved from /opt/airflow/dags/bronze_dag_simple.py
[2025-10-22T14:19:12.016+0000] {logging_mixin.py:188} INFO - [2025-10-22T14:19:12.016+0000] {dag.py:3096} INFO - Sync 1 DAGs
[2025-10-22T14:19:12.032+0000] {logging_mixin.py:188} INFO - [2025-10-22T14:19:12.032+0000] {dag.py:3954} INFO - Setting next_dagrun for bronze_dag_simple to 2025-10-21 18:00:00+00:00, run_after=2025-10-22 18:00:00+00:00
[2025-10-22T14:19:12.046+0000] {processor.py:183} INFO - Processing /opt/airflow/dags/bronze_dag_simple.py took 0.070 seconds
[2025-10-22T14:19:42.128+0000] {processor.py:161} INFO - Started process (PID=175) to work on /opt/airflow/dags/bronze_dag_simple.py
[2025-10-22T14:19:42.129+0000] {processor.py:830} INFO - Processing file /opt/airflow/dags/bronze_dag_simple.py for tasks to queue
[2025-10-22T14:19:42.131+0000] {logging_mixin.py:188} INFO - [2025-10-22T14:19:42.130+0000] {dagbag.py:540} INFO - Filling up the DagBag from /opt/airflow/dags/bronze_dag_simple.py
[2025-10-22T14:19:42.146+0000] {processor.py:840} INFO - DAG(s) 'bronze_dag_simple' retrieved from /opt/airflow/dags/bronze_dag_simple.py
[2025-10-22T14:19:42.163+0000] {logging_mixin.py:188} INFO - [2025-10-22T14:19:42.163+0000] {dag.py:3096} INFO - Sync 1 DAGs
[2025-10-22T14:19:42.179+0000] {logging_mixin.py:188} INFO - [2025-10-22T14:19:42.179+0000] {dag.py:3954} INFO - Setting next_dagrun for bronze_dag_simple to 2025-10-21 18:00:00+00:00, run_after=2025-10-22 18:00:00+00:00
[2025-10-22T14:19:42.192+0000] {processor.py:183} INFO - Processing /opt/airflow/dags/bronze_dag_simple.py took 0.068 seconds
[2025-10-22T14:20:12.995+0000] {processor.py:161} INFO - Started process (PID=177) to work on /opt/airflow/dags/bronze_dag_simple.py
[2025-10-22T14:20:12.996+0000] {processor.py:830} INFO - Processing file /opt/airflow/dags/bronze_dag_simple.py for tasks to queue
[2025-10-22T14:20:12.998+0000] {logging_mixin.py:188} INFO - [2025-10-22T14:20:12.997+0000] {dagbag.py:540} INFO - Filling up the DagBag from /opt/airflow/dags/bronze_dag_simple.py
[2025-10-22T14:20:13.015+0000] {processor.py:840} INFO - DAG(s) 'bronze_dag_simple' retrieved from /opt/airflow/dags/bronze_dag_simple.py
[2025-10-22T14:20:13.030+0000] {logging_mixin.py:188} INFO - [2025-10-22T14:20:13.030+0000] {dag.py:3096} INFO - Sync 1 DAGs
[2025-10-22T14:20:13.045+0000] {logging_mixin.py:188} INFO - [2025-10-22T14:20:13.045+0000] {dag.py:3954} INFO - Setting next_dagrun for bronze_dag_simple to 2025-10-21 18:00:00+00:00, run_after=2025-10-22 18:00:00+00:00
[2025-10-22T14:20:13.057+0000] {processor.py:183} INFO - Processing /opt/airflow/dags/bronze_dag_simple.py took 0.067 seconds
[2025-10-22T14:20:43.846+0000] {processor.py:161} INFO - Started process (PID=179) to work on /opt/airflow/dags/bronze_dag_simple.py
[2025-10-22T14:20:43.847+0000] {processor.py:830} INFO - Processing file /opt/airflow/dags/bronze_dag_simple.py for tasks to queue
[2025-10-22T14:20:43.849+0000] {logging_mixin.py:188} INFO - [2025-10-22T14:20:43.849+0000] {dagbag.py:540} INFO - Filling up the DagBag from /opt/airflow/dags/bronze_dag_simple.py
[2025-10-22T14:20:43.864+0000] {processor.py:840} INFO - DAG(s) 'bronze_dag_simple' retrieved from /opt/airflow/dags/bronze_dag_simple.py
[2025-10-22T14:20:43.879+0000] {logging_mixin.py:188} INFO - [2025-10-22T14:20:43.879+0000] {dag.py:3096} INFO - Sync 1 DAGs
[2025-10-22T14:20:43.894+0000] {logging_mixin.py:188} INFO - [2025-10-22T14:20:43.894+0000] {dag.py:3954} INFO - Setting next_dagrun for bronze_dag_simple to 2025-10-21 18:00:00+00:00, run_after=2025-10-22 18:00:00+00:00
[2025-10-22T14:20:43.905+0000] {processor.py:183} INFO - Processing /opt/airflow/dags/bronze_dag_simple.py took 0.064 seconds
[2025-10-22T14:21:14.721+0000] {processor.py:161} INFO - Started process (PID=181) to work on /opt/airflow/dags/bronze_dag_simple.py
[2025-10-22T14:21:14.722+0000] {processor.py:830} INFO - Processing file /opt/airflow/dags/bronze_dag_simple.py for tasks to queue
[2025-10-22T14:21:14.723+0000] {logging_mixin.py:188} INFO - [2025-10-22T14:21:14.723+0000] {dagbag.py:540} INFO - Filling up the DagBag from /opt/airflow/dags/bronze_dag_simple.py
[2025-10-22T14:21:14.738+0000] {processor.py:840} INFO - DAG(s) 'bronze_dag_simple' retrieved from /opt/airflow/dags/bronze_dag_simple.py
[2025-10-22T14:21:14.753+0000] {logging_mixin.py:188} INFO - [2025-10-22T14:21:14.753+0000] {dag.py:3096} INFO - Sync 1 DAGs
[2025-10-22T14:21:14.768+0000] {logging_mixin.py:188} INFO - [2025-10-22T14:21:14.767+0000] {dag.py:3954} INFO - Setting next_dagrun for bronze_dag_simple to 2025-10-21 18:00:00+00:00, run_after=2025-10-22 18:00:00+00:00
[2025-10-22T14:21:14.780+0000] {processor.py:183} INFO - Processing /opt/airflow/dags/bronze_dag_simple.py took 0.063 seconds
[2025-10-22T14:21:45.570+0000] {processor.py:161} INFO - Started process (PID=183) to work on /opt/airflow/dags/bronze_dag_simple.py
[2025-10-22T14:21:45.571+0000] {processor.py:830} INFO - Processing file /opt/airflow/dags/bronze_dag_simple.py for tasks to queue
[2025-10-22T14:21:45.572+0000] {logging_mixin.py:188} INFO - [2025-10-22T14:21:45.572+0000] {dagbag.py:540} INFO - Filling up the DagBag from /opt/airflow/dags/bronze_dag_simple.py
[2025-10-22T14:21:45.589+0000] {processor.py:840} INFO - DAG(s) 'bronze_dag_simple' retrieved from /opt/airflow/dags/bronze_dag_simple.py
[2025-10-22T14:21:45.605+0000] {logging_mixin.py:188} INFO - [2025-10-22T14:21:45.605+0000] {dag.py:3096} INFO - Sync 1 DAGs
[2025-10-22T14:21:45.620+0000] {logging_mixin.py:188} INFO - [2025-10-22T14:21:45.620+0000] {dag.py:3954} INFO - Setting next_dagrun for bronze_dag_simple to 2025-10-21 18:00:00+00:00, run_after=2025-10-22 18:00:00+00:00
[2025-10-22T14:21:45.635+0000] {processor.py:183} INFO - Processing /opt/airflow/dags/bronze_dag_simple.py took 0.071 seconds
[2025-10-22T14:22:16.538+0000] {processor.py:161} INFO - Started process (PID=185) to work on /opt/airflow/dags/bronze_dag_simple.py
[2025-10-22T14:22:16.539+0000] {processor.py:830} INFO - Processing file /opt/airflow/dags/bronze_dag_simple.py for tasks to queue
[2025-10-22T14:22:16.541+0000] {logging_mixin.py:188} INFO - [2025-10-22T14:22:16.541+0000] {dagbag.py:540} INFO - Filling up the DagBag from /opt/airflow/dags/bronze_dag_simple.py
[2025-10-22T14:22:16.560+0000] {processor.py:840} INFO - DAG(s) 'bronze_dag_simple' retrieved from /opt/airflow/dags/bronze_dag_simple.py
[2025-10-22T14:22:16.578+0000] {logging_mixin.py:188} INFO - [2025-10-22T14:22:16.578+0000] {dag.py:3096} INFO - Sync 1 DAGs
[2025-10-22T14:22:16.596+0000] {logging_mixin.py:188} INFO - [2025-10-22T14:22:16.596+0000] {dag.py:3954} INFO - Setting next_dagrun for bronze_dag_simple to 2025-10-21 18:00:00+00:00, run_after=2025-10-22 18:00:00+00:00
[2025-10-22T14:22:16.612+0000] {processor.py:183} INFO - Processing /opt/airflow/dags/bronze_dag_simple.py took 0.078 seconds
[2025-10-22T14:22:47.076+0000] {processor.py:161} INFO - Started process (PID=187) to work on /opt/airflow/dags/bronze_dag_simple.py
[2025-10-22T14:22:47.077+0000] {processor.py:830} INFO - Processing file /opt/airflow/dags/bronze_dag_simple.py for tasks to queue
[2025-10-22T14:22:47.078+0000] {logging_mixin.py:188} INFO - [2025-10-22T14:22:47.078+0000] {dagbag.py:540} INFO - Filling up the DagBag from /opt/airflow/dags/bronze_dag_simple.py
[2025-10-22T14:22:47.095+0000] {processor.py:840} INFO - DAG(s) 'bronze_dag_simple' retrieved from /opt/airflow/dags/bronze_dag_simple.py
[2025-10-22T14:22:47.111+0000] {logging_mixin.py:188} INFO - [2025-10-22T14:22:47.111+0000] {dag.py:3096} INFO - Sync 1 DAGs
[2025-10-22T14:22:47.126+0000] {logging_mixin.py:188} INFO - [2025-10-22T14:22:47.126+0000] {dag.py:3954} INFO - Setting next_dagrun for bronze_dag_simple to 2025-10-21 18:00:00+00:00, run_after=2025-10-22 18:00:00+00:00
[2025-10-22T14:22:47.141+0000] {processor.py:183} INFO - Processing /opt/airflow/dags/bronze_dag_simple.py took 0.070 seconds
[2025-10-22T14:23:25.553+0000] {processor.py:161} INFO - Started process (PID=189) to work on /opt/airflow/dags/bronze_dag_simple.py
[2025-10-22T14:23:25.554+0000] {processor.py:830} INFO - Processing file /opt/airflow/dags/bronze_dag_simple.py for tasks to queue
[2025-10-22T14:23:25.555+0000] {logging_mixin.py:188} INFO - [2025-10-22T14:23:25.555+0000] {dagbag.py:540} INFO - Filling up the DagBag from /opt/airflow/dags/bronze_dag_simple.py
[2025-10-22T14:23:25.571+0000] {processor.py:840} INFO - DAG(s) 'bronze_dag_simple' retrieved from /opt/airflow/dags/bronze_dag_simple.py
[2025-10-22T14:23:25.589+0000] {logging_mixin.py:188} INFO - [2025-10-22T14:23:25.588+0000] {dag.py:3096} INFO - Sync 1 DAGs
[2025-10-22T14:23:25.605+0000] {logging_mixin.py:188} INFO - [2025-10-22T14:23:25.604+0000] {dag.py:3954} INFO - Setting next_dagrun for bronze_dag_simple to 2025-10-21 18:00:00+00:00, run_after=2025-10-22 18:00:00+00:00
[2025-10-22T14:23:25.618+0000] {processor.py:183} INFO - Processing /opt/airflow/dags/bronze_dag_simple.py took 0.069 seconds
[2025-10-22T14:23:56.011+0000] {processor.py:161} INFO - Started process (PID=191) to work on /opt/airflow/dags/bronze_dag_simple.py
[2025-10-22T14:23:56.012+0000] {processor.py:830} INFO - Processing file /opt/airflow/dags/bronze_dag_simple.py for tasks to queue
[2025-10-22T14:23:56.013+0000] {logging_mixin.py:188} INFO - [2025-10-22T14:23:56.013+0000] {dagbag.py:540} INFO - Filling up the DagBag from /opt/airflow/dags/bronze_dag_simple.py
[2025-10-22T14:23:56.030+0000] {processor.py:840} INFO - DAG(s) 'bronze_dag_simple' retrieved from /opt/airflow/dags/bronze_dag_simple.py
[2025-10-22T14:23:56.046+0000] {logging_mixin.py:188} INFO - [2025-10-22T14:23:56.046+0000] {dag.py:3096} INFO - Sync 1 DAGs
[2025-10-22T14:23:56.062+0000] {logging_mixin.py:188} INFO - [2025-10-22T14:23:56.062+0000] {dag.py:3954} INFO - Setting next_dagrun for bronze_dag_simple to 2025-10-21 18:00:00+00:00, run_after=2025-10-22 18:00:00+00:00
[2025-10-22T14:23:56.083+0000] {processor.py:183} INFO - Processing /opt/airflow/dags/bronze_dag_simple.py took 0.077 seconds
[2025-10-22T14:24:27.033+0000] {processor.py:161} INFO - Started process (PID=193) to work on /opt/airflow/dags/bronze_dag_simple.py
[2025-10-22T14:24:27.034+0000] {processor.py:830} INFO - Processing file /opt/airflow/dags/bronze_dag_simple.py for tasks to queue
[2025-10-22T14:24:27.036+0000] {logging_mixin.py:188} INFO - [2025-10-22T14:24:27.035+0000] {dagbag.py:540} INFO - Filling up the DagBag from /opt/airflow/dags/bronze_dag_simple.py
[2025-10-22T14:24:27.051+0000] {processor.py:840} INFO - DAG(s) 'bronze_dag_simple' retrieved from /opt/airflow/dags/bronze_dag_simple.py
[2025-10-22T14:24:27.066+0000] {logging_mixin.py:188} INFO - [2025-10-22T14:24:27.066+0000] {dag.py:3096} INFO - Sync 1 DAGs
[2025-10-22T14:24:27.080+0000] {logging_mixin.py:188} INFO - [2025-10-22T14:24:27.080+0000] {dag.py:3954} INFO - Setting next_dagrun for bronze_dag_simple to 2025-10-21 18:00:00+00:00, run_after=2025-10-22 18:00:00+00:00
[2025-10-22T14:24:27.093+0000] {processor.py:183} INFO - Processing /opt/airflow/dags/bronze_dag_simple.py took 0.064 seconds
[2025-10-22T14:24:57.917+0000] {processor.py:161} INFO - Started process (PID=195) to work on /opt/airflow/dags/bronze_dag_simple.py
[2025-10-22T14:24:57.919+0000] {processor.py:830} INFO - Processing file /opt/airflow/dags/bronze_dag_simple.py for tasks to queue
[2025-10-22T14:24:57.921+0000] {logging_mixin.py:188} INFO - [2025-10-22T14:24:57.921+0000] {dagbag.py:540} INFO - Filling up the DagBag from /opt/airflow/dags/bronze_dag_simple.py
[2025-10-22T14:24:57.950+0000] {processor.py:840} INFO - DAG(s) 'bronze_dag_simple' retrieved from /opt/airflow/dags/bronze_dag_simple.py
[2025-10-22T14:24:57.982+0000] {logging_mixin.py:188} INFO - [2025-10-22T14:24:57.982+0000] {dag.py:3096} INFO - Sync 1 DAGs
[2025-10-22T14:24:58.013+0000] {logging_mixin.py:188} INFO - [2025-10-22T14:24:58.012+0000] {dag.py:3954} INFO - Setting next_dagrun for bronze_dag_simple to 2025-10-21 18:00:00+00:00, run_after=2025-10-22 18:00:00+00:00
[2025-10-22T14:24:58.042+0000] {processor.py:183} INFO - Processing /opt/airflow/dags/bronze_dag_simple.py took 0.133 seconds
[2025-10-22T14:26:02.063+0000] {processor.py:161} INFO - Started process (PID=197) to work on /opt/airflow/dags/bronze_dag_simple.py
[2025-10-22T14:26:02.064+0000] {processor.py:830} INFO - Processing file /opt/airflow/dags/bronze_dag_simple.py for tasks to queue
[2025-10-22T14:26:02.066+0000] {logging_mixin.py:188} INFO - [2025-10-22T14:26:02.065+0000] {dagbag.py:540} INFO - Filling up the DagBag from /opt/airflow/dags/bronze_dag_simple.py
[2025-10-22T14:26:02.084+0000] {processor.py:840} INFO - DAG(s) 'bronze_dag_simple' retrieved from /opt/airflow/dags/bronze_dag_simple.py
[2025-10-22T14:26:02.102+0000] {logging_mixin.py:188} INFO - [2025-10-22T14:26:02.102+0000] {dag.py:3096} INFO - Sync 1 DAGs
[2025-10-22T14:26:02.120+0000] {logging_mixin.py:188} INFO - [2025-10-22T14:26:02.120+0000] {dag.py:3954} INFO - Setting next_dagrun for bronze_dag_simple to 2025-10-21 18:00:00+00:00, run_after=2025-10-22 18:00:00+00:00
[2025-10-22T14:26:02.134+0000] {processor.py:183} INFO - Processing /opt/airflow/dags/bronze_dag_simple.py took 0.076 seconds
[2025-10-22T14:26:32.279+0000] {processor.py:161} INFO - Started process (PID=199) to work on /opt/airflow/dags/bronze_dag_simple.py
[2025-10-22T14:26:32.280+0000] {processor.py:830} INFO - Processing file /opt/airflow/dags/bronze_dag_simple.py for tasks to queue
[2025-10-22T14:26:32.282+0000] {logging_mixin.py:188} INFO - [2025-10-22T14:26:32.282+0000] {dagbag.py:540} INFO - Filling up the DagBag from /opt/airflow/dags/bronze_dag_simple.py
[2025-10-22T14:26:32.301+0000] {processor.py:840} INFO - DAG(s) 'bronze_dag_simple' retrieved from /opt/airflow/dags/bronze_dag_simple.py
[2025-10-22T14:26:32.321+0000] {logging_mixin.py:188} INFO - [2025-10-22T14:26:32.321+0000] {dag.py:3096} INFO - Sync 1 DAGs
[2025-10-22T14:26:32.339+0000] {logging_mixin.py:188} INFO - [2025-10-22T14:26:32.339+0000] {dag.py:3954} INFO - Setting next_dagrun for bronze_dag_simple to 2025-10-21 18:00:00+00:00, run_after=2025-10-22 18:00:00+00:00
[2025-10-22T14:26:32.354+0000] {processor.py:183} INFO - Processing /opt/airflow/dags/bronze_dag_simple.py took 0.080 seconds
[2025-10-22T14:27:03.081+0000] {processor.py:161} INFO - Started process (PID=201) to work on /opt/airflow/dags/bronze_dag_simple.py
[2025-10-22T14:27:03.081+0000] {processor.py:830} INFO - Processing file /opt/airflow/dags/bronze_dag_simple.py for tasks to queue
[2025-10-22T14:27:03.083+0000] {logging_mixin.py:188} INFO - [2025-10-22T14:27:03.083+0000] {dagbag.py:540} INFO - Filling up the DagBag from /opt/airflow/dags/bronze_dag_simple.py
[2025-10-22T14:27:03.100+0000] {processor.py:840} INFO - DAG(s) 'bronze_dag_simple' retrieved from /opt/airflow/dags/bronze_dag_simple.py
[2025-10-22T14:27:03.117+0000] {logging_mixin.py:188} INFO - [2025-10-22T14:27:03.117+0000] {dag.py:3096} INFO - Sync 1 DAGs
[2025-10-22T14:27:03.133+0000] {logging_mixin.py:188} INFO - [2025-10-22T14:27:03.133+0000] {dag.py:3954} INFO - Setting next_dagrun for bronze_dag_simple to 2025-10-21 18:00:00+00:00, run_after=2025-10-22 18:00:00+00:00
[2025-10-22T14:27:03.149+0000] {processor.py:183} INFO - Processing /opt/airflow/dags/bronze_dag_simple.py took 0.073 seconds
[2025-10-22T14:27:33.433+0000] {processor.py:161} INFO - Started process (PID=203) to work on /opt/airflow/dags/bronze_dag_simple.py
[2025-10-22T14:27:33.434+0000] {processor.py:830} INFO - Processing file /opt/airflow/dags/bronze_dag_simple.py for tasks to queue
[2025-10-22T14:27:33.436+0000] {logging_mixin.py:188} INFO - [2025-10-22T14:27:33.436+0000] {dagbag.py:540} INFO - Filling up the DagBag from /opt/airflow/dags/bronze_dag_simple.py
[2025-10-22T14:27:33.457+0000] {processor.py:840} INFO - DAG(s) 'bronze_dag_simple' retrieved from /opt/airflow/dags/bronze_dag_simple.py
[2025-10-22T14:27:33.479+0000] {logging_mixin.py:188} INFO - [2025-10-22T14:27:33.478+0000] {dag.py:3096} INFO - Sync 1 DAGs
[2025-10-22T14:27:33.500+0000] {logging_mixin.py:188} INFO - [2025-10-22T14:27:33.500+0000] {dag.py:3954} INFO - Setting next_dagrun for bronze_dag_simple to 2025-10-21 18:00:00+00:00, run_after=2025-10-22 18:00:00+00:00
[2025-10-22T14:27:33.518+0000] {processor.py:183} INFO - Processing /opt/airflow/dags/bronze_dag_simple.py took 0.090 seconds
[2025-10-22T14:28:04.337+0000] {processor.py:161} INFO - Started process (PID=210) to work on /opt/airflow/dags/bronze_dag_simple.py
[2025-10-22T14:28:04.338+0000] {processor.py:830} INFO - Processing file /opt/airflow/dags/bronze_dag_simple.py for tasks to queue
[2025-10-22T14:28:04.340+0000] {logging_mixin.py:188} INFO - [2025-10-22T14:28:04.340+0000] {dagbag.py:540} INFO - Filling up the DagBag from /opt/airflow/dags/bronze_dag_simple.py
[2025-10-22T14:28:04.358+0000] {processor.py:840} INFO - DAG(s) 'bronze_dag_simple' retrieved from /opt/airflow/dags/bronze_dag_simple.py
[2025-10-22T14:28:04.375+0000] {logging_mixin.py:188} INFO - [2025-10-22T14:28:04.375+0000] {dag.py:3096} INFO - Sync 1 DAGs
[2025-10-22T14:28:04.392+0000] {logging_mixin.py:188} INFO - [2025-10-22T14:28:04.392+0000] {dag.py:3954} INFO - Setting next_dagrun for bronze_dag_simple to 2025-10-21 18:00:00+00:00, run_after=2025-10-22 18:00:00+00:00
[2025-10-22T14:28:04.406+0000] {processor.py:183} INFO - Processing /opt/airflow/dags/bronze_dag_simple.py took 0.073 seconds
[2025-10-22T14:29:06.945+0000] {processor.py:161} INFO - Started process (PID=212) to work on /opt/airflow/dags/bronze_dag_simple.py
[2025-10-22T14:29:06.946+0000] {processor.py:830} INFO - Processing file /opt/airflow/dags/bronze_dag_simple.py for tasks to queue
[2025-10-22T14:29:06.947+0000] {logging_mixin.py:188} INFO - [2025-10-22T14:29:06.947+0000] {dagbag.py:540} INFO - Filling up the DagBag from /opt/airflow/dags/bronze_dag_simple.py
[2025-10-22T14:29:06.963+0000] {processor.py:840} INFO - DAG(s) 'bronze_dag_simple' retrieved from /opt/airflow/dags/bronze_dag_simple.py
[2025-10-22T14:29:06.981+0000] {logging_mixin.py:188} INFO - [2025-10-22T14:29:06.981+0000] {dag.py:3096} INFO - Sync 1 DAGs
[2025-10-22T14:29:07.000+0000] {logging_mixin.py:188} INFO - [2025-10-22T14:29:07.000+0000] {dag.py:3954} INFO - Setting next_dagrun for bronze_dag_simple to 2025-10-21 18:00:00+00:00, run_after=2025-10-22 18:00:00+00:00
[2025-10-22T14:29:07.014+0000] {processor.py:183} INFO - Processing /opt/airflow/dags/bronze_dag_simple.py took 0.074 seconds
[2025-10-22T14:29:40.178+0000] {processor.py:161} INFO - Started process (PID=214) to work on /opt/airflow/dags/bronze_dag_simple.py
[2025-10-22T14:29:40.179+0000] {processor.py:830} INFO - Processing file /opt/airflow/dags/bronze_dag_simple.py for tasks to queue
[2025-10-22T14:29:40.181+0000] {logging_mixin.py:188} INFO - [2025-10-22T14:29:40.180+0000] {dagbag.py:540} INFO - Filling up the DagBag from /opt/airflow/dags/bronze_dag_simple.py
[2025-10-22T14:29:40.197+0000] {processor.py:840} INFO - DAG(s) 'bronze_dag_simple' retrieved from /opt/airflow/dags/bronze_dag_simple.py
[2025-10-22T14:29:40.213+0000] {logging_mixin.py:188} INFO - [2025-10-22T14:29:40.213+0000] {dag.py:3096} INFO - Sync 1 DAGs
[2025-10-22T14:29:40.230+0000] {logging_mixin.py:188} INFO - [2025-10-22T14:29:40.230+0000] {dag.py:3954} INFO - Setting next_dagrun for bronze_dag_simple to 2025-10-21 18:00:00+00:00, run_after=2025-10-22 18:00:00+00:00
[2025-10-22T14:29:40.245+0000] {processor.py:183} INFO - Processing /opt/airflow/dags/bronze_dag_simple.py took 0.071 seconds
[2025-10-22T14:30:10.453+0000] {processor.py:161} INFO - Started process (PID=216) to work on /opt/airflow/dags/bronze_dag_simple.py
[2025-10-22T14:30:10.454+0000] {processor.py:830} INFO - Processing file /opt/airflow/dags/bronze_dag_simple.py for tasks to queue
[2025-10-22T14:30:10.455+0000] {logging_mixin.py:188} INFO - [2025-10-22T14:30:10.455+0000] {dagbag.py:540} INFO - Filling up the DagBag from /opt/airflow/dags/bronze_dag_simple.py
[2025-10-22T14:30:10.474+0000] {processor.py:840} INFO - DAG(s) 'bronze_dag_simple' retrieved from /opt/airflow/dags/bronze_dag_simple.py
[2025-10-22T14:30:10.493+0000] {logging_mixin.py:188} INFO - [2025-10-22T14:30:10.492+0000] {dag.py:3096} INFO - Sync 1 DAGs
[2025-10-22T14:30:10.510+0000] {logging_mixin.py:188} INFO - [2025-10-22T14:30:10.510+0000] {dag.py:3954} INFO - Setting next_dagrun for bronze_dag_simple to 2025-10-21 18:00:00+00:00, run_after=2025-10-22 18:00:00+00:00
[2025-10-22T14:30:10.524+0000] {processor.py:183} INFO - Processing /opt/airflow/dags/bronze_dag_simple.py took 0.075 seconds
[2025-10-22T14:30:41.439+0000] {processor.py:161} INFO - Started process (PID=218) to work on /opt/airflow/dags/bronze_dag_simple.py
[2025-10-22T14:30:41.439+0000] {processor.py:830} INFO - Processing file /opt/airflow/dags/bronze_dag_simple.py for tasks to queue
[2025-10-22T14:30:41.441+0000] {logging_mixin.py:188} INFO - [2025-10-22T14:30:41.441+0000] {dagbag.py:540} INFO - Filling up the DagBag from /opt/airflow/dags/bronze_dag_simple.py
[2025-10-22T14:30:41.459+0000] {processor.py:840} INFO - DAG(s) 'bronze_dag_simple' retrieved from /opt/airflow/dags/bronze_dag_simple.py
[2025-10-22T14:30:41.471+0000] {logging_mixin.py:188} INFO - [2025-10-22T14:30:41.471+0000] {dag.py:3096} INFO - Sync 1 DAGs
[2025-10-22T14:30:41.489+0000] {logging_mixin.py:188} INFO - [2025-10-22T14:30:41.489+0000] {dag.py:3954} INFO - Setting next_dagrun for bronze_dag_simple to 2025-10-21 18:00:00+00:00, run_after=2025-10-22 18:00:00+00:00
[2025-10-22T14:30:41.503+0000] {processor.py:183} INFO - Processing /opt/airflow/dags/bronze_dag_simple.py took 0.068 seconds
[2025-10-22T14:31:12.210+0000] {processor.py:161} INFO - Started process (PID=220) to work on /opt/airflow/dags/bronze_dag_simple.py
[2025-10-22T14:31:12.210+0000] {processor.py:830} INFO - Processing file /opt/airflow/dags/bronze_dag_simple.py for tasks to queue
[2025-10-22T14:31:12.212+0000] {logging_mixin.py:188} INFO - [2025-10-22T14:31:12.212+0000] {dagbag.py:540} INFO - Filling up the DagBag from /opt/airflow/dags/bronze_dag_simple.py
[2025-10-22T14:31:12.228+0000] {processor.py:840} INFO - DAG(s) 'bronze_dag_simple' retrieved from /opt/airflow/dags/bronze_dag_simple.py
[2025-10-22T14:31:12.364+0000] {logging_mixin.py:188} INFO - [2025-10-22T14:31:12.364+0000] {dag.py:3096} INFO - Sync 1 DAGs
[2025-10-22T14:31:12.378+0000] {logging_mixin.py:188} INFO - [2025-10-22T14:31:12.378+0000] {dag.py:3954} INFO - Setting next_dagrun for bronze_dag_simple to 2025-10-21 18:00:00+00:00, run_after=2025-10-22 18:00:00+00:00
[2025-10-22T14:31:12.392+0000] {processor.py:183} INFO - Processing /opt/airflow/dags/bronze_dag_simple.py took 0.187 seconds
[2025-10-22T14:31:42.516+0000] {processor.py:161} INFO - Started process (PID=222) to work on /opt/airflow/dags/bronze_dag_simple.py
[2025-10-22T14:31:42.517+0000] {processor.py:830} INFO - Processing file /opt/airflow/dags/bronze_dag_simple.py for tasks to queue
[2025-10-22T14:31:42.519+0000] {logging_mixin.py:188} INFO - [2025-10-22T14:31:42.518+0000] {dagbag.py:540} INFO - Filling up the DagBag from /opt/airflow/dags/bronze_dag_simple.py
[2025-10-22T14:31:42.535+0000] {processor.py:840} INFO - DAG(s) 'bronze_dag_simple' retrieved from /opt/airflow/dags/bronze_dag_simple.py
[2025-10-22T14:31:42.554+0000] {logging_mixin.py:188} INFO - [2025-10-22T14:31:42.553+0000] {dag.py:3096} INFO - Sync 1 DAGs
[2025-10-22T14:31:42.568+0000] {logging_mixin.py:188} INFO - [2025-10-22T14:31:42.568+0000] {dag.py:3954} INFO - Setting next_dagrun for bronze_dag_simple to 2025-10-21 18:00:00+00:00, run_after=2025-10-22 18:00:00+00:00
[2025-10-22T14:31:42.581+0000] {processor.py:183} INFO - Processing /opt/airflow/dags/bronze_dag_simple.py took 0.069 seconds
[2025-10-22T14:32:12.644+0000] {processor.py:161} INFO - Started process (PID=224) to work on /opt/airflow/dags/bronze_dag_simple.py
[2025-10-22T14:32:12.645+0000] {processor.py:830} INFO - Processing file /opt/airflow/dags/bronze_dag_simple.py for tasks to queue
[2025-10-22T14:32:12.646+0000] {logging_mixin.py:188} INFO - [2025-10-22T14:32:12.646+0000] {dagbag.py:540} INFO - Filling up the DagBag from /opt/airflow/dags/bronze_dag_simple.py
[2025-10-22T14:32:12.663+0000] {processor.py:840} INFO - DAG(s) 'bronze_dag_simple' retrieved from /opt/airflow/dags/bronze_dag_simple.py
[2025-10-22T14:32:12.678+0000] {logging_mixin.py:188} INFO - [2025-10-22T14:32:12.678+0000] {dag.py:3096} INFO - Sync 1 DAGs
[2025-10-22T14:32:12.694+0000] {logging_mixin.py:188} INFO - [2025-10-22T14:32:12.693+0000] {dag.py:3954} INFO - Setting next_dagrun for bronze_dag_simple to 2025-10-21 18:00:00+00:00, run_after=2025-10-22 18:00:00+00:00
[2025-10-22T14:32:12.707+0000] {processor.py:183} INFO - Processing /opt/airflow/dags/bronze_dag_simple.py took 0.067 seconds
[2025-10-22T14:32:46.639+0000] {processor.py:161} INFO - Started process (PID=226) to work on /opt/airflow/dags/bronze_dag_simple.py
[2025-10-22T14:32:46.639+0000] {processor.py:830} INFO - Processing file /opt/airflow/dags/bronze_dag_simple.py for tasks to queue
[2025-10-22T14:32:46.640+0000] {logging_mixin.py:188} INFO - [2025-10-22T14:32:46.640+0000] {dagbag.py:540} INFO - Filling up the DagBag from /opt/airflow/dags/bronze_dag_simple.py
[2025-10-22T14:32:46.659+0000] {processor.py:840} INFO - DAG(s) 'bronze_dag_simple' retrieved from /opt/airflow/dags/bronze_dag_simple.py
[2025-10-22T14:32:46.680+0000] {logging_mixin.py:188} INFO - [2025-10-22T14:32:46.679+0000] {dag.py:3096} INFO - Sync 1 DAGs
[2025-10-22T14:32:46.697+0000] {logging_mixin.py:188} INFO - [2025-10-22T14:32:46.697+0000] {dag.py:3954} INFO - Setting next_dagrun for bronze_dag_simple to 2025-10-21 18:00:00+00:00, run_after=2025-10-22 18:00:00+00:00
[2025-10-22T14:32:46.711+0000] {processor.py:183} INFO - Processing /opt/airflow/dags/bronze_dag_simple.py took 0.077 seconds
[2025-10-22T14:33:16.849+0000] {processor.py:161} INFO - Started process (PID=228) to work on /opt/airflow/dags/bronze_dag_simple.py
[2025-10-22T14:33:16.850+0000] {processor.py:830} INFO - Processing file /opt/airflow/dags/bronze_dag_simple.py for tasks to queue
[2025-10-22T14:33:16.851+0000] {logging_mixin.py:188} INFO - [2025-10-22T14:33:16.850+0000] {dagbag.py:540} INFO - Filling up the DagBag from /opt/airflow/dags/bronze_dag_simple.py
[2025-10-22T14:33:16.868+0000] {processor.py:840} INFO - DAG(s) 'bronze_dag_simple' retrieved from /opt/airflow/dags/bronze_dag_simple.py
[2025-10-22T14:33:16.884+0000] {logging_mixin.py:188} INFO - [2025-10-22T14:33:16.884+0000] {dag.py:3096} INFO - Sync 1 DAGs
[2025-10-22T14:33:16.899+0000] {logging_mixin.py:188} INFO - [2025-10-22T14:33:16.898+0000] {dag.py:3954} INFO - Setting next_dagrun for bronze_dag_simple to 2025-10-21 18:00:00+00:00, run_after=2025-10-22 18:00:00+00:00
[2025-10-22T14:33:16.911+0000] {processor.py:183} INFO - Processing /opt/airflow/dags/bronze_dag_simple.py took 0.066 seconds
[2025-10-22T14:34:12.219+0000] {processor.py:161} INFO - Started process (PID=58) to work on /opt/airflow/dags/bronze_dag_simple.py
[2025-10-22T14:34:12.220+0000] {processor.py:830} INFO - Processing file /opt/airflow/dags/bronze_dag_simple.py for tasks to queue
[2025-10-22T14:34:12.223+0000] {logging_mixin.py:188} INFO - [2025-10-22T14:34:12.222+0000] {dagbag.py:540} INFO - Filling up the DagBag from /opt/airflow/dags/bronze_dag_simple.py
[2025-10-22T14:34:12.253+0000] {processor.py:840} INFO - DAG(s) 'bronze_dag_simple' retrieved from /opt/airflow/dags/bronze_dag_simple.py
[2025-10-22T14:34:12.290+0000] {logging_mixin.py:188} INFO - [2025-10-22T14:34:12.290+0000] {dag.py:3096} INFO - Sync 1 DAGs
[2025-10-22T14:34:12.318+0000] {logging_mixin.py:188} INFO - [2025-10-22T14:34:12.318+0000] {dag.py:3954} INFO - Setting next_dagrun for bronze_dag_simple to 2025-10-21 18:00:00+00:00, run_after=2025-10-22 18:00:00+00:00
[2025-10-22T14:34:12.337+0000] {processor.py:183} INFO - Processing /opt/airflow/dags/bronze_dag_simple.py took 0.127 seconds
[2025-10-22T14:35:17.311+0000] {processor.py:161} INFO - Started process (PID=67) to work on /opt/airflow/dags/bronze_dag_simple.py
[2025-10-22T14:35:17.312+0000] {processor.py:830} INFO - Processing file /opt/airflow/dags/bronze_dag_simple.py for tasks to queue
[2025-10-22T14:35:17.314+0000] {logging_mixin.py:188} INFO - [2025-10-22T14:35:17.313+0000] {dagbag.py:540} INFO - Filling up the DagBag from /opt/airflow/dags/bronze_dag_simple.py
[2025-10-22T14:35:17.334+0000] {processor.py:840} INFO - DAG(s) 'bronze_dag_simple' retrieved from /opt/airflow/dags/bronze_dag_simple.py
[2025-10-22T14:35:17.430+0000] {logging_mixin.py:188} INFO - [2025-10-22T14:35:17.430+0000] {dag.py:3096} INFO - Sync 1 DAGs
[2025-10-22T14:35:17.447+0000] {logging_mixin.py:188} INFO - [2025-10-22T14:35:17.447+0000] {dag.py:3954} INFO - Setting next_dagrun for bronze_dag_simple to 2025-10-21 18:00:00+00:00, run_after=2025-10-22 18:00:00+00:00
[2025-10-22T14:35:17.471+0000] {processor.py:183} INFO - Processing /opt/airflow/dags/bronze_dag_simple.py took 0.165 seconds
[2025-10-22T14:35:48.337+0000] {processor.py:161} INFO - Started process (PID=69) to work on /opt/airflow/dags/bronze_dag_simple.py
[2025-10-22T14:35:48.338+0000] {processor.py:830} INFO - Processing file /opt/airflow/dags/bronze_dag_simple.py for tasks to queue
[2025-10-22T14:35:48.340+0000] {logging_mixin.py:188} INFO - [2025-10-22T14:35:48.340+0000] {dagbag.py:540} INFO - Filling up the DagBag from /opt/airflow/dags/bronze_dag_simple.py
[2025-10-22T14:35:48.357+0000] {processor.py:840} INFO - DAG(s) 'bronze_dag_simple' retrieved from /opt/airflow/dags/bronze_dag_simple.py
[2025-10-22T14:35:48.375+0000] {logging_mixin.py:188} INFO - [2025-10-22T14:35:48.375+0000] {dag.py:3096} INFO - Sync 1 DAGs
[2025-10-22T14:35:48.393+0000] {logging_mixin.py:188} INFO - [2025-10-22T14:35:48.392+0000] {dag.py:3954} INFO - Setting next_dagrun for bronze_dag_simple to 2025-10-21 18:00:00+00:00, run_after=2025-10-22 18:00:00+00:00
[2025-10-22T14:35:48.406+0000] {processor.py:183} INFO - Processing /opt/airflow/dags/bronze_dag_simple.py took 0.073 seconds
[2025-10-22T14:36:27.852+0000] {processor.py:161} INFO - Started process (PID=71) to work on /opt/airflow/dags/bronze_dag_simple.py
[2025-10-22T14:36:27.853+0000] {processor.py:830} INFO - Processing file /opt/airflow/dags/bronze_dag_simple.py for tasks to queue
[2025-10-22T14:36:27.854+0000] {logging_mixin.py:188} INFO - [2025-10-22T14:36:27.854+0000] {dagbag.py:540} INFO - Filling up the DagBag from /opt/airflow/dags/bronze_dag_simple.py
[2025-10-22T14:36:27.871+0000] {processor.py:840} INFO - DAG(s) 'bronze_dag_simple' retrieved from /opt/airflow/dags/bronze_dag_simple.py
[2025-10-22T14:36:27.889+0000] {logging_mixin.py:188} INFO - [2025-10-22T14:36:27.889+0000] {dag.py:3096} INFO - Sync 1 DAGs
[2025-10-22T14:36:27.905+0000] {logging_mixin.py:188} INFO - [2025-10-22T14:36:27.905+0000] {dag.py:3954} INFO - Setting next_dagrun for bronze_dag_simple to 2025-10-21 18:00:00+00:00, run_after=2025-10-22 18:00:00+00:00
[2025-10-22T14:36:27.919+0000] {processor.py:183} INFO - Processing /opt/airflow/dags/bronze_dag_simple.py took 0.072 seconds
[2025-10-22T14:36:58.838+0000] {processor.py:161} INFO - Started process (PID=74) to work on /opt/airflow/dags/bronze_dag_simple.py
[2025-10-22T14:36:58.839+0000] {processor.py:830} INFO - Processing file /opt/airflow/dags/bronze_dag_simple.py for tasks to queue
[2025-10-22T14:36:58.841+0000] {logging_mixin.py:188} INFO - [2025-10-22T14:36:58.841+0000] {dagbag.py:540} INFO - Filling up the DagBag from /opt/airflow/dags/bronze_dag_simple.py
[2025-10-22T14:36:58.859+0000] {processor.py:840} INFO - DAG(s) 'bronze_dag_simple' retrieved from /opt/airflow/dags/bronze_dag_simple.py
[2025-10-22T14:36:58.877+0000] {logging_mixin.py:188} INFO - [2025-10-22T14:36:58.877+0000] {dag.py:3096} INFO - Sync 1 DAGs
[2025-10-22T14:36:58.895+0000] {logging_mixin.py:188} INFO - [2025-10-22T14:36:58.894+0000] {dag.py:3954} INFO - Setting next_dagrun for bronze_dag_simple to 2025-10-21 18:00:00+00:00, run_after=2025-10-22 18:00:00+00:00
[2025-10-22T14:36:58.908+0000] {processor.py:183} INFO - Processing /opt/airflow/dags/bronze_dag_simple.py took 0.075 seconds
[2025-10-22T14:37:49.420+0000] {processor.py:161} INFO - Started process (PID=77) to work on /opt/airflow/dags/bronze_dag_simple.py
[2025-10-22T14:37:49.421+0000] {processor.py:830} INFO - Processing file /opt/airflow/dags/bronze_dag_simple.py for tasks to queue
[2025-10-22T14:37:49.423+0000] {logging_mixin.py:188} INFO - [2025-10-22T14:37:49.423+0000] {dagbag.py:540} INFO - Filling up the DagBag from /opt/airflow/dags/bronze_dag_simple.py
[2025-10-22T14:37:49.443+0000] {processor.py:840} INFO - DAG(s) 'bronze_dag_simple' retrieved from /opt/airflow/dags/bronze_dag_simple.py
[2025-10-22T14:37:49.461+0000] {logging_mixin.py:188} INFO - [2025-10-22T14:37:49.461+0000] {dag.py:3096} INFO - Sync 1 DAGs
[2025-10-22T14:37:49.477+0000] {logging_mixin.py:188} INFO - [2025-10-22T14:37:49.477+0000] {dag.py:3954} INFO - Setting next_dagrun for bronze_dag_simple to 2025-10-21 18:00:00+00:00, run_after=2025-10-22 18:00:00+00:00
[2025-10-22T14:37:49.492+0000] {processor.py:183} INFO - Processing /opt/airflow/dags/bronze_dag_simple.py took 0.077 seconds
[2025-10-22T14:38:19.669+0000] {processor.py:161} INFO - Started process (PID=79) to work on /opt/airflow/dags/bronze_dag_simple.py
[2025-10-22T14:38:19.670+0000] {processor.py:830} INFO - Processing file /opt/airflow/dags/bronze_dag_simple.py for tasks to queue
[2025-10-22T14:38:19.674+0000] {logging_mixin.py:188} INFO - [2025-10-22T14:38:19.674+0000] {dagbag.py:540} INFO - Filling up the DagBag from /opt/airflow/dags/bronze_dag_simple.py
[2025-10-22T14:38:19.699+0000] {processor.py:840} INFO - DAG(s) 'bronze_dag_simple' retrieved from /opt/airflow/dags/bronze_dag_simple.py
[2025-10-22T14:38:19.717+0000] {logging_mixin.py:188} INFO - [2025-10-22T14:38:19.717+0000] {dag.py:3096} INFO - Sync 1 DAGs
[2025-10-22T14:38:19.733+0000] {logging_mixin.py:188} INFO - [2025-10-22T14:38:19.733+0000] {dag.py:3954} INFO - Setting next_dagrun for bronze_dag_simple to 2025-10-21 18:00:00+00:00, run_after=2025-10-22 18:00:00+00:00
[2025-10-22T14:38:19.746+0000] {processor.py:183} INFO - Processing /opt/airflow/dags/bronze_dag_simple.py took 0.082 seconds
[2025-10-22T14:38:50.263+0000] {processor.py:161} INFO - Started process (PID=81) to work on /opt/airflow/dags/bronze_dag_simple.py
[2025-10-22T14:38:50.264+0000] {processor.py:830} INFO - Processing file /opt/airflow/dags/bronze_dag_simple.py for tasks to queue
[2025-10-22T14:38:50.265+0000] {logging_mixin.py:188} INFO - [2025-10-22T14:38:50.265+0000] {dagbag.py:540} INFO - Filling up the DagBag from /opt/airflow/dags/bronze_dag_simple.py
[2025-10-22T14:38:50.284+0000] {processor.py:840} INFO - DAG(s) 'bronze_dag_simple' retrieved from /opt/airflow/dags/bronze_dag_simple.py
[2025-10-22T14:38:50.302+0000] {logging_mixin.py:188} INFO - [2025-10-22T14:38:50.302+0000] {dag.py:3096} INFO - Sync 1 DAGs
[2025-10-22T14:38:50.317+0000] {logging_mixin.py:188} INFO - [2025-10-22T14:38:50.317+0000] {dag.py:3954} INFO - Setting next_dagrun for bronze_dag_simple to 2025-10-21 18:00:00+00:00, run_after=2025-10-22 18:00:00+00:00
[2025-10-22T14:38:50.331+0000] {processor.py:183} INFO - Processing /opt/airflow/dags/bronze_dag_simple.py took 0.072 seconds
[2025-10-22T14:39:27.916+0000] {processor.py:161} INFO - Started process (PID=83) to work on /opt/airflow/dags/bronze_dag_simple.py
[2025-10-22T14:39:27.917+0000] {processor.py:830} INFO - Processing file /opt/airflow/dags/bronze_dag_simple.py for tasks to queue
[2025-10-22T14:39:27.917+0000] {logging_mixin.py:188} INFO - [2025-10-22T14:39:27.917+0000] {dagbag.py:540} INFO - Filling up the DagBag from /opt/airflow/dags/bronze_dag_simple.py
[2025-10-22T14:39:27.936+0000] {processor.py:840} INFO - DAG(s) 'bronze_dag_simple' retrieved from /opt/airflow/dags/bronze_dag_simple.py
[2025-10-22T14:39:27.955+0000] {logging_mixin.py:188} INFO - [2025-10-22T14:39:27.955+0000] {dag.py:3096} INFO - Sync 1 DAGs
[2025-10-22T14:39:27.970+0000] {logging_mixin.py:188} INFO - [2025-10-22T14:39:27.970+0000] {dag.py:3954} INFO - Setting next_dagrun for bronze_dag_simple to 2025-10-21 18:00:00+00:00, run_after=2025-10-22 18:00:00+00:00
[2025-10-22T14:39:27.983+0000] {processor.py:183} INFO - Processing /opt/airflow/dags/bronze_dag_simple.py took 0.071 seconds
[2025-10-22T14:40:16.989+0000] {processor.py:161} INFO - Started process (PID=55) to work on /opt/airflow/dags/bronze_dag_simple.py
[2025-10-22T14:40:16.990+0000] {processor.py:830} INFO - Processing file /opt/airflow/dags/bronze_dag_simple.py for tasks to queue
[2025-10-22T14:40:16.992+0000] {logging_mixin.py:188} INFO - [2025-10-22T14:40:16.991+0000] {dagbag.py:540} INFO - Filling up the DagBag from /opt/airflow/dags/bronze_dag_simple.py
[2025-10-22T14:40:17.011+0000] {processor.py:840} INFO - DAG(s) 'bronze_dag_simple' retrieved from /opt/airflow/dags/bronze_dag_simple.py
[2025-10-22T14:40:17.033+0000] {logging_mixin.py:188} INFO - [2025-10-22T14:40:17.032+0000] {dag.py:3096} INFO - Sync 1 DAGs
[2025-10-22T14:40:17.053+0000] {logging_mixin.py:188} INFO - [2025-10-22T14:40:17.053+0000] {dag.py:3954} INFO - Setting next_dagrun for bronze_dag_simple to 2025-10-21 18:00:00+00:00, run_after=2025-10-22 18:00:00+00:00
[2025-10-22T14:40:17.069+0000] {processor.py:183} INFO - Processing /opt/airflow/dags/bronze_dag_simple.py took 0.086 seconds
[2025-10-22T14:40:47.275+0000] {processor.py:161} INFO - Started process (PID=61) to work on /opt/airflow/dags/bronze_dag_simple.py
[2025-10-22T14:40:47.276+0000] {processor.py:830} INFO - Processing file /opt/airflow/dags/bronze_dag_simple.py for tasks to queue
[2025-10-22T14:40:47.278+0000] {logging_mixin.py:188} INFO - [2025-10-22T14:40:47.277+0000] {dagbag.py:540} INFO - Filling up the DagBag from /opt/airflow/dags/bronze_dag_simple.py
[2025-10-22T14:40:47.308+0000] {processor.py:840} INFO - DAG(s) 'bronze_dag_simple' retrieved from /opt/airflow/dags/bronze_dag_simple.py
[2025-10-22T14:40:47.406+0000] {logging_mixin.py:188} INFO - [2025-10-22T14:40:47.406+0000] {dag.py:3096} INFO - Sync 1 DAGs
[2025-10-22T14:40:47.421+0000] {logging_mixin.py:188} INFO - [2025-10-22T14:40:47.421+0000] {dag.py:3954} INFO - Setting next_dagrun for bronze_dag_simple to 2025-10-21 18:00:00+00:00, run_after=2025-10-22 18:00:00+00:00
[2025-10-22T14:40:47.437+0000] {processor.py:183} INFO - Processing /opt/airflow/dags/bronze_dag_simple.py took 0.167 seconds
[2025-10-22T14:41:27.995+0000] {processor.py:161} INFO - Started process (PID=64) to work on /opt/airflow/dags/bronze_dag_simple.py
[2025-10-22T14:41:27.996+0000] {processor.py:830} INFO - Processing file /opt/airflow/dags/bronze_dag_simple.py for tasks to queue
[2025-10-22T14:41:27.997+0000] {logging_mixin.py:188} INFO - [2025-10-22T14:41:27.997+0000] {dagbag.py:540} INFO - Filling up the DagBag from /opt/airflow/dags/bronze_dag_simple.py
[2025-10-22T14:41:28.015+0000] {processor.py:840} INFO - DAG(s) 'bronze_dag_simple' retrieved from /opt/airflow/dags/bronze_dag_simple.py
[2025-10-22T14:41:28.036+0000] {logging_mixin.py:188} INFO - [2025-10-22T14:41:28.036+0000] {dag.py:3096} INFO - Sync 1 DAGs
[2025-10-22T14:41:28.055+0000] {logging_mixin.py:188} INFO - [2025-10-22T14:41:28.055+0000] {dag.py:3954} INFO - Setting next_dagrun for bronze_dag_simple to 2025-10-21 18:00:00+00:00, run_after=2025-10-22 18:00:00+00:00
[2025-10-22T14:41:28.072+0000] {processor.py:183} INFO - Processing /opt/airflow/dags/bronze_dag_simple.py took 0.082 seconds
[2025-10-22T14:41:58.236+0000] {processor.py:161} INFO - Started process (PID=65) to work on /opt/airflow/dags/bronze_dag_simple.py
[2025-10-22T14:41:58.237+0000] {processor.py:830} INFO - Processing file /opt/airflow/dags/bronze_dag_simple.py for tasks to queue
[2025-10-22T14:41:58.238+0000] {logging_mixin.py:188} INFO - [2025-10-22T14:41:58.238+0000] {dagbag.py:540} INFO - Filling up the DagBag from /opt/airflow/dags/bronze_dag_simple.py
[2025-10-22T14:41:58.254+0000] {processor.py:840} INFO - DAG(s) 'bronze_dag_simple' retrieved from /opt/airflow/dags/bronze_dag_simple.py
[2025-10-22T14:41:58.272+0000] {logging_mixin.py:188} INFO - [2025-10-22T14:41:58.272+0000] {dag.py:3096} INFO - Sync 1 DAGs
[2025-10-22T14:41:58.288+0000] {logging_mixin.py:188} INFO - [2025-10-22T14:41:58.288+0000] {dag.py:3954} INFO - Setting next_dagrun for bronze_dag_simple to 2025-10-21 18:00:00+00:00, run_after=2025-10-22 18:00:00+00:00
[2025-10-22T14:41:58.303+0000] {processor.py:183} INFO - Processing /opt/airflow/dags/bronze_dag_simple.py took 0.071 seconds
[2025-10-22T14:42:28.589+0000] {processor.py:161} INFO - Started process (PID=67) to work on /opt/airflow/dags/bronze_dag_simple.py
[2025-10-22T14:42:28.590+0000] {processor.py:830} INFO - Processing file /opt/airflow/dags/bronze_dag_simple.py for tasks to queue
[2025-10-22T14:42:28.591+0000] {logging_mixin.py:188} INFO - [2025-10-22T14:42:28.591+0000] {dagbag.py:540} INFO - Filling up the DagBag from /opt/airflow/dags/bronze_dag_simple.py
[2025-10-22T14:42:28.608+0000] {processor.py:840} INFO - DAG(s) 'bronze_dag_simple' retrieved from /opt/airflow/dags/bronze_dag_simple.py
[2025-10-22T14:42:28.626+0000] {logging_mixin.py:188} INFO - [2025-10-22T14:42:28.626+0000] {dag.py:3096} INFO - Sync 1 DAGs
[2025-10-22T14:42:28.641+0000] {logging_mixin.py:188} INFO - [2025-10-22T14:42:28.641+0000] {dag.py:3954} INFO - Setting next_dagrun for bronze_dag_simple to 2025-10-21 18:00:00+00:00, run_after=2025-10-22 18:00:00+00:00
[2025-10-22T14:42:28.660+0000] {processor.py:183} INFO - Processing /opt/airflow/dags/bronze_dag_simple.py took 0.076 seconds
[2025-10-22T14:43:19.505+0000] {processor.py:161} INFO - Started process (PID=70) to work on /opt/airflow/dags/bronze_dag_simple.py
[2025-10-22T14:43:19.506+0000] {processor.py:830} INFO - Processing file /opt/airflow/dags/bronze_dag_simple.py for tasks to queue
[2025-10-22T14:43:19.508+0000] {logging_mixin.py:188} INFO - [2025-10-22T14:43:19.508+0000] {dagbag.py:540} INFO - Filling up the DagBag from /opt/airflow/dags/bronze_dag_simple.py
[2025-10-22T14:43:19.531+0000] {processor.py:840} INFO - DAG(s) 'bronze_dag_simple' retrieved from /opt/airflow/dags/bronze_dag_simple.py
[2025-10-22T14:43:19.552+0000] {logging_mixin.py:188} INFO - [2025-10-22T14:43:19.552+0000] {dag.py:3096} INFO - Sync 1 DAGs
[2025-10-22T14:43:19.571+0000] {logging_mixin.py:188} INFO - [2025-10-22T14:43:19.571+0000] {dag.py:3954} INFO - Setting next_dagrun for bronze_dag_simple to 2025-10-21 18:00:00+00:00, run_after=2025-10-22 18:00:00+00:00
[2025-10-22T14:43:19.587+0000] {processor.py:183} INFO - Processing /opt/airflow/dags/bronze_dag_simple.py took 0.086 seconds
[2025-10-22T14:43:49.842+0000] {processor.py:161} INFO - Started process (PID=71) to work on /opt/airflow/dags/bronze_dag_simple.py
[2025-10-22T14:43:49.843+0000] {processor.py:830} INFO - Processing file /opt/airflow/dags/bronze_dag_simple.py for tasks to queue
[2025-10-22T14:43:49.844+0000] {logging_mixin.py:188} INFO - [2025-10-22T14:43:49.844+0000] {dagbag.py:540} INFO - Filling up the DagBag from /opt/airflow/dags/bronze_dag_simple.py
[2025-10-22T14:43:49.860+0000] {processor.py:840} INFO - DAG(s) 'bronze_dag_simple' retrieved from /opt/airflow/dags/bronze_dag_simple.py
[2025-10-22T14:43:49.878+0000] {logging_mixin.py:188} INFO - [2025-10-22T14:43:49.878+0000] {dag.py:3096} INFO - Sync 1 DAGs
[2025-10-22T14:43:49.895+0000] {logging_mixin.py:188} INFO - [2025-10-22T14:43:49.895+0000] {dag.py:3954} INFO - Setting next_dagrun for bronze_dag_simple to 2025-10-21 18:00:00+00:00, run_after=2025-10-22 18:00:00+00:00
[2025-10-22T14:43:49.909+0000] {processor.py:183} INFO - Processing /opt/airflow/dags/bronze_dag_simple.py took 0.072 seconds
[2025-10-22T14:44:20.298+0000] {processor.py:161} INFO - Started process (PID=73) to work on /opt/airflow/dags/bronze_dag_simple.py
[2025-10-22T14:44:20.299+0000] {processor.py:830} INFO - Processing file /opt/airflow/dags/bronze_dag_simple.py for tasks to queue
[2025-10-22T14:44:20.301+0000] {logging_mixin.py:188} INFO - [2025-10-22T14:44:20.300+0000] {dagbag.py:540} INFO - Filling up the DagBag from /opt/airflow/dags/bronze_dag_simple.py
[2025-10-22T14:44:20.316+0000] {processor.py:840} INFO - DAG(s) 'bronze_dag_simple' retrieved from /opt/airflow/dags/bronze_dag_simple.py
[2025-10-22T14:44:20.334+0000] {logging_mixin.py:188} INFO - [2025-10-22T14:44:20.333+0000] {dag.py:3096} INFO - Sync 1 DAGs
[2025-10-22T14:44:20.349+0000] {logging_mixin.py:188} INFO - [2025-10-22T14:44:20.349+0000] {dag.py:3954} INFO - Setting next_dagrun for bronze_dag_simple to 2025-10-21 18:00:00+00:00, run_after=2025-10-22 18:00:00+00:00
[2025-10-22T14:44:20.362+0000] {processor.py:183} INFO - Processing /opt/airflow/dags/bronze_dag_simple.py took 0.068 seconds
[2025-10-22T14:44:50.570+0000] {processor.py:161} INFO - Started process (PID=75) to work on /opt/airflow/dags/bronze_dag_simple.py
[2025-10-22T14:44:50.571+0000] {processor.py:830} INFO - Processing file /opt/airflow/dags/bronze_dag_simple.py for tasks to queue
[2025-10-22T14:44:50.572+0000] {logging_mixin.py:188} INFO - [2025-10-22T14:44:50.572+0000] {dagbag.py:540} INFO - Filling up the DagBag from /opt/airflow/dags/bronze_dag_simple.py
[2025-10-22T14:44:50.587+0000] {processor.py:840} INFO - DAG(s) 'bronze_dag_simple' retrieved from /opt/airflow/dags/bronze_dag_simple.py
[2025-10-22T14:44:50.608+0000] {logging_mixin.py:188} INFO - [2025-10-22T14:44:50.607+0000] {dag.py:3096} INFO - Sync 1 DAGs
[2025-10-22T14:44:50.628+0000] {logging_mixin.py:188} INFO - [2025-10-22T14:44:50.628+0000] {dag.py:3954} INFO - Setting next_dagrun for bronze_dag_simple to 2025-10-21 18:00:00+00:00, run_after=2025-10-22 18:00:00+00:00
[2025-10-22T14:44:50.645+0000] {processor.py:183} INFO - Processing /opt/airflow/dags/bronze_dag_simple.py took 0.079 seconds
[2025-10-22T14:45:21.228+0000] {processor.py:161} INFO - Started process (PID=77) to work on /opt/airflow/dags/bronze_dag_simple.py
[2025-10-22T14:45:21.229+0000] {processor.py:830} INFO - Processing file /opt/airflow/dags/bronze_dag_simple.py for tasks to queue
[2025-10-22T14:45:21.231+0000] {logging_mixin.py:188} INFO - [2025-10-22T14:45:21.230+0000] {dagbag.py:540} INFO - Filling up the DagBag from /opt/airflow/dags/bronze_dag_simple.py
[2025-10-22T14:45:21.248+0000] {processor.py:840} INFO - DAG(s) 'bronze_dag_simple' retrieved from /opt/airflow/dags/bronze_dag_simple.py
[2025-10-22T14:45:21.268+0000] {logging_mixin.py:188} INFO - [2025-10-22T14:45:21.268+0000] {dag.py:3096} INFO - Sync 1 DAGs
[2025-10-22T14:45:21.288+0000] {logging_mixin.py:188} INFO - [2025-10-22T14:45:21.288+0000] {dag.py:3954} INFO - Setting next_dagrun for bronze_dag_simple to 2025-10-21 18:00:00+00:00, run_after=2025-10-22 18:00:00+00:00
[2025-10-22T14:45:21.303+0000] {processor.py:183} INFO - Processing /opt/airflow/dags/bronze_dag_simple.py took 0.079 seconds
[2025-10-22T14:45:51.466+0000] {processor.py:161} INFO - Started process (PID=79) to work on /opt/airflow/dags/bronze_dag_simple.py
[2025-10-22T14:45:51.467+0000] {processor.py:830} INFO - Processing file /opt/airflow/dags/bronze_dag_simple.py for tasks to queue
[2025-10-22T14:45:51.469+0000] {logging_mixin.py:188} INFO - [2025-10-22T14:45:51.468+0000] {dagbag.py:540} INFO - Filling up the DagBag from /opt/airflow/dags/bronze_dag_simple.py
[2025-10-22T14:45:51.485+0000] {processor.py:840} INFO - DAG(s) 'bronze_dag_simple' retrieved from /opt/airflow/dags/bronze_dag_simple.py
[2025-10-22T14:45:51.502+0000] {logging_mixin.py:188} INFO - [2025-10-22T14:45:51.502+0000] {dag.py:3096} INFO - Sync 1 DAGs
[2025-10-22T14:45:51.520+0000] {logging_mixin.py:188} INFO - [2025-10-22T14:45:51.519+0000] {dag.py:3954} INFO - Setting next_dagrun for bronze_dag_simple to 2025-10-21 18:00:00+00:00, run_after=2025-10-22 18:00:00+00:00
[2025-10-22T14:45:51.536+0000] {processor.py:183} INFO - Processing /opt/airflow/dags/bronze_dag_simple.py took 0.074 seconds
[2025-10-22T14:46:38.127+0000] {processor.py:161} INFO - Started process (PID=82) to work on /opt/airflow/dags/bronze_dag_simple.py
[2025-10-22T14:46:38.128+0000] {processor.py:830} INFO - Processing file /opt/airflow/dags/bronze_dag_simple.py for tasks to queue
[2025-10-22T14:46:38.135+0000] {logging_mixin.py:188} INFO - [2025-10-22T14:46:38.134+0000] {dagbag.py:540} INFO - Filling up the DagBag from /opt/airflow/dags/bronze_dag_simple.py
[2025-10-22T14:46:38.153+0000] {processor.py:840} INFO - DAG(s) 'bronze_dag_simple' retrieved from /opt/airflow/dags/bronze_dag_simple.py
[2025-10-22T14:46:38.173+0000] {logging_mixin.py:188} INFO - [2025-10-22T14:46:38.173+0000] {dag.py:3096} INFO - Sync 1 DAGs
[2025-10-22T14:46:38.194+0000] {logging_mixin.py:188} INFO - [2025-10-22T14:46:38.194+0000] {dag.py:3954} INFO - Setting next_dagrun for bronze_dag_simple to 2025-10-21 18:00:00+00:00, run_after=2025-10-22 18:00:00+00:00
[2025-10-22T14:46:38.210+0000] {processor.py:183} INFO - Processing /opt/airflow/dags/bronze_dag_simple.py took 0.088 seconds
[2025-10-22T14:46:55.777+0000] {processor.py:161} INFO - Started process (PID=55) to work on /opt/airflow/dags/bronze_dag_simple.py
[2025-10-22T14:46:55.778+0000] {processor.py:830} INFO - Processing file /opt/airflow/dags/bronze_dag_simple.py for tasks to queue
[2025-10-22T14:46:55.780+0000] {logging_mixin.py:188} INFO - [2025-10-22T14:46:55.780+0000] {dagbag.py:540} INFO - Filling up the DagBag from /opt/airflow/dags/bronze_dag_simple.py
[2025-10-22T14:46:55.804+0000] {processor.py:840} INFO - DAG(s) 'bronze_dag_simple' retrieved from /opt/airflow/dags/bronze_dag_simple.py
[2025-10-22T14:46:55.828+0000] {logging_mixin.py:188} INFO - [2025-10-22T14:46:55.828+0000] {dag.py:3096} INFO - Sync 1 DAGs
[2025-10-22T14:46:55.851+0000] {logging_mixin.py:188} INFO - [2025-10-22T14:46:55.851+0000] {dag.py:3954} INFO - Setting next_dagrun for bronze_dag_simple to 2025-10-21 18:00:00+00:00, run_after=2025-10-22 18:00:00+00:00
[2025-10-22T14:46:55.869+0000] {processor.py:183} INFO - Processing /opt/airflow/dags/bronze_dag_simple.py took 0.098 seconds
[2025-10-22T14:47:26.027+0000] {processor.py:161} INFO - Started process (PID=61) to work on /opt/airflow/dags/bronze_dag_simple.py
[2025-10-22T14:47:26.027+0000] {processor.py:830} INFO - Processing file /opt/airflow/dags/bronze_dag_simple.py for tasks to queue
[2025-10-22T14:47:26.032+0000] {logging_mixin.py:188} INFO - [2025-10-22T14:47:26.031+0000] {dagbag.py:540} INFO - Filling up the DagBag from /opt/airflow/dags/bronze_dag_simple.py
[2025-10-22T14:47:26.052+0000] {processor.py:840} INFO - DAG(s) 'bronze_dag_simple' retrieved from /opt/airflow/dags/bronze_dag_simple.py
[2025-10-22T14:47:26.066+0000] {logging_mixin.py:188} INFO - [2025-10-22T14:47:26.066+0000] {dag.py:3096} INFO - Sync 1 DAGs
[2025-10-22T14:47:26.093+0000] {logging_mixin.py:188} INFO - [2025-10-22T14:47:26.093+0000] {dag.py:3954} INFO - Setting next_dagrun for bronze_dag_simple to 2025-10-21 18:00:00+00:00, run_after=2025-10-22 18:00:00+00:00
[2025-10-22T14:47:26.118+0000] {processor.py:183} INFO - Processing /opt/airflow/dags/bronze_dag_simple.py took 0.097 seconds
[2025-10-22T14:47:56.340+0000] {processor.py:161} INFO - Started process (PID=63) to work on /opt/airflow/dags/bronze_dag_simple.py
[2025-10-22T14:47:56.341+0000] {processor.py:830} INFO - Processing file /opt/airflow/dags/bronze_dag_simple.py for tasks to queue
[2025-10-22T14:47:56.343+0000] {logging_mixin.py:188} INFO - [2025-10-22T14:47:56.343+0000] {dagbag.py:540} INFO - Filling up the DagBag from /opt/airflow/dags/bronze_dag_simple.py
[2025-10-22T14:47:56.374+0000] {processor.py:840} INFO - DAG(s) 'bronze_dag_simple' retrieved from /opt/airflow/dags/bronze_dag_simple.py
[2025-10-22T14:47:56.482+0000] {logging_mixin.py:188} INFO - [2025-10-22T14:47:56.482+0000] {dag.py:3096} INFO - Sync 1 DAGs
[2025-10-22T14:47:56.499+0000] {logging_mixin.py:188} INFO - [2025-10-22T14:47:56.499+0000] {dag.py:3954} INFO - Setting next_dagrun for bronze_dag_simple to 2025-10-21 18:00:00+00:00, run_after=2025-10-22 18:00:00+00:00
[2025-10-22T14:47:56.516+0000] {processor.py:183} INFO - Processing /opt/airflow/dags/bronze_dag_simple.py took 0.182 seconds
[2025-10-22T14:48:58.450+0000] {processor.py:161} INFO - Started process (PID=66) to work on /opt/airflow/dags/bronze_dag_simple.py
[2025-10-22T14:48:58.450+0000] {processor.py:830} INFO - Processing file /opt/airflow/dags/bronze_dag_simple.py for tasks to queue
[2025-10-22T14:48:58.452+0000] {logging_mixin.py:188} INFO - [2025-10-22T14:48:58.452+0000] {dagbag.py:540} INFO - Filling up the DagBag from /opt/airflow/dags/bronze_dag_simple.py
[2025-10-22T14:48:58.474+0000] {processor.py:840} INFO - DAG(s) 'bronze_dag_simple' retrieved from /opt/airflow/dags/bronze_dag_simple.py
[2025-10-22T14:48:58.494+0000] {logging_mixin.py:188} INFO - [2025-10-22T14:48:58.493+0000] {dag.py:3096} INFO - Sync 1 DAGs
[2025-10-22T14:48:58.511+0000] {logging_mixin.py:188} INFO - [2025-10-22T14:48:58.511+0000] {dag.py:3954} INFO - Setting next_dagrun for bronze_dag_simple to 2025-10-21 18:00:00+00:00, run_after=2025-10-22 18:00:00+00:00
[2025-10-22T14:48:58.527+0000] {processor.py:183} INFO - Processing /opt/airflow/dags/bronze_dag_simple.py took 0.082 seconds
[2025-10-22T14:49:28.637+0000] {processor.py:161} INFO - Started process (PID=67) to work on /opt/airflow/dags/bronze_dag_simple.py
[2025-10-22T14:49:28.638+0000] {processor.py:830} INFO - Processing file /opt/airflow/dags/bronze_dag_simple.py for tasks to queue
[2025-10-22T14:49:28.640+0000] {logging_mixin.py:188} INFO - [2025-10-22T14:49:28.639+0000] {dagbag.py:540} INFO - Filling up the DagBag from /opt/airflow/dags/bronze_dag_simple.py
[2025-10-22T14:49:28.659+0000] {processor.py:840} INFO - DAG(s) 'bronze_dag_simple' retrieved from /opt/airflow/dags/bronze_dag_simple.py
[2025-10-22T14:49:28.678+0000] {logging_mixin.py:188} INFO - [2025-10-22T14:49:28.678+0000] {dag.py:3096} INFO - Sync 1 DAGs
[2025-10-22T14:49:28.695+0000] {logging_mixin.py:188} INFO - [2025-10-22T14:49:28.694+0000] {dag.py:3954} INFO - Setting next_dagrun for bronze_dag_simple to 2025-10-21 18:00:00+00:00, run_after=2025-10-22 18:00:00+00:00
[2025-10-22T14:49:28.709+0000] {processor.py:183} INFO - Processing /opt/airflow/dags/bronze_dag_simple.py took 0.077 seconds
[2025-10-22T14:49:58.869+0000] {processor.py:161} INFO - Started process (PID=69) to work on /opt/airflow/dags/bronze_dag_simple.py
[2025-10-22T14:49:58.870+0000] {processor.py:830} INFO - Processing file /opt/airflow/dags/bronze_dag_simple.py for tasks to queue
[2025-10-22T14:49:58.871+0000] {logging_mixin.py:188} INFO - [2025-10-22T14:49:58.871+0000] {dagbag.py:540} INFO - Filling up the DagBag from /opt/airflow/dags/bronze_dag_simple.py
[2025-10-22T14:49:58.888+0000] {processor.py:840} INFO - DAG(s) 'bronze_dag_simple' retrieved from /opt/airflow/dags/bronze_dag_simple.py
[2025-10-22T14:49:58.907+0000] {logging_mixin.py:188} INFO - [2025-10-22T14:49:58.906+0000] {dag.py:3096} INFO - Sync 1 DAGs
[2025-10-22T14:49:58.924+0000] {logging_mixin.py:188} INFO - [2025-10-22T14:49:58.924+0000] {dag.py:3954} INFO - Setting next_dagrun for bronze_dag_simple to 2025-10-21 18:00:00+00:00, run_after=2025-10-22 18:00:00+00:00
[2025-10-22T14:49:58.939+0000] {processor.py:183} INFO - Processing /opt/airflow/dags/bronze_dag_simple.py took 0.074 seconds
[2025-10-22T14:50:29.100+0000] {processor.py:161} INFO - Started process (PID=71) to work on /opt/airflow/dags/bronze_dag_simple.py
[2025-10-22T14:50:29.101+0000] {processor.py:830} INFO - Processing file /opt/airflow/dags/bronze_dag_simple.py for tasks to queue
[2025-10-22T14:50:29.102+0000] {logging_mixin.py:188} INFO - [2025-10-22T14:50:29.102+0000] {dagbag.py:540} INFO - Filling up the DagBag from /opt/airflow/dags/bronze_dag_simple.py
[2025-10-22T14:50:29.119+0000] {processor.py:840} INFO - DAG(s) 'bronze_dag_simple' retrieved from /opt/airflow/dags/bronze_dag_simple.py
[2025-10-22T14:50:29.138+0000] {logging_mixin.py:188} INFO - [2025-10-22T14:50:29.138+0000] {dag.py:3096} INFO - Sync 1 DAGs
[2025-10-22T14:50:29.156+0000] {logging_mixin.py:188} INFO - [2025-10-22T14:50:29.156+0000] {dag.py:3954} INFO - Setting next_dagrun for bronze_dag_simple to 2025-10-21 18:00:00+00:00, run_after=2025-10-22 18:00:00+00:00
[2025-10-22T14:50:29.171+0000] {processor.py:183} INFO - Processing /opt/airflow/dags/bronze_dag_simple.py took 0.076 seconds
[2025-10-22T14:51:26.124+0000] {processor.py:161} INFO - Started process (PID=74) to work on /opt/airflow/dags/bronze_dag_simple.py
[2025-10-22T14:51:26.125+0000] {processor.py:830} INFO - Processing file /opt/airflow/dags/bronze_dag_simple.py for tasks to queue
[2025-10-22T14:51:26.127+0000] {logging_mixin.py:188} INFO - [2025-10-22T14:51:26.127+0000] {dagbag.py:540} INFO - Filling up the DagBag from /opt/airflow/dags/bronze_dag_simple.py
[2025-10-22T14:51:26.146+0000] {processor.py:840} INFO - DAG(s) 'bronze_dag_simple' retrieved from /opt/airflow/dags/bronze_dag_simple.py
[2025-10-22T14:51:26.168+0000] {logging_mixin.py:188} INFO - [2025-10-22T14:51:26.168+0000] {dag.py:3096} INFO - Sync 1 DAGs
[2025-10-22T14:51:26.187+0000] {logging_mixin.py:188} INFO - [2025-10-22T14:51:26.187+0000] {dag.py:3954} INFO - Setting next_dagrun for bronze_dag_simple to 2025-10-21 18:00:00+00:00, run_after=2025-10-22 18:00:00+00:00
[2025-10-22T14:51:26.204+0000] {processor.py:183} INFO - Processing /opt/airflow/dags/bronze_dag_simple.py took 0.085 seconds
[2025-10-22T14:51:56.550+0000] {processor.py:161} INFO - Started process (PID=76) to work on /opt/airflow/dags/bronze_dag_simple.py
[2025-10-22T14:51:56.551+0000] {processor.py:830} INFO - Processing file /opt/airflow/dags/bronze_dag_simple.py for tasks to queue
[2025-10-22T14:51:56.552+0000] {logging_mixin.py:188} INFO - [2025-10-22T14:51:56.552+0000] {dagbag.py:540} INFO - Filling up the DagBag from /opt/airflow/dags/bronze_dag_simple.py
[2025-10-22T14:51:56.571+0000] {processor.py:840} INFO - DAG(s) 'bronze_dag_simple' retrieved from /opt/airflow/dags/bronze_dag_simple.py
[2025-10-22T14:51:56.593+0000] {logging_mixin.py:188} INFO - [2025-10-22T14:51:56.593+0000] {dag.py:3096} INFO - Sync 1 DAGs
[2025-10-22T14:51:56.612+0000] {logging_mixin.py:188} INFO - [2025-10-22T14:51:56.611+0000] {dag.py:3954} INFO - Setting next_dagrun for bronze_dag_simple to 2025-10-21 18:00:00+00:00, run_after=2025-10-22 18:00:00+00:00
[2025-10-22T14:51:56.628+0000] {processor.py:183} INFO - Processing /opt/airflow/dags/bronze_dag_simple.py took 0.082 seconds
[2025-10-22T14:52:23.409+0000] {processor.py:161} INFO - Started process (PID=55) to work on /opt/airflow/dags/bronze_dag_simple.py
[2025-10-22T14:52:23.412+0000] {processor.py:830} INFO - Processing file /opt/airflow/dags/bronze_dag_simple.py for tasks to queue
[2025-10-22T14:52:23.416+0000] {logging_mixin.py:188} INFO - [2025-10-22T14:52:23.415+0000] {dagbag.py:540} INFO - Filling up the DagBag from /opt/airflow/dags/bronze_dag_simple.py
[2025-10-22T14:52:23.446+0000] {processor.py:840} INFO - DAG(s) 'bronze_dag_simple' retrieved from /opt/airflow/dags/bronze_dag_simple.py
[2025-10-22T14:52:23.476+0000] {logging_mixin.py:188} INFO - [2025-10-22T14:52:23.476+0000] {dag.py:3096} INFO - Sync 1 DAGs
[2025-10-22T14:52:23.504+0000] {logging_mixin.py:188} INFO - [2025-10-22T14:52:23.503+0000] {dag.py:3954} INFO - Setting next_dagrun for bronze_dag_simple to 2025-10-21 18:00:00+00:00, run_after=2025-10-22 18:00:00+00:00
[2025-10-22T14:52:23.523+0000] {processor.py:183} INFO - Processing /opt/airflow/dags/bronze_dag_simple.py took 0.123 seconds
[2025-10-22T14:53:03.130+0000] {processor.py:161} INFO - Started process (PID=62) to work on /opt/airflow/dags/bronze_dag_simple.py
[2025-10-22T14:53:03.131+0000] {processor.py:830} INFO - Processing file /opt/airflow/dags/bronze_dag_simple.py for tasks to queue
[2025-10-22T14:53:03.134+0000] {logging_mixin.py:188} INFO - [2025-10-22T14:53:03.134+0000] {dagbag.py:540} INFO - Filling up the DagBag from /opt/airflow/dags/bronze_dag_simple.py
[2025-10-22T14:53:03.157+0000] {processor.py:840} INFO - DAG(s) 'bronze_dag_simple' retrieved from /opt/airflow/dags/bronze_dag_simple.py
[2025-10-22T14:53:03.171+0000] {logging_mixin.py:188} INFO - [2025-10-22T14:53:03.171+0000] {dag.py:3096} INFO - Sync 1 DAGs
[2025-10-22T14:53:03.196+0000] {logging_mixin.py:188} INFO - [2025-10-22T14:53:03.196+0000] {dag.py:3954} INFO - Setting next_dagrun for bronze_dag_simple to 2025-10-21 18:00:00+00:00, run_after=2025-10-22 18:00:00+00:00
[2025-10-22T14:53:03.215+0000] {processor.py:183} INFO - Processing /opt/airflow/dags/bronze_dag_simple.py took 0.091 seconds
[2025-10-22T14:53:33.498+0000] {processor.py:161} INFO - Started process (PID=63) to work on /opt/airflow/dags/bronze_dag_simple.py
[2025-10-22T14:53:33.500+0000] {processor.py:830} INFO - Processing file /opt/airflow/dags/bronze_dag_simple.py for tasks to queue
[2025-10-22T14:53:33.502+0000] {logging_mixin.py:188} INFO - [2025-10-22T14:53:33.501+0000] {dagbag.py:540} INFO - Filling up the DagBag from /opt/airflow/dags/bronze_dag_simple.py
[2025-10-22T14:53:33.534+0000] {processor.py:840} INFO - DAG(s) 'bronze_dag_simple' retrieved from /opt/airflow/dags/bronze_dag_simple.py
[2025-10-22T14:53:33.646+0000] {logging_mixin.py:188} INFO - [2025-10-22T14:53:33.645+0000] {dag.py:3096} INFO - Sync 1 DAGs
[2025-10-22T14:53:33.662+0000] {logging_mixin.py:188} INFO - [2025-10-22T14:53:33.662+0000] {dag.py:3954} INFO - Setting next_dagrun for bronze_dag_simple to 2025-10-21 18:00:00+00:00, run_after=2025-10-22 18:00:00+00:00
[2025-10-22T14:53:33.678+0000] {processor.py:183} INFO - Processing /opt/airflow/dags/bronze_dag_simple.py took 0.185 seconds
[2025-10-22T14:54:03.812+0000] {processor.py:161} INFO - Started process (PID=65) to work on /opt/airflow/dags/bronze_dag_simple.py
[2025-10-22T14:54:03.813+0000] {processor.py:830} INFO - Processing file /opt/airflow/dags/bronze_dag_simple.py for tasks to queue
[2025-10-22T14:54:03.815+0000] {logging_mixin.py:188} INFO - [2025-10-22T14:54:03.814+0000] {dagbag.py:540} INFO - Filling up the DagBag from /opt/airflow/dags/bronze_dag_simple.py
[2025-10-22T14:54:03.830+0000] {processor.py:840} INFO - DAG(s) 'bronze_dag_simple' retrieved from /opt/airflow/dags/bronze_dag_simple.py
[2025-10-22T14:54:03.847+0000] {logging_mixin.py:188} INFO - [2025-10-22T14:54:03.847+0000] {dag.py:3096} INFO - Sync 1 DAGs
[2025-10-22T14:54:03.863+0000] {logging_mixin.py:188} INFO - [2025-10-22T14:54:03.863+0000] {dag.py:3954} INFO - Setting next_dagrun for bronze_dag_simple to 2025-10-21 18:00:00+00:00, run_after=2025-10-22 18:00:00+00:00
[2025-10-22T14:54:03.877+0000] {processor.py:183} INFO - Processing /opt/airflow/dags/bronze_dag_simple.py took 0.070 seconds
[2025-10-22T14:54:34.136+0000] {processor.py:161} INFO - Started process (PID=67) to work on /opt/airflow/dags/bronze_dag_simple.py
[2025-10-22T14:54:34.137+0000] {processor.py:830} INFO - Processing file /opt/airflow/dags/bronze_dag_simple.py for tasks to queue
[2025-10-22T14:54:34.139+0000] {logging_mixin.py:188} INFO - [2025-10-22T14:54:34.139+0000] {dagbag.py:540} INFO - Filling up the DagBag from /opt/airflow/dags/bronze_dag_simple.py
[2025-10-22T14:54:34.157+0000] {processor.py:840} INFO - DAG(s) 'bronze_dag_simple' retrieved from /opt/airflow/dags/bronze_dag_simple.py
[2025-10-22T14:54:34.176+0000] {logging_mixin.py:188} INFO - [2025-10-22T14:54:34.176+0000] {dag.py:3096} INFO - Sync 1 DAGs
[2025-10-22T14:54:34.194+0000] {logging_mixin.py:188} INFO - [2025-10-22T14:54:34.193+0000] {dag.py:3954} INFO - Setting next_dagrun for bronze_dag_simple to 2025-10-21 18:00:00+00:00, run_after=2025-10-22 18:00:00+00:00
[2025-10-22T14:54:34.210+0000] {processor.py:183} INFO - Processing /opt/airflow/dags/bronze_dag_simple.py took 0.081 seconds
[2025-10-22T14:55:30.491+0000] {processor.py:161} INFO - Started process (PID=71) to work on /opt/airflow/dags/bronze_dag_simple.py
[2025-10-22T14:55:30.492+0000] {processor.py:830} INFO - Processing file /opt/airflow/dags/bronze_dag_simple.py for tasks to queue
[2025-10-22T14:55:30.493+0000] {logging_mixin.py:188} INFO - [2025-10-22T14:55:30.493+0000] {dagbag.py:540} INFO - Filling up the DagBag from /opt/airflow/dags/bronze_dag_simple.py
[2025-10-22T14:55:30.512+0000] {processor.py:840} INFO - DAG(s) 'bronze_dag_simple' retrieved from /opt/airflow/dags/bronze_dag_simple.py
[2025-10-22T14:55:30.533+0000] {logging_mixin.py:188} INFO - [2025-10-22T14:55:30.533+0000] {dag.py:3096} INFO - Sync 1 DAGs
[2025-10-22T14:55:30.552+0000] {logging_mixin.py:188} INFO - [2025-10-22T14:55:30.551+0000] {dag.py:3954} INFO - Setting next_dagrun for bronze_dag_simple to 2025-10-21 18:00:00+00:00, run_after=2025-10-22 18:00:00+00:00
[2025-10-22T14:55:30.568+0000] {processor.py:183} INFO - Processing /opt/airflow/dags/bronze_dag_simple.py took 0.082 seconds
[2025-10-22T14:56:01.107+0000] {processor.py:161} INFO - Started process (PID=78) to work on /opt/airflow/dags/bronze_dag_simple.py
[2025-10-22T14:56:01.108+0000] {processor.py:830} INFO - Processing file /opt/airflow/dags/bronze_dag_simple.py for tasks to queue
[2025-10-22T14:56:01.110+0000] {logging_mixin.py:188} INFO - [2025-10-22T14:56:01.110+0000] {dagbag.py:540} INFO - Filling up the DagBag from /opt/airflow/dags/bronze_dag_simple.py
[2025-10-22T14:56:01.128+0000] {processor.py:840} INFO - DAG(s) 'bronze_dag_simple' retrieved from /opt/airflow/dags/bronze_dag_simple.py
[2025-10-22T14:56:01.149+0000] {logging_mixin.py:188} INFO - [2025-10-22T14:56:01.149+0000] {dag.py:3096} INFO - Sync 1 DAGs
[2025-10-22T14:56:01.177+0000] {logging_mixin.py:188} INFO - [2025-10-22T14:56:01.177+0000] {dag.py:3954} INFO - Setting next_dagrun for bronze_dag_simple to 2025-10-21 18:00:00+00:00, run_after=2025-10-22 18:00:00+00:00
[2025-10-22T14:56:01.199+0000] {processor.py:183} INFO - Processing /opt/airflow/dags/bronze_dag_simple.py took 0.097 seconds
[2025-10-22T14:57:01.260+0000] {processor.py:161} INFO - Started process (PID=80) to work on /opt/airflow/dags/bronze_dag_simple.py
[2025-10-22T14:57:01.260+0000] {processor.py:830} INFO - Processing file /opt/airflow/dags/bronze_dag_simple.py for tasks to queue
[2025-10-22T14:57:01.262+0000] {logging_mixin.py:188} INFO - [2025-10-22T14:57:01.262+0000] {dagbag.py:540} INFO - Filling up the DagBag from /opt/airflow/dags/bronze_dag_simple.py
[2025-10-22T14:57:01.279+0000] {processor.py:840} INFO - DAG(s) 'bronze_dag_simple' retrieved from /opt/airflow/dags/bronze_dag_simple.py
[2025-10-22T14:57:01.299+0000] {logging_mixin.py:188} INFO - [2025-10-22T14:57:01.299+0000] {dag.py:3096} INFO - Sync 1 DAGs
[2025-10-22T14:57:01.319+0000] {logging_mixin.py:188} INFO - [2025-10-22T14:57:01.319+0000] {dag.py:3954} INFO - Setting next_dagrun for bronze_dag_simple to 2025-10-21 18:00:00+00:00, run_after=2025-10-22 18:00:00+00:00
[2025-10-22T14:57:01.335+0000] {processor.py:183} INFO - Processing /opt/airflow/dags/bronze_dag_simple.py took 0.080 seconds
[2025-10-22T14:57:31.563+0000] {processor.py:161} INFO - Started process (PID=81) to work on /opt/airflow/dags/bronze_dag_simple.py
[2025-10-22T14:57:31.564+0000] {processor.py:830} INFO - Processing file /opt/airflow/dags/bronze_dag_simple.py for tasks to queue
[2025-10-22T14:57:31.566+0000] {logging_mixin.py:188} INFO - [2025-10-22T14:57:31.566+0000] {dagbag.py:540} INFO - Filling up the DagBag from /opt/airflow/dags/bronze_dag_simple.py
[2025-10-22T14:57:31.585+0000] {processor.py:840} INFO - DAG(s) 'bronze_dag_simple' retrieved from /opt/airflow/dags/bronze_dag_simple.py
[2025-10-22T14:57:31.605+0000] {logging_mixin.py:188} INFO - [2025-10-22T14:57:31.605+0000] {dag.py:3096} INFO - Sync 1 DAGs
[2025-10-22T14:57:31.623+0000] {logging_mixin.py:188} INFO - [2025-10-22T14:57:31.623+0000] {dag.py:3954} INFO - Setting next_dagrun for bronze_dag_simple to 2025-10-21 18:00:00+00:00, run_after=2025-10-22 18:00:00+00:00
[2025-10-22T14:57:31.641+0000] {processor.py:183} INFO - Processing /opt/airflow/dags/bronze_dag_simple.py took 0.082 seconds
[2025-10-22T14:58:01.760+0000] {processor.py:161} INFO - Started process (PID=83) to work on /opt/airflow/dags/bronze_dag_simple.py
[2025-10-22T14:58:01.761+0000] {processor.py:830} INFO - Processing file /opt/airflow/dags/bronze_dag_simple.py for tasks to queue
[2025-10-22T14:58:01.763+0000] {logging_mixin.py:188} INFO - [2025-10-22T14:58:01.762+0000] {dagbag.py:540} INFO - Filling up the DagBag from /opt/airflow/dags/bronze_dag_simple.py
[2025-10-22T14:58:01.779+0000] {processor.py:840} INFO - DAG(s) 'bronze_dag_simple' retrieved from /opt/airflow/dags/bronze_dag_simple.py
[2025-10-22T14:58:01.798+0000] {logging_mixin.py:188} INFO - [2025-10-22T14:58:01.798+0000] {dag.py:3096} INFO - Sync 1 DAGs
[2025-10-22T14:58:01.816+0000] {logging_mixin.py:188} INFO - [2025-10-22T14:58:01.815+0000] {dag.py:3954} INFO - Setting next_dagrun for bronze_dag_simple to 2025-10-21 18:00:00+00:00, run_after=2025-10-22 18:00:00+00:00
[2025-10-22T14:58:01.830+0000] {processor.py:183} INFO - Processing /opt/airflow/dags/bronze_dag_simple.py took 0.074 seconds
[2025-10-22T14:58:59.097+0000] {processor.py:161} INFO - Started process (PID=55) to work on /opt/airflow/dags/bronze_dag_simple.py
[2025-10-22T14:58:59.098+0000] {processor.py:830} INFO - Processing file /opt/airflow/dags/bronze_dag_simple.py for tasks to queue
[2025-10-22T14:58:59.100+0000] {logging_mixin.py:188} INFO - [2025-10-22T14:58:59.100+0000] {dagbag.py:540} INFO - Filling up the DagBag from /opt/airflow/dags/bronze_dag_simple.py
[2025-10-22T14:58:59.125+0000] {processor.py:840} INFO - DAG(s) 'bronze_dag_simple' retrieved from /opt/airflow/dags/bronze_dag_simple.py
[2025-10-22T14:58:59.151+0000] {logging_mixin.py:188} INFO - [2025-10-22T14:58:59.151+0000] {dag.py:3096} INFO - Sync 1 DAGs
[2025-10-22T14:58:59.176+0000] {logging_mixin.py:188} INFO - [2025-10-22T14:58:59.176+0000] {dag.py:3954} INFO - Setting next_dagrun for bronze_dag_simple to 2025-10-21 18:00:00+00:00, run_after=2025-10-22 18:00:00+00:00
[2025-10-22T14:58:59.196+0000] {processor.py:183} INFO - Processing /opt/airflow/dags/bronze_dag_simple.py took 0.104 seconds
[2025-10-22T14:59:45.210+0000] {processor.py:161} INFO - Started process (PID=57) to work on /opt/airflow/dags/bronze_dag_simple.py
[2025-10-22T14:59:45.212+0000] {processor.py:830} INFO - Processing file /opt/airflow/dags/bronze_dag_simple.py for tasks to queue
[2025-10-22T14:59:45.214+0000] {logging_mixin.py:188} INFO - [2025-10-22T14:59:45.214+0000] {dagbag.py:540} INFO - Filling up the DagBag from /opt/airflow/dags/bronze_dag_simple.py
[2025-10-22T14:59:45.239+0000] {processor.py:840} INFO - DAG(s) 'bronze_dag_simple' retrieved from /opt/airflow/dags/bronze_dag_simple.py
[2025-10-22T14:59:45.330+0000] {logging_mixin.py:188} INFO - [2025-10-22T14:59:45.329+0000] {dag.py:3096} INFO - Sync 1 DAGs
[2025-10-22T14:59:45.346+0000] {logging_mixin.py:188} INFO - [2025-10-22T14:59:45.345+0000] {dag.py:3954} INFO - Setting next_dagrun for bronze_dag_simple to 2025-10-21 18:00:00+00:00, run_after=2025-10-22 18:00:00+00:00
[2025-10-22T14:59:45.361+0000] {processor.py:183} INFO - Processing /opt/airflow/dags/bronze_dag_simple.py took 0.157 seconds
[2025-10-22T15:00:15.519+0000] {processor.py:161} INFO - Started process (PID=58) to work on /opt/airflow/dags/bronze_dag_simple.py
[2025-10-22T15:00:15.519+0000] {processor.py:830} INFO - Processing file /opt/airflow/dags/bronze_dag_simple.py for tasks to queue
[2025-10-22T15:00:15.521+0000] {logging_mixin.py:188} INFO - [2025-10-22T15:00:15.520+0000] {dagbag.py:540} INFO - Filling up the DagBag from /opt/airflow/dags/bronze_dag_simple.py
[2025-10-22T15:00:15.535+0000] {processor.py:840} INFO - DAG(s) 'bronze_dag_simple' retrieved from /opt/airflow/dags/bronze_dag_simple.py
[2025-10-22T15:00:15.552+0000] {logging_mixin.py:188} INFO - [2025-10-22T15:00:15.552+0000] {dag.py:3096} INFO - Sync 1 DAGs
[2025-10-22T15:00:15.566+0000] {logging_mixin.py:188} INFO - [2025-10-22T15:00:15.566+0000] {dag.py:3954} INFO - Setting next_dagrun for bronze_dag_simple to 2025-10-21 18:00:00+00:00, run_after=2025-10-22 18:00:00+00:00
[2025-10-22T15:00:15.578+0000] {processor.py:183} INFO - Processing /opt/airflow/dags/bronze_dag_simple.py took 0.064 seconds
[2025-10-22T15:01:03.571+0000] {processor.py:161} INFO - Started process (PID=61) to work on /opt/airflow/dags/bronze_dag_simple.py
[2025-10-22T15:01:03.572+0000] {processor.py:830} INFO - Processing file /opt/airflow/dags/bronze_dag_simple.py for tasks to queue
[2025-10-22T15:01:03.574+0000] {logging_mixin.py:188} INFO - [2025-10-22T15:01:03.574+0000] {dagbag.py:540} INFO - Filling up the DagBag from /opt/airflow/dags/bronze_dag_simple.py
[2025-10-22T15:01:03.593+0000] {processor.py:840} INFO - DAG(s) 'bronze_dag_simple' retrieved from /opt/airflow/dags/bronze_dag_simple.py
[2025-10-22T15:01:03.616+0000] {logging_mixin.py:188} INFO - [2025-10-22T15:01:03.616+0000] {dag.py:3096} INFO - Sync 1 DAGs
[2025-10-22T15:01:03.637+0000] {logging_mixin.py:188} INFO - [2025-10-22T15:01:03.637+0000] {dag.py:3954} INFO - Setting next_dagrun for bronze_dag_simple to 2025-10-21 18:00:00+00:00, run_after=2025-10-22 18:00:00+00:00
[2025-10-22T15:01:03.654+0000] {processor.py:183} INFO - Processing /opt/airflow/dags/bronze_dag_simple.py took 0.088 seconds
[2025-10-22T15:01:34.450+0000] {processor.py:161} INFO - Started process (PID=68) to work on /opt/airflow/dags/bronze_dag_simple.py
[2025-10-22T15:01:34.450+0000] {processor.py:830} INFO - Processing file /opt/airflow/dags/bronze_dag_simple.py for tasks to queue
[2025-10-22T15:01:34.452+0000] {logging_mixin.py:188} INFO - [2025-10-22T15:01:34.452+0000] {dagbag.py:540} INFO - Filling up the DagBag from /opt/airflow/dags/bronze_dag_simple.py
[2025-10-22T15:01:34.481+0000] {processor.py:840} INFO - DAG(s) 'bronze_dag_simple' retrieved from /opt/airflow/dags/bronze_dag_simple.py
[2025-10-22T15:01:34.503+0000] {logging_mixin.py:188} INFO - [2025-10-22T15:01:34.503+0000] {dag.py:3096} INFO - Sync 1 DAGs
[2025-10-22T15:01:34.522+0000] {logging_mixin.py:188} INFO - [2025-10-22T15:01:34.522+0000] {dag.py:3954} INFO - Setting next_dagrun for bronze_dag_simple to 2025-10-21 18:00:00+00:00, run_after=2025-10-22 18:00:00+00:00
[2025-10-22T15:01:34.535+0000] {processor.py:183} INFO - Processing /opt/airflow/dags/bronze_dag_simple.py took 0.089 seconds
[2025-10-22T15:02:04.734+0000] {processor.py:161} INFO - Started process (PID=69) to work on /opt/airflow/dags/bronze_dag_simple.py
[2025-10-22T15:02:04.735+0000] {processor.py:830} INFO - Processing file /opt/airflow/dags/bronze_dag_simple.py for tasks to queue
[2025-10-22T15:02:04.737+0000] {logging_mixin.py:188} INFO - [2025-10-22T15:02:04.737+0000] {dagbag.py:540} INFO - Filling up the DagBag from /opt/airflow/dags/bronze_dag_simple.py
[2025-10-22T15:02:04.756+0000] {processor.py:840} INFO - DAG(s) 'bronze_dag_simple' retrieved from /opt/airflow/dags/bronze_dag_simple.py
[2025-10-22T15:02:04.776+0000] {logging_mixin.py:188} INFO - [2025-10-22T15:02:04.776+0000] {dag.py:3096} INFO - Sync 1 DAGs
[2025-10-22T15:02:04.799+0000] {logging_mixin.py:188} INFO - [2025-10-22T15:02:04.799+0000] {dag.py:3954} INFO - Setting next_dagrun for bronze_dag_simple to 2025-10-21 18:00:00+00:00, run_after=2025-10-22 18:00:00+00:00
[2025-10-22T15:02:04.818+0000] {processor.py:183} INFO - Processing /opt/airflow/dags/bronze_dag_simple.py took 0.088 seconds
[2025-10-22T15:03:06.856+0000] {processor.py:161} INFO - Started process (PID=72) to work on /opt/airflow/dags/bronze_dag_simple.py
[2025-10-22T15:03:06.857+0000] {processor.py:830} INFO - Processing file /opt/airflow/dags/bronze_dag_simple.py for tasks to queue
[2025-10-22T15:03:06.860+0000] {logging_mixin.py:188} INFO - [2025-10-22T15:03:06.860+0000] {dagbag.py:540} INFO - Filling up the DagBag from /opt/airflow/dags/bronze_dag_simple.py
[2025-10-22T15:03:06.882+0000] {processor.py:840} INFO - DAG(s) 'bronze_dag_simple' retrieved from /opt/airflow/dags/bronze_dag_simple.py
[2025-10-22T15:03:06.903+0000] {logging_mixin.py:188} INFO - [2025-10-22T15:03:06.902+0000] {dag.py:3096} INFO - Sync 1 DAGs
[2025-10-22T15:03:06.922+0000] {logging_mixin.py:188} INFO - [2025-10-22T15:03:06.922+0000] {dag.py:3954} INFO - Setting next_dagrun for bronze_dag_simple to 2025-10-21 18:00:00+00:00, run_after=2025-10-22 18:00:00+00:00
[2025-10-22T15:03:06.941+0000] {processor.py:183} INFO - Processing /opt/airflow/dags/bronze_dag_simple.py took 0.090 seconds
[2025-10-22T15:03:37.017+0000] {processor.py:161} INFO - Started process (PID=73) to work on /opt/airflow/dags/bronze_dag_simple.py
[2025-10-22T15:03:37.019+0000] {processor.py:830} INFO - Processing file /opt/airflow/dags/bronze_dag_simple.py for tasks to queue
[2025-10-22T15:03:37.021+0000] {logging_mixin.py:188} INFO - [2025-10-22T15:03:37.020+0000] {dagbag.py:540} INFO - Filling up the DagBag from /opt/airflow/dags/bronze_dag_simple.py
[2025-10-22T15:03:37.042+0000] {processor.py:840} INFO - DAG(s) 'bronze_dag_simple' retrieved from /opt/airflow/dags/bronze_dag_simple.py
[2025-10-22T15:03:37.064+0000] {logging_mixin.py:188} INFO - [2025-10-22T15:03:37.063+0000] {dag.py:3096} INFO - Sync 1 DAGs
[2025-10-22T15:03:37.083+0000] {logging_mixin.py:188} INFO - [2025-10-22T15:03:37.083+0000] {dag.py:3954} INFO - Setting next_dagrun for bronze_dag_simple to 2025-10-21 18:00:00+00:00, run_after=2025-10-22 18:00:00+00:00
[2025-10-22T15:03:37.100+0000] {processor.py:183} INFO - Processing /opt/airflow/dags/bronze_dag_simple.py took 0.088 seconds
[2025-10-22T15:04:07.326+0000] {processor.py:161} INFO - Started process (PID=75) to work on /opt/airflow/dags/bronze_dag_simple.py
[2025-10-22T15:04:07.327+0000] {processor.py:830} INFO - Processing file /opt/airflow/dags/bronze_dag_simple.py for tasks to queue
[2025-10-22T15:04:07.329+0000] {logging_mixin.py:188} INFO - [2025-10-22T15:04:07.329+0000] {dagbag.py:540} INFO - Filling up the DagBag from /opt/airflow/dags/bronze_dag_simple.py
[2025-10-22T15:04:07.346+0000] {processor.py:840} INFO - DAG(s) 'bronze_dag_simple' retrieved from /opt/airflow/dags/bronze_dag_simple.py
[2025-10-22T15:04:07.365+0000] {logging_mixin.py:188} INFO - [2025-10-22T15:04:07.365+0000] {dag.py:3096} INFO - Sync 1 DAGs
[2025-10-22T15:04:07.382+0000] {logging_mixin.py:188} INFO - [2025-10-22T15:04:07.382+0000] {dag.py:3954} INFO - Setting next_dagrun for bronze_dag_simple to 2025-10-21 18:00:00+00:00, run_after=2025-10-22 18:00:00+00:00
[2025-10-22T15:04:07.396+0000] {processor.py:183} INFO - Processing /opt/airflow/dags/bronze_dag_simple.py took 0.074 seconds
[2025-10-22T15:04:49.335+0000] {processor.py:161} INFO - Started process (PID=78) to work on /opt/airflow/dags/bronze_dag_simple.py
[2025-10-22T15:04:49.336+0000] {processor.py:830} INFO - Processing file /opt/airflow/dags/bronze_dag_simple.py for tasks to queue
[2025-10-22T15:04:49.338+0000] {logging_mixin.py:188} INFO - [2025-10-22T15:04:49.337+0000] {dagbag.py:540} INFO - Filling up the DagBag from /opt/airflow/dags/bronze_dag_simple.py
[2025-10-22T15:04:49.357+0000] {processor.py:840} INFO - DAG(s) 'bronze_dag_simple' retrieved from /opt/airflow/dags/bronze_dag_simple.py
[2025-10-22T15:04:49.377+0000] {logging_mixin.py:188} INFO - [2025-10-22T15:04:49.377+0000] {dag.py:3096} INFO - Sync 1 DAGs
[2025-10-22T15:04:49.394+0000] {logging_mixin.py:188} INFO - [2025-10-22T15:04:49.394+0000] {dag.py:3954} INFO - Setting next_dagrun for bronze_dag_simple to 2025-10-21 18:00:00+00:00, run_after=2025-10-22 18:00:00+00:00
[2025-10-22T15:04:49.411+0000] {processor.py:183} INFO - Processing /opt/airflow/dags/bronze_dag_simple.py took 0.082 seconds
[2025-10-22T15:05:19.617+0000] {processor.py:161} INFO - Started process (PID=84) to work on /opt/airflow/dags/bronze_dag_simple.py
[2025-10-22T15:05:19.622+0000] {processor.py:830} INFO - Processing file /opt/airflow/dags/bronze_dag_simple.py for tasks to queue
[2025-10-22T15:05:19.624+0000] {logging_mixin.py:188} INFO - [2025-10-22T15:05:19.623+0000] {dagbag.py:540} INFO - Filling up the DagBag from /opt/airflow/dags/bronze_dag_simple.py
[2025-10-22T15:05:19.796+0000] {processor.py:840} INFO - DAG(s) 'bronze_dag_simple' retrieved from /opt/airflow/dags/bronze_dag_simple.py
[2025-10-22T15:05:19.816+0000] {logging_mixin.py:188} INFO - [2025-10-22T15:05:19.816+0000] {dag.py:3096} INFO - Sync 1 DAGs
[2025-10-22T15:05:19.833+0000] {logging_mixin.py:188} INFO - [2025-10-22T15:05:19.833+0000] {dag.py:3954} INFO - Setting next_dagrun for bronze_dag_simple to 2025-10-21 18:00:00+00:00, run_after=2025-10-22 18:00:00+00:00
[2025-10-22T15:05:19.905+0000] {processor.py:183} INFO - Processing /opt/airflow/dags/bronze_dag_simple.py took 0.294 seconds
[2025-10-22T15:06:26.838+0000] {processor.py:161} INFO - Started process (PID=55) to work on /opt/airflow/dags/bronze_dag_simple.py
[2025-10-22T15:06:26.839+0000] {processor.py:830} INFO - Processing file /opt/airflow/dags/bronze_dag_simple.py for tasks to queue
[2025-10-22T15:06:26.841+0000] {logging_mixin.py:188} INFO - [2025-10-22T15:06:26.841+0000] {dagbag.py:540} INFO - Filling up the DagBag from /opt/airflow/dags/bronze_dag_simple.py
[2025-10-22T15:06:26.862+0000] {processor.py:840} INFO - DAG(s) 'bronze_dag_simple' retrieved from /opt/airflow/dags/bronze_dag_simple.py
[2025-10-22T15:06:26.883+0000] {logging_mixin.py:188} INFO - [2025-10-22T15:06:26.882+0000] {dag.py:3096} INFO - Sync 1 DAGs
[2025-10-22T15:06:26.903+0000] {logging_mixin.py:188} INFO - [2025-10-22T15:06:26.903+0000] {dag.py:3954} INFO - Setting next_dagrun for bronze_dag_simple to 2025-10-21 18:00:00+00:00, run_after=2025-10-22 18:00:00+00:00
[2025-10-22T15:06:26.918+0000] {processor.py:183} INFO - Processing /opt/airflow/dags/bronze_dag_simple.py took 0.086 seconds
[2025-10-22T15:07:10.201+0000] {processor.py:161} INFO - Started process (PID=57) to work on /opt/airflow/dags/bronze_dag_simple.py
[2025-10-22T15:07:10.202+0000] {processor.py:830} INFO - Processing file /opt/airflow/dags/bronze_dag_simple.py for tasks to queue
[2025-10-22T15:07:10.204+0000] {logging_mixin.py:188} INFO - [2025-10-22T15:07:10.204+0000] {dagbag.py:540} INFO - Filling up the DagBag from /opt/airflow/dags/bronze_dag_simple.py
[2025-10-22T15:07:10.223+0000] {processor.py:840} INFO - DAG(s) 'bronze_dag_simple' retrieved from /opt/airflow/dags/bronze_dag_simple.py
[2025-10-22T15:07:10.309+0000] {logging_mixin.py:188} INFO - [2025-10-22T15:07:10.309+0000] {dag.py:3096} INFO - Sync 1 DAGs
[2025-10-22T15:07:10.325+0000] {logging_mixin.py:188} INFO - [2025-10-22T15:07:10.325+0000] {dag.py:3954} INFO - Setting next_dagrun for bronze_dag_simple to 2025-10-21 18:00:00+00:00, run_after=2025-10-22 18:00:00+00:00
[2025-10-22T15:07:10.341+0000] {processor.py:183} INFO - Processing /opt/airflow/dags/bronze_dag_simple.py took 0.145 seconds
[2025-10-22T15:07:41.135+0000] {processor.py:161} INFO - Started process (PID=59) to work on /opt/airflow/dags/bronze_dag_simple.py
[2025-10-22T15:07:41.136+0000] {processor.py:830} INFO - Processing file /opt/airflow/dags/bronze_dag_simple.py for tasks to queue
[2025-10-22T15:07:41.138+0000] {logging_mixin.py:188} INFO - [2025-10-22T15:07:41.138+0000] {dagbag.py:540} INFO - Filling up the DagBag from /opt/airflow/dags/bronze_dag_simple.py
[2025-10-22T15:07:41.157+0000] {processor.py:840} INFO - DAG(s) 'bronze_dag_simple' retrieved from /opt/airflow/dags/bronze_dag_simple.py
[2025-10-22T15:07:41.179+0000] {logging_mixin.py:188} INFO - [2025-10-22T15:07:41.179+0000] {dag.py:3096} INFO - Sync 1 DAGs
[2025-10-22T15:07:41.197+0000] {logging_mixin.py:188} INFO - [2025-10-22T15:07:41.197+0000] {dag.py:3954} INFO - Setting next_dagrun for bronze_dag_simple to 2025-10-21 18:00:00+00:00, run_after=2025-10-22 18:00:00+00:00
[2025-10-22T15:07:41.213+0000] {processor.py:183} INFO - Processing /opt/airflow/dags/bronze_dag_simple.py took 0.083 seconds
[2025-10-22T15:08:11.379+0000] {processor.py:161} INFO - Started process (PID=60) to work on /opt/airflow/dags/bronze_dag_simple.py
[2025-10-22T15:08:11.380+0000] {processor.py:830} INFO - Processing file /opt/airflow/dags/bronze_dag_simple.py for tasks to queue
[2025-10-22T15:08:11.382+0000] {logging_mixin.py:188} INFO - [2025-10-22T15:08:11.382+0000] {dagbag.py:540} INFO - Filling up the DagBag from /opt/airflow/dags/bronze_dag_simple.py
[2025-10-22T15:08:11.400+0000] {processor.py:840} INFO - DAG(s) 'bronze_dag_simple' retrieved from /opt/airflow/dags/bronze_dag_simple.py
[2025-10-22T15:08:11.421+0000] {logging_mixin.py:188} INFO - [2025-10-22T15:08:11.421+0000] {dag.py:3096} INFO - Sync 1 DAGs
[2025-10-22T15:08:11.443+0000] {logging_mixin.py:188} INFO - [2025-10-22T15:08:11.443+0000] {dag.py:3954} INFO - Setting next_dagrun for bronze_dag_simple to 2025-10-21 18:00:00+00:00, run_after=2025-10-22 18:00:00+00:00
[2025-10-22T15:08:11.458+0000] {processor.py:183} INFO - Processing /opt/airflow/dags/bronze_dag_simple.py took 0.084 seconds
[2025-10-22T15:08:41.630+0000] {processor.py:161} INFO - Started process (PID=62) to work on /opt/airflow/dags/bronze_dag_simple.py
[2025-10-22T15:08:41.631+0000] {processor.py:830} INFO - Processing file /opt/airflow/dags/bronze_dag_simple.py for tasks to queue
[2025-10-22T15:08:41.633+0000] {logging_mixin.py:188} INFO - [2025-10-22T15:08:41.633+0000] {dagbag.py:540} INFO - Filling up the DagBag from /opt/airflow/dags/bronze_dag_simple.py
[2025-10-22T15:08:41.652+0000] {processor.py:840} INFO - DAG(s) 'bronze_dag_simple' retrieved from /opt/airflow/dags/bronze_dag_simple.py
[2025-10-22T15:08:41.672+0000] {logging_mixin.py:188} INFO - [2025-10-22T15:08:41.672+0000] {dag.py:3096} INFO - Sync 1 DAGs
[2025-10-22T15:08:41.690+0000] {logging_mixin.py:188} INFO - [2025-10-22T15:08:41.689+0000] {dag.py:3954} INFO - Setting next_dagrun for bronze_dag_simple to 2025-10-21 18:00:00+00:00, run_after=2025-10-22 18:00:00+00:00
[2025-10-22T15:08:41.705+0000] {processor.py:183} INFO - Processing /opt/airflow/dags/bronze_dag_simple.py took 0.080 seconds
[2025-10-22T15:09:20.654+0000] {processor.py:161} INFO - Started process (PID=65) to work on /opt/airflow/dags/bronze_dag_simple.py
[2025-10-22T15:09:20.655+0000] {processor.py:830} INFO - Processing file /opt/airflow/dags/bronze_dag_simple.py for tasks to queue
[2025-10-22T15:09:20.656+0000] {logging_mixin.py:188} INFO - [2025-10-22T15:09:20.656+0000] {dagbag.py:540} INFO - Filling up the DagBag from /opt/airflow/dags/bronze_dag_simple.py
[2025-10-22T15:09:20.676+0000] {processor.py:840} INFO - DAG(s) 'bronze_dag_simple' retrieved from /opt/airflow/dags/bronze_dag_simple.py
[2025-10-22T15:09:20.693+0000] {logging_mixin.py:188} INFO - [2025-10-22T15:09:20.693+0000] {dag.py:3096} INFO - Sync 1 DAGs
[2025-10-22T15:09:20.710+0000] {logging_mixin.py:188} INFO - [2025-10-22T15:09:20.710+0000] {dag.py:3954} INFO - Setting next_dagrun for bronze_dag_simple to 2025-10-21 18:00:00+00:00, run_after=2025-10-22 18:00:00+00:00
[2025-10-22T15:09:20.726+0000] {processor.py:183} INFO - Processing /opt/airflow/dags/bronze_dag_simple.py took 0.076 seconds
[2025-10-22T15:09:50.903+0000] {processor.py:161} INFO - Started process (PID=66) to work on /opt/airflow/dags/bronze_dag_simple.py
[2025-10-22T15:09:50.904+0000] {processor.py:830} INFO - Processing file /opt/airflow/dags/bronze_dag_simple.py for tasks to queue
[2025-10-22T15:09:50.906+0000] {logging_mixin.py:188} INFO - [2025-10-22T15:09:50.906+0000] {dagbag.py:540} INFO - Filling up the DagBag from /opt/airflow/dags/bronze_dag_simple.py
[2025-10-22T15:09:50.926+0000] {processor.py:840} INFO - DAG(s) 'bronze_dag_simple' retrieved from /opt/airflow/dags/bronze_dag_simple.py
[2025-10-22T15:09:50.945+0000] {logging_mixin.py:188} INFO - [2025-10-22T15:09:50.945+0000] {dag.py:3096} INFO - Sync 1 DAGs
[2025-10-22T15:09:50.962+0000] {logging_mixin.py:188} INFO - [2025-10-22T15:09:50.962+0000] {dag.py:3954} INFO - Setting next_dagrun for bronze_dag_simple to 2025-10-21 18:00:00+00:00, run_after=2025-10-22 18:00:00+00:00
[2025-10-22T15:09:50.979+0000] {processor.py:183} INFO - Processing /opt/airflow/dags/bronze_dag_simple.py took 0.080 seconds
[2025-10-22T15:10:21.297+0000] {processor.py:161} INFO - Started process (PID=68) to work on /opt/airflow/dags/bronze_dag_simple.py
[2025-10-22T15:10:21.298+0000] {processor.py:830} INFO - Processing file /opt/airflow/dags/bronze_dag_simple.py for tasks to queue
[2025-10-22T15:10:21.300+0000] {logging_mixin.py:188} INFO - [2025-10-22T15:10:21.300+0000] {dagbag.py:540} INFO - Filling up the DagBag from /opt/airflow/dags/bronze_dag_simple.py
[2025-10-22T15:10:21.320+0000] {processor.py:840} INFO - DAG(s) 'bronze_dag_simple' retrieved from /opt/airflow/dags/bronze_dag_simple.py
[2025-10-22T15:10:21.342+0000] {logging_mixin.py:188} INFO - [2025-10-22T15:10:21.341+0000] {dag.py:3096} INFO - Sync 1 DAGs
[2025-10-22T15:10:21.360+0000] {logging_mixin.py:188} INFO - [2025-10-22T15:10:21.360+0000] {dag.py:3954} INFO - Setting next_dagrun for bronze_dag_simple to 2025-10-21 18:00:00+00:00, run_after=2025-10-22 18:00:00+00:00
[2025-10-22T15:10:21.379+0000] {processor.py:183} INFO - Processing /opt/airflow/dags/bronze_dag_simple.py took 0.087 seconds
[2025-10-22T15:10:26.029+0000] {processor.py:161} INFO - Started process (PID=55) to work on /opt/airflow/dags/bronze_dag_simple.py
[2025-10-22T15:10:26.030+0000] {processor.py:830} INFO - Processing file /opt/airflow/dags/bronze_dag_simple.py for tasks to queue
[2025-10-22T15:10:26.032+0000] {logging_mixin.py:188} INFO - [2025-10-22T15:10:26.032+0000] {dagbag.py:540} INFO - Filling up the DagBag from /opt/airflow/dags/bronze_dag_simple.py
[2025-10-22T15:10:26.054+0000] {processor.py:840} INFO - DAG(s) 'bronze_dag_simple' retrieved from /opt/airflow/dags/bronze_dag_simple.py
[2025-10-22T15:10:26.077+0000] {logging_mixin.py:188} INFO - [2025-10-22T15:10:26.077+0000] {dag.py:3096} INFO - Sync 1 DAGs
[2025-10-22T15:10:26.099+0000] {logging_mixin.py:188} INFO - [2025-10-22T15:10:26.099+0000] {dag.py:3954} INFO - Setting next_dagrun for bronze_dag_simple to 2025-10-21 18:00:00+00:00, run_after=2025-10-22 18:00:00+00:00
[2025-10-22T15:10:26.118+0000] {processor.py:183} INFO - Processing /opt/airflow/dags/bronze_dag_simple.py took 0.097 seconds
[2025-10-22T15:10:56.465+0000] {processor.py:161} INFO - Started process (PID=61) to work on /opt/airflow/dags/bronze_dag_simple.py
[2025-10-22T15:10:56.466+0000] {processor.py:830} INFO - Processing file /opt/airflow/dags/bronze_dag_simple.py for tasks to queue
[2025-10-22T15:10:56.470+0000] {logging_mixin.py:188} INFO - [2025-10-22T15:10:56.469+0000] {dagbag.py:540} INFO - Filling up the DagBag from /opt/airflow/dags/bronze_dag_simple.py
[2025-10-22T15:10:56.531+0000] {processor.py:840} INFO - DAG(s) 'bronze_dag_simple' retrieved from /opt/airflow/dags/bronze_dag_simple.py
[2025-10-22T15:10:56.717+0000] {logging_mixin.py:188} INFO - [2025-10-22T15:10:56.717+0000] {dag.py:3096} INFO - Sync 1 DAGs
[2025-10-22T15:10:56.738+0000] {logging_mixin.py:188} INFO - [2025-10-22T15:10:56.737+0000] {dag.py:3954} INFO - Setting next_dagrun for bronze_dag_simple to 2025-10-21 18:00:00+00:00, run_after=2025-10-22 18:00:00+00:00
[2025-10-22T15:10:56.756+0000] {processor.py:183} INFO - Processing /opt/airflow/dags/bronze_dag_simple.py took 0.302 seconds
[2025-10-22T15:11:54.321+0000] {processor.py:161} INFO - Started process (PID=69) to work on /opt/airflow/dags/bronze_dag_simple.py
[2025-10-22T15:11:54.322+0000] {processor.py:830} INFO - Processing file /opt/airflow/dags/bronze_dag_simple.py for tasks to queue
[2025-10-22T15:11:54.324+0000] {logging_mixin.py:188} INFO - [2025-10-22T15:11:54.324+0000] {dagbag.py:540} INFO - Filling up the DagBag from /opt/airflow/dags/bronze_dag_simple.py
[2025-10-22T15:11:54.346+0000] {processor.py:840} INFO - DAG(s) 'bronze_dag_simple' retrieved from /opt/airflow/dags/bronze_dag_simple.py
[2025-10-22T15:11:54.369+0000] {logging_mixin.py:188} INFO - [2025-10-22T15:11:54.369+0000] {dag.py:3096} INFO - Sync 1 DAGs
[2025-10-22T15:11:54.391+0000] {logging_mixin.py:188} INFO - [2025-10-22T15:11:54.391+0000] {dag.py:3954} INFO - Setting next_dagrun for bronze_dag_simple to 2025-10-21 18:00:00+00:00, run_after=2025-10-22 18:00:00+00:00
[2025-10-22T15:11:54.407+0000] {processor.py:183} INFO - Processing /opt/airflow/dags/bronze_dag_simple.py took 0.091 seconds
[2025-10-22T15:12:24.569+0000] {processor.py:161} INFO - Started process (PID=70) to work on /opt/airflow/dags/bronze_dag_simple.py
[2025-10-22T15:12:24.570+0000] {processor.py:830} INFO - Processing file /opt/airflow/dags/bronze_dag_simple.py for tasks to queue
[2025-10-22T15:12:24.571+0000] {logging_mixin.py:188} INFO - [2025-10-22T15:12:24.571+0000] {dagbag.py:540} INFO - Filling up the DagBag from /opt/airflow/dags/bronze_dag_simple.py
[2025-10-22T15:12:24.586+0000] {processor.py:840} INFO - DAG(s) 'bronze_dag_simple' retrieved from /opt/airflow/dags/bronze_dag_simple.py
[2025-10-22T15:12:24.602+0000] {logging_mixin.py:188} INFO - [2025-10-22T15:12:24.602+0000] {dag.py:3096} INFO - Sync 1 DAGs
[2025-10-22T15:12:24.619+0000] {logging_mixin.py:188} INFO - [2025-10-22T15:12:24.619+0000] {dag.py:3954} INFO - Setting next_dagrun for bronze_dag_simple to 2025-10-21 18:00:00+00:00, run_after=2025-10-22 18:00:00+00:00
[2025-10-22T15:12:24.633+0000] {processor.py:183} INFO - Processing /opt/airflow/dags/bronze_dag_simple.py took 0.069 seconds
[2025-10-22T15:12:54.856+0000] {processor.py:161} INFO - Started process (PID=72) to work on /opt/airflow/dags/bronze_dag_simple.py
[2025-10-22T15:12:54.859+0000] {processor.py:830} INFO - Processing file /opt/airflow/dags/bronze_dag_simple.py for tasks to queue
[2025-10-22T15:12:54.864+0000] {logging_mixin.py:188} INFO - [2025-10-22T15:12:54.863+0000] {dagbag.py:540} INFO - Filling up the DagBag from /opt/airflow/dags/bronze_dag_simple.py
[2025-10-22T15:12:54.906+0000] {processor.py:840} INFO - DAG(s) 'bronze_dag_simple' retrieved from /opt/airflow/dags/bronze_dag_simple.py
[2025-10-22T15:12:54.956+0000] {logging_mixin.py:188} INFO - [2025-10-22T15:12:54.956+0000] {dag.py:3096} INFO - Sync 1 DAGs
[2025-10-22T15:12:55.003+0000] {logging_mixin.py:188} INFO - [2025-10-22T15:12:55.003+0000] {dag.py:3954} INFO - Setting next_dagrun for bronze_dag_simple to 2025-10-21 18:00:00+00:00, run_after=2025-10-22 18:00:00+00:00
[2025-10-22T15:12:55.038+0000] {processor.py:183} INFO - Processing /opt/airflow/dags/bronze_dag_simple.py took 0.194 seconds
[2025-10-22T15:13:32.972+0000] {processor.py:161} INFO - Started process (PID=74) to work on /opt/airflow/dags/bronze_dag_simple.py
[2025-10-22T15:13:32.978+0000] {processor.py:830} INFO - Processing file /opt/airflow/dags/bronze_dag_simple.py for tasks to queue
[2025-10-22T15:13:32.982+0000] {logging_mixin.py:188} INFO - [2025-10-22T15:13:32.981+0000] {dagbag.py:540} INFO - Filling up the DagBag from /opt/airflow/dags/bronze_dag_simple.py
[2025-10-22T15:13:33.024+0000] {processor.py:840} INFO - DAG(s) 'bronze_dag_simple' retrieved from /opt/airflow/dags/bronze_dag_simple.py
[2025-10-22T15:13:33.066+0000] {logging_mixin.py:188} INFO - [2025-10-22T15:13:33.065+0000] {dag.py:3096} INFO - Sync 1 DAGs
[2025-10-22T15:13:33.103+0000] {logging_mixin.py:188} INFO - [2025-10-22T15:13:33.102+0000] {dag.py:3954} INFO - Setting next_dagrun for bronze_dag_simple to 2025-10-21 18:00:00+00:00, run_after=2025-10-22 18:00:00+00:00
[2025-10-22T15:13:33.135+0000] {processor.py:183} INFO - Processing /opt/airflow/dags/bronze_dag_simple.py took 0.177 seconds
[2025-10-22T15:14:03.949+0000] {processor.py:161} INFO - Started process (PID=76) to work on /opt/airflow/dags/bronze_dag_simple.py
[2025-10-22T15:14:03.951+0000] {processor.py:830} INFO - Processing file /opt/airflow/dags/bronze_dag_simple.py for tasks to queue
[2025-10-22T15:14:03.954+0000] {logging_mixin.py:188} INFO - [2025-10-22T15:14:03.954+0000] {dagbag.py:540} INFO - Filling up the DagBag from /opt/airflow/dags/bronze_dag_simple.py
[2025-10-22T15:14:03.989+0000] {processor.py:840} INFO - DAG(s) 'bronze_dag_simple' retrieved from /opt/airflow/dags/bronze_dag_simple.py
[2025-10-22T15:14:04.034+0000] {logging_mixin.py:188} INFO - [2025-10-22T15:14:04.030+0000] {dag.py:3096} INFO - Sync 1 DAGs
[2025-10-22T15:14:04.091+0000] {logging_mixin.py:188} INFO - [2025-10-22T15:14:04.091+0000] {dag.py:3954} INFO - Setting next_dagrun for bronze_dag_simple to 2025-10-21 18:00:00+00:00, run_after=2025-10-22 18:00:00+00:00
[2025-10-22T15:14:04.135+0000] {processor.py:183} INFO - Processing /opt/airflow/dags/bronze_dag_simple.py took 0.199 seconds
[2025-10-22T15:14:34.309+0000] {processor.py:161} INFO - Started process (PID=77) to work on /opt/airflow/dags/bronze_dag_simple.py
[2025-10-22T15:14:34.310+0000] {processor.py:830} INFO - Processing file /opt/airflow/dags/bronze_dag_simple.py for tasks to queue
[2025-10-22T15:14:34.313+0000] {logging_mixin.py:188} INFO - [2025-10-22T15:14:34.312+0000] {dagbag.py:540} INFO - Filling up the DagBag from /opt/airflow/dags/bronze_dag_simple.py
[2025-10-22T15:14:34.334+0000] {processor.py:840} INFO - DAG(s) 'bronze_dag_simple' retrieved from /opt/airflow/dags/bronze_dag_simple.py
[2025-10-22T15:14:34.360+0000] {logging_mixin.py:188} INFO - [2025-10-22T15:14:34.360+0000] {dag.py:3096} INFO - Sync 1 DAGs
[2025-10-22T15:14:34.381+0000] {logging_mixin.py:188} INFO - [2025-10-22T15:14:34.381+0000] {dag.py:3954} INFO - Setting next_dagrun for bronze_dag_simple to 2025-10-21 18:00:00+00:00, run_after=2025-10-22 18:00:00+00:00
[2025-10-22T15:14:34.397+0000] {processor.py:183} INFO - Processing /opt/airflow/dags/bronze_dag_simple.py took 0.093 seconds
[2025-10-22T15:15:05.720+0000] {processor.py:161} INFO - Started process (PID=79) to work on /opt/airflow/dags/bronze_dag_simple.py
[2025-10-22T15:15:05.721+0000] {processor.py:830} INFO - Processing file /opt/airflow/dags/bronze_dag_simple.py for tasks to queue
[2025-10-22T15:15:05.722+0000] {logging_mixin.py:188} INFO - [2025-10-22T15:15:05.722+0000] {dagbag.py:540} INFO - Filling up the DagBag from /opt/airflow/dags/bronze_dag_simple.py
[2025-10-22T15:15:05.741+0000] {processor.py:840} INFO - DAG(s) 'bronze_dag_simple' retrieved from /opt/airflow/dags/bronze_dag_simple.py
[2025-10-22T15:15:05.761+0000] {logging_mixin.py:188} INFO - [2025-10-22T15:15:05.761+0000] {dag.py:3096} INFO - Sync 1 DAGs
[2025-10-22T15:15:05.778+0000] {logging_mixin.py:188} INFO - [2025-10-22T15:15:05.778+0000] {dag.py:3954} INFO - Setting next_dagrun for bronze_dag_simple to 2025-10-21 18:00:00+00:00, run_after=2025-10-22 18:00:00+00:00
[2025-10-22T15:15:05.797+0000] {processor.py:183} INFO - Processing /opt/airflow/dags/bronze_dag_simple.py took 0.082 seconds
[2025-10-22T15:15:36.568+0000] {processor.py:161} INFO - Started process (PID=81) to work on /opt/airflow/dags/bronze_dag_simple.py
[2025-10-22T15:15:36.569+0000] {processor.py:830} INFO - Processing file /opt/airflow/dags/bronze_dag_simple.py for tasks to queue
[2025-10-22T15:15:36.570+0000] {logging_mixin.py:188} INFO - [2025-10-22T15:15:36.570+0000] {dagbag.py:540} INFO - Filling up the DagBag from /opt/airflow/dags/bronze_dag_simple.py
[2025-10-22T15:15:36.587+0000] {processor.py:840} INFO - DAG(s) 'bronze_dag_simple' retrieved from /opt/airflow/dags/bronze_dag_simple.py
[2025-10-22T15:15:36.607+0000] {logging_mixin.py:188} INFO - [2025-10-22T15:15:36.607+0000] {dag.py:3096} INFO - Sync 1 DAGs
[2025-10-22T15:15:36.627+0000] {logging_mixin.py:188} INFO - [2025-10-22T15:15:36.626+0000] {dag.py:3954} INFO - Setting next_dagrun for bronze_dag_simple to 2025-10-21 18:00:00+00:00, run_after=2025-10-22 18:00:00+00:00
[2025-10-22T15:15:36.641+0000] {processor.py:183} INFO - Processing /opt/airflow/dags/bronze_dag_simple.py took 0.077 seconds
[2025-10-22T15:16:06.799+0000] {processor.py:161} INFO - Started process (PID=83) to work on /opt/airflow/dags/bronze_dag_simple.py
[2025-10-22T15:16:06.800+0000] {processor.py:830} INFO - Processing file /opt/airflow/dags/bronze_dag_simple.py for tasks to queue
[2025-10-22T15:16:06.802+0000] {logging_mixin.py:188} INFO - [2025-10-22T15:16:06.801+0000] {dagbag.py:540} INFO - Filling up the DagBag from /opt/airflow/dags/bronze_dag_simple.py
[2025-10-22T15:16:06.822+0000] {processor.py:840} INFO - DAG(s) 'bronze_dag_simple' retrieved from /opt/airflow/dags/bronze_dag_simple.py
[2025-10-22T15:16:06.843+0000] {logging_mixin.py:188} INFO - [2025-10-22T15:16:06.843+0000] {dag.py:3096} INFO - Sync 1 DAGs
[2025-10-22T15:16:06.862+0000] {logging_mixin.py:188} INFO - [2025-10-22T15:16:06.862+0000] {dag.py:3954} INFO - Setting next_dagrun for bronze_dag_simple to 2025-10-21 18:00:00+00:00, run_after=2025-10-22 18:00:00+00:00
[2025-10-22T15:16:06.878+0000] {processor.py:183} INFO - Processing /opt/airflow/dags/bronze_dag_simple.py took 0.084 seconds
[2025-10-22T15:16:37.124+0000] {processor.py:161} INFO - Started process (PID=90) to work on /opt/airflow/dags/bronze_dag_simple.py
[2025-10-22T15:16:37.145+0000] {processor.py:830} INFO - Processing file /opt/airflow/dags/bronze_dag_simple.py for tasks to queue
[2025-10-22T15:16:37.153+0000] {logging_mixin.py:188} INFO - [2025-10-22T15:16:37.152+0000] {dagbag.py:540} INFO - Filling up the DagBag from /opt/airflow/dags/bronze_dag_simple.py
[2025-10-22T15:16:37.226+0000] {processor.py:840} INFO - DAG(s) 'bronze_dag_simple' retrieved from /opt/airflow/dags/bronze_dag_simple.py
[2025-10-22T15:16:37.331+0000] {logging_mixin.py:188} INFO - [2025-10-22T15:16:37.330+0000] {dag.py:3096} INFO - Sync 1 DAGs
[2025-10-22T15:16:37.376+0000] {logging_mixin.py:188} INFO - [2025-10-22T15:16:37.376+0000] {dag.py:3954} INFO - Setting next_dagrun for bronze_dag_simple to 2025-10-21 18:00:00+00:00, run_after=2025-10-22 18:00:00+00:00
[2025-10-22T15:16:37.399+0000] {processor.py:183} INFO - Processing /opt/airflow/dags/bronze_dag_simple.py took 0.296 seconds
[2025-10-22T15:17:16.739+0000] {processor.py:161} INFO - Started process (PID=93) to work on /opt/airflow/dags/bronze_dag_simple.py
[2025-10-22T15:17:16.740+0000] {processor.py:830} INFO - Processing file /opt/airflow/dags/bronze_dag_simple.py for tasks to queue
[2025-10-22T15:17:16.743+0000] {logging_mixin.py:188} INFO - [2025-10-22T15:17:16.742+0000] {dagbag.py:540} INFO - Filling up the DagBag from /opt/airflow/dags/bronze_dag_simple.py
[2025-10-22T15:17:16.771+0000] {processor.py:840} INFO - DAG(s) 'bronze_dag_simple' retrieved from /opt/airflow/dags/bronze_dag_simple.py
[2025-10-22T15:17:16.815+0000] {logging_mixin.py:188} INFO - [2025-10-22T15:17:16.814+0000] {dag.py:3096} INFO - Sync 1 DAGs
[2025-10-22T15:17:16.843+0000] {logging_mixin.py:188} INFO - [2025-10-22T15:17:16.842+0000] {dag.py:3954} INFO - Setting next_dagrun for bronze_dag_simple to 2025-10-21 18:00:00+00:00, run_after=2025-10-22 18:00:00+00:00
[2025-10-22T15:17:16.871+0000] {processor.py:183} INFO - Processing /opt/airflow/dags/bronze_dag_simple.py took 0.139 seconds
[2025-10-22T15:17:47.277+0000] {processor.py:161} INFO - Started process (PID=94) to work on /opt/airflow/dags/bronze_dag_simple.py
[2025-10-22T15:17:47.278+0000] {processor.py:830} INFO - Processing file /opt/airflow/dags/bronze_dag_simple.py for tasks to queue
[2025-10-22T15:17:47.280+0000] {logging_mixin.py:188} INFO - [2025-10-22T15:17:47.279+0000] {dagbag.py:540} INFO - Filling up the DagBag from /opt/airflow/dags/bronze_dag_simple.py
[2025-10-22T15:17:47.298+0000] {processor.py:840} INFO - DAG(s) 'bronze_dag_simple' retrieved from /opt/airflow/dags/bronze_dag_simple.py
[2025-10-22T15:17:47.320+0000] {logging_mixin.py:188} INFO - [2025-10-22T15:17:47.320+0000] {dag.py:3096} INFO - Sync 1 DAGs
[2025-10-22T15:17:47.341+0000] {logging_mixin.py:188} INFO - [2025-10-22T15:17:47.341+0000] {dag.py:3954} INFO - Setting next_dagrun for bronze_dag_simple to 2025-10-21 18:00:00+00:00, run_after=2025-10-22 18:00:00+00:00
[2025-10-22T15:17:47.359+0000] {processor.py:183} INFO - Processing /opt/airflow/dags/bronze_dag_simple.py took 0.087 seconds
[2025-10-22T15:18:17.636+0000] {processor.py:161} INFO - Started process (PID=96) to work on /opt/airflow/dags/bronze_dag_simple.py
[2025-10-22T15:18:17.638+0000] {processor.py:830} INFO - Processing file /opt/airflow/dags/bronze_dag_simple.py for tasks to queue
[2025-10-22T15:18:17.641+0000] {logging_mixin.py:188} INFO - [2025-10-22T15:18:17.641+0000] {dagbag.py:540} INFO - Filling up the DagBag from /opt/airflow/dags/bronze_dag_simple.py
[2025-10-22T15:18:17.665+0000] {processor.py:840} INFO - DAG(s) 'bronze_dag_simple' retrieved from /opt/airflow/dags/bronze_dag_simple.py
[2025-10-22T15:18:17.690+0000] {logging_mixin.py:188} INFO - [2025-10-22T15:18:17.690+0000] {dag.py:3096} INFO - Sync 1 DAGs
[2025-10-22T15:18:17.712+0000] {logging_mixin.py:188} INFO - [2025-10-22T15:18:17.712+0000] {dag.py:3954} INFO - Setting next_dagrun for bronze_dag_simple to 2025-10-21 18:00:00+00:00, run_after=2025-10-22 18:00:00+00:00
[2025-10-22T15:18:17.729+0000] {processor.py:183} INFO - Processing /opt/airflow/dags/bronze_dag_simple.py took 0.099 seconds
[2025-10-22T15:18:48.065+0000] {processor.py:161} INFO - Started process (PID=98) to work on /opt/airflow/dags/bronze_dag_simple.py
[2025-10-22T15:18:48.065+0000] {processor.py:830} INFO - Processing file /opt/airflow/dags/bronze_dag_simple.py for tasks to queue
[2025-10-22T15:18:48.067+0000] {logging_mixin.py:188} INFO - [2025-10-22T15:18:48.067+0000] {dagbag.py:540} INFO - Filling up the DagBag from /opt/airflow/dags/bronze_dag_simple.py
[2025-10-22T15:18:48.085+0000] {processor.py:840} INFO - DAG(s) 'bronze_dag_simple' retrieved from /opt/airflow/dags/bronze_dag_simple.py
[2025-10-22T15:18:48.106+0000] {logging_mixin.py:188} INFO - [2025-10-22T15:18:48.105+0000] {dag.py:3096} INFO - Sync 1 DAGs
[2025-10-22T15:18:48.122+0000] {logging_mixin.py:188} INFO - [2025-10-22T15:18:48.122+0000] {dag.py:3954} INFO - Setting next_dagrun for bronze_dag_simple to 2025-10-21 18:00:00+00:00, run_after=2025-10-22 18:00:00+00:00
[2025-10-22T15:18:48.137+0000] {processor.py:183} INFO - Processing /opt/airflow/dags/bronze_dag_simple.py took 0.076 seconds
[2025-10-22T15:19:18.316+0000] {processor.py:161} INFO - Started process (PID=100) to work on /opt/airflow/dags/bronze_dag_simple.py
[2025-10-22T15:19:18.317+0000] {processor.py:830} INFO - Processing file /opt/airflow/dags/bronze_dag_simple.py for tasks to queue
[2025-10-22T15:19:18.319+0000] {logging_mixin.py:188} INFO - [2025-10-22T15:19:18.319+0000] {dagbag.py:540} INFO - Filling up the DagBag from /opt/airflow/dags/bronze_dag_simple.py
[2025-10-22T15:19:18.335+0000] {processor.py:840} INFO - DAG(s) 'bronze_dag_simple' retrieved from /opt/airflow/dags/bronze_dag_simple.py
[2025-10-22T15:19:18.353+0000] {logging_mixin.py:188} INFO - [2025-10-22T15:19:18.353+0000] {dag.py:3096} INFO - Sync 1 DAGs
[2025-10-22T15:19:18.369+0000] {logging_mixin.py:188} INFO - [2025-10-22T15:19:18.369+0000] {dag.py:3954} INFO - Setting next_dagrun for bronze_dag_simple to 2025-10-21 18:00:00+00:00, run_after=2025-10-22 18:00:00+00:00
[2025-10-22T15:19:18.384+0000] {processor.py:183} INFO - Processing /opt/airflow/dags/bronze_dag_simple.py took 0.072 seconds
[2025-10-22T15:19:48.835+0000] {processor.py:161} INFO - Started process (PID=102) to work on /opt/airflow/dags/bronze_dag_simple.py
[2025-10-22T15:19:48.836+0000] {processor.py:830} INFO - Processing file /opt/airflow/dags/bronze_dag_simple.py for tasks to queue
[2025-10-22T15:19:48.838+0000] {logging_mixin.py:188} INFO - [2025-10-22T15:19:48.838+0000] {dagbag.py:540} INFO - Filling up the DagBag from /opt/airflow/dags/bronze_dag_simple.py
[2025-10-22T15:19:48.858+0000] {processor.py:840} INFO - DAG(s) 'bronze_dag_simple' retrieved from /opt/airflow/dags/bronze_dag_simple.py
[2025-10-22T15:19:48.881+0000] {logging_mixin.py:188} INFO - [2025-10-22T15:19:48.881+0000] {dag.py:3096} INFO - Sync 1 DAGs
[2025-10-22T15:19:48.905+0000] {logging_mixin.py:188} INFO - [2025-10-22T15:19:48.904+0000] {dag.py:3954} INFO - Setting next_dagrun for bronze_dag_simple to 2025-10-21 18:00:00+00:00, run_after=2025-10-22 18:00:00+00:00
[2025-10-22T15:19:48.929+0000] {processor.py:183} INFO - Processing /opt/airflow/dags/bronze_dag_simple.py took 0.099 seconds
[2025-10-22T15:20:34.054+0000] {processor.py:161} INFO - Started process (PID=105) to work on /opt/airflow/dags/bronze_dag_simple.py
[2025-10-22T15:20:34.055+0000] {processor.py:830} INFO - Processing file /opt/airflow/dags/bronze_dag_simple.py for tasks to queue
[2025-10-22T15:20:34.057+0000] {logging_mixin.py:188} INFO - [2025-10-22T15:20:34.057+0000] {dagbag.py:540} INFO - Filling up the DagBag from /opt/airflow/dags/bronze_dag_simple.py
[2025-10-22T15:20:34.078+0000] {processor.py:840} INFO - DAG(s) 'bronze_dag_simple' retrieved from /opt/airflow/dags/bronze_dag_simple.py
[2025-10-22T15:20:34.100+0000] {logging_mixin.py:188} INFO - [2025-10-22T15:20:34.100+0000] {dag.py:3096} INFO - Sync 1 DAGs
[2025-10-22T15:20:34.120+0000] {logging_mixin.py:188} INFO - [2025-10-22T15:20:34.120+0000] {dag.py:3954} INFO - Setting next_dagrun for bronze_dag_simple to 2025-10-21 18:00:00+00:00, run_after=2025-10-22 18:00:00+00:00
[2025-10-22T15:20:34.136+0000] {processor.py:183} INFO - Processing /opt/airflow/dags/bronze_dag_simple.py took 0.088 seconds
[2025-10-22T15:21:04.297+0000] {processor.py:161} INFO - Started process (PID=106) to work on /opt/airflow/dags/bronze_dag_simple.py
[2025-10-22T15:21:04.298+0000] {processor.py:830} INFO - Processing file /opt/airflow/dags/bronze_dag_simple.py for tasks to queue
[2025-10-22T15:21:04.300+0000] {logging_mixin.py:188} INFO - [2025-10-22T15:21:04.300+0000] {dagbag.py:540} INFO - Filling up the DagBag from /opt/airflow/dags/bronze_dag_simple.py
[2025-10-22T15:21:04.318+0000] {processor.py:840} INFO - DAG(s) 'bronze_dag_simple' retrieved from /opt/airflow/dags/bronze_dag_simple.py
[2025-10-22T15:21:04.336+0000] {logging_mixin.py:188} INFO - [2025-10-22T15:21:04.336+0000] {dag.py:3096} INFO - Sync 1 DAGs
[2025-10-22T15:21:04.353+0000] {logging_mixin.py:188} INFO - [2025-10-22T15:21:04.353+0000] {dag.py:3954} INFO - Setting next_dagrun for bronze_dag_simple to 2025-10-21 18:00:00+00:00, run_after=2025-10-22 18:00:00+00:00
[2025-10-22T15:21:04.372+0000] {processor.py:183} INFO - Processing /opt/airflow/dags/bronze_dag_simple.py took 0.079 seconds
[2025-10-22T15:21:34.502+0000] {processor.py:161} INFO - Started process (PID=108) to work on /opt/airflow/dags/bronze_dag_simple.py
[2025-10-22T15:21:34.503+0000] {processor.py:830} INFO - Processing file /opt/airflow/dags/bronze_dag_simple.py for tasks to queue
[2025-10-22T15:21:34.505+0000] {logging_mixin.py:188} INFO - [2025-10-22T15:21:34.505+0000] {dagbag.py:540} INFO - Filling up the DagBag from /opt/airflow/dags/bronze_dag_simple.py
[2025-10-22T15:21:34.523+0000] {processor.py:840} INFO - DAG(s) 'bronze_dag_simple' retrieved from /opt/airflow/dags/bronze_dag_simple.py
[2025-10-22T15:21:34.545+0000] {logging_mixin.py:188} INFO - [2025-10-22T15:21:34.545+0000] {dag.py:3096} INFO - Sync 1 DAGs
[2025-10-22T15:21:34.564+0000] {logging_mixin.py:188} INFO - [2025-10-22T15:21:34.563+0000] {dag.py:3954} INFO - Setting next_dagrun for bronze_dag_simple to 2025-10-21 18:00:00+00:00, run_after=2025-10-22 18:00:00+00:00
[2025-10-22T15:21:34.580+0000] {processor.py:183} INFO - Processing /opt/airflow/dags/bronze_dag_simple.py took 0.084 seconds
[2025-10-22T15:22:37.331+0000] {processor.py:161} INFO - Started process (PID=111) to work on /opt/airflow/dags/bronze_dag_simple.py
[2025-10-22T15:22:37.332+0000] {processor.py:830} INFO - Processing file /opt/airflow/dags/bronze_dag_simple.py for tasks to queue
[2025-10-22T15:22:37.333+0000] {logging_mixin.py:188} INFO - [2025-10-22T15:22:37.333+0000] {dagbag.py:540} INFO - Filling up the DagBag from /opt/airflow/dags/bronze_dag_simple.py
[2025-10-22T15:22:37.352+0000] {processor.py:840} INFO - DAG(s) 'bronze_dag_simple' retrieved from /opt/airflow/dags/bronze_dag_simple.py
[2025-10-22T15:22:37.374+0000] {logging_mixin.py:188} INFO - [2025-10-22T15:22:37.373+0000] {dag.py:3096} INFO - Sync 1 DAGs
[2025-10-22T15:22:37.394+0000] {logging_mixin.py:188} INFO - [2025-10-22T15:22:37.393+0000] {dag.py:3954} INFO - Setting next_dagrun for bronze_dag_simple to 2025-10-21 18:00:00+00:00, run_after=2025-10-22 18:00:00+00:00
[2025-10-22T15:22:37.410+0000] {processor.py:183} INFO - Processing /opt/airflow/dags/bronze_dag_simple.py took 0.084 seconds
[2025-10-22T15:23:08.156+0000] {processor.py:161} INFO - Started process (PID=113) to work on /opt/airflow/dags/bronze_dag_simple.py
[2025-10-22T15:23:08.157+0000] {processor.py:830} INFO - Processing file /opt/airflow/dags/bronze_dag_simple.py for tasks to queue
[2025-10-22T15:23:08.158+0000] {logging_mixin.py:188} INFO - [2025-10-22T15:23:08.158+0000] {dagbag.py:540} INFO - Filling up the DagBag from /opt/airflow/dags/bronze_dag_simple.py
[2025-10-22T15:23:08.178+0000] {processor.py:840} INFO - DAG(s) 'bronze_dag_simple' retrieved from /opt/airflow/dags/bronze_dag_simple.py
[2025-10-22T15:23:08.198+0000] {logging_mixin.py:188} INFO - [2025-10-22T15:23:08.198+0000] {dag.py:3096} INFO - Sync 1 DAGs
[2025-10-22T15:23:08.219+0000] {logging_mixin.py:188} INFO - [2025-10-22T15:23:08.219+0000] {dag.py:3954} INFO - Setting next_dagrun for bronze_dag_simple to 2025-10-21 18:00:00+00:00, run_after=2025-10-22 18:00:00+00:00
[2025-10-22T15:23:08.234+0000] {processor.py:183} INFO - Processing /opt/airflow/dags/bronze_dag_simple.py took 0.083 seconds
[2025-10-22T15:23:38.406+0000] {processor.py:161} INFO - Started process (PID=114) to work on /opt/airflow/dags/bronze_dag_simple.py
[2025-10-22T15:23:38.408+0000] {processor.py:830} INFO - Processing file /opt/airflow/dags/bronze_dag_simple.py for tasks to queue
[2025-10-22T15:23:38.410+0000] {logging_mixin.py:188} INFO - [2025-10-22T15:23:38.409+0000] {dagbag.py:540} INFO - Filling up the DagBag from /opt/airflow/dags/bronze_dag_simple.py
[2025-10-22T15:23:38.433+0000] {processor.py:840} INFO - DAG(s) 'bronze_dag_simple' retrieved from /opt/airflow/dags/bronze_dag_simple.py
[2025-10-22T15:23:38.460+0000] {logging_mixin.py:188} INFO - [2025-10-22T15:23:38.460+0000] {dag.py:3096} INFO - Sync 1 DAGs
[2025-10-22T15:23:38.483+0000] {logging_mixin.py:188} INFO - [2025-10-22T15:23:38.483+0000] {dag.py:3954} INFO - Setting next_dagrun for bronze_dag_simple to 2025-10-21 18:00:00+00:00, run_after=2025-10-22 18:00:00+00:00
[2025-10-22T15:23:38.500+0000] {processor.py:183} INFO - Processing /opt/airflow/dags/bronze_dag_simple.py took 0.100 seconds
[2025-10-22T15:24:37.582+0000] {processor.py:161} INFO - Started process (PID=117) to work on /opt/airflow/dags/bronze_dag_simple.py
[2025-10-22T15:24:37.583+0000] {processor.py:830} INFO - Processing file /opt/airflow/dags/bronze_dag_simple.py for tasks to queue
[2025-10-22T15:24:37.585+0000] {logging_mixin.py:188} INFO - [2025-10-22T15:24:37.585+0000] {dagbag.py:540} INFO - Filling up the DagBag from /opt/airflow/dags/bronze_dag_simple.py
[2025-10-22T15:24:37.608+0000] {processor.py:840} INFO - DAG(s) 'bronze_dag_simple' retrieved from /opt/airflow/dags/bronze_dag_simple.py
[2025-10-22T15:24:37.634+0000] {logging_mixin.py:188} INFO - [2025-10-22T15:24:37.633+0000] {dag.py:3096} INFO - Sync 1 DAGs
[2025-10-22T15:24:37.655+0000] {logging_mixin.py:188} INFO - [2025-10-22T15:24:37.654+0000] {dag.py:3954} INFO - Setting next_dagrun for bronze_dag_simple to 2025-10-21 18:00:00+00:00, run_after=2025-10-22 18:00:00+00:00
[2025-10-22T15:24:37.673+0000] {processor.py:183} INFO - Processing /opt/airflow/dags/bronze_dag_simple.py took 0.097 seconds
[2025-10-22T15:25:07.846+0000] {processor.py:161} INFO - Started process (PID=118) to work on /opt/airflow/dags/bronze_dag_simple.py
[2025-10-22T15:25:07.847+0000] {processor.py:830} INFO - Processing file /opt/airflow/dags/bronze_dag_simple.py for tasks to queue
[2025-10-22T15:25:07.849+0000] {logging_mixin.py:188} INFO - [2025-10-22T15:25:07.848+0000] {dagbag.py:540} INFO - Filling up the DagBag from /opt/airflow/dags/bronze_dag_simple.py
[2025-10-22T15:25:07.869+0000] {processor.py:840} INFO - DAG(s) 'bronze_dag_simple' retrieved from /opt/airflow/dags/bronze_dag_simple.py
[2025-10-22T15:25:07.889+0000] {logging_mixin.py:188} INFO - [2025-10-22T15:25:07.889+0000] {dag.py:3096} INFO - Sync 1 DAGs
[2025-10-22T15:25:07.908+0000] {logging_mixin.py:188} INFO - [2025-10-22T15:25:07.908+0000] {dag.py:3954} INFO - Setting next_dagrun for bronze_dag_simple to 2025-10-21 18:00:00+00:00, run_after=2025-10-22 18:00:00+00:00
[2025-10-22T15:25:07.924+0000] {processor.py:183} INFO - Processing /opt/airflow/dags/bronze_dag_simple.py took 0.083 seconds
[2025-10-22T15:25:38.714+0000] {processor.py:161} INFO - Started process (PID=120) to work on /opt/airflow/dags/bronze_dag_simple.py
[2025-10-22T15:25:38.715+0000] {processor.py:830} INFO - Processing file /opt/airflow/dags/bronze_dag_simple.py for tasks to queue
[2025-10-22T15:25:38.717+0000] {logging_mixin.py:188} INFO - [2025-10-22T15:25:38.717+0000] {dagbag.py:540} INFO - Filling up the DagBag from /opt/airflow/dags/bronze_dag_simple.py
[2025-10-22T15:25:38.736+0000] {processor.py:840} INFO - DAG(s) 'bronze_dag_simple' retrieved from /opt/airflow/dags/bronze_dag_simple.py
[2025-10-22T15:25:38.757+0000] {logging_mixin.py:188} INFO - [2025-10-22T15:25:38.757+0000] {dag.py:3096} INFO - Sync 1 DAGs
[2025-10-22T15:25:38.774+0000] {logging_mixin.py:188} INFO - [2025-10-22T15:25:38.774+0000] {dag.py:3954} INFO - Setting next_dagrun for bronze_dag_simple to 2025-10-21 18:00:00+00:00, run_after=2025-10-22 18:00:00+00:00
[2025-10-22T15:25:38.789+0000] {processor.py:183} INFO - Processing /opt/airflow/dags/bronze_dag_simple.py took 0.079 seconds
[2025-10-22T15:26:08.953+0000] {processor.py:161} INFO - Started process (PID=122) to work on /opt/airflow/dags/bronze_dag_simple.py
[2025-10-22T15:26:08.954+0000] {processor.py:830} INFO - Processing file /opt/airflow/dags/bronze_dag_simple.py for tasks to queue
[2025-10-22T15:26:08.956+0000] {logging_mixin.py:188} INFO - [2025-10-22T15:26:08.956+0000] {dagbag.py:540} INFO - Filling up the DagBag from /opt/airflow/dags/bronze_dag_simple.py
[2025-10-22T15:26:08.975+0000] {processor.py:840} INFO - DAG(s) 'bronze_dag_simple' retrieved from /opt/airflow/dags/bronze_dag_simple.py
[2025-10-22T15:26:08.997+0000] {logging_mixin.py:188} INFO - [2025-10-22T15:26:08.996+0000] {dag.py:3096} INFO - Sync 1 DAGs
[2025-10-22T15:26:09.015+0000] {logging_mixin.py:188} INFO - [2025-10-22T15:26:09.015+0000] {dag.py:3954} INFO - Setting next_dagrun for bronze_dag_simple to 2025-10-21 18:00:00+00:00, run_after=2025-10-22 18:00:00+00:00
[2025-10-22T15:26:09.030+0000] {processor.py:183} INFO - Processing /opt/airflow/dags/bronze_dag_simple.py took 0.082 seconds
[2025-10-22T15:26:39.201+0000] {processor.py:161} INFO - Started process (PID=124) to work on /opt/airflow/dags/bronze_dag_simple.py
[2025-10-22T15:26:39.201+0000] {processor.py:830} INFO - Processing file /opt/airflow/dags/bronze_dag_simple.py for tasks to queue
[2025-10-22T15:26:39.203+0000] {logging_mixin.py:188} INFO - [2025-10-22T15:26:39.203+0000] {dagbag.py:540} INFO - Filling up the DagBag from /opt/airflow/dags/bronze_dag_simple.py
[2025-10-22T15:26:39.223+0000] {processor.py:840} INFO - DAG(s) 'bronze_dag_simple' retrieved from /opt/airflow/dags/bronze_dag_simple.py
[2025-10-22T15:26:39.245+0000] {logging_mixin.py:188} INFO - [2025-10-22T15:26:39.245+0000] {dag.py:3096} INFO - Sync 1 DAGs
[2025-10-22T15:26:39.265+0000] {logging_mixin.py:188} INFO - [2025-10-22T15:26:39.265+0000] {dag.py:3954} INFO - Setting next_dagrun for bronze_dag_simple to 2025-10-21 18:00:00+00:00, run_after=2025-10-22 18:00:00+00:00
[2025-10-22T15:26:39.281+0000] {processor.py:183} INFO - Processing /opt/airflow/dags/bronze_dag_simple.py took 0.086 seconds
[2025-10-22T15:27:24.971+0000] {processor.py:161} INFO - Started process (PID=127) to work on /opt/airflow/dags/bronze_dag_simple.py
[2025-10-22T15:27:24.972+0000] {processor.py:830} INFO - Processing file /opt/airflow/dags/bronze_dag_simple.py for tasks to queue
[2025-10-22T15:27:24.974+0000] {logging_mixin.py:188} INFO - [2025-10-22T15:27:24.974+0000] {dagbag.py:540} INFO - Filling up the DagBag from /opt/airflow/dags/bronze_dag_simple.py
[2025-10-22T15:27:25.000+0000] {processor.py:840} INFO - DAG(s) 'bronze_dag_simple' retrieved from /opt/airflow/dags/bronze_dag_simple.py
[2025-10-22T15:27:25.027+0000] {logging_mixin.py:188} INFO - [2025-10-22T15:27:25.027+0000] {dag.py:3096} INFO - Sync 1 DAGs
[2025-10-22T15:27:25.051+0000] {logging_mixin.py:188} INFO - [2025-10-22T15:27:25.051+0000] {dag.py:3954} INFO - Setting next_dagrun for bronze_dag_simple to 2025-10-21 18:00:00+00:00, run_after=2025-10-22 18:00:00+00:00
[2025-10-22T15:27:25.071+0000] {processor.py:183} INFO - Processing /opt/airflow/dags/bronze_dag_simple.py took 0.104 seconds
[2025-10-22T15:27:55.422+0000] {processor.py:161} INFO - Started process (PID=128) to work on /opt/airflow/dags/bronze_dag_simple.py
[2025-10-22T15:27:55.423+0000] {processor.py:830} INFO - Processing file /opt/airflow/dags/bronze_dag_simple.py for tasks to queue
[2025-10-22T15:27:55.426+0000] {logging_mixin.py:188} INFO - [2025-10-22T15:27:55.425+0000] {dagbag.py:540} INFO - Filling up the DagBag from /opt/airflow/dags/bronze_dag_simple.py
[2025-10-22T15:27:55.460+0000] {processor.py:840} INFO - DAG(s) 'bronze_dag_simple' retrieved from /opt/airflow/dags/bronze_dag_simple.py
[2025-10-22T15:27:55.492+0000] {logging_mixin.py:188} INFO - [2025-10-22T15:27:55.491+0000] {dag.py:3096} INFO - Sync 1 DAGs
[2025-10-22T15:27:55.514+0000] {logging_mixin.py:188} INFO - [2025-10-22T15:27:55.514+0000] {dag.py:3954} INFO - Setting next_dagrun for bronze_dag_simple to 2025-10-21 18:00:00+00:00, run_after=2025-10-22 18:00:00+00:00
[2025-10-22T15:27:55.541+0000] {processor.py:183} INFO - Processing /opt/airflow/dags/bronze_dag_simple.py took 0.127 seconds
[2025-10-22T15:28:25.975+0000] {processor.py:161} INFO - Started process (PID=130) to work on /opt/airflow/dags/bronze_dag_simple.py
[2025-10-22T15:28:25.976+0000] {processor.py:830} INFO - Processing file /opt/airflow/dags/bronze_dag_simple.py for tasks to queue
[2025-10-22T15:28:25.978+0000] {logging_mixin.py:188} INFO - [2025-10-22T15:28:25.978+0000] {dagbag.py:540} INFO - Filling up the DagBag from /opt/airflow/dags/bronze_dag_simple.py
[2025-10-22T15:28:26.004+0000] {processor.py:840} INFO - DAG(s) 'bronze_dag_simple' retrieved from /opt/airflow/dags/bronze_dag_simple.py
[2025-10-22T15:28:26.028+0000] {logging_mixin.py:188} INFO - [2025-10-22T15:28:26.027+0000] {dag.py:3096} INFO - Sync 1 DAGs
[2025-10-22T15:28:26.050+0000] {logging_mixin.py:188} INFO - [2025-10-22T15:28:26.050+0000] {dag.py:3954} INFO - Setting next_dagrun for bronze_dag_simple to 2025-10-21 18:00:00+00:00, run_after=2025-10-22 18:00:00+00:00
[2025-10-22T15:28:26.071+0000] {processor.py:183} INFO - Processing /opt/airflow/dags/bronze_dag_simple.py took 0.101 seconds
[2025-10-22T15:28:56.335+0000] {processor.py:161} INFO - Started process (PID=132) to work on /opt/airflow/dags/bronze_dag_simple.py
[2025-10-22T15:28:56.336+0000] {processor.py:830} INFO - Processing file /opt/airflow/dags/bronze_dag_simple.py for tasks to queue
[2025-10-22T15:28:56.338+0000] {logging_mixin.py:188} INFO - [2025-10-22T15:28:56.337+0000] {dagbag.py:540} INFO - Filling up the DagBag from /opt/airflow/dags/bronze_dag_simple.py
[2025-10-22T15:28:56.358+0000] {processor.py:840} INFO - DAG(s) 'bronze_dag_simple' retrieved from /opt/airflow/dags/bronze_dag_simple.py
[2025-10-22T15:28:56.386+0000] {logging_mixin.py:188} INFO - [2025-10-22T15:28:56.386+0000] {dag.py:3096} INFO - Sync 1 DAGs
[2025-10-22T15:28:56.405+0000] {logging_mixin.py:188} INFO - [2025-10-22T15:28:56.405+0000] {dag.py:3954} INFO - Setting next_dagrun for bronze_dag_simple to 2025-10-21 18:00:00+00:00, run_after=2025-10-22 18:00:00+00:00
[2025-10-22T15:28:56.420+0000] {processor.py:183} INFO - Processing /opt/airflow/dags/bronze_dag_simple.py took 0.091 seconds
[2025-10-22T15:29:57.793+0000] {processor.py:161} INFO - Started process (PID=135) to work on /opt/airflow/dags/bronze_dag_simple.py
[2025-10-22T15:29:57.794+0000] {processor.py:830} INFO - Processing file /opt/airflow/dags/bronze_dag_simple.py for tasks to queue
[2025-10-22T15:29:57.796+0000] {logging_mixin.py:188} INFO - [2025-10-22T15:29:57.795+0000] {dagbag.py:540} INFO - Filling up the DagBag from /opt/airflow/dags/bronze_dag_simple.py
[2025-10-22T15:29:57.815+0000] {processor.py:840} INFO - DAG(s) 'bronze_dag_simple' retrieved from /opt/airflow/dags/bronze_dag_simple.py
[2025-10-22T15:29:57.837+0000] {logging_mixin.py:188} INFO - [2025-10-22T15:29:57.837+0000] {dag.py:3096} INFO - Sync 1 DAGs
[2025-10-22T15:29:57.855+0000] {logging_mixin.py:188} INFO - [2025-10-22T15:29:57.855+0000] {dag.py:3954} INFO - Setting next_dagrun for bronze_dag_simple to 2025-10-21 18:00:00+00:00, run_after=2025-10-22 18:00:00+00:00
[2025-10-22T15:29:57.872+0000] {processor.py:183} INFO - Processing /opt/airflow/dags/bronze_dag_simple.py took 0.085 seconds
[2025-10-22T15:30:28.598+0000] {processor.py:161} INFO - Started process (PID=137) to work on /opt/airflow/dags/bronze_dag_simple.py
[2025-10-22T15:30:28.599+0000] {processor.py:830} INFO - Processing file /opt/airflow/dags/bronze_dag_simple.py for tasks to queue
[2025-10-22T15:30:28.601+0000] {logging_mixin.py:188} INFO - [2025-10-22T15:30:28.600+0000] {dagbag.py:540} INFO - Filling up the DagBag from /opt/airflow/dags/bronze_dag_simple.py
[2025-10-22T15:30:28.618+0000] {processor.py:840} INFO - DAG(s) 'bronze_dag_simple' retrieved from /opt/airflow/dags/bronze_dag_simple.py
[2025-10-22T15:30:28.629+0000] {logging_mixin.py:188} INFO - [2025-10-22T15:30:28.629+0000] {dag.py:3096} INFO - Sync 1 DAGs
[2025-10-22T15:30:28.645+0000] {logging_mixin.py:188} INFO - [2025-10-22T15:30:28.645+0000] {dag.py:3954} INFO - Setting next_dagrun for bronze_dag_simple to 2025-10-21 18:00:00+00:00, run_after=2025-10-22 18:00:00+00:00
[2025-10-22T15:30:28.660+0000] {processor.py:183} INFO - Processing /opt/airflow/dags/bronze_dag_simple.py took 0.066 seconds
[2025-10-22T15:31:29.505+0000] {processor.py:161} INFO - Started process (PID=144) to work on /opt/airflow/dags/bronze_dag_simple.py
[2025-10-22T15:31:29.506+0000] {processor.py:830} INFO - Processing file /opt/airflow/dags/bronze_dag_simple.py for tasks to queue
[2025-10-22T15:31:29.508+0000] {logging_mixin.py:188} INFO - [2025-10-22T15:31:29.508+0000] {dagbag.py:540} INFO - Filling up the DagBag from /opt/airflow/dags/bronze_dag_simple.py
[2025-10-22T15:31:29.528+0000] {processor.py:840} INFO - DAG(s) 'bronze_dag_simple' retrieved from /opt/airflow/dags/bronze_dag_simple.py
[2025-10-22T15:31:29.628+0000] {logging_mixin.py:188} INFO - [2025-10-22T15:31:29.627+0000] {dag.py:3096} INFO - Sync 1 DAGs
[2025-10-22T15:31:29.646+0000] {logging_mixin.py:188} INFO - [2025-10-22T15:31:29.646+0000] {dag.py:3954} INFO - Setting next_dagrun for bronze_dag_simple to 2025-10-21 18:00:00+00:00, run_after=2025-10-22 18:00:00+00:00
[2025-10-22T15:31:29.667+0000] {processor.py:183} INFO - Processing /opt/airflow/dags/bronze_dag_simple.py took 0.168 seconds
[2025-10-22T15:32:00.429+0000] {processor.py:161} INFO - Started process (PID=146) to work on /opt/airflow/dags/bronze_dag_simple.py
[2025-10-22T15:32:00.430+0000] {processor.py:830} INFO - Processing file /opt/airflow/dags/bronze_dag_simple.py for tasks to queue
[2025-10-22T15:32:00.433+0000] {logging_mixin.py:188} INFO - [2025-10-22T15:32:00.432+0000] {dagbag.py:540} INFO - Filling up the DagBag from /opt/airflow/dags/bronze_dag_simple.py
[2025-10-22T15:32:00.453+0000] {processor.py:840} INFO - DAG(s) 'bronze_dag_simple' retrieved from /opt/airflow/dags/bronze_dag_simple.py
[2025-10-22T15:32:00.475+0000] {logging_mixin.py:188} INFO - [2025-10-22T15:32:00.475+0000] {dag.py:3096} INFO - Sync 1 DAGs
[2025-10-22T15:32:00.495+0000] {logging_mixin.py:188} INFO - [2025-10-22T15:32:00.494+0000] {dag.py:3954} INFO - Setting next_dagrun for bronze_dag_simple to 2025-10-21 18:00:00+00:00, run_after=2025-10-22 18:00:00+00:00
[2025-10-22T15:32:00.511+0000] {processor.py:183} INFO - Processing /opt/airflow/dags/bronze_dag_simple.py took 0.088 seconds
[2025-10-22T15:32:30.744+0000] {processor.py:161} INFO - Started process (PID=147) to work on /opt/airflow/dags/bronze_dag_simple.py
[2025-10-22T15:32:30.749+0000] {processor.py:830} INFO - Processing file /opt/airflow/dags/bronze_dag_simple.py for tasks to queue
[2025-10-22T15:32:30.753+0000] {logging_mixin.py:188} INFO - [2025-10-22T15:32:30.752+0000] {dagbag.py:540} INFO - Filling up the DagBag from /opt/airflow/dags/bronze_dag_simple.py
[2025-10-22T15:32:30.799+0000] {processor.py:840} INFO - DAG(s) 'bronze_dag_simple' retrieved from /opt/airflow/dags/bronze_dag_simple.py
[2025-10-22T15:32:30.849+0000] {logging_mixin.py:188} INFO - [2025-10-22T15:32:30.848+0000] {dag.py:3096} INFO - Sync 1 DAGs
[2025-10-22T15:32:30.893+0000] {logging_mixin.py:188} INFO - [2025-10-22T15:32:30.892+0000] {dag.py:3954} INFO - Setting next_dagrun for bronze_dag_simple to 2025-10-21 18:00:00+00:00, run_after=2025-10-22 18:00:00+00:00
[2025-10-22T15:32:30.927+0000] {processor.py:183} INFO - Processing /opt/airflow/dags/bronze_dag_simple.py took 0.195 seconds
[2025-10-22T15:33:01.188+0000] {processor.py:161} INFO - Started process (PID=149) to work on /opt/airflow/dags/bronze_dag_simple.py
[2025-10-22T15:33:01.189+0000] {processor.py:830} INFO - Processing file /opt/airflow/dags/bronze_dag_simple.py for tasks to queue
[2025-10-22T15:33:01.192+0000] {logging_mixin.py:188} INFO - [2025-10-22T15:33:01.191+0000] {dagbag.py:540} INFO - Filling up the DagBag from /opt/airflow/dags/bronze_dag_simple.py
[2025-10-22T15:33:01.214+0000] {processor.py:840} INFO - DAG(s) 'bronze_dag_simple' retrieved from /opt/airflow/dags/bronze_dag_simple.py
[2025-10-22T15:33:01.237+0000] {logging_mixin.py:188} INFO - [2025-10-22T15:33:01.237+0000] {dag.py:3096} INFO - Sync 1 DAGs
[2025-10-22T15:33:01.255+0000] {logging_mixin.py:188} INFO - [2025-10-22T15:33:01.255+0000] {dag.py:3954} INFO - Setting next_dagrun for bronze_dag_simple to 2025-10-21 18:00:00+00:00, run_after=2025-10-22 18:00:00+00:00
[2025-10-22T15:33:01.273+0000] {processor.py:183} INFO - Processing /opt/airflow/dags/bronze_dag_simple.py took 0.091 seconds
[2025-10-22T15:33:31.460+0000] {processor.py:161} INFO - Started process (PID=151) to work on /opt/airflow/dags/bronze_dag_simple.py
[2025-10-22T15:33:31.461+0000] {processor.py:830} INFO - Processing file /opt/airflow/dags/bronze_dag_simple.py for tasks to queue
[2025-10-22T15:33:31.463+0000] {logging_mixin.py:188} INFO - [2025-10-22T15:33:31.462+0000] {dagbag.py:540} INFO - Filling up the DagBag from /opt/airflow/dags/bronze_dag_simple.py
[2025-10-22T15:33:31.482+0000] {processor.py:840} INFO - DAG(s) 'bronze_dag_simple' retrieved from /opt/airflow/dags/bronze_dag_simple.py
[2025-10-22T15:33:31.506+0000] {logging_mixin.py:188} INFO - [2025-10-22T15:33:31.506+0000] {dag.py:3096} INFO - Sync 1 DAGs
[2025-10-22T15:33:31.530+0000] {logging_mixin.py:188} INFO - [2025-10-22T15:33:31.530+0000] {dag.py:3954} INFO - Setting next_dagrun for bronze_dag_simple to 2025-10-21 18:00:00+00:00, run_after=2025-10-22 18:00:00+00:00
[2025-10-22T15:33:31.548+0000] {processor.py:183} INFO - Processing /opt/airflow/dags/bronze_dag_simple.py took 0.095 seconds
[2025-10-22T15:34:08.097+0000] {processor.py:161} INFO - Started process (PID=153) to work on /opt/airflow/dags/bronze_dag_simple.py
[2025-10-22T15:34:08.098+0000] {processor.py:830} INFO - Processing file /opt/airflow/dags/bronze_dag_simple.py for tasks to queue
[2025-10-22T15:34:08.100+0000] {logging_mixin.py:188} INFO - [2025-10-22T15:34:08.100+0000] {dagbag.py:540} INFO - Filling up the DagBag from /opt/airflow/dags/bronze_dag_simple.py
[2025-10-22T15:34:08.123+0000] {processor.py:840} INFO - DAG(s) 'bronze_dag_simple' retrieved from /opt/airflow/dags/bronze_dag_simple.py
[2025-10-22T15:34:08.149+0000] {logging_mixin.py:188} INFO - [2025-10-22T15:34:08.149+0000] {dag.py:3096} INFO - Sync 1 DAGs
[2025-10-22T15:34:08.169+0000] {logging_mixin.py:188} INFO - [2025-10-22T15:34:08.169+0000] {dag.py:3954} INFO - Setting next_dagrun for bronze_dag_simple to 2025-10-21 18:00:00+00:00, run_after=2025-10-22 18:00:00+00:00
[2025-10-22T15:34:08.188+0000] {processor.py:183} INFO - Processing /opt/airflow/dags/bronze_dag_simple.py took 0.098 seconds
[2025-10-22T15:34:38.401+0000] {processor.py:161} INFO - Started process (PID=154) to work on /opt/airflow/dags/bronze_dag_simple.py
[2025-10-22T15:34:38.402+0000] {processor.py:830} INFO - Processing file /opt/airflow/dags/bronze_dag_simple.py for tasks to queue
[2025-10-22T15:34:38.404+0000] {logging_mixin.py:188} INFO - [2025-10-22T15:34:38.403+0000] {dagbag.py:540} INFO - Filling up the DagBag from /opt/airflow/dags/bronze_dag_simple.py
[2025-10-22T15:34:38.428+0000] {processor.py:840} INFO - DAG(s) 'bronze_dag_simple' retrieved from /opt/airflow/dags/bronze_dag_simple.py
[2025-10-22T15:34:38.457+0000] {logging_mixin.py:188} INFO - [2025-10-22T15:34:38.457+0000] {dag.py:3096} INFO - Sync 1 DAGs
[2025-10-22T15:34:38.482+0000] {logging_mixin.py:188} INFO - [2025-10-22T15:34:38.482+0000] {dag.py:3954} INFO - Setting next_dagrun for bronze_dag_simple to 2025-10-21 18:00:00+00:00, run_after=2025-10-22 18:00:00+00:00
[2025-10-22T15:34:38.505+0000] {processor.py:183} INFO - Processing /opt/airflow/dags/bronze_dag_simple.py took 0.110 seconds
[2025-10-22T15:35:08.598+0000] {processor.py:161} INFO - Started process (PID=156) to work on /opt/airflow/dags/bronze_dag_simple.py
[2025-10-22T15:35:08.599+0000] {processor.py:830} INFO - Processing file /opt/airflow/dags/bronze_dag_simple.py for tasks to queue
[2025-10-22T15:35:08.601+0000] {logging_mixin.py:188} INFO - [2025-10-22T15:35:08.600+0000] {dagbag.py:540} INFO - Filling up the DagBag from /opt/airflow/dags/bronze_dag_simple.py
[2025-10-22T15:35:08.625+0000] {processor.py:840} INFO - DAG(s) 'bronze_dag_simple' retrieved from /opt/airflow/dags/bronze_dag_simple.py
[2025-10-22T15:35:08.654+0000] {logging_mixin.py:188} INFO - [2025-10-22T15:35:08.654+0000] {dag.py:3096} INFO - Sync 1 DAGs
[2025-10-22T15:35:08.679+0000] {logging_mixin.py:188} INFO - [2025-10-22T15:35:08.679+0000] {dag.py:3954} INFO - Setting next_dagrun for bronze_dag_simple to 2025-10-21 18:00:00+00:00, run_after=2025-10-22 18:00:00+00:00
[2025-10-22T15:35:08.702+0000] {processor.py:183} INFO - Processing /opt/airflow/dags/bronze_dag_simple.py took 0.109 seconds
[2025-10-22T15:35:39.011+0000] {processor.py:161} INFO - Started process (PID=158) to work on /opt/airflow/dags/bronze_dag_simple.py
[2025-10-22T15:35:39.012+0000] {processor.py:830} INFO - Processing file /opt/airflow/dags/bronze_dag_simple.py for tasks to queue
[2025-10-22T15:35:39.014+0000] {logging_mixin.py:188} INFO - [2025-10-22T15:35:39.014+0000] {dagbag.py:540} INFO - Filling up the DagBag from /opt/airflow/dags/bronze_dag_simple.py
[2025-10-22T15:35:39.039+0000] {processor.py:840} INFO - DAG(s) 'bronze_dag_simple' retrieved from /opt/airflow/dags/bronze_dag_simple.py
[2025-10-22T15:35:39.066+0000] {logging_mixin.py:188} INFO - [2025-10-22T15:35:39.065+0000] {dag.py:3096} INFO - Sync 1 DAGs
[2025-10-22T15:35:39.094+0000] {logging_mixin.py:188} INFO - [2025-10-22T15:35:39.093+0000] {dag.py:3954} INFO - Setting next_dagrun for bronze_dag_simple to 2025-10-21 18:00:00+00:00, run_after=2025-10-22 18:00:00+00:00
[2025-10-22T15:35:39.116+0000] {processor.py:183} INFO - Processing /opt/airflow/dags/bronze_dag_simple.py took 0.111 seconds
[2025-10-22T15:36:09.556+0000] {processor.py:161} INFO - Started process (PID=165) to work on /opt/airflow/dags/bronze_dag_simple.py
[2025-10-22T15:36:09.557+0000] {processor.py:830} INFO - Processing file /opt/airflow/dags/bronze_dag_simple.py for tasks to queue
[2025-10-22T15:36:09.559+0000] {logging_mixin.py:188} INFO - [2025-10-22T15:36:09.559+0000] {dagbag.py:540} INFO - Filling up the DagBag from /opt/airflow/dags/bronze_dag_simple.py
[2025-10-22T15:36:09.582+0000] {processor.py:840} INFO - DAG(s) 'bronze_dag_simple' retrieved from /opt/airflow/dags/bronze_dag_simple.py
[2025-10-22T15:36:09.605+0000] {logging_mixin.py:188} INFO - [2025-10-22T15:36:09.604+0000] {dag.py:3096} INFO - Sync 1 DAGs
[2025-10-22T15:36:09.625+0000] {logging_mixin.py:188} INFO - [2025-10-22T15:36:09.625+0000] {dag.py:3954} INFO - Setting next_dagrun for bronze_dag_simple to 2025-10-21 18:00:00+00:00, run_after=2025-10-22 18:00:00+00:00
[2025-10-22T15:36:09.645+0000] {processor.py:183} INFO - Processing /opt/airflow/dags/bronze_dag_simple.py took 0.097 seconds
[2025-10-22T15:36:39.886+0000] {processor.py:161} INFO - Started process (PID=167) to work on /opt/airflow/dags/bronze_dag_simple.py
[2025-10-22T15:36:39.888+0000] {processor.py:830} INFO - Processing file /opt/airflow/dags/bronze_dag_simple.py for tasks to queue
[2025-10-22T15:36:39.890+0000] {logging_mixin.py:188} INFO - [2025-10-22T15:36:39.890+0000] {dagbag.py:540} INFO - Filling up the DagBag from /opt/airflow/dags/bronze_dag_simple.py
[2025-10-22T15:36:39.914+0000] {processor.py:840} INFO - DAG(s) 'bronze_dag_simple' retrieved from /opt/airflow/dags/bronze_dag_simple.py
[2025-10-22T15:36:39.940+0000] {logging_mixin.py:188} INFO - [2025-10-22T15:36:39.940+0000] {dag.py:3096} INFO - Sync 1 DAGs
[2025-10-22T15:36:39.963+0000] {logging_mixin.py:188} INFO - [2025-10-22T15:36:39.963+0000] {dag.py:3954} INFO - Setting next_dagrun for bronze_dag_simple to 2025-10-21 18:00:00+00:00, run_after=2025-10-22 18:00:00+00:00
[2025-10-22T15:36:39.983+0000] {processor.py:183} INFO - Processing /opt/airflow/dags/bronze_dag_simple.py took 0.102 seconds
[2025-10-22T15:37:10.299+0000] {processor.py:161} INFO - Started process (PID=169) to work on /opt/airflow/dags/bronze_dag_simple.py
[2025-10-22T15:37:10.301+0000] {processor.py:830} INFO - Processing file /opt/airflow/dags/bronze_dag_simple.py for tasks to queue
[2025-10-22T15:37:10.303+0000] {logging_mixin.py:188} INFO - [2025-10-22T15:37:10.302+0000] {dagbag.py:540} INFO - Filling up the DagBag from /opt/airflow/dags/bronze_dag_simple.py
[2025-10-22T15:37:10.327+0000] {processor.py:840} INFO - DAG(s) 'bronze_dag_simple' retrieved from /opt/airflow/dags/bronze_dag_simple.py
[2025-10-22T15:37:10.353+0000] {logging_mixin.py:188} INFO - [2025-10-22T15:37:10.353+0000] {dag.py:3096} INFO - Sync 1 DAGs
[2025-10-22T15:37:10.381+0000] {logging_mixin.py:188} INFO - [2025-10-22T15:37:10.381+0000] {dag.py:3954} INFO - Setting next_dagrun for bronze_dag_simple to 2025-10-21 18:00:00+00:00, run_after=2025-10-22 18:00:00+00:00
[2025-10-22T15:37:10.403+0000] {processor.py:183} INFO - Processing /opt/airflow/dags/bronze_dag_simple.py took 0.109 seconds
[2025-10-22T15:37:40.880+0000] {processor.py:161} INFO - Started process (PID=171) to work on /opt/airflow/dags/bronze_dag_simple.py
[2025-10-22T15:37:40.881+0000] {processor.py:830} INFO - Processing file /opt/airflow/dags/bronze_dag_simple.py for tasks to queue
[2025-10-22T15:37:40.883+0000] {logging_mixin.py:188} INFO - [2025-10-22T15:37:40.883+0000] {dagbag.py:540} INFO - Filling up the DagBag from /opt/airflow/dags/bronze_dag_simple.py
[2025-10-22T15:37:40.907+0000] {processor.py:840} INFO - DAG(s) 'bronze_dag_simple' retrieved from /opt/airflow/dags/bronze_dag_simple.py
[2025-10-22T15:37:40.933+0000] {logging_mixin.py:188} INFO - [2025-10-22T15:37:40.933+0000] {dag.py:3096} INFO - Sync 1 DAGs
[2025-10-22T15:37:40.959+0000] {logging_mixin.py:188} INFO - [2025-10-22T15:37:40.959+0000] {dag.py:3954} INFO - Setting next_dagrun for bronze_dag_simple to 2025-10-21 18:00:00+00:00, run_after=2025-10-22 18:00:00+00:00
[2025-10-22T15:37:40.979+0000] {processor.py:183} INFO - Processing /opt/airflow/dags/bronze_dag_simple.py took 0.105 seconds
[2025-10-22T15:38:28.448+0000] {processor.py:161} INFO - Started process (PID=174) to work on /opt/airflow/dags/bronze_dag_simple.py
[2025-10-22T15:38:28.450+0000] {processor.py:830} INFO - Processing file /opt/airflow/dags/bronze_dag_simple.py for tasks to queue
[2025-10-22T15:38:28.453+0000] {logging_mixin.py:188} INFO - [2025-10-22T15:38:28.452+0000] {dagbag.py:540} INFO - Filling up the DagBag from /opt/airflow/dags/bronze_dag_simple.py
[2025-10-22T15:38:28.487+0000] {processor.py:840} INFO - DAG(s) 'bronze_dag_simple' retrieved from /opt/airflow/dags/bronze_dag_simple.py
[2025-10-22T15:38:28.520+0000] {logging_mixin.py:188} INFO - [2025-10-22T15:38:28.520+0000] {dag.py:3096} INFO - Sync 1 DAGs
[2025-10-22T15:38:28.549+0000] {logging_mixin.py:188} INFO - [2025-10-22T15:38:28.548+0000] {dag.py:3954} INFO - Setting next_dagrun for bronze_dag_simple to 2025-10-21 18:00:00+00:00, run_after=2025-10-22 18:00:00+00:00
[2025-10-22T15:38:28.576+0000] {processor.py:183} INFO - Processing /opt/airflow/dags/bronze_dag_simple.py took 0.137 seconds
[2025-10-22T15:38:58.889+0000] {processor.py:161} INFO - Started process (PID=175) to work on /opt/airflow/dags/bronze_dag_simple.py
[2025-10-22T15:38:58.890+0000] {processor.py:830} INFO - Processing file /opt/airflow/dags/bronze_dag_simple.py for tasks to queue
[2025-10-22T15:38:58.893+0000] {logging_mixin.py:188} INFO - [2025-10-22T15:38:58.893+0000] {dagbag.py:540} INFO - Filling up the DagBag from /opt/airflow/dags/bronze_dag_simple.py
[2025-10-22T15:38:58.917+0000] {processor.py:840} INFO - DAG(s) 'bronze_dag_simple' retrieved from /opt/airflow/dags/bronze_dag_simple.py
[2025-10-22T15:38:58.948+0000] {logging_mixin.py:188} INFO - [2025-10-22T15:38:58.947+0000] {dag.py:3096} INFO - Sync 1 DAGs
[2025-10-22T15:38:58.975+0000] {logging_mixin.py:188} INFO - [2025-10-22T15:38:58.975+0000] {dag.py:3954} INFO - Setting next_dagrun for bronze_dag_simple to 2025-10-21 18:00:00+00:00, run_after=2025-10-22 18:00:00+00:00
[2025-10-22T15:38:58.999+0000] {processor.py:183} INFO - Processing /opt/airflow/dags/bronze_dag_simple.py took 0.119 seconds
[2025-10-22T15:39:29.211+0000] {processor.py:161} INFO - Started process (PID=177) to work on /opt/airflow/dags/bronze_dag_simple.py
[2025-10-22T15:39:29.212+0000] {processor.py:830} INFO - Processing file /opt/airflow/dags/bronze_dag_simple.py for tasks to queue
[2025-10-22T15:39:29.214+0000] {logging_mixin.py:188} INFO - [2025-10-22T15:39:29.214+0000] {dagbag.py:540} INFO - Filling up the DagBag from /opt/airflow/dags/bronze_dag_simple.py
[2025-10-22T15:39:29.240+0000] {processor.py:840} INFO - DAG(s) 'bronze_dag_simple' retrieved from /opt/airflow/dags/bronze_dag_simple.py
[2025-10-22T15:39:29.269+0000] {logging_mixin.py:188} INFO - [2025-10-22T15:39:29.269+0000] {dag.py:3096} INFO - Sync 1 DAGs
[2025-10-22T15:39:29.298+0000] {logging_mixin.py:188} INFO - [2025-10-22T15:39:29.298+0000] {dag.py:3954} INFO - Setting next_dagrun for bronze_dag_simple to 2025-10-21 18:00:00+00:00, run_after=2025-10-22 18:00:00+00:00
[2025-10-22T15:39:29.321+0000] {processor.py:183} INFO - Processing /opt/airflow/dags/bronze_dag_simple.py took 0.116 seconds
[2025-10-22T15:40:21.564+0000] {processor.py:161} INFO - Started process (PID=180) to work on /opt/airflow/dags/bronze_dag_simple.py
[2025-10-22T15:40:21.566+0000] {processor.py:830} INFO - Processing file /opt/airflow/dags/bronze_dag_simple.py for tasks to queue
[2025-10-22T15:40:21.569+0000] {logging_mixin.py:188} INFO - [2025-10-22T15:40:21.569+0000] {dagbag.py:540} INFO - Filling up the DagBag from /opt/airflow/dags/bronze_dag_simple.py
[2025-10-22T15:40:21.597+0000] {processor.py:840} INFO - DAG(s) 'bronze_dag_simple' retrieved from /opt/airflow/dags/bronze_dag_simple.py
[2025-10-22T15:40:21.630+0000] {logging_mixin.py:188} INFO - [2025-10-22T15:40:21.629+0000] {dag.py:3096} INFO - Sync 1 DAGs
[2025-10-22T15:40:21.664+0000] {logging_mixin.py:188} INFO - [2025-10-22T15:40:21.663+0000] {dag.py:3954} INFO - Setting next_dagrun for bronze_dag_simple to 2025-10-21 18:00:00+00:00, run_after=2025-10-22 18:00:00+00:00
[2025-10-22T15:40:21.693+0000] {processor.py:183} INFO - Processing /opt/airflow/dags/bronze_dag_simple.py took 0.138 seconds
[2025-10-22T15:40:51.906+0000] {processor.py:161} INFO - Started process (PID=181) to work on /opt/airflow/dags/bronze_dag_simple.py
[2025-10-22T15:40:51.907+0000] {processor.py:830} INFO - Processing file /opt/airflow/dags/bronze_dag_simple.py for tasks to queue
[2025-10-22T15:40:51.909+0000] {logging_mixin.py:188} INFO - [2025-10-22T15:40:51.908+0000] {dagbag.py:540} INFO - Filling up the DagBag from /opt/airflow/dags/bronze_dag_simple.py
[2025-10-22T15:40:51.935+0000] {processor.py:840} INFO - DAG(s) 'bronze_dag_simple' retrieved from /opt/airflow/dags/bronze_dag_simple.py
[2025-10-22T15:40:51.966+0000] {logging_mixin.py:188} INFO - [2025-10-22T15:40:51.966+0000] {dag.py:3096} INFO - Sync 1 DAGs
[2025-10-22T15:40:51.992+0000] {logging_mixin.py:188} INFO - [2025-10-22T15:40:51.992+0000] {dag.py:3954} INFO - Setting next_dagrun for bronze_dag_simple to 2025-10-21 18:00:00+00:00, run_after=2025-10-22 18:00:00+00:00
[2025-10-22T15:40:52.015+0000] {processor.py:183} INFO - Processing /opt/airflow/dags/bronze_dag_simple.py took 0.116 seconds
[2025-10-22T15:41:39.228+0000] {processor.py:161} INFO - Started process (PID=184) to work on /opt/airflow/dags/bronze_dag_simple.py
[2025-10-22T15:41:39.229+0000] {processor.py:830} INFO - Processing file /opt/airflow/dags/bronze_dag_simple.py for tasks to queue
[2025-10-22T15:41:39.232+0000] {logging_mixin.py:188} INFO - [2025-10-22T15:41:39.232+0000] {dagbag.py:540} INFO - Filling up the DagBag from /opt/airflow/dags/bronze_dag_simple.py
[2025-10-22T15:41:39.258+0000] {processor.py:840} INFO - DAG(s) 'bronze_dag_simple' retrieved from /opt/airflow/dags/bronze_dag_simple.py
[2025-10-22T15:41:39.289+0000] {logging_mixin.py:188} INFO - [2025-10-22T15:41:39.289+0000] {dag.py:3096} INFO - Sync 1 DAGs
[2025-10-22T15:41:39.315+0000] {logging_mixin.py:188} INFO - [2025-10-22T15:41:39.315+0000] {dag.py:3954} INFO - Setting next_dagrun for bronze_dag_simple to 2025-10-21 18:00:00+00:00, run_after=2025-10-22 18:00:00+00:00
[2025-10-22T15:41:39.338+0000] {processor.py:183} INFO - Processing /opt/airflow/dags/bronze_dag_simple.py took 0.120 seconds
[2025-10-22T15:42:09.613+0000] {processor.py:161} INFO - Started process (PID=185) to work on /opt/airflow/dags/bronze_dag_simple.py
[2025-10-22T15:42:09.614+0000] {processor.py:830} INFO - Processing file /opt/airflow/dags/bronze_dag_simple.py for tasks to queue
[2025-10-22T15:42:09.616+0000] {logging_mixin.py:188} INFO - [2025-10-22T15:42:09.616+0000] {dagbag.py:540} INFO - Filling up the DagBag from /opt/airflow/dags/bronze_dag_simple.py
[2025-10-22T15:42:09.642+0000] {processor.py:840} INFO - DAG(s) 'bronze_dag_simple' retrieved from /opt/airflow/dags/bronze_dag_simple.py
[2025-10-22T15:42:09.671+0000] {logging_mixin.py:188} INFO - [2025-10-22T15:42:09.670+0000] {dag.py:3096} INFO - Sync 1 DAGs
[2025-10-22T15:42:09.701+0000] {logging_mixin.py:188} INFO - [2025-10-22T15:42:09.701+0000] {dag.py:3954} INFO - Setting next_dagrun for bronze_dag_simple to 2025-10-21 18:00:00+00:00, run_after=2025-10-22 18:00:00+00:00
[2025-10-22T15:42:09.725+0000] {processor.py:183} INFO - Processing /opt/airflow/dags/bronze_dag_simple.py took 0.118 seconds
[2025-10-22T15:42:40.544+0000] {processor.py:161} INFO - Started process (PID=189) to work on /opt/airflow/dags/bronze_dag_simple.py
[2025-10-22T15:42:40.546+0000] {processor.py:830} INFO - Processing file /opt/airflow/dags/bronze_dag_simple.py for tasks to queue
[2025-10-22T15:42:40.550+0000] {logging_mixin.py:188} INFO - [2025-10-22T15:42:40.549+0000] {dagbag.py:540} INFO - Filling up the DagBag from /opt/airflow/dags/bronze_dag_simple.py
[2025-10-22T15:42:40.584+0000] {processor.py:840} INFO - DAG(s) 'bronze_dag_simple' retrieved from /opt/airflow/dags/bronze_dag_simple.py
[2025-10-22T15:42:40.618+0000] {logging_mixin.py:188} INFO - [2025-10-22T15:42:40.618+0000] {dag.py:3096} INFO - Sync 1 DAGs
[2025-10-22T15:42:40.653+0000] {logging_mixin.py:188} INFO - [2025-10-22T15:42:40.653+0000] {dag.py:3954} INFO - Setting next_dagrun for bronze_dag_simple to 2025-10-21 18:00:00+00:00, run_after=2025-10-22 18:00:00+00:00
[2025-10-22T15:42:40.676+0000] {processor.py:183} INFO - Processing /opt/airflow/dags/bronze_dag_simple.py took 0.139 seconds
[2025-10-22T15:43:10.878+0000] {processor.py:161} INFO - Started process (PID=191) to work on /opt/airflow/dags/bronze_dag_simple.py
[2025-10-22T15:43:10.879+0000] {processor.py:830} INFO - Processing file /opt/airflow/dags/bronze_dag_simple.py for tasks to queue
[2025-10-22T15:43:10.883+0000] {logging_mixin.py:188} INFO - [2025-10-22T15:43:10.882+0000] {dagbag.py:540} INFO - Filling up the DagBag from /opt/airflow/dags/bronze_dag_simple.py
[2025-10-22T15:43:10.913+0000] {processor.py:840} INFO - DAG(s) 'bronze_dag_simple' retrieved from /opt/airflow/dags/bronze_dag_simple.py
[2025-10-22T15:43:10.944+0000] {logging_mixin.py:188} INFO - [2025-10-22T15:43:10.943+0000] {dag.py:3096} INFO - Sync 1 DAGs
[2025-10-22T15:43:10.972+0000] {logging_mixin.py:188} INFO - [2025-10-22T15:43:10.972+0000] {dag.py:3954} INFO - Setting next_dagrun for bronze_dag_simple to 2025-10-21 18:00:00+00:00, run_after=2025-10-22 18:00:00+00:00
[2025-10-22T15:43:10.995+0000] {processor.py:183} INFO - Processing /opt/airflow/dags/bronze_dag_simple.py took 0.124 seconds
[2025-10-22T15:44:09.823+0000] {processor.py:161} INFO - Started process (PID=194) to work on /opt/airflow/dags/bronze_dag_simple.py
[2025-10-22T15:44:09.824+0000] {processor.py:830} INFO - Processing file /opt/airflow/dags/bronze_dag_simple.py for tasks to queue
[2025-10-22T15:44:09.826+0000] {logging_mixin.py:188} INFO - [2025-10-22T15:44:09.825+0000] {dagbag.py:540} INFO - Filling up the DagBag from /opt/airflow/dags/bronze_dag_simple.py
[2025-10-22T15:44:09.855+0000] {processor.py:840} INFO - DAG(s) 'bronze_dag_simple' retrieved from /opt/airflow/dags/bronze_dag_simple.py
[2025-10-22T15:44:09.885+0000] {logging_mixin.py:188} INFO - [2025-10-22T15:44:09.884+0000] {dag.py:3096} INFO - Sync 1 DAGs
[2025-10-22T15:44:09.919+0000] {logging_mixin.py:188} INFO - [2025-10-22T15:44:09.919+0000] {dag.py:3954} INFO - Setting next_dagrun for bronze_dag_simple to 2025-10-21 18:00:00+00:00, run_after=2025-10-22 18:00:00+00:00
[2025-10-22T15:44:09.947+0000] {processor.py:183} INFO - Processing /opt/airflow/dags/bronze_dag_simple.py took 0.132 seconds
[2025-10-22T15:44:40.156+0000] {processor.py:161} INFO - Started process (PID=195) to work on /opt/airflow/dags/bronze_dag_simple.py
[2025-10-22T15:44:40.158+0000] {processor.py:830} INFO - Processing file /opt/airflow/dags/bronze_dag_simple.py for tasks to queue
[2025-10-22T15:44:40.159+0000] {logging_mixin.py:188} INFO - [2025-10-22T15:44:40.158+0000] {dagbag.py:540} INFO - Filling up the DagBag from /opt/airflow/dags/bronze_dag_simple.py
[2025-10-22T15:44:40.183+0000] {processor.py:840} INFO - DAG(s) 'bronze_dag_simple' retrieved from /opt/airflow/dags/bronze_dag_simple.py
[2025-10-22T15:44:40.212+0000] {logging_mixin.py:188} INFO - [2025-10-22T15:44:40.211+0000] {dag.py:3096} INFO - Sync 1 DAGs
[2025-10-22T15:44:40.238+0000] {logging_mixin.py:188} INFO - [2025-10-22T15:44:40.238+0000] {dag.py:3954} INFO - Setting next_dagrun for bronze_dag_simple to 2025-10-21 18:00:00+00:00, run_after=2025-10-22 18:00:00+00:00
[2025-10-22T15:44:40.428+0000] {processor.py:183} INFO - Processing /opt/airflow/dags/bronze_dag_simple.py took 0.279 seconds
[2025-10-22T15:45:10.778+0000] {processor.py:161} INFO - Started process (PID=197) to work on /opt/airflow/dags/bronze_dag_simple.py
[2025-10-22T15:45:10.779+0000] {processor.py:830} INFO - Processing file /opt/airflow/dags/bronze_dag_simple.py for tasks to queue
[2025-10-22T15:45:10.780+0000] {logging_mixin.py:188} INFO - [2025-10-22T15:45:10.780+0000] {dagbag.py:540} INFO - Filling up the DagBag from /opt/airflow/dags/bronze_dag_simple.py
[2025-10-22T15:45:10.806+0000] {processor.py:840} INFO - DAG(s) 'bronze_dag_simple' retrieved from /opt/airflow/dags/bronze_dag_simple.py
[2025-10-22T15:45:10.836+0000] {logging_mixin.py:188} INFO - [2025-10-22T15:45:10.836+0000] {dag.py:3096} INFO - Sync 1 DAGs
[2025-10-22T15:45:10.865+0000] {logging_mixin.py:188} INFO - [2025-10-22T15:45:10.865+0000] {dag.py:3954} INFO - Setting next_dagrun for bronze_dag_simple to 2025-10-21 18:00:00+00:00, run_after=2025-10-22 18:00:00+00:00
[2025-10-22T15:45:10.890+0000] {processor.py:183} INFO - Processing /opt/airflow/dags/bronze_dag_simple.py took 0.121 seconds
[2025-10-22T15:45:47.182+0000] {processor.py:161} INFO - Started process (PID=200) to work on /opt/airflow/dags/bronze_dag_simple.py
[2025-10-22T15:45:47.183+0000] {processor.py:830} INFO - Processing file /opt/airflow/dags/bronze_dag_simple.py for tasks to queue
[2025-10-22T15:45:47.184+0000] {logging_mixin.py:188} INFO - [2025-10-22T15:45:47.184+0000] {dagbag.py:540} INFO - Filling up the DagBag from /opt/airflow/dags/bronze_dag_simple.py
[2025-10-22T15:45:47.215+0000] {processor.py:840} INFO - DAG(s) 'bronze_dag_simple' retrieved from /opt/airflow/dags/bronze_dag_simple.py
[2025-10-22T15:45:47.245+0000] {logging_mixin.py:188} INFO - [2025-10-22T15:45:47.245+0000] {dag.py:3096} INFO - Sync 1 DAGs
[2025-10-22T15:45:47.275+0000] {logging_mixin.py:188} INFO - [2025-10-22T15:45:47.275+0000] {dag.py:3954} INFO - Setting next_dagrun for bronze_dag_simple to 2025-10-21 18:00:00+00:00, run_after=2025-10-22 18:00:00+00:00
[2025-10-22T15:45:47.299+0000] {processor.py:183} INFO - Processing /opt/airflow/dags/bronze_dag_simple.py took 0.126 seconds
[2025-10-22T15:46:17.514+0000] {processor.py:161} INFO - Started process (PID=201) to work on /opt/airflow/dags/bronze_dag_simple.py
[2025-10-22T15:46:17.516+0000] {processor.py:830} INFO - Processing file /opt/airflow/dags/bronze_dag_simple.py for tasks to queue
[2025-10-22T15:46:17.517+0000] {logging_mixin.py:188} INFO - [2025-10-22T15:46:17.516+0000] {dagbag.py:540} INFO - Filling up the DagBag from /opt/airflow/dags/bronze_dag_simple.py
[2025-10-22T15:46:17.543+0000] {processor.py:840} INFO - DAG(s) 'bronze_dag_simple' retrieved from /opt/airflow/dags/bronze_dag_simple.py
[2025-10-22T15:46:17.578+0000] {logging_mixin.py:188} INFO - [2025-10-22T15:46:17.577+0000] {dag.py:3096} INFO - Sync 1 DAGs
[2025-10-22T15:46:17.606+0000] {logging_mixin.py:188} INFO - [2025-10-22T15:46:17.606+0000] {dag.py:3954} INFO - Setting next_dagrun for bronze_dag_simple to 2025-10-21 18:00:00+00:00, run_after=2025-10-22 18:00:00+00:00
[2025-10-22T15:46:17.629+0000] {processor.py:183} INFO - Processing /opt/airflow/dags/bronze_dag_simple.py took 0.121 seconds
[2025-10-22T15:46:47.914+0000] {processor.py:161} INFO - Started process (PID=203) to work on /opt/airflow/dags/bronze_dag_simple.py
[2025-10-22T15:46:47.915+0000] {processor.py:830} INFO - Processing file /opt/airflow/dags/bronze_dag_simple.py for tasks to queue
[2025-10-22T15:46:47.917+0000] {logging_mixin.py:188} INFO - [2025-10-22T15:46:47.916+0000] {dagbag.py:540} INFO - Filling up the DagBag from /opt/airflow/dags/bronze_dag_simple.py
[2025-10-22T15:46:47.944+0000] {processor.py:840} INFO - DAG(s) 'bronze_dag_simple' retrieved from /opt/airflow/dags/bronze_dag_simple.py
[2025-10-22T15:46:47.972+0000] {logging_mixin.py:188} INFO - [2025-10-22T15:46:47.972+0000] {dag.py:3096} INFO - Sync 1 DAGs
[2025-10-22T15:46:48.003+0000] {logging_mixin.py:188} INFO - [2025-10-22T15:46:48.003+0000] {dag.py:3954} INFO - Setting next_dagrun for bronze_dag_simple to 2025-10-21 18:00:00+00:00, run_after=2025-10-22 18:00:00+00:00
[2025-10-22T15:46:48.216+0000] {processor.py:183} INFO - Processing /opt/airflow/dags/bronze_dag_simple.py took 0.309 seconds
[2025-10-22T15:47:18.784+0000] {processor.py:161} INFO - Started process (PID=205) to work on /opt/airflow/dags/bronze_dag_simple.py
[2025-10-22T15:47:18.785+0000] {processor.py:830} INFO - Processing file /opt/airflow/dags/bronze_dag_simple.py for tasks to queue
[2025-10-22T15:47:18.786+0000] {logging_mixin.py:188} INFO - [2025-10-22T15:47:18.786+0000] {dagbag.py:540} INFO - Filling up the DagBag from /opt/airflow/dags/bronze_dag_simple.py
[2025-10-22T15:47:18.805+0000] {processor.py:840} INFO - DAG(s) 'bronze_dag_simple' retrieved from /opt/airflow/dags/bronze_dag_simple.py
[2025-10-22T15:47:18.829+0000] {logging_mixin.py:188} INFO - [2025-10-22T15:47:18.829+0000] {dag.py:3096} INFO - Sync 1 DAGs
[2025-10-22T15:47:18.850+0000] {logging_mixin.py:188} INFO - [2025-10-22T15:47:18.850+0000] {dag.py:3954} INFO - Setting next_dagrun for bronze_dag_simple to 2025-10-21 18:00:00+00:00, run_after=2025-10-22 18:00:00+00:00
[2025-10-22T15:47:18.870+0000] {processor.py:183} INFO - Processing /opt/airflow/dags/bronze_dag_simple.py took 0.092 seconds
[2025-10-22T15:47:52.791+0000] {processor.py:161} INFO - Started process (PID=208) to work on /opt/airflow/dags/bronze_dag_simple.py
[2025-10-22T15:47:52.792+0000] {processor.py:830} INFO - Processing file /opt/airflow/dags/bronze_dag_simple.py for tasks to queue
[2025-10-22T15:47:52.793+0000] {logging_mixin.py:188} INFO - [2025-10-22T15:47:52.793+0000] {dagbag.py:540} INFO - Filling up the DagBag from /opt/airflow/dags/bronze_dag_simple.py
[2025-10-22T15:47:52.819+0000] {processor.py:840} INFO - DAG(s) 'bronze_dag_simple' retrieved from /opt/airflow/dags/bronze_dag_simple.py
[2025-10-22T15:47:52.844+0000] {logging_mixin.py:188} INFO - [2025-10-22T15:47:52.843+0000] {dag.py:3096} INFO - Sync 1 DAGs
[2025-10-22T15:47:52.864+0000] {logging_mixin.py:188} INFO - [2025-10-22T15:47:52.864+0000] {dag.py:3954} INFO - Setting next_dagrun for bronze_dag_simple to 2025-10-21 18:00:00+00:00, run_after=2025-10-22 18:00:00+00:00
[2025-10-22T15:47:52.885+0000] {processor.py:183} INFO - Processing /opt/airflow/dags/bronze_dag_simple.py took 0.102 seconds
[2025-10-22T15:48:22.972+0000] {processor.py:161} INFO - Started process (PID=209) to work on /opt/airflow/dags/bronze_dag_simple.py
[2025-10-22T15:48:22.973+0000] {processor.py:830} INFO - Processing file /opt/airflow/dags/bronze_dag_simple.py for tasks to queue
[2025-10-22T15:48:22.974+0000] {logging_mixin.py:188} INFO - [2025-10-22T15:48:22.974+0000] {dagbag.py:540} INFO - Filling up the DagBag from /opt/airflow/dags/bronze_dag_simple.py
[2025-10-22T15:48:22.995+0000] {processor.py:840} INFO - DAG(s) 'bronze_dag_simple' retrieved from /opt/airflow/dags/bronze_dag_simple.py
[2025-10-22T15:48:23.015+0000] {logging_mixin.py:188} INFO - [2025-10-22T15:48:23.014+0000] {dag.py:3096} INFO - Sync 1 DAGs
[2025-10-22T15:48:23.034+0000] {logging_mixin.py:188} INFO - [2025-10-22T15:48:23.034+0000] {dag.py:3954} INFO - Setting next_dagrun for bronze_dag_simple to 2025-10-21 18:00:00+00:00, run_after=2025-10-22 18:00:00+00:00
[2025-10-22T15:48:23.054+0000] {processor.py:183} INFO - Processing /opt/airflow/dags/bronze_dag_simple.py took 0.086 seconds
[2025-10-22T15:48:53.223+0000] {processor.py:161} INFO - Started process (PID=211) to work on /opt/airflow/dags/bronze_dag_simple.py
[2025-10-22T15:48:53.224+0000] {processor.py:830} INFO - Processing file /opt/airflow/dags/bronze_dag_simple.py for tasks to queue
[2025-10-22T15:48:53.225+0000] {logging_mixin.py:188} INFO - [2025-10-22T15:48:53.224+0000] {dagbag.py:540} INFO - Filling up the DagBag from /opt/airflow/dags/bronze_dag_simple.py
[2025-10-22T15:48:53.248+0000] {processor.py:840} INFO - DAG(s) 'bronze_dag_simple' retrieved from /opt/airflow/dags/bronze_dag_simple.py
[2025-10-22T15:48:53.271+0000] {logging_mixin.py:188} INFO - [2025-10-22T15:48:53.271+0000] {dag.py:3096} INFO - Sync 1 DAGs
[2025-10-22T15:48:53.289+0000] {logging_mixin.py:188} INFO - [2025-10-22T15:48:53.289+0000] {dag.py:3954} INFO - Setting next_dagrun for bronze_dag_simple to 2025-10-21 18:00:00+00:00, run_after=2025-10-22 18:00:00+00:00
[2025-10-22T15:48:53.444+0000] {processor.py:183} INFO - Processing /opt/airflow/dags/bronze_dag_simple.py took 0.226 seconds
[2025-10-22T15:49:30.631+0000] {processor.py:161} INFO - Started process (PID=213) to work on /opt/airflow/dags/bronze_dag_simple.py
[2025-10-22T15:49:30.632+0000] {processor.py:830} INFO - Processing file /opt/airflow/dags/bronze_dag_simple.py for tasks to queue
[2025-10-22T15:49:30.633+0000] {logging_mixin.py:188} INFO - [2025-10-22T15:49:30.633+0000] {dagbag.py:540} INFO - Filling up the DagBag from /opt/airflow/dags/bronze_dag_simple.py
[2025-10-22T15:49:30.652+0000] {processor.py:840} INFO - DAG(s) 'bronze_dag_simple' retrieved from /opt/airflow/dags/bronze_dag_simple.py
[2025-10-22T15:49:30.672+0000] {logging_mixin.py:188} INFO - [2025-10-22T15:49:30.672+0000] {dag.py:3096} INFO - Sync 1 DAGs
[2025-10-22T15:49:30.808+0000] {logging_mixin.py:188} INFO - [2025-10-22T15:49:30.808+0000] {dag.py:3954} INFO - Setting next_dagrun for bronze_dag_simple to 2025-10-21 18:00:00+00:00, run_after=2025-10-22 18:00:00+00:00
[2025-10-22T15:49:30.822+0000] {processor.py:183} INFO - Processing /opt/airflow/dags/bronze_dag_simple.py took 0.195 seconds
[2025-10-22T15:50:00.983+0000] {processor.py:161} INFO - Started process (PID=215) to work on /opt/airflow/dags/bronze_dag_simple.py
[2025-10-22T15:50:00.985+0000] {processor.py:830} INFO - Processing file /opt/airflow/dags/bronze_dag_simple.py for tasks to queue
[2025-10-22T15:50:00.986+0000] {logging_mixin.py:188} INFO - [2025-10-22T15:50:00.985+0000] {dagbag.py:540} INFO - Filling up the DagBag from /opt/airflow/dags/bronze_dag_simple.py
[2025-10-22T15:50:01.008+0000] {processor.py:840} INFO - DAG(s) 'bronze_dag_simple' retrieved from /opt/airflow/dags/bronze_dag_simple.py
[2025-10-22T15:50:01.030+0000] {logging_mixin.py:188} INFO - [2025-10-22T15:50:01.030+0000] {dag.py:3096} INFO - Sync 1 DAGs
[2025-10-22T15:50:01.051+0000] {logging_mixin.py:188} INFO - [2025-10-22T15:50:01.051+0000] {dag.py:3954} INFO - Setting next_dagrun for bronze_dag_simple to 2025-10-21 18:00:00+00:00, run_after=2025-10-22 18:00:00+00:00
[2025-10-22T15:50:01.067+0000] {processor.py:183} INFO - Processing /opt/airflow/dags/bronze_dag_simple.py took 0.092 seconds
[2025-10-22T15:50:32.003+0000] {processor.py:161} INFO - Started process (PID=217) to work on /opt/airflow/dags/bronze_dag_simple.py
[2025-10-22T15:50:32.004+0000] {processor.py:830} INFO - Processing file /opt/airflow/dags/bronze_dag_simple.py for tasks to queue
[2025-10-22T15:50:32.005+0000] {logging_mixin.py:188} INFO - [2025-10-22T15:50:32.004+0000] {dagbag.py:540} INFO - Filling up the DagBag from /opt/airflow/dags/bronze_dag_simple.py
[2025-10-22T15:50:32.026+0000] {processor.py:840} INFO - DAG(s) 'bronze_dag_simple' retrieved from /opt/airflow/dags/bronze_dag_simple.py
[2025-10-22T15:50:32.048+0000] {logging_mixin.py:188} INFO - [2025-10-22T15:50:32.048+0000] {dag.py:3096} INFO - Sync 1 DAGs
[2025-10-22T15:50:32.071+0000] {logging_mixin.py:188} INFO - [2025-10-22T15:50:32.070+0000] {dag.py:3954} INFO - Setting next_dagrun for bronze_dag_simple to 2025-10-21 18:00:00+00:00, run_after=2025-10-22 18:00:00+00:00
[2025-10-22T15:50:32.092+0000] {processor.py:183} INFO - Processing /opt/airflow/dags/bronze_dag_simple.py took 0.094 seconds
[2025-10-22T15:51:02.882+0000] {processor.py:161} INFO - Started process (PID=219) to work on /opt/airflow/dags/bronze_dag_simple.py
[2025-10-22T15:51:02.883+0000] {processor.py:830} INFO - Processing file /opt/airflow/dags/bronze_dag_simple.py for tasks to queue
[2025-10-22T15:51:02.883+0000] {logging_mixin.py:188} INFO - [2025-10-22T15:51:02.883+0000] {dagbag.py:540} INFO - Filling up the DagBag from /opt/airflow/dags/bronze_dag_simple.py
[2025-10-22T15:51:02.905+0000] {processor.py:840} INFO - DAG(s) 'bronze_dag_simple' retrieved from /opt/airflow/dags/bronze_dag_simple.py
[2025-10-22T15:51:02.932+0000] {logging_mixin.py:188} INFO - [2025-10-22T15:51:02.932+0000] {dag.py:3096} INFO - Sync 1 DAGs
[2025-10-22T15:51:02.954+0000] {logging_mixin.py:188} INFO - [2025-10-22T15:51:02.954+0000] {dag.py:3954} INFO - Setting next_dagrun for bronze_dag_simple to 2025-10-21 18:00:00+00:00, run_after=2025-10-22 18:00:00+00:00
[2025-10-22T15:51:02.971+0000] {processor.py:183} INFO - Processing /opt/airflow/dags/bronze_dag_simple.py took 0.095 seconds
[2025-10-22T15:51:33.165+0000] {processor.py:161} INFO - Started process (PID=220) to work on /opt/airflow/dags/bronze_dag_simple.py
[2025-10-22T15:51:33.166+0000] {processor.py:830} INFO - Processing file /opt/airflow/dags/bronze_dag_simple.py for tasks to queue
[2025-10-22T15:51:33.167+0000] {logging_mixin.py:188} INFO - [2025-10-22T15:51:33.167+0000] {dagbag.py:540} INFO - Filling up the DagBag from /opt/airflow/dags/bronze_dag_simple.py
[2025-10-22T15:51:33.187+0000] {processor.py:840} INFO - DAG(s) 'bronze_dag_simple' retrieved from /opt/airflow/dags/bronze_dag_simple.py
[2025-10-22T15:51:33.208+0000] {logging_mixin.py:188} INFO - [2025-10-22T15:51:33.207+0000] {dag.py:3096} INFO - Sync 1 DAGs
[2025-10-22T15:51:33.228+0000] {logging_mixin.py:188} INFO - [2025-10-22T15:51:33.228+0000] {dag.py:3954} INFO - Setting next_dagrun for bronze_dag_simple to 2025-10-21 18:00:00+00:00, run_after=2025-10-22 18:00:00+00:00
[2025-10-22T15:51:33.399+0000] {processor.py:183} INFO - Processing /opt/airflow/dags/bronze_dag_simple.py took 0.239 seconds
[2025-10-22T15:52:03.752+0000] {processor.py:161} INFO - Started process (PID=222) to work on /opt/airflow/dags/bronze_dag_simple.py
[2025-10-22T15:52:03.753+0000] {processor.py:830} INFO - Processing file /opt/airflow/dags/bronze_dag_simple.py for tasks to queue
[2025-10-22T15:52:03.754+0000] {logging_mixin.py:188} INFO - [2025-10-22T15:52:03.754+0000] {dagbag.py:540} INFO - Filling up the DagBag from /opt/airflow/dags/bronze_dag_simple.py
[2025-10-22T15:52:03.783+0000] {processor.py:840} INFO - DAG(s) 'bronze_dag_simple' retrieved from /opt/airflow/dags/bronze_dag_simple.py
[2025-10-22T15:52:03.815+0000] {logging_mixin.py:188} INFO - [2025-10-22T15:52:03.815+0000] {dag.py:3096} INFO - Sync 1 DAGs
[2025-10-22T15:52:03.848+0000] {logging_mixin.py:188} INFO - [2025-10-22T15:52:03.848+0000] {dag.py:3954} INFO - Setting next_dagrun for bronze_dag_simple to 2025-10-21 18:00:00+00:00, run_after=2025-10-22 18:00:00+00:00
[2025-10-22T15:52:03.873+0000] {processor.py:183} INFO - Processing /opt/airflow/dags/bronze_dag_simple.py took 0.128 seconds
[2025-10-22T15:52:34.104+0000] {processor.py:161} INFO - Started process (PID=224) to work on /opt/airflow/dags/bronze_dag_simple.py
[2025-10-22T15:52:34.106+0000] {processor.py:830} INFO - Processing file /opt/airflow/dags/bronze_dag_simple.py for tasks to queue
[2025-10-22T15:52:34.108+0000] {logging_mixin.py:188} INFO - [2025-10-22T15:52:34.107+0000] {dagbag.py:540} INFO - Filling up the DagBag from /opt/airflow/dags/bronze_dag_simple.py
[2025-10-22T15:52:34.143+0000] {processor.py:840} INFO - DAG(s) 'bronze_dag_simple' retrieved from /opt/airflow/dags/bronze_dag_simple.py
[2025-10-22T15:52:34.178+0000] {logging_mixin.py:188} INFO - [2025-10-22T15:52:34.177+0000] {dag.py:3096} INFO - Sync 1 DAGs
[2025-10-22T15:52:34.211+0000] {logging_mixin.py:188} INFO - [2025-10-22T15:52:34.211+0000] {dag.py:3954} INFO - Setting next_dagrun for bronze_dag_simple to 2025-10-21 18:00:00+00:00, run_after=2025-10-22 18:00:00+00:00
[2025-10-22T15:52:34.238+0000] {processor.py:183} INFO - Processing /opt/airflow/dags/bronze_dag_simple.py took 0.142 seconds
[2025-10-22T15:53:04.479+0000] {processor.py:161} INFO - Started process (PID=226) to work on /opt/airflow/dags/bronze_dag_simple.py
[2025-10-22T15:53:04.480+0000] {processor.py:830} INFO - Processing file /opt/airflow/dags/bronze_dag_simple.py for tasks to queue
[2025-10-22T15:53:04.481+0000] {logging_mixin.py:188} INFO - [2025-10-22T15:53:04.481+0000] {dagbag.py:540} INFO - Filling up the DagBag from /opt/airflow/dags/bronze_dag_simple.py
[2025-10-22T15:53:04.505+0000] {processor.py:840} INFO - DAG(s) 'bronze_dag_simple' retrieved from /opt/airflow/dags/bronze_dag_simple.py
[2025-10-22T15:53:04.537+0000] {logging_mixin.py:188} INFO - [2025-10-22T15:53:04.537+0000] {dag.py:3096} INFO - Sync 1 DAGs
[2025-10-22T15:53:04.562+0000] {logging_mixin.py:188} INFO - [2025-10-22T15:53:04.561+0000] {dag.py:3954} INFO - Setting next_dagrun for bronze_dag_simple to 2025-10-21 18:00:00+00:00, run_after=2025-10-22 18:00:00+00:00
[2025-10-22T15:53:04.583+0000] {processor.py:183} INFO - Processing /opt/airflow/dags/bronze_dag_simple.py took 0.110 seconds
[2025-10-22T15:53:34.890+0000] {processor.py:161} INFO - Started process (PID=228) to work on /opt/airflow/dags/bronze_dag_simple.py
[2025-10-22T15:53:34.892+0000] {processor.py:830} INFO - Processing file /opt/airflow/dags/bronze_dag_simple.py for tasks to queue
[2025-10-22T15:53:34.893+0000] {logging_mixin.py:188} INFO - [2025-10-22T15:53:34.893+0000] {dagbag.py:540} INFO - Filling up the DagBag from /opt/airflow/dags/bronze_dag_simple.py
[2025-10-22T15:53:34.924+0000] {processor.py:840} INFO - DAG(s) 'bronze_dag_simple' retrieved from /opt/airflow/dags/bronze_dag_simple.py
[2025-10-22T15:53:34.957+0000] {logging_mixin.py:188} INFO - [2025-10-22T15:53:34.956+0000] {dag.py:3096} INFO - Sync 1 DAGs
[2025-10-22T15:53:34.988+0000] {logging_mixin.py:188} INFO - [2025-10-22T15:53:34.987+0000] {dag.py:3954} INFO - Setting next_dagrun for bronze_dag_simple to 2025-10-21 18:00:00+00:00, run_after=2025-10-22 18:00:00+00:00
[2025-10-22T15:53:35.010+0000] {processor.py:183} INFO - Processing /opt/airflow/dags/bronze_dag_simple.py took 0.128 seconds
[2025-10-22T15:54:05.222+0000] {processor.py:161} INFO - Started process (PID=230) to work on /opt/airflow/dags/bronze_dag_simple.py
[2025-10-22T15:54:05.223+0000] {processor.py:830} INFO - Processing file /opt/airflow/dags/bronze_dag_simple.py for tasks to queue
[2025-10-22T15:54:05.224+0000] {logging_mixin.py:188} INFO - [2025-10-22T15:54:05.224+0000] {dagbag.py:540} INFO - Filling up the DagBag from /opt/airflow/dags/bronze_dag_simple.py
[2025-10-22T15:54:05.251+0000] {processor.py:840} INFO - DAG(s) 'bronze_dag_simple' retrieved from /opt/airflow/dags/bronze_dag_simple.py
[2025-10-22T15:54:05.282+0000] {logging_mixin.py:188} INFO - [2025-10-22T15:54:05.281+0000] {dag.py:3096} INFO - Sync 1 DAGs
[2025-10-22T15:54:05.310+0000] {logging_mixin.py:188} INFO - [2025-10-22T15:54:05.309+0000] {dag.py:3954} INFO - Setting next_dagrun for bronze_dag_simple to 2025-10-21 18:00:00+00:00, run_after=2025-10-22 18:00:00+00:00
[2025-10-22T15:54:05.513+0000] {processor.py:183} INFO - Processing /opt/airflow/dags/bronze_dag_simple.py took 0.299 seconds
[2025-10-22T15:54:36.015+0000] {processor.py:161} INFO - Started process (PID=232) to work on /opt/airflow/dags/bronze_dag_simple.py
[2025-10-22T15:54:36.017+0000] {processor.py:830} INFO - Processing file /opt/airflow/dags/bronze_dag_simple.py for tasks to queue
[2025-10-22T15:54:36.018+0000] {logging_mixin.py:188} INFO - [2025-10-22T15:54:36.018+0000] {dagbag.py:540} INFO - Filling up the DagBag from /opt/airflow/dags/bronze_dag_simple.py
[2025-10-22T15:54:36.047+0000] {processor.py:840} INFO - DAG(s) 'bronze_dag_simple' retrieved from /opt/airflow/dags/bronze_dag_simple.py
[2025-10-22T15:54:36.077+0000] {logging_mixin.py:188} INFO - [2025-10-22T15:54:36.076+0000] {dag.py:3096} INFO - Sync 1 DAGs
[2025-10-22T15:54:36.105+0000] {logging_mixin.py:188} INFO - [2025-10-22T15:54:36.105+0000] {dag.py:3954} INFO - Setting next_dagrun for bronze_dag_simple to 2025-10-21 18:00:00+00:00, run_after=2025-10-22 18:00:00+00:00
[2025-10-22T15:54:36.131+0000] {processor.py:183} INFO - Processing /opt/airflow/dags/bronze_dag_simple.py took 0.122 seconds
[2025-10-22T15:55:06.463+0000] {processor.py:161} INFO - Started process (PID=234) to work on /opt/airflow/dags/bronze_dag_simple.py
[2025-10-22T15:55:06.464+0000] {processor.py:830} INFO - Processing file /opt/airflow/dags/bronze_dag_simple.py for tasks to queue
[2025-10-22T15:55:06.466+0000] {logging_mixin.py:188} INFO - [2025-10-22T15:55:06.465+0000] {dagbag.py:540} INFO - Filling up the DagBag from /opt/airflow/dags/bronze_dag_simple.py
[2025-10-22T15:55:06.495+0000] {processor.py:840} INFO - DAG(s) 'bronze_dag_simple' retrieved from /opt/airflow/dags/bronze_dag_simple.py
[2025-10-22T15:55:06.522+0000] {logging_mixin.py:188} INFO - [2025-10-22T15:55:06.522+0000] {dag.py:3096} INFO - Sync 1 DAGs
[2025-10-22T15:55:06.546+0000] {logging_mixin.py:188} INFO - [2025-10-22T15:55:06.546+0000] {dag.py:3954} INFO - Setting next_dagrun for bronze_dag_simple to 2025-10-21 18:00:00+00:00, run_after=2025-10-22 18:00:00+00:00
[2025-10-22T15:55:06.567+0000] {processor.py:183} INFO - Processing /opt/airflow/dags/bronze_dag_simple.py took 0.110 seconds
[2025-10-22T15:55:37.042+0000] {processor.py:161} INFO - Started process (PID=236) to work on /opt/airflow/dags/bronze_dag_simple.py
[2025-10-22T15:55:37.044+0000] {processor.py:830} INFO - Processing file /opt/airflow/dags/bronze_dag_simple.py for tasks to queue
[2025-10-22T15:55:37.046+0000] {logging_mixin.py:188} INFO - [2025-10-22T15:55:37.045+0000] {dagbag.py:540} INFO - Filling up the DagBag from /opt/airflow/dags/bronze_dag_simple.py
[2025-10-22T15:55:37.071+0000] {processor.py:840} INFO - DAG(s) 'bronze_dag_simple' retrieved from /opt/airflow/dags/bronze_dag_simple.py
[2025-10-22T15:55:37.097+0000] {logging_mixin.py:188} INFO - [2025-10-22T15:55:37.097+0000] {dag.py:3096} INFO - Sync 1 DAGs
[2025-10-22T15:55:37.126+0000] {logging_mixin.py:188} INFO - [2025-10-22T15:55:37.126+0000] {dag.py:3954} INFO - Setting next_dagrun for bronze_dag_simple to 2025-10-21 18:00:00+00:00, run_after=2025-10-22 18:00:00+00:00
[2025-10-22T15:55:37.145+0000] {processor.py:183} INFO - Processing /opt/airflow/dags/bronze_dag_simple.py took 0.110 seconds
[2025-10-22T15:56:07.733+0000] {processor.py:161} INFO - Started process (PID=238) to work on /opt/airflow/dags/bronze_dag_simple.py
[2025-10-22T15:56:07.735+0000] {processor.py:830} INFO - Processing file /opt/airflow/dags/bronze_dag_simple.py for tasks to queue
[2025-10-22T15:56:07.736+0000] {logging_mixin.py:188} INFO - [2025-10-22T15:56:07.735+0000] {dagbag.py:540} INFO - Filling up the DagBag from /opt/airflow/dags/bronze_dag_simple.py
[2025-10-22T15:56:07.764+0000] {processor.py:840} INFO - DAG(s) 'bronze_dag_simple' retrieved from /opt/airflow/dags/bronze_dag_simple.py
[2025-10-22T15:56:07.796+0000] {logging_mixin.py:188} INFO - [2025-10-22T15:56:07.796+0000] {dag.py:3096} INFO - Sync 1 DAGs
[2025-10-22T15:56:07.823+0000] {logging_mixin.py:188} INFO - [2025-10-22T15:56:07.822+0000] {dag.py:3954} INFO - Setting next_dagrun for bronze_dag_simple to 2025-10-21 18:00:00+00:00, run_after=2025-10-22 18:00:00+00:00
[2025-10-22T15:56:07.844+0000] {processor.py:183} INFO - Processing /opt/airflow/dags/bronze_dag_simple.py took 0.118 seconds
[2025-10-22T15:56:38.492+0000] {processor.py:161} INFO - Started process (PID=240) to work on /opt/airflow/dags/bronze_dag_simple.py
[2025-10-22T15:56:38.493+0000] {processor.py:830} INFO - Processing file /opt/airflow/dags/bronze_dag_simple.py for tasks to queue
[2025-10-22T15:56:38.494+0000] {logging_mixin.py:188} INFO - [2025-10-22T15:56:38.494+0000] {dagbag.py:540} INFO - Filling up the DagBag from /opt/airflow/dags/bronze_dag_simple.py
[2025-10-22T15:56:38.525+0000] {processor.py:840} INFO - DAG(s) 'bronze_dag_simple' retrieved from /opt/airflow/dags/bronze_dag_simple.py
[2025-10-22T15:56:38.553+0000] {logging_mixin.py:188} INFO - [2025-10-22T15:56:38.553+0000] {dag.py:3096} INFO - Sync 1 DAGs
[2025-10-22T15:56:38.578+0000] {logging_mixin.py:188} INFO - [2025-10-22T15:56:38.578+0000] {dag.py:3954} INFO - Setting next_dagrun for bronze_dag_simple to 2025-10-21 18:00:00+00:00, run_after=2025-10-22 18:00:00+00:00
[2025-10-22T15:56:38.794+0000] {processor.py:183} INFO - Processing /opt/airflow/dags/bronze_dag_simple.py took 0.309 seconds
[2025-10-22T15:57:09.065+0000] {processor.py:161} INFO - Started process (PID=242) to work on /opt/airflow/dags/bronze_dag_simple.py
[2025-10-22T15:57:09.067+0000] {processor.py:830} INFO - Processing file /opt/airflow/dags/bronze_dag_simple.py for tasks to queue
[2025-10-22T15:57:09.068+0000] {logging_mixin.py:188} INFO - [2025-10-22T15:57:09.067+0000] {dagbag.py:540} INFO - Filling up the DagBag from /opt/airflow/dags/bronze_dag_simple.py
[2025-10-22T15:57:09.098+0000] {processor.py:840} INFO - DAG(s) 'bronze_dag_simple' retrieved from /opt/airflow/dags/bronze_dag_simple.py
[2025-10-22T15:57:09.129+0000] {logging_mixin.py:188} INFO - [2025-10-22T15:57:09.129+0000] {dag.py:3096} INFO - Sync 1 DAGs
[2025-10-22T15:57:09.158+0000] {logging_mixin.py:188} INFO - [2025-10-22T15:57:09.157+0000] {dag.py:3954} INFO - Setting next_dagrun for bronze_dag_simple to 2025-10-21 18:00:00+00:00, run_after=2025-10-22 18:00:00+00:00
[2025-10-22T15:57:09.180+0000] {processor.py:183} INFO - Processing /opt/airflow/dags/bronze_dag_simple.py took 0.123 seconds
[2025-10-22T15:57:39.451+0000] {processor.py:161} INFO - Started process (PID=244) to work on /opt/airflow/dags/bronze_dag_simple.py
[2025-10-22T15:57:39.452+0000] {processor.py:830} INFO - Processing file /opt/airflow/dags/bronze_dag_simple.py for tasks to queue
[2025-10-22T15:57:39.456+0000] {logging_mixin.py:188} INFO - [2025-10-22T15:57:39.456+0000] {dagbag.py:540} INFO - Filling up the DagBag from /opt/airflow/dags/bronze_dag_simple.py
[2025-10-22T15:57:39.484+0000] {processor.py:840} INFO - DAG(s) 'bronze_dag_simple' retrieved from /opt/airflow/dags/bronze_dag_simple.py
[2025-10-22T15:57:39.517+0000] {logging_mixin.py:188} INFO - [2025-10-22T15:57:39.517+0000] {dag.py:3096} INFO - Sync 1 DAGs
[2025-10-22T15:57:39.549+0000] {logging_mixin.py:188} INFO - [2025-10-22T15:57:39.549+0000] {dag.py:3954} INFO - Setting next_dagrun for bronze_dag_simple to 2025-10-21 18:00:00+00:00, run_after=2025-10-22 18:00:00+00:00
[2025-10-22T15:57:39.574+0000] {processor.py:183} INFO - Processing /opt/airflow/dags/bronze_dag_simple.py took 0.131 seconds
[2025-10-22T15:58:26.077+0000] {processor.py:161} INFO - Started process (PID=247) to work on /opt/airflow/dags/bronze_dag_simple.py
[2025-10-22T15:58:26.078+0000] {processor.py:830} INFO - Processing file /opt/airflow/dags/bronze_dag_simple.py for tasks to queue
[2025-10-22T15:58:26.080+0000] {logging_mixin.py:188} INFO - [2025-10-22T15:58:26.079+0000] {dagbag.py:540} INFO - Filling up the DagBag from /opt/airflow/dags/bronze_dag_simple.py
[2025-10-22T15:58:26.114+0000] {processor.py:840} INFO - DAG(s) 'bronze_dag_simple' retrieved from /opt/airflow/dags/bronze_dag_simple.py
[2025-10-22T15:58:26.151+0000] {logging_mixin.py:188} INFO - [2025-10-22T15:58:26.151+0000] {dag.py:3096} INFO - Sync 1 DAGs
[2025-10-22T15:58:26.181+0000] {logging_mixin.py:188} INFO - [2025-10-22T15:58:26.181+0000] {dag.py:3954} INFO - Setting next_dagrun for bronze_dag_simple to 2025-10-21 18:00:00+00:00, run_after=2025-10-22 18:00:00+00:00
[2025-10-22T15:58:26.205+0000] {processor.py:183} INFO - Processing /opt/airflow/dags/bronze_dag_simple.py took 0.136 seconds
[2025-10-22T15:58:56.532+0000] {processor.py:161} INFO - Started process (PID=248) to work on /opt/airflow/dags/bronze_dag_simple.py
[2025-10-22T15:58:56.533+0000] {processor.py:830} INFO - Processing file /opt/airflow/dags/bronze_dag_simple.py for tasks to queue
[2025-10-22T15:58:56.534+0000] {logging_mixin.py:188} INFO - [2025-10-22T15:58:56.534+0000] {dagbag.py:540} INFO - Filling up the DagBag from /opt/airflow/dags/bronze_dag_simple.py
[2025-10-22T15:58:56.568+0000] {processor.py:840} INFO - DAG(s) 'bronze_dag_simple' retrieved from /opt/airflow/dags/bronze_dag_simple.py
[2025-10-22T15:58:56.601+0000] {logging_mixin.py:188} INFO - [2025-10-22T15:58:56.601+0000] {dag.py:3096} INFO - Sync 1 DAGs
[2025-10-22T15:58:56.858+0000] {logging_mixin.py:188} INFO - [2025-10-22T15:58:56.857+0000] {dag.py:3954} INFO - Setting next_dagrun for bronze_dag_simple to 2025-10-21 18:00:00+00:00, run_after=2025-10-22 18:00:00+00:00
[2025-10-22T15:58:56.881+0000] {processor.py:183} INFO - Processing /opt/airflow/dags/bronze_dag_simple.py took 0.356 seconds
[2025-10-22T15:59:37.261+0000] {processor.py:161} INFO - Started process (PID=251) to work on /opt/airflow/dags/bronze_dag_simple.py
[2025-10-22T15:59:37.263+0000] {processor.py:830} INFO - Processing file /opt/airflow/dags/bronze_dag_simple.py for tasks to queue
[2025-10-22T15:59:37.264+0000] {logging_mixin.py:188} INFO - [2025-10-22T15:59:37.263+0000] {dagbag.py:540} INFO - Filling up the DagBag from /opt/airflow/dags/bronze_dag_simple.py
[2025-10-22T15:59:37.300+0000] {processor.py:840} INFO - DAG(s) 'bronze_dag_simple' retrieved from /opt/airflow/dags/bronze_dag_simple.py
[2025-10-22T15:59:37.344+0000] {logging_mixin.py:188} INFO - [2025-10-22T15:59:37.344+0000] {dag.py:3096} INFO - Sync 1 DAGs
[2025-10-22T15:59:37.382+0000] {logging_mixin.py:188} INFO - [2025-10-22T15:59:37.381+0000] {dag.py:3954} INFO - Setting next_dagrun for bronze_dag_simple to 2025-10-21 18:00:00+00:00, run_after=2025-10-22 18:00:00+00:00
[2025-10-22T15:59:37.410+0000] {processor.py:183} INFO - Processing /opt/airflow/dags/bronze_dag_simple.py took 0.155 seconds
[2025-10-22T16:03:12.321+0000] {processor.py:161} INFO - Started process (PID=55) to work on /opt/airflow/dags/bronze_dag_simple.py
[2025-10-22T16:03:12.322+0000] {processor.py:830} INFO - Processing file /opt/airflow/dags/bronze_dag_simple.py for tasks to queue
[2025-10-22T16:03:12.326+0000] {logging_mixin.py:188} INFO - [2025-10-22T16:03:12.325+0000] {dagbag.py:540} INFO - Filling up the DagBag from /opt/airflow/dags/bronze_dag_simple.py
[2025-10-22T16:03:12.368+0000] {processor.py:840} INFO - DAG(s) 'bronze_dag_simple' retrieved from /opt/airflow/dags/bronze_dag_simple.py
[2025-10-22T16:03:12.571+0000] {logging_mixin.py:188} INFO - [2025-10-22T16:03:12.571+0000] {dag.py:3096} INFO - Sync 1 DAGs
[2025-10-22T16:03:12.610+0000] {logging_mixin.py:188} INFO - [2025-10-22T16:03:12.610+0000] {dag.py:3954} INFO - Setting next_dagrun for bronze_dag_simple to 2025-10-21 18:00:00+00:00, run_after=2025-10-22 18:00:00+00:00
[2025-10-22T16:03:12.648+0000] {processor.py:183} INFO - Processing /opt/airflow/dags/bronze_dag_simple.py took 0.339 seconds
[2025-10-22T16:04:07.139+0000] {processor.py:161} INFO - Started process (PID=57) to work on /opt/airflow/dags/bronze_dag_simple.py
[2025-10-22T16:04:07.141+0000] {processor.py:830} INFO - Processing file /opt/airflow/dags/bronze_dag_simple.py for tasks to queue
[2025-10-22T16:04:07.147+0000] {logging_mixin.py:188} INFO - [2025-10-22T16:04:07.146+0000] {dagbag.py:540} INFO - Filling up the DagBag from /opt/airflow/dags/bronze_dag_simple.py
[2025-10-22T16:04:07.198+0000] {processor.py:840} INFO - DAG(s) 'bronze_dag_simple' retrieved from /opt/airflow/dags/bronze_dag_simple.py
[2025-10-22T16:04:07.248+0000] {logging_mixin.py:188} INFO - [2025-10-22T16:04:07.248+0000] {dag.py:3096} INFO - Sync 1 DAGs
[2025-10-22T16:04:07.288+0000] {logging_mixin.py:188} INFO - [2025-10-22T16:04:07.287+0000] {dag.py:3954} INFO - Setting next_dagrun for bronze_dag_simple to 2025-10-21 18:00:00+00:00, run_after=2025-10-22 18:00:00+00:00
[2025-10-22T16:04:07.317+0000] {processor.py:183} INFO - Processing /opt/airflow/dags/bronze_dag_simple.py took 0.193 seconds
[2025-10-22T16:04:37.452+0000] {processor.py:161} INFO - Started process (PID=58) to work on /opt/airflow/dags/bronze_dag_simple.py
[2025-10-22T16:04:37.453+0000] {processor.py:830} INFO - Processing file /opt/airflow/dags/bronze_dag_simple.py for tasks to queue
[2025-10-22T16:04:37.455+0000] {logging_mixin.py:188} INFO - [2025-10-22T16:04:37.455+0000] {dagbag.py:540} INFO - Filling up the DagBag from /opt/airflow/dags/bronze_dag_simple.py
[2025-10-22T16:04:37.478+0000] {processor.py:840} INFO - DAG(s) 'bronze_dag_simple' retrieved from /opt/airflow/dags/bronze_dag_simple.py
[2025-10-22T16:04:37.500+0000] {logging_mixin.py:188} INFO - [2025-10-22T16:04:37.500+0000] {dag.py:3096} INFO - Sync 1 DAGs
[2025-10-22T16:04:37.519+0000] {logging_mixin.py:188} INFO - [2025-10-22T16:04:37.518+0000] {dag.py:3954} INFO - Setting next_dagrun for bronze_dag_simple to 2025-10-21 18:00:00+00:00, run_after=2025-10-22 18:00:00+00:00
[2025-10-22T16:04:37.536+0000] {processor.py:183} INFO - Processing /opt/airflow/dags/bronze_dag_simple.py took 0.091 seconds
[2025-10-22T16:05:07.671+0000] {processor.py:161} INFO - Started process (PID=60) to work on /opt/airflow/dags/bronze_dag_simple.py
[2025-10-22T16:05:07.672+0000] {processor.py:830} INFO - Processing file /opt/airflow/dags/bronze_dag_simple.py for tasks to queue
[2025-10-22T16:05:07.675+0000] {logging_mixin.py:188} INFO - [2025-10-22T16:05:07.675+0000] {dagbag.py:540} INFO - Filling up the DagBag from /opt/airflow/dags/bronze_dag_simple.py
[2025-10-22T16:05:07.698+0000] {processor.py:840} INFO - DAG(s) 'bronze_dag_simple' retrieved from /opt/airflow/dags/bronze_dag_simple.py
[2025-10-22T16:05:07.720+0000] {logging_mixin.py:188} INFO - [2025-10-22T16:05:07.720+0000] {dag.py:3096} INFO - Sync 1 DAGs
[2025-10-22T16:05:07.740+0000] {logging_mixin.py:188} INFO - [2025-10-22T16:05:07.740+0000] {dag.py:3954} INFO - Setting next_dagrun for bronze_dag_simple to 2025-10-21 18:00:00+00:00, run_after=2025-10-22 18:00:00+00:00
[2025-10-22T16:05:07.758+0000] {processor.py:183} INFO - Processing /opt/airflow/dags/bronze_dag_simple.py took 0.095 seconds
[2025-10-22T16:06:00.579+0000] {processor.py:161} INFO - Started process (PID=63) to work on /opt/airflow/dags/bronze_dag_simple.py
[2025-10-22T16:06:00.580+0000] {processor.py:830} INFO - Processing file /opt/airflow/dags/bronze_dag_simple.py for tasks to queue
[2025-10-22T16:06:00.582+0000] {logging_mixin.py:188} INFO - [2025-10-22T16:06:00.582+0000] {dagbag.py:540} INFO - Filling up the DagBag from /opt/airflow/dags/bronze_dag_simple.py
[2025-10-22T16:06:00.606+0000] {processor.py:840} INFO - DAG(s) 'bronze_dag_simple' retrieved from /opt/airflow/dags/bronze_dag_simple.py
[2025-10-22T16:06:00.630+0000] {logging_mixin.py:188} INFO - [2025-10-22T16:06:00.629+0000] {dag.py:3096} INFO - Sync 1 DAGs
[2025-10-22T16:06:00.649+0000] {logging_mixin.py:188} INFO - [2025-10-22T16:06:00.649+0000] {dag.py:3954} INFO - Setting next_dagrun for bronze_dag_simple to 2025-10-21 18:00:00+00:00, run_after=2025-10-22 18:00:00+00:00
[2025-10-22T16:06:00.667+0000] {processor.py:183} INFO - Processing /opt/airflow/dags/bronze_dag_simple.py took 0.093 seconds
[2025-10-22T16:06:31.490+0000] {processor.py:161} INFO - Started process (PID=65) to work on /opt/airflow/dags/bronze_dag_simple.py
[2025-10-22T16:06:31.491+0000] {processor.py:830} INFO - Processing file /opt/airflow/dags/bronze_dag_simple.py for tasks to queue
[2025-10-22T16:06:31.493+0000] {logging_mixin.py:188} INFO - [2025-10-22T16:06:31.493+0000] {dagbag.py:540} INFO - Filling up the DagBag from /opt/airflow/dags/bronze_dag_simple.py
[2025-10-22T16:06:31.518+0000] {processor.py:840} INFO - DAG(s) 'bronze_dag_simple' retrieved from /opt/airflow/dags/bronze_dag_simple.py
[2025-10-22T16:06:31.542+0000] {logging_mixin.py:188} INFO - [2025-10-22T16:06:31.542+0000] {dag.py:3096} INFO - Sync 1 DAGs
[2025-10-22T16:06:31.562+0000] {logging_mixin.py:188} INFO - [2025-10-22T16:06:31.562+0000] {dag.py:3954} INFO - Setting next_dagrun for bronze_dag_simple to 2025-10-21 18:00:00+00:00, run_after=2025-10-22 18:00:00+00:00
[2025-10-22T16:06:31.582+0000] {processor.py:183} INFO - Processing /opt/airflow/dags/bronze_dag_simple.py took 0.098 seconds
[2025-10-22T16:07:01.963+0000] {processor.py:161} INFO - Started process (PID=72) to work on /opt/airflow/dags/bronze_dag_simple.py
[2025-10-22T16:07:01.966+0000] {processor.py:830} INFO - Processing file /opt/airflow/dags/bronze_dag_simple.py for tasks to queue
[2025-10-22T16:07:01.970+0000] {logging_mixin.py:188} INFO - [2025-10-22T16:07:01.969+0000] {dagbag.py:540} INFO - Filling up the DagBag from /opt/airflow/dags/bronze_dag_simple.py
[2025-10-22T16:07:02.018+0000] {processor.py:840} INFO - DAG(s) 'bronze_dag_simple' retrieved from /opt/airflow/dags/bronze_dag_simple.py
[2025-10-22T16:07:02.076+0000] {logging_mixin.py:188} INFO - [2025-10-22T16:07:02.075+0000] {dag.py:3096} INFO - Sync 1 DAGs
[2025-10-22T16:07:02.115+0000] {logging_mixin.py:188} INFO - [2025-10-22T16:07:02.115+0000] {dag.py:3954} INFO - Setting next_dagrun for bronze_dag_simple to 2025-10-21 18:00:00+00:00, run_after=2025-10-22 18:00:00+00:00
[2025-10-22T16:07:02.145+0000] {processor.py:183} INFO - Processing /opt/airflow/dags/bronze_dag_simple.py took 0.196 seconds
[2025-10-22T16:07:42.693+0000] {processor.py:161} INFO - Started process (PID=74) to work on /opt/airflow/dags/bronze_dag_simple.py
[2025-10-22T16:07:42.694+0000] {processor.py:830} INFO - Processing file /opt/airflow/dags/bronze_dag_simple.py for tasks to queue
[2025-10-22T16:07:42.697+0000] {logging_mixin.py:188} INFO - [2025-10-22T16:07:42.696+0000] {dagbag.py:540} INFO - Filling up the DagBag from /opt/airflow/dags/bronze_dag_simple.py
[2025-10-22T16:07:42.724+0000] {processor.py:840} INFO - DAG(s) 'bronze_dag_simple' retrieved from /opt/airflow/dags/bronze_dag_simple.py
[2025-10-22T16:07:42.748+0000] {logging_mixin.py:188} INFO - [2025-10-22T16:07:42.747+0000] {dag.py:3096} INFO - Sync 1 DAGs
[2025-10-22T16:07:42.766+0000] {logging_mixin.py:188} INFO - [2025-10-22T16:07:42.766+0000] {dag.py:3954} INFO - Setting next_dagrun for bronze_dag_simple to 2025-10-21 18:00:00+00:00, run_after=2025-10-22 18:00:00+00:00
[2025-10-22T16:07:42.781+0000] {processor.py:183} INFO - Processing /opt/airflow/dags/bronze_dag_simple.py took 0.095 seconds
[2025-10-22T16:08:13.033+0000] {processor.py:161} INFO - Started process (PID=75) to work on /opt/airflow/dags/bronze_dag_simple.py
[2025-10-22T16:08:13.034+0000] {processor.py:830} INFO - Processing file /opt/airflow/dags/bronze_dag_simple.py for tasks to queue
[2025-10-22T16:08:13.037+0000] {logging_mixin.py:188} INFO - [2025-10-22T16:08:13.037+0000] {dagbag.py:540} INFO - Filling up the DagBag from /opt/airflow/dags/bronze_dag_simple.py
[2025-10-22T16:08:13.060+0000] {processor.py:840} INFO - DAG(s) 'bronze_dag_simple' retrieved from /opt/airflow/dags/bronze_dag_simple.py
[2025-10-22T16:08:13.086+0000] {logging_mixin.py:188} INFO - [2025-10-22T16:08:13.086+0000] {dag.py:3096} INFO - Sync 1 DAGs
[2025-10-22T16:08:13.109+0000] {logging_mixin.py:188} INFO - [2025-10-22T16:08:13.109+0000] {dag.py:3954} INFO - Setting next_dagrun for bronze_dag_simple to 2025-10-21 18:00:00+00:00, run_after=2025-10-22 18:00:00+00:00
[2025-10-22T16:08:13.131+0000] {processor.py:183} INFO - Processing /opt/airflow/dags/bronze_dag_simple.py took 0.104 seconds
[2025-10-22T16:08:50.523+0000] {processor.py:161} INFO - Started process (PID=78) to work on /opt/airflow/dags/bronze_dag_simple.py
[2025-10-22T16:08:50.524+0000] {processor.py:830} INFO - Processing file /opt/airflow/dags/bronze_dag_simple.py for tasks to queue
[2025-10-22T16:08:50.527+0000] {logging_mixin.py:188} INFO - [2025-10-22T16:08:50.526+0000] {dagbag.py:540} INFO - Filling up the DagBag from /opt/airflow/dags/bronze_dag_simple.py
[2025-10-22T16:08:50.554+0000] {processor.py:840} INFO - DAG(s) 'bronze_dag_simple' retrieved from /opt/airflow/dags/bronze_dag_simple.py
[2025-10-22T16:08:50.585+0000] {logging_mixin.py:188} INFO - [2025-10-22T16:08:50.584+0000] {dag.py:3096} INFO - Sync 1 DAGs
[2025-10-22T16:08:50.612+0000] {logging_mixin.py:188} INFO - [2025-10-22T16:08:50.612+0000] {dag.py:3954} INFO - Setting next_dagrun for bronze_dag_simple to 2025-10-21 18:00:00+00:00, run_after=2025-10-22 18:00:00+00:00
[2025-10-22T16:08:50.636+0000] {processor.py:183} INFO - Processing /opt/airflow/dags/bronze_dag_simple.py took 0.121 seconds
[2025-10-22T16:09:20.851+0000] {processor.py:161} INFO - Started process (PID=79) to work on /opt/airflow/dags/bronze_dag_simple.py
[2025-10-22T16:09:20.852+0000] {processor.py:830} INFO - Processing file /opt/airflow/dags/bronze_dag_simple.py for tasks to queue
[2025-10-22T16:09:20.854+0000] {logging_mixin.py:188} INFO - [2025-10-22T16:09:20.854+0000] {dagbag.py:540} INFO - Filling up the DagBag from /opt/airflow/dags/bronze_dag_simple.py
[2025-10-22T16:09:20.877+0000] {processor.py:840} INFO - DAG(s) 'bronze_dag_simple' retrieved from /opt/airflow/dags/bronze_dag_simple.py
[2025-10-22T16:09:20.905+0000] {logging_mixin.py:188} INFO - [2025-10-22T16:09:20.905+0000] {dag.py:3096} INFO - Sync 1 DAGs
[2025-10-22T16:09:20.928+0000] {logging_mixin.py:188} INFO - [2025-10-22T16:09:20.928+0000] {dag.py:3954} INFO - Setting next_dagrun for bronze_dag_simple to 2025-10-21 18:00:00+00:00, run_after=2025-10-22 18:00:00+00:00
[2025-10-22T16:09:20.951+0000] {processor.py:183} INFO - Processing /opt/airflow/dags/bronze_dag_simple.py took 0.107 seconds
[2025-10-22T16:09:51.149+0000] {processor.py:161} INFO - Started process (PID=81) to work on /opt/airflow/dags/bronze_dag_simple.py
[2025-10-22T16:09:51.150+0000] {processor.py:830} INFO - Processing file /opt/airflow/dags/bronze_dag_simple.py for tasks to queue
[2025-10-22T16:09:51.151+0000] {logging_mixin.py:188} INFO - [2025-10-22T16:09:51.151+0000] {dagbag.py:540} INFO - Filling up the DagBag from /opt/airflow/dags/bronze_dag_simple.py
[2025-10-22T16:09:51.168+0000] {processor.py:840} INFO - DAG(s) 'bronze_dag_simple' retrieved from /opt/airflow/dags/bronze_dag_simple.py
[2025-10-22T16:09:51.187+0000] {logging_mixin.py:188} INFO - [2025-10-22T16:09:51.187+0000] {dag.py:3096} INFO - Sync 1 DAGs
[2025-10-22T16:09:51.205+0000] {logging_mixin.py:188} INFO - [2025-10-22T16:09:51.205+0000] {dag.py:3954} INFO - Setting next_dagrun for bronze_dag_simple to 2025-10-21 18:00:00+00:00, run_after=2025-10-22 18:00:00+00:00
[2025-10-22T16:09:51.222+0000] {processor.py:183} INFO - Processing /opt/airflow/dags/bronze_dag_simple.py took 0.078 seconds
[2025-10-22T16:10:21.528+0000] {processor.py:161} INFO - Started process (PID=83) to work on /opt/airflow/dags/bronze_dag_simple.py
[2025-10-22T16:10:21.529+0000] {processor.py:830} INFO - Processing file /opt/airflow/dags/bronze_dag_simple.py for tasks to queue
[2025-10-22T16:10:21.531+0000] {logging_mixin.py:188} INFO - [2025-10-22T16:10:21.531+0000] {dagbag.py:540} INFO - Filling up the DagBag from /opt/airflow/dags/bronze_dag_simple.py
[2025-10-22T16:10:21.549+0000] {processor.py:840} INFO - DAG(s) 'bronze_dag_simple' retrieved from /opt/airflow/dags/bronze_dag_simple.py
[2025-10-22T16:10:21.566+0000] {logging_mixin.py:188} INFO - [2025-10-22T16:10:21.566+0000] {dag.py:3096} INFO - Sync 1 DAGs
[2025-10-22T16:10:21.584+0000] {logging_mixin.py:188} INFO - [2025-10-22T16:10:21.584+0000] {dag.py:3954} INFO - Setting next_dagrun for bronze_dag_simple to 2025-10-21 18:00:00+00:00, run_after=2025-10-22 18:00:00+00:00
[2025-10-22T16:10:21.601+0000] {processor.py:183} INFO - Processing /opt/airflow/dags/bronze_dag_simple.py took 0.077 seconds
[2025-10-22T16:10:51.906+0000] {processor.py:161} INFO - Started process (PID=85) to work on /opt/airflow/dags/bronze_dag_simple.py
[2025-10-22T16:10:51.907+0000] {processor.py:830} INFO - Processing file /opt/airflow/dags/bronze_dag_simple.py for tasks to queue
[2025-10-22T16:10:51.909+0000] {logging_mixin.py:188} INFO - [2025-10-22T16:10:51.909+0000] {dagbag.py:540} INFO - Filling up the DagBag from /opt/airflow/dags/bronze_dag_simple.py
[2025-10-22T16:10:51.929+0000] {processor.py:840} INFO - DAG(s) 'bronze_dag_simple' retrieved from /opt/airflow/dags/bronze_dag_simple.py
[2025-10-22T16:10:51.948+0000] {logging_mixin.py:188} INFO - [2025-10-22T16:10:51.948+0000] {dag.py:3096} INFO - Sync 1 DAGs
[2025-10-22T16:10:51.968+0000] {logging_mixin.py:188} INFO - [2025-10-22T16:10:51.967+0000] {dag.py:3954} INFO - Setting next_dagrun for bronze_dag_simple to 2025-10-21 18:00:00+00:00, run_after=2025-10-22 18:00:00+00:00
[2025-10-22T16:10:51.986+0000] {processor.py:183} INFO - Processing /opt/airflow/dags/bronze_dag_simple.py took 0.085 seconds
[2025-10-22T16:11:22.309+0000] {processor.py:161} INFO - Started process (PID=87) to work on /opt/airflow/dags/bronze_dag_simple.py
[2025-10-22T16:11:22.310+0000] {processor.py:830} INFO - Processing file /opt/airflow/dags/bronze_dag_simple.py for tasks to queue
[2025-10-22T16:11:22.312+0000] {logging_mixin.py:188} INFO - [2025-10-22T16:11:22.312+0000] {dagbag.py:540} INFO - Filling up the DagBag from /opt/airflow/dags/bronze_dag_simple.py
[2025-10-22T16:11:22.332+0000] {processor.py:840} INFO - DAG(s) 'bronze_dag_simple' retrieved from /opt/airflow/dags/bronze_dag_simple.py
[2025-10-22T16:11:22.354+0000] {logging_mixin.py:188} INFO - [2025-10-22T16:11:22.354+0000] {dag.py:3096} INFO - Sync 1 DAGs
[2025-10-22T16:11:22.372+0000] {logging_mixin.py:188} INFO - [2025-10-22T16:11:22.372+0000] {dag.py:3954} INFO - Setting next_dagrun for bronze_dag_simple to 2025-10-21 18:00:00+00:00, run_after=2025-10-22 18:00:00+00:00
[2025-10-22T16:11:22.389+0000] {processor.py:183} INFO - Processing /opt/airflow/dags/bronze_dag_simple.py took 0.085 seconds
[2025-10-22T16:11:52.520+0000] {processor.py:161} INFO - Started process (PID=89) to work on /opt/airflow/dags/bronze_dag_simple.py
[2025-10-22T16:11:52.521+0000] {processor.py:830} INFO - Processing file /opt/airflow/dags/bronze_dag_simple.py for tasks to queue
[2025-10-22T16:11:52.524+0000] {logging_mixin.py:188} INFO - [2025-10-22T16:11:52.524+0000] {dagbag.py:540} INFO - Filling up the DagBag from /opt/airflow/dags/bronze_dag_simple.py
[2025-10-22T16:11:52.551+0000] {processor.py:840} INFO - DAG(s) 'bronze_dag_simple' retrieved from /opt/airflow/dags/bronze_dag_simple.py
[2025-10-22T16:11:52.578+0000] {logging_mixin.py:188} INFO - [2025-10-22T16:11:52.578+0000] {dag.py:3096} INFO - Sync 1 DAGs
[2025-10-22T16:11:52.604+0000] {logging_mixin.py:188} INFO - [2025-10-22T16:11:52.604+0000] {dag.py:3954} INFO - Setting next_dagrun for bronze_dag_simple to 2025-10-21 18:00:00+00:00, run_after=2025-10-22 18:00:00+00:00
[2025-10-22T16:11:52.627+0000] {processor.py:183} INFO - Processing /opt/airflow/dags/bronze_dag_simple.py took 0.113 seconds
[2025-10-22T16:12:22.841+0000] {processor.py:161} INFO - Started process (PID=96) to work on /opt/airflow/dags/bronze_dag_simple.py
[2025-10-22T16:12:22.842+0000] {processor.py:830} INFO - Processing file /opt/airflow/dags/bronze_dag_simple.py for tasks to queue
[2025-10-22T16:12:22.845+0000] {logging_mixin.py:188} INFO - [2025-10-22T16:12:22.845+0000] {dagbag.py:540} INFO - Filling up the DagBag from /opt/airflow/dags/bronze_dag_simple.py
[2025-10-22T16:12:22.870+0000] {processor.py:840} INFO - DAG(s) 'bronze_dag_simple' retrieved from /opt/airflow/dags/bronze_dag_simple.py
[2025-10-22T16:12:22.897+0000] {logging_mixin.py:188} INFO - [2025-10-22T16:12:22.897+0000] {dag.py:3096} INFO - Sync 1 DAGs
[2025-10-22T16:12:22.923+0000] {logging_mixin.py:188} INFO - [2025-10-22T16:12:22.923+0000] {dag.py:3954} INFO - Setting next_dagrun for bronze_dag_simple to 2025-10-21 18:00:00+00:00, run_after=2025-10-22 18:00:00+00:00
[2025-10-22T16:12:22.945+0000] {processor.py:183} INFO - Processing /opt/airflow/dags/bronze_dag_simple.py took 0.112 seconds
[2025-10-22T16:13:18.899+0000] {processor.py:161} INFO - Started process (PID=99) to work on /opt/airflow/dags/bronze_dag_simple.py
[2025-10-22T16:13:18.900+0000] {processor.py:830} INFO - Processing file /opt/airflow/dags/bronze_dag_simple.py for tasks to queue
[2025-10-22T16:13:18.903+0000] {logging_mixin.py:188} INFO - [2025-10-22T16:13:18.903+0000] {dagbag.py:540} INFO - Filling up the DagBag from /opt/airflow/dags/bronze_dag_simple.py
[2025-10-22T16:13:18.929+0000] {processor.py:840} INFO - DAG(s) 'bronze_dag_simple' retrieved from /opt/airflow/dags/bronze_dag_simple.py
[2025-10-22T16:13:18.954+0000] {logging_mixin.py:188} INFO - [2025-10-22T16:13:18.954+0000] {dag.py:3096} INFO - Sync 1 DAGs
[2025-10-22T16:13:18.979+0000] {logging_mixin.py:188} INFO - [2025-10-22T16:13:18.978+0000] {dag.py:3954} INFO - Setting next_dagrun for bronze_dag_simple to 2025-10-21 18:00:00+00:00, run_after=2025-10-22 18:00:00+00:00
[2025-10-22T16:13:19.005+0000] {processor.py:183} INFO - Processing /opt/airflow/dags/bronze_dag_simple.py took 0.112 seconds
[2025-10-22T16:13:49.437+0000] {processor.py:161} INFO - Started process (PID=100) to work on /opt/airflow/dags/bronze_dag_simple.py
[2025-10-22T16:13:49.438+0000] {processor.py:830} INFO - Processing file /opt/airflow/dags/bronze_dag_simple.py for tasks to queue
[2025-10-22T16:13:49.440+0000] {logging_mixin.py:188} INFO - [2025-10-22T16:13:49.440+0000] {dagbag.py:540} INFO - Filling up the DagBag from /opt/airflow/dags/bronze_dag_simple.py
[2025-10-22T16:13:49.464+0000] {processor.py:840} INFO - DAG(s) 'bronze_dag_simple' retrieved from /opt/airflow/dags/bronze_dag_simple.py
[2025-10-22T16:13:49.488+0000] {logging_mixin.py:188} INFO - [2025-10-22T16:13:49.488+0000] {dag.py:3096} INFO - Sync 1 DAGs
[2025-10-22T16:13:49.510+0000] {logging_mixin.py:188} INFO - [2025-10-22T16:13:49.510+0000] {dag.py:3954} INFO - Setting next_dagrun for bronze_dag_simple to 2025-10-21 18:00:00+00:00, run_after=2025-10-22 18:00:00+00:00
[2025-10-22T16:13:49.532+0000] {processor.py:183} INFO - Processing /opt/airflow/dags/bronze_dag_simple.py took 0.101 seconds
[2025-10-22T16:14:20.106+0000] {processor.py:161} INFO - Started process (PID=102) to work on /opt/airflow/dags/bronze_dag_simple.py
[2025-10-22T16:14:20.107+0000] {processor.py:830} INFO - Processing file /opt/airflow/dags/bronze_dag_simple.py for tasks to queue
[2025-10-22T16:14:20.109+0000] {logging_mixin.py:188} INFO - [2025-10-22T16:14:20.109+0000] {dagbag.py:540} INFO - Filling up the DagBag from /opt/airflow/dags/bronze_dag_simple.py
[2025-10-22T16:14:20.133+0000] {processor.py:840} INFO - DAG(s) 'bronze_dag_simple' retrieved from /opt/airflow/dags/bronze_dag_simple.py
[2025-10-22T16:14:20.156+0000] {logging_mixin.py:188} INFO - [2025-10-22T16:14:20.156+0000] {dag.py:3096} INFO - Sync 1 DAGs
[2025-10-22T16:14:20.178+0000] {logging_mixin.py:188} INFO - [2025-10-22T16:14:20.177+0000] {dag.py:3954} INFO - Setting next_dagrun for bronze_dag_simple to 2025-10-21 18:00:00+00:00, run_after=2025-10-22 18:00:00+00:00
[2025-10-22T16:14:20.198+0000] {processor.py:183} INFO - Processing /opt/airflow/dags/bronze_dag_simple.py took 0.100 seconds
[2025-10-22T16:14:50.549+0000] {processor.py:161} INFO - Started process (PID=104) to work on /opt/airflow/dags/bronze_dag_simple.py
[2025-10-22T16:14:50.550+0000] {processor.py:830} INFO - Processing file /opt/airflow/dags/bronze_dag_simple.py for tasks to queue
[2025-10-22T16:14:50.552+0000] {logging_mixin.py:188} INFO - [2025-10-22T16:14:50.552+0000] {dagbag.py:540} INFO - Filling up the DagBag from /opt/airflow/dags/bronze_dag_simple.py
[2025-10-22T16:14:50.575+0000] {processor.py:840} INFO - DAG(s) 'bronze_dag_simple' retrieved from /opt/airflow/dags/bronze_dag_simple.py
[2025-10-22T16:14:50.598+0000] {logging_mixin.py:188} INFO - [2025-10-22T16:14:50.598+0000] {dag.py:3096} INFO - Sync 1 DAGs
[2025-10-22T16:14:50.620+0000] {logging_mixin.py:188} INFO - [2025-10-22T16:14:50.619+0000] {dag.py:3954} INFO - Setting next_dagrun for bronze_dag_simple to 2025-10-21 18:00:00+00:00, run_after=2025-10-22 18:00:00+00:00
[2025-10-22T16:14:50.639+0000] {processor.py:183} INFO - Processing /opt/airflow/dags/bronze_dag_simple.py took 0.095 seconds
[2025-10-22T16:15:53.104+0000] {processor.py:161} INFO - Started process (PID=107) to work on /opt/airflow/dags/bronze_dag_simple.py
[2025-10-22T16:15:53.105+0000] {processor.py:830} INFO - Processing file /opt/airflow/dags/bronze_dag_simple.py for tasks to queue
[2025-10-22T16:15:53.107+0000] {logging_mixin.py:188} INFO - [2025-10-22T16:15:53.107+0000] {dagbag.py:540} INFO - Filling up the DagBag from /opt/airflow/dags/bronze_dag_simple.py
[2025-10-22T16:15:53.131+0000] {processor.py:840} INFO - DAG(s) 'bronze_dag_simple' retrieved from /opt/airflow/dags/bronze_dag_simple.py
[2025-10-22T16:15:53.157+0000] {logging_mixin.py:188} INFO - [2025-10-22T16:15:53.157+0000] {dag.py:3096} INFO - Sync 1 DAGs
[2025-10-22T16:15:53.184+0000] {logging_mixin.py:188} INFO - [2025-10-22T16:15:53.184+0000] {dag.py:3954} INFO - Setting next_dagrun for bronze_dag_simple to 2025-10-21 18:00:00+00:00, run_after=2025-10-22 18:00:00+00:00
[2025-10-22T16:15:53.206+0000] {processor.py:183} INFO - Processing /opt/airflow/dags/bronze_dag_simple.py took 0.108 seconds
[2025-10-22T16:16:28.471+0000] {processor.py:161} INFO - Started process (PID=109) to work on /opt/airflow/dags/bronze_dag_simple.py
[2025-10-22T16:16:28.472+0000] {processor.py:830} INFO - Processing file /opt/airflow/dags/bronze_dag_simple.py for tasks to queue
[2025-10-22T16:16:28.474+0000] {logging_mixin.py:188} INFO - [2025-10-22T16:16:28.474+0000] {dagbag.py:540} INFO - Filling up the DagBag from /opt/airflow/dags/bronze_dag_simple.py
[2025-10-22T16:16:28.497+0000] {processor.py:840} INFO - DAG(s) 'bronze_dag_simple' retrieved from /opt/airflow/dags/bronze_dag_simple.py
[2025-10-22T16:16:28.526+0000] {logging_mixin.py:188} INFO - [2025-10-22T16:16:28.526+0000] {dag.py:3096} INFO - Sync 1 DAGs
[2025-10-22T16:16:28.553+0000] {logging_mixin.py:188} INFO - [2025-10-22T16:16:28.553+0000] {dag.py:3954} INFO - Setting next_dagrun for bronze_dag_simple to 2025-10-21 18:00:00+00:00, run_after=2025-10-22 18:00:00+00:00
[2025-10-22T16:16:28.575+0000] {processor.py:183} INFO - Processing /opt/airflow/dags/bronze_dag_simple.py took 0.109 seconds
[2025-10-22T16:16:58.790+0000] {processor.py:161} INFO - Started process (PID=110) to work on /opt/airflow/dags/bronze_dag_simple.py
[2025-10-22T16:16:58.792+0000] {processor.py:830} INFO - Processing file /opt/airflow/dags/bronze_dag_simple.py for tasks to queue
[2025-10-22T16:16:58.794+0000] {logging_mixin.py:188} INFO - [2025-10-22T16:16:58.793+0000] {dagbag.py:540} INFO - Filling up the DagBag from /opt/airflow/dags/bronze_dag_simple.py
[2025-10-22T16:16:58.819+0000] {processor.py:840} INFO - DAG(s) 'bronze_dag_simple' retrieved from /opt/airflow/dags/bronze_dag_simple.py
[2025-10-22T16:16:58.846+0000] {logging_mixin.py:188} INFO - [2025-10-22T16:16:58.845+0000] {dag.py:3096} INFO - Sync 1 DAGs
[2025-10-22T16:16:58.873+0000] {logging_mixin.py:188} INFO - [2025-10-22T16:16:58.873+0000] {dag.py:3954} INFO - Setting next_dagrun for bronze_dag_simple to 2025-10-21 18:00:00+00:00, run_after=2025-10-22 18:00:00+00:00
[2025-10-22T16:16:58.899+0000] {processor.py:183} INFO - Processing /opt/airflow/dags/bronze_dag_simple.py took 0.115 seconds
[2025-10-22T16:17:29.209+0000] {processor.py:161} INFO - Started process (PID=112) to work on /opt/airflow/dags/bronze_dag_simple.py
[2025-10-22T16:17:29.210+0000] {processor.py:830} INFO - Processing file /opt/airflow/dags/bronze_dag_simple.py for tasks to queue
[2025-10-22T16:17:29.212+0000] {logging_mixin.py:188} INFO - [2025-10-22T16:17:29.212+0000] {dagbag.py:540} INFO - Filling up the DagBag from /opt/airflow/dags/bronze_dag_simple.py
[2025-10-22T16:17:29.236+0000] {processor.py:840} INFO - DAG(s) 'bronze_dag_simple' retrieved from /opt/airflow/dags/bronze_dag_simple.py
[2025-10-22T16:17:29.258+0000] {logging_mixin.py:188} INFO - [2025-10-22T16:17:29.258+0000] {dag.py:3096} INFO - Sync 1 DAGs
[2025-10-22T16:17:29.286+0000] {logging_mixin.py:188} INFO - [2025-10-22T16:17:29.286+0000] {dag.py:3954} INFO - Setting next_dagrun for bronze_dag_simple to 2025-10-21 18:00:00+00:00, run_after=2025-10-22 18:00:00+00:00
[2025-10-22T16:17:29.306+0000] {processor.py:183} INFO - Processing /opt/airflow/dags/bronze_dag_simple.py took 0.105 seconds
[2025-10-22T16:17:59.439+0000] {processor.py:161} INFO - Started process (PID=114) to work on /opt/airflow/dags/bronze_dag_simple.py
[2025-10-22T16:17:59.440+0000] {processor.py:830} INFO - Processing file /opt/airflow/dags/bronze_dag_simple.py for tasks to queue
[2025-10-22T16:17:59.443+0000] {logging_mixin.py:188} INFO - [2025-10-22T16:17:59.442+0000] {dagbag.py:540} INFO - Filling up the DagBag from /opt/airflow/dags/bronze_dag_simple.py
[2025-10-22T16:17:59.468+0000] {processor.py:840} INFO - DAG(s) 'bronze_dag_simple' retrieved from /opt/airflow/dags/bronze_dag_simple.py
[2025-10-22T16:17:59.496+0000] {logging_mixin.py:188} INFO - [2025-10-22T16:17:59.495+0000] {dag.py:3096} INFO - Sync 1 DAGs
[2025-10-22T16:17:59.522+0000] {logging_mixin.py:188} INFO - [2025-10-22T16:17:59.522+0000] {dag.py:3954} INFO - Setting next_dagrun for bronze_dag_simple to 2025-10-21 18:00:00+00:00, run_after=2025-10-22 18:00:00+00:00
[2025-10-22T16:17:59.545+0000] {processor.py:183} INFO - Processing /opt/airflow/dags/bronze_dag_simple.py took 0.113 seconds
[2025-10-22T16:18:30.034+0000] {processor.py:161} INFO - Started process (PID=116) to work on /opt/airflow/dags/bronze_dag_simple.py
[2025-10-22T16:18:30.036+0000] {processor.py:830} INFO - Processing file /opt/airflow/dags/bronze_dag_simple.py for tasks to queue
[2025-10-22T16:18:30.037+0000] {logging_mixin.py:188} INFO - [2025-10-22T16:18:30.037+0000] {dagbag.py:540} INFO - Filling up the DagBag from /opt/airflow/dags/bronze_dag_simple.py
[2025-10-22T16:18:30.059+0000] {processor.py:840} INFO - DAG(s) 'bronze_dag_simple' retrieved from /opt/airflow/dags/bronze_dag_simple.py
[2025-10-22T16:18:30.082+0000] {logging_mixin.py:188} INFO - [2025-10-22T16:18:30.082+0000] {dag.py:3096} INFO - Sync 1 DAGs
[2025-10-22T16:18:30.107+0000] {logging_mixin.py:188} INFO - [2025-10-22T16:18:30.107+0000] {dag.py:3954} INFO - Setting next_dagrun for bronze_dag_simple to 2025-10-21 18:00:00+00:00, run_after=2025-10-22 18:00:00+00:00
[2025-10-22T16:18:30.130+0000] {processor.py:183} INFO - Processing /opt/airflow/dags/bronze_dag_simple.py took 0.101 seconds
[2025-10-22T16:19:00.686+0000] {processor.py:161} INFO - Started process (PID=118) to work on /opt/airflow/dags/bronze_dag_simple.py
[2025-10-22T16:19:00.688+0000] {processor.py:830} INFO - Processing file /opt/airflow/dags/bronze_dag_simple.py for tasks to queue
[2025-10-22T16:19:00.702+0000] {logging_mixin.py:188} INFO - [2025-10-22T16:19:00.701+0000] {dagbag.py:540} INFO - Filling up the DagBag from /opt/airflow/dags/bronze_dag_simple.py
[2025-10-22T16:19:00.752+0000] {processor.py:840} INFO - DAG(s) 'bronze_dag_simple' retrieved from /opt/airflow/dags/bronze_dag_simple.py
[2025-10-22T16:19:00.786+0000] {logging_mixin.py:188} INFO - [2025-10-22T16:19:00.786+0000] {dag.py:3096} INFO - Sync 1 DAGs
[2025-10-22T16:19:00.830+0000] {logging_mixin.py:188} INFO - [2025-10-22T16:19:00.829+0000] {dag.py:3954} INFO - Setting next_dagrun for bronze_dag_simple to 2025-10-21 18:00:00+00:00, run_after=2025-10-22 18:00:00+00:00
[2025-10-22T16:19:00.865+0000] {processor.py:183} INFO - Processing /opt/airflow/dags/bronze_dag_simple.py took 0.186 seconds
[2025-10-22T16:19:31.341+0000] {processor.py:161} INFO - Started process (PID=120) to work on /opt/airflow/dags/bronze_dag_simple.py
[2025-10-22T16:19:31.343+0000] {processor.py:830} INFO - Processing file /opt/airflow/dags/bronze_dag_simple.py for tasks to queue
[2025-10-22T16:19:31.348+0000] {logging_mixin.py:188} INFO - [2025-10-22T16:19:31.347+0000] {dagbag.py:540} INFO - Filling up the DagBag from /opt/airflow/dags/bronze_dag_simple.py
[2025-10-22T16:19:31.385+0000] {processor.py:840} INFO - DAG(s) 'bronze_dag_simple' retrieved from /opt/airflow/dags/bronze_dag_simple.py
[2025-10-22T16:19:31.422+0000] {logging_mixin.py:188} INFO - [2025-10-22T16:19:31.421+0000] {dag.py:3096} INFO - Sync 1 DAGs
[2025-10-22T16:19:31.451+0000] {logging_mixin.py:188} INFO - [2025-10-22T16:19:31.450+0000] {dag.py:3954} INFO - Setting next_dagrun for bronze_dag_simple to 2025-10-21 18:00:00+00:00, run_after=2025-10-22 18:00:00+00:00
[2025-10-22T16:19:31.481+0000] {processor.py:183} INFO - Processing /opt/airflow/dags/bronze_dag_simple.py took 0.153 seconds
[2025-10-22T16:20:01.684+0000] {processor.py:161} INFO - Started process (PID=122) to work on /opt/airflow/dags/bronze_dag_simple.py
[2025-10-22T16:20:01.685+0000] {processor.py:830} INFO - Processing file /opt/airflow/dags/bronze_dag_simple.py for tasks to queue
[2025-10-22T16:20:01.687+0000] {logging_mixin.py:188} INFO - [2025-10-22T16:20:01.687+0000] {dagbag.py:540} INFO - Filling up the DagBag from /opt/airflow/dags/bronze_dag_simple.py
[2025-10-22T16:20:01.707+0000] {processor.py:840} INFO - DAG(s) 'bronze_dag_simple' retrieved from /opt/airflow/dags/bronze_dag_simple.py
[2025-10-22T16:20:01.730+0000] {logging_mixin.py:188} INFO - [2025-10-22T16:20:01.730+0000] {dag.py:3096} INFO - Sync 1 DAGs
[2025-10-22T16:20:01.755+0000] {logging_mixin.py:188} INFO - [2025-10-22T16:20:01.754+0000] {dag.py:3954} INFO - Setting next_dagrun for bronze_dag_simple to 2025-10-21 18:00:00+00:00, run_after=2025-10-22 18:00:00+00:00
[2025-10-22T16:20:01.773+0000] {processor.py:183} INFO - Processing /opt/airflow/dags/bronze_dag_simple.py took 0.094 seconds
[2025-10-22T16:20:44.116+0000] {processor.py:161} INFO - Started process (PID=125) to work on /opt/airflow/dags/bronze_dag_simple.py
[2025-10-22T16:20:44.117+0000] {processor.py:830} INFO - Processing file /opt/airflow/dags/bronze_dag_simple.py for tasks to queue
[2025-10-22T16:20:44.122+0000] {logging_mixin.py:188} INFO - [2025-10-22T16:20:44.121+0000] {dagbag.py:540} INFO - Filling up the DagBag from /opt/airflow/dags/bronze_dag_simple.py
[2025-10-22T16:20:44.151+0000] {processor.py:840} INFO - DAG(s) 'bronze_dag_simple' retrieved from /opt/airflow/dags/bronze_dag_simple.py
[2025-10-22T16:20:44.177+0000] {logging_mixin.py:188} INFO - [2025-10-22T16:20:44.177+0000] {dag.py:3096} INFO - Sync 1 DAGs
[2025-10-22T16:20:44.201+0000] {logging_mixin.py:188} INFO - [2025-10-22T16:20:44.201+0000] {dag.py:3954} INFO - Setting next_dagrun for bronze_dag_simple to 2025-10-21 18:00:00+00:00, run_after=2025-10-22 18:00:00+00:00
[2025-10-22T16:20:44.220+0000] {processor.py:183} INFO - Processing /opt/airflow/dags/bronze_dag_simple.py took 0.111 seconds
[2025-10-22T16:21:14.443+0000] {processor.py:161} INFO - Started process (PID=126) to work on /opt/airflow/dags/bronze_dag_simple.py
[2025-10-22T16:21:14.446+0000] {processor.py:830} INFO - Processing file /opt/airflow/dags/bronze_dag_simple.py for tasks to queue
[2025-10-22T16:21:14.448+0000] {logging_mixin.py:188} INFO - [2025-10-22T16:21:14.448+0000] {dagbag.py:540} INFO - Filling up the DagBag from /opt/airflow/dags/bronze_dag_simple.py
[2025-10-22T16:21:14.474+0000] {processor.py:840} INFO - DAG(s) 'bronze_dag_simple' retrieved from /opt/airflow/dags/bronze_dag_simple.py
[2025-10-22T16:21:14.498+0000] {logging_mixin.py:188} INFO - [2025-10-22T16:21:14.498+0000] {dag.py:3096} INFO - Sync 1 DAGs
[2025-10-22T16:21:14.518+0000] {logging_mixin.py:188} INFO - [2025-10-22T16:21:14.518+0000] {dag.py:3954} INFO - Setting next_dagrun for bronze_dag_simple to 2025-10-21 18:00:00+00:00, run_after=2025-10-22 18:00:00+00:00
[2025-10-22T16:21:14.536+0000] {processor.py:183} INFO - Processing /opt/airflow/dags/bronze_dag_simple.py took 0.098 seconds
[2025-10-22T16:22:20.666+0000] {processor.py:161} INFO - Started process (PID=55) to work on /opt/airflow/dags/bronze_dag_simple.py
[2025-10-22T16:22:20.668+0000] {processor.py:830} INFO - Processing file /opt/airflow/dags/bronze_dag_simple.py for tasks to queue
[2025-10-22T16:22:20.672+0000] {logging_mixin.py:188} INFO - [2025-10-22T16:22:20.672+0000] {dagbag.py:540} INFO - Filling up the DagBag from /opt/airflow/dags/bronze_dag_simple.py
[2025-10-22T16:22:20.706+0000] {processor.py:840} INFO - DAG(s) 'bronze_dag_simple' retrieved from /opt/airflow/dags/bronze_dag_simple.py
[2025-10-22T16:22:20.740+0000] {logging_mixin.py:188} INFO - [2025-10-22T16:22:20.740+0000] {dag.py:3096} INFO - Sync 1 DAGs
[2025-10-22T16:22:20.773+0000] {logging_mixin.py:188} INFO - [2025-10-22T16:22:20.773+0000] {dag.py:3954} INFO - Setting next_dagrun for bronze_dag_simple to 2025-10-21 18:00:00+00:00, run_after=2025-10-22 18:00:00+00:00
[2025-10-22T16:22:20.797+0000] {processor.py:183} INFO - Processing /opt/airflow/dags/bronze_dag_simple.py took 0.140 seconds
[2025-10-22T16:22:50.857+0000] {processor.py:161} INFO - Started process (PID=56) to work on /opt/airflow/dags/bronze_dag_simple.py
[2025-10-22T16:22:50.858+0000] {processor.py:830} INFO - Processing file /opt/airflow/dags/bronze_dag_simple.py for tasks to queue
[2025-10-22T16:22:50.861+0000] {logging_mixin.py:188} INFO - [2025-10-22T16:22:50.860+0000] {dagbag.py:540} INFO - Filling up the DagBag from /opt/airflow/dags/bronze_dag_simple.py
[2025-10-22T16:22:50.886+0000] {processor.py:840} INFO - DAG(s) 'bronze_dag_simple' retrieved from /opt/airflow/dags/bronze_dag_simple.py
[2025-10-22T16:22:51.008+0000] {logging_mixin.py:188} INFO - [2025-10-22T16:22:51.007+0000] {dag.py:3096} INFO - Sync 1 DAGs
[2025-10-22T16:22:51.032+0000] {logging_mixin.py:188} INFO - [2025-10-22T16:22:51.032+0000] {dag.py:3954} INFO - Setting next_dagrun for bronze_dag_simple to 2025-10-21 18:00:00+00:00, run_after=2025-10-22 18:00:00+00:00
[2025-10-22T16:22:51.056+0000] {processor.py:183} INFO - Processing /opt/airflow/dags/bronze_dag_simple.py took 0.205 seconds
[2025-10-22T16:23:21.366+0000] {processor.py:161} INFO - Started process (PID=58) to work on /opt/airflow/dags/bronze_dag_simple.py
[2025-10-22T16:23:21.367+0000] {processor.py:830} INFO - Processing file /opt/airflow/dags/bronze_dag_simple.py for tasks to queue
[2025-10-22T16:23:21.370+0000] {logging_mixin.py:188} INFO - [2025-10-22T16:23:21.370+0000] {dagbag.py:540} INFO - Filling up the DagBag from /opt/airflow/dags/bronze_dag_simple.py
[2025-10-22T16:23:21.394+0000] {processor.py:840} INFO - DAG(s) 'bronze_dag_simple' retrieved from /opt/airflow/dags/bronze_dag_simple.py
[2025-10-22T16:23:21.424+0000] {logging_mixin.py:188} INFO - [2025-10-22T16:23:21.423+0000] {dag.py:3096} INFO - Sync 1 DAGs
[2025-10-22T16:23:21.449+0000] {logging_mixin.py:188} INFO - [2025-10-22T16:23:21.449+0000] {dag.py:3954} INFO - Setting next_dagrun for bronze_dag_simple to 2025-10-21 18:00:00+00:00, run_after=2025-10-22 18:00:00+00:00
[2025-10-22T16:23:21.469+0000] {processor.py:183} INFO - Processing /opt/airflow/dags/bronze_dag_simple.py took 0.110 seconds
[2025-10-22T16:24:53.261+0000] {processor.py:161} INFO - Started process (PID=55) to work on /opt/airflow/dags/bronze_dag_simple.py
[2025-10-22T16:24:53.263+0000] {processor.py:830} INFO - Processing file /opt/airflow/dags/bronze_dag_simple.py for tasks to queue
[2025-10-22T16:24:53.266+0000] {logging_mixin.py:188} INFO - [2025-10-22T16:24:53.265+0000] {dagbag.py:540} INFO - Filling up the DagBag from /opt/airflow/dags/bronze_dag_simple.py
[2025-10-22T16:24:53.305+0000] {processor.py:840} INFO - DAG(s) 'bronze_dag_simple' retrieved from /opt/airflow/dags/bronze_dag_simple.py
[2025-10-22T16:24:53.346+0000] {logging_mixin.py:188} INFO - [2025-10-22T16:24:53.346+0000] {dag.py:3096} INFO - Sync 1 DAGs
[2025-10-22T16:24:53.382+0000] {logging_mixin.py:188} INFO - [2025-10-22T16:24:53.381+0000] {dag.py:3954} INFO - Setting next_dagrun for bronze_dag_simple to 2025-10-21 18:00:00+00:00, run_after=2025-10-22 18:00:00+00:00
[2025-10-22T16:24:53.411+0000] {processor.py:183} INFO - Processing /opt/airflow/dags/bronze_dag_simple.py took 0.160 seconds
[2025-10-22T16:25:23.763+0000] {processor.py:161} INFO - Started process (PID=56) to work on /opt/airflow/dags/bronze_dag_simple.py
[2025-10-22T16:25:23.765+0000] {processor.py:830} INFO - Processing file /opt/airflow/dags/bronze_dag_simple.py for tasks to queue
[2025-10-22T16:25:23.767+0000] {logging_mixin.py:188} INFO - [2025-10-22T16:25:23.767+0000] {dagbag.py:540} INFO - Filling up the DagBag from /opt/airflow/dags/bronze_dag_simple.py
[2025-10-22T16:25:23.798+0000] {processor.py:840} INFO - DAG(s) 'bronze_dag_simple' retrieved from /opt/airflow/dags/bronze_dag_simple.py
[2025-10-22T16:25:23.920+0000] {logging_mixin.py:188} INFO - [2025-10-22T16:25:23.919+0000] {dag.py:3096} INFO - Sync 1 DAGs
[2025-10-22T16:25:23.941+0000] {logging_mixin.py:188} INFO - [2025-10-22T16:25:23.940+0000] {dag.py:3954} INFO - Setting next_dagrun for bronze_dag_simple to 2025-10-21 18:00:00+00:00, run_after=2025-10-22 18:00:00+00:00
[2025-10-22T16:25:23.962+0000] {processor.py:183} INFO - Processing /opt/airflow/dags/bronze_dag_simple.py took 0.209 seconds
[2025-10-22T16:25:54.222+0000] {processor.py:161} INFO - Started process (PID=58) to work on /opt/airflow/dags/bronze_dag_simple.py
[2025-10-22T16:25:54.224+0000] {processor.py:830} INFO - Processing file /opt/airflow/dags/bronze_dag_simple.py for tasks to queue
[2025-10-22T16:25:54.227+0000] {logging_mixin.py:188} INFO - [2025-10-22T16:25:54.227+0000] {dagbag.py:540} INFO - Filling up the DagBag from /opt/airflow/dags/bronze_dag_simple.py
[2025-10-22T16:25:54.254+0000] {processor.py:840} INFO - DAG(s) 'bronze_dag_simple' retrieved from /opt/airflow/dags/bronze_dag_simple.py
[2025-10-22T16:25:54.282+0000] {logging_mixin.py:188} INFO - [2025-10-22T16:25:54.282+0000] {dag.py:3096} INFO - Sync 1 DAGs
[2025-10-22T16:25:54.312+0000] {logging_mixin.py:188} INFO - [2025-10-22T16:25:54.311+0000] {dag.py:3954} INFO - Setting next_dagrun for bronze_dag_simple to 2025-10-21 18:00:00+00:00, run_after=2025-10-22 18:00:00+00:00
[2025-10-22T16:25:54.335+0000] {processor.py:183} INFO - Processing /opt/airflow/dags/bronze_dag_simple.py took 0.119 seconds
[2025-10-22T16:26:24.869+0000] {processor.py:161} INFO - Started process (PID=60) to work on /opt/airflow/dags/bronze_dag_simple.py
[2025-10-22T16:26:24.871+0000] {processor.py:830} INFO - Processing file /opt/airflow/dags/bronze_dag_simple.py for tasks to queue
[2025-10-22T16:26:24.873+0000] {logging_mixin.py:188} INFO - [2025-10-22T16:26:24.873+0000] {dagbag.py:540} INFO - Filling up the DagBag from /opt/airflow/dags/bronze_dag_simple.py
[2025-10-22T16:26:24.896+0000] {processor.py:840} INFO - DAG(s) 'bronze_dag_simple' retrieved from /opt/airflow/dags/bronze_dag_simple.py
[2025-10-22T16:26:24.920+0000] {logging_mixin.py:188} INFO - [2025-10-22T16:26:24.919+0000] {dag.py:3096} INFO - Sync 1 DAGs
[2025-10-22T16:26:24.942+0000] {logging_mixin.py:188} INFO - [2025-10-22T16:26:24.942+0000] {dag.py:3954} INFO - Setting next_dagrun for bronze_dag_simple to 2025-10-21 18:00:00+00:00, run_after=2025-10-22 18:00:00+00:00
[2025-10-22T16:26:24.965+0000] {processor.py:183} INFO - Processing /opt/airflow/dags/bronze_dag_simple.py took 0.102 seconds
[2025-10-22T16:27:16.041+0000] {processor.py:161} INFO - Started process (PID=63) to work on /opt/airflow/dags/bronze_dag_simple.py
[2025-10-22T16:27:16.042+0000] {processor.py:830} INFO - Processing file /opt/airflow/dags/bronze_dag_simple.py for tasks to queue
[2025-10-22T16:27:16.045+0000] {logging_mixin.py:188} INFO - [2025-10-22T16:27:16.044+0000] {dagbag.py:540} INFO - Filling up the DagBag from /opt/airflow/dags/bronze_dag_simple.py
[2025-10-22T16:27:16.074+0000] {processor.py:840} INFO - DAG(s) 'bronze_dag_simple' retrieved from /opt/airflow/dags/bronze_dag_simple.py
[2025-10-22T16:27:16.105+0000] {logging_mixin.py:188} INFO - [2025-10-22T16:27:16.105+0000] {dag.py:3096} INFO - Sync 1 DAGs
[2025-10-22T16:27:16.135+0000] {logging_mixin.py:188} INFO - [2025-10-22T16:27:16.134+0000] {dag.py:3954} INFO - Setting next_dagrun for bronze_dag_simple to 2025-10-21 18:00:00+00:00, run_after=2025-10-22 18:00:00+00:00
[2025-10-22T16:27:16.162+0000] {processor.py:183} INFO - Processing /opt/airflow/dags/bronze_dag_simple.py took 0.128 seconds
[2025-10-22T16:27:46.389+0000] {processor.py:161} INFO - Started process (PID=64) to work on /opt/airflow/dags/bronze_dag_simple.py
[2025-10-22T16:27:46.390+0000] {processor.py:830} INFO - Processing file /opt/airflow/dags/bronze_dag_simple.py for tasks to queue
[2025-10-22T16:27:46.392+0000] {logging_mixin.py:188} INFO - [2025-10-22T16:27:46.392+0000] {dagbag.py:540} INFO - Filling up the DagBag from /opt/airflow/dags/bronze_dag_simple.py
[2025-10-22T16:27:46.419+0000] {processor.py:840} INFO - DAG(s) 'bronze_dag_simple' retrieved from /opt/airflow/dags/bronze_dag_simple.py
[2025-10-22T16:27:46.447+0000] {logging_mixin.py:188} INFO - [2025-10-22T16:27:46.446+0000] {dag.py:3096} INFO - Sync 1 DAGs
[2025-10-22T16:27:46.470+0000] {logging_mixin.py:188} INFO - [2025-10-22T16:27:46.469+0000] {dag.py:3954} INFO - Setting next_dagrun for bronze_dag_simple to 2025-10-21 18:00:00+00:00, run_after=2025-10-22 18:00:00+00:00
[2025-10-22T16:27:46.492+0000] {processor.py:183} INFO - Processing /opt/airflow/dags/bronze_dag_simple.py took 0.111 seconds
[2025-10-22T16:28:16.565+0000] {processor.py:161} INFO - Started process (PID=66) to work on /opt/airflow/dags/bronze_dag_simple.py
[2025-10-22T16:28:16.567+0000] {processor.py:830} INFO - Processing file /opt/airflow/dags/bronze_dag_simple.py for tasks to queue
[2025-10-22T16:28:16.571+0000] {logging_mixin.py:188} INFO - [2025-10-22T16:28:16.571+0000] {dagbag.py:540} INFO - Filling up the DagBag from /opt/airflow/dags/bronze_dag_simple.py
[2025-10-22T16:28:16.602+0000] {processor.py:840} INFO - DAG(s) 'bronze_dag_simple' retrieved from /opt/airflow/dags/bronze_dag_simple.py
[2025-10-22T16:28:16.637+0000] {logging_mixin.py:188} INFO - [2025-10-22T16:28:16.637+0000] {dag.py:3096} INFO - Sync 1 DAGs
[2025-10-22T16:28:16.662+0000] {logging_mixin.py:188} INFO - [2025-10-22T16:28:16.662+0000] {dag.py:3954} INFO - Setting next_dagrun for bronze_dag_simple to 2025-10-21 18:00:00+00:00, run_after=2025-10-22 18:00:00+00:00
[2025-10-22T16:28:16.685+0000] {processor.py:183} INFO - Processing /opt/airflow/dags/bronze_dag_simple.py took 0.131 seconds
[2025-10-22T16:28:47.067+0000] {processor.py:161} INFO - Started process (PID=68) to work on /opt/airflow/dags/bronze_dag_simple.py
[2025-10-22T16:28:47.068+0000] {processor.py:830} INFO - Processing file /opt/airflow/dags/bronze_dag_simple.py for tasks to queue
[2025-10-22T16:28:47.070+0000] {logging_mixin.py:188} INFO - [2025-10-22T16:28:47.069+0000] {dagbag.py:540} INFO - Filling up the DagBag from /opt/airflow/dags/bronze_dag_simple.py
[2025-10-22T16:28:47.098+0000] {processor.py:840} INFO - DAG(s) 'bronze_dag_simple' retrieved from /opt/airflow/dags/bronze_dag_simple.py
[2025-10-22T16:28:47.126+0000] {logging_mixin.py:188} INFO - [2025-10-22T16:28:47.126+0000] {dag.py:3096} INFO - Sync 1 DAGs
[2025-10-22T16:28:47.153+0000] {logging_mixin.py:188} INFO - [2025-10-22T16:28:47.153+0000] {dag.py:3954} INFO - Setting next_dagrun for bronze_dag_simple to 2025-10-21 18:00:00+00:00, run_after=2025-10-22 18:00:00+00:00
[2025-10-22T16:28:47.177+0000] {processor.py:183} INFO - Processing /opt/airflow/dags/bronze_dag_simple.py took 0.118 seconds
[2025-10-22T16:29:17.332+0000] {processor.py:161} INFO - Started process (PID=70) to work on /opt/airflow/dags/bronze_dag_simple.py
[2025-10-22T16:29:17.334+0000] {processor.py:830} INFO - Processing file /opt/airflow/dags/bronze_dag_simple.py for tasks to queue
[2025-10-22T16:29:17.336+0000] {logging_mixin.py:188} INFO - [2025-10-22T16:29:17.336+0000] {dagbag.py:540} INFO - Filling up the DagBag from /opt/airflow/dags/bronze_dag_simple.py
[2025-10-22T16:29:17.358+0000] {processor.py:840} INFO - DAG(s) 'bronze_dag_simple' retrieved from /opt/airflow/dags/bronze_dag_simple.py
[2025-10-22T16:29:17.380+0000] {logging_mixin.py:188} INFO - [2025-10-22T16:29:17.380+0000] {dag.py:3096} INFO - Sync 1 DAGs
[2025-10-22T16:29:17.399+0000] {logging_mixin.py:188} INFO - [2025-10-22T16:29:17.399+0000] {dag.py:3954} INFO - Setting next_dagrun for bronze_dag_simple to 2025-10-21 18:00:00+00:00, run_after=2025-10-22 18:00:00+00:00
[2025-10-22T16:29:17.417+0000] {processor.py:183} INFO - Processing /opt/airflow/dags/bronze_dag_simple.py took 0.090 seconds
[2025-10-22T16:30:20.387+0000] {processor.py:161} INFO - Started process (PID=73) to work on /opt/airflow/dags/bronze_dag_simple.py
[2025-10-22T16:30:20.388+0000] {processor.py:830} INFO - Processing file /opt/airflow/dags/bronze_dag_simple.py for tasks to queue
[2025-10-22T16:30:20.390+0000] {logging_mixin.py:188} INFO - [2025-10-22T16:30:20.389+0000] {dagbag.py:540} INFO - Filling up the DagBag from /opt/airflow/dags/bronze_dag_simple.py
[2025-10-22T16:30:20.411+0000] {processor.py:840} INFO - DAG(s) 'bronze_dag_simple' retrieved from /opt/airflow/dags/bronze_dag_simple.py
[2025-10-22T16:30:20.434+0000] {logging_mixin.py:188} INFO - [2025-10-22T16:30:20.434+0000] {dag.py:3096} INFO - Sync 1 DAGs
[2025-10-22T16:30:20.455+0000] {logging_mixin.py:188} INFO - [2025-10-22T16:30:20.454+0000] {dag.py:3954} INFO - Setting next_dagrun for bronze_dag_simple to 2025-10-21 18:00:00+00:00, run_after=2025-10-22 18:00:00+00:00
[2025-10-22T16:30:20.472+0000] {processor.py:183} INFO - Processing /opt/airflow/dags/bronze_dag_simple.py took 0.091 seconds
[2025-10-22T16:30:50.661+0000] {processor.py:161} INFO - Started process (PID=74) to work on /opt/airflow/dags/bronze_dag_simple.py
[2025-10-22T16:30:50.662+0000] {processor.py:830} INFO - Processing file /opt/airflow/dags/bronze_dag_simple.py for tasks to queue
[2025-10-22T16:30:50.664+0000] {logging_mixin.py:188} INFO - [2025-10-22T16:30:50.663+0000] {dagbag.py:540} INFO - Filling up the DagBag from /opt/airflow/dags/bronze_dag_simple.py
[2025-10-22T16:30:50.683+0000] {processor.py:840} INFO - DAG(s) 'bronze_dag_simple' retrieved from /opt/airflow/dags/bronze_dag_simple.py
[2025-10-22T16:30:50.704+0000] {logging_mixin.py:188} INFO - [2025-10-22T16:30:50.703+0000] {dag.py:3096} INFO - Sync 1 DAGs
[2025-10-22T16:30:50.722+0000] {logging_mixin.py:188} INFO - [2025-10-22T16:30:50.722+0000] {dag.py:3954} INFO - Setting next_dagrun for bronze_dag_simple to 2025-10-21 18:00:00+00:00, run_after=2025-10-22 18:00:00+00:00
[2025-10-22T16:30:50.737+0000] {processor.py:183} INFO - Processing /opt/airflow/dags/bronze_dag_simple.py took 0.082 seconds
[2025-10-22T16:31:21.380+0000] {processor.py:161} INFO - Started process (PID=76) to work on /opt/airflow/dags/bronze_dag_simple.py
[2025-10-22T16:31:21.381+0000] {processor.py:830} INFO - Processing file /opt/airflow/dags/bronze_dag_simple.py for tasks to queue
[2025-10-22T16:31:21.383+0000] {logging_mixin.py:188} INFO - [2025-10-22T16:31:21.383+0000] {dagbag.py:540} INFO - Filling up the DagBag from /opt/airflow/dags/bronze_dag_simple.py
[2025-10-22T16:31:21.403+0000] {processor.py:840} INFO - DAG(s) 'bronze_dag_simple' retrieved from /opt/airflow/dags/bronze_dag_simple.py
[2025-10-22T16:31:21.423+0000] {logging_mixin.py:188} INFO - [2025-10-22T16:31:21.423+0000] {dag.py:3096} INFO - Sync 1 DAGs
[2025-10-22T16:31:21.441+0000] {logging_mixin.py:188} INFO - [2025-10-22T16:31:21.441+0000] {dag.py:3954} INFO - Setting next_dagrun for bronze_dag_simple to 2025-10-21 18:00:00+00:00, run_after=2025-10-22 18:00:00+00:00
[2025-10-22T16:31:21.456+0000] {processor.py:183} INFO - Processing /opt/airflow/dags/bronze_dag_simple.py took 0.082 seconds
[2025-10-22T16:32:52.970+0000] {processor.py:161} INFO - Started process (PID=55) to work on /opt/airflow/dags/bronze_dag_simple.py
[2025-10-22T16:32:52.971+0000] {processor.py:830} INFO - Processing file /opt/airflow/dags/bronze_dag_simple.py for tasks to queue
[2025-10-22T16:32:52.973+0000] {logging_mixin.py:188} INFO - [2025-10-22T16:32:52.973+0000] {dagbag.py:540} INFO - Filling up the DagBag from /opt/airflow/dags/bronze_dag_simple.py
[2025-10-22T16:32:52.995+0000] {processor.py:840} INFO - DAG(s) 'bronze_dag_simple' retrieved from /opt/airflow/dags/bronze_dag_simple.py
[2025-10-22T16:32:53.018+0000] {logging_mixin.py:188} INFO - [2025-10-22T16:32:53.018+0000] {dag.py:3096} INFO - Sync 1 DAGs
[2025-10-22T16:32:53.038+0000] {logging_mixin.py:188} INFO - [2025-10-22T16:32:53.038+0000] {dag.py:3954} INFO - Setting next_dagrun for bronze_dag_simple to 2025-10-21 18:00:00+00:00, run_after=2025-10-22 18:00:00+00:00
[2025-10-22T16:32:53.054+0000] {processor.py:183} INFO - Processing /opt/airflow/dags/bronze_dag_simple.py took 0.090 seconds
[2025-10-22T16:33:23.223+0000] {processor.py:161} INFO - Started process (PID=56) to work on /opt/airflow/dags/bronze_dag_simple.py
[2025-10-22T16:33:23.224+0000] {processor.py:830} INFO - Processing file /opt/airflow/dags/bronze_dag_simple.py for tasks to queue
[2025-10-22T16:33:23.226+0000] {logging_mixin.py:188} INFO - [2025-10-22T16:33:23.225+0000] {dagbag.py:540} INFO - Filling up the DagBag from /opt/airflow/dags/bronze_dag_simple.py
[2025-10-22T16:33:23.242+0000] {processor.py:840} INFO - DAG(s) 'bronze_dag_simple' retrieved from /opt/airflow/dags/bronze_dag_simple.py
[2025-10-22T16:33:23.322+0000] {logging_mixin.py:188} INFO - [2025-10-22T16:33:23.322+0000] {dag.py:3096} INFO - Sync 1 DAGs
[2025-10-22T16:33:23.338+0000] {logging_mixin.py:188} INFO - [2025-10-22T16:33:23.337+0000] {dag.py:3954} INFO - Setting next_dagrun for bronze_dag_simple to 2025-10-21 18:00:00+00:00, run_after=2025-10-22 18:00:00+00:00
[2025-10-22T16:33:23.353+0000] {processor.py:183} INFO - Processing /opt/airflow/dags/bronze_dag_simple.py took 0.135 seconds
[2025-10-22T16:33:53.451+0000] {processor.py:161} INFO - Started process (PID=58) to work on /opt/airflow/dags/bronze_dag_simple.py
[2025-10-22T16:33:53.452+0000] {processor.py:830} INFO - Processing file /opt/airflow/dags/bronze_dag_simple.py for tasks to queue
[2025-10-22T16:33:53.453+0000] {logging_mixin.py:188} INFO - [2025-10-22T16:33:53.453+0000] {dagbag.py:540} INFO - Filling up the DagBag from /opt/airflow/dags/bronze_dag_simple.py
[2025-10-22T16:33:53.471+0000] {processor.py:840} INFO - DAG(s) 'bronze_dag_simple' retrieved from /opt/airflow/dags/bronze_dag_simple.py
[2025-10-22T16:33:53.490+0000] {logging_mixin.py:188} INFO - [2025-10-22T16:33:53.490+0000] {dag.py:3096} INFO - Sync 1 DAGs
[2025-10-22T16:33:53.509+0000] {logging_mixin.py:188} INFO - [2025-10-22T16:33:53.509+0000] {dag.py:3954} INFO - Setting next_dagrun for bronze_dag_simple to 2025-10-21 18:00:00+00:00, run_after=2025-10-22 18:00:00+00:00
[2025-10-22T16:33:53.524+0000] {processor.py:183} INFO - Processing /opt/airflow/dags/bronze_dag_simple.py took 0.078 seconds
[2025-10-22T16:49:19.320+0000] {processor.py:161} INFO - Started process (PID=85) to work on /opt/airflow/dags/bronze_dag_simple.py
[2025-10-22T16:49:19.321+0000] {processor.py:830} INFO - Processing file /opt/airflow/dags/bronze_dag_simple.py for tasks to queue
[2025-10-22T16:49:19.324+0000] {logging_mixin.py:188} INFO - [2025-10-22T16:49:19.323+0000] {dagbag.py:540} INFO - Filling up the DagBag from /opt/airflow/dags/bronze_dag_simple.py
[2025-10-22T16:49:19.357+0000] {processor.py:840} INFO - DAG(s) 'bronze_dag_simple' retrieved from /opt/airflow/dags/bronze_dag_simple.py
[2025-10-22T16:49:19.540+0000] {logging_mixin.py:188} INFO - [2025-10-22T16:49:19.539+0000] {dag.py:3096} INFO - Sync 1 DAGs
[2025-10-22T16:49:19.556+0000] {logging_mixin.py:188} INFO - [2025-10-22T16:49:19.555+0000] {dag.py:3954} INFO - Setting next_dagrun for bronze_dag_simple to 2025-10-21 18:00:00+00:00, run_after=2025-10-22 18:00:00+00:00
[2025-10-22T16:49:19.572+0000] {processor.py:183} INFO - Processing /opt/airflow/dags/bronze_dag_simple.py took 0.258 seconds
[2025-10-22T16:49:49.744+0000] {processor.py:161} INFO - Started process (PID=86) to work on /opt/airflow/dags/bronze_dag_simple.py
[2025-10-22T16:49:49.745+0000] {processor.py:830} INFO - Processing file /opt/airflow/dags/bronze_dag_simple.py for tasks to queue
[2025-10-22T16:49:49.747+0000] {logging_mixin.py:188} INFO - [2025-10-22T16:49:49.746+0000] {dagbag.py:540} INFO - Filling up the DagBag from /opt/airflow/dags/bronze_dag_simple.py
[2025-10-22T16:49:49.772+0000] {processor.py:840} INFO - DAG(s) 'bronze_dag_simple' retrieved from /opt/airflow/dags/bronze_dag_simple.py
[2025-10-22T16:49:49.790+0000] {logging_mixin.py:188} INFO - [2025-10-22T16:49:49.790+0000] {dag.py:3096} INFO - Sync 1 DAGs
[2025-10-22T16:49:49.807+0000] {logging_mixin.py:188} INFO - [2025-10-22T16:49:49.807+0000] {dag.py:3954} INFO - Setting next_dagrun for bronze_dag_simple to 2025-10-21 18:00:00+00:00, run_after=2025-10-22 18:00:00+00:00
[2025-10-22T16:49:49.820+0000] {processor.py:183} INFO - Processing /opt/airflow/dags/bronze_dag_simple.py took 0.080 seconds
[2025-10-22T16:50:19.872+0000] {processor.py:161} INFO - Started process (PID=88) to work on /opt/airflow/dags/bronze_dag_simple.py
[2025-10-22T16:50:19.873+0000] {processor.py:830} INFO - Processing file /opt/airflow/dags/bronze_dag_simple.py for tasks to queue
[2025-10-22T16:50:19.875+0000] {logging_mixin.py:188} INFO - [2025-10-22T16:50:19.875+0000] {dagbag.py:540} INFO - Filling up the DagBag from /opt/airflow/dags/bronze_dag_simple.py
[2025-10-22T16:50:19.893+0000] {processor.py:840} INFO - DAG(s) 'bronze_dag_simple' retrieved from /opt/airflow/dags/bronze_dag_simple.py
[2025-10-22T16:50:19.913+0000] {logging_mixin.py:188} INFO - [2025-10-22T16:50:19.913+0000] {dag.py:3096} INFO - Sync 1 DAGs
[2025-10-22T16:50:19.930+0000] {logging_mixin.py:188} INFO - [2025-10-22T16:50:19.929+0000] {dag.py:3954} INFO - Setting next_dagrun for bronze_dag_simple to 2025-10-21 18:00:00+00:00, run_after=2025-10-22 18:00:00+00:00
[2025-10-22T16:50:19.944+0000] {processor.py:183} INFO - Processing /opt/airflow/dags/bronze_dag_simple.py took 0.077 seconds
[2025-10-22T16:50:53.739+0000] {processor.py:161} INFO - Started process (PID=91) to work on /opt/airflow/dags/bronze_dag_simple.py
[2025-10-22T16:50:53.740+0000] {processor.py:830} INFO - Processing file /opt/airflow/dags/bronze_dag_simple.py for tasks to queue
[2025-10-22T16:50:53.741+0000] {logging_mixin.py:188} INFO - [2025-10-22T16:50:53.741+0000] {dagbag.py:540} INFO - Filling up the DagBag from /opt/airflow/dags/bronze_dag_simple.py
[2025-10-22T16:50:53.763+0000] {processor.py:840} INFO - DAG(s) 'bronze_dag_simple' retrieved from /opt/airflow/dags/bronze_dag_simple.py
[2025-10-22T16:50:53.787+0000] {logging_mixin.py:188} INFO - [2025-10-22T16:50:53.786+0000] {dag.py:3096} INFO - Sync 1 DAGs
[2025-10-22T16:50:53.807+0000] {logging_mixin.py:188} INFO - [2025-10-22T16:50:53.806+0000] {dag.py:3954} INFO - Setting next_dagrun for bronze_dag_simple to 2025-10-21 18:00:00+00:00, run_after=2025-10-22 18:00:00+00:00
[2025-10-22T16:50:53.828+0000] {processor.py:183} INFO - Processing /opt/airflow/dags/bronze_dag_simple.py took 0.095 seconds
[2025-10-22T16:51:24.279+0000] {processor.py:161} INFO - Started process (PID=93) to work on /opt/airflow/dags/bronze_dag_simple.py
[2025-10-22T16:51:24.280+0000] {processor.py:830} INFO - Processing file /opt/airflow/dags/bronze_dag_simple.py for tasks to queue
[2025-10-22T16:51:24.281+0000] {logging_mixin.py:188} INFO - [2025-10-22T16:51:24.281+0000] {dagbag.py:540} INFO - Filling up the DagBag from /opt/airflow/dags/bronze_dag_simple.py
[2025-10-22T16:51:24.298+0000] {processor.py:840} INFO - DAG(s) 'bronze_dag_simple' retrieved from /opt/airflow/dags/bronze_dag_simple.py
[2025-10-22T16:51:24.316+0000] {logging_mixin.py:188} INFO - [2025-10-22T16:51:24.316+0000] {dag.py:3096} INFO - Sync 1 DAGs
[2025-10-22T16:51:24.332+0000] {logging_mixin.py:188} INFO - [2025-10-22T16:51:24.332+0000] {dag.py:3954} INFO - Setting next_dagrun for bronze_dag_simple to 2025-10-21 18:00:00+00:00, run_after=2025-10-22 18:00:00+00:00
[2025-10-22T16:51:24.346+0000] {processor.py:183} INFO - Processing /opt/airflow/dags/bronze_dag_simple.py took 0.072 seconds
[2025-10-22T16:52:12.255+0000] {processor.py:161} INFO - Started process (PID=95) to work on /opt/airflow/dags/bronze_dag_simple.py
[2025-10-22T16:52:12.255+0000] {processor.py:830} INFO - Processing file /opt/airflow/dags/bronze_dag_simple.py for tasks to queue
[2025-10-22T16:52:12.257+0000] {logging_mixin.py:188} INFO - [2025-10-22T16:52:12.257+0000] {dagbag.py:540} INFO - Filling up the DagBag from /opt/airflow/dags/bronze_dag_simple.py
[2025-10-22T16:52:12.274+0000] {processor.py:840} INFO - DAG(s) 'bronze_dag_simple' retrieved from /opt/airflow/dags/bronze_dag_simple.py
[2025-10-22T16:52:12.294+0000] {logging_mixin.py:188} INFO - [2025-10-22T16:52:12.294+0000] {dag.py:3096} INFO - Sync 1 DAGs
[2025-10-22T16:52:12.311+0000] {logging_mixin.py:188} INFO - [2025-10-22T16:52:12.311+0000] {dag.py:3954} INFO - Setting next_dagrun for bronze_dag_simple to 2025-10-21 18:00:00+00:00, run_after=2025-10-22 18:00:00+00:00
[2025-10-22T16:52:12.325+0000] {processor.py:183} INFO - Processing /opt/airflow/dags/bronze_dag_simple.py took 0.076 seconds
[2025-10-22T16:52:42.935+0000] {processor.py:161} INFO - Started process (PID=97) to work on /opt/airflow/dags/bronze_dag_simple.py
[2025-10-22T16:52:42.936+0000] {processor.py:830} INFO - Processing file /opt/airflow/dags/bronze_dag_simple.py for tasks to queue
[2025-10-22T16:52:42.938+0000] {logging_mixin.py:188} INFO - [2025-10-22T16:52:42.938+0000] {dagbag.py:540} INFO - Filling up the DagBag from /opt/airflow/dags/bronze_dag_simple.py
[2025-10-22T16:52:42.956+0000] {processor.py:840} INFO - DAG(s) 'bronze_dag_simple' retrieved from /opt/airflow/dags/bronze_dag_simple.py
[2025-10-22T16:52:42.977+0000] {logging_mixin.py:188} INFO - [2025-10-22T16:52:42.977+0000] {dag.py:3096} INFO - Sync 1 DAGs
[2025-10-22T16:52:42.994+0000] {logging_mixin.py:188} INFO - [2025-10-22T16:52:42.994+0000] {dag.py:3954} INFO - Setting next_dagrun for bronze_dag_simple to 2025-10-21 18:00:00+00:00, run_after=2025-10-22 18:00:00+00:00
[2025-10-22T16:52:43.008+0000] {processor.py:183} INFO - Processing /opt/airflow/dags/bronze_dag_simple.py took 0.077 seconds
[2025-10-22T16:53:39.935+0000] {processor.py:161} INFO - Started process (PID=99) to work on /opt/airflow/dags/bronze_dag_simple.py
[2025-10-22T16:53:39.936+0000] {processor.py:830} INFO - Processing file /opt/airflow/dags/bronze_dag_simple.py for tasks to queue
[2025-10-22T16:53:39.938+0000] {logging_mixin.py:188} INFO - [2025-10-22T16:53:39.938+0000] {dagbag.py:540} INFO - Filling up the DagBag from /opt/airflow/dags/bronze_dag_simple.py
[2025-10-22T16:53:39.957+0000] {processor.py:840} INFO - DAG(s) 'bronze_dag_simple' retrieved from /opt/airflow/dags/bronze_dag_simple.py
[2025-10-22T16:53:39.976+0000] {logging_mixin.py:188} INFO - [2025-10-22T16:53:39.976+0000] {dag.py:3096} INFO - Sync 1 DAGs
[2025-10-22T16:53:39.993+0000] {logging_mixin.py:188} INFO - [2025-10-22T16:53:39.993+0000] {dag.py:3954} INFO - Setting next_dagrun for bronze_dag_simple to 2025-10-21 18:00:00+00:00, run_after=2025-10-22 18:00:00+00:00
[2025-10-22T16:53:40.007+0000] {processor.py:183} INFO - Processing /opt/airflow/dags/bronze_dag_simple.py took 0.077 seconds
[2025-10-22T16:54:10.169+0000] {processor.py:161} INFO - Started process (PID=100) to work on /opt/airflow/dags/bronze_dag_simple.py
[2025-10-22T16:54:10.170+0000] {processor.py:830} INFO - Processing file /opt/airflow/dags/bronze_dag_simple.py for tasks to queue
[2025-10-22T16:54:10.172+0000] {logging_mixin.py:188} INFO - [2025-10-22T16:54:10.171+0000] {dagbag.py:540} INFO - Filling up the DagBag from /opt/airflow/dags/bronze_dag_simple.py
[2025-10-22T16:54:10.189+0000] {processor.py:840} INFO - DAG(s) 'bronze_dag_simple' retrieved from /opt/airflow/dags/bronze_dag_simple.py
[2025-10-22T16:54:10.208+0000] {logging_mixin.py:188} INFO - [2025-10-22T16:54:10.208+0000] {dag.py:3096} INFO - Sync 1 DAGs
[2025-10-22T16:54:10.225+0000] {logging_mixin.py:188} INFO - [2025-10-22T16:54:10.225+0000] {dag.py:3954} INFO - Setting next_dagrun for bronze_dag_simple to 2025-10-21 18:00:00+00:00, run_after=2025-10-22 18:00:00+00:00
[2025-10-22T16:54:10.240+0000] {processor.py:183} INFO - Processing /opt/airflow/dags/bronze_dag_simple.py took 0.076 seconds
[2025-10-22T16:54:40.367+0000] {processor.py:161} INFO - Started process (PID=102) to work on /opt/airflow/dags/bronze_dag_simple.py
[2025-10-22T16:54:40.368+0000] {processor.py:830} INFO - Processing file /opt/airflow/dags/bronze_dag_simple.py for tasks to queue
[2025-10-22T16:54:40.369+0000] {logging_mixin.py:188} INFO - [2025-10-22T16:54:40.369+0000] {dagbag.py:540} INFO - Filling up the DagBag from /opt/airflow/dags/bronze_dag_simple.py
[2025-10-22T16:54:40.384+0000] {processor.py:840} INFO - DAG(s) 'bronze_dag_simple' retrieved from /opt/airflow/dags/bronze_dag_simple.py
[2025-10-22T16:54:40.402+0000] {logging_mixin.py:188} INFO - [2025-10-22T16:54:40.402+0000] {dag.py:3096} INFO - Sync 1 DAGs
[2025-10-22T16:54:40.418+0000] {logging_mixin.py:188} INFO - [2025-10-22T16:54:40.418+0000] {dag.py:3954} INFO - Setting next_dagrun for bronze_dag_simple to 2025-10-21 18:00:00+00:00, run_after=2025-10-22 18:00:00+00:00
[2025-10-22T16:54:40.431+0000] {processor.py:183} INFO - Processing /opt/airflow/dags/bronze_dag_simple.py took 0.068 seconds
[2025-10-22T16:55:10.549+0000] {processor.py:161} INFO - Started process (PID=104) to work on /opt/airflow/dags/bronze_dag_simple.py
[2025-10-22T16:55:10.550+0000] {processor.py:830} INFO - Processing file /opt/airflow/dags/bronze_dag_simple.py for tasks to queue
[2025-10-22T16:55:10.552+0000] {logging_mixin.py:188} INFO - [2025-10-22T16:55:10.551+0000] {dagbag.py:540} INFO - Filling up the DagBag from /opt/airflow/dags/bronze_dag_simple.py
[2025-10-22T16:55:10.569+0000] {processor.py:840} INFO - DAG(s) 'bronze_dag_simple' retrieved from /opt/airflow/dags/bronze_dag_simple.py
[2025-10-22T16:55:10.588+0000] {logging_mixin.py:188} INFO - [2025-10-22T16:55:10.588+0000] {dag.py:3096} INFO - Sync 1 DAGs
[2025-10-22T16:55:10.606+0000] {logging_mixin.py:188} INFO - [2025-10-22T16:55:10.606+0000] {dag.py:3954} INFO - Setting next_dagrun for bronze_dag_simple to 2025-10-21 18:00:00+00:00, run_after=2025-10-22 18:00:00+00:00
[2025-10-22T16:55:10.622+0000] {processor.py:183} INFO - Processing /opt/airflow/dags/bronze_dag_simple.py took 0.078 seconds
[2025-10-22T16:55:40.857+0000] {processor.py:161} INFO - Started process (PID=106) to work on /opt/airflow/dags/bronze_dag_simple.py
[2025-10-22T16:55:40.858+0000] {processor.py:830} INFO - Processing file /opt/airflow/dags/bronze_dag_simple.py for tasks to queue
[2025-10-22T16:55:40.860+0000] {logging_mixin.py:188} INFO - [2025-10-22T16:55:40.859+0000] {dagbag.py:540} INFO - Filling up the DagBag from /opt/airflow/dags/bronze_dag_simple.py
[2025-10-22T16:55:40.876+0000] {processor.py:840} INFO - DAG(s) 'bronze_dag_simple' retrieved from /opt/airflow/dags/bronze_dag_simple.py
[2025-10-22T16:55:40.893+0000] {logging_mixin.py:188} INFO - [2025-10-22T16:55:40.893+0000] {dag.py:3096} INFO - Sync 1 DAGs
[2025-10-22T16:55:40.910+0000] {logging_mixin.py:188} INFO - [2025-10-22T16:55:40.910+0000] {dag.py:3954} INFO - Setting next_dagrun for bronze_dag_simple to 2025-10-21 18:00:00+00:00, run_after=2025-10-22 18:00:00+00:00
[2025-10-22T16:55:40.924+0000] {processor.py:183} INFO - Processing /opt/airflow/dags/bronze_dag_simple.py took 0.071 seconds
[2025-10-22T16:56:11.148+0000] {processor.py:161} INFO - Started process (PID=108) to work on /opt/airflow/dags/bronze_dag_simple.py
[2025-10-22T16:56:11.149+0000] {processor.py:830} INFO - Processing file /opt/airflow/dags/bronze_dag_simple.py for tasks to queue
[2025-10-22T16:56:11.151+0000] {logging_mixin.py:188} INFO - [2025-10-22T16:56:11.151+0000] {dagbag.py:540} INFO - Filling up the DagBag from /opt/airflow/dags/bronze_dag_simple.py
[2025-10-22T16:56:11.167+0000] {processor.py:840} INFO - DAG(s) 'bronze_dag_simple' retrieved from /opt/airflow/dags/bronze_dag_simple.py
[2025-10-22T16:56:11.184+0000] {logging_mixin.py:188} INFO - [2025-10-22T16:56:11.184+0000] {dag.py:3096} INFO - Sync 1 DAGs
[2025-10-22T16:56:11.199+0000] {logging_mixin.py:188} INFO - [2025-10-22T16:56:11.199+0000] {dag.py:3954} INFO - Setting next_dagrun for bronze_dag_simple to 2025-10-21 18:00:00+00:00, run_after=2025-10-22 18:00:00+00:00
[2025-10-22T16:56:11.212+0000] {processor.py:183} INFO - Processing /opt/airflow/dags/bronze_dag_simple.py took 0.068 seconds
[2025-10-22T16:56:41.341+0000] {processor.py:161} INFO - Started process (PID=110) to work on /opt/airflow/dags/bronze_dag_simple.py
[2025-10-22T16:56:41.342+0000] {processor.py:830} INFO - Processing file /opt/airflow/dags/bronze_dag_simple.py for tasks to queue
[2025-10-22T16:56:41.344+0000] {logging_mixin.py:188} INFO - [2025-10-22T16:56:41.344+0000] {dagbag.py:540} INFO - Filling up the DagBag from /opt/airflow/dags/bronze_dag_simple.py
[2025-10-22T16:56:41.361+0000] {processor.py:840} INFO - DAG(s) 'bronze_dag_simple' retrieved from /opt/airflow/dags/bronze_dag_simple.py
[2025-10-22T16:56:41.380+0000] {logging_mixin.py:188} INFO - [2025-10-22T16:56:41.380+0000] {dag.py:3096} INFO - Sync 1 DAGs
[2025-10-22T16:56:41.397+0000] {logging_mixin.py:188} INFO - [2025-10-22T16:56:41.396+0000] {dag.py:3954} INFO - Setting next_dagrun for bronze_dag_simple to 2025-10-21 18:00:00+00:00, run_after=2025-10-22 18:00:00+00:00
[2025-10-22T16:56:41.411+0000] {processor.py:183} INFO - Processing /opt/airflow/dags/bronze_dag_simple.py took 0.074 seconds
[2025-10-22T16:57:23.104+0000] {processor.py:161} INFO - Started process (PID=113) to work on /opt/airflow/dags/bronze_dag_simple.py
[2025-10-22T16:57:23.105+0000] {processor.py:830} INFO - Processing file /opt/airflow/dags/bronze_dag_simple.py for tasks to queue
[2025-10-22T16:57:23.107+0000] {logging_mixin.py:188} INFO - [2025-10-22T16:57:23.107+0000] {dagbag.py:540} INFO - Filling up the DagBag from /opt/airflow/dags/bronze_dag_simple.py
[2025-10-22T16:57:23.125+0000] {processor.py:840} INFO - DAG(s) 'bronze_dag_simple' retrieved from /opt/airflow/dags/bronze_dag_simple.py
[2025-10-22T16:57:23.145+0000] {logging_mixin.py:188} INFO - [2025-10-22T16:57:23.144+0000] {dag.py:3096} INFO - Sync 1 DAGs
[2025-10-22T16:57:23.162+0000] {logging_mixin.py:188} INFO - [2025-10-22T16:57:23.161+0000] {dag.py:3954} INFO - Setting next_dagrun for bronze_dag_simple to 2025-10-21 18:00:00+00:00, run_after=2025-10-22 18:00:00+00:00
[2025-10-22T16:57:23.176+0000] {processor.py:183} INFO - Processing /opt/airflow/dags/bronze_dag_simple.py took 0.077 seconds
[2025-10-22T16:57:53.246+0000] {processor.py:161} INFO - Started process (PID=114) to work on /opt/airflow/dags/bronze_dag_simple.py
[2025-10-22T16:57:53.247+0000] {processor.py:830} INFO - Processing file /opt/airflow/dags/bronze_dag_simple.py for tasks to queue
[2025-10-22T16:57:53.249+0000] {logging_mixin.py:188} INFO - [2025-10-22T16:57:53.248+0000] {dagbag.py:540} INFO - Filling up the DagBag from /opt/airflow/dags/bronze_dag_simple.py
[2025-10-22T16:57:53.266+0000] {processor.py:840} INFO - DAG(s) 'bronze_dag_simple' retrieved from /opt/airflow/dags/bronze_dag_simple.py
[2025-10-22T16:57:53.286+0000] {logging_mixin.py:188} INFO - [2025-10-22T16:57:53.286+0000] {dag.py:3096} INFO - Sync 1 DAGs
[2025-10-22T16:57:53.302+0000] {logging_mixin.py:188} INFO - [2025-10-22T16:57:53.302+0000] {dag.py:3954} INFO - Setting next_dagrun for bronze_dag_simple to 2025-10-21 18:00:00+00:00, run_after=2025-10-22 18:00:00+00:00
[2025-10-22T16:57:53.317+0000] {processor.py:183} INFO - Processing /opt/airflow/dags/bronze_dag_simple.py took 0.075 seconds
[2025-10-22T16:58:23.399+0000] {processor.py:161} INFO - Started process (PID=116) to work on /opt/airflow/dags/bronze_dag_simple.py
[2025-10-22T16:58:23.400+0000] {processor.py:830} INFO - Processing file /opt/airflow/dags/bronze_dag_simple.py for tasks to queue
[2025-10-22T16:58:23.402+0000] {logging_mixin.py:188} INFO - [2025-10-22T16:58:23.402+0000] {dagbag.py:540} INFO - Filling up the DagBag from /opt/airflow/dags/bronze_dag_simple.py
[2025-10-22T16:58:23.418+0000] {processor.py:840} INFO - DAG(s) 'bronze_dag_simple' retrieved from /opt/airflow/dags/bronze_dag_simple.py
[2025-10-22T16:58:23.437+0000] {logging_mixin.py:188} INFO - [2025-10-22T16:58:23.437+0000] {dag.py:3096} INFO - Sync 1 DAGs
[2025-10-22T16:58:23.454+0000] {logging_mixin.py:188} INFO - [2025-10-22T16:58:23.454+0000] {dag.py:3954} INFO - Setting next_dagrun for bronze_dag_simple to 2025-10-21 18:00:00+00:00, run_after=2025-10-22 18:00:00+00:00
[2025-10-22T16:58:23.468+0000] {processor.py:183} INFO - Processing /opt/airflow/dags/bronze_dag_simple.py took 0.073 seconds
[2025-10-22T16:58:53.570+0000] {processor.py:161} INFO - Started process (PID=118) to work on /opt/airflow/dags/bronze_dag_simple.py
[2025-10-22T16:58:53.571+0000] {processor.py:830} INFO - Processing file /opt/airflow/dags/bronze_dag_simple.py for tasks to queue
[2025-10-22T16:58:53.573+0000] {logging_mixin.py:188} INFO - [2025-10-22T16:58:53.573+0000] {dagbag.py:540} INFO - Filling up the DagBag from /opt/airflow/dags/bronze_dag_simple.py
[2025-10-22T16:58:53.591+0000] {processor.py:840} INFO - DAG(s) 'bronze_dag_simple' retrieved from /opt/airflow/dags/bronze_dag_simple.py
[2025-10-22T16:58:53.609+0000] {logging_mixin.py:188} INFO - [2025-10-22T16:58:53.609+0000] {dag.py:3096} INFO - Sync 1 DAGs
[2025-10-22T16:58:53.626+0000] {logging_mixin.py:188} INFO - [2025-10-22T16:58:53.626+0000] {dag.py:3954} INFO - Setting next_dagrun for bronze_dag_simple to 2025-10-21 18:00:00+00:00, run_after=2025-10-22 18:00:00+00:00
[2025-10-22T16:58:53.640+0000] {processor.py:183} INFO - Processing /opt/airflow/dags/bronze_dag_simple.py took 0.075 seconds
[2025-10-22T16:59:49.746+0000] {processor.py:161} INFO - Started process (PID=121) to work on /opt/airflow/dags/bronze_dag_simple.py
[2025-10-22T16:59:49.746+0000] {processor.py:830} INFO - Processing file /opt/airflow/dags/bronze_dag_simple.py for tasks to queue
[2025-10-22T16:59:49.748+0000] {logging_mixin.py:188} INFO - [2025-10-22T16:59:49.748+0000] {dagbag.py:540} INFO - Filling up the DagBag from /opt/airflow/dags/bronze_dag_simple.py
[2025-10-22T16:59:49.777+0000] {processor.py:840} INFO - DAG(s) 'bronze_dag_simple' retrieved from /opt/airflow/dags/bronze_dag_simple.py
[2025-10-22T16:59:49.798+0000] {logging_mixin.py:188} INFO - [2025-10-22T16:59:49.798+0000] {dag.py:3096} INFO - Sync 1 DAGs
[2025-10-22T16:59:49.815+0000] {logging_mixin.py:188} INFO - [2025-10-22T16:59:49.815+0000] {dag.py:3954} INFO - Setting next_dagrun for bronze_dag_simple to 2025-10-21 18:00:00+00:00, run_after=2025-10-22 18:00:00+00:00
[2025-10-22T16:59:49.830+0000] {processor.py:183} INFO - Processing /opt/airflow/dags/bronze_dag_simple.py took 0.090 seconds
[2025-10-22T17:00:25.134+0000] {processor.py:161} INFO - Started process (PID=123) to work on /opt/airflow/dags/bronze_dag_simple.py
[2025-10-22T17:00:25.135+0000] {processor.py:830} INFO - Processing file /opt/airflow/dags/bronze_dag_simple.py for tasks to queue
[2025-10-22T17:00:25.137+0000] {logging_mixin.py:188} INFO - [2025-10-22T17:00:25.136+0000] {dagbag.py:540} INFO - Filling up the DagBag from /opt/airflow/dags/bronze_dag_simple.py
[2025-10-22T17:00:25.156+0000] {processor.py:840} INFO - DAG(s) 'bronze_dag_simple' retrieved from /opt/airflow/dags/bronze_dag_simple.py
[2025-10-22T17:00:25.180+0000] {logging_mixin.py:188} INFO - [2025-10-22T17:00:25.179+0000] {dag.py:3096} INFO - Sync 1 DAGs
[2025-10-22T17:00:25.202+0000] {logging_mixin.py:188} INFO - [2025-10-22T17:00:25.202+0000] {dag.py:3954} INFO - Setting next_dagrun for bronze_dag_simple to 2025-10-21 18:00:00+00:00, run_after=2025-10-22 18:00:00+00:00
[2025-10-22T17:00:25.219+0000] {processor.py:183} INFO - Processing /opt/airflow/dags/bronze_dag_simple.py took 0.090 seconds
[2025-10-22T17:01:19.779+0000] {processor.py:161} INFO - Started process (PID=125) to work on /opt/airflow/dags/bronze_dag_simple.py
[2025-10-22T17:01:19.780+0000] {processor.py:830} INFO - Processing file /opt/airflow/dags/bronze_dag_simple.py for tasks to queue
[2025-10-22T17:01:19.782+0000] {logging_mixin.py:188} INFO - [2025-10-22T17:01:19.782+0000] {dagbag.py:540} INFO - Filling up the DagBag from /opt/airflow/dags/bronze_dag_simple.py
[2025-10-22T17:01:19.803+0000] {processor.py:840} INFO - DAG(s) 'bronze_dag_simple' retrieved from /opt/airflow/dags/bronze_dag_simple.py
[2025-10-22T17:01:19.826+0000] {logging_mixin.py:188} INFO - [2025-10-22T17:01:19.826+0000] {dag.py:3096} INFO - Sync 1 DAGs
[2025-10-22T17:01:19.848+0000] {logging_mixin.py:188} INFO - [2025-10-22T17:01:19.848+0000] {dag.py:3954} INFO - Setting next_dagrun for bronze_dag_simple to 2025-10-21 18:00:00+00:00, run_after=2025-10-22 18:00:00+00:00
[2025-10-22T17:01:19.864+0000] {processor.py:183} INFO - Processing /opt/airflow/dags/bronze_dag_simple.py took 0.091 seconds
[2025-10-22T17:01:50.365+0000] {processor.py:161} INFO - Started process (PID=127) to work on /opt/airflow/dags/bronze_dag_simple.py
[2025-10-22T17:01:50.366+0000] {processor.py:830} INFO - Processing file /opt/airflow/dags/bronze_dag_simple.py for tasks to queue
[2025-10-22T17:01:50.368+0000] {logging_mixin.py:188} INFO - [2025-10-22T17:01:50.367+0000] {dagbag.py:540} INFO - Filling up the DagBag from /opt/airflow/dags/bronze_dag_simple.py
[2025-10-22T17:01:50.386+0000] {processor.py:840} INFO - DAG(s) 'bronze_dag_simple' retrieved from /opt/airflow/dags/bronze_dag_simple.py
[2025-10-22T17:01:50.406+0000] {logging_mixin.py:188} INFO - [2025-10-22T17:01:50.406+0000] {dag.py:3096} INFO - Sync 1 DAGs
[2025-10-22T17:01:50.423+0000] {logging_mixin.py:188} INFO - [2025-10-22T17:01:50.423+0000] {dag.py:3954} INFO - Setting next_dagrun for bronze_dag_simple to 2025-10-21 18:00:00+00:00, run_after=2025-10-22 18:00:00+00:00
[2025-10-22T17:01:50.437+0000] {processor.py:183} INFO - Processing /opt/airflow/dags/bronze_dag_simple.py took 0.077 seconds
[2025-10-22T17:02:20.592+0000] {processor.py:161} INFO - Started process (PID=128) to work on /opt/airflow/dags/bronze_dag_simple.py
[2025-10-22T17:02:20.593+0000] {processor.py:830} INFO - Processing file /opt/airflow/dags/bronze_dag_simple.py for tasks to queue
[2025-10-22T17:02:20.595+0000] {logging_mixin.py:188} INFO - [2025-10-22T17:02:20.595+0000] {dagbag.py:540} INFO - Filling up the DagBag from /opt/airflow/dags/bronze_dag_simple.py
[2025-10-22T17:02:20.613+0000] {processor.py:840} INFO - DAG(s) 'bronze_dag_simple' retrieved from /opt/airflow/dags/bronze_dag_simple.py
[2025-10-22T17:02:20.632+0000] {logging_mixin.py:188} INFO - [2025-10-22T17:02:20.632+0000] {dag.py:3096} INFO - Sync 1 DAGs
[2025-10-22T17:02:20.650+0000] {logging_mixin.py:188} INFO - [2025-10-22T17:02:20.650+0000] {dag.py:3954} INFO - Setting next_dagrun for bronze_dag_simple to 2025-10-21 18:00:00+00:00, run_after=2025-10-22 18:00:00+00:00
[2025-10-22T17:02:20.669+0000] {processor.py:183} INFO - Processing /opt/airflow/dags/bronze_dag_simple.py took 0.081 seconds
[2025-10-22T17:02:50.819+0000] {processor.py:161} INFO - Started process (PID=130) to work on /opt/airflow/dags/bronze_dag_simple.py
[2025-10-22T17:02:50.820+0000] {processor.py:830} INFO - Processing file /opt/airflow/dags/bronze_dag_simple.py for tasks to queue
[2025-10-22T17:02:50.821+0000] {logging_mixin.py:188} INFO - [2025-10-22T17:02:50.821+0000] {dagbag.py:540} INFO - Filling up the DagBag from /opt/airflow/dags/bronze_dag_simple.py
[2025-10-22T17:02:50.837+0000] {processor.py:840} INFO - DAG(s) 'bronze_dag_simple' retrieved from /opt/airflow/dags/bronze_dag_simple.py
[2025-10-22T17:02:50.854+0000] {logging_mixin.py:188} INFO - [2025-10-22T17:02:50.854+0000] {dag.py:3096} INFO - Sync 1 DAGs
[2025-10-22T17:02:50.868+0000] {logging_mixin.py:188} INFO - [2025-10-22T17:02:50.868+0000] {dag.py:3954} INFO - Setting next_dagrun for bronze_dag_simple to 2025-10-21 18:00:00+00:00, run_after=2025-10-22 18:00:00+00:00
[2025-10-22T17:02:50.881+0000] {processor.py:183} INFO - Processing /opt/airflow/dags/bronze_dag_simple.py took 0.067 seconds
[2025-10-22T17:03:21.041+0000] {processor.py:161} INFO - Started process (PID=132) to work on /opt/airflow/dags/bronze_dag_simple.py
[2025-10-22T17:03:21.041+0000] {processor.py:830} INFO - Processing file /opt/airflow/dags/bronze_dag_simple.py for tasks to queue
[2025-10-22T17:03:21.043+0000] {logging_mixin.py:188} INFO - [2025-10-22T17:03:21.043+0000] {dagbag.py:540} INFO - Filling up the DagBag from /opt/airflow/dags/bronze_dag_simple.py
[2025-10-22T17:03:21.059+0000] {processor.py:840} INFO - DAG(s) 'bronze_dag_simple' retrieved from /opt/airflow/dags/bronze_dag_simple.py
[2025-10-22T17:03:21.080+0000] {logging_mixin.py:188} INFO - [2025-10-22T17:03:21.080+0000] {dag.py:3096} INFO - Sync 1 DAGs
[2025-10-22T17:03:21.098+0000] {logging_mixin.py:188} INFO - [2025-10-22T17:03:21.098+0000] {dag.py:3954} INFO - Setting next_dagrun for bronze_dag_simple to 2025-10-21 18:00:00+00:00, run_after=2025-10-22 18:00:00+00:00
[2025-10-22T17:03:21.113+0000] {processor.py:183} INFO - Processing /opt/airflow/dags/bronze_dag_simple.py took 0.077 seconds
[2025-10-22T17:03:51.267+0000] {processor.py:161} INFO - Started process (PID=134) to work on /opt/airflow/dags/bronze_dag_simple.py
[2025-10-22T17:03:51.268+0000] {processor.py:830} INFO - Processing file /opt/airflow/dags/bronze_dag_simple.py for tasks to queue
[2025-10-22T17:03:51.270+0000] {logging_mixin.py:188} INFO - [2025-10-22T17:03:51.269+0000] {dagbag.py:540} INFO - Filling up the DagBag from /opt/airflow/dags/bronze_dag_simple.py
[2025-10-22T17:03:51.288+0000] {processor.py:840} INFO - DAG(s) 'bronze_dag_simple' retrieved from /opt/airflow/dags/bronze_dag_simple.py
[2025-10-22T17:03:51.307+0000] {logging_mixin.py:188} INFO - [2025-10-22T17:03:51.307+0000] {dag.py:3096} INFO - Sync 1 DAGs
[2025-10-22T17:03:51.324+0000] {logging_mixin.py:188} INFO - [2025-10-22T17:03:51.323+0000] {dag.py:3954} INFO - Setting next_dagrun for bronze_dag_simple to 2025-10-21 18:00:00+00:00, run_after=2025-10-22 18:00:00+00:00
[2025-10-22T17:03:51.337+0000] {processor.py:183} INFO - Processing /opt/airflow/dags/bronze_dag_simple.py took 0.075 seconds
[2025-10-22T17:04:21.495+0000] {processor.py:161} INFO - Started process (PID=136) to work on /opt/airflow/dags/bronze_dag_simple.py
[2025-10-22T17:04:21.496+0000] {processor.py:830} INFO - Processing file /opt/airflow/dags/bronze_dag_simple.py for tasks to queue
[2025-10-22T17:04:21.498+0000] {logging_mixin.py:188} INFO - [2025-10-22T17:04:21.498+0000] {dagbag.py:540} INFO - Filling up the DagBag from /opt/airflow/dags/bronze_dag_simple.py
[2025-10-22T17:04:21.517+0000] {processor.py:840} INFO - DAG(s) 'bronze_dag_simple' retrieved from /opt/airflow/dags/bronze_dag_simple.py
[2025-10-22T17:04:21.536+0000] {logging_mixin.py:188} INFO - [2025-10-22T17:04:21.536+0000] {dag.py:3096} INFO - Sync 1 DAGs
[2025-10-22T17:04:21.555+0000] {logging_mixin.py:188} INFO - [2025-10-22T17:04:21.555+0000] {dag.py:3954} INFO - Setting next_dagrun for bronze_dag_simple to 2025-10-21 18:00:00+00:00, run_after=2025-10-22 18:00:00+00:00
[2025-10-22T17:04:21.569+0000] {processor.py:183} INFO - Processing /opt/airflow/dags/bronze_dag_simple.py took 0.079 seconds
[2025-10-22T17:05:04.510+0000] {processor.py:161} INFO - Started process (PID=139) to work on /opt/airflow/dags/bronze_dag_simple.py
[2025-10-22T17:05:04.511+0000] {processor.py:830} INFO - Processing file /opt/airflow/dags/bronze_dag_simple.py for tasks to queue
[2025-10-22T17:05:04.513+0000] {logging_mixin.py:188} INFO - [2025-10-22T17:05:04.512+0000] {dagbag.py:540} INFO - Filling up the DagBag from /opt/airflow/dags/bronze_dag_simple.py
[2025-10-22T17:05:04.529+0000] {processor.py:840} INFO - DAG(s) 'bronze_dag_simple' retrieved from /opt/airflow/dags/bronze_dag_simple.py
[2025-10-22T17:05:04.546+0000] {logging_mixin.py:188} INFO - [2025-10-22T17:05:04.546+0000] {dag.py:3096} INFO - Sync 1 DAGs
[2025-10-22T17:05:04.561+0000] {logging_mixin.py:188} INFO - [2025-10-22T17:05:04.561+0000] {dag.py:3954} INFO - Setting next_dagrun for bronze_dag_simple to 2025-10-21 18:00:00+00:00, run_after=2025-10-22 18:00:00+00:00
[2025-10-22T17:05:04.575+0000] {processor.py:183} INFO - Processing /opt/airflow/dags/bronze_dag_simple.py took 0.069 seconds
[2025-10-22T17:05:34.726+0000] {processor.py:161} INFO - Started process (PID=140) to work on /opt/airflow/dags/bronze_dag_simple.py
[2025-10-22T17:05:34.727+0000] {processor.py:830} INFO - Processing file /opt/airflow/dags/bronze_dag_simple.py for tasks to queue
[2025-10-22T17:05:34.728+0000] {logging_mixin.py:188} INFO - [2025-10-22T17:05:34.728+0000] {dagbag.py:540} INFO - Filling up the DagBag from /opt/airflow/dags/bronze_dag_simple.py
[2025-10-22T17:05:34.743+0000] {processor.py:840} INFO - DAG(s) 'bronze_dag_simple' retrieved from /opt/airflow/dags/bronze_dag_simple.py
[2025-10-22T17:05:34.759+0000] {logging_mixin.py:188} INFO - [2025-10-22T17:05:34.759+0000] {dag.py:3096} INFO - Sync 1 DAGs
[2025-10-22T17:05:34.774+0000] {logging_mixin.py:188} INFO - [2025-10-22T17:05:34.774+0000] {dag.py:3954} INFO - Setting next_dagrun for bronze_dag_simple to 2025-10-21 18:00:00+00:00, run_after=2025-10-22 18:00:00+00:00
[2025-10-22T17:05:34.787+0000] {processor.py:183} INFO - Processing /opt/airflow/dags/bronze_dag_simple.py took 0.065 seconds
[2025-10-22T17:06:10.942+0000] {processor.py:161} INFO - Started process (PID=143) to work on /opt/airflow/dags/bronze_dag_simple.py
[2025-10-22T17:06:10.943+0000] {processor.py:830} INFO - Processing file /opt/airflow/dags/bronze_dag_simple.py for tasks to queue
[2025-10-22T17:06:10.945+0000] {logging_mixin.py:188} INFO - [2025-10-22T17:06:10.945+0000] {dagbag.py:540} INFO - Filling up the DagBag from /opt/airflow/dags/bronze_dag_simple.py
[2025-10-22T17:06:10.962+0000] {processor.py:840} INFO - DAG(s) 'bronze_dag_simple' retrieved from /opt/airflow/dags/bronze_dag_simple.py
[2025-10-22T17:06:10.981+0000] {logging_mixin.py:188} INFO - [2025-10-22T17:06:10.981+0000] {dag.py:3096} INFO - Sync 1 DAGs
[2025-10-22T17:06:10.999+0000] {logging_mixin.py:188} INFO - [2025-10-22T17:06:10.998+0000] {dag.py:3954} INFO - Setting next_dagrun for bronze_dag_simple to 2025-10-21 18:00:00+00:00, run_after=2025-10-22 18:00:00+00:00
[2025-10-22T17:06:11.013+0000] {processor.py:183} INFO - Processing /opt/airflow/dags/bronze_dag_simple.py took 0.076 seconds
[2025-10-22T17:06:41.780+0000] {processor.py:161} INFO - Started process (PID=145) to work on /opt/airflow/dags/bronze_dag_simple.py
[2025-10-22T17:06:41.781+0000] {processor.py:830} INFO - Processing file /opt/airflow/dags/bronze_dag_simple.py for tasks to queue
[2025-10-22T17:06:41.782+0000] {logging_mixin.py:188} INFO - [2025-10-22T17:06:41.782+0000] {dagbag.py:540} INFO - Filling up the DagBag from /opt/airflow/dags/bronze_dag_simple.py
[2025-10-22T17:06:41.798+0000] {processor.py:840} INFO - DAG(s) 'bronze_dag_simple' retrieved from /opt/airflow/dags/bronze_dag_simple.py
[2025-10-22T17:06:41.816+0000] {logging_mixin.py:188} INFO - [2025-10-22T17:06:41.815+0000] {dag.py:3096} INFO - Sync 1 DAGs
[2025-10-22T17:06:41.831+0000] {logging_mixin.py:188} INFO - [2025-10-22T17:06:41.831+0000] {dag.py:3954} INFO - Setting next_dagrun for bronze_dag_simple to 2025-10-21 18:00:00+00:00, run_after=2025-10-22 18:00:00+00:00
[2025-10-22T17:06:41.844+0000] {processor.py:183} INFO - Processing /opt/airflow/dags/bronze_dag_simple.py took 0.069 seconds
[2025-10-22T17:07:43.990+0000] {processor.py:161} INFO - Started process (PID=147) to work on /opt/airflow/dags/bronze_dag_simple.py
[2025-10-22T17:07:43.990+0000] {processor.py:830} INFO - Processing file /opt/airflow/dags/bronze_dag_simple.py for tasks to queue
[2025-10-22T17:07:43.992+0000] {logging_mixin.py:188} INFO - [2025-10-22T17:07:43.992+0000] {dagbag.py:540} INFO - Filling up the DagBag from /opt/airflow/dags/bronze_dag_simple.py
[2025-10-22T17:07:44.010+0000] {processor.py:840} INFO - DAG(s) 'bronze_dag_simple' retrieved from /opt/airflow/dags/bronze_dag_simple.py
[2025-10-22T17:07:44.030+0000] {logging_mixin.py:188} INFO - [2025-10-22T17:07:44.029+0000] {dag.py:3096} INFO - Sync 1 DAGs
[2025-10-22T17:07:44.046+0000] {logging_mixin.py:188} INFO - [2025-10-22T17:07:44.046+0000] {dag.py:3954} INFO - Setting next_dagrun for bronze_dag_simple to 2025-10-21 18:00:00+00:00, run_after=2025-10-22 18:00:00+00:00
[2025-10-22T17:07:44.061+0000] {processor.py:183} INFO - Processing /opt/airflow/dags/bronze_dag_simple.py took 0.077 seconds
[2025-10-22T17:08:14.394+0000] {processor.py:161} INFO - Started process (PID=149) to work on /opt/airflow/dags/bronze_dag_simple.py
[2025-10-22T17:08:14.395+0000] {processor.py:830} INFO - Processing file /opt/airflow/dags/bronze_dag_simple.py for tasks to queue
[2025-10-22T17:08:14.396+0000] {logging_mixin.py:188} INFO - [2025-10-22T17:08:14.396+0000] {dagbag.py:540} INFO - Filling up the DagBag from /opt/airflow/dags/bronze_dag_simple.py
[2025-10-22T17:08:14.415+0000] {processor.py:840} INFO - DAG(s) 'bronze_dag_simple' retrieved from /opt/airflow/dags/bronze_dag_simple.py
[2025-10-22T17:08:14.434+0000] {logging_mixin.py:188} INFO - [2025-10-22T17:08:14.434+0000] {dag.py:3096} INFO - Sync 1 DAGs
[2025-10-22T17:08:14.451+0000] {logging_mixin.py:188} INFO - [2025-10-22T17:08:14.451+0000] {dag.py:3954} INFO - Setting next_dagrun for bronze_dag_simple to 2025-10-21 18:00:00+00:00, run_after=2025-10-22 18:00:00+00:00
[2025-10-22T17:08:14.465+0000] {processor.py:183} INFO - Processing /opt/airflow/dags/bronze_dag_simple.py took 0.076 seconds
[2025-10-22T17:08:44.617+0000] {processor.py:161} INFO - Started process (PID=150) to work on /opt/airflow/dags/bronze_dag_simple.py
[2025-10-22T17:08:44.618+0000] {processor.py:830} INFO - Processing file /opt/airflow/dags/bronze_dag_simple.py for tasks to queue
[2025-10-22T17:08:44.620+0000] {logging_mixin.py:188} INFO - [2025-10-22T17:08:44.620+0000] {dagbag.py:540} INFO - Filling up the DagBag from /opt/airflow/dags/bronze_dag_simple.py
[2025-10-22T17:08:44.637+0000] {processor.py:840} INFO - DAG(s) 'bronze_dag_simple' retrieved from /opt/airflow/dags/bronze_dag_simple.py
[2025-10-22T17:08:44.654+0000] {logging_mixin.py:188} INFO - [2025-10-22T17:08:44.654+0000] {dag.py:3096} INFO - Sync 1 DAGs
[2025-10-22T17:08:44.670+0000] {logging_mixin.py:188} INFO - [2025-10-22T17:08:44.670+0000] {dag.py:3954} INFO - Setting next_dagrun for bronze_dag_simple to 2025-10-21 18:00:00+00:00, run_after=2025-10-22 18:00:00+00:00
[2025-10-22T17:08:44.684+0000] {processor.py:183} INFO - Processing /opt/airflow/dags/bronze_dag_simple.py took 0.072 seconds
[2025-10-22T17:09:24.882+0000] {processor.py:161} INFO - Started process (PID=153) to work on /opt/airflow/dags/bronze_dag_simple.py
[2025-10-22T17:09:24.883+0000] {processor.py:830} INFO - Processing file /opt/airflow/dags/bronze_dag_simple.py for tasks to queue
[2025-10-22T17:09:24.884+0000] {logging_mixin.py:188} INFO - [2025-10-22T17:09:24.884+0000] {dagbag.py:540} INFO - Filling up the DagBag from /opt/airflow/dags/bronze_dag_simple.py
[2025-10-22T17:09:24.901+0000] {processor.py:840} INFO - DAG(s) 'bronze_dag_simple' retrieved from /opt/airflow/dags/bronze_dag_simple.py
[2025-10-22T17:09:24.920+0000] {logging_mixin.py:188} INFO - [2025-10-22T17:09:24.920+0000] {dag.py:3096} INFO - Sync 1 DAGs
[2025-10-22T17:09:24.937+0000] {logging_mixin.py:188} INFO - [2025-10-22T17:09:24.937+0000] {dag.py:3954} INFO - Setting next_dagrun for bronze_dag_simple to 2025-10-21 18:00:00+00:00, run_after=2025-10-22 18:00:00+00:00
[2025-10-22T17:09:24.951+0000] {processor.py:183} INFO - Processing /opt/airflow/dags/bronze_dag_simple.py took 0.073 seconds
[2025-10-22T17:09:55.334+0000] {processor.py:161} INFO - Started process (PID=155) to work on /opt/airflow/dags/bronze_dag_simple.py
[2025-10-22T17:09:55.335+0000] {processor.py:830} INFO - Processing file /opt/airflow/dags/bronze_dag_simple.py for tasks to queue
[2025-10-22T17:09:55.337+0000] {logging_mixin.py:188} INFO - [2025-10-22T17:09:55.337+0000] {dagbag.py:540} INFO - Filling up the DagBag from /opt/airflow/dags/bronze_dag_simple.py
[2025-10-22T17:09:55.353+0000] {processor.py:840} INFO - DAG(s) 'bronze_dag_simple' retrieved from /opt/airflow/dags/bronze_dag_simple.py
[2025-10-22T17:09:55.370+0000] {logging_mixin.py:188} INFO - [2025-10-22T17:09:55.370+0000] {dag.py:3096} INFO - Sync 1 DAGs
[2025-10-22T17:09:55.387+0000] {logging_mixin.py:188} INFO - [2025-10-22T17:09:55.387+0000] {dag.py:3954} INFO - Setting next_dagrun for bronze_dag_simple to 2025-10-21 18:00:00+00:00, run_after=2025-10-22 18:00:00+00:00
[2025-10-22T17:09:55.399+0000] {processor.py:183} INFO - Processing /opt/airflow/dags/bronze_dag_simple.py took 0.070 seconds
[2025-10-22T17:10:25.495+0000] {processor.py:161} INFO - Started process (PID=156) to work on /opt/airflow/dags/bronze_dag_simple.py
[2025-10-22T17:10:25.496+0000] {processor.py:830} INFO - Processing file /opt/airflow/dags/bronze_dag_simple.py for tasks to queue
[2025-10-22T17:10:25.497+0000] {logging_mixin.py:188} INFO - [2025-10-22T17:10:25.497+0000] {dagbag.py:540} INFO - Filling up the DagBag from /opt/airflow/dags/bronze_dag_simple.py
[2025-10-22T17:10:25.513+0000] {processor.py:840} INFO - DAG(s) 'bronze_dag_simple' retrieved from /opt/airflow/dags/bronze_dag_simple.py
[2025-10-22T17:10:25.531+0000] {logging_mixin.py:188} INFO - [2025-10-22T17:10:25.530+0000] {dag.py:3096} INFO - Sync 1 DAGs
[2025-10-22T17:10:25.546+0000] {logging_mixin.py:188} INFO - [2025-10-22T17:10:25.546+0000] {dag.py:3954} INFO - Setting next_dagrun for bronze_dag_simple to 2025-10-21 18:00:00+00:00, run_after=2025-10-22 18:00:00+00:00
[2025-10-22T17:10:25.559+0000] {processor.py:183} INFO - Processing /opt/airflow/dags/bronze_dag_simple.py took 0.068 seconds
[2025-10-22T17:10:55.691+0000] {processor.py:161} INFO - Started process (PID=158) to work on /opt/airflow/dags/bronze_dag_simple.py
[2025-10-22T17:10:55.692+0000] {processor.py:830} INFO - Processing file /opt/airflow/dags/bronze_dag_simple.py for tasks to queue
[2025-10-22T17:10:55.693+0000] {logging_mixin.py:188} INFO - [2025-10-22T17:10:55.693+0000] {dagbag.py:540} INFO - Filling up the DagBag from /opt/airflow/dags/bronze_dag_simple.py
[2025-10-22T17:10:55.708+0000] {processor.py:840} INFO - DAG(s) 'bronze_dag_simple' retrieved from /opt/airflow/dags/bronze_dag_simple.py
[2025-10-22T17:10:55.724+0000] {logging_mixin.py:188} INFO - [2025-10-22T17:10:55.724+0000] {dag.py:3096} INFO - Sync 1 DAGs
[2025-10-22T17:10:55.740+0000] {logging_mixin.py:188} INFO - [2025-10-22T17:10:55.740+0000] {dag.py:3954} INFO - Setting next_dagrun for bronze_dag_simple to 2025-10-21 18:00:00+00:00, run_after=2025-10-22 18:00:00+00:00
[2025-10-22T17:10:55.753+0000] {processor.py:183} INFO - Processing /opt/airflow/dags/bronze_dag_simple.py took 0.067 seconds
[2025-10-22T17:11:38.703+0000] {processor.py:161} INFO - Started process (PID=161) to work on /opt/airflow/dags/bronze_dag_simple.py
[2025-10-22T17:11:38.704+0000] {processor.py:830} INFO - Processing file /opt/airflow/dags/bronze_dag_simple.py for tasks to queue
[2025-10-22T17:11:38.706+0000] {logging_mixin.py:188} INFO - [2025-10-22T17:11:38.705+0000] {dagbag.py:540} INFO - Filling up the DagBag from /opt/airflow/dags/bronze_dag_simple.py
[2025-10-22T17:11:38.728+0000] {processor.py:840} INFO - DAG(s) 'bronze_dag_simple' retrieved from /opt/airflow/dags/bronze_dag_simple.py
[2025-10-22T17:11:38.748+0000] {logging_mixin.py:188} INFO - [2025-10-22T17:11:38.748+0000] {dag.py:3096} INFO - Sync 1 DAGs
[2025-10-22T17:11:38.765+0000] {logging_mixin.py:188} INFO - [2025-10-22T17:11:38.765+0000] {dag.py:3954} INFO - Setting next_dagrun for bronze_dag_simple to 2025-10-21 18:00:00+00:00, run_after=2025-10-22 18:00:00+00:00
[2025-10-22T17:11:38.779+0000] {processor.py:183} INFO - Processing /opt/airflow/dags/bronze_dag_simple.py took 0.082 seconds
[2025-10-22T17:12:08.938+0000] {processor.py:161} INFO - Started process (PID=162) to work on /opt/airflow/dags/bronze_dag_simple.py
[2025-10-22T17:12:08.939+0000] {processor.py:830} INFO - Processing file /opt/airflow/dags/bronze_dag_simple.py for tasks to queue
[2025-10-22T17:12:08.941+0000] {logging_mixin.py:188} INFO - [2025-10-22T17:12:08.940+0000] {dagbag.py:540} INFO - Filling up the DagBag from /opt/airflow/dags/bronze_dag_simple.py
[2025-10-22T17:12:08.959+0000] {processor.py:840} INFO - DAG(s) 'bronze_dag_simple' retrieved from /opt/airflow/dags/bronze_dag_simple.py
[2025-10-22T17:12:08.978+0000] {logging_mixin.py:188} INFO - [2025-10-22T17:12:08.977+0000] {dag.py:3096} INFO - Sync 1 DAGs
[2025-10-22T17:12:08.994+0000] {logging_mixin.py:188} INFO - [2025-10-22T17:12:08.994+0000] {dag.py:3954} INFO - Setting next_dagrun for bronze_dag_simple to 2025-10-21 18:00:00+00:00, run_after=2025-10-22 18:00:00+00:00
[2025-10-22T17:12:09.009+0000] {processor.py:183} INFO - Processing /opt/airflow/dags/bronze_dag_simple.py took 0.075 seconds
[2025-10-22T17:12:39.206+0000] {processor.py:161} INFO - Started process (PID=164) to work on /opt/airflow/dags/bronze_dag_simple.py
[2025-10-22T17:12:39.207+0000] {processor.py:830} INFO - Processing file /opt/airflow/dags/bronze_dag_simple.py for tasks to queue
[2025-10-22T17:12:39.208+0000] {logging_mixin.py:188} INFO - [2025-10-22T17:12:39.208+0000] {dagbag.py:540} INFO - Filling up the DagBag from /opt/airflow/dags/bronze_dag_simple.py
[2025-10-22T17:12:39.225+0000] {processor.py:840} INFO - DAG(s) 'bronze_dag_simple' retrieved from /opt/airflow/dags/bronze_dag_simple.py
[2025-10-22T17:12:39.244+0000] {logging_mixin.py:188} INFO - [2025-10-22T17:12:39.244+0000] {dag.py:3096} INFO - Sync 1 DAGs
[2025-10-22T17:12:39.260+0000] {logging_mixin.py:188} INFO - [2025-10-22T17:12:39.260+0000] {dag.py:3954} INFO - Setting next_dagrun for bronze_dag_simple to 2025-10-21 18:00:00+00:00, run_after=2025-10-22 18:00:00+00:00
[2025-10-22T17:12:39.279+0000] {processor.py:183} INFO - Processing /opt/airflow/dags/bronze_dag_simple.py took 0.079 seconds
[2025-10-22T17:13:09.986+0000] {processor.py:161} INFO - Started process (PID=166) to work on /opt/airflow/dags/bronze_dag_simple.py
[2025-10-22T17:13:09.987+0000] {processor.py:830} INFO - Processing file /opt/airflow/dags/bronze_dag_simple.py for tasks to queue
[2025-10-22T17:13:09.989+0000] {logging_mixin.py:188} INFO - [2025-10-22T17:13:09.988+0000] {dagbag.py:540} INFO - Filling up the DagBag from /opt/airflow/dags/bronze_dag_simple.py
[2025-10-22T17:13:10.005+0000] {processor.py:840} INFO - DAG(s) 'bronze_dag_simple' retrieved from /opt/airflow/dags/bronze_dag_simple.py
[2025-10-22T17:13:10.024+0000] {logging_mixin.py:188} INFO - [2025-10-22T17:13:10.024+0000] {dag.py:3096} INFO - Sync 1 DAGs
[2025-10-22T17:13:10.041+0000] {logging_mixin.py:188} INFO - [2025-10-22T17:13:10.041+0000] {dag.py:3954} INFO - Setting next_dagrun for bronze_dag_simple to 2025-10-21 18:00:00+00:00, run_after=2025-10-22 18:00:00+00:00
[2025-10-22T17:13:10.055+0000] {processor.py:183} INFO - Processing /opt/airflow/dags/bronze_dag_simple.py took 0.074 seconds
[2025-10-22T17:13:40.240+0000] {processor.py:161} INFO - Started process (PID=168) to work on /opt/airflow/dags/bronze_dag_simple.py
[2025-10-22T17:13:40.241+0000] {processor.py:830} INFO - Processing file /opt/airflow/dags/bronze_dag_simple.py for tasks to queue
[2025-10-22T17:13:40.242+0000] {logging_mixin.py:188} INFO - [2025-10-22T17:13:40.242+0000] {dagbag.py:540} INFO - Filling up the DagBag from /opt/airflow/dags/bronze_dag_simple.py
[2025-10-22T17:13:40.260+0000] {processor.py:840} INFO - DAG(s) 'bronze_dag_simple' retrieved from /opt/airflow/dags/bronze_dag_simple.py
[2025-10-22T17:13:40.280+0000] {logging_mixin.py:188} INFO - [2025-10-22T17:13:40.280+0000] {dag.py:3096} INFO - Sync 1 DAGs
[2025-10-22T17:13:40.299+0000] {logging_mixin.py:188} INFO - [2025-10-22T17:13:40.299+0000] {dag.py:3954} INFO - Setting next_dagrun for bronze_dag_simple to 2025-10-21 18:00:00+00:00, run_after=2025-10-22 18:00:00+00:00
[2025-10-22T17:13:40.432+0000] {processor.py:183} INFO - Processing /opt/airflow/dags/bronze_dag_simple.py took 0.197 seconds
[2025-10-22T17:14:10.520+0000] {processor.py:161} INFO - Started process (PID=170) to work on /opt/airflow/dags/bronze_dag_simple.py
[2025-10-22T17:14:10.521+0000] {processor.py:830} INFO - Processing file /opt/airflow/dags/bronze_dag_simple.py for tasks to queue
[2025-10-22T17:14:10.522+0000] {logging_mixin.py:188} INFO - [2025-10-22T17:14:10.522+0000] {dagbag.py:540} INFO - Filling up the DagBag from /opt/airflow/dags/bronze_dag_simple.py
[2025-10-22T17:14:10.538+0000] {processor.py:840} INFO - DAG(s) 'bronze_dag_simple' retrieved from /opt/airflow/dags/bronze_dag_simple.py
[2025-10-22T17:14:10.556+0000] {logging_mixin.py:188} INFO - [2025-10-22T17:14:10.555+0000] {dag.py:3096} INFO - Sync 1 DAGs
[2025-10-22T17:14:10.677+0000] {logging_mixin.py:188} INFO - [2025-10-22T17:14:10.677+0000] {dag.py:3954} INFO - Setting next_dagrun for bronze_dag_simple to 2025-10-21 18:00:00+00:00, run_after=2025-10-22 18:00:00+00:00
[2025-10-22T17:14:10.689+0000] {processor.py:183} INFO - Processing /opt/airflow/dags/bronze_dag_simple.py took 0.174 seconds
[2025-10-22T17:14:58.597+0000] {processor.py:161} INFO - Started process (PID=173) to work on /opt/airflow/dags/bronze_dag_simple.py
[2025-10-22T17:14:58.597+0000] {processor.py:830} INFO - Processing file /opt/airflow/dags/bronze_dag_simple.py for tasks to queue
[2025-10-22T17:14:58.599+0000] {logging_mixin.py:188} INFO - [2025-10-22T17:14:58.599+0000] {dagbag.py:540} INFO - Filling up the DagBag from /opt/airflow/dags/bronze_dag_simple.py
[2025-10-22T17:14:58.753+0000] {processor.py:840} INFO - DAG(s) 'bronze_dag_simple' retrieved from /opt/airflow/dags/bronze_dag_simple.py
[2025-10-22T17:14:58.768+0000] {logging_mixin.py:188} INFO - [2025-10-22T17:14:58.768+0000] {dag.py:3096} INFO - Sync 1 DAGs
[2025-10-22T17:14:58.781+0000] {logging_mixin.py:188} INFO - [2025-10-22T17:14:58.781+0000] {dag.py:3954} INFO - Setting next_dagrun for bronze_dag_simple to 2025-10-21 18:00:00+00:00, run_after=2025-10-22 18:00:00+00:00
[2025-10-22T17:14:58.794+0000] {processor.py:183} INFO - Processing /opt/airflow/dags/bronze_dag_simple.py took 0.202 seconds
[2025-10-22T17:15:29.176+0000] {processor.py:161} INFO - Started process (PID=175) to work on /opt/airflow/dags/bronze_dag_simple.py
[2025-10-22T17:15:29.177+0000] {processor.py:830} INFO - Processing file /opt/airflow/dags/bronze_dag_simple.py for tasks to queue
[2025-10-22T17:15:29.179+0000] {logging_mixin.py:188} INFO - [2025-10-22T17:15:29.179+0000] {dagbag.py:540} INFO - Filling up the DagBag from /opt/airflow/dags/bronze_dag_simple.py
[2025-10-22T17:15:29.195+0000] {processor.py:840} INFO - DAG(s) 'bronze_dag_simple' retrieved from /opt/airflow/dags/bronze_dag_simple.py
[2025-10-22T17:15:29.216+0000] {logging_mixin.py:188} INFO - [2025-10-22T17:15:29.215+0000] {dag.py:3096} INFO - Sync 1 DAGs
[2025-10-22T17:15:29.234+0000] {logging_mixin.py:188} INFO - [2025-10-22T17:15:29.233+0000] {dag.py:3954} INFO - Setting next_dagrun for bronze_dag_simple to 2025-10-21 18:00:00+00:00, run_after=2025-10-22 18:00:00+00:00
[2025-10-22T17:15:29.247+0000] {processor.py:183} INFO - Processing /opt/airflow/dags/bronze_dag_simple.py took 0.075 seconds
[2025-10-22T17:15:59.441+0000] {processor.py:161} INFO - Started process (PID=177) to work on /opt/airflow/dags/bronze_dag_simple.py
[2025-10-22T17:15:59.442+0000] {processor.py:830} INFO - Processing file /opt/airflow/dags/bronze_dag_simple.py for tasks to queue
[2025-10-22T17:15:59.443+0000] {logging_mixin.py:188} INFO - [2025-10-22T17:15:59.443+0000] {dagbag.py:540} INFO - Filling up the DagBag from /opt/airflow/dags/bronze_dag_simple.py
[2025-10-22T17:15:59.461+0000] {processor.py:840} INFO - DAG(s) 'bronze_dag_simple' retrieved from /opt/airflow/dags/bronze_dag_simple.py
[2025-10-22T17:15:59.480+0000] {logging_mixin.py:188} INFO - [2025-10-22T17:15:59.480+0000] {dag.py:3096} INFO - Sync 1 DAGs
[2025-10-22T17:15:59.498+0000] {logging_mixin.py:188} INFO - [2025-10-22T17:15:59.498+0000] {dag.py:3954} INFO - Setting next_dagrun for bronze_dag_simple to 2025-10-21 18:00:00+00:00, run_after=2025-10-22 18:00:00+00:00
[2025-10-22T17:15:59.513+0000] {processor.py:183} INFO - Processing /opt/airflow/dags/bronze_dag_simple.py took 0.076 seconds
[2025-10-22T17:16:29.677+0000] {processor.py:161} INFO - Started process (PID=178) to work on /opt/airflow/dags/bronze_dag_simple.py
[2025-10-22T17:16:29.678+0000] {processor.py:830} INFO - Processing file /opt/airflow/dags/bronze_dag_simple.py for tasks to queue
[2025-10-22T17:16:29.679+0000] {logging_mixin.py:188} INFO - [2025-10-22T17:16:29.679+0000] {dagbag.py:540} INFO - Filling up the DagBag from /opt/airflow/dags/bronze_dag_simple.py
[2025-10-22T17:16:29.697+0000] {processor.py:840} INFO - DAG(s) 'bronze_dag_simple' retrieved from /opt/airflow/dags/bronze_dag_simple.py
[2025-10-22T17:16:29.716+0000] {logging_mixin.py:188} INFO - [2025-10-22T17:16:29.716+0000] {dag.py:3096} INFO - Sync 1 DAGs
[2025-10-22T17:16:29.733+0000] {logging_mixin.py:188} INFO - [2025-10-22T17:16:29.733+0000] {dag.py:3954} INFO - Setting next_dagrun for bronze_dag_simple to 2025-10-21 18:00:00+00:00, run_after=2025-10-22 18:00:00+00:00
[2025-10-22T17:16:29.747+0000] {processor.py:183} INFO - Processing /opt/airflow/dags/bronze_dag_simple.py took 0.074 seconds
[2025-10-22T17:17:14.685+0000] {processor.py:161} INFO - Started process (PID=181) to work on /opt/airflow/dags/bronze_dag_simple.py
[2025-10-22T17:17:14.685+0000] {processor.py:830} INFO - Processing file /opt/airflow/dags/bronze_dag_simple.py for tasks to queue
[2025-10-22T17:17:14.687+0000] {logging_mixin.py:188} INFO - [2025-10-22T17:17:14.687+0000] {dagbag.py:540} INFO - Filling up the DagBag from /opt/airflow/dags/bronze_dag_simple.py
[2025-10-22T17:17:14.706+0000] {processor.py:840} INFO - DAG(s) 'bronze_dag_simple' retrieved from /opt/airflow/dags/bronze_dag_simple.py
[2025-10-22T17:17:14.725+0000] {logging_mixin.py:188} INFO - [2025-10-22T17:17:14.725+0000] {dag.py:3096} INFO - Sync 1 DAGs
[2025-10-22T17:17:14.742+0000] {logging_mixin.py:188} INFO - [2025-10-22T17:17:14.742+0000] {dag.py:3954} INFO - Setting next_dagrun for bronze_dag_simple to 2025-10-21 18:00:00+00:00, run_after=2025-10-22 18:00:00+00:00
[2025-10-22T17:17:14.757+0000] {processor.py:183} INFO - Processing /opt/airflow/dags/bronze_dag_simple.py took 0.077 seconds
[2025-10-22T17:17:44.836+0000] {processor.py:161} INFO - Started process (PID=182) to work on /opt/airflow/dags/bronze_dag_simple.py
[2025-10-22T17:17:44.836+0000] {processor.py:830} INFO - Processing file /opt/airflow/dags/bronze_dag_simple.py for tasks to queue
[2025-10-22T17:17:44.838+0000] {logging_mixin.py:188} INFO - [2025-10-22T17:17:44.838+0000] {dagbag.py:540} INFO - Filling up the DagBag from /opt/airflow/dags/bronze_dag_simple.py
[2025-10-22T17:17:44.854+0000] {processor.py:840} INFO - DAG(s) 'bronze_dag_simple' retrieved from /opt/airflow/dags/bronze_dag_simple.py
[2025-10-22T17:17:44.872+0000] {logging_mixin.py:188} INFO - [2025-10-22T17:17:44.872+0000] {dag.py:3096} INFO - Sync 1 DAGs
[2025-10-22T17:17:44.889+0000] {logging_mixin.py:188} INFO - [2025-10-22T17:17:44.889+0000] {dag.py:3954} INFO - Setting next_dagrun for bronze_dag_simple to 2025-10-21 18:00:00+00:00, run_after=2025-10-22 18:00:00+00:00
[2025-10-22T17:17:44.904+0000] {processor.py:183} INFO - Processing /opt/airflow/dags/bronze_dag_simple.py took 0.073 seconds
[2025-10-22T17:18:15.056+0000] {processor.py:161} INFO - Started process (PID=184) to work on /opt/airflow/dags/bronze_dag_simple.py
[2025-10-22T17:18:15.056+0000] {processor.py:830} INFO - Processing file /opt/airflow/dags/bronze_dag_simple.py for tasks to queue
[2025-10-22T17:18:15.058+0000] {logging_mixin.py:188} INFO - [2025-10-22T17:18:15.058+0000] {dagbag.py:540} INFO - Filling up the DagBag from /opt/airflow/dags/bronze_dag_simple.py
[2025-10-22T17:18:15.074+0000] {processor.py:840} INFO - DAG(s) 'bronze_dag_simple' retrieved from /opt/airflow/dags/bronze_dag_simple.py
[2025-10-22T17:18:15.091+0000] {logging_mixin.py:188} INFO - [2025-10-22T17:18:15.091+0000] {dag.py:3096} INFO - Sync 1 DAGs
[2025-10-22T17:18:15.106+0000] {logging_mixin.py:188} INFO - [2025-10-22T17:18:15.106+0000] {dag.py:3954} INFO - Setting next_dagrun for bronze_dag_simple to 2025-10-21 18:00:00+00:00, run_after=2025-10-22 18:00:00+00:00
[2025-10-22T17:18:15.120+0000] {processor.py:183} INFO - Processing /opt/airflow/dags/bronze_dag_simple.py took 0.069 seconds
[2025-10-22T17:18:50.917+0000] {processor.py:161} INFO - Started process (PID=187) to work on /opt/airflow/dags/bronze_dag_simple.py
[2025-10-22T17:18:50.918+0000] {processor.py:830} INFO - Processing file /opt/airflow/dags/bronze_dag_simple.py for tasks to queue
[2025-10-22T17:18:50.920+0000] {logging_mixin.py:188} INFO - [2025-10-22T17:18:50.919+0000] {dagbag.py:540} INFO - Filling up the DagBag from /opt/airflow/dags/bronze_dag_simple.py
[2025-10-22T17:18:50.937+0000] {processor.py:840} INFO - DAG(s) 'bronze_dag_simple' retrieved from /opt/airflow/dags/bronze_dag_simple.py
[2025-10-22T17:18:50.957+0000] {logging_mixin.py:188} INFO - [2025-10-22T17:18:50.957+0000] {dag.py:3096} INFO - Sync 1 DAGs
[2025-10-22T17:18:50.974+0000] {logging_mixin.py:188} INFO - [2025-10-22T17:18:50.974+0000] {dag.py:3954} INFO - Setting next_dagrun for bronze_dag_simple to 2025-10-21 18:00:00+00:00, run_after=2025-10-22 18:00:00+00:00
[2025-10-22T17:18:50.988+0000] {processor.py:183} INFO - Processing /opt/airflow/dags/bronze_dag_simple.py took 0.076 seconds
[2025-10-22T17:19:21.313+0000] {processor.py:161} INFO - Started process (PID=189) to work on /opt/airflow/dags/bronze_dag_simple.py
[2025-10-22T17:19:21.314+0000] {processor.py:830} INFO - Processing file /opt/airflow/dags/bronze_dag_simple.py for tasks to queue
[2025-10-22T17:19:21.316+0000] {logging_mixin.py:188} INFO - [2025-10-22T17:19:21.315+0000] {dagbag.py:540} INFO - Filling up the DagBag from /opt/airflow/dags/bronze_dag_simple.py
[2025-10-22T17:19:21.333+0000] {processor.py:840} INFO - DAG(s) 'bronze_dag_simple' retrieved from /opt/airflow/dags/bronze_dag_simple.py
[2025-10-22T17:19:21.353+0000] {logging_mixin.py:188} INFO - [2025-10-22T17:19:21.353+0000] {dag.py:3096} INFO - Sync 1 DAGs
[2025-10-22T17:19:21.369+0000] {logging_mixin.py:188} INFO - [2025-10-22T17:19:21.369+0000] {dag.py:3954} INFO - Setting next_dagrun for bronze_dag_simple to 2025-10-21 18:00:00+00:00, run_after=2025-10-22 18:00:00+00:00
[2025-10-22T17:19:21.383+0000] {processor.py:183} INFO - Processing /opt/airflow/dags/bronze_dag_simple.py took 0.076 seconds
[2025-10-22T17:19:51.620+0000] {processor.py:161} INFO - Started process (PID=191) to work on /opt/airflow/dags/bronze_dag_simple.py
[2025-10-22T17:19:51.621+0000] {processor.py:830} INFO - Processing file /opt/airflow/dags/bronze_dag_simple.py for tasks to queue
[2025-10-22T17:19:51.622+0000] {logging_mixin.py:188} INFO - [2025-10-22T17:19:51.622+0000] {dagbag.py:540} INFO - Filling up the DagBag from /opt/airflow/dags/bronze_dag_simple.py
[2025-10-22T17:19:51.639+0000] {processor.py:840} INFO - DAG(s) 'bronze_dag_simple' retrieved from /opt/airflow/dags/bronze_dag_simple.py
[2025-10-22T17:19:51.656+0000] {logging_mixin.py:188} INFO - [2025-10-22T17:19:51.656+0000] {dag.py:3096} INFO - Sync 1 DAGs
[2025-10-22T17:19:51.672+0000] {logging_mixin.py:188} INFO - [2025-10-22T17:19:51.672+0000] {dag.py:3954} INFO - Setting next_dagrun for bronze_dag_simple to 2025-10-21 18:00:00+00:00, run_after=2025-10-22 18:00:00+00:00
[2025-10-22T17:19:51.685+0000] {processor.py:183} INFO - Processing /opt/airflow/dags/bronze_dag_simple.py took 0.070 seconds
[2025-10-22T17:20:49.675+0000] {processor.py:161} INFO - Started process (PID=193) to work on /opt/airflow/dags/bronze_dag_simple.py
[2025-10-22T17:20:49.676+0000] {processor.py:830} INFO - Processing file /opt/airflow/dags/bronze_dag_simple.py for tasks to queue
[2025-10-22T17:20:49.678+0000] {logging_mixin.py:188} INFO - [2025-10-22T17:20:49.677+0000] {dagbag.py:540} INFO - Filling up the DagBag from /opt/airflow/dags/bronze_dag_simple.py
[2025-10-22T17:20:49.696+0000] {processor.py:840} INFO - DAG(s) 'bronze_dag_simple' retrieved from /opt/airflow/dags/bronze_dag_simple.py
[2025-10-22T17:20:49.716+0000] {logging_mixin.py:188} INFO - [2025-10-22T17:20:49.715+0000] {dag.py:3096} INFO - Sync 1 DAGs
[2025-10-22T17:20:49.733+0000] {logging_mixin.py:188} INFO - [2025-10-22T17:20:49.732+0000] {dag.py:3954} INFO - Setting next_dagrun for bronze_dag_simple to 2025-10-21 18:00:00+00:00, run_after=2025-10-22 18:00:00+00:00
[2025-10-22T17:20:49.747+0000] {processor.py:183} INFO - Processing /opt/airflow/dags/bronze_dag_simple.py took 0.076 seconds
[2025-10-22T17:21:19.914+0000] {processor.py:161} INFO - Started process (PID=194) to work on /opt/airflow/dags/bronze_dag_simple.py
[2025-10-22T17:21:19.915+0000] {processor.py:830} INFO - Processing file /opt/airflow/dags/bronze_dag_simple.py for tasks to queue
[2025-10-22T17:21:19.917+0000] {logging_mixin.py:188} INFO - [2025-10-22T17:21:19.917+0000] {dagbag.py:540} INFO - Filling up the DagBag from /opt/airflow/dags/bronze_dag_simple.py
[2025-10-22T17:21:19.934+0000] {processor.py:840} INFO - DAG(s) 'bronze_dag_simple' retrieved from /opt/airflow/dags/bronze_dag_simple.py
[2025-10-22T17:21:19.953+0000] {logging_mixin.py:188} INFO - [2025-10-22T17:21:19.952+0000] {dag.py:3096} INFO - Sync 1 DAGs
[2025-10-22T17:21:19.969+0000] {logging_mixin.py:188} INFO - [2025-10-22T17:21:19.969+0000] {dag.py:3954} INFO - Setting next_dagrun for bronze_dag_simple to 2025-10-21 18:00:00+00:00, run_after=2025-10-22 18:00:00+00:00
[2025-10-22T17:21:19.984+0000] {processor.py:183} INFO - Processing /opt/airflow/dags/bronze_dag_simple.py took 0.075 seconds
[2025-10-22T17:21:50.215+0000] {processor.py:161} INFO - Started process (PID=196) to work on /opt/airflow/dags/bronze_dag_simple.py
[2025-10-22T17:21:50.215+0000] {processor.py:830} INFO - Processing file /opt/airflow/dags/bronze_dag_simple.py for tasks to queue
[2025-10-22T17:21:50.217+0000] {logging_mixin.py:188} INFO - [2025-10-22T17:21:50.217+0000] {dagbag.py:540} INFO - Filling up the DagBag from /opt/airflow/dags/bronze_dag_simple.py
[2025-10-22T17:21:50.233+0000] {processor.py:840} INFO - DAG(s) 'bronze_dag_simple' retrieved from /opt/airflow/dags/bronze_dag_simple.py
[2025-10-22T17:21:50.252+0000] {logging_mixin.py:188} INFO - [2025-10-22T17:21:50.252+0000] {dag.py:3096} INFO - Sync 1 DAGs
[2025-10-22T17:21:50.269+0000] {logging_mixin.py:188} INFO - [2025-10-22T17:21:50.269+0000] {dag.py:3954} INFO - Setting next_dagrun for bronze_dag_simple to 2025-10-21 18:00:00+00:00, run_after=2025-10-22 18:00:00+00:00
[2025-10-22T17:21:50.284+0000] {processor.py:183} INFO - Processing /opt/airflow/dags/bronze_dag_simple.py took 0.074 seconds
[2025-10-22T17:22:20.338+0000] {processor.py:161} INFO - Started process (PID=198) to work on /opt/airflow/dags/bronze_dag_simple.py
[2025-10-22T17:22:20.339+0000] {processor.py:830} INFO - Processing file /opt/airflow/dags/bronze_dag_simple.py for tasks to queue
[2025-10-22T17:22:20.341+0000] {logging_mixin.py:188} INFO - [2025-10-22T17:22:20.341+0000] {dagbag.py:540} INFO - Filling up the DagBag from /opt/airflow/dags/bronze_dag_simple.py
[2025-10-22T17:22:20.359+0000] {processor.py:840} INFO - DAG(s) 'bronze_dag_simple' retrieved from /opt/airflow/dags/bronze_dag_simple.py
[2025-10-22T17:22:20.378+0000] {logging_mixin.py:188} INFO - [2025-10-22T17:22:20.378+0000] {dag.py:3096} INFO - Sync 1 DAGs
[2025-10-22T17:22:20.394+0000] {logging_mixin.py:188} INFO - [2025-10-22T17:22:20.394+0000] {dag.py:3954} INFO - Setting next_dagrun for bronze_dag_simple to 2025-10-21 18:00:00+00:00, run_after=2025-10-22 18:00:00+00:00
[2025-10-22T17:22:20.409+0000] {processor.py:183} INFO - Processing /opt/airflow/dags/bronze_dag_simple.py took 0.075 seconds
[2025-10-22T17:22:51.270+0000] {processor.py:161} INFO - Started process (PID=200) to work on /opt/airflow/dags/bronze_dag_simple.py
[2025-10-22T17:22:51.271+0000] {processor.py:830} INFO - Processing file /opt/airflow/dags/bronze_dag_simple.py for tasks to queue
[2025-10-22T17:22:51.273+0000] {logging_mixin.py:188} INFO - [2025-10-22T17:22:51.273+0000] {dagbag.py:540} INFO - Filling up the DagBag from /opt/airflow/dags/bronze_dag_simple.py
[2025-10-22T17:22:51.290+0000] {processor.py:840} INFO - DAG(s) 'bronze_dag_simple' retrieved from /opt/airflow/dags/bronze_dag_simple.py
[2025-10-22T17:22:51.308+0000] {logging_mixin.py:188} INFO - [2025-10-22T17:22:51.307+0000] {dag.py:3096} INFO - Sync 1 DAGs
[2025-10-22T17:22:51.323+0000] {logging_mixin.py:188} INFO - [2025-10-22T17:22:51.323+0000] {dag.py:3954} INFO - Setting next_dagrun for bronze_dag_simple to 2025-10-21 18:00:00+00:00, run_after=2025-10-22 18:00:00+00:00
[2025-10-22T17:22:51.336+0000] {processor.py:183} INFO - Processing /opt/airflow/dags/bronze_dag_simple.py took 0.072 seconds
[2025-10-22T17:23:22.211+0000] {processor.py:161} INFO - Started process (PID=202) to work on /opt/airflow/dags/bronze_dag_simple.py
[2025-10-22T17:23:22.212+0000] {processor.py:830} INFO - Processing file /opt/airflow/dags/bronze_dag_simple.py for tasks to queue
[2025-10-22T17:23:22.214+0000] {logging_mixin.py:188} INFO - [2025-10-22T17:23:22.214+0000] {dagbag.py:540} INFO - Filling up the DagBag from /opt/airflow/dags/bronze_dag_simple.py
[2025-10-22T17:23:22.229+0000] {processor.py:840} INFO - DAG(s) 'bronze_dag_simple' retrieved from /opt/airflow/dags/bronze_dag_simple.py
[2025-10-22T17:23:22.245+0000] {logging_mixin.py:188} INFO - [2025-10-22T17:23:22.245+0000] {dag.py:3096} INFO - Sync 1 DAGs
[2025-10-22T17:23:22.261+0000] {logging_mixin.py:188} INFO - [2025-10-22T17:23:22.261+0000] {dag.py:3954} INFO - Setting next_dagrun for bronze_dag_simple to 2025-10-21 18:00:00+00:00, run_after=2025-10-22 18:00:00+00:00
[2025-10-22T17:23:22.274+0000] {processor.py:183} INFO - Processing /opt/airflow/dags/bronze_dag_simple.py took 0.068 seconds
[2025-10-22T17:24:28.315+0000] {processor.py:161} INFO - Started process (PID=205) to work on /opt/airflow/dags/bronze_dag_simple.py
[2025-10-22T17:24:28.316+0000] {processor.py:830} INFO - Processing file /opt/airflow/dags/bronze_dag_simple.py for tasks to queue
[2025-10-22T17:24:28.318+0000] {logging_mixin.py:188} INFO - [2025-10-22T17:24:28.318+0000] {dagbag.py:540} INFO - Filling up the DagBag from /opt/airflow/dags/bronze_dag_simple.py
[2025-10-22T17:24:28.336+0000] {processor.py:840} INFO - DAG(s) 'bronze_dag_simple' retrieved from /opt/airflow/dags/bronze_dag_simple.py
[2025-10-22T17:24:28.357+0000] {logging_mixin.py:188} INFO - [2025-10-22T17:24:28.357+0000] {dag.py:3096} INFO - Sync 1 DAGs
[2025-10-22T17:24:28.375+0000] {logging_mixin.py:188} INFO - [2025-10-22T17:24:28.375+0000] {dag.py:3954} INFO - Setting next_dagrun for bronze_dag_simple to 2025-10-21 18:00:00+00:00, run_after=2025-10-22 18:00:00+00:00
[2025-10-22T17:24:28.390+0000] {processor.py:183} INFO - Processing /opt/airflow/dags/bronze_dag_simple.py took 0.080 seconds
[2025-10-22T17:24:58.560+0000] {processor.py:161} INFO - Started process (PID=206) to work on /opt/airflow/dags/bronze_dag_simple.py
[2025-10-22T17:24:58.561+0000] {processor.py:830} INFO - Processing file /opt/airflow/dags/bronze_dag_simple.py for tasks to queue
[2025-10-22T17:24:58.562+0000] {logging_mixin.py:188} INFO - [2025-10-22T17:24:58.562+0000] {dagbag.py:540} INFO - Filling up the DagBag from /opt/airflow/dags/bronze_dag_simple.py
[2025-10-22T17:24:58.580+0000] {processor.py:840} INFO - DAG(s) 'bronze_dag_simple' retrieved from /opt/airflow/dags/bronze_dag_simple.py
[2025-10-22T17:24:58.598+0000] {logging_mixin.py:188} INFO - [2025-10-22T17:24:58.598+0000] {dag.py:3096} INFO - Sync 1 DAGs
[2025-10-22T17:24:58.615+0000] {logging_mixin.py:188} INFO - [2025-10-22T17:24:58.615+0000] {dag.py:3954} INFO - Setting next_dagrun for bronze_dag_simple to 2025-10-21 18:00:00+00:00, run_after=2025-10-22 18:00:00+00:00
[2025-10-22T17:24:58.629+0000] {processor.py:183} INFO - Processing /opt/airflow/dags/bronze_dag_simple.py took 0.074 seconds
[2025-10-22T17:25:29.308+0000] {processor.py:161} INFO - Started process (PID=209) to work on /opt/airflow/dags/bronze_dag_simple.py
[2025-10-22T17:25:29.309+0000] {processor.py:830} INFO - Processing file /opt/airflow/dags/bronze_dag_simple.py for tasks to queue
[2025-10-22T17:25:29.310+0000] {logging_mixin.py:188} INFO - [2025-10-22T17:25:29.310+0000] {dagbag.py:540} INFO - Filling up the DagBag from /opt/airflow/dags/bronze_dag_simple.py
[2025-10-22T17:25:29.328+0000] {processor.py:840} INFO - DAG(s) 'bronze_dag_simple' retrieved from /opt/airflow/dags/bronze_dag_simple.py
[2025-10-22T17:25:29.347+0000] {logging_mixin.py:188} INFO - [2025-10-22T17:25:29.347+0000] {dag.py:3096} INFO - Sync 1 DAGs
[2025-10-22T17:25:29.366+0000] {logging_mixin.py:188} INFO - [2025-10-22T17:25:29.366+0000] {dag.py:3954} INFO - Setting next_dagrun for bronze_dag_simple to 2025-10-21 18:00:00+00:00, run_after=2025-10-22 18:00:00+00:00
[2025-10-22T17:25:29.381+0000] {processor.py:183} INFO - Processing /opt/airflow/dags/bronze_dag_simple.py took 0.079 seconds
[2025-10-22T17:25:59.885+0000] {processor.py:161} INFO - Started process (PID=211) to work on /opt/airflow/dags/bronze_dag_simple.py
[2025-10-22T17:25:59.886+0000] {processor.py:830} INFO - Processing file /opt/airflow/dags/bronze_dag_simple.py for tasks to queue
[2025-10-22T17:25:59.888+0000] {logging_mixin.py:188} INFO - [2025-10-22T17:25:59.887+0000] {dagbag.py:540} INFO - Filling up the DagBag from /opt/airflow/dags/bronze_dag_simple.py
[2025-10-22T17:25:59.906+0000] {processor.py:840} INFO - DAG(s) 'bronze_dag_simple' retrieved from /opt/airflow/dags/bronze_dag_simple.py
[2025-10-22T17:25:59.929+0000] {logging_mixin.py:188} INFO - [2025-10-22T17:25:59.929+0000] {dag.py:3096} INFO - Sync 1 DAGs
[2025-10-22T17:25:59.948+0000] {logging_mixin.py:188} INFO - [2025-10-22T17:25:59.948+0000] {dag.py:3954} INFO - Setting next_dagrun for bronze_dag_simple to 2025-10-21 18:00:00+00:00, run_after=2025-10-22 18:00:00+00:00
[2025-10-22T17:25:59.963+0000] {processor.py:183} INFO - Processing /opt/airflow/dags/bronze_dag_simple.py took 0.083 seconds
[2025-10-22T17:26:30.123+0000] {processor.py:161} INFO - Started process (PID=212) to work on /opt/airflow/dags/bronze_dag_simple.py
[2025-10-22T17:26:30.124+0000] {processor.py:830} INFO - Processing file /opt/airflow/dags/bronze_dag_simple.py for tasks to queue
[2025-10-22T17:26:30.127+0000] {logging_mixin.py:188} INFO - [2025-10-22T17:26:30.126+0000] {dagbag.py:540} INFO - Filling up the DagBag from /opt/airflow/dags/bronze_dag_simple.py
[2025-10-22T17:26:30.145+0000] {processor.py:840} INFO - DAG(s) 'bronze_dag_simple' retrieved from /opt/airflow/dags/bronze_dag_simple.py
[2025-10-22T17:26:30.163+0000] {logging_mixin.py:188} INFO - [2025-10-22T17:26:30.163+0000] {dag.py:3096} INFO - Sync 1 DAGs
[2025-10-22T17:26:30.180+0000] {logging_mixin.py:188} INFO - [2025-10-22T17:26:30.180+0000] {dag.py:3954} INFO - Setting next_dagrun for bronze_dag_simple to 2025-10-21 18:00:00+00:00, run_after=2025-10-22 18:00:00+00:00
[2025-10-22T17:26:30.194+0000] {processor.py:183} INFO - Processing /opt/airflow/dags/bronze_dag_simple.py took 0.076 seconds
[2025-10-22T17:27:12.146+0000] {processor.py:161} INFO - Started process (PID=215) to work on /opt/airflow/dags/bronze_dag_simple.py
[2025-10-22T17:27:12.147+0000] {processor.py:830} INFO - Processing file /opt/airflow/dags/bronze_dag_simple.py for tasks to queue
[2025-10-22T17:27:12.149+0000] {logging_mixin.py:188} INFO - [2025-10-22T17:27:12.148+0000] {dagbag.py:540} INFO - Filling up the DagBag from /opt/airflow/dags/bronze_dag_simple.py
[2025-10-22T17:27:12.166+0000] {processor.py:840} INFO - DAG(s) 'bronze_dag_simple' retrieved from /opt/airflow/dags/bronze_dag_simple.py
[2025-10-22T17:27:12.185+0000] {logging_mixin.py:188} INFO - [2025-10-22T17:27:12.185+0000] {dag.py:3096} INFO - Sync 1 DAGs
[2025-10-22T17:27:12.202+0000] {logging_mixin.py:188} INFO - [2025-10-22T17:27:12.202+0000] {dag.py:3954} INFO - Setting next_dagrun for bronze_dag_simple to 2025-10-21 18:00:00+00:00, run_after=2025-10-22 18:00:00+00:00
[2025-10-22T17:27:12.216+0000] {processor.py:183} INFO - Processing /opt/airflow/dags/bronze_dag_simple.py took 0.075 seconds
[2025-10-22T17:27:42.289+0000] {processor.py:161} INFO - Started process (PID=216) to work on /opt/airflow/dags/bronze_dag_simple.py
[2025-10-22T17:27:42.290+0000] {processor.py:830} INFO - Processing file /opt/airflow/dags/bronze_dag_simple.py for tasks to queue
[2025-10-22T17:27:42.291+0000] {logging_mixin.py:188} INFO - [2025-10-22T17:27:42.291+0000] {dagbag.py:540} INFO - Filling up the DagBag from /opt/airflow/dags/bronze_dag_simple.py
[2025-10-22T17:27:42.311+0000] {processor.py:840} INFO - DAG(s) 'bronze_dag_simple' retrieved from /opt/airflow/dags/bronze_dag_simple.py
[2025-10-22T17:27:42.330+0000] {logging_mixin.py:188} INFO - [2025-10-22T17:27:42.330+0000] {dag.py:3096} INFO - Sync 1 DAGs
[2025-10-22T17:27:42.347+0000] {logging_mixin.py:188} INFO - [2025-10-22T17:27:42.347+0000] {dag.py:3954} INFO - Setting next_dagrun for bronze_dag_simple to 2025-10-21 18:00:00+00:00, run_after=2025-10-22 18:00:00+00:00
[2025-10-22T17:27:42.361+0000] {processor.py:183} INFO - Processing /opt/airflow/dags/bronze_dag_simple.py took 0.077 seconds
[2025-10-22T17:28:12.634+0000] {processor.py:161} INFO - Started process (PID=218) to work on /opt/airflow/dags/bronze_dag_simple.py
[2025-10-22T17:28:12.635+0000] {processor.py:830} INFO - Processing file /opt/airflow/dags/bronze_dag_simple.py for tasks to queue
[2025-10-22T17:28:12.636+0000] {logging_mixin.py:188} INFO - [2025-10-22T17:28:12.636+0000] {dagbag.py:540} INFO - Filling up the DagBag from /opt/airflow/dags/bronze_dag_simple.py
[2025-10-22T17:28:12.653+0000] {processor.py:840} INFO - DAG(s) 'bronze_dag_simple' retrieved from /opt/airflow/dags/bronze_dag_simple.py
[2025-10-22T17:28:12.670+0000] {logging_mixin.py:188} INFO - [2025-10-22T17:28:12.670+0000] {dag.py:3096} INFO - Sync 1 DAGs
[2025-10-22T17:28:12.687+0000] {logging_mixin.py:188} INFO - [2025-10-22T17:28:12.686+0000] {dag.py:3954} INFO - Setting next_dagrun for bronze_dag_simple to 2025-10-21 18:00:00+00:00, run_after=2025-10-22 18:00:00+00:00
[2025-10-22T17:28:12.699+0000] {processor.py:183} INFO - Processing /opt/airflow/dags/bronze_dag_simple.py took 0.070 seconds
[2025-10-22T17:28:42.831+0000] {processor.py:161} INFO - Started process (PID=220) to work on /opt/airflow/dags/bronze_dag_simple.py
[2025-10-22T17:28:42.831+0000] {processor.py:830} INFO - Processing file /opt/airflow/dags/bronze_dag_simple.py for tasks to queue
[2025-10-22T17:28:42.833+0000] {logging_mixin.py:188} INFO - [2025-10-22T17:28:42.833+0000] {dagbag.py:540} INFO - Filling up the DagBag from /opt/airflow/dags/bronze_dag_simple.py
[2025-10-22T17:28:42.850+0000] {processor.py:840} INFO - DAG(s) 'bronze_dag_simple' retrieved from /opt/airflow/dags/bronze_dag_simple.py
[2025-10-22T17:28:42.869+0000] {logging_mixin.py:188} INFO - [2025-10-22T17:28:42.869+0000] {dag.py:3096} INFO - Sync 1 DAGs
[2025-10-22T17:28:42.886+0000] {logging_mixin.py:188} INFO - [2025-10-22T17:28:42.886+0000] {dag.py:3954} INFO - Setting next_dagrun for bronze_dag_simple to 2025-10-21 18:00:00+00:00, run_after=2025-10-22 18:00:00+00:00
[2025-10-22T17:28:42.900+0000] {processor.py:183} INFO - Processing /opt/airflow/dags/bronze_dag_simple.py took 0.074 seconds
[2025-10-22T17:29:12.951+0000] {processor.py:161} INFO - Started process (PID=222) to work on /opt/airflow/dags/bronze_dag_simple.py
[2025-10-22T17:29:12.952+0000] {processor.py:830} INFO - Processing file /opt/airflow/dags/bronze_dag_simple.py for tasks to queue
[2025-10-22T17:29:12.953+0000] {logging_mixin.py:188} INFO - [2025-10-22T17:29:12.953+0000] {dagbag.py:540} INFO - Filling up the DagBag from /opt/airflow/dags/bronze_dag_simple.py
[2025-10-22T17:29:12.970+0000] {processor.py:840} INFO - DAG(s) 'bronze_dag_simple' retrieved from /opt/airflow/dags/bronze_dag_simple.py
[2025-10-22T17:29:12.988+0000] {logging_mixin.py:188} INFO - [2025-10-22T17:29:12.988+0000] {dag.py:3096} INFO - Sync 1 DAGs
[2025-10-22T17:29:13.005+0000] {logging_mixin.py:188} INFO - [2025-10-22T17:29:13.004+0000] {dag.py:3954} INFO - Setting next_dagrun for bronze_dag_simple to 2025-10-21 18:00:00+00:00, run_after=2025-10-22 18:00:00+00:00
[2025-10-22T17:29:13.019+0000] {processor.py:183} INFO - Processing /opt/airflow/dags/bronze_dag_simple.py took 0.073 seconds
[2025-10-22T17:30:11.827+0000] {processor.py:161} INFO - Started process (PID=225) to work on /opt/airflow/dags/bronze_dag_simple.py
[2025-10-22T17:30:11.828+0000] {processor.py:830} INFO - Processing file /opt/airflow/dags/bronze_dag_simple.py for tasks to queue
[2025-10-22T17:30:11.829+0000] {logging_mixin.py:188} INFO - [2025-10-22T17:30:11.829+0000] {dagbag.py:540} INFO - Filling up the DagBag from /opt/airflow/dags/bronze_dag_simple.py
[2025-10-22T17:30:11.847+0000] {processor.py:840} INFO - DAG(s) 'bronze_dag_simple' retrieved from /opt/airflow/dags/bronze_dag_simple.py
[2025-10-22T17:30:11.868+0000] {logging_mixin.py:188} INFO - [2025-10-22T17:30:11.868+0000] {dag.py:3096} INFO - Sync 1 DAGs
[2025-10-22T17:30:11.886+0000] {logging_mixin.py:188} INFO - [2025-10-22T17:30:11.885+0000] {dag.py:3954} INFO - Setting next_dagrun for bronze_dag_simple to 2025-10-21 18:00:00+00:00, run_after=2025-10-22 18:00:00+00:00
[2025-10-22T17:30:11.900+0000] {processor.py:183} INFO - Processing /opt/airflow/dags/bronze_dag_simple.py took 0.079 seconds
[2025-10-22T17:30:42.059+0000] {processor.py:161} INFO - Started process (PID=226) to work on /opt/airflow/dags/bronze_dag_simple.py
[2025-10-22T17:30:42.060+0000] {processor.py:830} INFO - Processing file /opt/airflow/dags/bronze_dag_simple.py for tasks to queue
[2025-10-22T17:30:42.062+0000] {logging_mixin.py:188} INFO - [2025-10-22T17:30:42.061+0000] {dagbag.py:540} INFO - Filling up the DagBag from /opt/airflow/dags/bronze_dag_simple.py
[2025-10-22T17:30:42.077+0000] {processor.py:840} INFO - DAG(s) 'bronze_dag_simple' retrieved from /opt/airflow/dags/bronze_dag_simple.py
[2025-10-22T17:30:42.095+0000] {logging_mixin.py:188} INFO - [2025-10-22T17:30:42.095+0000] {dag.py:3096} INFO - Sync 1 DAGs
[2025-10-22T17:30:42.112+0000] {logging_mixin.py:188} INFO - [2025-10-22T17:30:42.112+0000] {dag.py:3954} INFO - Setting next_dagrun for bronze_dag_simple to 2025-10-21 18:00:00+00:00, run_after=2025-10-22 18:00:00+00:00
[2025-10-22T17:30:42.125+0000] {processor.py:183} INFO - Processing /opt/airflow/dags/bronze_dag_simple.py took 0.070 seconds
[2025-10-22T17:31:12.672+0000] {processor.py:161} INFO - Started process (PID=229) to work on /opt/airflow/dags/bronze_dag_simple.py
[2025-10-22T17:31:12.673+0000] {processor.py:830} INFO - Processing file /opt/airflow/dags/bronze_dag_simple.py for tasks to queue
[2025-10-22T17:31:12.675+0000] {logging_mixin.py:188} INFO - [2025-10-22T17:31:12.675+0000] {dagbag.py:540} INFO - Filling up the DagBag from /opt/airflow/dags/bronze_dag_simple.py
[2025-10-22T17:31:12.692+0000] {processor.py:840} INFO - DAG(s) 'bronze_dag_simple' retrieved from /opt/airflow/dags/bronze_dag_simple.py
[2025-10-22T17:31:12.712+0000] {logging_mixin.py:188} INFO - [2025-10-22T17:31:12.712+0000] {dag.py:3096} INFO - Sync 1 DAGs
[2025-10-22T17:31:12.729+0000] {logging_mixin.py:188} INFO - [2025-10-22T17:31:12.729+0000] {dag.py:3954} INFO - Setting next_dagrun for bronze_dag_simple to 2025-10-21 18:00:00+00:00, run_after=2025-10-22 18:00:00+00:00
[2025-10-22T17:31:12.743+0000] {processor.py:183} INFO - Processing /opt/airflow/dags/bronze_dag_simple.py took 0.076 seconds
[2025-10-22T17:31:43.632+0000] {processor.py:161} INFO - Started process (PID=231) to work on /opt/airflow/dags/bronze_dag_simple.py
[2025-10-22T17:31:43.632+0000] {processor.py:830} INFO - Processing file /opt/airflow/dags/bronze_dag_simple.py for tasks to queue
[2025-10-22T17:31:43.634+0000] {logging_mixin.py:188} INFO - [2025-10-22T17:31:43.634+0000] {dagbag.py:540} INFO - Filling up the DagBag from /opt/airflow/dags/bronze_dag_simple.py
[2025-10-22T17:31:43.651+0000] {processor.py:840} INFO - DAG(s) 'bronze_dag_simple' retrieved from /opt/airflow/dags/bronze_dag_simple.py
[2025-10-22T17:31:43.669+0000] {logging_mixin.py:188} INFO - [2025-10-22T17:31:43.669+0000] {dag.py:3096} INFO - Sync 1 DAGs
[2025-10-22T17:31:43.689+0000] {logging_mixin.py:188} INFO - [2025-10-22T17:31:43.688+0000] {dag.py:3954} INFO - Setting next_dagrun for bronze_dag_simple to 2025-10-21 18:00:00+00:00, run_after=2025-10-22 18:00:00+00:00
[2025-10-22T17:31:43.705+0000] {processor.py:183} INFO - Processing /opt/airflow/dags/bronze_dag_simple.py took 0.078 seconds
[2025-10-22T17:32:13.878+0000] {processor.py:161} INFO - Started process (PID=232) to work on /opt/airflow/dags/bronze_dag_simple.py
[2025-10-22T17:32:13.879+0000] {processor.py:830} INFO - Processing file /opt/airflow/dags/bronze_dag_simple.py for tasks to queue
[2025-10-22T17:32:13.880+0000] {logging_mixin.py:188} INFO - [2025-10-22T17:32:13.880+0000] {dagbag.py:540} INFO - Filling up the DagBag from /opt/airflow/dags/bronze_dag_simple.py
[2025-10-22T17:32:13.898+0000] {processor.py:840} INFO - DAG(s) 'bronze_dag_simple' retrieved from /opt/airflow/dags/bronze_dag_simple.py
[2025-10-22T17:32:13.917+0000] {logging_mixin.py:188} INFO - [2025-10-22T17:32:13.917+0000] {dag.py:3096} INFO - Sync 1 DAGs
[2025-10-22T17:32:13.934+0000] {logging_mixin.py:188} INFO - [2025-10-22T17:32:13.934+0000] {dag.py:3954} INFO - Setting next_dagrun for bronze_dag_simple to 2025-10-21 18:00:00+00:00, run_after=2025-10-22 18:00:00+00:00
[2025-10-22T17:32:13.949+0000] {processor.py:183} INFO - Processing /opt/airflow/dags/bronze_dag_simple.py took 0.076 seconds
[2025-10-22T17:32:44.212+0000] {processor.py:161} INFO - Started process (PID=234) to work on /opt/airflow/dags/bronze_dag_simple.py
[2025-10-22T17:32:44.213+0000] {processor.py:830} INFO - Processing file /opt/airflow/dags/bronze_dag_simple.py for tasks to queue
[2025-10-22T17:32:44.215+0000] {logging_mixin.py:188} INFO - [2025-10-22T17:32:44.214+0000] {dagbag.py:540} INFO - Filling up the DagBag from /opt/airflow/dags/bronze_dag_simple.py
[2025-10-22T17:32:44.234+0000] {processor.py:840} INFO - DAG(s) 'bronze_dag_simple' retrieved from /opt/airflow/dags/bronze_dag_simple.py
[2025-10-22T17:32:44.258+0000] {logging_mixin.py:188} INFO - [2025-10-22T17:32:44.258+0000] {dag.py:3096} INFO - Sync 1 DAGs
[2025-10-22T17:32:44.274+0000] {logging_mixin.py:188} INFO - [2025-10-22T17:32:44.274+0000] {dag.py:3954} INFO - Setting next_dagrun for bronze_dag_simple to 2025-10-21 18:00:00+00:00, run_after=2025-10-22 18:00:00+00:00
[2025-10-22T17:32:44.289+0000] {processor.py:183} INFO - Processing /opt/airflow/dags/bronze_dag_simple.py took 0.082 seconds
[2025-10-22T17:33:14.350+0000] {processor.py:161} INFO - Started process (PID=236) to work on /opt/airflow/dags/bronze_dag_simple.py
[2025-10-22T17:33:14.350+0000] {processor.py:830} INFO - Processing file /opt/airflow/dags/bronze_dag_simple.py for tasks to queue
[2025-10-22T17:33:14.352+0000] {logging_mixin.py:188} INFO - [2025-10-22T17:33:14.352+0000] {dagbag.py:540} INFO - Filling up the DagBag from /opt/airflow/dags/bronze_dag_simple.py
[2025-10-22T17:33:14.368+0000] {processor.py:840} INFO - DAG(s) 'bronze_dag_simple' retrieved from /opt/airflow/dags/bronze_dag_simple.py
[2025-10-22T17:33:14.386+0000] {logging_mixin.py:188} INFO - [2025-10-22T17:33:14.386+0000] {dag.py:3096} INFO - Sync 1 DAGs
[2025-10-22T17:33:14.404+0000] {logging_mixin.py:188} INFO - [2025-10-22T17:33:14.404+0000] {dag.py:3954} INFO - Setting next_dagrun for bronze_dag_simple to 2025-10-21 18:00:00+00:00, run_after=2025-10-22 18:00:00+00:00
[2025-10-22T17:33:14.418+0000] {processor.py:183} INFO - Processing /opt/airflow/dags/bronze_dag_simple.py took 0.073 seconds
[2025-10-22T17:33:44.581+0000] {processor.py:161} INFO - Started process (PID=238) to work on /opt/airflow/dags/bronze_dag_simple.py
[2025-10-22T17:33:44.582+0000] {processor.py:830} INFO - Processing file /opt/airflow/dags/bronze_dag_simple.py for tasks to queue
[2025-10-22T17:33:44.583+0000] {logging_mixin.py:188} INFO - [2025-10-22T17:33:44.583+0000] {dagbag.py:540} INFO - Filling up the DagBag from /opt/airflow/dags/bronze_dag_simple.py
[2025-10-22T17:33:44.599+0000] {processor.py:840} INFO - DAG(s) 'bronze_dag_simple' retrieved from /opt/airflow/dags/bronze_dag_simple.py
[2025-10-22T17:33:44.617+0000] {logging_mixin.py:188} INFO - [2025-10-22T17:33:44.617+0000] {dag.py:3096} INFO - Sync 1 DAGs
[2025-10-22T17:33:44.634+0000] {logging_mixin.py:188} INFO - [2025-10-22T17:33:44.634+0000] {dag.py:3954} INFO - Setting next_dagrun for bronze_dag_simple to 2025-10-21 18:00:00+00:00, run_after=2025-10-22 18:00:00+00:00
[2025-10-22T17:33:44.648+0000] {processor.py:183} INFO - Processing /opt/airflow/dags/bronze_dag_simple.py took 0.072 seconds
[2025-10-22T17:34:48.642+0000] {processor.py:161} INFO - Started process (PID=241) to work on /opt/airflow/dags/bronze_dag_simple.py
[2025-10-22T17:34:48.643+0000] {processor.py:830} INFO - Processing file /opt/airflow/dags/bronze_dag_simple.py for tasks to queue
[2025-10-22T17:34:48.645+0000] {logging_mixin.py:188} INFO - [2025-10-22T17:34:48.645+0000] {dagbag.py:540} INFO - Filling up the DagBag from /opt/airflow/dags/bronze_dag_simple.py
[2025-10-22T17:34:48.663+0000] {processor.py:840} INFO - DAG(s) 'bronze_dag_simple' retrieved from /opt/airflow/dags/bronze_dag_simple.py
[2025-10-22T17:34:48.683+0000] {logging_mixin.py:188} INFO - [2025-10-22T17:34:48.683+0000] {dag.py:3096} INFO - Sync 1 DAGs
[2025-10-22T17:34:48.700+0000] {logging_mixin.py:188} INFO - [2025-10-22T17:34:48.700+0000] {dag.py:3954} INFO - Setting next_dagrun for bronze_dag_simple to 2025-10-21 18:00:00+00:00, run_after=2025-10-22 18:00:00+00:00
[2025-10-22T17:34:48.716+0000] {processor.py:183} INFO - Processing /opt/airflow/dags/bronze_dag_simple.py took 0.080 seconds
[2025-10-22T17:35:19.284+0000] {processor.py:161} INFO - Started process (PID=243) to work on /opt/airflow/dags/bronze_dag_simple.py
[2025-10-22T17:35:19.285+0000] {processor.py:830} INFO - Processing file /opt/airflow/dags/bronze_dag_simple.py for tasks to queue
[2025-10-22T17:35:19.287+0000] {logging_mixin.py:188} INFO - [2025-10-22T17:35:19.286+0000] {dagbag.py:540} INFO - Filling up the DagBag from /opt/airflow/dags/bronze_dag_simple.py
[2025-10-22T17:35:19.306+0000] {processor.py:840} INFO - DAG(s) 'bronze_dag_simple' retrieved from /opt/airflow/dags/bronze_dag_simple.py
[2025-10-22T17:35:19.327+0000] {logging_mixin.py:188} INFO - [2025-10-22T17:35:19.327+0000] {dag.py:3096} INFO - Sync 1 DAGs
[2025-10-22T17:35:19.344+0000] {logging_mixin.py:188} INFO - [2025-10-22T17:35:19.344+0000] {dag.py:3954} INFO - Setting next_dagrun for bronze_dag_simple to 2025-10-21 18:00:00+00:00, run_after=2025-10-22 18:00:00+00:00
[2025-10-22T17:35:19.358+0000] {processor.py:183} INFO - Processing /opt/airflow/dags/bronze_dag_simple.py took 0.078 seconds
[2025-10-22T17:35:49.523+0000] {processor.py:161} INFO - Started process (PID=244) to work on /opt/airflow/dags/bronze_dag_simple.py
[2025-10-22T17:35:49.524+0000] {processor.py:830} INFO - Processing file /opt/airflow/dags/bronze_dag_simple.py for tasks to queue
[2025-10-22T17:35:49.526+0000] {logging_mixin.py:188} INFO - [2025-10-22T17:35:49.525+0000] {dagbag.py:540} INFO - Filling up the DagBag from /opt/airflow/dags/bronze_dag_simple.py
[2025-10-22T17:35:49.542+0000] {processor.py:840} INFO - DAG(s) 'bronze_dag_simple' retrieved from /opt/airflow/dags/bronze_dag_simple.py
[2025-10-22T17:35:49.559+0000] {logging_mixin.py:188} INFO - [2025-10-22T17:35:49.559+0000] {dag.py:3096} INFO - Sync 1 DAGs
[2025-10-22T17:35:49.574+0000] {logging_mixin.py:188} INFO - [2025-10-22T17:35:49.574+0000] {dag.py:3954} INFO - Setting next_dagrun for bronze_dag_simple to 2025-10-21 18:00:00+00:00, run_after=2025-10-22 18:00:00+00:00
[2025-10-22T17:35:49.587+0000] {processor.py:183} INFO - Processing /opt/airflow/dags/bronze_dag_simple.py took 0.069 seconds
[2025-10-22T17:36:37.841+0000] {processor.py:161} INFO - Started process (PID=247) to work on /opt/airflow/dags/bronze_dag_simple.py
[2025-10-22T17:36:37.841+0000] {processor.py:830} INFO - Processing file /opt/airflow/dags/bronze_dag_simple.py for tasks to queue
[2025-10-22T17:36:37.843+0000] {logging_mixin.py:188} INFO - [2025-10-22T17:36:37.842+0000] {dagbag.py:540} INFO - Filling up the DagBag from /opt/airflow/dags/bronze_dag_simple.py
[2025-10-22T17:36:37.859+0000] {processor.py:840} INFO - DAG(s) 'bronze_dag_simple' retrieved from /opt/airflow/dags/bronze_dag_simple.py
[2025-10-22T17:36:37.879+0000] {logging_mixin.py:188} INFO - [2025-10-22T17:36:37.879+0000] {dag.py:3096} INFO - Sync 1 DAGs
[2025-10-22T17:36:37.897+0000] {logging_mixin.py:188} INFO - [2025-10-22T17:36:37.897+0000] {dag.py:3954} INFO - Setting next_dagrun for bronze_dag_simple to 2025-10-21 18:00:00+00:00, run_after=2025-10-22 18:00:00+00:00
[2025-10-22T17:36:37.911+0000] {processor.py:183} INFO - Processing /opt/airflow/dags/bronze_dag_simple.py took 0.075 seconds
[2025-10-22T17:37:38.220+0000] {processor.py:161} INFO - Started process (PID=249) to work on /opt/airflow/dags/bronze_dag_simple.py
[2025-10-22T17:37:38.221+0000] {processor.py:830} INFO - Processing file /opt/airflow/dags/bronze_dag_simple.py for tasks to queue
[2025-10-22T17:37:38.222+0000] {logging_mixin.py:188} INFO - [2025-10-22T17:37:38.222+0000] {dagbag.py:540} INFO - Filling up the DagBag from /opt/airflow/dags/bronze_dag_simple.py
[2025-10-22T17:37:38.243+0000] {processor.py:840} INFO - DAG(s) 'bronze_dag_simple' retrieved from /opt/airflow/dags/bronze_dag_simple.py
[2025-10-22T17:37:38.265+0000] {logging_mixin.py:188} INFO - [2025-10-22T17:37:38.265+0000] {dag.py:3096} INFO - Sync 1 DAGs
[2025-10-22T17:37:38.284+0000] {logging_mixin.py:188} INFO - [2025-10-22T17:37:38.284+0000] {dag.py:3954} INFO - Setting next_dagrun for bronze_dag_simple to 2025-10-21 18:00:00+00:00, run_after=2025-10-22 18:00:00+00:00
[2025-10-22T17:37:38.301+0000] {processor.py:183} INFO - Processing /opt/airflow/dags/bronze_dag_simple.py took 0.087 seconds
[2025-10-22T17:38:08.704+0000] {processor.py:161} INFO - Started process (PID=251) to work on /opt/airflow/dags/bronze_dag_simple.py
[2025-10-22T17:38:08.705+0000] {processor.py:830} INFO - Processing file /opt/airflow/dags/bronze_dag_simple.py for tasks to queue
[2025-10-22T17:38:08.707+0000] {logging_mixin.py:188} INFO - [2025-10-22T17:38:08.707+0000] {dagbag.py:540} INFO - Filling up the DagBag from /opt/airflow/dags/bronze_dag_simple.py
[2025-10-22T17:38:08.725+0000] {processor.py:840} INFO - DAG(s) 'bronze_dag_simple' retrieved from /opt/airflow/dags/bronze_dag_simple.py
[2025-10-22T17:38:08.746+0000] {logging_mixin.py:188} INFO - [2025-10-22T17:38:08.745+0000] {dag.py:3096} INFO - Sync 1 DAGs
[2025-10-22T17:38:08.762+0000] {logging_mixin.py:188} INFO - [2025-10-22T17:38:08.762+0000] {dag.py:3954} INFO - Setting next_dagrun for bronze_dag_simple to 2025-10-21 18:00:00+00:00, run_after=2025-10-22 18:00:00+00:00
[2025-10-22T17:38:08.776+0000] {processor.py:183} INFO - Processing /opt/airflow/dags/bronze_dag_simple.py took 0.077 seconds
[2025-10-22T17:38:39.666+0000] {processor.py:161} INFO - Started process (PID=253) to work on /opt/airflow/dags/bronze_dag_simple.py
[2025-10-22T17:38:39.667+0000] {processor.py:830} INFO - Processing file /opt/airflow/dags/bronze_dag_simple.py for tasks to queue
[2025-10-22T17:38:39.669+0000] {logging_mixin.py:188} INFO - [2025-10-22T17:38:39.669+0000] {dagbag.py:540} INFO - Filling up the DagBag from /opt/airflow/dags/bronze_dag_simple.py
[2025-10-22T17:38:39.686+0000] {processor.py:840} INFO - DAG(s) 'bronze_dag_simple' retrieved from /opt/airflow/dags/bronze_dag_simple.py
[2025-10-22T17:38:39.704+0000] {logging_mixin.py:188} INFO - [2025-10-22T17:38:39.704+0000] {dag.py:3096} INFO - Sync 1 DAGs
[2025-10-22T17:38:39.723+0000] {logging_mixin.py:188} INFO - [2025-10-22T17:38:39.723+0000] {dag.py:3954} INFO - Setting next_dagrun for bronze_dag_simple to 2025-10-21 18:00:00+00:00, run_after=2025-10-22 18:00:00+00:00
[2025-10-22T17:38:39.737+0000] {processor.py:183} INFO - Processing /opt/airflow/dags/bronze_dag_simple.py took 0.076 seconds
[2025-10-22T17:39:09.863+0000] {processor.py:161} INFO - Started process (PID=254) to work on /opt/airflow/dags/bronze_dag_simple.py
[2025-10-22T17:39:09.864+0000] {processor.py:830} INFO - Processing file /opt/airflow/dags/bronze_dag_simple.py for tasks to queue
[2025-10-22T17:39:09.866+0000] {logging_mixin.py:188} INFO - [2025-10-22T17:39:09.865+0000] {dagbag.py:540} INFO - Filling up the DagBag from /opt/airflow/dags/bronze_dag_simple.py
[2025-10-22T17:39:09.884+0000] {processor.py:840} INFO - DAG(s) 'bronze_dag_simple' retrieved from /opt/airflow/dags/bronze_dag_simple.py
[2025-10-22T17:39:09.905+0000] {logging_mixin.py:188} INFO - [2025-10-22T17:39:09.905+0000] {dag.py:3096} INFO - Sync 1 DAGs
[2025-10-22T17:39:09.924+0000] {logging_mixin.py:188} INFO - [2025-10-22T17:39:09.924+0000] {dag.py:3954} INFO - Setting next_dagrun for bronze_dag_simple to 2025-10-21 18:00:00+00:00, run_after=2025-10-22 18:00:00+00:00
[2025-10-22T17:39:09.940+0000] {processor.py:183} INFO - Processing /opt/airflow/dags/bronze_dag_simple.py took 0.083 seconds
[2025-10-22T17:39:40.110+0000] {processor.py:161} INFO - Started process (PID=256) to work on /opt/airflow/dags/bronze_dag_simple.py
[2025-10-22T17:39:40.111+0000] {processor.py:830} INFO - Processing file /opt/airflow/dags/bronze_dag_simple.py for tasks to queue
[2025-10-22T17:39:40.112+0000] {logging_mixin.py:188} INFO - [2025-10-22T17:39:40.112+0000] {dagbag.py:540} INFO - Filling up the DagBag from /opt/airflow/dags/bronze_dag_simple.py
[2025-10-22T17:39:40.129+0000] {processor.py:840} INFO - DAG(s) 'bronze_dag_simple' retrieved from /opt/airflow/dags/bronze_dag_simple.py
[2025-10-22T17:39:40.151+0000] {logging_mixin.py:188} INFO - [2025-10-22T17:39:40.151+0000] {dag.py:3096} INFO - Sync 1 DAGs
[2025-10-22T17:39:40.169+0000] {logging_mixin.py:188} INFO - [2025-10-22T17:39:40.168+0000] {dag.py:3954} INFO - Setting next_dagrun for bronze_dag_simple to 2025-10-21 18:00:00+00:00, run_after=2025-10-22 18:00:00+00:00
[2025-10-22T17:39:40.184+0000] {processor.py:183} INFO - Processing /opt/airflow/dags/bronze_dag_simple.py took 0.079 seconds
[2025-10-22T17:40:10.354+0000] {processor.py:161} INFO - Started process (PID=258) to work on /opt/airflow/dags/bronze_dag_simple.py
[2025-10-22T17:40:10.355+0000] {processor.py:830} INFO - Processing file /opt/airflow/dags/bronze_dag_simple.py for tasks to queue
[2025-10-22T17:40:10.356+0000] {logging_mixin.py:188} INFO - [2025-10-22T17:40:10.356+0000] {dagbag.py:540} INFO - Filling up the DagBag from /opt/airflow/dags/bronze_dag_simple.py
[2025-10-22T17:40:10.377+0000] {processor.py:840} INFO - DAG(s) 'bronze_dag_simple' retrieved from /opt/airflow/dags/bronze_dag_simple.py
[2025-10-22T17:40:10.401+0000] {logging_mixin.py:188} INFO - [2025-10-22T17:40:10.401+0000] {dag.py:3096} INFO - Sync 1 DAGs
[2025-10-22T17:40:10.422+0000] {logging_mixin.py:188} INFO - [2025-10-22T17:40:10.422+0000] {dag.py:3954} INFO - Setting next_dagrun for bronze_dag_simple to 2025-10-21 18:00:00+00:00, run_after=2025-10-22 18:00:00+00:00
[2025-10-22T17:40:10.442+0000] {processor.py:183} INFO - Processing /opt/airflow/dags/bronze_dag_simple.py took 0.093 seconds
[2025-10-22T17:40:53.717+0000] {processor.py:161} INFO - Started process (PID=261) to work on /opt/airflow/dags/bronze_dag_simple.py
[2025-10-22T17:40:53.718+0000] {processor.py:830} INFO - Processing file /opt/airflow/dags/bronze_dag_simple.py for tasks to queue
[2025-10-22T17:40:53.720+0000] {logging_mixin.py:188} INFO - [2025-10-22T17:40:53.719+0000] {dagbag.py:540} INFO - Filling up the DagBag from /opt/airflow/dags/bronze_dag_simple.py
[2025-10-22T17:40:53.740+0000] {processor.py:840} INFO - DAG(s) 'bronze_dag_simple' retrieved from /opt/airflow/dags/bronze_dag_simple.py
[2025-10-22T17:40:53.762+0000] {logging_mixin.py:188} INFO - [2025-10-22T17:40:53.762+0000] {dag.py:3096} INFO - Sync 1 DAGs
[2025-10-22T17:40:53.782+0000] {logging_mixin.py:188} INFO - [2025-10-22T17:40:53.782+0000] {dag.py:3954} INFO - Setting next_dagrun for bronze_dag_simple to 2025-10-21 18:00:00+00:00, run_after=2025-10-22 18:00:00+00:00
[2025-10-22T17:40:53.798+0000] {processor.py:183} INFO - Processing /opt/airflow/dags/bronze_dag_simple.py took 0.087 seconds
[2025-10-22T17:41:23.964+0000] {processor.py:161} INFO - Started process (PID=262) to work on /opt/airflow/dags/bronze_dag_simple.py
[2025-10-22T17:41:23.964+0000] {processor.py:830} INFO - Processing file /opt/airflow/dags/bronze_dag_simple.py for tasks to queue
[2025-10-22T17:41:23.966+0000] {logging_mixin.py:188} INFO - [2025-10-22T17:41:23.966+0000] {dagbag.py:540} INFO - Filling up the DagBag from /opt/airflow/dags/bronze_dag_simple.py
[2025-10-22T17:41:23.983+0000] {processor.py:840} INFO - DAG(s) 'bronze_dag_simple' retrieved from /opt/airflow/dags/bronze_dag_simple.py
[2025-10-22T17:41:24.003+0000] {logging_mixin.py:188} INFO - [2025-10-22T17:41:24.003+0000] {dag.py:3096} INFO - Sync 1 DAGs
[2025-10-22T17:41:24.021+0000] {logging_mixin.py:188} INFO - [2025-10-22T17:41:24.020+0000] {dag.py:3954} INFO - Setting next_dagrun for bronze_dag_simple to 2025-10-21 18:00:00+00:00, run_after=2025-10-22 18:00:00+00:00
[2025-10-22T17:41:24.035+0000] {processor.py:183} INFO - Processing /opt/airflow/dags/bronze_dag_simple.py took 0.076 seconds
[2025-10-22T17:41:54.345+0000] {processor.py:161} INFO - Started process (PID=265) to work on /opt/airflow/dags/bronze_dag_simple.py
[2025-10-22T17:41:54.346+0000] {processor.py:830} INFO - Processing file /opt/airflow/dags/bronze_dag_simple.py for tasks to queue
[2025-10-22T17:41:54.348+0000] {logging_mixin.py:188} INFO - [2025-10-22T17:41:54.348+0000] {dagbag.py:540} INFO - Filling up the DagBag from /opt/airflow/dags/bronze_dag_simple.py
[2025-10-22T17:41:54.365+0000] {processor.py:840} INFO - DAG(s) 'bronze_dag_simple' retrieved from /opt/airflow/dags/bronze_dag_simple.py
[2025-10-22T17:41:54.384+0000] {logging_mixin.py:188} INFO - [2025-10-22T17:41:54.384+0000] {dag.py:3096} INFO - Sync 1 DAGs
[2025-10-22T17:41:54.401+0000] {logging_mixin.py:188} INFO - [2025-10-22T17:41:54.401+0000] {dag.py:3954} INFO - Setting next_dagrun for bronze_dag_simple to 2025-10-21 18:00:00+00:00, run_after=2025-10-22 18:00:00+00:00
[2025-10-22T17:41:54.415+0000] {processor.py:183} INFO - Processing /opt/airflow/dags/bronze_dag_simple.py took 0.076 seconds
[2025-10-22T17:42:47.400+0000] {processor.py:161} INFO - Started process (PID=267) to work on /opt/airflow/dags/bronze_dag_simple.py
[2025-10-22T17:42:47.401+0000] {processor.py:830} INFO - Processing file /opt/airflow/dags/bronze_dag_simple.py for tasks to queue
[2025-10-22T17:42:47.403+0000] {logging_mixin.py:188} INFO - [2025-10-22T17:42:47.403+0000] {dagbag.py:540} INFO - Filling up the DagBag from /opt/airflow/dags/bronze_dag_simple.py
[2025-10-22T17:42:47.422+0000] {processor.py:840} INFO - DAG(s) 'bronze_dag_simple' retrieved from /opt/airflow/dags/bronze_dag_simple.py
[2025-10-22T17:42:47.442+0000] {logging_mixin.py:188} INFO - [2025-10-22T17:42:47.442+0000] {dag.py:3096} INFO - Sync 1 DAGs
[2025-10-22T17:42:47.461+0000] {logging_mixin.py:188} INFO - [2025-10-22T17:42:47.460+0000] {dag.py:3954} INFO - Setting next_dagrun for bronze_dag_simple to 2025-10-21 18:00:00+00:00, run_after=2025-10-22 18:00:00+00:00
[2025-10-22T17:42:47.476+0000] {processor.py:183} INFO - Processing /opt/airflow/dags/bronze_dag_simple.py took 0.081 seconds
[2025-10-22T17:43:17.649+0000] {processor.py:161} INFO - Started process (PID=268) to work on /opt/airflow/dags/bronze_dag_simple.py
[2025-10-22T17:43:17.650+0000] {processor.py:830} INFO - Processing file /opt/airflow/dags/bronze_dag_simple.py for tasks to queue
[2025-10-22T17:43:17.651+0000] {logging_mixin.py:188} INFO - [2025-10-22T17:43:17.651+0000] {dagbag.py:540} INFO - Filling up the DagBag from /opt/airflow/dags/bronze_dag_simple.py
[2025-10-22T17:43:17.669+0000] {processor.py:840} INFO - DAG(s) 'bronze_dag_simple' retrieved from /opt/airflow/dags/bronze_dag_simple.py
[2025-10-22T17:43:17.690+0000] {logging_mixin.py:188} INFO - [2025-10-22T17:43:17.689+0000] {dag.py:3096} INFO - Sync 1 DAGs
[2025-10-22T17:43:17.708+0000] {logging_mixin.py:188} INFO - [2025-10-22T17:43:17.708+0000] {dag.py:3954} INFO - Setting next_dagrun for bronze_dag_simple to 2025-10-21 18:00:00+00:00, run_after=2025-10-22 18:00:00+00:00
[2025-10-22T17:43:17.722+0000] {processor.py:183} INFO - Processing /opt/airflow/dags/bronze_dag_simple.py took 0.079 seconds
[2025-10-22T17:43:47.997+0000] {processor.py:161} INFO - Started process (PID=270) to work on /opt/airflow/dags/bronze_dag_simple.py
[2025-10-22T17:43:47.998+0000] {processor.py:830} INFO - Processing file /opt/airflow/dags/bronze_dag_simple.py for tasks to queue
[2025-10-22T17:43:48.000+0000] {logging_mixin.py:188} INFO - [2025-10-22T17:43:47.999+0000] {dagbag.py:540} INFO - Filling up the DagBag from /opt/airflow/dags/bronze_dag_simple.py
[2025-10-22T17:43:48.016+0000] {processor.py:840} INFO - DAG(s) 'bronze_dag_simple' retrieved from /opt/airflow/dags/bronze_dag_simple.py
[2025-10-22T17:43:48.036+0000] {logging_mixin.py:188} INFO - [2025-10-22T17:43:48.036+0000] {dag.py:3096} INFO - Sync 1 DAGs
[2025-10-22T17:43:48.053+0000] {logging_mixin.py:188} INFO - [2025-10-22T17:43:48.053+0000] {dag.py:3954} INFO - Setting next_dagrun for bronze_dag_simple to 2025-10-21 18:00:00+00:00, run_after=2025-10-22 18:00:00+00:00
[2025-10-22T17:43:48.068+0000] {processor.py:183} INFO - Processing /opt/airflow/dags/bronze_dag_simple.py took 0.075 seconds
[2025-10-22T17:44:18.172+0000] {processor.py:161} INFO - Started process (PID=272) to work on /opt/airflow/dags/bronze_dag_simple.py
[2025-10-22T17:44:18.173+0000] {processor.py:830} INFO - Processing file /opt/airflow/dags/bronze_dag_simple.py for tasks to queue
[2025-10-22T17:44:18.175+0000] {logging_mixin.py:188} INFO - [2025-10-22T17:44:18.175+0000] {dagbag.py:540} INFO - Filling up the DagBag from /opt/airflow/dags/bronze_dag_simple.py
[2025-10-22T17:44:18.193+0000] {processor.py:840} INFO - DAG(s) 'bronze_dag_simple' retrieved from /opt/airflow/dags/bronze_dag_simple.py
[2025-10-22T17:44:18.212+0000] {logging_mixin.py:188} INFO - [2025-10-22T17:44:18.212+0000] {dag.py:3096} INFO - Sync 1 DAGs
[2025-10-22T17:44:18.230+0000] {logging_mixin.py:188} INFO - [2025-10-22T17:44:18.230+0000] {dag.py:3954} INFO - Setting next_dagrun for bronze_dag_simple to 2025-10-21 18:00:00+00:00, run_after=2025-10-22 18:00:00+00:00
[2025-10-22T17:44:18.245+0000] {processor.py:183} INFO - Processing /opt/airflow/dags/bronze_dag_simple.py took 0.078 seconds
[2025-10-22T17:44:48.321+0000] {processor.py:161} INFO - Started process (PID=274) to work on /opt/airflow/dags/bronze_dag_simple.py
[2025-10-22T17:44:48.321+0000] {processor.py:830} INFO - Processing file /opt/airflow/dags/bronze_dag_simple.py for tasks to queue
[2025-10-22T17:44:48.323+0000] {logging_mixin.py:188} INFO - [2025-10-22T17:44:48.323+0000] {dagbag.py:540} INFO - Filling up the DagBag from /opt/airflow/dags/bronze_dag_simple.py
[2025-10-22T17:44:48.342+0000] {processor.py:840} INFO - DAG(s) 'bronze_dag_simple' retrieved from /opt/airflow/dags/bronze_dag_simple.py
[2025-10-22T17:44:48.362+0000] {logging_mixin.py:188} INFO - [2025-10-22T17:44:48.362+0000] {dag.py:3096} INFO - Sync 1 DAGs
[2025-10-22T17:44:48.380+0000] {logging_mixin.py:188} INFO - [2025-10-22T17:44:48.380+0000] {dag.py:3954} INFO - Setting next_dagrun for bronze_dag_simple to 2025-10-21 18:00:00+00:00, run_after=2025-10-22 18:00:00+00:00
[2025-10-22T17:44:48.396+0000] {processor.py:183} INFO - Processing /opt/airflow/dags/bronze_dag_simple.py took 0.080 seconds
[2025-10-22T17:45:19.181+0000] {processor.py:161} INFO - Started process (PID=276) to work on /opt/airflow/dags/bronze_dag_simple.py
[2025-10-22T17:45:19.181+0000] {processor.py:830} INFO - Processing file /opt/airflow/dags/bronze_dag_simple.py for tasks to queue
[2025-10-22T17:45:19.183+0000] {logging_mixin.py:188} INFO - [2025-10-22T17:45:19.182+0000] {dagbag.py:540} INFO - Filling up the DagBag from /opt/airflow/dags/bronze_dag_simple.py
[2025-10-22T17:45:19.199+0000] {processor.py:840} INFO - DAG(s) 'bronze_dag_simple' retrieved from /opt/airflow/dags/bronze_dag_simple.py
[2025-10-22T17:45:19.217+0000] {logging_mixin.py:188} INFO - [2025-10-22T17:45:19.216+0000] {dag.py:3096} INFO - Sync 1 DAGs
[2025-10-22T17:45:19.232+0000] {logging_mixin.py:188} INFO - [2025-10-22T17:45:19.232+0000] {dag.py:3954} INFO - Setting next_dagrun for bronze_dag_simple to 2025-10-21 18:00:00+00:00, run_after=2025-10-22 18:00:00+00:00
[2025-10-22T17:45:19.246+0000] {processor.py:183} INFO - Processing /opt/airflow/dags/bronze_dag_simple.py took 0.070 seconds
[2025-10-22T17:45:50.120+0000] {processor.py:161} INFO - Started process (PID=278) to work on /opt/airflow/dags/bronze_dag_simple.py
[2025-10-22T17:45:50.120+0000] {processor.py:830} INFO - Processing file /opt/airflow/dags/bronze_dag_simple.py for tasks to queue
[2025-10-22T17:45:50.122+0000] {logging_mixin.py:188} INFO - [2025-10-22T17:45:50.122+0000] {dagbag.py:540} INFO - Filling up the DagBag from /opt/airflow/dags/bronze_dag_simple.py
[2025-10-22T17:45:50.140+0000] {processor.py:840} INFO - DAG(s) 'bronze_dag_simple' retrieved from /opt/airflow/dags/bronze_dag_simple.py
[2025-10-22T17:45:50.159+0000] {logging_mixin.py:188} INFO - [2025-10-22T17:45:50.159+0000] {dag.py:3096} INFO - Sync 1 DAGs
[2025-10-22T17:45:50.176+0000] {logging_mixin.py:188} INFO - [2025-10-22T17:45:50.175+0000] {dag.py:3954} INFO - Setting next_dagrun for bronze_dag_simple to 2025-10-21 18:00:00+00:00, run_after=2025-10-22 18:00:00+00:00
[2025-10-22T17:45:50.189+0000] {processor.py:183} INFO - Processing /opt/airflow/dags/bronze_dag_simple.py took 0.074 seconds
[2025-10-22T17:46:20.985+0000] {processor.py:161} INFO - Started process (PID=280) to work on /opt/airflow/dags/bronze_dag_simple.py
[2025-10-22T17:46:20.987+0000] {processor.py:830} INFO - Processing file /opt/airflow/dags/bronze_dag_simple.py for tasks to queue
[2025-10-22T17:46:20.989+0000] {logging_mixin.py:188} INFO - [2025-10-22T17:46:20.988+0000] {dagbag.py:540} INFO - Filling up the DagBag from /opt/airflow/dags/bronze_dag_simple.py
[2025-10-22T17:46:21.007+0000] {processor.py:840} INFO - DAG(s) 'bronze_dag_simple' retrieved from /opt/airflow/dags/bronze_dag_simple.py
[2025-10-22T17:46:21.027+0000] {logging_mixin.py:188} INFO - [2025-10-22T17:46:21.027+0000] {dag.py:3096} INFO - Sync 1 DAGs
[2025-10-22T17:46:21.045+0000] {logging_mixin.py:188} INFO - [2025-10-22T17:46:21.045+0000] {dag.py:3954} INFO - Setting next_dagrun for bronze_dag_simple to 2025-10-21 18:00:00+00:00, run_after=2025-10-22 18:00:00+00:00
[2025-10-22T17:46:21.064+0000] {processor.py:183} INFO - Processing /opt/airflow/dags/bronze_dag_simple.py took 0.084 seconds
[2025-10-22T17:47:02.052+0000] {processor.py:161} INFO - Started process (PID=283) to work on /opt/airflow/dags/bronze_dag_simple.py
[2025-10-22T17:47:02.053+0000] {processor.py:830} INFO - Processing file /opt/airflow/dags/bronze_dag_simple.py for tasks to queue
[2025-10-22T17:47:02.055+0000] {logging_mixin.py:188} INFO - [2025-10-22T17:47:02.055+0000] {dagbag.py:540} INFO - Filling up the DagBag from /opt/airflow/dags/bronze_dag_simple.py
[2025-10-22T17:47:02.073+0000] {processor.py:840} INFO - DAG(s) 'bronze_dag_simple' retrieved from /opt/airflow/dags/bronze_dag_simple.py
[2025-10-22T17:47:02.094+0000] {logging_mixin.py:188} INFO - [2025-10-22T17:47:02.094+0000] {dag.py:3096} INFO - Sync 1 DAGs
[2025-10-22T17:47:02.113+0000] {logging_mixin.py:188} INFO - [2025-10-22T17:47:02.113+0000] {dag.py:3954} INFO - Setting next_dagrun for bronze_dag_simple to 2025-10-21 18:00:00+00:00, run_after=2025-10-22 18:00:00+00:00
[2025-10-22T17:47:02.129+0000] {processor.py:183} INFO - Processing /opt/airflow/dags/bronze_dag_simple.py took 0.082 seconds
[2025-10-22T17:47:32.284+0000] {processor.py:161} INFO - Started process (PID=284) to work on /opt/airflow/dags/bronze_dag_simple.py
[2025-10-22T17:47:32.285+0000] {processor.py:830} INFO - Processing file /opt/airflow/dags/bronze_dag_simple.py for tasks to queue
[2025-10-22T17:47:32.287+0000] {logging_mixin.py:188} INFO - [2025-10-22T17:47:32.287+0000] {dagbag.py:540} INFO - Filling up the DagBag from /opt/airflow/dags/bronze_dag_simple.py
[2025-10-22T17:47:32.305+0000] {processor.py:840} INFO - DAG(s) 'bronze_dag_simple' retrieved from /opt/airflow/dags/bronze_dag_simple.py
[2025-10-22T17:47:32.325+0000] {logging_mixin.py:188} INFO - [2025-10-22T17:47:32.324+0000] {dag.py:3096} INFO - Sync 1 DAGs
[2025-10-22T17:47:32.345+0000] {logging_mixin.py:188} INFO - [2025-10-22T17:47:32.344+0000] {dag.py:3954} INFO - Setting next_dagrun for bronze_dag_simple to 2025-10-21 18:00:00+00:00, run_after=2025-10-22 18:00:00+00:00
[2025-10-22T17:47:32.360+0000] {processor.py:183} INFO - Processing /opt/airflow/dags/bronze_dag_simple.py took 0.080 seconds
[2025-10-22T17:48:02.726+0000] {processor.py:161} INFO - Started process (PID=287) to work on /opt/airflow/dags/bronze_dag_simple.py
[2025-10-22T17:48:02.727+0000] {processor.py:830} INFO - Processing file /opt/airflow/dags/bronze_dag_simple.py for tasks to queue
[2025-10-22T17:48:02.729+0000] {logging_mixin.py:188} INFO - [2025-10-22T17:48:02.729+0000] {dagbag.py:540} INFO - Filling up the DagBag from /opt/airflow/dags/bronze_dag_simple.py
[2025-10-22T17:48:02.748+0000] {processor.py:840} INFO - DAG(s) 'bronze_dag_simple' retrieved from /opt/airflow/dags/bronze_dag_simple.py
[2025-10-22T17:48:02.770+0000] {logging_mixin.py:188} INFO - [2025-10-22T17:48:02.770+0000] {dag.py:3096} INFO - Sync 1 DAGs
[2025-10-22T17:48:02.788+0000] {logging_mixin.py:188} INFO - [2025-10-22T17:48:02.787+0000] {dag.py:3954} INFO - Setting next_dagrun for bronze_dag_simple to 2025-10-21 18:00:00+00:00, run_after=2025-10-22 18:00:00+00:00
[2025-10-22T17:48:02.803+0000] {processor.py:183} INFO - Processing /opt/airflow/dags/bronze_dag_simple.py took 0.082 seconds
[2025-10-22T17:48:33.129+0000] {processor.py:161} INFO - Started process (PID=289) to work on /opt/airflow/dags/bronze_dag_simple.py
[2025-10-22T17:48:33.130+0000] {processor.py:830} INFO - Processing file /opt/airflow/dags/bronze_dag_simple.py for tasks to queue
[2025-10-22T17:48:33.132+0000] {logging_mixin.py:188} INFO - [2025-10-22T17:48:33.132+0000] {dagbag.py:540} INFO - Filling up the DagBag from /opt/airflow/dags/bronze_dag_simple.py
[2025-10-22T17:48:33.152+0000] {processor.py:840} INFO - DAG(s) 'bronze_dag_simple' retrieved from /opt/airflow/dags/bronze_dag_simple.py
[2025-10-22T17:48:33.173+0000] {logging_mixin.py:188} INFO - [2025-10-22T17:48:33.172+0000] {dag.py:3096} INFO - Sync 1 DAGs
[2025-10-22T17:48:33.191+0000] {logging_mixin.py:188} INFO - [2025-10-22T17:48:33.191+0000] {dag.py:3954} INFO - Setting next_dagrun for bronze_dag_simple to 2025-10-21 18:00:00+00:00, run_after=2025-10-22 18:00:00+00:00
[2025-10-22T17:48:33.207+0000] {processor.py:183} INFO - Processing /opt/airflow/dags/bronze_dag_simple.py took 0.084 seconds
[2025-10-22T17:49:03.369+0000] {processor.py:161} INFO - Started process (PID=290) to work on /opt/airflow/dags/bronze_dag_simple.py
[2025-10-22T17:49:03.369+0000] {processor.py:830} INFO - Processing file /opt/airflow/dags/bronze_dag_simple.py for tasks to queue
[2025-10-22T17:49:03.371+0000] {logging_mixin.py:188} INFO - [2025-10-22T17:49:03.371+0000] {dagbag.py:540} INFO - Filling up the DagBag from /opt/airflow/dags/bronze_dag_simple.py
[2025-10-22T17:49:03.388+0000] {processor.py:840} INFO - DAG(s) 'bronze_dag_simple' retrieved from /opt/airflow/dags/bronze_dag_simple.py
[2025-10-22T17:49:03.408+0000] {logging_mixin.py:188} INFO - [2025-10-22T17:49:03.408+0000] {dag.py:3096} INFO - Sync 1 DAGs
[2025-10-22T17:49:03.427+0000] {logging_mixin.py:188} INFO - [2025-10-22T17:49:03.426+0000] {dag.py:3954} INFO - Setting next_dagrun for bronze_dag_simple to 2025-10-21 18:00:00+00:00, run_after=2025-10-22 18:00:00+00:00
[2025-10-22T17:49:03.442+0000] {processor.py:183} INFO - Processing /opt/airflow/dags/bronze_dag_simple.py took 0.078 seconds
[2025-10-22T17:49:41.433+0000] {processor.py:161} INFO - Started process (PID=293) to work on /opt/airflow/dags/bronze_dag_simple.py
[2025-10-22T17:49:41.434+0000] {processor.py:830} INFO - Processing file /opt/airflow/dags/bronze_dag_simple.py for tasks to queue
[2025-10-22T17:49:41.436+0000] {logging_mixin.py:188} INFO - [2025-10-22T17:49:41.436+0000] {dagbag.py:540} INFO - Filling up the DagBag from /opt/airflow/dags/bronze_dag_simple.py
[2025-10-22T17:49:41.456+0000] {processor.py:840} INFO - DAG(s) 'bronze_dag_simple' retrieved from /opt/airflow/dags/bronze_dag_simple.py
[2025-10-22T17:49:41.476+0000] {logging_mixin.py:188} INFO - [2025-10-22T17:49:41.476+0000] {dag.py:3096} INFO - Sync 1 DAGs
[2025-10-22T17:49:41.494+0000] {logging_mixin.py:188} INFO - [2025-10-22T17:49:41.494+0000] {dag.py:3954} INFO - Setting next_dagrun for bronze_dag_simple to 2025-10-21 18:00:00+00:00, run_after=2025-10-22 18:00:00+00:00
[2025-10-22T17:49:41.509+0000] {processor.py:183} INFO - Processing /opt/airflow/dags/bronze_dag_simple.py took 0.082 seconds
[2025-10-22T17:50:11.678+0000] {processor.py:161} INFO - Started process (PID=294) to work on /opt/airflow/dags/bronze_dag_simple.py
[2025-10-22T17:50:11.679+0000] {processor.py:830} INFO - Processing file /opt/airflow/dags/bronze_dag_simple.py for tasks to queue
[2025-10-22T17:50:11.680+0000] {logging_mixin.py:188} INFO - [2025-10-22T17:50:11.680+0000] {dagbag.py:540} INFO - Filling up the DagBag from /opt/airflow/dags/bronze_dag_simple.py
[2025-10-22T17:50:11.698+0000] {processor.py:840} INFO - DAG(s) 'bronze_dag_simple' retrieved from /opt/airflow/dags/bronze_dag_simple.py
[2025-10-22T17:50:11.718+0000] {logging_mixin.py:188} INFO - [2025-10-22T17:50:11.717+0000] {dag.py:3096} INFO - Sync 1 DAGs
[2025-10-22T17:50:11.736+0000] {logging_mixin.py:188} INFO - [2025-10-22T17:50:11.735+0000] {dag.py:3954} INFO - Setting next_dagrun for bronze_dag_simple to 2025-10-21 18:00:00+00:00, run_after=2025-10-22 18:00:00+00:00
[2025-10-22T17:50:11.750+0000] {processor.py:183} INFO - Processing /opt/airflow/dags/bronze_dag_simple.py took 0.077 seconds
[2025-10-22T17:51:00.687+0000] {processor.py:161} INFO - Started process (PID=297) to work on /opt/airflow/dags/bronze_dag_simple.py
[2025-10-22T17:51:00.688+0000] {processor.py:830} INFO - Processing file /opt/airflow/dags/bronze_dag_simple.py for tasks to queue
[2025-10-22T17:51:00.690+0000] {logging_mixin.py:188} INFO - [2025-10-22T17:51:00.690+0000] {dagbag.py:540} INFO - Filling up the DagBag from /opt/airflow/dags/bronze_dag_simple.py
[2025-10-22T17:51:00.709+0000] {processor.py:840} INFO - DAG(s) 'bronze_dag_simple' retrieved from /opt/airflow/dags/bronze_dag_simple.py
[2025-10-22T17:51:00.730+0000] {logging_mixin.py:188} INFO - [2025-10-22T17:51:00.730+0000] {dag.py:3096} INFO - Sync 1 DAGs
[2025-10-22T17:51:00.748+0000] {logging_mixin.py:188} INFO - [2025-10-22T17:51:00.748+0000] {dag.py:3954} INFO - Setting next_dagrun for bronze_dag_simple to 2025-10-21 18:00:00+00:00, run_after=2025-10-22 18:00:00+00:00
[2025-10-22T17:51:00.763+0000] {processor.py:183} INFO - Processing /opt/airflow/dags/bronze_dag_simple.py took 0.082 seconds
[2025-10-22T17:51:30.930+0000] {processor.py:161} INFO - Started process (PID=298) to work on /opt/airflow/dags/bronze_dag_simple.py
[2025-10-22T17:51:30.930+0000] {processor.py:830} INFO - Processing file /opt/airflow/dags/bronze_dag_simple.py for tasks to queue
[2025-10-22T17:51:30.932+0000] {logging_mixin.py:188} INFO - [2025-10-22T17:51:30.932+0000] {dagbag.py:540} INFO - Filling up the DagBag from /opt/airflow/dags/bronze_dag_simple.py
[2025-10-22T17:51:30.948+0000] {processor.py:840} INFO - DAG(s) 'bronze_dag_simple' retrieved from /opt/airflow/dags/bronze_dag_simple.py
[2025-10-22T17:51:30.967+0000] {logging_mixin.py:188} INFO - [2025-10-22T17:51:30.967+0000] {dag.py:3096} INFO - Sync 1 DAGs
[2025-10-22T17:51:30.984+0000] {logging_mixin.py:188} INFO - [2025-10-22T17:51:30.984+0000] {dag.py:3954} INFO - Setting next_dagrun for bronze_dag_simple to 2025-10-21 18:00:00+00:00, run_after=2025-10-22 18:00:00+00:00
[2025-10-22T17:51:30.999+0000] {processor.py:183} INFO - Processing /opt/airflow/dags/bronze_dag_simple.py took 0.074 seconds
[2025-10-22T17:52:01.455+0000] {processor.py:161} INFO - Started process (PID=301) to work on /opt/airflow/dags/bronze_dag_simple.py
[2025-10-22T17:52:01.456+0000] {processor.py:830} INFO - Processing file /opt/airflow/dags/bronze_dag_simple.py for tasks to queue
[2025-10-22T17:52:01.458+0000] {logging_mixin.py:188} INFO - [2025-10-22T17:52:01.458+0000] {dagbag.py:540} INFO - Filling up the DagBag from /opt/airflow/dags/bronze_dag_simple.py
[2025-10-22T17:52:01.476+0000] {processor.py:840} INFO - DAG(s) 'bronze_dag_simple' retrieved from /opt/airflow/dags/bronze_dag_simple.py
[2025-10-22T17:52:01.497+0000] {logging_mixin.py:188} INFO - [2025-10-22T17:52:01.497+0000] {dag.py:3096} INFO - Sync 1 DAGs
[2025-10-22T17:52:01.514+0000] {logging_mixin.py:188} INFO - [2025-10-22T17:52:01.514+0000] {dag.py:3954} INFO - Setting next_dagrun for bronze_dag_simple to 2025-10-21 18:00:00+00:00, run_after=2025-10-22 18:00:00+00:00
[2025-10-22T17:52:01.529+0000] {processor.py:183} INFO - Processing /opt/airflow/dags/bronze_dag_simple.py took 0.079 seconds
[2025-10-22T17:52:31.698+0000] {processor.py:161} INFO - Started process (PID=302) to work on /opt/airflow/dags/bronze_dag_simple.py
[2025-10-22T17:52:31.699+0000] {processor.py:830} INFO - Processing file /opt/airflow/dags/bronze_dag_simple.py for tasks to queue
[2025-10-22T17:52:31.700+0000] {logging_mixin.py:188} INFO - [2025-10-22T17:52:31.700+0000] {dagbag.py:540} INFO - Filling up the DagBag from /opt/airflow/dags/bronze_dag_simple.py
[2025-10-22T17:52:31.719+0000] {processor.py:840} INFO - DAG(s) 'bronze_dag_simple' retrieved from /opt/airflow/dags/bronze_dag_simple.py
[2025-10-22T17:52:31.740+0000] {logging_mixin.py:188} INFO - [2025-10-22T17:52:31.740+0000] {dag.py:3096} INFO - Sync 1 DAGs
[2025-10-22T17:52:31.758+0000] {logging_mixin.py:188} INFO - [2025-10-22T17:52:31.758+0000] {dag.py:3954} INFO - Setting next_dagrun for bronze_dag_simple to 2025-10-21 18:00:00+00:00, run_after=2025-10-22 18:00:00+00:00
[2025-10-22T17:52:31.773+0000] {processor.py:183} INFO - Processing /opt/airflow/dags/bronze_dag_simple.py took 0.080 seconds
[2025-10-22T17:53:14.068+0000] {processor.py:161} INFO - Started process (PID=305) to work on /opt/airflow/dags/bronze_dag_simple.py
[2025-10-22T17:53:14.069+0000] {processor.py:830} INFO - Processing file /opt/airflow/dags/bronze_dag_simple.py for tasks to queue
[2025-10-22T17:53:14.071+0000] {logging_mixin.py:188} INFO - [2025-10-22T17:53:14.070+0000] {dagbag.py:540} INFO - Filling up the DagBag from /opt/airflow/dags/bronze_dag_simple.py
[2025-10-22T17:53:14.089+0000] {processor.py:840} INFO - DAG(s) 'bronze_dag_simple' retrieved from /opt/airflow/dags/bronze_dag_simple.py
[2025-10-22T17:53:14.109+0000] {logging_mixin.py:188} INFO - [2025-10-22T17:53:14.109+0000] {dag.py:3096} INFO - Sync 1 DAGs
[2025-10-22T17:53:14.127+0000] {logging_mixin.py:188} INFO - [2025-10-22T17:53:14.127+0000] {dag.py:3954} INFO - Setting next_dagrun for bronze_dag_simple to 2025-10-21 18:00:00+00:00, run_after=2025-10-22 18:00:00+00:00
[2025-10-22T17:53:14.142+0000] {processor.py:183} INFO - Processing /opt/airflow/dags/bronze_dag_simple.py took 0.080 seconds
[2025-10-22T17:53:52.211+0000] {processor.py:161} INFO - Started process (PID=307) to work on /opt/airflow/dags/bronze_dag_simple.py
[2025-10-22T17:53:52.212+0000] {processor.py:830} INFO - Processing file /opt/airflow/dags/bronze_dag_simple.py for tasks to queue
[2025-10-22T17:53:52.214+0000] {logging_mixin.py:188} INFO - [2025-10-22T17:53:52.214+0000] {dagbag.py:540} INFO - Filling up the DagBag from /opt/airflow/dags/bronze_dag_simple.py
[2025-10-22T17:53:52.232+0000] {processor.py:840} INFO - DAG(s) 'bronze_dag_simple' retrieved from /opt/airflow/dags/bronze_dag_simple.py
[2025-10-22T17:53:52.252+0000] {logging_mixin.py:188} INFO - [2025-10-22T17:53:52.252+0000] {dag.py:3096} INFO - Sync 1 DAGs
[2025-10-22T17:53:52.271+0000] {logging_mixin.py:188} INFO - [2025-10-22T17:53:52.271+0000] {dag.py:3954} INFO - Setting next_dagrun for bronze_dag_simple to 2025-10-21 18:00:00+00:00, run_after=2025-10-22 18:00:00+00:00
[2025-10-22T17:53:52.287+0000] {processor.py:183} INFO - Processing /opt/airflow/dags/bronze_dag_simple.py took 0.082 seconds
[2025-10-22T17:54:52.529+0000] {processor.py:161} INFO - Started process (PID=309) to work on /opt/airflow/dags/bronze_dag_simple.py
[2025-10-22T17:54:52.530+0000] {processor.py:830} INFO - Processing file /opt/airflow/dags/bronze_dag_simple.py for tasks to queue
[2025-10-22T17:54:52.531+0000] {logging_mixin.py:188} INFO - [2025-10-22T17:54:52.531+0000] {dagbag.py:540} INFO - Filling up the DagBag from /opt/airflow/dags/bronze_dag_simple.py
[2025-10-22T17:54:52.549+0000] {processor.py:840} INFO - DAG(s) 'bronze_dag_simple' retrieved from /opt/airflow/dags/bronze_dag_simple.py
[2025-10-22T17:54:52.569+0000] {logging_mixin.py:188} INFO - [2025-10-22T17:54:52.569+0000] {dag.py:3096} INFO - Sync 1 DAGs
[2025-10-22T17:54:52.587+0000] {logging_mixin.py:188} INFO - [2025-10-22T17:54:52.587+0000] {dag.py:3954} INFO - Setting next_dagrun for bronze_dag_simple to 2025-10-21 18:00:00+00:00, run_after=2025-10-22 18:00:00+00:00
[2025-10-22T17:54:52.602+0000] {processor.py:183} INFO - Processing /opt/airflow/dags/bronze_dag_simple.py took 0.080 seconds
[2025-10-22T17:55:23.348+0000] {processor.py:161} INFO - Started process (PID=311) to work on /opt/airflow/dags/bronze_dag_simple.py
[2025-10-22T17:55:23.349+0000] {processor.py:830} INFO - Processing file /opt/airflow/dags/bronze_dag_simple.py for tasks to queue
[2025-10-22T17:55:23.351+0000] {logging_mixin.py:188} INFO - [2025-10-22T17:55:23.350+0000] {dagbag.py:540} INFO - Filling up the DagBag from /opt/airflow/dags/bronze_dag_simple.py
[2025-10-22T17:55:23.370+0000] {processor.py:840} INFO - DAG(s) 'bronze_dag_simple' retrieved from /opt/airflow/dags/bronze_dag_simple.py
[2025-10-22T17:55:23.391+0000] {logging_mixin.py:188} INFO - [2025-10-22T17:55:23.391+0000] {dag.py:3096} INFO - Sync 1 DAGs
[2025-10-22T17:55:23.412+0000] {logging_mixin.py:188} INFO - [2025-10-22T17:55:23.412+0000] {dag.py:3954} INFO - Setting next_dagrun for bronze_dag_simple to 2025-10-21 18:00:00+00:00, run_after=2025-10-22 18:00:00+00:00
[2025-10-22T17:55:23.428+0000] {processor.py:183} INFO - Processing /opt/airflow/dags/bronze_dag_simple.py took 0.085 seconds
[2025-10-22T17:55:53.780+0000] {processor.py:161} INFO - Started process (PID=313) to work on /opt/airflow/dags/bronze_dag_simple.py
[2025-10-22T17:55:53.781+0000] {processor.py:830} INFO - Processing file /opt/airflow/dags/bronze_dag_simple.py for tasks to queue
[2025-10-22T17:55:53.783+0000] {logging_mixin.py:188} INFO - [2025-10-22T17:55:53.783+0000] {dagbag.py:540} INFO - Filling up the DagBag from /opt/airflow/dags/bronze_dag_simple.py
[2025-10-22T17:55:53.802+0000] {processor.py:840} INFO - DAG(s) 'bronze_dag_simple' retrieved from /opt/airflow/dags/bronze_dag_simple.py
[2025-10-22T17:55:53.823+0000] {logging_mixin.py:188} INFO - [2025-10-22T17:55:53.823+0000] {dag.py:3096} INFO - Sync 1 DAGs
[2025-10-22T17:55:53.841+0000] {logging_mixin.py:188} INFO - [2025-10-22T17:55:53.840+0000] {dag.py:3954} INFO - Setting next_dagrun for bronze_dag_simple to 2025-10-21 18:00:00+00:00, run_after=2025-10-22 18:00:00+00:00
[2025-10-22T17:55:53.856+0000] {processor.py:183} INFO - Processing /opt/airflow/dags/bronze_dag_simple.py took 0.082 seconds
[2025-10-22T17:56:39.861+0000] {processor.py:161} INFO - Started process (PID=315) to work on /opt/airflow/dags/bronze_dag_simple.py
[2025-10-22T17:56:39.862+0000] {processor.py:830} INFO - Processing file /opt/airflow/dags/bronze_dag_simple.py for tasks to queue
[2025-10-22T17:56:39.864+0000] {logging_mixin.py:188} INFO - [2025-10-22T17:56:39.863+0000] {dagbag.py:540} INFO - Filling up the DagBag from /opt/airflow/dags/bronze_dag_simple.py
[2025-10-22T17:56:39.881+0000] {processor.py:840} INFO - DAG(s) 'bronze_dag_simple' retrieved from /opt/airflow/dags/bronze_dag_simple.py
[2025-10-22T17:56:39.901+0000] {logging_mixin.py:188} INFO - [2025-10-22T17:56:39.901+0000] {dag.py:3096} INFO - Sync 1 DAGs
[2025-10-22T17:56:39.918+0000] {logging_mixin.py:188} INFO - [2025-10-22T17:56:39.918+0000] {dag.py:3954} INFO - Setting next_dagrun for bronze_dag_simple to 2025-10-21 18:00:00+00:00, run_after=2025-10-22 18:00:00+00:00
[2025-10-22T17:56:39.934+0000] {processor.py:183} INFO - Processing /opt/airflow/dags/bronze_dag_simple.py took 0.079 seconds
[2025-10-22T17:57:10.222+0000] {processor.py:161} INFO - Started process (PID=317) to work on /opt/airflow/dags/bronze_dag_simple.py
[2025-10-22T17:57:10.223+0000] {processor.py:830} INFO - Processing file /opt/airflow/dags/bronze_dag_simple.py for tasks to queue
[2025-10-22T17:57:10.225+0000] {logging_mixin.py:188} INFO - [2025-10-22T17:57:10.225+0000] {dagbag.py:540} INFO - Filling up the DagBag from /opt/airflow/dags/bronze_dag_simple.py
[2025-10-22T17:57:10.243+0000] {processor.py:840} INFO - DAG(s) 'bronze_dag_simple' retrieved from /opt/airflow/dags/bronze_dag_simple.py
[2025-10-22T17:57:10.263+0000] {logging_mixin.py:188} INFO - [2025-10-22T17:57:10.263+0000] {dag.py:3096} INFO - Sync 1 DAGs
[2025-10-22T17:57:10.282+0000] {logging_mixin.py:188} INFO - [2025-10-22T17:57:10.282+0000] {dag.py:3954} INFO - Setting next_dagrun for bronze_dag_simple to 2025-10-21 18:00:00+00:00, run_after=2025-10-22 18:00:00+00:00
[2025-10-22T17:57:10.299+0000] {processor.py:183} INFO - Processing /opt/airflow/dags/bronze_dag_simple.py took 0.082 seconds
[2025-10-22T17:57:40.684+0000] {processor.py:161} INFO - Started process (PID=319) to work on /opt/airflow/dags/bronze_dag_simple.py
[2025-10-22T17:57:40.685+0000] {processor.py:830} INFO - Processing file /opt/airflow/dags/bronze_dag_simple.py for tasks to queue
[2025-10-22T17:57:40.686+0000] {logging_mixin.py:188} INFO - [2025-10-22T17:57:40.686+0000] {dagbag.py:540} INFO - Filling up the DagBag from /opt/airflow/dags/bronze_dag_simple.py
[2025-10-22T17:57:40.703+0000] {processor.py:840} INFO - DAG(s) 'bronze_dag_simple' retrieved from /opt/airflow/dags/bronze_dag_simple.py
[2025-10-22T17:57:40.721+0000] {logging_mixin.py:188} INFO - [2025-10-22T17:57:40.721+0000] {dag.py:3096} INFO - Sync 1 DAGs
[2025-10-22T17:57:40.739+0000] {logging_mixin.py:188} INFO - [2025-10-22T17:57:40.739+0000] {dag.py:3954} INFO - Setting next_dagrun for bronze_dag_simple to 2025-10-21 18:00:00+00:00, run_after=2025-10-22 18:00:00+00:00
[2025-10-22T17:57:40.753+0000] {processor.py:183} INFO - Processing /opt/airflow/dags/bronze_dag_simple.py took 0.073 seconds
[2025-10-22T17:58:11.640+0000] {processor.py:161} INFO - Started process (PID=321) to work on /opt/airflow/dags/bronze_dag_simple.py
[2025-10-22T17:58:11.641+0000] {processor.py:830} INFO - Processing file /opt/airflow/dags/bronze_dag_simple.py for tasks to queue
[2025-10-22T17:58:11.643+0000] {logging_mixin.py:188} INFO - [2025-10-22T17:58:11.642+0000] {dagbag.py:540} INFO - Filling up the DagBag from /opt/airflow/dags/bronze_dag_simple.py
[2025-10-22T17:58:11.660+0000] {processor.py:840} INFO - DAG(s) 'bronze_dag_simple' retrieved from /opt/airflow/dags/bronze_dag_simple.py
[2025-10-22T17:58:11.679+0000] {logging_mixin.py:188} INFO - [2025-10-22T17:58:11.679+0000] {dag.py:3096} INFO - Sync 1 DAGs
[2025-10-22T17:58:11.696+0000] {logging_mixin.py:188} INFO - [2025-10-22T17:58:11.696+0000] {dag.py:3954} INFO - Setting next_dagrun for bronze_dag_simple to 2025-10-21 18:00:00+00:00, run_after=2025-10-22 18:00:00+00:00
[2025-10-22T17:58:11.710+0000] {processor.py:183} INFO - Processing /opt/airflow/dags/bronze_dag_simple.py took 0.075 seconds
[2025-10-22T17:58:42.597+0000] {processor.py:161} INFO - Started process (PID=323) to work on /opt/airflow/dags/bronze_dag_simple.py
[2025-10-22T17:58:42.598+0000] {processor.py:830} INFO - Processing file /opt/airflow/dags/bronze_dag_simple.py for tasks to queue
[2025-10-22T17:58:42.600+0000] {logging_mixin.py:188} INFO - [2025-10-22T17:58:42.599+0000] {dagbag.py:540} INFO - Filling up the DagBag from /opt/airflow/dags/bronze_dag_simple.py
[2025-10-22T17:58:42.616+0000] {processor.py:840} INFO - DAG(s) 'bronze_dag_simple' retrieved from /opt/airflow/dags/bronze_dag_simple.py
[2025-10-22T17:58:42.634+0000] {logging_mixin.py:188} INFO - [2025-10-22T17:58:42.634+0000] {dag.py:3096} INFO - Sync 1 DAGs
[2025-10-22T17:58:42.652+0000] {logging_mixin.py:188} INFO - [2025-10-22T17:58:42.652+0000] {dag.py:3954} INFO - Setting next_dagrun for bronze_dag_simple to 2025-10-21 18:00:00+00:00, run_after=2025-10-22 18:00:00+00:00
[2025-10-22T17:58:42.666+0000] {processor.py:183} INFO - Processing /opt/airflow/dags/bronze_dag_simple.py took 0.075 seconds
[2025-10-22T17:59:13.555+0000] {processor.py:161} INFO - Started process (PID=325) to work on /opt/airflow/dags/bronze_dag_simple.py
[2025-10-22T17:59:13.556+0000] {processor.py:830} INFO - Processing file /opt/airflow/dags/bronze_dag_simple.py for tasks to queue
[2025-10-22T17:59:13.558+0000] {logging_mixin.py:188} INFO - [2025-10-22T17:59:13.558+0000] {dagbag.py:540} INFO - Filling up the DagBag from /opt/airflow/dags/bronze_dag_simple.py
[2025-10-22T17:59:13.576+0000] {processor.py:840} INFO - DAG(s) 'bronze_dag_simple' retrieved from /opt/airflow/dags/bronze_dag_simple.py
[2025-10-22T17:59:13.596+0000] {logging_mixin.py:188} INFO - [2025-10-22T17:59:13.596+0000] {dag.py:3096} INFO - Sync 1 DAGs
[2025-10-22T17:59:13.615+0000] {logging_mixin.py:188} INFO - [2025-10-22T17:59:13.614+0000] {dag.py:3954} INFO - Setting next_dagrun for bronze_dag_simple to 2025-10-21 18:00:00+00:00, run_after=2025-10-22 18:00:00+00:00
[2025-10-22T17:59:13.629+0000] {processor.py:183} INFO - Processing /opt/airflow/dags/bronze_dag_simple.py took 0.080 seconds
[2025-10-22T17:59:44.286+0000] {processor.py:161} INFO - Started process (PID=327) to work on /opt/airflow/dags/bronze_dag_simple.py
[2025-10-22T17:59:44.287+0000] {processor.py:830} INFO - Processing file /opt/airflow/dags/bronze_dag_simple.py for tasks to queue
[2025-10-22T17:59:44.289+0000] {logging_mixin.py:188} INFO - [2025-10-22T17:59:44.289+0000] {dagbag.py:540} INFO - Filling up the DagBag from /opt/airflow/dags/bronze_dag_simple.py
[2025-10-22T17:59:44.308+0000] {processor.py:840} INFO - DAG(s) 'bronze_dag_simple' retrieved from /opt/airflow/dags/bronze_dag_simple.py
[2025-10-22T17:59:44.328+0000] {logging_mixin.py:188} INFO - [2025-10-22T17:59:44.328+0000] {dag.py:3096} INFO - Sync 1 DAGs
[2025-10-22T17:59:44.346+0000] {logging_mixin.py:188} INFO - [2025-10-22T17:59:44.346+0000] {dag.py:3954} INFO - Setting next_dagrun for bronze_dag_simple to 2025-10-21 18:00:00+00:00, run_after=2025-10-22 18:00:00+00:00
[2025-10-22T17:59:44.361+0000] {processor.py:183} INFO - Processing /opt/airflow/dags/bronze_dag_simple.py took 0.080 seconds
[2025-10-22T18:00:14.617+0000] {processor.py:161} INFO - Started process (PID=333) to work on /opt/airflow/dags/bronze_dag_simple.py
[2025-10-22T18:00:14.618+0000] {processor.py:830} INFO - Processing file /opt/airflow/dags/bronze_dag_simple.py for tasks to queue
[2025-10-22T18:00:14.620+0000] {logging_mixin.py:188} INFO - [2025-10-22T18:00:14.620+0000] {dagbag.py:540} INFO - Filling up the DagBag from /opt/airflow/dags/bronze_dag_simple.py
[2025-10-22T18:00:14.643+0000] {processor.py:840} INFO - DAG(s) 'bronze_dag_simple' retrieved from /opt/airflow/dags/bronze_dag_simple.py
[2025-10-22T18:00:14.666+0000] {logging_mixin.py:188} INFO - [2025-10-22T18:00:14.666+0000] {dag.py:3096} INFO - Sync 1 DAGs
[2025-10-22T18:00:14.700+0000] {processor.py:183} INFO - Processing /opt/airflow/dags/bronze_dag_simple.py took 0.090 seconds
[2025-10-22T18:00:44.920+0000] {processor.py:161} INFO - Started process (PID=335) to work on /opt/airflow/dags/bronze_dag_simple.py
[2025-10-22T18:00:44.921+0000] {processor.py:830} INFO - Processing file /opt/airflow/dags/bronze_dag_simple.py for tasks to queue
[2025-10-22T18:00:44.922+0000] {logging_mixin.py:188} INFO - [2025-10-22T18:00:44.922+0000] {dagbag.py:540} INFO - Filling up the DagBag from /opt/airflow/dags/bronze_dag_simple.py
[2025-10-22T18:00:44.939+0000] {processor.py:840} INFO - DAG(s) 'bronze_dag_simple' retrieved from /opt/airflow/dags/bronze_dag_simple.py
[2025-10-22T18:00:44.956+0000] {logging_mixin.py:188} INFO - [2025-10-22T18:00:44.956+0000] {dag.py:3096} INFO - Sync 1 DAGs
[2025-10-22T18:00:44.971+0000] {logging_mixin.py:188} INFO - [2025-10-22T18:00:44.971+0000] {dag.py:3954} INFO - Setting next_dagrun for bronze_dag_simple to 2025-10-22 18:00:00+00:00, run_after=2025-10-23 18:00:00+00:00
[2025-10-22T18:00:44.985+0000] {processor.py:183} INFO - Processing /opt/airflow/dags/bronze_dag_simple.py took 0.069 seconds
[2025-10-22T18:01:27.008+0000] {processor.py:161} INFO - Started process (PID=337) to work on /opt/airflow/dags/bronze_dag_simple.py
[2025-10-22T18:01:27.008+0000] {processor.py:830} INFO - Processing file /opt/airflow/dags/bronze_dag_simple.py for tasks to queue
[2025-10-22T18:01:27.010+0000] {logging_mixin.py:188} INFO - [2025-10-22T18:01:27.010+0000] {dagbag.py:540} INFO - Filling up the DagBag from /opt/airflow/dags/bronze_dag_simple.py
[2025-10-22T18:01:27.026+0000] {processor.py:840} INFO - DAG(s) 'bronze_dag_simple' retrieved from /opt/airflow/dags/bronze_dag_simple.py
[2025-10-22T18:01:27.043+0000] {logging_mixin.py:188} INFO - [2025-10-22T18:01:27.043+0000] {dag.py:3096} INFO - Sync 1 DAGs
[2025-10-22T18:01:27.058+0000] {logging_mixin.py:188} INFO - [2025-10-22T18:01:27.058+0000] {dag.py:3954} INFO - Setting next_dagrun for bronze_dag_simple to 2025-10-22 18:00:00+00:00, run_after=2025-10-23 18:00:00+00:00
[2025-10-22T18:01:27.071+0000] {processor.py:183} INFO - Processing /opt/airflow/dags/bronze_dag_simple.py took 0.068 seconds
[2025-10-22T18:01:57.226+0000] {processor.py:161} INFO - Started process (PID=338) to work on /opt/airflow/dags/bronze_dag_simple.py
[2025-10-22T18:01:57.227+0000] {processor.py:830} INFO - Processing file /opt/airflow/dags/bronze_dag_simple.py for tasks to queue
[2025-10-22T18:01:57.228+0000] {logging_mixin.py:188} INFO - [2025-10-22T18:01:57.228+0000] {dagbag.py:540} INFO - Filling up the DagBag from /opt/airflow/dags/bronze_dag_simple.py
[2025-10-22T18:01:57.243+0000] {processor.py:840} INFO - DAG(s) 'bronze_dag_simple' retrieved from /opt/airflow/dags/bronze_dag_simple.py
[2025-10-22T18:01:57.258+0000] {logging_mixin.py:188} INFO - [2025-10-22T18:01:57.258+0000] {dag.py:3096} INFO - Sync 1 DAGs
[2025-10-22T18:01:57.274+0000] {logging_mixin.py:188} INFO - [2025-10-22T18:01:57.274+0000] {dag.py:3954} INFO - Setting next_dagrun for bronze_dag_simple to 2025-10-22 18:00:00+00:00, run_after=2025-10-23 18:00:00+00:00
[2025-10-22T18:01:57.287+0000] {processor.py:183} INFO - Processing /opt/airflow/dags/bronze_dag_simple.py took 0.066 seconds
[2025-10-22T18:02:27.403+0000] {processor.py:161} INFO - Started process (PID=340) to work on /opt/airflow/dags/bronze_dag_simple.py
[2025-10-22T18:02:27.404+0000] {processor.py:830} INFO - Processing file /opt/airflow/dags/bronze_dag_simple.py for tasks to queue
[2025-10-22T18:02:27.405+0000] {logging_mixin.py:188} INFO - [2025-10-22T18:02:27.405+0000] {dagbag.py:540} INFO - Filling up the DagBag from /opt/airflow/dags/bronze_dag_simple.py
[2025-10-22T18:02:27.426+0000] {processor.py:840} INFO - DAG(s) 'bronze_dag_simple' retrieved from /opt/airflow/dags/bronze_dag_simple.py
[2025-10-22T18:02:27.443+0000] {logging_mixin.py:188} INFO - [2025-10-22T18:02:27.442+0000] {dag.py:3096} INFO - Sync 1 DAGs
[2025-10-22T18:02:27.459+0000] {logging_mixin.py:188} INFO - [2025-10-22T18:02:27.459+0000] {dag.py:3954} INFO - Setting next_dagrun for bronze_dag_simple to 2025-10-22 18:00:00+00:00, run_after=2025-10-23 18:00:00+00:00
[2025-10-22T18:02:27.471+0000] {processor.py:183} INFO - Processing /opt/airflow/dags/bronze_dag_simple.py took 0.073 seconds
[2025-10-22T18:02:57.531+0000] {processor.py:161} INFO - Started process (PID=342) to work on /opt/airflow/dags/bronze_dag_simple.py
[2025-10-22T18:02:57.532+0000] {processor.py:830} INFO - Processing file /opt/airflow/dags/bronze_dag_simple.py for tasks to queue
[2025-10-22T18:02:57.534+0000] {logging_mixin.py:188} INFO - [2025-10-22T18:02:57.534+0000] {dagbag.py:540} INFO - Filling up the DagBag from /opt/airflow/dags/bronze_dag_simple.py
[2025-10-22T18:02:57.550+0000] {processor.py:840} INFO - DAG(s) 'bronze_dag_simple' retrieved from /opt/airflow/dags/bronze_dag_simple.py
[2025-10-22T18:02:57.567+0000] {logging_mixin.py:188} INFO - [2025-10-22T18:02:57.566+0000] {dag.py:3096} INFO - Sync 1 DAGs
[2025-10-22T18:02:57.581+0000] {logging_mixin.py:188} INFO - [2025-10-22T18:02:57.581+0000] {dag.py:3954} INFO - Setting next_dagrun for bronze_dag_simple to 2025-10-22 18:00:00+00:00, run_after=2025-10-23 18:00:00+00:00
[2025-10-22T18:02:57.594+0000] {processor.py:183} INFO - Processing /opt/airflow/dags/bronze_dag_simple.py took 0.068 seconds
[2025-10-22T18:03:29.385+0000] {processor.py:161} INFO - Started process (PID=344) to work on /opt/airflow/dags/bronze_dag_simple.py
[2025-10-22T18:03:29.386+0000] {processor.py:830} INFO - Processing file /opt/airflow/dags/bronze_dag_simple.py for tasks to queue
[2025-10-22T18:03:29.387+0000] {logging_mixin.py:188} INFO - [2025-10-22T18:03:29.387+0000] {dagbag.py:540} INFO - Filling up the DagBag from /opt/airflow/dags/bronze_dag_simple.py
[2025-10-22T18:03:29.404+0000] {processor.py:840} INFO - DAG(s) 'bronze_dag_simple' retrieved from /opt/airflow/dags/bronze_dag_simple.py
[2025-10-22T18:03:29.426+0000] {logging_mixin.py:188} INFO - [2025-10-22T18:03:29.426+0000] {dag.py:3096} INFO - Sync 1 DAGs
[2025-10-22T18:03:29.443+0000] {logging_mixin.py:188} INFO - [2025-10-22T18:03:29.443+0000] {dag.py:3954} INFO - Setting next_dagrun for bronze_dag_simple to 2025-10-22 18:00:00+00:00, run_after=2025-10-23 18:00:00+00:00
[2025-10-22T18:03:29.458+0000] {processor.py:183} INFO - Processing /opt/airflow/dags/bronze_dag_simple.py took 0.078 seconds
[2025-10-22T18:03:59.721+0000] {processor.py:161} INFO - Started process (PID=346) to work on /opt/airflow/dags/bronze_dag_simple.py
[2025-10-22T18:03:59.722+0000] {processor.py:830} INFO - Processing file /opt/airflow/dags/bronze_dag_simple.py for tasks to queue
[2025-10-22T18:03:59.724+0000] {logging_mixin.py:188} INFO - [2025-10-22T18:03:59.723+0000] {dagbag.py:540} INFO - Filling up the DagBag from /opt/airflow/dags/bronze_dag_simple.py
[2025-10-22T18:03:59.741+0000] {processor.py:840} INFO - DAG(s) 'bronze_dag_simple' retrieved from /opt/airflow/dags/bronze_dag_simple.py
[2025-10-22T18:03:59.761+0000] {logging_mixin.py:188} INFO - [2025-10-22T18:03:59.761+0000] {dag.py:3096} INFO - Sync 1 DAGs
[2025-10-22T18:03:59.779+0000] {logging_mixin.py:188} INFO - [2025-10-22T18:03:59.779+0000] {dag.py:3954} INFO - Setting next_dagrun for bronze_dag_simple to 2025-10-22 18:00:00+00:00, run_after=2025-10-23 18:00:00+00:00
[2025-10-22T18:03:59.793+0000] {processor.py:183} INFO - Processing /opt/airflow/dags/bronze_dag_simple.py took 0.077 seconds
[2025-10-22T18:04:30.140+0000] {processor.py:161} INFO - Started process (PID=348) to work on /opt/airflow/dags/bronze_dag_simple.py
[2025-10-22T18:04:30.141+0000] {processor.py:830} INFO - Processing file /opt/airflow/dags/bronze_dag_simple.py for tasks to queue
[2025-10-22T18:04:30.143+0000] {logging_mixin.py:188} INFO - [2025-10-22T18:04:30.142+0000] {dagbag.py:540} INFO - Filling up the DagBag from /opt/airflow/dags/bronze_dag_simple.py
[2025-10-22T18:04:30.159+0000] {processor.py:840} INFO - DAG(s) 'bronze_dag_simple' retrieved from /opt/airflow/dags/bronze_dag_simple.py
[2025-10-22T18:04:30.178+0000] {logging_mixin.py:188} INFO - [2025-10-22T18:04:30.177+0000] {dag.py:3096} INFO - Sync 1 DAGs
[2025-10-22T18:04:30.195+0000] {logging_mixin.py:188} INFO - [2025-10-22T18:04:30.195+0000] {dag.py:3954} INFO - Setting next_dagrun for bronze_dag_simple to 2025-10-22 18:00:00+00:00, run_after=2025-10-23 18:00:00+00:00
[2025-10-22T18:04:30.209+0000] {processor.py:183} INFO - Processing /opt/airflow/dags/bronze_dag_simple.py took 0.073 seconds
[2025-10-22T18:05:00.373+0000] {processor.py:161} INFO - Started process (PID=350) to work on /opt/airflow/dags/bronze_dag_simple.py
[2025-10-22T18:05:00.373+0000] {processor.py:830} INFO - Processing file /opt/airflow/dags/bronze_dag_simple.py for tasks to queue
[2025-10-22T18:05:00.375+0000] {logging_mixin.py:188} INFO - [2025-10-22T18:05:00.375+0000] {dagbag.py:540} INFO - Filling up the DagBag from /opt/airflow/dags/bronze_dag_simple.py
[2025-10-22T18:05:00.391+0000] {processor.py:840} INFO - DAG(s) 'bronze_dag_simple' retrieved from /opt/airflow/dags/bronze_dag_simple.py
[2025-10-22T18:05:00.411+0000] {logging_mixin.py:188} INFO - [2025-10-22T18:05:00.411+0000] {dag.py:3096} INFO - Sync 1 DAGs
[2025-10-22T18:05:00.428+0000] {logging_mixin.py:188} INFO - [2025-10-22T18:05:00.428+0000] {dag.py:3954} INFO - Setting next_dagrun for bronze_dag_simple to 2025-10-22 18:00:00+00:00, run_after=2025-10-23 18:00:00+00:00
[2025-10-22T18:05:00.442+0000] {processor.py:183} INFO - Processing /opt/airflow/dags/bronze_dag_simple.py took 0.075 seconds
[2025-10-22T18:05:37.407+0000] {processor.py:161} INFO - Started process (PID=352) to work on /opt/airflow/dags/bronze_dag_simple.py
[2025-10-22T18:05:37.408+0000] {processor.py:830} INFO - Processing file /opt/airflow/dags/bronze_dag_simple.py for tasks to queue
[2025-10-22T18:05:37.409+0000] {logging_mixin.py:188} INFO - [2025-10-22T18:05:37.409+0000] {dagbag.py:540} INFO - Filling up the DagBag from /opt/airflow/dags/bronze_dag_simple.py
[2025-10-22T18:05:37.426+0000] {processor.py:840} INFO - DAG(s) 'bronze_dag_simple' retrieved from /opt/airflow/dags/bronze_dag_simple.py
[2025-10-22T18:05:37.446+0000] {logging_mixin.py:188} INFO - [2025-10-22T18:05:37.445+0000] {dag.py:3096} INFO - Sync 1 DAGs
[2025-10-22T18:05:37.463+0000] {logging_mixin.py:188} INFO - [2025-10-22T18:05:37.463+0000] {dag.py:3954} INFO - Setting next_dagrun for bronze_dag_simple to 2025-10-22 18:00:00+00:00, run_after=2025-10-23 18:00:00+00:00
[2025-10-22T18:05:37.478+0000] {processor.py:183} INFO - Processing /opt/airflow/dags/bronze_dag_simple.py took 0.075 seconds
[2025-10-22T18:06:24.732+0000] {processor.py:161} INFO - Started process (PID=354) to work on /opt/airflow/dags/bronze_dag_simple.py
[2025-10-22T18:06:24.733+0000] {processor.py:830} INFO - Processing file /opt/airflow/dags/bronze_dag_simple.py for tasks to queue
[2025-10-22T18:06:24.734+0000] {logging_mixin.py:188} INFO - [2025-10-22T18:06:24.734+0000] {dagbag.py:540} INFO - Filling up the DagBag from /opt/airflow/dags/bronze_dag_simple.py
[2025-10-22T18:06:24.752+0000] {processor.py:840} INFO - DAG(s) 'bronze_dag_simple' retrieved from /opt/airflow/dags/bronze_dag_simple.py
[2025-10-22T18:06:24.771+0000] {logging_mixin.py:188} INFO - [2025-10-22T18:06:24.771+0000] {dag.py:3096} INFO - Sync 1 DAGs
[2025-10-22T18:06:24.788+0000] {logging_mixin.py:188} INFO - [2025-10-22T18:06:24.788+0000] {dag.py:3954} INFO - Setting next_dagrun for bronze_dag_simple to 2025-10-22 18:00:00+00:00, run_after=2025-10-23 18:00:00+00:00
[2025-10-22T18:06:24.802+0000] {processor.py:183} INFO - Processing /opt/airflow/dags/bronze_dag_simple.py took 0.076 seconds
[2025-10-22T18:06:55.046+0000] {processor.py:161} INFO - Started process (PID=356) to work on /opt/airflow/dags/bronze_dag_simple.py
[2025-10-22T18:06:55.046+0000] {processor.py:830} INFO - Processing file /opt/airflow/dags/bronze_dag_simple.py for tasks to queue
[2025-10-22T18:06:55.048+0000] {logging_mixin.py:188} INFO - [2025-10-22T18:06:55.048+0000] {dagbag.py:540} INFO - Filling up the DagBag from /opt/airflow/dags/bronze_dag_simple.py
[2025-10-22T18:06:55.065+0000] {processor.py:840} INFO - DAG(s) 'bronze_dag_simple' retrieved from /opt/airflow/dags/bronze_dag_simple.py
[2025-10-22T18:06:55.084+0000] {logging_mixin.py:188} INFO - [2025-10-22T18:06:55.084+0000] {dag.py:3096} INFO - Sync 1 DAGs
[2025-10-22T18:06:55.102+0000] {logging_mixin.py:188} INFO - [2025-10-22T18:06:55.102+0000] {dag.py:3954} INFO - Setting next_dagrun for bronze_dag_simple to 2025-10-22 18:00:00+00:00, run_after=2025-10-23 18:00:00+00:00
[2025-10-22T18:06:55.117+0000] {processor.py:183} INFO - Processing /opt/airflow/dags/bronze_dag_simple.py took 0.076 seconds
[2025-10-22T18:07:25.901+0000] {processor.py:161} INFO - Started process (PID=358) to work on /opt/airflow/dags/bronze_dag_simple.py
[2025-10-22T18:07:25.902+0000] {processor.py:830} INFO - Processing file /opt/airflow/dags/bronze_dag_simple.py for tasks to queue
[2025-10-22T18:07:25.904+0000] {logging_mixin.py:188} INFO - [2025-10-22T18:07:25.904+0000] {dagbag.py:540} INFO - Filling up the DagBag from /opt/airflow/dags/bronze_dag_simple.py
[2025-10-22T18:07:25.925+0000] {processor.py:840} INFO - DAG(s) 'bronze_dag_simple' retrieved from /opt/airflow/dags/bronze_dag_simple.py
[2025-10-22T18:07:25.947+0000] {logging_mixin.py:188} INFO - [2025-10-22T18:07:25.946+0000] {dag.py:3096} INFO - Sync 1 DAGs
[2025-10-22T18:07:25.965+0000] {logging_mixin.py:188} INFO - [2025-10-22T18:07:25.965+0000] {dag.py:3954} INFO - Setting next_dagrun for bronze_dag_simple to 2025-10-22 18:00:00+00:00, run_after=2025-10-23 18:00:00+00:00
[2025-10-22T18:07:25.982+0000] {processor.py:183} INFO - Processing /opt/airflow/dags/bronze_dag_simple.py took 0.087 seconds
[2025-10-22T18:07:56.315+0000] {processor.py:161} INFO - Started process (PID=360) to work on /opt/airflow/dags/bronze_dag_simple.py
[2025-10-22T18:07:56.316+0000] {processor.py:830} INFO - Processing file /opt/airflow/dags/bronze_dag_simple.py for tasks to queue
[2025-10-22T18:07:56.317+0000] {logging_mixin.py:188} INFO - [2025-10-22T18:07:56.317+0000] {dagbag.py:540} INFO - Filling up the DagBag from /opt/airflow/dags/bronze_dag_simple.py
[2025-10-22T18:07:56.335+0000] {processor.py:840} INFO - DAG(s) 'bronze_dag_simple' retrieved from /opt/airflow/dags/bronze_dag_simple.py
[2025-10-22T18:07:56.354+0000] {logging_mixin.py:188} INFO - [2025-10-22T18:07:56.354+0000] {dag.py:3096} INFO - Sync 1 DAGs
[2025-10-22T18:07:56.372+0000] {logging_mixin.py:188} INFO - [2025-10-22T18:07:56.372+0000] {dag.py:3954} INFO - Setting next_dagrun for bronze_dag_simple to 2025-10-22 18:00:00+00:00, run_after=2025-10-23 18:00:00+00:00
[2025-10-22T18:07:56.386+0000] {processor.py:183} INFO - Processing /opt/airflow/dags/bronze_dag_simple.py took 0.077 seconds
[2025-10-22T18:08:26.725+0000] {processor.py:161} INFO - Started process (PID=362) to work on /opt/airflow/dags/bronze_dag_simple.py
[2025-10-22T18:08:26.725+0000] {processor.py:830} INFO - Processing file /opt/airflow/dags/bronze_dag_simple.py for tasks to queue
[2025-10-22T18:08:26.727+0000] {logging_mixin.py:188} INFO - [2025-10-22T18:08:26.727+0000] {dagbag.py:540} INFO - Filling up the DagBag from /opt/airflow/dags/bronze_dag_simple.py
[2025-10-22T18:08:26.744+0000] {processor.py:840} INFO - DAG(s) 'bronze_dag_simple' retrieved from /opt/airflow/dags/bronze_dag_simple.py
[2025-10-22T18:08:26.763+0000] {logging_mixin.py:188} INFO - [2025-10-22T18:08:26.763+0000] {dag.py:3096} INFO - Sync 1 DAGs
[2025-10-22T18:08:26.781+0000] {logging_mixin.py:188} INFO - [2025-10-22T18:08:26.780+0000] {dag.py:3954} INFO - Setting next_dagrun for bronze_dag_simple to 2025-10-22 18:00:00+00:00, run_after=2025-10-23 18:00:00+00:00
[2025-10-22T18:08:26.800+0000] {processor.py:183} INFO - Processing /opt/airflow/dags/bronze_dag_simple.py took 0.081 seconds
[2025-10-22T18:09:17.793+0000] {processor.py:161} INFO - Started process (PID=364) to work on /opt/airflow/dags/bronze_dag_simple.py
[2025-10-22T18:09:17.794+0000] {processor.py:830} INFO - Processing file /opt/airflow/dags/bronze_dag_simple.py for tasks to queue
[2025-10-22T18:09:17.795+0000] {logging_mixin.py:188} INFO - [2025-10-22T18:09:17.795+0000] {dagbag.py:540} INFO - Filling up the DagBag from /opt/airflow/dags/bronze_dag_simple.py
[2025-10-22T18:09:17.813+0000] {processor.py:840} INFO - DAG(s) 'bronze_dag_simple' retrieved from /opt/airflow/dags/bronze_dag_simple.py
[2025-10-22T18:09:17.833+0000] {logging_mixin.py:188} INFO - [2025-10-22T18:09:17.832+0000] {dag.py:3096} INFO - Sync 1 DAGs
[2025-10-22T18:09:17.850+0000] {logging_mixin.py:188} INFO - [2025-10-22T18:09:17.849+0000] {dag.py:3954} INFO - Setting next_dagrun for bronze_dag_simple to 2025-10-22 18:00:00+00:00, run_after=2025-10-23 18:00:00+00:00
[2025-10-22T18:09:17.864+0000] {processor.py:183} INFO - Processing /opt/airflow/dags/bronze_dag_simple.py took 0.077 seconds
[2025-10-22T18:10:04.280+0000] {processor.py:161} INFO - Started process (PID=366) to work on /opt/airflow/dags/bronze_dag_simple.py
[2025-10-22T18:10:04.281+0000] {processor.py:830} INFO - Processing file /opt/airflow/dags/bronze_dag_simple.py for tasks to queue
[2025-10-22T18:10:04.282+0000] {logging_mixin.py:188} INFO - [2025-10-22T18:10:04.282+0000] {dagbag.py:540} INFO - Filling up the DagBag from /opt/airflow/dags/bronze_dag_simple.py
[2025-10-22T18:10:04.300+0000] {processor.py:840} INFO - DAG(s) 'bronze_dag_simple' retrieved from /opt/airflow/dags/bronze_dag_simple.py
[2025-10-22T18:10:04.319+0000] {logging_mixin.py:188} INFO - [2025-10-22T18:10:04.319+0000] {dag.py:3096} INFO - Sync 1 DAGs
[2025-10-22T18:10:04.337+0000] {logging_mixin.py:188} INFO - [2025-10-22T18:10:04.337+0000] {dag.py:3954} INFO - Setting next_dagrun for bronze_dag_simple to 2025-10-22 18:00:00+00:00, run_after=2025-10-23 18:00:00+00:00
[2025-10-22T18:10:04.351+0000] {processor.py:183} INFO - Processing /opt/airflow/dags/bronze_dag_simple.py took 0.075 seconds
[2025-10-22T18:10:34.777+0000] {processor.py:161} INFO - Started process (PID=368) to work on /opt/airflow/dags/bronze_dag_simple.py
[2025-10-22T18:10:34.778+0000] {processor.py:830} INFO - Processing file /opt/airflow/dags/bronze_dag_simple.py for tasks to queue
[2025-10-22T18:10:34.780+0000] {logging_mixin.py:188} INFO - [2025-10-22T18:10:34.780+0000] {dagbag.py:540} INFO - Filling up the DagBag from /opt/airflow/dags/bronze_dag_simple.py
[2025-10-22T18:10:34.798+0000] {processor.py:840} INFO - DAG(s) 'bronze_dag_simple' retrieved from /opt/airflow/dags/bronze_dag_simple.py
[2025-10-22T18:10:34.817+0000] {logging_mixin.py:188} INFO - [2025-10-22T18:10:34.816+0000] {dag.py:3096} INFO - Sync 1 DAGs
[2025-10-22T18:10:34.834+0000] {logging_mixin.py:188} INFO - [2025-10-22T18:10:34.834+0000] {dag.py:3954} INFO - Setting next_dagrun for bronze_dag_simple to 2025-10-22 18:00:00+00:00, run_after=2025-10-23 18:00:00+00:00
[2025-10-22T18:10:34.848+0000] {processor.py:183} INFO - Processing /opt/airflow/dags/bronze_dag_simple.py took 0.076 seconds
[2025-10-22T18:11:32.007+0000] {processor.py:161} INFO - Started process (PID=370) to work on /opt/airflow/dags/bronze_dag_simple.py
[2025-10-22T18:11:32.008+0000] {processor.py:830} INFO - Processing file /opt/airflow/dags/bronze_dag_simple.py for tasks to queue
[2025-10-22T18:11:32.010+0000] {logging_mixin.py:188} INFO - [2025-10-22T18:11:32.009+0000] {dagbag.py:540} INFO - Filling up the DagBag from /opt/airflow/dags/bronze_dag_simple.py
[2025-10-22T18:11:32.027+0000] {processor.py:840} INFO - DAG(s) 'bronze_dag_simple' retrieved from /opt/airflow/dags/bronze_dag_simple.py
[2025-10-22T18:11:32.046+0000] {logging_mixin.py:188} INFO - [2025-10-22T18:11:32.046+0000] {dag.py:3096} INFO - Sync 1 DAGs
[2025-10-22T18:11:32.063+0000] {logging_mixin.py:188} INFO - [2025-10-22T18:11:32.063+0000] {dag.py:3954} INFO - Setting next_dagrun for bronze_dag_simple to 2025-10-22 18:00:00+00:00, run_after=2025-10-23 18:00:00+00:00
[2025-10-22T18:11:32.077+0000] {processor.py:183} INFO - Processing /opt/airflow/dags/bronze_dag_simple.py took 0.074 seconds
[2025-10-22T18:12:02.241+0000] {processor.py:161} INFO - Started process (PID=371) to work on /opt/airflow/dags/bronze_dag_simple.py
[2025-10-22T18:12:02.241+0000] {processor.py:830} INFO - Processing file /opt/airflow/dags/bronze_dag_simple.py for tasks to queue
[2025-10-22T18:12:02.243+0000] {logging_mixin.py:188} INFO - [2025-10-22T18:12:02.243+0000] {dagbag.py:540} INFO - Filling up the DagBag from /opt/airflow/dags/bronze_dag_simple.py
[2025-10-22T18:12:02.261+0000] {processor.py:840} INFO - DAG(s) 'bronze_dag_simple' retrieved from /opt/airflow/dags/bronze_dag_simple.py
[2025-10-22T18:12:02.281+0000] {logging_mixin.py:188} INFO - [2025-10-22T18:12:02.280+0000] {dag.py:3096} INFO - Sync 1 DAGs
[2025-10-22T18:12:02.298+0000] {logging_mixin.py:188} INFO - [2025-10-22T18:12:02.298+0000] {dag.py:3954} INFO - Setting next_dagrun for bronze_dag_simple to 2025-10-22 18:00:00+00:00, run_after=2025-10-23 18:00:00+00:00
[2025-10-22T18:12:02.312+0000] {processor.py:183} INFO - Processing /opt/airflow/dags/bronze_dag_simple.py took 0.076 seconds
[2025-10-22T18:12:32.425+0000] {processor.py:161} INFO - Started process (PID=373) to work on /opt/airflow/dags/bronze_dag_simple.py
[2025-10-22T18:12:32.426+0000] {processor.py:830} INFO - Processing file /opt/airflow/dags/bronze_dag_simple.py for tasks to queue
[2025-10-22T18:12:32.428+0000] {logging_mixin.py:188} INFO - [2025-10-22T18:12:32.427+0000] {dagbag.py:540} INFO - Filling up the DagBag from /opt/airflow/dags/bronze_dag_simple.py
[2025-10-22T18:12:32.445+0000] {processor.py:840} INFO - DAG(s) 'bronze_dag_simple' retrieved from /opt/airflow/dags/bronze_dag_simple.py
[2025-10-22T18:12:32.464+0000] {logging_mixin.py:188} INFO - [2025-10-22T18:12:32.464+0000] {dag.py:3096} INFO - Sync 1 DAGs
[2025-10-22T18:12:32.482+0000] {logging_mixin.py:188} INFO - [2025-10-22T18:12:32.482+0000] {dag.py:3954} INFO - Setting next_dagrun for bronze_dag_simple to 2025-10-22 18:00:00+00:00, run_after=2025-10-23 18:00:00+00:00
[2025-10-22T18:12:32.495+0000] {processor.py:183} INFO - Processing /opt/airflow/dags/bronze_dag_simple.py took 0.075 seconds
[2025-10-22T18:13:02.606+0000] {processor.py:161} INFO - Started process (PID=375) to work on /opt/airflow/dags/bronze_dag_simple.py
[2025-10-22T18:13:02.607+0000] {processor.py:830} INFO - Processing file /opt/airflow/dags/bronze_dag_simple.py for tasks to queue
[2025-10-22T18:13:02.609+0000] {logging_mixin.py:188} INFO - [2025-10-22T18:13:02.608+0000] {dagbag.py:540} INFO - Filling up the DagBag from /opt/airflow/dags/bronze_dag_simple.py
[2025-10-22T18:13:02.625+0000] {processor.py:840} INFO - DAG(s) 'bronze_dag_simple' retrieved from /opt/airflow/dags/bronze_dag_simple.py
[2025-10-22T18:13:02.644+0000] {logging_mixin.py:188} INFO - [2025-10-22T18:13:02.644+0000] {dag.py:3096} INFO - Sync 1 DAGs
[2025-10-22T18:13:02.661+0000] {logging_mixin.py:188} INFO - [2025-10-22T18:13:02.661+0000] {dag.py:3954} INFO - Setting next_dagrun for bronze_dag_simple to 2025-10-22 18:00:00+00:00, run_after=2025-10-23 18:00:00+00:00
[2025-10-22T18:13:02.675+0000] {processor.py:183} INFO - Processing /opt/airflow/dags/bronze_dag_simple.py took 0.073 seconds
[2025-10-22T18:14:00.799+0000] {processor.py:161} INFO - Started process (PID=378) to work on /opt/airflow/dags/bronze_dag_simple.py
[2025-10-22T18:14:00.800+0000] {processor.py:830} INFO - Processing file /opt/airflow/dags/bronze_dag_simple.py for tasks to queue
[2025-10-22T18:14:00.802+0000] {logging_mixin.py:188} INFO - [2025-10-22T18:14:00.802+0000] {dagbag.py:540} INFO - Filling up the DagBag from /opt/airflow/dags/bronze_dag_simple.py
[2025-10-22T18:14:00.820+0000] {processor.py:840} INFO - DAG(s) 'bronze_dag_simple' retrieved from /opt/airflow/dags/bronze_dag_simple.py
[2025-10-22T18:14:00.839+0000] {logging_mixin.py:188} INFO - [2025-10-22T18:14:00.839+0000] {dag.py:3096} INFO - Sync 1 DAGs
[2025-10-22T18:14:00.856+0000] {logging_mixin.py:188} INFO - [2025-10-22T18:14:00.856+0000] {dag.py:3954} INFO - Setting next_dagrun for bronze_dag_simple to 2025-10-22 18:00:00+00:00, run_after=2025-10-23 18:00:00+00:00
[2025-10-22T18:14:00.870+0000] {processor.py:183} INFO - Processing /opt/airflow/dags/bronze_dag_simple.py took 0.076 seconds
[2025-10-22T18:14:31.258+0000] {processor.py:161} INFO - Started process (PID=380) to work on /opt/airflow/dags/bronze_dag_simple.py
[2025-10-22T18:14:31.259+0000] {processor.py:830} INFO - Processing file /opt/airflow/dags/bronze_dag_simple.py for tasks to queue
[2025-10-22T18:14:31.261+0000] {logging_mixin.py:188} INFO - [2025-10-22T18:14:31.261+0000] {dagbag.py:540} INFO - Filling up the DagBag from /opt/airflow/dags/bronze_dag_simple.py
[2025-10-22T18:14:31.280+0000] {processor.py:840} INFO - DAG(s) 'bronze_dag_simple' retrieved from /opt/airflow/dags/bronze_dag_simple.py
[2025-10-22T18:14:31.301+0000] {logging_mixin.py:188} INFO - [2025-10-22T18:14:31.300+0000] {dag.py:3096} INFO - Sync 1 DAGs
[2025-10-22T18:14:31.319+0000] {logging_mixin.py:188} INFO - [2025-10-22T18:14:31.318+0000] {dag.py:3954} INFO - Setting next_dagrun for bronze_dag_simple to 2025-10-22 18:00:00+00:00, run_after=2025-10-23 18:00:00+00:00
[2025-10-22T18:14:31.334+0000] {processor.py:183} INFO - Processing /opt/airflow/dags/bronze_dag_simple.py took 0.082 seconds
[2025-10-22T18:15:01.391+0000] {processor.py:161} INFO - Started process (PID=381) to work on /opt/airflow/dags/bronze_dag_simple.py
[2025-10-22T18:15:01.392+0000] {processor.py:830} INFO - Processing file /opt/airflow/dags/bronze_dag_simple.py for tasks to queue
[2025-10-22T18:15:01.393+0000] {logging_mixin.py:188} INFO - [2025-10-22T18:15:01.393+0000] {dagbag.py:540} INFO - Filling up the DagBag from /opt/airflow/dags/bronze_dag_simple.py
[2025-10-22T18:15:01.410+0000] {processor.py:840} INFO - DAG(s) 'bronze_dag_simple' retrieved from /opt/airflow/dags/bronze_dag_simple.py
[2025-10-22T18:15:01.429+0000] {logging_mixin.py:188} INFO - [2025-10-22T18:15:01.429+0000] {dag.py:3096} INFO - Sync 1 DAGs
[2025-10-22T18:15:01.447+0000] {logging_mixin.py:188} INFO - [2025-10-22T18:15:01.447+0000] {dag.py:3954} INFO - Setting next_dagrun for bronze_dag_simple to 2025-10-22 18:00:00+00:00, run_after=2025-10-23 18:00:00+00:00
[2025-10-22T18:15:01.461+0000] {processor.py:183} INFO - Processing /opt/airflow/dags/bronze_dag_simple.py took 0.076 seconds
[2025-10-22T18:15:32.199+0000] {processor.py:161} INFO - Started process (PID=383) to work on /opt/airflow/dags/bronze_dag_simple.py
[2025-10-22T18:15:32.200+0000] {processor.py:830} INFO - Processing file /opt/airflow/dags/bronze_dag_simple.py for tasks to queue
[2025-10-22T18:15:32.202+0000] {logging_mixin.py:188} INFO - [2025-10-22T18:15:32.201+0000] {dagbag.py:540} INFO - Filling up the DagBag from /opt/airflow/dags/bronze_dag_simple.py
[2025-10-22T18:15:32.218+0000] {processor.py:840} INFO - DAG(s) 'bronze_dag_simple' retrieved from /opt/airflow/dags/bronze_dag_simple.py
[2025-10-22T18:15:32.239+0000] {logging_mixin.py:188} INFO - [2025-10-22T18:15:32.239+0000] {dag.py:3096} INFO - Sync 1 DAGs
[2025-10-22T18:15:32.258+0000] {logging_mixin.py:188} INFO - [2025-10-22T18:15:32.258+0000] {dag.py:3954} INFO - Setting next_dagrun for bronze_dag_simple to 2025-10-22 18:00:00+00:00, run_after=2025-10-23 18:00:00+00:00
[2025-10-22T18:15:32.274+0000] {processor.py:183} INFO - Processing /opt/airflow/dags/bronze_dag_simple.py took 0.080 seconds
[2025-10-22T18:16:02.604+0000] {processor.py:161} INFO - Started process (PID=385) to work on /opt/airflow/dags/bronze_dag_simple.py
[2025-10-22T18:16:02.605+0000] {processor.py:830} INFO - Processing file /opt/airflow/dags/bronze_dag_simple.py for tasks to queue
[2025-10-22T18:16:02.606+0000] {logging_mixin.py:188} INFO - [2025-10-22T18:16:02.606+0000] {dagbag.py:540} INFO - Filling up the DagBag from /opt/airflow/dags/bronze_dag_simple.py
[2025-10-22T18:16:02.624+0000] {processor.py:840} INFO - DAG(s) 'bronze_dag_simple' retrieved from /opt/airflow/dags/bronze_dag_simple.py
[2025-10-22T18:16:02.643+0000] {logging_mixin.py:188} INFO - [2025-10-22T18:16:02.643+0000] {dag.py:3096} INFO - Sync 1 DAGs
[2025-10-22T18:16:02.660+0000] {logging_mixin.py:188} INFO - [2025-10-22T18:16:02.660+0000] {dag.py:3954} INFO - Setting next_dagrun for bronze_dag_simple to 2025-10-22 18:00:00+00:00, run_after=2025-10-23 18:00:00+00:00
[2025-10-22T18:16:02.674+0000] {processor.py:183} INFO - Processing /opt/airflow/dags/bronze_dag_simple.py took 0.076 seconds
[2025-10-22T18:16:32.769+0000] {processor.py:161} INFO - Started process (PID=387) to work on /opt/airflow/dags/bronze_dag_simple.py
[2025-10-22T18:16:32.771+0000] {processor.py:830} INFO - Processing file /opt/airflow/dags/bronze_dag_simple.py for tasks to queue
[2025-10-22T18:16:32.773+0000] {logging_mixin.py:188} INFO - [2025-10-22T18:16:32.772+0000] {dagbag.py:540} INFO - Filling up the DagBag from /opt/airflow/dags/bronze_dag_simple.py
[2025-10-22T18:16:32.791+0000] {processor.py:840} INFO - DAG(s) 'bronze_dag_simple' retrieved from /opt/airflow/dags/bronze_dag_simple.py
[2025-10-22T18:16:32.812+0000] {logging_mixin.py:188} INFO - [2025-10-22T18:16:32.812+0000] {dag.py:3096} INFO - Sync 1 DAGs
[2025-10-22T18:16:32.830+0000] {logging_mixin.py:188} INFO - [2025-10-22T18:16:32.830+0000] {dag.py:3954} INFO - Setting next_dagrun for bronze_dag_simple to 2025-10-22 18:00:00+00:00, run_after=2025-10-23 18:00:00+00:00
[2025-10-22T18:16:32.846+0000] {processor.py:183} INFO - Processing /opt/airflow/dags/bronze_dag_simple.py took 0.082 seconds
[2025-10-22T18:17:02.908+0000] {processor.py:161} INFO - Started process (PID=389) to work on /opt/airflow/dags/bronze_dag_simple.py
[2025-10-22T18:17:02.909+0000] {processor.py:830} INFO - Processing file /opt/airflow/dags/bronze_dag_simple.py for tasks to queue
[2025-10-22T18:17:02.910+0000] {logging_mixin.py:188} INFO - [2025-10-22T18:17:02.910+0000] {dagbag.py:540} INFO - Filling up the DagBag from /opt/airflow/dags/bronze_dag_simple.py
[2025-10-22T18:17:02.926+0000] {processor.py:840} INFO - DAG(s) 'bronze_dag_simple' retrieved from /opt/airflow/dags/bronze_dag_simple.py
[2025-10-22T18:17:02.943+0000] {logging_mixin.py:188} INFO - [2025-10-22T18:17:02.943+0000] {dag.py:3096} INFO - Sync 1 DAGs
[2025-10-22T18:17:02.959+0000] {logging_mixin.py:188} INFO - [2025-10-22T18:17:02.959+0000] {dag.py:3954} INFO - Setting next_dagrun for bronze_dag_simple to 2025-10-22 18:00:00+00:00, run_after=2025-10-23 18:00:00+00:00
[2025-10-22T18:17:02.972+0000] {processor.py:183} INFO - Processing /opt/airflow/dags/bronze_dag_simple.py took 0.069 seconds
[2025-10-22T18:17:33.841+0000] {processor.py:161} INFO - Started process (PID=391) to work on /opt/airflow/dags/bronze_dag_simple.py
[2025-10-22T18:17:33.842+0000] {processor.py:830} INFO - Processing file /opt/airflow/dags/bronze_dag_simple.py for tasks to queue
[2025-10-22T18:17:33.844+0000] {logging_mixin.py:188} INFO - [2025-10-22T18:17:33.844+0000] {dagbag.py:540} INFO - Filling up the DagBag from /opt/airflow/dags/bronze_dag_simple.py
[2025-10-22T18:17:33.859+0000] {processor.py:840} INFO - DAG(s) 'bronze_dag_simple' retrieved from /opt/airflow/dags/bronze_dag_simple.py
[2025-10-22T18:17:33.877+0000] {logging_mixin.py:188} INFO - [2025-10-22T18:17:33.877+0000] {dag.py:3096} INFO - Sync 1 DAGs
[2025-10-22T18:17:33.894+0000] {logging_mixin.py:188} INFO - [2025-10-22T18:17:33.894+0000] {dag.py:3954} INFO - Setting next_dagrun for bronze_dag_simple to 2025-10-22 18:00:00+00:00, run_after=2025-10-23 18:00:00+00:00
[2025-10-22T18:17:33.908+0000] {processor.py:183} INFO - Processing /opt/airflow/dags/bronze_dag_simple.py took 0.071 seconds
[2025-10-22T18:18:04.068+0000] {processor.py:161} INFO - Started process (PID=393) to work on /opt/airflow/dags/bronze_dag_simple.py
[2025-10-22T18:18:04.069+0000] {processor.py:830} INFO - Processing file /opt/airflow/dags/bronze_dag_simple.py for tasks to queue
[2025-10-22T18:18:04.071+0000] {logging_mixin.py:188} INFO - [2025-10-22T18:18:04.070+0000] {dagbag.py:540} INFO - Filling up the DagBag from /opt/airflow/dags/bronze_dag_simple.py
[2025-10-22T18:18:04.086+0000] {processor.py:840} INFO - DAG(s) 'bronze_dag_simple' retrieved from /opt/airflow/dags/bronze_dag_simple.py
[2025-10-22T18:18:04.105+0000] {logging_mixin.py:188} INFO - [2025-10-22T18:18:04.105+0000] {dag.py:3096} INFO - Sync 1 DAGs
[2025-10-22T18:18:04.122+0000] {logging_mixin.py:188} INFO - [2025-10-22T18:18:04.122+0000] {dag.py:3954} INFO - Setting next_dagrun for bronze_dag_simple to 2025-10-22 18:00:00+00:00, run_after=2025-10-23 18:00:00+00:00
[2025-10-22T18:18:04.136+0000] {processor.py:183} INFO - Processing /opt/airflow/dags/bronze_dag_simple.py took 0.073 seconds
[2025-10-22T18:18:34.302+0000] {processor.py:161} INFO - Started process (PID=395) to work on /opt/airflow/dags/bronze_dag_simple.py
[2025-10-22T18:18:34.303+0000] {processor.py:830} INFO - Processing file /opt/airflow/dags/bronze_dag_simple.py for tasks to queue
[2025-10-22T18:18:34.305+0000] {logging_mixin.py:188} INFO - [2025-10-22T18:18:34.304+0000] {dagbag.py:540} INFO - Filling up the DagBag from /opt/airflow/dags/bronze_dag_simple.py
[2025-10-22T18:18:34.322+0000] {processor.py:840} INFO - DAG(s) 'bronze_dag_simple' retrieved from /opt/airflow/dags/bronze_dag_simple.py
[2025-10-22T18:18:34.341+0000] {logging_mixin.py:188} INFO - [2025-10-22T18:18:34.341+0000] {dag.py:3096} INFO - Sync 1 DAGs
[2025-10-22T18:18:34.358+0000] {logging_mixin.py:188} INFO - [2025-10-22T18:18:34.358+0000] {dag.py:3954} INFO - Setting next_dagrun for bronze_dag_simple to 2025-10-22 18:00:00+00:00, run_after=2025-10-23 18:00:00+00:00
[2025-10-22T18:18:34.372+0000] {processor.py:183} INFO - Processing /opt/airflow/dags/bronze_dag_simple.py took 0.075 seconds
[2025-10-22T18:19:13.327+0000] {processor.py:161} INFO - Started process (PID=397) to work on /opt/airflow/dags/bronze_dag_simple.py
[2025-10-22T18:19:13.328+0000] {processor.py:830} INFO - Processing file /opt/airflow/dags/bronze_dag_simple.py for tasks to queue
[2025-10-22T18:19:13.330+0000] {logging_mixin.py:188} INFO - [2025-10-22T18:19:13.329+0000] {dagbag.py:540} INFO - Filling up the DagBag from /opt/airflow/dags/bronze_dag_simple.py
[2025-10-22T18:19:13.347+0000] {processor.py:840} INFO - DAG(s) 'bronze_dag_simple' retrieved from /opt/airflow/dags/bronze_dag_simple.py
[2025-10-22T18:19:13.367+0000] {logging_mixin.py:188} INFO - [2025-10-22T18:19:13.367+0000] {dag.py:3096} INFO - Sync 1 DAGs
[2025-10-22T18:19:13.385+0000] {logging_mixin.py:188} INFO - [2025-10-22T18:19:13.385+0000] {dag.py:3954} INFO - Setting next_dagrun for bronze_dag_simple to 2025-10-22 18:00:00+00:00, run_after=2025-10-23 18:00:00+00:00
[2025-10-22T18:19:13.401+0000] {processor.py:183} INFO - Processing /opt/airflow/dags/bronze_dag_simple.py took 0.080 seconds
[2025-10-22T18:20:10.705+0000] {processor.py:161} INFO - Started process (PID=399) to work on /opt/airflow/dags/bronze_dag_simple.py
[2025-10-22T18:20:10.706+0000] {processor.py:830} INFO - Processing file /opt/airflow/dags/bronze_dag_simple.py for tasks to queue
[2025-10-22T18:20:10.707+0000] {logging_mixin.py:188} INFO - [2025-10-22T18:20:10.707+0000] {dagbag.py:540} INFO - Filling up the DagBag from /opt/airflow/dags/bronze_dag_simple.py
[2025-10-22T18:20:10.725+0000] {processor.py:840} INFO - DAG(s) 'bronze_dag_simple' retrieved from /opt/airflow/dags/bronze_dag_simple.py
[2025-10-22T18:20:10.744+0000] {logging_mixin.py:188} INFO - [2025-10-22T18:20:10.743+0000] {dag.py:3096} INFO - Sync 1 DAGs
[2025-10-22T18:20:10.762+0000] {logging_mixin.py:188} INFO - [2025-10-22T18:20:10.761+0000] {dag.py:3954} INFO - Setting next_dagrun for bronze_dag_simple to 2025-10-22 18:00:00+00:00, run_after=2025-10-23 18:00:00+00:00
[2025-10-22T18:20:10.777+0000] {processor.py:183} INFO - Processing /opt/airflow/dags/bronze_dag_simple.py took 0.078 seconds
[2025-10-22T18:20:41.187+0000] {processor.py:161} INFO - Started process (PID=401) to work on /opt/airflow/dags/bronze_dag_simple.py
[2025-10-22T18:20:41.188+0000] {processor.py:830} INFO - Processing file /opt/airflow/dags/bronze_dag_simple.py for tasks to queue
[2025-10-22T18:20:41.190+0000] {logging_mixin.py:188} INFO - [2025-10-22T18:20:41.189+0000] {dagbag.py:540} INFO - Filling up the DagBag from /opt/airflow/dags/bronze_dag_simple.py
[2025-10-22T18:20:41.210+0000] {processor.py:840} INFO - DAG(s) 'bronze_dag_simple' retrieved from /opt/airflow/dags/bronze_dag_simple.py
[2025-10-22T18:20:41.230+0000] {logging_mixin.py:188} INFO - [2025-10-22T18:20:41.230+0000] {dag.py:3096} INFO - Sync 1 DAGs
[2025-10-22T18:20:41.248+0000] {logging_mixin.py:188} INFO - [2025-10-22T18:20:41.248+0000] {dag.py:3954} INFO - Setting next_dagrun for bronze_dag_simple to 2025-10-22 18:00:00+00:00, run_after=2025-10-23 18:00:00+00:00
[2025-10-22T18:20:41.262+0000] {processor.py:183} INFO - Processing /opt/airflow/dags/bronze_dag_simple.py took 0.081 seconds
[2025-10-22T18:21:12.152+0000] {processor.py:161} INFO - Started process (PID=403) to work on /opt/airflow/dags/bronze_dag_simple.py
[2025-10-22T18:21:12.153+0000] {processor.py:830} INFO - Processing file /opt/airflow/dags/bronze_dag_simple.py for tasks to queue
[2025-10-22T18:21:12.156+0000] {logging_mixin.py:188} INFO - [2025-10-22T18:21:12.155+0000] {dagbag.py:540} INFO - Filling up the DagBag from /opt/airflow/dags/bronze_dag_simple.py
[2025-10-22T18:21:12.172+0000] {processor.py:840} INFO - DAG(s) 'bronze_dag_simple' retrieved from /opt/airflow/dags/bronze_dag_simple.py
[2025-10-22T18:21:12.189+0000] {logging_mixin.py:188} INFO - [2025-10-22T18:21:12.189+0000] {dag.py:3096} INFO - Sync 1 DAGs
[2025-10-22T18:21:12.205+0000] {logging_mixin.py:188} INFO - [2025-10-22T18:21:12.204+0000] {dag.py:3954} INFO - Setting next_dagrun for bronze_dag_simple to 2025-10-22 18:00:00+00:00, run_after=2025-10-23 18:00:00+00:00
[2025-10-22T18:21:12.217+0000] {processor.py:183} INFO - Processing /opt/airflow/dags/bronze_dag_simple.py took 0.071 seconds
[2025-10-22T18:21:42.260+0000] {processor.py:161} INFO - Started process (PID=404) to work on /opt/airflow/dags/bronze_dag_simple.py
[2025-10-22T18:21:42.261+0000] {processor.py:830} INFO - Processing file /opt/airflow/dags/bronze_dag_simple.py for tasks to queue
[2025-10-22T18:21:42.263+0000] {logging_mixin.py:188} INFO - [2025-10-22T18:21:42.262+0000] {dagbag.py:540} INFO - Filling up the DagBag from /opt/airflow/dags/bronze_dag_simple.py
[2025-10-22T18:21:42.282+0000] {processor.py:840} INFO - DAG(s) 'bronze_dag_simple' retrieved from /opt/airflow/dags/bronze_dag_simple.py
[2025-10-22T18:21:42.304+0000] {logging_mixin.py:188} INFO - [2025-10-22T18:21:42.303+0000] {dag.py:3096} INFO - Sync 1 DAGs
[2025-10-22T18:21:42.323+0000] {logging_mixin.py:188} INFO - [2025-10-22T18:21:42.323+0000] {dag.py:3954} INFO - Setting next_dagrun for bronze_dag_simple to 2025-10-22 18:00:00+00:00, run_after=2025-10-23 18:00:00+00:00
[2025-10-22T18:21:42.339+0000] {processor.py:183} INFO - Processing /opt/airflow/dags/bronze_dag_simple.py took 0.083 seconds
[2025-10-22T18:22:24.405+0000] {processor.py:161} INFO - Started process (PID=407) to work on /opt/airflow/dags/bronze_dag_simple.py
[2025-10-22T18:22:24.406+0000] {processor.py:830} INFO - Processing file /opt/airflow/dags/bronze_dag_simple.py for tasks to queue
[2025-10-22T18:22:24.408+0000] {logging_mixin.py:188} INFO - [2025-10-22T18:22:24.408+0000] {dagbag.py:540} INFO - Filling up the DagBag from /opt/airflow/dags/bronze_dag_simple.py
[2025-10-22T18:22:24.425+0000] {processor.py:840} INFO - DAG(s) 'bronze_dag_simple' retrieved from /opt/airflow/dags/bronze_dag_simple.py
[2025-10-22T18:22:24.445+0000] {logging_mixin.py:188} INFO - [2025-10-22T18:22:24.445+0000] {dag.py:3096} INFO - Sync 1 DAGs
[2025-10-22T18:22:24.463+0000] {logging_mixin.py:188} INFO - [2025-10-22T18:22:24.462+0000] {dag.py:3954} INFO - Setting next_dagrun for bronze_dag_simple to 2025-10-22 18:00:00+00:00, run_after=2025-10-23 18:00:00+00:00
[2025-10-22T18:22:24.476+0000] {processor.py:183} INFO - Processing /opt/airflow/dags/bronze_dag_simple.py took 0.077 seconds
[2025-10-22T18:22:54.822+0000] {processor.py:161} INFO - Started process (PID=409) to work on /opt/airflow/dags/bronze_dag_simple.py
[2025-10-22T18:22:54.823+0000] {processor.py:830} INFO - Processing file /opt/airflow/dags/bronze_dag_simple.py for tasks to queue
[2025-10-22T18:22:54.825+0000] {logging_mixin.py:188} INFO - [2025-10-22T18:22:54.825+0000] {dagbag.py:540} INFO - Filling up the DagBag from /opt/airflow/dags/bronze_dag_simple.py
[2025-10-22T18:22:54.842+0000] {processor.py:840} INFO - DAG(s) 'bronze_dag_simple' retrieved from /opt/airflow/dags/bronze_dag_simple.py
[2025-10-22T18:22:54.862+0000] {logging_mixin.py:188} INFO - [2025-10-22T18:22:54.861+0000] {dag.py:3096} INFO - Sync 1 DAGs
[2025-10-22T18:22:54.879+0000] {logging_mixin.py:188} INFO - [2025-10-22T18:22:54.879+0000] {dag.py:3954} INFO - Setting next_dagrun for bronze_dag_simple to 2025-10-22 18:00:00+00:00, run_after=2025-10-23 18:00:00+00:00
[2025-10-22T18:22:54.893+0000] {processor.py:183} INFO - Processing /opt/airflow/dags/bronze_dag_simple.py took 0.076 seconds
[2025-10-22T18:23:57.076+0000] {processor.py:161} INFO - Started process (PID=411) to work on /opt/airflow/dags/bronze_dag_simple.py
[2025-10-22T18:23:57.076+0000] {processor.py:830} INFO - Processing file /opt/airflow/dags/bronze_dag_simple.py for tasks to queue
[2025-10-22T18:23:57.078+0000] {logging_mixin.py:188} INFO - [2025-10-22T18:23:57.078+0000] {dagbag.py:540} INFO - Filling up the DagBag from /opt/airflow/dags/bronze_dag_simple.py
[2025-10-22T18:23:57.096+0000] {processor.py:840} INFO - DAG(s) 'bronze_dag_simple' retrieved from /opt/airflow/dags/bronze_dag_simple.py
[2025-10-22T18:23:57.115+0000] {logging_mixin.py:188} INFO - [2025-10-22T18:23:57.115+0000] {dag.py:3096} INFO - Sync 1 DAGs
[2025-10-22T18:23:57.132+0000] {logging_mixin.py:188} INFO - [2025-10-22T18:23:57.132+0000] {dag.py:3954} INFO - Setting next_dagrun for bronze_dag_simple to 2025-10-22 18:00:00+00:00, run_after=2025-10-23 18:00:00+00:00
[2025-10-22T18:23:57.147+0000] {processor.py:183} INFO - Processing /opt/airflow/dags/bronze_dag_simple.py took 0.077 seconds
[2025-10-22T18:24:27.292+0000] {processor.py:161} INFO - Started process (PID=412) to work on /opt/airflow/dags/bronze_dag_simple.py
[2025-10-22T18:24:27.292+0000] {processor.py:830} INFO - Processing file /opt/airflow/dags/bronze_dag_simple.py for tasks to queue
[2025-10-22T18:24:27.294+0000] {logging_mixin.py:188} INFO - [2025-10-22T18:24:27.294+0000] {dagbag.py:540} INFO - Filling up the DagBag from /opt/airflow/dags/bronze_dag_simple.py
[2025-10-22T18:24:27.308+0000] {processor.py:840} INFO - DAG(s) 'bronze_dag_simple' retrieved from /opt/airflow/dags/bronze_dag_simple.py
[2025-10-22T18:24:27.324+0000] {logging_mixin.py:188} INFO - [2025-10-22T18:24:27.324+0000] {dag.py:3096} INFO - Sync 1 DAGs
[2025-10-22T18:24:27.340+0000] {logging_mixin.py:188} INFO - [2025-10-22T18:24:27.340+0000] {dag.py:3954} INFO - Setting next_dagrun for bronze_dag_simple to 2025-10-22 18:00:00+00:00, run_after=2025-10-23 18:00:00+00:00
[2025-10-22T18:24:27.353+0000] {processor.py:183} INFO - Processing /opt/airflow/dags/bronze_dag_simple.py took 0.066 seconds
[2025-10-22T18:24:57.396+0000] {processor.py:161} INFO - Started process (PID=414) to work on /opt/airflow/dags/bronze_dag_simple.py
[2025-10-22T18:24:57.397+0000] {processor.py:830} INFO - Processing file /opt/airflow/dags/bronze_dag_simple.py for tasks to queue
[2025-10-22T18:24:57.399+0000] {logging_mixin.py:188} INFO - [2025-10-22T18:24:57.399+0000] {dagbag.py:540} INFO - Filling up the DagBag from /opt/airflow/dags/bronze_dag_simple.py
[2025-10-22T18:24:57.415+0000] {processor.py:840} INFO - DAG(s) 'bronze_dag_simple' retrieved from /opt/airflow/dags/bronze_dag_simple.py
[2025-10-22T18:24:57.433+0000] {logging_mixin.py:188} INFO - [2025-10-22T18:24:57.432+0000] {dag.py:3096} INFO - Sync 1 DAGs
[2025-10-22T18:24:57.449+0000] {logging_mixin.py:188} INFO - [2025-10-22T18:24:57.449+0000] {dag.py:3954} INFO - Setting next_dagrun for bronze_dag_simple to 2025-10-22 18:00:00+00:00, run_after=2025-10-23 18:00:00+00:00
[2025-10-22T18:24:57.462+0000] {processor.py:183} INFO - Processing /opt/airflow/dags/bronze_dag_simple.py took 0.071 seconds
[2025-10-22T18:25:28.336+0000] {processor.py:161} INFO - Started process (PID=416) to work on /opt/airflow/dags/bronze_dag_simple.py
[2025-10-22T18:25:28.337+0000] {processor.py:830} INFO - Processing file /opt/airflow/dags/bronze_dag_simple.py for tasks to queue
[2025-10-22T18:25:28.339+0000] {logging_mixin.py:188} INFO - [2025-10-22T18:25:28.339+0000] {dagbag.py:540} INFO - Filling up the DagBag from /opt/airflow/dags/bronze_dag_simple.py
[2025-10-22T18:25:28.356+0000] {processor.py:840} INFO - DAG(s) 'bronze_dag_simple' retrieved from /opt/airflow/dags/bronze_dag_simple.py
[2025-10-22T18:25:28.373+0000] {logging_mixin.py:188} INFO - [2025-10-22T18:25:28.373+0000] {dag.py:3096} INFO - Sync 1 DAGs
[2025-10-22T18:25:28.389+0000] {logging_mixin.py:188} INFO - [2025-10-22T18:25:28.389+0000] {dag.py:3954} INFO - Setting next_dagrun for bronze_dag_simple to 2025-10-22 18:00:00+00:00, run_after=2025-10-23 18:00:00+00:00
[2025-10-22T18:25:28.402+0000] {processor.py:183} INFO - Processing /opt/airflow/dags/bronze_dag_simple.py took 0.070 seconds
[2025-10-22T18:25:59.315+0000] {processor.py:161} INFO - Started process (PID=418) to work on /opt/airflow/dags/bronze_dag_simple.py
[2025-10-22T18:25:59.316+0000] {processor.py:830} INFO - Processing file /opt/airflow/dags/bronze_dag_simple.py for tasks to queue
[2025-10-22T18:25:59.317+0000] {logging_mixin.py:188} INFO - [2025-10-22T18:25:59.317+0000] {dagbag.py:540} INFO - Filling up the DagBag from /opt/airflow/dags/bronze_dag_simple.py
[2025-10-22T18:25:59.333+0000] {processor.py:840} INFO - DAG(s) 'bronze_dag_simple' retrieved from /opt/airflow/dags/bronze_dag_simple.py
[2025-10-22T18:25:59.351+0000] {logging_mixin.py:188} INFO - [2025-10-22T18:25:59.351+0000] {dag.py:3096} INFO - Sync 1 DAGs
[2025-10-22T18:25:59.367+0000] {logging_mixin.py:188} INFO - [2025-10-22T18:25:59.367+0000] {dag.py:3954} INFO - Setting next_dagrun for bronze_dag_simple to 2025-10-22 18:00:00+00:00, run_after=2025-10-23 18:00:00+00:00
[2025-10-22T18:25:59.380+0000] {processor.py:183} INFO - Processing /opt/airflow/dags/bronze_dag_simple.py took 0.069 seconds
[2025-10-22T18:26:30.249+0000] {processor.py:161} INFO - Started process (PID=420) to work on /opt/airflow/dags/bronze_dag_simple.py
[2025-10-22T18:26:30.249+0000] {processor.py:830} INFO - Processing file /opt/airflow/dags/bronze_dag_simple.py for tasks to queue
[2025-10-22T18:26:30.251+0000] {logging_mixin.py:188} INFO - [2025-10-22T18:26:30.251+0000] {dagbag.py:540} INFO - Filling up the DagBag from /opt/airflow/dags/bronze_dag_simple.py
[2025-10-22T18:26:30.265+0000] {processor.py:840} INFO - DAG(s) 'bronze_dag_simple' retrieved from /opt/airflow/dags/bronze_dag_simple.py
[2025-10-22T18:26:30.282+0000] {logging_mixin.py:188} INFO - [2025-10-22T18:26:30.282+0000] {dag.py:3096} INFO - Sync 1 DAGs
[2025-10-22T18:26:30.298+0000] {logging_mixin.py:188} INFO - [2025-10-22T18:26:30.298+0000] {dag.py:3954} INFO - Setting next_dagrun for bronze_dag_simple to 2025-10-22 18:00:00+00:00, run_after=2025-10-23 18:00:00+00:00
[2025-10-22T18:26:30.312+0000] {processor.py:183} INFO - Processing /opt/airflow/dags/bronze_dag_simple.py took 0.068 seconds
[2025-10-22T18:27:16.175+0000] {processor.py:161} INFO - Started process (PID=423) to work on /opt/airflow/dags/bronze_dag_simple.py
[2025-10-22T18:27:16.176+0000] {processor.py:830} INFO - Processing file /opt/airflow/dags/bronze_dag_simple.py for tasks to queue
[2025-10-22T18:27:16.178+0000] {logging_mixin.py:188} INFO - [2025-10-22T18:27:16.178+0000] {dagbag.py:540} INFO - Filling up the DagBag from /opt/airflow/dags/bronze_dag_simple.py
[2025-10-22T18:27:16.196+0000] {processor.py:840} INFO - DAG(s) 'bronze_dag_simple' retrieved from /opt/airflow/dags/bronze_dag_simple.py
[2025-10-22T18:27:16.216+0000] {logging_mixin.py:188} INFO - [2025-10-22T18:27:16.215+0000] {dag.py:3096} INFO - Sync 1 DAGs
[2025-10-22T18:27:16.233+0000] {logging_mixin.py:188} INFO - [2025-10-22T18:27:16.233+0000] {dag.py:3954} INFO - Setting next_dagrun for bronze_dag_simple to 2025-10-22 18:00:00+00:00, run_after=2025-10-23 18:00:00+00:00
[2025-10-22T18:27:16.252+0000] {processor.py:183} INFO - Processing /opt/airflow/dags/bronze_dag_simple.py took 0.082 seconds
[2025-10-22T18:27:47.008+0000] {processor.py:161} INFO - Started process (PID=425) to work on /opt/airflow/dags/bronze_dag_simple.py
[2025-10-22T18:27:47.009+0000] {processor.py:830} INFO - Processing file /opt/airflow/dags/bronze_dag_simple.py for tasks to queue
[2025-10-22T18:27:47.012+0000] {logging_mixin.py:188} INFO - [2025-10-22T18:27:47.011+0000] {dagbag.py:540} INFO - Filling up the DagBag from /opt/airflow/dags/bronze_dag_simple.py
[2025-10-22T18:27:47.030+0000] {processor.py:840} INFO - DAG(s) 'bronze_dag_simple' retrieved from /opt/airflow/dags/bronze_dag_simple.py
[2025-10-22T18:27:47.051+0000] {logging_mixin.py:188} INFO - [2025-10-22T18:27:47.051+0000] {dag.py:3096} INFO - Sync 1 DAGs
[2025-10-22T18:27:47.072+0000] {logging_mixin.py:188} INFO - [2025-10-22T18:27:47.071+0000] {dag.py:3954} INFO - Setting next_dagrun for bronze_dag_simple to 2025-10-22 18:00:00+00:00, run_after=2025-10-23 18:00:00+00:00
[2025-10-22T18:27:47.087+0000] {processor.py:183} INFO - Processing /opt/airflow/dags/bronze_dag_simple.py took 0.085 seconds
[2025-10-22T18:28:17.299+0000] {processor.py:161} INFO - Started process (PID=427) to work on /opt/airflow/dags/bronze_dag_simple.py
[2025-10-22T18:28:17.300+0000] {processor.py:830} INFO - Processing file /opt/airflow/dags/bronze_dag_simple.py for tasks to queue
[2025-10-22T18:28:17.302+0000] {logging_mixin.py:188} INFO - [2025-10-22T18:28:17.302+0000] {dagbag.py:540} INFO - Filling up the DagBag from /opt/airflow/dags/bronze_dag_simple.py
[2025-10-22T18:28:17.320+0000] {processor.py:840} INFO - DAG(s) 'bronze_dag_simple' retrieved from /opt/airflow/dags/bronze_dag_simple.py
[2025-10-22T18:28:17.339+0000] {logging_mixin.py:188} INFO - [2025-10-22T18:28:17.339+0000] {dag.py:3096} INFO - Sync 1 DAGs
[2025-10-22T18:28:17.356+0000] {logging_mixin.py:188} INFO - [2025-10-22T18:28:17.356+0000] {dag.py:3954} INFO - Setting next_dagrun for bronze_dag_simple to 2025-10-22 18:00:00+00:00, run_after=2025-10-23 18:00:00+00:00
[2025-10-22T18:28:17.370+0000] {processor.py:183} INFO - Processing /opt/airflow/dags/bronze_dag_simple.py took 0.076 seconds
[2025-10-22T18:29:18.427+0000] {processor.py:161} INFO - Started process (PID=429) to work on /opt/airflow/dags/bronze_dag_simple.py
[2025-10-22T18:29:18.428+0000] {processor.py:830} INFO - Processing file /opt/airflow/dags/bronze_dag_simple.py for tasks to queue
[2025-10-22T18:29:18.430+0000] {logging_mixin.py:188} INFO - [2025-10-22T18:29:18.430+0000] {dagbag.py:540} INFO - Filling up the DagBag from /opt/airflow/dags/bronze_dag_simple.py
[2025-10-22T18:29:18.447+0000] {processor.py:840} INFO - DAG(s) 'bronze_dag_simple' retrieved from /opt/airflow/dags/bronze_dag_simple.py
[2025-10-22T18:29:18.467+0000] {logging_mixin.py:188} INFO - [2025-10-22T18:29:18.466+0000] {dag.py:3096} INFO - Sync 1 DAGs
[2025-10-22T18:29:18.484+0000] {logging_mixin.py:188} INFO - [2025-10-22T18:29:18.484+0000] {dag.py:3954} INFO - Setting next_dagrun for bronze_dag_simple to 2025-10-22 18:00:00+00:00, run_after=2025-10-23 18:00:00+00:00
[2025-10-22T18:29:18.499+0000] {processor.py:183} INFO - Processing /opt/airflow/dags/bronze_dag_simple.py took 0.077 seconds
[2025-10-22T18:29:49.269+0000] {processor.py:161} INFO - Started process (PID=431) to work on /opt/airflow/dags/bronze_dag_simple.py
[2025-10-22T18:29:49.270+0000] {processor.py:830} INFO - Processing file /opt/airflow/dags/bronze_dag_simple.py for tasks to queue
[2025-10-22T18:29:49.272+0000] {logging_mixin.py:188} INFO - [2025-10-22T18:29:49.271+0000] {dagbag.py:540} INFO - Filling up the DagBag from /opt/airflow/dags/bronze_dag_simple.py
[2025-10-22T18:29:49.288+0000] {processor.py:840} INFO - DAG(s) 'bronze_dag_simple' retrieved from /opt/airflow/dags/bronze_dag_simple.py
[2025-10-22T18:29:49.306+0000] {logging_mixin.py:188} INFO - [2025-10-22T18:29:49.306+0000] {dag.py:3096} INFO - Sync 1 DAGs
[2025-10-22T18:29:49.322+0000] {logging_mixin.py:188} INFO - [2025-10-22T18:29:49.322+0000] {dag.py:3954} INFO - Setting next_dagrun for bronze_dag_simple to 2025-10-22 18:00:00+00:00, run_after=2025-10-23 18:00:00+00:00
[2025-10-22T18:29:49.335+0000] {processor.py:183} INFO - Processing /opt/airflow/dags/bronze_dag_simple.py took 0.071 seconds
[2025-10-22T18:30:21.227+0000] {processor.py:161} INFO - Started process (PID=433) to work on /opt/airflow/dags/bronze_dag_simple.py
[2025-10-22T18:30:21.228+0000] {processor.py:830} INFO - Processing file /opt/airflow/dags/bronze_dag_simple.py for tasks to queue
[2025-10-22T18:30:21.230+0000] {logging_mixin.py:188} INFO - [2025-10-22T18:30:21.229+0000] {dagbag.py:540} INFO - Filling up the DagBag from /opt/airflow/dags/bronze_dag_simple.py
[2025-10-22T18:30:21.246+0000] {processor.py:840} INFO - DAG(s) 'bronze_dag_simple' retrieved from /opt/airflow/dags/bronze_dag_simple.py
[2025-10-22T18:30:21.264+0000] {logging_mixin.py:188} INFO - [2025-10-22T18:30:21.264+0000] {dag.py:3096} INFO - Sync 1 DAGs
[2025-10-22T18:30:21.281+0000] {logging_mixin.py:188} INFO - [2025-10-22T18:30:21.281+0000] {dag.py:3954} INFO - Setting next_dagrun for bronze_dag_simple to 2025-10-22 18:00:00+00:00, run_after=2025-10-23 18:00:00+00:00
[2025-10-22T18:30:21.294+0000] {processor.py:183} INFO - Processing /opt/airflow/dags/bronze_dag_simple.py took 0.072 seconds
[2025-10-22T18:30:54.229+0000] {processor.py:161} INFO - Started process (PID=435) to work on /opt/airflow/dags/bronze_dag_simple.py
[2025-10-22T18:30:54.229+0000] {processor.py:830} INFO - Processing file /opt/airflow/dags/bronze_dag_simple.py for tasks to queue
[2025-10-22T18:30:54.231+0000] {logging_mixin.py:188} INFO - [2025-10-22T18:30:54.231+0000] {dagbag.py:540} INFO - Filling up the DagBag from /opt/airflow/dags/bronze_dag_simple.py
[2025-10-22T18:30:54.249+0000] {processor.py:840} INFO - DAG(s) 'bronze_dag_simple' retrieved from /opt/airflow/dags/bronze_dag_simple.py
[2025-10-22T18:30:54.269+0000] {logging_mixin.py:188} INFO - [2025-10-22T18:30:54.269+0000] {dag.py:3096} INFO - Sync 1 DAGs
[2025-10-22T18:30:54.286+0000] {logging_mixin.py:188} INFO - [2025-10-22T18:30:54.286+0000] {dag.py:3954} INFO - Setting next_dagrun for bronze_dag_simple to 2025-10-22 18:00:00+00:00, run_after=2025-10-23 18:00:00+00:00
[2025-10-22T18:30:54.301+0000] {processor.py:183} INFO - Processing /opt/airflow/dags/bronze_dag_simple.py took 0.078 seconds
[2025-10-22T18:31:25.132+0000] {processor.py:161} INFO - Started process (PID=437) to work on /opt/airflow/dags/bronze_dag_simple.py
[2025-10-22T18:31:25.133+0000] {processor.py:830} INFO - Processing file /opt/airflow/dags/bronze_dag_simple.py for tasks to queue
[2025-10-22T18:31:25.135+0000] {logging_mixin.py:188} INFO - [2025-10-22T18:31:25.134+0000] {dagbag.py:540} INFO - Filling up the DagBag from /opt/airflow/dags/bronze_dag_simple.py
[2025-10-22T18:31:25.152+0000] {processor.py:840} INFO - DAG(s) 'bronze_dag_simple' retrieved from /opt/airflow/dags/bronze_dag_simple.py
[2025-10-22T18:31:25.171+0000] {logging_mixin.py:188} INFO - [2025-10-22T18:31:25.171+0000] {dag.py:3096} INFO - Sync 1 DAGs
[2025-10-22T18:31:25.186+0000] {logging_mixin.py:188} INFO - [2025-10-22T18:31:25.186+0000] {dag.py:3954} INFO - Setting next_dagrun for bronze_dag_simple to 2025-10-22 18:00:00+00:00, run_after=2025-10-23 18:00:00+00:00
[2025-10-22T18:31:25.199+0000] {processor.py:183} INFO - Processing /opt/airflow/dags/bronze_dag_simple.py took 0.072 seconds
[2025-10-22T18:31:55.988+0000] {processor.py:161} INFO - Started process (PID=439) to work on /opt/airflow/dags/bronze_dag_simple.py
[2025-10-22T18:31:55.989+0000] {processor.py:830} INFO - Processing file /opt/airflow/dags/bronze_dag_simple.py for tasks to queue
[2025-10-22T18:31:55.990+0000] {logging_mixin.py:188} INFO - [2025-10-22T18:31:55.990+0000] {dagbag.py:540} INFO - Filling up the DagBag from /opt/airflow/dags/bronze_dag_simple.py
[2025-10-22T18:31:56.011+0000] {processor.py:840} INFO - DAG(s) 'bronze_dag_simple' retrieved from /opt/airflow/dags/bronze_dag_simple.py
[2025-10-22T18:31:56.036+0000] {logging_mixin.py:188} INFO - [2025-10-22T18:31:56.036+0000] {dag.py:3096} INFO - Sync 1 DAGs
[2025-10-22T18:31:56.057+0000] {logging_mixin.py:188} INFO - [2025-10-22T18:31:56.056+0000] {dag.py:3954} INFO - Setting next_dagrun for bronze_dag_simple to 2025-10-22 18:00:00+00:00, run_after=2025-10-23 18:00:00+00:00
[2025-10-22T18:31:56.074+0000] {processor.py:183} INFO - Processing /opt/airflow/dags/bronze_dag_simple.py took 0.092 seconds
[2025-10-22T18:32:35.350+0000] {processor.py:161} INFO - Started process (PID=441) to work on /opt/airflow/dags/bronze_dag_simple.py
[2025-10-22T18:32:35.351+0000] {processor.py:830} INFO - Processing file /opt/airflow/dags/bronze_dag_simple.py for tasks to queue
[2025-10-22T18:32:35.353+0000] {logging_mixin.py:188} INFO - [2025-10-22T18:32:35.353+0000] {dagbag.py:540} INFO - Filling up the DagBag from /opt/airflow/dags/bronze_dag_simple.py
[2025-10-22T18:32:35.372+0000] {processor.py:840} INFO - DAG(s) 'bronze_dag_simple' retrieved from /opt/airflow/dags/bronze_dag_simple.py
[2025-10-22T18:32:35.392+0000] {logging_mixin.py:188} INFO - [2025-10-22T18:32:35.392+0000] {dag.py:3096} INFO - Sync 1 DAGs
[2025-10-22T18:32:35.412+0000] {logging_mixin.py:188} INFO - [2025-10-22T18:32:35.412+0000] {dag.py:3954} INFO - Setting next_dagrun for bronze_dag_simple to 2025-10-22 18:00:00+00:00, run_after=2025-10-23 18:00:00+00:00
[2025-10-22T18:32:35.430+0000] {processor.py:183} INFO - Processing /opt/airflow/dags/bronze_dag_simple.py took 0.087 seconds
[2025-10-22T18:33:05.720+0000] {processor.py:161} INFO - Started process (PID=443) to work on /opt/airflow/dags/bronze_dag_simple.py
[2025-10-22T18:33:05.721+0000] {processor.py:830} INFO - Processing file /opt/airflow/dags/bronze_dag_simple.py for tasks to queue
[2025-10-22T18:33:05.723+0000] {logging_mixin.py:188} INFO - [2025-10-22T18:33:05.722+0000] {dagbag.py:540} INFO - Filling up the DagBag from /opt/airflow/dags/bronze_dag_simple.py
[2025-10-22T18:33:05.739+0000] {processor.py:840} INFO - DAG(s) 'bronze_dag_simple' retrieved from /opt/airflow/dags/bronze_dag_simple.py
[2025-10-22T18:33:05.757+0000] {logging_mixin.py:188} INFO - [2025-10-22T18:33:05.757+0000] {dag.py:3096} INFO - Sync 1 DAGs
[2025-10-22T18:33:05.772+0000] {logging_mixin.py:188} INFO - [2025-10-22T18:33:05.772+0000] {dag.py:3954} INFO - Setting next_dagrun for bronze_dag_simple to 2025-10-22 18:00:00+00:00, run_after=2025-10-23 18:00:00+00:00
[2025-10-22T18:33:05.785+0000] {processor.py:183} INFO - Processing /opt/airflow/dags/bronze_dag_simple.py took 0.070 seconds
[2025-10-22T18:33:36.674+0000] {processor.py:161} INFO - Started process (PID=445) to work on /opt/airflow/dags/bronze_dag_simple.py
[2025-10-22T18:33:36.675+0000] {processor.py:830} INFO - Processing file /opt/airflow/dags/bronze_dag_simple.py for tasks to queue
[2025-10-22T18:33:36.676+0000] {logging_mixin.py:188} INFO - [2025-10-22T18:33:36.676+0000] {dagbag.py:540} INFO - Filling up the DagBag from /opt/airflow/dags/bronze_dag_simple.py
[2025-10-22T18:33:36.694+0000] {processor.py:840} INFO - DAG(s) 'bronze_dag_simple' retrieved from /opt/airflow/dags/bronze_dag_simple.py
[2025-10-22T18:33:36.713+0000] {logging_mixin.py:188} INFO - [2025-10-22T18:33:36.713+0000] {dag.py:3096} INFO - Sync 1 DAGs
[2025-10-22T18:33:36.731+0000] {logging_mixin.py:188} INFO - [2025-10-22T18:33:36.731+0000] {dag.py:3954} INFO - Setting next_dagrun for bronze_dag_simple to 2025-10-22 18:00:00+00:00, run_after=2025-10-23 18:00:00+00:00
[2025-10-22T18:33:36.745+0000] {processor.py:183} INFO - Processing /opt/airflow/dags/bronze_dag_simple.py took 0.076 seconds
[2025-10-22T18:34:07.636+0000] {processor.py:161} INFO - Started process (PID=447) to work on /opt/airflow/dags/bronze_dag_simple.py
[2025-10-22T18:34:07.637+0000] {processor.py:830} INFO - Processing file /opt/airflow/dags/bronze_dag_simple.py for tasks to queue
[2025-10-22T18:34:07.639+0000] {logging_mixin.py:188} INFO - [2025-10-22T18:34:07.639+0000] {dagbag.py:540} INFO - Filling up the DagBag from /opt/airflow/dags/bronze_dag_simple.py
[2025-10-22T18:34:07.657+0000] {processor.py:840} INFO - DAG(s) 'bronze_dag_simple' retrieved from /opt/airflow/dags/bronze_dag_simple.py
[2025-10-22T18:34:07.676+0000] {logging_mixin.py:188} INFO - [2025-10-22T18:34:07.676+0000] {dag.py:3096} INFO - Sync 1 DAGs
[2025-10-22T18:34:07.692+0000] {logging_mixin.py:188} INFO - [2025-10-22T18:34:07.692+0000] {dag.py:3954} INFO - Setting next_dagrun for bronze_dag_simple to 2025-10-22 18:00:00+00:00, run_after=2025-10-23 18:00:00+00:00
[2025-10-22T18:34:07.706+0000] {processor.py:183} INFO - Processing /opt/airflow/dags/bronze_dag_simple.py took 0.076 seconds
[2025-10-22T18:34:38.598+0000] {processor.py:161} INFO - Started process (PID=449) to work on /opt/airflow/dags/bronze_dag_simple.py
[2025-10-22T18:34:38.598+0000] {processor.py:830} INFO - Processing file /opt/airflow/dags/bronze_dag_simple.py for tasks to queue
[2025-10-22T18:34:38.600+0000] {logging_mixin.py:188} INFO - [2025-10-22T18:34:38.600+0000] {dagbag.py:540} INFO - Filling up the DagBag from /opt/airflow/dags/bronze_dag_simple.py
[2025-10-22T18:34:38.617+0000] {processor.py:840} INFO - DAG(s) 'bronze_dag_simple' retrieved from /opt/airflow/dags/bronze_dag_simple.py
[2025-10-22T18:34:38.635+0000] {logging_mixin.py:188} INFO - [2025-10-22T18:34:38.635+0000] {dag.py:3096} INFO - Sync 1 DAGs
[2025-10-22T18:34:38.652+0000] {logging_mixin.py:188} INFO - [2025-10-22T18:34:38.651+0000] {dag.py:3954} INFO - Setting next_dagrun for bronze_dag_simple to 2025-10-22 18:00:00+00:00, run_after=2025-10-23 18:00:00+00:00
[2025-10-22T18:34:38.665+0000] {processor.py:183} INFO - Processing /opt/airflow/dags/bronze_dag_simple.py took 0.073 seconds
[2025-10-22T18:35:08.991+0000] {processor.py:161} INFO - Started process (PID=450) to work on /opt/airflow/dags/bronze_dag_simple.py
[2025-10-22T18:35:08.992+0000] {processor.py:830} INFO - Processing file /opt/airflow/dags/bronze_dag_simple.py for tasks to queue
[2025-10-22T18:35:08.993+0000] {logging_mixin.py:188} INFO - [2025-10-22T18:35:08.993+0000] {dagbag.py:540} INFO - Filling up the DagBag from /opt/airflow/dags/bronze_dag_simple.py
[2025-10-22T18:35:09.010+0000] {processor.py:840} INFO - DAG(s) 'bronze_dag_simple' retrieved from /opt/airflow/dags/bronze_dag_simple.py
[2025-10-22T18:35:09.029+0000] {logging_mixin.py:188} INFO - [2025-10-22T18:35:09.029+0000] {dag.py:3096} INFO - Sync 1 DAGs
[2025-10-22T18:35:09.047+0000] {logging_mixin.py:188} INFO - [2025-10-22T18:35:09.046+0000] {dag.py:3954} INFO - Setting next_dagrun for bronze_dag_simple to 2025-10-22 18:00:00+00:00, run_after=2025-10-23 18:00:00+00:00
[2025-10-22T18:35:09.063+0000] {processor.py:183} INFO - Processing /opt/airflow/dags/bronze_dag_simple.py took 0.077 seconds
[2025-10-22T18:35:39.246+0000] {processor.py:161} INFO - Started process (PID=452) to work on /opt/airflow/dags/bronze_dag_simple.py
[2025-10-22T18:35:39.247+0000] {processor.py:830} INFO - Processing file /opt/airflow/dags/bronze_dag_simple.py for tasks to queue
[2025-10-22T18:35:39.249+0000] {logging_mixin.py:188} INFO - [2025-10-22T18:35:39.248+0000] {dagbag.py:540} INFO - Filling up the DagBag from /opt/airflow/dags/bronze_dag_simple.py
[2025-10-22T18:35:39.267+0000] {processor.py:840} INFO - DAG(s) 'bronze_dag_simple' retrieved from /opt/airflow/dags/bronze_dag_simple.py
[2025-10-22T18:35:39.290+0000] {logging_mixin.py:188} INFO - [2025-10-22T18:35:39.290+0000] {dag.py:3096} INFO - Sync 1 DAGs
[2025-10-22T18:35:39.309+0000] {logging_mixin.py:188} INFO - [2025-10-22T18:35:39.308+0000] {dag.py:3954} INFO - Setting next_dagrun for bronze_dag_simple to 2025-10-22 18:00:00+00:00, run_after=2025-10-23 18:00:00+00:00
[2025-10-22T18:35:39.326+0000] {processor.py:183} INFO - Processing /opt/airflow/dags/bronze_dag_simple.py took 0.087 seconds
[2025-10-22T18:36:10.682+0000] {processor.py:161} INFO - Started process (PID=454) to work on /opt/airflow/dags/bronze_dag_simple.py
[2025-10-22T18:36:10.683+0000] {processor.py:830} INFO - Processing file /opt/airflow/dags/bronze_dag_simple.py for tasks to queue
[2025-10-22T18:36:10.685+0000] {logging_mixin.py:188} INFO - [2025-10-22T18:36:10.684+0000] {dagbag.py:540} INFO - Filling up the DagBag from /opt/airflow/dags/bronze_dag_simple.py
[2025-10-22T18:36:10.704+0000] {processor.py:840} INFO - DAG(s) 'bronze_dag_simple' retrieved from /opt/airflow/dags/bronze_dag_simple.py
[2025-10-22T18:36:10.726+0000] {logging_mixin.py:188} INFO - [2025-10-22T18:36:10.725+0000] {dag.py:3096} INFO - Sync 1 DAGs
[2025-10-22T18:36:10.744+0000] {logging_mixin.py:188} INFO - [2025-10-22T18:36:10.744+0000] {dag.py:3954} INFO - Setting next_dagrun for bronze_dag_simple to 2025-10-22 18:00:00+00:00, run_after=2025-10-23 18:00:00+00:00
[2025-10-22T18:36:10.761+0000] {processor.py:183} INFO - Processing /opt/airflow/dags/bronze_dag_simple.py took 0.084 seconds
[2025-10-22T18:36:41.118+0000] {processor.py:161} INFO - Started process (PID=456) to work on /opt/airflow/dags/bronze_dag_simple.py
[2025-10-22T18:36:41.119+0000] {processor.py:830} INFO - Processing file /opt/airflow/dags/bronze_dag_simple.py for tasks to queue
[2025-10-22T18:36:41.121+0000] {logging_mixin.py:188} INFO - [2025-10-22T18:36:41.121+0000] {dagbag.py:540} INFO - Filling up the DagBag from /opt/airflow/dags/bronze_dag_simple.py
[2025-10-22T18:36:41.142+0000] {processor.py:840} INFO - DAG(s) 'bronze_dag_simple' retrieved from /opt/airflow/dags/bronze_dag_simple.py
[2025-10-22T18:36:41.164+0000] {logging_mixin.py:188} INFO - [2025-10-22T18:36:41.164+0000] {dag.py:3096} INFO - Sync 1 DAGs
[2025-10-22T18:36:41.186+0000] {logging_mixin.py:188} INFO - [2025-10-22T18:36:41.186+0000] {dag.py:3954} INFO - Setting next_dagrun for bronze_dag_simple to 2025-10-22 18:00:00+00:00, run_after=2025-10-23 18:00:00+00:00
[2025-10-22T18:36:41.202+0000] {processor.py:183} INFO - Processing /opt/airflow/dags/bronze_dag_simple.py took 0.089 seconds
[2025-10-22T18:37:11.327+0000] {processor.py:161} INFO - Started process (PID=458) to work on /opt/airflow/dags/bronze_dag_simple.py
[2025-10-22T18:37:11.328+0000] {processor.py:830} INFO - Processing file /opt/airflow/dags/bronze_dag_simple.py for tasks to queue
[2025-10-22T18:37:11.330+0000] {logging_mixin.py:188} INFO - [2025-10-22T18:37:11.330+0000] {dagbag.py:540} INFO - Filling up the DagBag from /opt/airflow/dags/bronze_dag_simple.py
[2025-10-22T18:37:11.353+0000] {processor.py:840} INFO - DAG(s) 'bronze_dag_simple' retrieved from /opt/airflow/dags/bronze_dag_simple.py
[2025-10-22T18:37:11.376+0000] {logging_mixin.py:188} INFO - [2025-10-22T18:37:11.376+0000] {dag.py:3096} INFO - Sync 1 DAGs
[2025-10-22T18:37:11.399+0000] {logging_mixin.py:188} INFO - [2025-10-22T18:37:11.398+0000] {dag.py:3954} INFO - Setting next_dagrun for bronze_dag_simple to 2025-10-22 18:00:00+00:00, run_after=2025-10-23 18:00:00+00:00
[2025-10-22T18:37:11.418+0000] {processor.py:183} INFO - Processing /opt/airflow/dags/bronze_dag_simple.py took 0.096 seconds
[2025-10-22T18:37:41.605+0000] {processor.py:161} INFO - Started process (PID=460) to work on /opt/airflow/dags/bronze_dag_simple.py
[2025-10-22T18:37:41.606+0000] {processor.py:830} INFO - Processing file /opt/airflow/dags/bronze_dag_simple.py for tasks to queue
[2025-10-22T18:37:41.607+0000] {logging_mixin.py:188} INFO - [2025-10-22T18:37:41.607+0000] {dagbag.py:540} INFO - Filling up the DagBag from /opt/airflow/dags/bronze_dag_simple.py
[2025-10-22T18:37:41.627+0000] {processor.py:840} INFO - DAG(s) 'bronze_dag_simple' retrieved from /opt/airflow/dags/bronze_dag_simple.py
[2025-10-22T18:37:41.647+0000] {logging_mixin.py:188} INFO - [2025-10-22T18:37:41.647+0000] {dag.py:3096} INFO - Sync 1 DAGs
[2025-10-22T18:37:41.666+0000] {logging_mixin.py:188} INFO - [2025-10-22T18:37:41.666+0000] {dag.py:3954} INFO - Setting next_dagrun for bronze_dag_simple to 2025-10-22 18:00:00+00:00, run_after=2025-10-23 18:00:00+00:00
[2025-10-22T18:37:41.681+0000] {processor.py:183} INFO - Processing /opt/airflow/dags/bronze_dag_simple.py took 0.081 seconds
[2025-10-22T18:38:34.840+0000] {processor.py:161} INFO - Started process (PID=463) to work on /opt/airflow/dags/bronze_dag_simple.py
[2025-10-22T18:38:34.841+0000] {processor.py:830} INFO - Processing file /opt/airflow/dags/bronze_dag_simple.py for tasks to queue
[2025-10-22T18:38:34.844+0000] {logging_mixin.py:188} INFO - [2025-10-22T18:38:34.843+0000] {dagbag.py:540} INFO - Filling up the DagBag from /opt/airflow/dags/bronze_dag_simple.py
[2025-10-22T18:38:34.862+0000] {processor.py:840} INFO - DAG(s) 'bronze_dag_simple' retrieved from /opt/airflow/dags/bronze_dag_simple.py
[2025-10-22T18:38:34.885+0000] {logging_mixin.py:188} INFO - [2025-10-22T18:38:34.885+0000] {dag.py:3096} INFO - Sync 1 DAGs
[2025-10-22T18:38:34.905+0000] {logging_mixin.py:188} INFO - [2025-10-22T18:38:34.904+0000] {dag.py:3954} INFO - Setting next_dagrun for bronze_dag_simple to 2025-10-22 18:00:00+00:00, run_after=2025-10-23 18:00:00+00:00
[2025-10-22T18:38:34.923+0000] {processor.py:183} INFO - Processing /opt/airflow/dags/bronze_dag_simple.py took 0.087 seconds
[2025-10-22T18:39:05.104+0000] {processor.py:161} INFO - Started process (PID=464) to work on /opt/airflow/dags/bronze_dag_simple.py
[2025-10-22T18:39:05.105+0000] {processor.py:830} INFO - Processing file /opt/airflow/dags/bronze_dag_simple.py for tasks to queue
[2025-10-22T18:39:05.107+0000] {logging_mixin.py:188} INFO - [2025-10-22T18:39:05.106+0000] {dagbag.py:540} INFO - Filling up the DagBag from /opt/airflow/dags/bronze_dag_simple.py
[2025-10-22T18:39:05.123+0000] {processor.py:840} INFO - DAG(s) 'bronze_dag_simple' retrieved from /opt/airflow/dags/bronze_dag_simple.py
[2025-10-22T18:39:05.143+0000] {logging_mixin.py:188} INFO - [2025-10-22T18:39:05.143+0000] {dag.py:3096} INFO - Sync 1 DAGs
[2025-10-22T18:39:05.160+0000] {logging_mixin.py:188} INFO - [2025-10-22T18:39:05.160+0000] {dag.py:3954} INFO - Setting next_dagrun for bronze_dag_simple to 2025-10-22 18:00:00+00:00, run_after=2025-10-23 18:00:00+00:00
[2025-10-22T18:39:05.175+0000] {processor.py:183} INFO - Processing /opt/airflow/dags/bronze_dag_simple.py took 0.078 seconds
[2025-10-22T18:40:04.024+0000] {processor.py:161} INFO - Started process (PID=467) to work on /opt/airflow/dags/bronze_dag_simple.py
[2025-10-22T18:40:04.025+0000] {processor.py:830} INFO - Processing file /opt/airflow/dags/bronze_dag_simple.py for tasks to queue
[2025-10-22T18:40:04.027+0000] {logging_mixin.py:188} INFO - [2025-10-22T18:40:04.027+0000] {dagbag.py:540} INFO - Filling up the DagBag from /opt/airflow/dags/bronze_dag_simple.py
[2025-10-22T18:40:04.049+0000] {processor.py:840} INFO - DAG(s) 'bronze_dag_simple' retrieved from /opt/airflow/dags/bronze_dag_simple.py
[2025-10-22T18:40:04.075+0000] {logging_mixin.py:188} INFO - [2025-10-22T18:40:04.075+0000] {dag.py:3096} INFO - Sync 1 DAGs
[2025-10-22T18:40:04.095+0000] {logging_mixin.py:188} INFO - [2025-10-22T18:40:04.095+0000] {dag.py:3954} INFO - Setting next_dagrun for bronze_dag_simple to 2025-10-22 18:00:00+00:00, run_after=2025-10-23 18:00:00+00:00
[2025-10-22T18:40:04.114+0000] {processor.py:183} INFO - Processing /opt/airflow/dags/bronze_dag_simple.py took 0.095 seconds
[2025-10-22T18:40:34.284+0000] {processor.py:161} INFO - Started process (PID=468) to work on /opt/airflow/dags/bronze_dag_simple.py
[2025-10-22T18:40:34.285+0000] {processor.py:830} INFO - Processing file /opt/airflow/dags/bronze_dag_simple.py for tasks to queue
[2025-10-22T18:40:34.286+0000] {logging_mixin.py:188} INFO - [2025-10-22T18:40:34.286+0000] {dagbag.py:540} INFO - Filling up the DagBag from /opt/airflow/dags/bronze_dag_simple.py
[2025-10-22T18:40:34.302+0000] {processor.py:840} INFO - DAG(s) 'bronze_dag_simple' retrieved from /opt/airflow/dags/bronze_dag_simple.py
[2025-10-22T18:40:34.321+0000] {logging_mixin.py:188} INFO - [2025-10-22T18:40:34.320+0000] {dag.py:3096} INFO - Sync 1 DAGs
[2025-10-22T18:40:34.339+0000] {logging_mixin.py:188} INFO - [2025-10-22T18:40:34.339+0000] {dag.py:3954} INFO - Setting next_dagrun for bronze_dag_simple to 2025-10-22 18:00:00+00:00, run_after=2025-10-23 18:00:00+00:00
[2025-10-22T18:40:34.354+0000] {processor.py:183} INFO - Processing /opt/airflow/dags/bronze_dag_simple.py took 0.075 seconds
[2025-10-22T18:41:04.544+0000] {processor.py:161} INFO - Started process (PID=470) to work on /opt/airflow/dags/bronze_dag_simple.py
[2025-10-22T18:41:04.545+0000] {processor.py:830} INFO - Processing file /opt/airflow/dags/bronze_dag_simple.py for tasks to queue
[2025-10-22T18:41:04.546+0000] {logging_mixin.py:188} INFO - [2025-10-22T18:41:04.546+0000] {dagbag.py:540} INFO - Filling up the DagBag from /opt/airflow/dags/bronze_dag_simple.py
[2025-10-22T18:41:04.565+0000] {processor.py:840} INFO - DAG(s) 'bronze_dag_simple' retrieved from /opt/airflow/dags/bronze_dag_simple.py
[2025-10-22T18:41:04.585+0000] {logging_mixin.py:188} INFO - [2025-10-22T18:41:04.585+0000] {dag.py:3096} INFO - Sync 1 DAGs
[2025-10-22T18:41:04.604+0000] {logging_mixin.py:188} INFO - [2025-10-22T18:41:04.604+0000] {dag.py:3954} INFO - Setting next_dagrun for bronze_dag_simple to 2025-10-22 18:00:00+00:00, run_after=2025-10-23 18:00:00+00:00
[2025-10-22T18:41:04.620+0000] {processor.py:183} INFO - Processing /opt/airflow/dags/bronze_dag_simple.py took 0.082 seconds
[2025-10-22T18:41:34.719+0000] {processor.py:161} INFO - Started process (PID=472) to work on /opt/airflow/dags/bronze_dag_simple.py
[2025-10-22T18:41:34.721+0000] {processor.py:830} INFO - Processing file /opt/airflow/dags/bronze_dag_simple.py for tasks to queue
[2025-10-22T18:41:34.723+0000] {logging_mixin.py:188} INFO - [2025-10-22T18:41:34.722+0000] {dagbag.py:540} INFO - Filling up the DagBag from /opt/airflow/dags/bronze_dag_simple.py
[2025-10-22T18:41:34.740+0000] {processor.py:840} INFO - DAG(s) 'bronze_dag_simple' retrieved from /opt/airflow/dags/bronze_dag_simple.py
[2025-10-22T18:41:34.758+0000] {logging_mixin.py:188} INFO - [2025-10-22T18:41:34.758+0000] {dag.py:3096} INFO - Sync 1 DAGs
[2025-10-22T18:41:34.775+0000] {logging_mixin.py:188} INFO - [2025-10-22T18:41:34.775+0000] {dag.py:3954} INFO - Setting next_dagrun for bronze_dag_simple to 2025-10-22 18:00:00+00:00, run_after=2025-10-23 18:00:00+00:00
[2025-10-22T18:41:34.794+0000] {processor.py:183} INFO - Processing /opt/airflow/dags/bronze_dag_simple.py took 0.082 seconds
[2025-10-22T18:42:04.836+0000] {processor.py:161} INFO - Started process (PID=474) to work on /opt/airflow/dags/bronze_dag_simple.py
[2025-10-22T18:42:04.837+0000] {processor.py:830} INFO - Processing file /opt/airflow/dags/bronze_dag_simple.py for tasks to queue
[2025-10-22T18:42:04.839+0000] {logging_mixin.py:188} INFO - [2025-10-22T18:42:04.838+0000] {dagbag.py:540} INFO - Filling up the DagBag from /opt/airflow/dags/bronze_dag_simple.py
[2025-10-22T18:42:04.856+0000] {processor.py:840} INFO - DAG(s) 'bronze_dag_simple' retrieved from /opt/airflow/dags/bronze_dag_simple.py
[2025-10-22T18:42:04.875+0000] {logging_mixin.py:188} INFO - [2025-10-22T18:42:04.875+0000] {dag.py:3096} INFO - Sync 1 DAGs
[2025-10-22T18:42:04.892+0000] {logging_mixin.py:188} INFO - [2025-10-22T18:42:04.892+0000] {dag.py:3954} INFO - Setting next_dagrun for bronze_dag_simple to 2025-10-22 18:00:00+00:00, run_after=2025-10-23 18:00:00+00:00
[2025-10-22T18:42:04.906+0000] {processor.py:183} INFO - Processing /opt/airflow/dags/bronze_dag_simple.py took 0.075 seconds
[2025-10-22T18:42:35.081+0000] {processor.py:161} INFO - Started process (PID=476) to work on /opt/airflow/dags/bronze_dag_simple.py
[2025-10-22T18:42:35.081+0000] {processor.py:830} INFO - Processing file /opt/airflow/dags/bronze_dag_simple.py for tasks to queue
[2025-10-22T18:42:35.084+0000] {logging_mixin.py:188} INFO - [2025-10-22T18:42:35.083+0000] {dagbag.py:540} INFO - Filling up the DagBag from /opt/airflow/dags/bronze_dag_simple.py
[2025-10-22T18:42:35.099+0000] {processor.py:840} INFO - DAG(s) 'bronze_dag_simple' retrieved from /opt/airflow/dags/bronze_dag_simple.py
[2025-10-22T18:42:35.119+0000] {logging_mixin.py:188} INFO - [2025-10-22T18:42:35.118+0000] {dag.py:3096} INFO - Sync 1 DAGs
[2025-10-22T18:42:35.136+0000] {logging_mixin.py:188} INFO - [2025-10-22T18:42:35.136+0000] {dag.py:3954} INFO - Setting next_dagrun for bronze_dag_simple to 2025-10-22 18:00:00+00:00, run_after=2025-10-23 18:00:00+00:00
[2025-10-22T18:42:35.150+0000] {processor.py:183} INFO - Processing /opt/airflow/dags/bronze_dag_simple.py took 0.075 seconds
[2025-10-22T18:43:05.321+0000] {processor.py:161} INFO - Started process (PID=478) to work on /opt/airflow/dags/bronze_dag_simple.py
[2025-10-22T18:43:05.322+0000] {processor.py:830} INFO - Processing file /opt/airflow/dags/bronze_dag_simple.py for tasks to queue
[2025-10-22T18:43:05.324+0000] {logging_mixin.py:188} INFO - [2025-10-22T18:43:05.324+0000] {dagbag.py:540} INFO - Filling up the DagBag from /opt/airflow/dags/bronze_dag_simple.py
[2025-10-22T18:43:05.341+0000] {processor.py:840} INFO - DAG(s) 'bronze_dag_simple' retrieved from /opt/airflow/dags/bronze_dag_simple.py
[2025-10-22T18:43:05.360+0000] {logging_mixin.py:188} INFO - [2025-10-22T18:43:05.360+0000] {dag.py:3096} INFO - Sync 1 DAGs
[2025-10-22T18:43:05.378+0000] {logging_mixin.py:188} INFO - [2025-10-22T18:43:05.378+0000] {dag.py:3954} INFO - Setting next_dagrun for bronze_dag_simple to 2025-10-22 18:00:00+00:00, run_after=2025-10-23 18:00:00+00:00
[2025-10-22T18:43:05.393+0000] {processor.py:183} INFO - Processing /opt/airflow/dags/bronze_dag_simple.py took 0.076 seconds
[2025-10-22T18:43:35.544+0000] {processor.py:161} INFO - Started process (PID=480) to work on /opt/airflow/dags/bronze_dag_simple.py
[2025-10-22T18:43:35.545+0000] {processor.py:830} INFO - Processing file /opt/airflow/dags/bronze_dag_simple.py for tasks to queue
[2025-10-22T18:43:35.546+0000] {logging_mixin.py:188} INFO - [2025-10-22T18:43:35.546+0000] {dagbag.py:540} INFO - Filling up the DagBag from /opt/airflow/dags/bronze_dag_simple.py
[2025-10-22T18:43:35.562+0000] {processor.py:840} INFO - DAG(s) 'bronze_dag_simple' retrieved from /opt/airflow/dags/bronze_dag_simple.py
[2025-10-22T18:43:35.579+0000] {logging_mixin.py:188} INFO - [2025-10-22T18:43:35.579+0000] {dag.py:3096} INFO - Sync 1 DAGs
[2025-10-22T18:43:35.595+0000] {logging_mixin.py:188} INFO - [2025-10-22T18:43:35.595+0000] {dag.py:3954} INFO - Setting next_dagrun for bronze_dag_simple to 2025-10-22 18:00:00+00:00, run_after=2025-10-23 18:00:00+00:00
[2025-10-22T18:43:35.607+0000] {processor.py:183} INFO - Processing /opt/airflow/dags/bronze_dag_simple.py took 0.068 seconds
[2025-10-22T18:44:05.653+0000] {processor.py:161} INFO - Started process (PID=482) to work on /opt/airflow/dags/bronze_dag_simple.py
[2025-10-22T18:44:05.653+0000] {processor.py:830} INFO - Processing file /opt/airflow/dags/bronze_dag_simple.py for tasks to queue
[2025-10-22T18:44:05.655+0000] {logging_mixin.py:188} INFO - [2025-10-22T18:44:05.655+0000] {dagbag.py:540} INFO - Filling up the DagBag from /opt/airflow/dags/bronze_dag_simple.py
[2025-10-22T18:44:05.676+0000] {processor.py:840} INFO - DAG(s) 'bronze_dag_simple' retrieved from /opt/airflow/dags/bronze_dag_simple.py
[2025-10-22T18:44:05.698+0000] {logging_mixin.py:188} INFO - [2025-10-22T18:44:05.698+0000] {dag.py:3096} INFO - Sync 1 DAGs
[2025-10-22T18:44:05.719+0000] {logging_mixin.py:188} INFO - [2025-10-22T18:44:05.719+0000] {dag.py:3954} INFO - Setting next_dagrun for bronze_dag_simple to 2025-10-22 18:00:00+00:00, run_after=2025-10-23 18:00:00+00:00
[2025-10-22T18:44:05.737+0000] {processor.py:183} INFO - Processing /opt/airflow/dags/bronze_dag_simple.py took 0.089 seconds
[2025-10-22T20:07:02.682+0000] {processor.py:161} INFO - Started process (PID=485) to work on /opt/airflow/dags/bronze_dag_simple.py
[2025-10-22T20:07:02.708+0000] {processor.py:830} INFO - Processing file /opt/airflow/dags/bronze_dag_simple.py for tasks to queue
[2025-10-22T20:07:02.712+0000] {logging_mixin.py:188} INFO - [2025-10-22T20:07:02.711+0000] {dagbag.py:540} INFO - Filling up the DagBag from /opt/airflow/dags/bronze_dag_simple.py
[2025-10-22T20:07:02.747+0000] {processor.py:840} INFO - DAG(s) 'bronze_dag_simple' retrieved from /opt/airflow/dags/bronze_dag_simple.py
[2025-10-22T20:07:02.788+0000] {logging_mixin.py:188} INFO - [2025-10-22T20:07:02.788+0000] {dag.py:3096} INFO - Sync 1 DAGs
[2025-10-22T20:07:02.821+0000] {logging_mixin.py:188} INFO - [2025-10-22T20:07:02.821+0000] {dag.py:3954} INFO - Setting next_dagrun for bronze_dag_simple to 2025-10-22 18:00:00+00:00, run_after=2025-10-23 18:00:00+00:00
[2025-10-22T20:07:02.891+0000] {processor.py:183} INFO - Processing /opt/airflow/dags/bronze_dag_simple.py took 0.220 seconds
[2025-10-22T20:07:54.021+0000] {processor.py:161} INFO - Started process (PID=487) to work on /opt/airflow/dags/bronze_dag_simple.py
[2025-10-22T20:07:54.022+0000] {processor.py:830} INFO - Processing file /opt/airflow/dags/bronze_dag_simple.py for tasks to queue
[2025-10-22T20:07:54.024+0000] {logging_mixin.py:188} INFO - [2025-10-22T20:07:54.024+0000] {dagbag.py:540} INFO - Filling up the DagBag from /opt/airflow/dags/bronze_dag_simple.py
[2025-10-22T20:07:54.056+0000] {processor.py:840} INFO - DAG(s) 'bronze_dag_simple' retrieved from /opt/airflow/dags/bronze_dag_simple.py
[2025-10-22T20:07:54.088+0000] {logging_mixin.py:188} INFO - [2025-10-22T20:07:54.088+0000] {dag.py:3096} INFO - Sync 1 DAGs
[2025-10-22T20:07:54.118+0000] {logging_mixin.py:188} INFO - [2025-10-22T20:07:54.117+0000] {dag.py:3954} INFO - Setting next_dagrun for bronze_dag_simple to 2025-10-22 18:00:00+00:00, run_after=2025-10-23 18:00:00+00:00
[2025-10-22T20:07:54.149+0000] {processor.py:183} INFO - Processing /opt/airflow/dags/bronze_dag_simple.py took 0.136 seconds
