[2025-10-24T08:54:48.762+0000] {processor.py:161} INFO - Started process (PID=120) to work on /opt/airflow/dags/silver/silver_cleaning.py
[2025-10-24T08:54:48.763+0000] {processor.py:830} INFO - Processing file /opt/airflow/dags/silver/silver_cleaning.py for tasks to queue
[2025-10-24T08:54:48.763+0000] {logging_mixin.py:188} INFO - [2025-10-24T08:54:48.763+0000] {dagbag.py:540} INFO - Filling up the DagBag from /opt/airflow/dags/silver/silver_cleaning.py
[2025-10-24T08:54:49.274+0000] {processor.py:842} WARNING - No viable dags retrieved from /opt/airflow/dags/silver/silver_cleaning.py
[2025-10-24T08:54:49.288+0000] {processor.py:183} INFO - Processing /opt/airflow/dags/silver/silver_cleaning.py took 0.531 seconds
[2025-10-24T08:55:20.069+0000] {processor.py:161} INFO - Started process (PID=124) to work on /opt/airflow/dags/silver/silver_cleaning.py
[2025-10-24T08:55:20.070+0000] {processor.py:830} INFO - Processing file /opt/airflow/dags/silver/silver_cleaning.py for tasks to queue
[2025-10-24T08:55:20.071+0000] {logging_mixin.py:188} INFO - [2025-10-24T08:55:20.071+0000] {dagbag.py:540} INFO - Filling up the DagBag from /opt/airflow/dags/silver/silver_cleaning.py
[2025-10-24T08:55:20.578+0000] {processor.py:842} WARNING - No viable dags retrieved from /opt/airflow/dags/silver/silver_cleaning.py
[2025-10-24T08:55:20.588+0000] {processor.py:183} INFO - Processing /opt/airflow/dags/silver/silver_cleaning.py took 0.523 seconds
[2025-10-24T08:55:51.532+0000] {processor.py:161} INFO - Started process (PID=128) to work on /opt/airflow/dags/silver/silver_cleaning.py
[2025-10-24T08:55:51.533+0000] {processor.py:830} INFO - Processing file /opt/airflow/dags/silver/silver_cleaning.py for tasks to queue
[2025-10-24T08:55:51.534+0000] {logging_mixin.py:188} INFO - [2025-10-24T08:55:51.534+0000] {dagbag.py:540} INFO - Filling up the DagBag from /opt/airflow/dags/silver/silver_cleaning.py
[2025-10-24T08:55:51.990+0000] {processor.py:842} WARNING - No viable dags retrieved from /opt/airflow/dags/silver/silver_cleaning.py
[2025-10-24T08:55:51.999+0000] {processor.py:183} INFO - Processing /opt/airflow/dags/silver/silver_cleaning.py took 0.471 seconds
[2025-10-24T08:56:22.287+0000] {processor.py:161} INFO - Started process (PID=132) to work on /opt/airflow/dags/silver/silver_cleaning.py
[2025-10-24T08:56:22.288+0000] {processor.py:830} INFO - Processing file /opt/airflow/dags/silver/silver_cleaning.py for tasks to queue
[2025-10-24T08:56:22.289+0000] {logging_mixin.py:188} INFO - [2025-10-24T08:56:22.288+0000] {dagbag.py:540} INFO - Filling up the DagBag from /opt/airflow/dags/silver/silver_cleaning.py
[2025-10-24T08:56:22.767+0000] {processor.py:842} WARNING - No viable dags retrieved from /opt/airflow/dags/silver/silver_cleaning.py
[2025-10-24T08:56:22.776+0000] {processor.py:183} INFO - Processing /opt/airflow/dags/silver/silver_cleaning.py took 0.495 seconds
[2025-10-24T08:56:53.464+0000] {processor.py:161} INFO - Started process (PID=136) to work on /opt/airflow/dags/silver/silver_cleaning.py
[2025-10-24T08:56:53.464+0000] {processor.py:830} INFO - Processing file /opt/airflow/dags/silver/silver_cleaning.py for tasks to queue
[2025-10-24T08:56:53.465+0000] {logging_mixin.py:188} INFO - [2025-10-24T08:56:53.465+0000] {dagbag.py:540} INFO - Filling up the DagBag from /opt/airflow/dags/silver/silver_cleaning.py
[2025-10-24T08:56:53.931+0000] {processor.py:842} WARNING - No viable dags retrieved from /opt/airflow/dags/silver/silver_cleaning.py
[2025-10-24T08:56:53.939+0000] {processor.py:183} INFO - Processing /opt/airflow/dags/silver/silver_cleaning.py took 0.480 seconds
[2025-10-24T08:57:24.902+0000] {processor.py:161} INFO - Started process (PID=140) to work on /opt/airflow/dags/silver/silver_cleaning.py
[2025-10-24T08:57:24.902+0000] {processor.py:830} INFO - Processing file /opt/airflow/dags/silver/silver_cleaning.py for tasks to queue
[2025-10-24T08:57:24.903+0000] {logging_mixin.py:188} INFO - [2025-10-24T08:57:24.903+0000] {dagbag.py:540} INFO - Filling up the DagBag from /opt/airflow/dags/silver/silver_cleaning.py
[2025-10-24T08:57:25.438+0000] {processor.py:842} WARNING - No viable dags retrieved from /opt/airflow/dags/silver/silver_cleaning.py
[2025-10-24T08:57:25.447+0000] {processor.py:183} INFO - Processing /opt/airflow/dags/silver/silver_cleaning.py took 0.550 seconds
[2025-10-24T08:57:55.729+0000] {processor.py:161} INFO - Started process (PID=144) to work on /opt/airflow/dags/silver/silver_cleaning.py
[2025-10-24T08:57:55.730+0000] {processor.py:830} INFO - Processing file /opt/airflow/dags/silver/silver_cleaning.py for tasks to queue
[2025-10-24T08:57:55.730+0000] {logging_mixin.py:188} INFO - [2025-10-24T08:57:55.730+0000] {dagbag.py:540} INFO - Filling up the DagBag from /opt/airflow/dags/silver/silver_cleaning.py
[2025-10-24T08:57:56.182+0000] {processor.py:842} WARNING - No viable dags retrieved from /opt/airflow/dags/silver/silver_cleaning.py
[2025-10-24T08:57:56.190+0000] {processor.py:183} INFO - Processing /opt/airflow/dags/silver/silver_cleaning.py took 0.466 seconds
[2025-10-24T08:58:27.131+0000] {processor.py:161} INFO - Started process (PID=148) to work on /opt/airflow/dags/silver/silver_cleaning.py
[2025-10-24T08:58:27.131+0000] {processor.py:830} INFO - Processing file /opt/airflow/dags/silver/silver_cleaning.py for tasks to queue
[2025-10-24T08:58:27.132+0000] {logging_mixin.py:188} INFO - [2025-10-24T08:58:27.132+0000] {dagbag.py:540} INFO - Filling up the DagBag from /opt/airflow/dags/silver/silver_cleaning.py
[2025-10-24T08:58:27.624+0000] {processor.py:842} WARNING - No viable dags retrieved from /opt/airflow/dags/silver/silver_cleaning.py
[2025-10-24T08:58:27.634+0000] {processor.py:183} INFO - Processing /opt/airflow/dags/silver/silver_cleaning.py took 0.508 seconds
[2025-10-24T08:58:58.639+0000] {processor.py:161} INFO - Started process (PID=152) to work on /opt/airflow/dags/silver/silver_cleaning.py
[2025-10-24T08:58:58.639+0000] {processor.py:830} INFO - Processing file /opt/airflow/dags/silver/silver_cleaning.py for tasks to queue
[2025-10-24T08:58:58.640+0000] {logging_mixin.py:188} INFO - [2025-10-24T08:58:58.640+0000] {dagbag.py:540} INFO - Filling up the DagBag from /opt/airflow/dags/silver/silver_cleaning.py
[2025-10-24T08:58:59.120+0000] {processor.py:842} WARNING - No viable dags retrieved from /opt/airflow/dags/silver/silver_cleaning.py
[2025-10-24T08:58:59.130+0000] {processor.py:183} INFO - Processing /opt/airflow/dags/silver/silver_cleaning.py took 0.496 seconds
[2025-10-24T08:59:29.286+0000] {processor.py:161} INFO - Started process (PID=156) to work on /opt/airflow/dags/silver/silver_cleaning.py
[2025-10-24T08:59:29.287+0000] {processor.py:830} INFO - Processing file /opt/airflow/dags/silver/silver_cleaning.py for tasks to queue
[2025-10-24T08:59:29.288+0000] {logging_mixin.py:188} INFO - [2025-10-24T08:59:29.288+0000] {dagbag.py:540} INFO - Filling up the DagBag from /opt/airflow/dags/silver/silver_cleaning.py
[2025-10-24T08:59:29.740+0000] {processor.py:842} WARNING - No viable dags retrieved from /opt/airflow/dags/silver/silver_cleaning.py
[2025-10-24T08:59:29.749+0000] {processor.py:183} INFO - Processing /opt/airflow/dags/silver/silver_cleaning.py took 0.467 seconds
[2025-10-24T09:00:00.446+0000] {processor.py:161} INFO - Started process (PID=160) to work on /opt/airflow/dags/silver/silver_cleaning.py
[2025-10-24T09:00:00.447+0000] {processor.py:830} INFO - Processing file /opt/airflow/dags/silver/silver_cleaning.py for tasks to queue
[2025-10-24T09:00:00.448+0000] {logging_mixin.py:188} INFO - [2025-10-24T09:00:00.448+0000] {dagbag.py:540} INFO - Filling up the DagBag from /opt/airflow/dags/silver/silver_cleaning.py
[2025-10-24T09:00:00.900+0000] {processor.py:842} WARNING - No viable dags retrieved from /opt/airflow/dags/silver/silver_cleaning.py
[2025-10-24T09:00:00.909+0000] {processor.py:183} INFO - Processing /opt/airflow/dags/silver/silver_cleaning.py took 0.468 seconds
[2025-10-24T09:00:31.172+0000] {processor.py:161} INFO - Started process (PID=164) to work on /opt/airflow/dags/silver/silver_cleaning.py
[2025-10-24T09:00:31.173+0000] {processor.py:830} INFO - Processing file /opt/airflow/dags/silver/silver_cleaning.py for tasks to queue
[2025-10-24T09:00:31.173+0000] {logging_mixin.py:188} INFO - [2025-10-24T09:00:31.173+0000] {dagbag.py:540} INFO - Filling up the DagBag from /opt/airflow/dags/silver/silver_cleaning.py
[2025-10-24T09:00:31.614+0000] {processor.py:842} WARNING - No viable dags retrieved from /opt/airflow/dags/silver/silver_cleaning.py
[2025-10-24T09:00:31.622+0000] {processor.py:183} INFO - Processing /opt/airflow/dags/silver/silver_cleaning.py took 0.455 seconds
[2025-10-24T09:01:02.378+0000] {processor.py:161} INFO - Started process (PID=170) to work on /opt/airflow/dags/silver/silver_cleaning.py
[2025-10-24T09:01:02.379+0000] {processor.py:830} INFO - Processing file /opt/airflow/dags/silver/silver_cleaning.py for tasks to queue
[2025-10-24T09:01:02.380+0000] {logging_mixin.py:188} INFO - [2025-10-24T09:01:02.379+0000] {dagbag.py:540} INFO - Filling up the DagBag from /opt/airflow/dags/silver/silver_cleaning.py
[2025-10-24T09:01:02.832+0000] {processor.py:842} WARNING - No viable dags retrieved from /opt/airflow/dags/silver/silver_cleaning.py
[2025-10-24T09:01:02.840+0000] {processor.py:183} INFO - Processing /opt/airflow/dags/silver/silver_cleaning.py took 0.466 seconds
[2025-10-24T09:01:33.171+0000] {processor.py:161} INFO - Started process (PID=174) to work on /opt/airflow/dags/silver/silver_cleaning.py
[2025-10-24T09:01:33.172+0000] {processor.py:830} INFO - Processing file /opt/airflow/dags/silver/silver_cleaning.py for tasks to queue
[2025-10-24T09:01:33.172+0000] {logging_mixin.py:188} INFO - [2025-10-24T09:01:33.172+0000] {dagbag.py:540} INFO - Filling up the DagBag from /opt/airflow/dags/silver/silver_cleaning.py
[2025-10-24T09:01:33.625+0000] {processor.py:842} WARNING - No viable dags retrieved from /opt/airflow/dags/silver/silver_cleaning.py
[2025-10-24T09:01:33.633+0000] {processor.py:183} INFO - Processing /opt/airflow/dags/silver/silver_cleaning.py took 0.467 seconds
[2025-10-24T09:02:03.935+0000] {processor.py:161} INFO - Started process (PID=178) to work on /opt/airflow/dags/silver/silver_cleaning.py
[2025-10-24T09:02:03.936+0000] {processor.py:830} INFO - Processing file /opt/airflow/dags/silver/silver_cleaning.py for tasks to queue
[2025-10-24T09:02:03.936+0000] {logging_mixin.py:188} INFO - [2025-10-24T09:02:03.936+0000] {dagbag.py:540} INFO - Filling up the DagBag from /opt/airflow/dags/silver/silver_cleaning.py
[2025-10-24T09:02:04.383+0000] {processor.py:842} WARNING - No viable dags retrieved from /opt/airflow/dags/silver/silver_cleaning.py
[2025-10-24T09:02:04.391+0000] {processor.py:183} INFO - Processing /opt/airflow/dags/silver/silver_cleaning.py took 0.462 seconds
[2025-10-24T09:02:34.683+0000] {processor.py:161} INFO - Started process (PID=182) to work on /opt/airflow/dags/silver/silver_cleaning.py
[2025-10-24T09:02:34.684+0000] {processor.py:830} INFO - Processing file /opt/airflow/dags/silver/silver_cleaning.py for tasks to queue
[2025-10-24T09:02:34.685+0000] {logging_mixin.py:188} INFO - [2025-10-24T09:02:34.684+0000] {dagbag.py:540} INFO - Filling up the DagBag from /opt/airflow/dags/silver/silver_cleaning.py
[2025-10-24T09:02:35.121+0000] {processor.py:842} WARNING - No viable dags retrieved from /opt/airflow/dags/silver/silver_cleaning.py
[2025-10-24T09:02:35.129+0000] {processor.py:183} INFO - Processing /opt/airflow/dags/silver/silver_cleaning.py took 0.450 seconds
[2025-10-24T09:03:05.484+0000] {processor.py:161} INFO - Started process (PID=186) to work on /opt/airflow/dags/silver/silver_cleaning.py
[2025-10-24T09:03:05.485+0000] {processor.py:830} INFO - Processing file /opt/airflow/dags/silver/silver_cleaning.py for tasks to queue
[2025-10-24T09:03:05.485+0000] {logging_mixin.py:188} INFO - [2025-10-24T09:03:05.485+0000] {dagbag.py:540} INFO - Filling up the DagBag from /opt/airflow/dags/silver/silver_cleaning.py
[2025-10-24T09:03:07.136+0000] {processor.py:842} WARNING - No viable dags retrieved from /opt/airflow/dags/silver/silver_cleaning.py
[2025-10-24T09:03:07.147+0000] {processor.py:183} INFO - Processing /opt/airflow/dags/silver/silver_cleaning.py took 0.533 seconds
[2025-10-24T09:03:37.294+0000] {processor.py:161} INFO - Started process (PID=190) to work on /opt/airflow/dags/silver/silver_cleaning.py
[2025-10-24T09:03:37.295+0000] {processor.py:830} INFO - Processing file /opt/airflow/dags/silver/silver_cleaning.py for tasks to queue
[2025-10-24T09:03:37.296+0000] {logging_mixin.py:188} INFO - [2025-10-24T09:03:37.296+0000] {dagbag.py:540} INFO - Filling up the DagBag from /opt/airflow/dags/silver/silver_cleaning.py
[2025-10-24T09:03:37.718+0000] {processor.py:842} WARNING - No viable dags retrieved from /opt/airflow/dags/silver/silver_cleaning.py
[2025-10-24T09:03:37.726+0000] {processor.py:183} INFO - Processing /opt/airflow/dags/silver/silver_cleaning.py took 0.436 seconds
[2025-10-24T09:04:07.894+0000] {processor.py:161} INFO - Started process (PID=194) to work on /opt/airflow/dags/silver/silver_cleaning.py
[2025-10-24T09:04:07.895+0000] {processor.py:830} INFO - Processing file /opt/airflow/dags/silver/silver_cleaning.py for tasks to queue
[2025-10-24T09:04:07.896+0000] {logging_mixin.py:188} INFO - [2025-10-24T09:04:07.896+0000] {dagbag.py:540} INFO - Filling up the DagBag from /opt/airflow/dags/silver/silver_cleaning.py
[2025-10-24T09:04:08.349+0000] {processor.py:842} WARNING - No viable dags retrieved from /opt/airflow/dags/silver/silver_cleaning.py
[2025-10-24T09:04:08.358+0000] {processor.py:183} INFO - Processing /opt/airflow/dags/silver/silver_cleaning.py took 0.469 seconds
[2025-10-24T09:04:38.593+0000] {processor.py:161} INFO - Started process (PID=198) to work on /opt/airflow/dags/silver/silver_cleaning.py
[2025-10-24T09:04:38.594+0000] {processor.py:830} INFO - Processing file /opt/airflow/dags/silver/silver_cleaning.py for tasks to queue
[2025-10-24T09:04:38.595+0000] {logging_mixin.py:188} INFO - [2025-10-24T09:04:38.594+0000] {dagbag.py:540} INFO - Filling up the DagBag from /opt/airflow/dags/silver/silver_cleaning.py
[2025-10-24T09:04:39.077+0000] {processor.py:842} WARNING - No viable dags retrieved from /opt/airflow/dags/silver/silver_cleaning.py
[2025-10-24T09:04:39.087+0000] {processor.py:183} INFO - Processing /opt/airflow/dags/silver/silver_cleaning.py took 0.500 seconds
[2025-10-24T09:05:09.558+0000] {processor.py:161} INFO - Started process (PID=202) to work on /opt/airflow/dags/silver/silver_cleaning.py
[2025-10-24T09:05:09.558+0000] {processor.py:830} INFO - Processing file /opt/airflow/dags/silver/silver_cleaning.py for tasks to queue
[2025-10-24T09:05:09.559+0000] {logging_mixin.py:188} INFO - [2025-10-24T09:05:09.559+0000] {dagbag.py:540} INFO - Filling up the DagBag from /opt/airflow/dags/silver/silver_cleaning.py
[2025-10-24T09:05:09.892+0000] {processor.py:842} WARNING - No viable dags retrieved from /opt/airflow/dags/silver/silver_cleaning.py
[2025-10-24T09:05:09.903+0000] {processor.py:183} INFO - Processing /opt/airflow/dags/silver/silver_cleaning.py took 0.350 seconds
[2025-10-24T09:05:40.837+0000] {processor.py:161} INFO - Started process (PID=206) to work on /opt/airflow/dags/silver/silver_cleaning.py
[2025-10-24T09:05:40.838+0000] {processor.py:830} INFO - Processing file /opt/airflow/dags/silver/silver_cleaning.py for tasks to queue
[2025-10-24T09:05:40.838+0000] {logging_mixin.py:188} INFO - [2025-10-24T09:05:40.838+0000] {dagbag.py:540} INFO - Filling up the DagBag from /opt/airflow/dags/silver/silver_cleaning.py
[2025-10-24T09:05:41.141+0000] {processor.py:842} WARNING - No viable dags retrieved from /opt/airflow/dags/silver/silver_cleaning.py
[2025-10-24T09:05:41.150+0000] {processor.py:183} INFO - Processing /opt/airflow/dags/silver/silver_cleaning.py took 0.318 seconds
[2025-10-24T09:06:11.293+0000] {processor.py:161} INFO - Started process (PID=210) to work on /opt/airflow/dags/silver/silver_cleaning.py
[2025-10-24T09:06:11.294+0000] {processor.py:830} INFO - Processing file /opt/airflow/dags/silver/silver_cleaning.py for tasks to queue
[2025-10-24T09:06:11.295+0000] {logging_mixin.py:188} INFO - [2025-10-24T09:06:11.295+0000] {dagbag.py:540} INFO - Filling up the DagBag from /opt/airflow/dags/silver/silver_cleaning.py
[2025-10-24T09:06:11.634+0000] {processor.py:842} WARNING - No viable dags retrieved from /opt/airflow/dags/silver/silver_cleaning.py
[2025-10-24T09:06:11.646+0000] {processor.py:183} INFO - Processing /opt/airflow/dags/silver/silver_cleaning.py took 0.359 seconds
[2025-10-24T09:06:41.714+0000] {processor.py:161} INFO - Started process (PID=214) to work on /opt/airflow/dags/silver/silver_cleaning.py
[2025-10-24T09:06:41.715+0000] {processor.py:830} INFO - Processing file /opt/airflow/dags/silver/silver_cleaning.py for tasks to queue
[2025-10-24T09:06:41.716+0000] {logging_mixin.py:188} INFO - [2025-10-24T09:06:41.716+0000] {dagbag.py:540} INFO - Filling up the DagBag from /opt/airflow/dags/silver/silver_cleaning.py
[2025-10-24T09:06:42.048+0000] {processor.py:842} WARNING - No viable dags retrieved from /opt/airflow/dags/silver/silver_cleaning.py
[2025-10-24T09:06:42.060+0000] {processor.py:183} INFO - Processing /opt/airflow/dags/silver/silver_cleaning.py took 0.350 seconds
[2025-10-24T09:07:12.279+0000] {processor.py:161} INFO - Started process (PID=218) to work on /opt/airflow/dags/silver/silver_cleaning.py
[2025-10-24T09:07:12.279+0000] {processor.py:830} INFO - Processing file /opt/airflow/dags/silver/silver_cleaning.py for tasks to queue
[2025-10-24T09:07:12.280+0000] {logging_mixin.py:188} INFO - [2025-10-24T09:07:12.280+0000] {dagbag.py:540} INFO - Filling up the DagBag from /opt/airflow/dags/silver/silver_cleaning.py
[2025-10-24T09:07:12.590+0000] {processor.py:842} WARNING - No viable dags retrieved from /opt/airflow/dags/silver/silver_cleaning.py
[2025-10-24T09:07:12.600+0000] {processor.py:183} INFO - Processing /opt/airflow/dags/silver/silver_cleaning.py took 0.326 seconds
[2025-10-24T09:07:42.746+0000] {processor.py:161} INFO - Started process (PID=222) to work on /opt/airflow/dags/silver/silver_cleaning.py
[2025-10-24T09:07:42.747+0000] {processor.py:830} INFO - Processing file /opt/airflow/dags/silver/silver_cleaning.py for tasks to queue
[2025-10-24T09:07:42.748+0000] {logging_mixin.py:188} INFO - [2025-10-24T09:07:42.747+0000] {dagbag.py:540} INFO - Filling up the DagBag from /opt/airflow/dags/silver/silver_cleaning.py
[2025-10-24T09:07:43.203+0000] {processor.py:842} WARNING - No viable dags retrieved from /opt/airflow/dags/silver/silver_cleaning.py
[2025-10-24T09:07:43.214+0000] {processor.py:183} INFO - Processing /opt/airflow/dags/silver/silver_cleaning.py took 0.473 seconds
[2025-10-24T09:08:14.016+0000] {processor.py:161} INFO - Started process (PID=226) to work on /opt/airflow/dags/silver/silver_cleaning.py
[2025-10-24T09:08:14.017+0000] {processor.py:830} INFO - Processing file /opt/airflow/dags/silver/silver_cleaning.py for tasks to queue
[2025-10-24T09:08:14.018+0000] {logging_mixin.py:188} INFO - [2025-10-24T09:08:14.018+0000] {dagbag.py:540} INFO - Filling up the DagBag from /opt/airflow/dags/silver/silver_cleaning.py
[2025-10-24T09:08:14.331+0000] {processor.py:842} WARNING - No viable dags retrieved from /opt/airflow/dags/silver/silver_cleaning.py
[2025-10-24T09:08:14.342+0000] {processor.py:183} INFO - Processing /opt/airflow/dags/silver/silver_cleaning.py took 0.330 seconds
[2025-10-24T09:08:44.885+0000] {processor.py:161} INFO - Started process (PID=230) to work on /opt/airflow/dags/silver/silver_cleaning.py
[2025-10-24T09:08:44.886+0000] {processor.py:830} INFO - Processing file /opt/airflow/dags/silver/silver_cleaning.py for tasks to queue
[2025-10-24T09:08:44.887+0000] {logging_mixin.py:188} INFO - [2025-10-24T09:08:44.887+0000] {dagbag.py:540} INFO - Filling up the DagBag from /opt/airflow/dags/silver/silver_cleaning.py
[2025-10-24T09:08:45.229+0000] {processor.py:842} WARNING - No viable dags retrieved from /opt/airflow/dags/silver/silver_cleaning.py
[2025-10-24T09:08:45.240+0000] {processor.py:183} INFO - Processing /opt/airflow/dags/silver/silver_cleaning.py took 0.360 seconds
[2025-10-24T09:09:15.325+0000] {processor.py:161} INFO - Started process (PID=234) to work on /opt/airflow/dags/silver/silver_cleaning.py
[2025-10-24T09:09:15.326+0000] {processor.py:830} INFO - Processing file /opt/airflow/dags/silver/silver_cleaning.py for tasks to queue
[2025-10-24T09:09:15.327+0000] {logging_mixin.py:188} INFO - [2025-10-24T09:09:15.327+0000] {dagbag.py:540} INFO - Filling up the DagBag from /opt/airflow/dags/silver/silver_cleaning.py
[2025-10-24T09:09:15.659+0000] {processor.py:842} WARNING - No viable dags retrieved from /opt/airflow/dags/silver/silver_cleaning.py
[2025-10-24T09:09:15.670+0000] {processor.py:183} INFO - Processing /opt/airflow/dags/silver/silver_cleaning.py took 0.350 seconds
[2025-10-24T09:09:45.743+0000] {processor.py:161} INFO - Started process (PID=238) to work on /opt/airflow/dags/silver/silver_cleaning.py
[2025-10-24T09:09:45.744+0000] {processor.py:830} INFO - Processing file /opt/airflow/dags/silver/silver_cleaning.py for tasks to queue
[2025-10-24T09:09:45.745+0000] {logging_mixin.py:188} INFO - [2025-10-24T09:09:45.745+0000] {dagbag.py:540} INFO - Filling up the DagBag from /opt/airflow/dags/silver/silver_cleaning.py
[2025-10-24T09:09:46.078+0000] {processor.py:842} WARNING - No viable dags retrieved from /opt/airflow/dags/silver/silver_cleaning.py
[2025-10-24T09:09:46.089+0000] {processor.py:183} INFO - Processing /opt/airflow/dags/silver/silver_cleaning.py took 0.350 seconds
[2025-10-24T09:10:16.232+0000] {processor.py:161} INFO - Started process (PID=242) to work on /opt/airflow/dags/silver/silver_cleaning.py
[2025-10-24T09:10:16.233+0000] {processor.py:830} INFO - Processing file /opt/airflow/dags/silver/silver_cleaning.py for tasks to queue
[2025-10-24T09:10:16.234+0000] {logging_mixin.py:188} INFO - [2025-10-24T09:10:16.234+0000] {dagbag.py:540} INFO - Filling up the DagBag from /opt/airflow/dags/silver/silver_cleaning.py
[2025-10-24T09:10:16.570+0000] {processor.py:842} WARNING - No viable dags retrieved from /opt/airflow/dags/silver/silver_cleaning.py
[2025-10-24T09:10:16.583+0000] {processor.py:183} INFO - Processing /opt/airflow/dags/silver/silver_cleaning.py took 0.355 seconds
[2025-10-24T09:10:47.498+0000] {processor.py:161} INFO - Started process (PID=246) to work on /opt/airflow/dags/silver/silver_cleaning.py
[2025-10-24T09:10:47.499+0000] {processor.py:830} INFO - Processing file /opt/airflow/dags/silver/silver_cleaning.py for tasks to queue
[2025-10-24T09:10:47.500+0000] {logging_mixin.py:188} INFO - [2025-10-24T09:10:47.499+0000] {dagbag.py:540} INFO - Filling up the DagBag from /opt/airflow/dags/silver/silver_cleaning.py
[2025-10-24T09:10:47.860+0000] {processor.py:842} WARNING - No viable dags retrieved from /opt/airflow/dags/silver/silver_cleaning.py
[2025-10-24T09:10:47.873+0000] {processor.py:183} INFO - Processing /opt/airflow/dags/silver/silver_cleaning.py took 0.380 seconds
[2025-10-24T09:11:17.952+0000] {processor.py:161} INFO - Started process (PID=250) to work on /opt/airflow/dags/silver/silver_cleaning.py
[2025-10-24T09:11:17.953+0000] {processor.py:830} INFO - Processing file /opt/airflow/dags/silver/silver_cleaning.py for tasks to queue
[2025-10-24T09:11:17.953+0000] {logging_mixin.py:188} INFO - [2025-10-24T09:11:17.953+0000] {dagbag.py:540} INFO - Filling up the DagBag from /opt/airflow/dags/silver/silver_cleaning.py
[2025-10-24T09:11:18.289+0000] {processor.py:842} WARNING - No viable dags retrieved from /opt/airflow/dags/silver/silver_cleaning.py
[2025-10-24T09:11:18.302+0000] {processor.py:183} INFO - Processing /opt/airflow/dags/silver/silver_cleaning.py took 0.354 seconds
[2025-10-24T09:11:48.443+0000] {processor.py:161} INFO - Started process (PID=254) to work on /opt/airflow/dags/silver/silver_cleaning.py
[2025-10-24T09:11:48.443+0000] {processor.py:830} INFO - Processing file /opt/airflow/dags/silver/silver_cleaning.py for tasks to queue
[2025-10-24T09:11:48.444+0000] {logging_mixin.py:188} INFO - [2025-10-24T09:11:48.444+0000] {dagbag.py:540} INFO - Filling up the DagBag from /opt/airflow/dags/silver/silver_cleaning.py
[2025-10-24T09:11:48.765+0000] {processor.py:842} WARNING - No viable dags retrieved from /opt/airflow/dags/silver/silver_cleaning.py
[2025-10-24T09:11:48.776+0000] {processor.py:183} INFO - Processing /opt/airflow/dags/silver/silver_cleaning.py took 0.338 seconds
[2025-10-24T09:12:19.968+0000] {processor.py:161} INFO - Started process (PID=258) to work on /opt/airflow/dags/silver/silver_cleaning.py
[2025-10-24T09:12:19.969+0000] {processor.py:830} INFO - Processing file /opt/airflow/dags/silver/silver_cleaning.py for tasks to queue
[2025-10-24T09:12:19.970+0000] {logging_mixin.py:188} INFO - [2025-10-24T09:12:19.969+0000] {dagbag.py:540} INFO - Filling up the DagBag from /opt/airflow/dags/silver/silver_cleaning.py
[2025-10-24T09:12:20.348+0000] {processor.py:842} WARNING - No viable dags retrieved from /opt/airflow/dags/silver/silver_cleaning.py
[2025-10-24T09:12:20.361+0000] {processor.py:183} INFO - Processing /opt/airflow/dags/silver/silver_cleaning.py took 0.398 seconds
[2025-10-24T09:12:50.843+0000] {processor.py:161} INFO - Started process (PID=262) to work on /opt/airflow/dags/silver/silver_cleaning.py
[2025-10-24T09:12:50.844+0000] {processor.py:830} INFO - Processing file /opt/airflow/dags/silver/silver_cleaning.py for tasks to queue
[2025-10-24T09:12:50.844+0000] {logging_mixin.py:188} INFO - [2025-10-24T09:12:50.844+0000] {dagbag.py:540} INFO - Filling up the DagBag from /opt/airflow/dags/silver/silver_cleaning.py
[2025-10-24T09:12:51.203+0000] {processor.py:842} WARNING - No viable dags retrieved from /opt/airflow/dags/silver/silver_cleaning.py
[2025-10-24T09:12:51.216+0000] {processor.py:183} INFO - Processing /opt/airflow/dags/silver/silver_cleaning.py took 0.378 seconds
[2025-10-24T09:13:21.415+0000] {processor.py:161} INFO - Started process (PID=266) to work on /opt/airflow/dags/silver/silver_cleaning.py
[2025-10-24T09:13:21.416+0000] {processor.py:830} INFO - Processing file /opt/airflow/dags/silver/silver_cleaning.py for tasks to queue
[2025-10-24T09:13:21.416+0000] {logging_mixin.py:188} INFO - [2025-10-24T09:13:21.416+0000] {dagbag.py:540} INFO - Filling up the DagBag from /opt/airflow/dags/silver/silver_cleaning.py
[2025-10-24T09:13:21.739+0000] {processor.py:842} WARNING - No viable dags retrieved from /opt/airflow/dags/silver/silver_cleaning.py
[2025-10-24T09:13:21.750+0000] {processor.py:183} INFO - Processing /opt/airflow/dags/silver/silver_cleaning.py took 0.339 seconds
[2025-10-24T09:13:51.940+0000] {processor.py:161} INFO - Started process (PID=270) to work on /opt/airflow/dags/silver/silver_cleaning.py
[2025-10-24T09:13:51.941+0000] {processor.py:830} INFO - Processing file /opt/airflow/dags/silver/silver_cleaning.py for tasks to queue
[2025-10-24T09:13:51.942+0000] {logging_mixin.py:188} INFO - [2025-10-24T09:13:51.941+0000] {dagbag.py:540} INFO - Filling up the DagBag from /opt/airflow/dags/silver/silver_cleaning.py
[2025-10-24T09:13:52.275+0000] {processor.py:842} WARNING - No viable dags retrieved from /opt/airflow/dags/silver/silver_cleaning.py
[2025-10-24T09:13:52.285+0000] {processor.py:183} INFO - Processing /opt/airflow/dags/silver/silver_cleaning.py took 0.349 seconds
[2025-10-24T09:14:22.396+0000] {processor.py:161} INFO - Started process (PID=274) to work on /opt/airflow/dags/silver/silver_cleaning.py
[2025-10-24T09:14:22.397+0000] {processor.py:830} INFO - Processing file /opt/airflow/dags/silver/silver_cleaning.py for tasks to queue
[2025-10-24T09:14:22.398+0000] {logging_mixin.py:188} INFO - [2025-10-24T09:14:22.398+0000] {dagbag.py:540} INFO - Filling up the DagBag from /opt/airflow/dags/silver/silver_cleaning.py
[2025-10-24T09:14:22.736+0000] {processor.py:842} WARNING - No viable dags retrieved from /opt/airflow/dags/silver/silver_cleaning.py
[2025-10-24T09:14:22.747+0000] {processor.py:183} INFO - Processing /opt/airflow/dags/silver/silver_cleaning.py took 0.356 seconds
[2025-10-24T09:14:52.984+0000] {processor.py:161} INFO - Started process (PID=278) to work on /opt/airflow/dags/silver/silver_cleaning.py
[2025-10-24T09:14:52.985+0000] {processor.py:830} INFO - Processing file /opt/airflow/dags/silver/silver_cleaning.py for tasks to queue
[2025-10-24T09:14:52.986+0000] {logging_mixin.py:188} INFO - [2025-10-24T09:14:52.986+0000] {dagbag.py:540} INFO - Filling up the DagBag from /opt/airflow/dags/silver/silver_cleaning.py
[2025-10-24T09:14:53.326+0000] {processor.py:842} WARNING - No viable dags retrieved from /opt/airflow/dags/silver/silver_cleaning.py
[2025-10-24T09:14:53.339+0000] {processor.py:183} INFO - Processing /opt/airflow/dags/silver/silver_cleaning.py took 0.360 seconds
[2025-10-24T09:15:24.226+0000] {processor.py:161} INFO - Started process (PID=282) to work on /opt/airflow/dags/silver/silver_cleaning.py
[2025-10-24T09:15:24.227+0000] {processor.py:830} INFO - Processing file /opt/airflow/dags/silver/silver_cleaning.py for tasks to queue
[2025-10-24T09:15:24.227+0000] {logging_mixin.py:188} INFO - [2025-10-24T09:15:24.227+0000] {dagbag.py:540} INFO - Filling up the DagBag from /opt/airflow/dags/silver/silver_cleaning.py
[2025-10-24T09:15:24.567+0000] {processor.py:842} WARNING - No viable dags retrieved from /opt/airflow/dags/silver/silver_cleaning.py
[2025-10-24T09:15:24.578+0000] {processor.py:183} INFO - Processing /opt/airflow/dags/silver/silver_cleaning.py took 0.357 seconds
[2025-10-24T09:15:54.621+0000] {processor.py:161} INFO - Started process (PID=286) to work on /opt/airflow/dags/silver/silver_cleaning.py
[2025-10-24T09:15:54.622+0000] {processor.py:830} INFO - Processing file /opt/airflow/dags/silver/silver_cleaning.py for tasks to queue
[2025-10-24T09:15:54.623+0000] {logging_mixin.py:188} INFO - [2025-10-24T09:15:54.622+0000] {dagbag.py:540} INFO - Filling up the DagBag from /opt/airflow/dags/silver/silver_cleaning.py
[2025-10-24T09:15:54.934+0000] {processor.py:842} WARNING - No viable dags retrieved from /opt/airflow/dags/silver/silver_cleaning.py
[2025-10-24T09:15:54.945+0000] {processor.py:183} INFO - Processing /opt/airflow/dags/silver/silver_cleaning.py took 0.328 seconds
[2025-10-24T09:16:25.049+0000] {processor.py:161} INFO - Started process (PID=290) to work on /opt/airflow/dags/silver/silver_cleaning.py
[2025-10-24T09:16:25.049+0000] {processor.py:830} INFO - Processing file /opt/airflow/dags/silver/silver_cleaning.py for tasks to queue
[2025-10-24T09:16:25.050+0000] {logging_mixin.py:188} INFO - [2025-10-24T09:16:25.050+0000] {dagbag.py:540} INFO - Filling up the DagBag from /opt/airflow/dags/silver/silver_cleaning.py
[2025-10-24T09:16:25.361+0000] {processor.py:842} WARNING - No viable dags retrieved from /opt/airflow/dags/silver/silver_cleaning.py
[2025-10-24T09:16:25.371+0000] {processor.py:183} INFO - Processing /opt/airflow/dags/silver/silver_cleaning.py took 0.327 seconds
[2025-10-24T09:16:56.294+0000] {processor.py:161} INFO - Started process (PID=294) to work on /opt/airflow/dags/silver/silver_cleaning.py
[2025-10-24T09:16:56.295+0000] {processor.py:830} INFO - Processing file /opt/airflow/dags/silver/silver_cleaning.py for tasks to queue
[2025-10-24T09:16:56.296+0000] {logging_mixin.py:188} INFO - [2025-10-24T09:16:56.295+0000] {dagbag.py:540} INFO - Filling up the DagBag from /opt/airflow/dags/silver/silver_cleaning.py
[2025-10-24T09:16:56.647+0000] {processor.py:842} WARNING - No viable dags retrieved from /opt/airflow/dags/silver/silver_cleaning.py
[2025-10-24T09:16:56.660+0000] {processor.py:183} INFO - Processing /opt/airflow/dags/silver/silver_cleaning.py took 0.370 seconds
[2025-10-24T09:17:27.732+0000] {processor.py:161} INFO - Started process (PID=298) to work on /opt/airflow/dags/silver/silver_cleaning.py
[2025-10-24T09:17:27.733+0000] {processor.py:830} INFO - Processing file /opt/airflow/dags/silver/silver_cleaning.py for tasks to queue
[2025-10-24T09:17:27.734+0000] {logging_mixin.py:188} INFO - [2025-10-24T09:17:27.734+0000] {dagbag.py:540} INFO - Filling up the DagBag from /opt/airflow/dags/silver/silver_cleaning.py
[2025-10-24T09:17:28.074+0000] {processor.py:842} WARNING - No viable dags retrieved from /opt/airflow/dags/silver/silver_cleaning.py
[2025-10-24T09:17:28.085+0000] {processor.py:183} INFO - Processing /opt/airflow/dags/silver/silver_cleaning.py took 0.358 seconds
[2025-10-24T09:17:58.812+0000] {processor.py:161} INFO - Started process (PID=302) to work on /opt/airflow/dags/silver/silver_cleaning.py
[2025-10-24T09:17:58.812+0000] {processor.py:830} INFO - Processing file /opt/airflow/dags/silver/silver_cleaning.py for tasks to queue
[2025-10-24T09:17:58.813+0000] {logging_mixin.py:188} INFO - [2025-10-24T09:17:58.813+0000] {dagbag.py:540} INFO - Filling up the DagBag from /opt/airflow/dags/silver/silver_cleaning.py
[2025-10-24T09:17:59.120+0000] {processor.py:842} WARNING - No viable dags retrieved from /opt/airflow/dags/silver/silver_cleaning.py
[2025-10-24T09:17:59.130+0000] {processor.py:183} INFO - Processing /opt/airflow/dags/silver/silver_cleaning.py took 0.323 seconds
[2025-10-24T09:18:29.462+0000] {processor.py:161} INFO - Started process (PID=306) to work on /opt/airflow/dags/silver/silver_cleaning.py
[2025-10-24T09:18:29.463+0000] {processor.py:830} INFO - Processing file /opt/airflow/dags/silver/silver_cleaning.py for tasks to queue
[2025-10-24T09:18:29.463+0000] {logging_mixin.py:188} INFO - [2025-10-24T09:18:29.463+0000] {dagbag.py:540} INFO - Filling up the DagBag from /opt/airflow/dags/silver/silver_cleaning.py
[2025-10-24T09:18:29.935+0000] {processor.py:842} WARNING - No viable dags retrieved from /opt/airflow/dags/silver/silver_cleaning.py
[2025-10-24T09:18:29.944+0000] {processor.py:183} INFO - Processing /opt/airflow/dags/silver/silver_cleaning.py took 0.486 seconds
[2025-10-24T09:19:00.078+0000] {processor.py:161} INFO - Started process (PID=310) to work on /opt/airflow/dags/silver/silver_cleaning.py
[2025-10-24T09:19:00.079+0000] {processor.py:830} INFO - Processing file /opt/airflow/dags/silver/silver_cleaning.py for tasks to queue
[2025-10-24T09:19:00.079+0000] {logging_mixin.py:188} INFO - [2025-10-24T09:19:00.079+0000] {dagbag.py:540} INFO - Filling up the DagBag from /opt/airflow/dags/silver/silver_cleaning.py
[2025-10-24T09:19:00.386+0000] {processor.py:842} WARNING - No viable dags retrieved from /opt/airflow/dags/silver/silver_cleaning.py
[2025-10-24T09:19:00.397+0000] {processor.py:183} INFO - Processing /opt/airflow/dags/silver/silver_cleaning.py took 0.323 seconds
[2025-10-24T09:19:30.847+0000] {processor.py:161} INFO - Started process (PID=314) to work on /opt/airflow/dags/silver/silver_cleaning.py
[2025-10-24T09:19:30.848+0000] {processor.py:830} INFO - Processing file /opt/airflow/dags/silver/silver_cleaning.py for tasks to queue
[2025-10-24T09:19:30.849+0000] {logging_mixin.py:188} INFO - [2025-10-24T09:19:30.849+0000] {dagbag.py:540} INFO - Filling up the DagBag from /opt/airflow/dags/silver/silver_cleaning.py
[2025-10-24T09:19:31.178+0000] {processor.py:842} WARNING - No viable dags retrieved from /opt/airflow/dags/silver/silver_cleaning.py
[2025-10-24T09:19:31.189+0000] {processor.py:183} INFO - Processing /opt/airflow/dags/silver/silver_cleaning.py took 0.346 seconds
[2025-10-24T09:20:01.714+0000] {processor.py:161} INFO - Started process (PID=318) to work on /opt/airflow/dags/silver/silver_cleaning.py
[2025-10-24T09:20:01.715+0000] {processor.py:830} INFO - Processing file /opt/airflow/dags/silver/silver_cleaning.py for tasks to queue
[2025-10-24T09:20:01.716+0000] {logging_mixin.py:188} INFO - [2025-10-24T09:20:01.715+0000] {dagbag.py:540} INFO - Filling up the DagBag from /opt/airflow/dags/silver/silver_cleaning.py
[2025-10-24T09:20:02.171+0000] {processor.py:842} WARNING - No viable dags retrieved from /opt/airflow/dags/silver/silver_cleaning.py
[2025-10-24T09:20:02.180+0000] {processor.py:183} INFO - Processing /opt/airflow/dags/silver/silver_cleaning.py took 0.471 seconds
[2025-10-24T09:20:32.858+0000] {processor.py:161} INFO - Started process (PID=322) to work on /opt/airflow/dags/silver/silver_cleaning.py
[2025-10-24T09:20:32.859+0000] {processor.py:830} INFO - Processing file /opt/airflow/dags/silver/silver_cleaning.py for tasks to queue
[2025-10-24T09:20:32.859+0000] {logging_mixin.py:188} INFO - [2025-10-24T09:20:32.859+0000] {dagbag.py:540} INFO - Filling up the DagBag from /opt/airflow/dags/silver/silver_cleaning.py
[2025-10-24T09:20:33.281+0000] {processor.py:842} WARNING - No viable dags retrieved from /opt/airflow/dags/silver/silver_cleaning.py
[2025-10-24T09:20:33.290+0000] {processor.py:183} INFO - Processing /opt/airflow/dags/silver/silver_cleaning.py took 0.436 seconds
[2025-10-24T09:21:03.783+0000] {processor.py:161} INFO - Started process (PID=326) to work on /opt/airflow/dags/silver/silver_cleaning.py
[2025-10-24T09:21:03.784+0000] {processor.py:830} INFO - Processing file /opt/airflow/dags/silver/silver_cleaning.py for tasks to queue
[2025-10-24T09:21:03.785+0000] {logging_mixin.py:188} INFO - [2025-10-24T09:21:03.785+0000] {dagbag.py:540} INFO - Filling up the DagBag from /opt/airflow/dags/silver/silver_cleaning.py
[2025-10-24T09:21:04.122+0000] {processor.py:842} WARNING - No viable dags retrieved from /opt/airflow/dags/silver/silver_cleaning.py
[2025-10-24T09:21:04.134+0000] {processor.py:183} INFO - Processing /opt/airflow/dags/silver/silver_cleaning.py took 0.355 seconds
[2025-10-24T09:21:34.483+0000] {processor.py:161} INFO - Started process (PID=330) to work on /opt/airflow/dags/silver/silver_cleaning.py
[2025-10-24T09:21:34.484+0000] {processor.py:830} INFO - Processing file /opt/airflow/dags/silver/silver_cleaning.py for tasks to queue
[2025-10-24T09:21:34.484+0000] {logging_mixin.py:188} INFO - [2025-10-24T09:21:34.484+0000] {dagbag.py:540} INFO - Filling up the DagBag from /opt/airflow/dags/silver/silver_cleaning.py
[2025-10-24T09:21:34.818+0000] {processor.py:842} WARNING - No viable dags retrieved from /opt/airflow/dags/silver/silver_cleaning.py
[2025-10-24T09:21:34.829+0000] {processor.py:183} INFO - Processing /opt/airflow/dags/silver/silver_cleaning.py took 0.351 seconds
[2025-10-24T09:22:04.903+0000] {processor.py:161} INFO - Started process (PID=334) to work on /opt/airflow/dags/silver/silver_cleaning.py
[2025-10-24T09:22:04.904+0000] {processor.py:830} INFO - Processing file /opt/airflow/dags/silver/silver_cleaning.py for tasks to queue
[2025-10-24T09:22:04.904+0000] {logging_mixin.py:188} INFO - [2025-10-24T09:22:04.904+0000] {dagbag.py:540} INFO - Filling up the DagBag from /opt/airflow/dags/silver/silver_cleaning.py
[2025-10-24T09:22:05.352+0000] {processor.py:842} WARNING - No viable dags retrieved from /opt/airflow/dags/silver/silver_cleaning.py
[2025-10-24T09:22:05.360+0000] {processor.py:183} INFO - Processing /opt/airflow/dags/silver/silver_cleaning.py took 0.462 seconds
[2025-10-24T09:22:35.957+0000] {processor.py:161} INFO - Started process (PID=337) to work on /opt/airflow/dags/silver/silver_cleaning.py
[2025-10-24T09:22:35.958+0000] {processor.py:830} INFO - Processing file /opt/airflow/dags/silver/silver_cleaning.py for tasks to queue
[2025-10-24T09:22:35.959+0000] {logging_mixin.py:188} INFO - [2025-10-24T09:22:35.958+0000] {dagbag.py:540} INFO - Filling up the DagBag from /opt/airflow/dags/silver/silver_cleaning.py
[2025-10-24T09:22:36.428+0000] {processor.py:842} WARNING - No viable dags retrieved from /opt/airflow/dags/silver/silver_cleaning.py
[2025-10-24T09:22:36.438+0000] {processor.py:183} INFO - Processing /opt/airflow/dags/silver/silver_cleaning.py took 0.486 seconds
[2025-10-24T09:23:08.809+0000] {processor.py:161} INFO - Started process (PID=341) to work on /opt/airflow/dags/silver/silver_cleaning.py
[2025-10-24T09:23:08.810+0000] {processor.py:830} INFO - Processing file /opt/airflow/dags/silver/silver_cleaning.py for tasks to queue
[2025-10-24T09:23:08.811+0000] {logging_mixin.py:188} INFO - [2025-10-24T09:23:08.811+0000] {dagbag.py:540} INFO - Filling up the DagBag from /opt/airflow/dags/silver/silver_cleaning.py
[2025-10-24T09:23:09.150+0000] {processor.py:842} WARNING - No viable dags retrieved from /opt/airflow/dags/silver/silver_cleaning.py
[2025-10-24T09:23:09.163+0000] {processor.py:183} INFO - Processing /opt/airflow/dags/silver/silver_cleaning.py took 0.359 seconds
[2025-10-24T09:23:40.543+0000] {processor.py:161} INFO - Started process (PID=345) to work on /opt/airflow/dags/silver/silver_cleaning.py
[2025-10-24T09:23:40.544+0000] {processor.py:830} INFO - Processing file /opt/airflow/dags/silver/silver_cleaning.py for tasks to queue
[2025-10-24T09:23:40.545+0000] {logging_mixin.py:188} INFO - [2025-10-24T09:23:40.545+0000] {dagbag.py:540} INFO - Filling up the DagBag from /opt/airflow/dags/silver/silver_cleaning.py
[2025-10-24T09:23:40.870+0000] {processor.py:842} WARNING - No viable dags retrieved from /opt/airflow/dags/silver/silver_cleaning.py
[2025-10-24T09:23:40.880+0000] {processor.py:183} INFO - Processing /opt/airflow/dags/silver/silver_cleaning.py took 0.341 seconds
[2025-10-24T09:24:13.261+0000] {processor.py:161} INFO - Started process (PID=349) to work on /opt/airflow/dags/silver/silver_cleaning.py
[2025-10-24T09:24:13.262+0000] {processor.py:830} INFO - Processing file /opt/airflow/dags/silver/silver_cleaning.py for tasks to queue
[2025-10-24T09:24:13.263+0000] {logging_mixin.py:188} INFO - [2025-10-24T09:24:13.262+0000] {dagbag.py:540} INFO - Filling up the DagBag from /opt/airflow/dags/silver/silver_cleaning.py
[2025-10-24T09:24:13.692+0000] {processor.py:842} WARNING - No viable dags retrieved from /opt/airflow/dags/silver/silver_cleaning.py
[2025-10-24T09:24:13.701+0000] {processor.py:183} INFO - Processing /opt/airflow/dags/silver/silver_cleaning.py took 0.445 seconds
[2025-10-24T09:24:45.416+0000] {processor.py:161} INFO - Started process (PID=353) to work on /opt/airflow/dags/silver/silver_cleaning.py
[2025-10-24T09:24:45.417+0000] {processor.py:830} INFO - Processing file /opt/airflow/dags/silver/silver_cleaning.py for tasks to queue
[2025-10-24T09:24:45.418+0000] {logging_mixin.py:188} INFO - [2025-10-24T09:24:45.418+0000] {dagbag.py:540} INFO - Filling up the DagBag from /opt/airflow/dags/silver/silver_cleaning.py
[2025-10-24T09:24:45.897+0000] {processor.py:842} WARNING - No viable dags retrieved from /opt/airflow/dags/silver/silver_cleaning.py
[2025-10-24T09:24:45.906+0000] {processor.py:183} INFO - Processing /opt/airflow/dags/silver/silver_cleaning.py took 0.498 seconds
[2025-10-24T09:25:18.375+0000] {processor.py:161} INFO - Started process (PID=357) to work on /opt/airflow/dags/silver/silver_cleaning.py
[2025-10-24T09:25:18.376+0000] {processor.py:830} INFO - Processing file /opt/airflow/dags/silver/silver_cleaning.py for tasks to queue
[2025-10-24T09:25:18.377+0000] {logging_mixin.py:188} INFO - [2025-10-24T09:25:18.377+0000] {dagbag.py:540} INFO - Filling up the DagBag from /opt/airflow/dags/silver/silver_cleaning.py
[2025-10-24T09:25:18.798+0000] {processor.py:842} WARNING - No viable dags retrieved from /opt/airflow/dags/silver/silver_cleaning.py
[2025-10-24T09:25:18.806+0000] {processor.py:183} INFO - Processing /opt/airflow/dags/silver/silver_cleaning.py took 0.436 seconds
[2025-10-24T09:25:50.132+0000] {processor.py:161} INFO - Started process (PID=361) to work on /opt/airflow/dags/silver/silver_cleaning.py
[2025-10-24T09:25:50.132+0000] {processor.py:830} INFO - Processing file /opt/airflow/dags/silver/silver_cleaning.py for tasks to queue
[2025-10-24T09:25:50.133+0000] {logging_mixin.py:188} INFO - [2025-10-24T09:25:50.133+0000] {dagbag.py:540} INFO - Filling up the DagBag from /opt/airflow/dags/silver/silver_cleaning.py
[2025-10-24T09:25:50.439+0000] {processor.py:842} WARNING - No viable dags retrieved from /opt/airflow/dags/silver/silver_cleaning.py
[2025-10-24T09:25:50.448+0000] {processor.py:183} INFO - Processing /opt/airflow/dags/silver/silver_cleaning.py took 0.321 seconds
[2025-10-24T09:26:22.850+0000] {processor.py:161} INFO - Started process (PID=365) to work on /opt/airflow/dags/silver/silver_cleaning.py
[2025-10-24T09:26:22.851+0000] {processor.py:830} INFO - Processing file /opt/airflow/dags/silver/silver_cleaning.py for tasks to queue
[2025-10-24T09:26:22.852+0000] {logging_mixin.py:188} INFO - [2025-10-24T09:26:22.852+0000] {dagbag.py:540} INFO - Filling up the DagBag from /opt/airflow/dags/silver/silver_cleaning.py
[2025-10-24T09:26:23.333+0000] {processor.py:842} WARNING - No viable dags retrieved from /opt/airflow/dags/silver/silver_cleaning.py
[2025-10-24T09:26:23.343+0000] {processor.py:183} INFO - Processing /opt/airflow/dags/silver/silver_cleaning.py took 0.498 seconds
[2025-10-24T09:26:53.807+0000] {processor.py:161} INFO - Started process (PID=369) to work on /opt/airflow/dags/silver/silver_cleaning.py
[2025-10-24T09:26:53.808+0000] {processor.py:830} INFO - Processing file /opt/airflow/dags/silver/silver_cleaning.py for tasks to queue
[2025-10-24T09:26:53.809+0000] {logging_mixin.py:188} INFO - [2025-10-24T09:26:53.808+0000] {dagbag.py:540} INFO - Filling up the DagBag from /opt/airflow/dags/silver/silver_cleaning.py
[2025-10-24T09:26:54.313+0000] {processor.py:842} WARNING - No viable dags retrieved from /opt/airflow/dags/silver/silver_cleaning.py
[2025-10-24T09:26:54.323+0000] {processor.py:183} INFO - Processing /opt/airflow/dags/silver/silver_cleaning.py took 0.522 seconds
[2025-10-24T09:27:24.423+0000] {processor.py:161} INFO - Started process (PID=373) to work on /opt/airflow/dags/silver/silver_cleaning.py
[2025-10-24T09:27:24.424+0000] {processor.py:830} INFO - Processing file /opt/airflow/dags/silver/silver_cleaning.py for tasks to queue
[2025-10-24T09:27:24.424+0000] {logging_mixin.py:188} INFO - [2025-10-24T09:27:24.424+0000] {dagbag.py:540} INFO - Filling up the DagBag from /opt/airflow/dags/silver/silver_cleaning.py
[2025-10-24T09:27:24.902+0000] {processor.py:842} WARNING - No viable dags retrieved from /opt/airflow/dags/silver/silver_cleaning.py
[2025-10-24T09:27:24.911+0000] {processor.py:183} INFO - Processing /opt/airflow/dags/silver/silver_cleaning.py took 0.494 seconds
[2025-10-24T09:27:55.143+0000] {processor.py:161} INFO - Started process (PID=377) to work on /opt/airflow/dags/silver/silver_cleaning.py
[2025-10-24T09:27:55.144+0000] {processor.py:830} INFO - Processing file /opt/airflow/dags/silver/silver_cleaning.py for tasks to queue
[2025-10-24T09:27:55.145+0000] {logging_mixin.py:188} INFO - [2025-10-24T09:27:55.145+0000] {dagbag.py:540} INFO - Filling up the DagBag from /opt/airflow/dags/silver/silver_cleaning.py
[2025-10-24T09:27:55.637+0000] {processor.py:842} WARNING - No viable dags retrieved from /opt/airflow/dags/silver/silver_cleaning.py
[2025-10-24T09:27:55.648+0000] {processor.py:183} INFO - Processing /opt/airflow/dags/silver/silver_cleaning.py took 0.510 seconds
[2025-10-24T09:28:26.421+0000] {processor.py:161} INFO - Started process (PID=381) to work on /opt/airflow/dags/silver/silver_cleaning.py
[2025-10-24T09:28:26.422+0000] {processor.py:830} INFO - Processing file /opt/airflow/dags/silver/silver_cleaning.py for tasks to queue
[2025-10-24T09:28:26.423+0000] {logging_mixin.py:188} INFO - [2025-10-24T09:28:26.423+0000] {dagbag.py:540} INFO - Filling up the DagBag from /opt/airflow/dags/silver/silver_cleaning.py
[2025-10-24T09:28:26.849+0000] {processor.py:842} WARNING - No viable dags retrieved from /opt/airflow/dags/silver/silver_cleaning.py
[2025-10-24T09:28:26.857+0000] {processor.py:183} INFO - Processing /opt/airflow/dags/silver/silver_cleaning.py took 0.442 seconds
[2025-10-24T09:28:57.238+0000] {processor.py:161} INFO - Started process (PID=385) to work on /opt/airflow/dags/silver/silver_cleaning.py
[2025-10-24T09:28:57.239+0000] {processor.py:830} INFO - Processing file /opt/airflow/dags/silver/silver_cleaning.py for tasks to queue
[2025-10-24T09:28:57.240+0000] {logging_mixin.py:188} INFO - [2025-10-24T09:28:57.240+0000] {dagbag.py:540} INFO - Filling up the DagBag from /opt/airflow/dags/silver/silver_cleaning.py
[2025-10-24T09:28:57.741+0000] {processor.py:842} WARNING - No viable dags retrieved from /opt/airflow/dags/silver/silver_cleaning.py
[2025-10-24T09:28:57.750+0000] {processor.py:183} INFO - Processing /opt/airflow/dags/silver/silver_cleaning.py took 0.518 seconds
[2025-10-24T09:29:27.862+0000] {processor.py:161} INFO - Started process (PID=390) to work on /opt/airflow/dags/silver/silver_cleaning.py
[2025-10-24T09:29:27.862+0000] {processor.py:830} INFO - Processing file /opt/airflow/dags/silver/silver_cleaning.py for tasks to queue
[2025-10-24T09:29:27.863+0000] {logging_mixin.py:188} INFO - [2025-10-24T09:29:27.863+0000] {dagbag.py:540} INFO - Filling up the DagBag from /opt/airflow/dags/silver/silver_cleaning.py
[2025-10-24T09:29:26.646+0000] {processor.py:842} WARNING - No viable dags retrieved from /opt/airflow/dags/silver/silver_cleaning.py
[2025-10-24T09:29:26.655+0000] {processor.py:183} INFO - Processing /opt/airflow/dags/silver/silver_cleaning.py took 0.449 seconds
[2025-10-24T09:29:56.970+0000] {processor.py:161} INFO - Started process (PID=393) to work on /opt/airflow/dags/silver/silver_cleaning.py
[2025-10-24T09:29:56.970+0000] {processor.py:830} INFO - Processing file /opt/airflow/dags/silver/silver_cleaning.py for tasks to queue
[2025-10-24T09:29:56.971+0000] {logging_mixin.py:188} INFO - [2025-10-24T09:29:56.971+0000] {dagbag.py:540} INFO - Filling up the DagBag from /opt/airflow/dags/silver/silver_cleaning.py
[2025-10-24T09:29:57.301+0000] {processor.py:842} WARNING - No viable dags retrieved from /opt/airflow/dags/silver/silver_cleaning.py
[2025-10-24T09:29:57.310+0000] {processor.py:183} INFO - Processing /opt/airflow/dags/silver/silver_cleaning.py took 0.347 seconds
[2025-10-24T09:30:27.604+0000] {processor.py:161} INFO - Started process (PID=397) to work on /opt/airflow/dags/silver/silver_cleaning.py
[2025-10-24T09:30:27.605+0000] {processor.py:830} INFO - Processing file /opt/airflow/dags/silver/silver_cleaning.py for tasks to queue
[2025-10-24T09:30:27.606+0000] {logging_mixin.py:188} INFO - [2025-10-24T09:30:27.606+0000] {dagbag.py:540} INFO - Filling up the DagBag from /opt/airflow/dags/silver/silver_cleaning.py
[2025-10-24T09:30:28.052+0000] {processor.py:842} WARNING - No viable dags retrieved from /opt/airflow/dags/silver/silver_cleaning.py
[2025-10-24T09:30:28.061+0000] {processor.py:183} INFO - Processing /opt/airflow/dags/silver/silver_cleaning.py took 0.462 seconds
[2025-10-24T09:30:58.222+0000] {processor.py:161} INFO - Started process (PID=401) to work on /opt/airflow/dags/silver/silver_cleaning.py
[2025-10-24T09:30:58.222+0000] {processor.py:830} INFO - Processing file /opt/airflow/dags/silver/silver_cleaning.py for tasks to queue
[2025-10-24T09:30:58.223+0000] {logging_mixin.py:188} INFO - [2025-10-24T09:30:58.223+0000] {dagbag.py:540} INFO - Filling up the DagBag from /opt/airflow/dags/silver/silver_cleaning.py
[2025-10-24T09:30:58.675+0000] {processor.py:842} WARNING - No viable dags retrieved from /opt/airflow/dags/silver/silver_cleaning.py
[2025-10-24T09:30:58.686+0000] {processor.py:183} INFO - Processing /opt/airflow/dags/silver/silver_cleaning.py took 0.469 seconds
[2025-10-24T09:31:29.322+0000] {processor.py:161} INFO - Started process (PID=405) to work on /opt/airflow/dags/silver/silver_cleaning.py
[2025-10-24T09:31:29.323+0000] {processor.py:830} INFO - Processing file /opt/airflow/dags/silver/silver_cleaning.py for tasks to queue
[2025-10-24T09:31:29.324+0000] {logging_mixin.py:188} INFO - [2025-10-24T09:31:29.324+0000] {dagbag.py:540} INFO - Filling up the DagBag from /opt/airflow/dags/silver/silver_cleaning.py
[2025-10-24T09:31:29.781+0000] {processor.py:842} WARNING - No viable dags retrieved from /opt/airflow/dags/silver/silver_cleaning.py
[2025-10-24T09:31:29.791+0000] {processor.py:183} INFO - Processing /opt/airflow/dags/silver/silver_cleaning.py took 0.473 seconds
[2025-10-24T09:32:00.277+0000] {processor.py:161} INFO - Started process (PID=409) to work on /opt/airflow/dags/silver/silver_cleaning.py
[2025-10-24T09:32:00.278+0000] {processor.py:830} INFO - Processing file /opt/airflow/dags/silver/silver_cleaning.py for tasks to queue
[2025-10-24T09:32:00.278+0000] {logging_mixin.py:188} INFO - [2025-10-24T09:32:00.278+0000] {dagbag.py:540} INFO - Filling up the DagBag from /opt/airflow/dags/silver/silver_cleaning.py
[2025-10-24T09:32:00.631+0000] {processor.py:842} WARNING - No viable dags retrieved from /opt/airflow/dags/silver/silver_cleaning.py
[2025-10-24T09:32:00.644+0000] {processor.py:183} INFO - Processing /opt/airflow/dags/silver/silver_cleaning.py took 0.372 seconds
[2025-10-24T09:32:30.698+0000] {processor.py:161} INFO - Started process (PID=413) to work on /opt/airflow/dags/silver/silver_cleaning.py
[2025-10-24T09:32:30.699+0000] {processor.py:830} INFO - Processing file /opt/airflow/dags/silver/silver_cleaning.py for tasks to queue
[2025-10-24T09:32:30.700+0000] {logging_mixin.py:188} INFO - [2025-10-24T09:32:30.699+0000] {dagbag.py:540} INFO - Filling up the DagBag from /opt/airflow/dags/silver/silver_cleaning.py
[2025-10-24T09:32:31.117+0000] {processor.py:842} WARNING - No viable dags retrieved from /opt/airflow/dags/silver/silver_cleaning.py
[2025-10-24T09:32:31.125+0000] {processor.py:183} INFO - Processing /opt/airflow/dags/silver/silver_cleaning.py took 0.432 seconds
[2025-10-24T09:33:01.273+0000] {processor.py:161} INFO - Started process (PID=417) to work on /opt/airflow/dags/silver/silver_cleaning.py
[2025-10-24T09:33:01.273+0000] {processor.py:830} INFO - Processing file /opt/airflow/dags/silver/silver_cleaning.py for tasks to queue
[2025-10-24T09:33:01.274+0000] {logging_mixin.py:188} INFO - [2025-10-24T09:33:01.274+0000] {dagbag.py:540} INFO - Filling up the DagBag from /opt/airflow/dags/silver/silver_cleaning.py
[2025-10-24T09:33:01.721+0000] {processor.py:842} WARNING - No viable dags retrieved from /opt/airflow/dags/silver/silver_cleaning.py
[2025-10-24T09:33:01.730+0000] {processor.py:183} INFO - Processing /opt/airflow/dags/silver/silver_cleaning.py took 0.462 seconds
[2025-10-24T09:33:32.228+0000] {processor.py:161} INFO - Started process (PID=421) to work on /opt/airflow/dags/silver/silver_cleaning.py
[2025-10-24T09:33:32.229+0000] {processor.py:830} INFO - Processing file /opt/airflow/dags/silver/silver_cleaning.py for tasks to queue
[2025-10-24T09:33:32.230+0000] {logging_mixin.py:188} INFO - [2025-10-24T09:33:32.229+0000] {dagbag.py:540} INFO - Filling up the DagBag from /opt/airflow/dags/silver/silver_cleaning.py
[2025-10-24T09:33:32.673+0000] {processor.py:842} WARNING - No viable dags retrieved from /opt/airflow/dags/silver/silver_cleaning.py
[2025-10-24T09:33:32.682+0000] {processor.py:183} INFO - Processing /opt/airflow/dags/silver/silver_cleaning.py took 0.459 seconds
[2025-10-24T09:34:03.519+0000] {processor.py:161} INFO - Started process (PID=425) to work on /opt/airflow/dags/silver/silver_cleaning.py
[2025-10-24T09:34:03.520+0000] {processor.py:830} INFO - Processing file /opt/airflow/dags/silver/silver_cleaning.py for tasks to queue
[2025-10-24T09:34:03.521+0000] {logging_mixin.py:188} INFO - [2025-10-24T09:34:03.520+0000] {dagbag.py:540} INFO - Filling up the DagBag from /opt/airflow/dags/silver/silver_cleaning.py
[2025-10-24T09:34:03.965+0000] {processor.py:842} WARNING - No viable dags retrieved from /opt/airflow/dags/silver/silver_cleaning.py
[2025-10-24T09:34:03.974+0000] {processor.py:183} INFO - Processing /opt/airflow/dags/silver/silver_cleaning.py took 0.459 seconds
[2025-10-24T09:34:37.003+0000] {processor.py:161} INFO - Started process (PID=430) to work on /opt/airflow/dags/silver/silver_cleaning.py
[2025-10-24T09:34:37.004+0000] {processor.py:830} INFO - Processing file /opt/airflow/dags/silver/silver_cleaning.py for tasks to queue
[2025-10-24T09:34:37.005+0000] {logging_mixin.py:188} INFO - [2025-10-24T09:34:37.004+0000] {dagbag.py:540} INFO - Filling up the DagBag from /opt/airflow/dags/silver/silver_cleaning.py
[2025-10-24T09:34:39.473+0000] {processor.py:842} WARNING - No viable dags retrieved from /opt/airflow/dags/silver/silver_cleaning.py
[2025-10-24T09:34:39.482+0000] {processor.py:183} INFO - Processing /opt/airflow/dags/silver/silver_cleaning.py took 0.490 seconds
[2025-10-24T09:35:10.035+0000] {processor.py:161} INFO - Started process (PID=434) to work on /opt/airflow/dags/silver/silver_cleaning.py
[2025-10-24T09:35:10.036+0000] {processor.py:830} INFO - Processing file /opt/airflow/dags/silver/silver_cleaning.py for tasks to queue
[2025-10-24T09:35:10.037+0000] {logging_mixin.py:188} INFO - [2025-10-24T09:35:10.036+0000] {dagbag.py:540} INFO - Filling up the DagBag from /opt/airflow/dags/silver/silver_cleaning.py
[2025-10-24T09:35:10.485+0000] {processor.py:842} WARNING - No viable dags retrieved from /opt/airflow/dags/silver/silver_cleaning.py
[2025-10-24T09:35:10.494+0000] {processor.py:183} INFO - Processing /opt/airflow/dags/silver/silver_cleaning.py took 0.464 seconds
[2025-10-24T09:35:40.548+0000] {processor.py:161} INFO - Started process (PID=438) to work on /opt/airflow/dags/silver/silver_cleaning.py
[2025-10-24T09:35:40.549+0000] {processor.py:830} INFO - Processing file /opt/airflow/dags/silver/silver_cleaning.py for tasks to queue
[2025-10-24T09:35:40.550+0000] {logging_mixin.py:188} INFO - [2025-10-24T09:35:40.549+0000] {dagbag.py:540} INFO - Filling up the DagBag from /opt/airflow/dags/silver/silver_cleaning.py
[2025-10-24T09:35:41.016+0000] {processor.py:842} WARNING - No viable dags retrieved from /opt/airflow/dags/silver/silver_cleaning.py
[2025-10-24T09:35:41.025+0000] {processor.py:183} INFO - Processing /opt/airflow/dags/silver/silver_cleaning.py took 0.482 seconds
[2025-10-24T09:36:11.989+0000] {processor.py:161} INFO - Started process (PID=442) to work on /opt/airflow/dags/silver/silver_cleaning.py
[2025-10-24T09:36:11.989+0000] {processor.py:830} INFO - Processing file /opt/airflow/dags/silver/silver_cleaning.py for tasks to queue
[2025-10-24T09:36:11.990+0000] {logging_mixin.py:188} INFO - [2025-10-24T09:36:11.990+0000] {dagbag.py:540} INFO - Filling up the DagBag from /opt/airflow/dags/silver/silver_cleaning.py
[2025-10-24T09:36:12.467+0000] {processor.py:842} WARNING - No viable dags retrieved from /opt/airflow/dags/silver/silver_cleaning.py
[2025-10-24T09:36:12.475+0000] {processor.py:183} INFO - Processing /opt/airflow/dags/silver/silver_cleaning.py took 0.492 seconds
[2025-10-24T09:36:43.077+0000] {processor.py:161} INFO - Started process (PID=446) to work on /opt/airflow/dags/silver/silver_cleaning.py
[2025-10-24T09:36:43.078+0000] {processor.py:830} INFO - Processing file /opt/airflow/dags/silver/silver_cleaning.py for tasks to queue
[2025-10-24T09:36:43.078+0000] {logging_mixin.py:188} INFO - [2025-10-24T09:36:43.078+0000] {dagbag.py:540} INFO - Filling up the DagBag from /opt/airflow/dags/silver/silver_cleaning.py
[2025-10-24T09:36:43.503+0000] {processor.py:842} WARNING - No viable dags retrieved from /opt/airflow/dags/silver/silver_cleaning.py
[2025-10-24T09:36:43.512+0000] {processor.py:183} INFO - Processing /opt/airflow/dags/silver/silver_cleaning.py took 0.439 seconds
[2025-10-24T09:37:15.186+0000] {processor.py:161} INFO - Started process (PID=450) to work on /opt/airflow/dags/silver/silver_cleaning.py
[2025-10-24T09:37:15.187+0000] {processor.py:830} INFO - Processing file /opt/airflow/dags/silver/silver_cleaning.py for tasks to queue
[2025-10-24T09:37:15.187+0000] {logging_mixin.py:188} INFO - [2025-10-24T09:37:15.187+0000] {dagbag.py:540} INFO - Filling up the DagBag from /opt/airflow/dags/silver/silver_cleaning.py
[2025-10-24T09:37:15.677+0000] {processor.py:842} WARNING - No viable dags retrieved from /opt/airflow/dags/silver/silver_cleaning.py
[2025-10-24T09:37:15.686+0000] {processor.py:183} INFO - Processing /opt/airflow/dags/silver/silver_cleaning.py took 0.506 seconds
[2025-10-24T09:37:47.752+0000] {processor.py:161} INFO - Started process (PID=454) to work on /opt/airflow/dags/silver/silver_cleaning.py
[2025-10-24T09:37:47.753+0000] {processor.py:830} INFO - Processing file /opt/airflow/dags/silver/silver_cleaning.py for tasks to queue
[2025-10-24T09:37:47.753+0000] {logging_mixin.py:188} INFO - [2025-10-24T09:37:47.753+0000] {dagbag.py:540} INFO - Filling up the DagBag from /opt/airflow/dags/silver/silver_cleaning.py
[2025-10-24T09:37:48.232+0000] {processor.py:842} WARNING - No viable dags retrieved from /opt/airflow/dags/silver/silver_cleaning.py
[2025-10-24T09:37:48.242+0000] {processor.py:183} INFO - Processing /opt/airflow/dags/silver/silver_cleaning.py took 0.495 seconds
[2025-10-24T09:38:20.330+0000] {processor.py:161} INFO - Started process (PID=458) to work on /opt/airflow/dags/silver/silver_cleaning.py
[2025-10-24T09:38:20.331+0000] {processor.py:830} INFO - Processing file /opt/airflow/dags/silver/silver_cleaning.py for tasks to queue
[2025-10-24T09:38:20.332+0000] {logging_mixin.py:188} INFO - [2025-10-24T09:38:20.331+0000] {dagbag.py:540} INFO - Filling up the DagBag from /opt/airflow/dags/silver/silver_cleaning.py
[2025-10-24T09:38:20.809+0000] {processor.py:842} WARNING - No viable dags retrieved from /opt/airflow/dags/silver/silver_cleaning.py
[2025-10-24T09:38:20.818+0000] {processor.py:183} INFO - Processing /opt/airflow/dags/silver/silver_cleaning.py took 0.493 seconds
[2025-10-24T09:38:52.311+0000] {processor.py:161} INFO - Started process (PID=462) to work on /opt/airflow/dags/silver/silver_cleaning.py
[2025-10-24T09:38:52.312+0000] {processor.py:830} INFO - Processing file /opt/airflow/dags/silver/silver_cleaning.py for tasks to queue
[2025-10-24T09:38:52.313+0000] {logging_mixin.py:188} INFO - [2025-10-24T09:38:52.312+0000] {dagbag.py:540} INFO - Filling up the DagBag from /opt/airflow/dags/silver/silver_cleaning.py
[2025-10-24T09:38:52.747+0000] {processor.py:842} WARNING - No viable dags retrieved from /opt/airflow/dags/silver/silver_cleaning.py
[2025-10-24T09:38:52.755+0000] {processor.py:183} INFO - Processing /opt/airflow/dags/silver/silver_cleaning.py took 0.449 seconds
[2025-10-24T09:39:22.906+0000] {processor.py:161} INFO - Started process (PID=466) to work on /opt/airflow/dags/silver/silver_cleaning.py
[2025-10-24T09:39:22.906+0000] {processor.py:830} INFO - Processing file /opt/airflow/dags/silver/silver_cleaning.py for tasks to queue
[2025-10-24T09:39:22.907+0000] {logging_mixin.py:188} INFO - [2025-10-24T09:39:22.907+0000] {dagbag.py:540} INFO - Filling up the DagBag from /opt/airflow/dags/silver/silver_cleaning.py
[2025-10-24T09:39:23.369+0000] {processor.py:842} WARNING - No viable dags retrieved from /opt/airflow/dags/silver/silver_cleaning.py
[2025-10-24T09:39:23.378+0000] {processor.py:183} INFO - Processing /opt/airflow/dags/silver/silver_cleaning.py took 0.476 seconds
[2025-10-24T09:39:53.740+0000] {processor.py:161} INFO - Started process (PID=470) to work on /opt/airflow/dags/silver/silver_cleaning.py
[2025-10-24T09:39:53.741+0000] {processor.py:830} INFO - Processing file /opt/airflow/dags/silver/silver_cleaning.py for tasks to queue
[2025-10-24T09:39:53.742+0000] {logging_mixin.py:188} INFO - [2025-10-24T09:39:53.741+0000] {dagbag.py:540} INFO - Filling up the DagBag from /opt/airflow/dags/silver/silver_cleaning.py
[2025-10-24T09:39:54.206+0000] {processor.py:842} WARNING - No viable dags retrieved from /opt/airflow/dags/silver/silver_cleaning.py
[2025-10-24T09:39:54.216+0000] {processor.py:183} INFO - Processing /opt/airflow/dags/silver/silver_cleaning.py took 0.480 seconds
[2025-10-24T09:40:25.067+0000] {processor.py:161} INFO - Started process (PID=474) to work on /opt/airflow/dags/silver/silver_cleaning.py
[2025-10-24T09:40:25.068+0000] {processor.py:830} INFO - Processing file /opt/airflow/dags/silver/silver_cleaning.py for tasks to queue
[2025-10-24T09:40:25.068+0000] {logging_mixin.py:188} INFO - [2025-10-24T09:40:25.068+0000] {dagbag.py:540} INFO - Filling up the DagBag from /opt/airflow/dags/silver/silver_cleaning.py
[2025-10-24T09:40:25.511+0000] {processor.py:842} WARNING - No viable dags retrieved from /opt/airflow/dags/silver/silver_cleaning.py
[2025-10-24T09:40:25.519+0000] {processor.py:183} INFO - Processing /opt/airflow/dags/silver/silver_cleaning.py took 0.457 seconds
[2025-10-24T09:40:55.858+0000] {processor.py:161} INFO - Started process (PID=478) to work on /opt/airflow/dags/silver/silver_cleaning.py
[2025-10-24T09:40:55.859+0000] {processor.py:830} INFO - Processing file /opt/airflow/dags/silver/silver_cleaning.py for tasks to queue
[2025-10-24T09:40:55.860+0000] {logging_mixin.py:188} INFO - [2025-10-24T09:40:55.860+0000] {dagbag.py:540} INFO - Filling up the DagBag from /opt/airflow/dags/silver/silver_cleaning.py
[2025-10-24T09:40:56.300+0000] {processor.py:842} WARNING - No viable dags retrieved from /opt/airflow/dags/silver/silver_cleaning.py
[2025-10-24T09:40:56.308+0000] {processor.py:183} INFO - Processing /opt/airflow/dags/silver/silver_cleaning.py took 0.454 seconds
[2025-10-24T09:41:26.654+0000] {processor.py:161} INFO - Started process (PID=482) to work on /opt/airflow/dags/silver/silver_cleaning.py
[2025-10-24T09:41:26.655+0000] {processor.py:830} INFO - Processing file /opt/airflow/dags/silver/silver_cleaning.py for tasks to queue
[2025-10-24T09:41:26.656+0000] {logging_mixin.py:188} INFO - [2025-10-24T09:41:26.655+0000] {dagbag.py:540} INFO - Filling up the DagBag from /opt/airflow/dags/silver/silver_cleaning.py
[2025-10-24T09:41:27.139+0000] {processor.py:842} WARNING - No viable dags retrieved from /opt/airflow/dags/silver/silver_cleaning.py
[2025-10-24T09:41:27.148+0000] {processor.py:183} INFO - Processing /opt/airflow/dags/silver/silver_cleaning.py took 0.499 seconds
[2025-10-24T09:41:59.002+0000] {processor.py:161} INFO - Started process (PID=486) to work on /opt/airflow/dags/silver/silver_cleaning.py
[2025-10-24T09:41:59.003+0000] {processor.py:830} INFO - Processing file /opt/airflow/dags/silver/silver_cleaning.py for tasks to queue
[2025-10-24T09:41:59.004+0000] {logging_mixin.py:188} INFO - [2025-10-24T09:41:59.003+0000] {dagbag.py:540} INFO - Filling up the DagBag from /opt/airflow/dags/silver/silver_cleaning.py
[2025-10-24T09:41:59.433+0000] {processor.py:842} WARNING - No viable dags retrieved from /opt/airflow/dags/silver/silver_cleaning.py
[2025-10-24T09:41:59.441+0000] {processor.py:183} INFO - Processing /opt/airflow/dags/silver/silver_cleaning.py took 0.444 seconds
[2025-10-24T09:42:29.787+0000] {processor.py:161} INFO - Started process (PID=490) to work on /opt/airflow/dags/silver/silver_cleaning.py
[2025-10-24T09:42:29.787+0000] {processor.py:830} INFO - Processing file /opt/airflow/dags/silver/silver_cleaning.py for tasks to queue
[2025-10-24T09:42:29.788+0000] {logging_mixin.py:188} INFO - [2025-10-24T09:42:29.788+0000] {dagbag.py:540} INFO - Filling up the DagBag from /opt/airflow/dags/silver/silver_cleaning.py
[2025-10-24T09:42:30.305+0000] {processor.py:842} WARNING - No viable dags retrieved from /opt/airflow/dags/silver/silver_cleaning.py
[2025-10-24T09:42:30.314+0000] {processor.py:183} INFO - Processing /opt/airflow/dags/silver/silver_cleaning.py took 0.532 seconds
[2025-10-24T09:43:01.716+0000] {processor.py:161} INFO - Started process (PID=494) to work on /opt/airflow/dags/silver/silver_cleaning.py
[2025-10-24T09:43:01.717+0000] {processor.py:830} INFO - Processing file /opt/airflow/dags/silver/silver_cleaning.py for tasks to queue
[2025-10-24T09:43:01.718+0000] {logging_mixin.py:188} INFO - [2025-10-24T09:43:01.717+0000] {dagbag.py:540} INFO - Filling up the DagBag from /opt/airflow/dags/silver/silver_cleaning.py
[2025-10-24T09:43:02.284+0000] {processor.py:842} WARNING - No viable dags retrieved from /opt/airflow/dags/silver/silver_cleaning.py
[2025-10-24T09:43:02.293+0000] {processor.py:183} INFO - Processing /opt/airflow/dags/silver/silver_cleaning.py took 0.582 seconds
[2025-10-24T09:43:32.913+0000] {processor.py:161} INFO - Started process (PID=498) to work on /opt/airflow/dags/silver/silver_cleaning.py
[2025-10-24T09:43:32.914+0000] {processor.py:830} INFO - Processing file /opt/airflow/dags/silver/silver_cleaning.py for tasks to queue
[2025-10-24T09:43:32.915+0000] {logging_mixin.py:188} INFO - [2025-10-24T09:43:32.914+0000] {dagbag.py:540} INFO - Filling up the DagBag from /opt/airflow/dags/silver/silver_cleaning.py
[2025-10-24T09:43:33.365+0000] {processor.py:842} WARNING - No viable dags retrieved from /opt/airflow/dags/silver/silver_cleaning.py
[2025-10-24T09:43:33.373+0000] {processor.py:183} INFO - Processing /opt/airflow/dags/silver/silver_cleaning.py took 0.465 seconds
[2025-10-24T09:44:05.928+0000] {processor.py:161} INFO - Started process (PID=502) to work on /opt/airflow/dags/silver/silver_cleaning.py
[2025-10-24T09:44:05.929+0000] {processor.py:830} INFO - Processing file /opt/airflow/dags/silver/silver_cleaning.py for tasks to queue
[2025-10-24T09:44:05.930+0000] {logging_mixin.py:188} INFO - [2025-10-24T09:44:05.930+0000] {dagbag.py:540} INFO - Filling up the DagBag from /opt/airflow/dags/silver/silver_cleaning.py
[2025-10-24T09:44:06.391+0000] {processor.py:842} WARNING - No viable dags retrieved from /opt/airflow/dags/silver/silver_cleaning.py
[2025-10-24T09:44:06.401+0000] {processor.py:183} INFO - Processing /opt/airflow/dags/silver/silver_cleaning.py took 0.477 seconds
[2025-10-24T09:44:38.287+0000] {processor.py:161} INFO - Started process (PID=506) to work on /opt/airflow/dags/silver/silver_cleaning.py
[2025-10-24T09:44:38.287+0000] {processor.py:830} INFO - Processing file /opt/airflow/dags/silver/silver_cleaning.py for tasks to queue
[2025-10-24T09:44:38.288+0000] {logging_mixin.py:188} INFO - [2025-10-24T09:44:38.288+0000] {dagbag.py:540} INFO - Filling up the DagBag from /opt/airflow/dags/silver/silver_cleaning.py
[2025-10-24T09:44:38.736+0000] {processor.py:842} WARNING - No viable dags retrieved from /opt/airflow/dags/silver/silver_cleaning.py
[2025-10-24T09:44:38.745+0000] {processor.py:183} INFO - Processing /opt/airflow/dags/silver/silver_cleaning.py took 0.462 seconds
[2025-10-24T09:45:10.053+0000] {processor.py:161} INFO - Started process (PID=510) to work on /opt/airflow/dags/silver/silver_cleaning.py
[2025-10-24T09:45:10.054+0000] {processor.py:830} INFO - Processing file /opt/airflow/dags/silver/silver_cleaning.py for tasks to queue
[2025-10-24T09:45:10.054+0000] {logging_mixin.py:188} INFO - [2025-10-24T09:45:10.054+0000] {dagbag.py:540} INFO - Filling up the DagBag from /opt/airflow/dags/silver/silver_cleaning.py
[2025-10-24T09:45:10.558+0000] {processor.py:842} WARNING - No viable dags retrieved from /opt/airflow/dags/silver/silver_cleaning.py
[2025-10-24T09:45:10.569+0000] {processor.py:183} INFO - Processing /opt/airflow/dags/silver/silver_cleaning.py took 0.522 seconds
[2025-10-24T09:45:40.869+0000] {processor.py:161} INFO - Started process (PID=515) to work on /opt/airflow/dags/silver/silver_cleaning.py
[2025-10-24T09:45:40.870+0000] {processor.py:830} INFO - Processing file /opt/airflow/dags/silver/silver_cleaning.py for tasks to queue
[2025-10-24T09:45:40.870+0000] {logging_mixin.py:188} INFO - [2025-10-24T09:45:40.870+0000] {dagbag.py:540} INFO - Filling up the DagBag from /opt/airflow/dags/silver/silver_cleaning.py
[2025-10-24T09:45:41.316+0000] {processor.py:842} WARNING - No viable dags retrieved from /opt/airflow/dags/silver/silver_cleaning.py
[2025-10-24T09:45:41.325+0000] {processor.py:183} INFO - Processing /opt/airflow/dags/silver/silver_cleaning.py took 0.461 seconds
[2025-10-24T09:46:12.016+0000] {processor.py:161} INFO - Started process (PID=519) to work on /opt/airflow/dags/silver/silver_cleaning.py
[2025-10-24T09:46:12.017+0000] {processor.py:830} INFO - Processing file /opt/airflow/dags/silver/silver_cleaning.py for tasks to queue
[2025-10-24T09:46:12.018+0000] {logging_mixin.py:188} INFO - [2025-10-24T09:46:12.018+0000] {dagbag.py:540} INFO - Filling up the DagBag from /opt/airflow/dags/silver/silver_cleaning.py
[2025-10-24T09:46:12.496+0000] {processor.py:842} WARNING - No viable dags retrieved from /opt/airflow/dags/silver/silver_cleaning.py
[2025-10-24T09:46:12.505+0000] {processor.py:183} INFO - Processing /opt/airflow/dags/silver/silver_cleaning.py took 0.495 seconds
[2025-10-24T09:46:42.667+0000] {processor.py:161} INFO - Started process (PID=523) to work on /opt/airflow/dags/silver/silver_cleaning.py
[2025-10-24T09:46:42.668+0000] {processor.py:830} INFO - Processing file /opt/airflow/dags/silver/silver_cleaning.py for tasks to queue
[2025-10-24T09:46:42.668+0000] {logging_mixin.py:188} INFO - [2025-10-24T09:46:42.668+0000] {dagbag.py:540} INFO - Filling up the DagBag from /opt/airflow/dags/silver/silver_cleaning.py
[2025-10-24T09:46:43.129+0000] {processor.py:842} WARNING - No viable dags retrieved from /opt/airflow/dags/silver/silver_cleaning.py
[2025-10-24T09:46:43.139+0000] {processor.py:183} INFO - Processing /opt/airflow/dags/silver/silver_cleaning.py took 0.477 seconds
[2025-10-24T09:47:13.975+0000] {processor.py:161} INFO - Started process (PID=527) to work on /opt/airflow/dags/silver/silver_cleaning.py
[2025-10-24T09:47:13.976+0000] {processor.py:830} INFO - Processing file /opt/airflow/dags/silver/silver_cleaning.py for tasks to queue
[2025-10-24T09:47:13.977+0000] {logging_mixin.py:188} INFO - [2025-10-24T09:47:13.977+0000] {dagbag.py:540} INFO - Filling up the DagBag from /opt/airflow/dags/silver/silver_cleaning.py
[2025-10-24T09:47:14.465+0000] {processor.py:842} WARNING - No viable dags retrieved from /opt/airflow/dags/silver/silver_cleaning.py
[2025-10-24T09:47:14.474+0000] {processor.py:183} INFO - Processing /opt/airflow/dags/silver/silver_cleaning.py took 0.507 seconds
[2025-10-24T09:47:44.720+0000] {processor.py:161} INFO - Started process (PID=531) to work on /opt/airflow/dags/silver/silver_cleaning.py
[2025-10-24T09:47:44.720+0000] {processor.py:830} INFO - Processing file /opt/airflow/dags/silver/silver_cleaning.py for tasks to queue
[2025-10-24T09:47:44.721+0000] {logging_mixin.py:188} INFO - [2025-10-24T09:47:44.721+0000] {dagbag.py:540} INFO - Filling up the DagBag from /opt/airflow/dags/silver/silver_cleaning.py
[2025-10-24T09:47:45.138+0000] {processor.py:842} WARNING - No viable dags retrieved from /opt/airflow/dags/silver/silver_cleaning.py
[2025-10-24T09:47:45.146+0000] {processor.py:183} INFO - Processing /opt/airflow/dags/silver/silver_cleaning.py took 0.431 seconds
[2025-10-24T09:48:15.518+0000] {processor.py:161} INFO - Started process (PID=535) to work on /opt/airflow/dags/silver/silver_cleaning.py
[2025-10-24T09:48:15.519+0000] {processor.py:830} INFO - Processing file /opt/airflow/dags/silver/silver_cleaning.py for tasks to queue
[2025-10-24T09:48:15.520+0000] {logging_mixin.py:188} INFO - [2025-10-24T09:48:15.519+0000] {dagbag.py:540} INFO - Filling up the DagBag from /opt/airflow/dags/silver/silver_cleaning.py
[2025-10-24T09:48:16.029+0000] {processor.py:842} WARNING - No viable dags retrieved from /opt/airflow/dags/silver/silver_cleaning.py
[2025-10-24T09:48:16.039+0000] {processor.py:183} INFO - Processing /opt/airflow/dags/silver/silver_cleaning.py took 0.526 seconds
[2025-10-24T09:48:46.922+0000] {processor.py:161} INFO - Started process (PID=539) to work on /opt/airflow/dags/silver/silver_cleaning.py
[2025-10-24T09:48:46.923+0000] {processor.py:830} INFO - Processing file /opt/airflow/dags/silver/silver_cleaning.py for tasks to queue
[2025-10-24T09:48:46.924+0000] {logging_mixin.py:188} INFO - [2025-10-24T09:48:46.924+0000] {dagbag.py:540} INFO - Filling up the DagBag from /opt/airflow/dags/silver/silver_cleaning.py
[2025-10-24T09:48:47.399+0000] {processor.py:842} WARNING - No viable dags retrieved from /opt/airflow/dags/silver/silver_cleaning.py
[2025-10-24T09:48:47.408+0000] {processor.py:183} INFO - Processing /opt/airflow/dags/silver/silver_cleaning.py took 0.491 seconds
[2025-10-24T09:49:18.364+0000] {processor.py:161} INFO - Started process (PID=544) to work on /opt/airflow/dags/silver/silver_cleaning.py
[2025-10-24T09:49:18.365+0000] {processor.py:830} INFO - Processing file /opt/airflow/dags/silver/silver_cleaning.py for tasks to queue
[2025-10-24T09:49:18.366+0000] {logging_mixin.py:188} INFO - [2025-10-24T09:49:18.366+0000] {dagbag.py:540} INFO - Filling up the DagBag from /opt/airflow/dags/silver/silver_cleaning.py
[2025-10-24T09:49:18.806+0000] {processor.py:842} WARNING - No viable dags retrieved from /opt/airflow/dags/silver/silver_cleaning.py
[2025-10-24T09:49:18.815+0000] {processor.py:183} INFO - Processing /opt/airflow/dags/silver/silver_cleaning.py took 0.455 seconds
[2025-10-24T09:49:48.919+0000] {processor.py:161} INFO - Started process (PID=548) to work on /opt/airflow/dags/silver/silver_cleaning.py
[2025-10-24T09:49:48.920+0000] {processor.py:830} INFO - Processing file /opt/airflow/dags/silver/silver_cleaning.py for tasks to queue
[2025-10-24T09:49:48.920+0000] {logging_mixin.py:188} INFO - [2025-10-24T09:49:48.920+0000] {dagbag.py:540} INFO - Filling up the DagBag from /opt/airflow/dags/silver/silver_cleaning.py
[2025-10-24T09:49:49.389+0000] {processor.py:842} WARNING - No viable dags retrieved from /opt/airflow/dags/silver/silver_cleaning.py
[2025-10-24T09:49:49.398+0000] {processor.py:183} INFO - Processing /opt/airflow/dags/silver/silver_cleaning.py took 0.484 seconds
[2025-10-24T09:50:19.517+0000] {processor.py:161} INFO - Started process (PID=552) to work on /opt/airflow/dags/silver/silver_cleaning.py
[2025-10-24T09:50:19.518+0000] {processor.py:830} INFO - Processing file /opt/airflow/dags/silver/silver_cleaning.py for tasks to queue
[2025-10-24T09:50:19.518+0000] {logging_mixin.py:188} INFO - [2025-10-24T09:50:19.518+0000] {dagbag.py:540} INFO - Filling up the DagBag from /opt/airflow/dags/silver/silver_cleaning.py
[2025-10-24T09:50:19.986+0000] {processor.py:842} WARNING - No viable dags retrieved from /opt/airflow/dags/silver/silver_cleaning.py
[2025-10-24T09:50:19.996+0000] {processor.py:183} INFO - Processing /opt/airflow/dags/silver/silver_cleaning.py took 0.484 seconds
[2025-10-24T09:50:51.105+0000] {processor.py:161} INFO - Started process (PID=556) to work on /opt/airflow/dags/silver/silver_cleaning.py
[2025-10-24T09:50:51.106+0000] {processor.py:830} INFO - Processing file /opt/airflow/dags/silver/silver_cleaning.py for tasks to queue
[2025-10-24T09:50:51.107+0000] {logging_mixin.py:188} INFO - [2025-10-24T09:50:51.107+0000] {dagbag.py:540} INFO - Filling up the DagBag from /opt/airflow/dags/silver/silver_cleaning.py
[2025-10-24T09:50:51.698+0000] {processor.py:842} WARNING - No viable dags retrieved from /opt/airflow/dags/silver/silver_cleaning.py
[2025-10-24T09:50:51.708+0000] {processor.py:183} INFO - Processing /opt/airflow/dags/silver/silver_cleaning.py took 0.607 seconds
[2025-10-24T09:51:21.841+0000] {processor.py:161} INFO - Started process (PID=560) to work on /opt/airflow/dags/silver/silver_cleaning.py
[2025-10-24T09:51:21.841+0000] {processor.py:830} INFO - Processing file /opt/airflow/dags/silver/silver_cleaning.py for tasks to queue
[2025-10-24T09:51:21.842+0000] {logging_mixin.py:188} INFO - [2025-10-24T09:51:21.842+0000] {dagbag.py:540} INFO - Filling up the DagBag from /opt/airflow/dags/silver/silver_cleaning.py
[2025-10-24T09:51:22.283+0000] {processor.py:842} WARNING - No viable dags retrieved from /opt/airflow/dags/silver/silver_cleaning.py
[2025-10-24T09:51:22.291+0000] {processor.py:183} INFO - Processing /opt/airflow/dags/silver/silver_cleaning.py took 0.455 seconds
[2025-10-24T09:51:52.461+0000] {processor.py:161} INFO - Started process (PID=564) to work on /opt/airflow/dags/silver/silver_cleaning.py
[2025-10-24T09:51:52.462+0000] {processor.py:830} INFO - Processing file /opt/airflow/dags/silver/silver_cleaning.py for tasks to queue
[2025-10-24T09:51:52.463+0000] {logging_mixin.py:188} INFO - [2025-10-24T09:51:52.462+0000] {dagbag.py:540} INFO - Filling up the DagBag from /opt/airflow/dags/silver/silver_cleaning.py
[2025-10-24T09:51:52.913+0000] {processor.py:842} WARNING - No viable dags retrieved from /opt/airflow/dags/silver/silver_cleaning.py
[2025-10-24T09:51:52.922+0000] {processor.py:183} INFO - Processing /opt/airflow/dags/silver/silver_cleaning.py took 0.467 seconds
[2025-10-24T09:52:23.057+0000] {processor.py:161} INFO - Started process (PID=568) to work on /opt/airflow/dags/silver/silver_cleaning.py
[2025-10-24T09:52:23.057+0000] {processor.py:830} INFO - Processing file /opt/airflow/dags/silver/silver_cleaning.py for tasks to queue
[2025-10-24T09:52:23.058+0000] {logging_mixin.py:188} INFO - [2025-10-24T09:52:23.058+0000] {dagbag.py:540} INFO - Filling up the DagBag from /opt/airflow/dags/silver/silver_cleaning.py
[2025-10-24T09:52:23.485+0000] {processor.py:842} WARNING - No viable dags retrieved from /opt/airflow/dags/silver/silver_cleaning.py
[2025-10-24T09:52:23.493+0000] {processor.py:183} INFO - Processing /opt/airflow/dags/silver/silver_cleaning.py took 0.442 seconds
[2025-10-24T09:52:54.462+0000] {processor.py:161} INFO - Started process (PID=572) to work on /opt/airflow/dags/silver/silver_cleaning.py
[2025-10-24T09:52:54.463+0000] {processor.py:830} INFO - Processing file /opt/airflow/dags/silver/silver_cleaning.py for tasks to queue
[2025-10-24T09:52:54.463+0000] {logging_mixin.py:188} INFO - [2025-10-24T09:52:54.463+0000] {dagbag.py:540} INFO - Filling up the DagBag from /opt/airflow/dags/silver/silver_cleaning.py
[2025-10-24T09:52:54.973+0000] {processor.py:842} WARNING - No viable dags retrieved from /opt/airflow/dags/silver/silver_cleaning.py
[2025-10-24T09:52:54.983+0000] {processor.py:183} INFO - Processing /opt/airflow/dags/silver/silver_cleaning.py took 0.526 seconds
[2025-10-24T09:53:25.543+0000] {processor.py:161} INFO - Started process (PID=576) to work on /opt/airflow/dags/silver/silver_cleaning.py
[2025-10-24T09:53:25.543+0000] {processor.py:830} INFO - Processing file /opt/airflow/dags/silver/silver_cleaning.py for tasks to queue
[2025-10-24T09:53:25.544+0000] {logging_mixin.py:188} INFO - [2025-10-24T09:53:25.544+0000] {dagbag.py:540} INFO - Filling up the DagBag from /opt/airflow/dags/silver/silver_cleaning.py
[2025-10-24T09:53:25.953+0000] {processor.py:842} WARNING - No viable dags retrieved from /opt/airflow/dags/silver/silver_cleaning.py
[2025-10-24T09:53:25.961+0000] {processor.py:183} INFO - Processing /opt/airflow/dags/silver/silver_cleaning.py took 0.424 seconds
[2025-10-24T09:53:56.019+0000] {processor.py:161} INFO - Started process (PID=580) to work on /opt/airflow/dags/silver/silver_cleaning.py
[2025-10-24T09:53:56.020+0000] {processor.py:830} INFO - Processing file /opt/airflow/dags/silver/silver_cleaning.py for tasks to queue
[2025-10-24T09:53:56.021+0000] {logging_mixin.py:188} INFO - [2025-10-24T09:53:56.020+0000] {dagbag.py:540} INFO - Filling up the DagBag from /opt/airflow/dags/silver/silver_cleaning.py
[2025-10-24T09:53:56.490+0000] {processor.py:842} WARNING - No viable dags retrieved from /opt/airflow/dags/silver/silver_cleaning.py
[2025-10-24T09:53:56.499+0000] {processor.py:183} INFO - Processing /opt/airflow/dags/silver/silver_cleaning.py took 0.486 seconds
[2025-10-24T09:54:26.552+0000] {processor.py:161} INFO - Started process (PID=584) to work on /opt/airflow/dags/silver/silver_cleaning.py
[2025-10-24T09:54:26.553+0000] {processor.py:830} INFO - Processing file /opt/airflow/dags/silver/silver_cleaning.py for tasks to queue
[2025-10-24T09:54:26.554+0000] {logging_mixin.py:188} INFO - [2025-10-24T09:54:26.554+0000] {dagbag.py:540} INFO - Filling up the DagBag from /opt/airflow/dags/silver/silver_cleaning.py
[2025-10-24T09:54:27.024+0000] {processor.py:842} WARNING - No viable dags retrieved from /opt/airflow/dags/silver/silver_cleaning.py
[2025-10-24T09:54:27.033+0000] {processor.py:183} INFO - Processing /opt/airflow/dags/silver/silver_cleaning.py took 0.486 seconds
[2025-10-24T09:54:57.894+0000] {processor.py:161} INFO - Started process (PID=588) to work on /opt/airflow/dags/silver/silver_cleaning.py
[2025-10-24T09:54:57.895+0000] {processor.py:830} INFO - Processing file /opt/airflow/dags/silver/silver_cleaning.py for tasks to queue
[2025-10-24T09:54:57.895+0000] {logging_mixin.py:188} INFO - [2025-10-24T09:54:57.895+0000] {dagbag.py:540} INFO - Filling up the DagBag from /opt/airflow/dags/silver/silver_cleaning.py
[2025-10-24T09:54:58.303+0000] {processor.py:842} WARNING - No viable dags retrieved from /opt/airflow/dags/silver/silver_cleaning.py
[2025-10-24T09:54:58.311+0000] {processor.py:183} INFO - Processing /opt/airflow/dags/silver/silver_cleaning.py took 0.422 seconds
[2025-10-24T09:55:28.605+0000] {processor.py:161} INFO - Started process (PID=592) to work on /opt/airflow/dags/silver/silver_cleaning.py
[2025-10-24T09:55:28.606+0000] {processor.py:830} INFO - Processing file /opt/airflow/dags/silver/silver_cleaning.py for tasks to queue
[2025-10-24T09:55:28.607+0000] {logging_mixin.py:188} INFO - [2025-10-24T09:55:28.606+0000] {dagbag.py:540} INFO - Filling up the DagBag from /opt/airflow/dags/silver/silver_cleaning.py
[2025-10-24T09:55:29.072+0000] {processor.py:842} WARNING - No viable dags retrieved from /opt/airflow/dags/silver/silver_cleaning.py
[2025-10-24T09:55:29.082+0000] {processor.py:183} INFO - Processing /opt/airflow/dags/silver/silver_cleaning.py took 0.483 seconds
[2025-10-24T09:55:59.131+0000] {processor.py:161} INFO - Started process (PID=596) to work on /opt/airflow/dags/silver/silver_cleaning.py
[2025-10-24T09:55:59.132+0000] {processor.py:830} INFO - Processing file /opt/airflow/dags/silver/silver_cleaning.py for tasks to queue
[2025-10-24T09:55:59.133+0000] {logging_mixin.py:188} INFO - [2025-10-24T09:55:59.133+0000] {dagbag.py:540} INFO - Filling up the DagBag from /opt/airflow/dags/silver/silver_cleaning.py
[2025-10-24T09:55:59.547+0000] {processor.py:842} WARNING - No viable dags retrieved from /opt/airflow/dags/silver/silver_cleaning.py
[2025-10-24T09:55:59.555+0000] {processor.py:183} INFO - Processing /opt/airflow/dags/silver/silver_cleaning.py took 0.429 seconds
[2025-10-24T09:56:31.165+0000] {processor.py:161} INFO - Started process (PID=600) to work on /opt/airflow/dags/silver/silver_cleaning.py
[2025-10-24T09:56:31.166+0000] {processor.py:830} INFO - Processing file /opt/airflow/dags/silver/silver_cleaning.py for tasks to queue
[2025-10-24T09:56:31.167+0000] {logging_mixin.py:188} INFO - [2025-10-24T09:56:31.167+0000] {dagbag.py:540} INFO - Filling up the DagBag from /opt/airflow/dags/silver/silver_cleaning.py
[2025-10-24T09:56:31.641+0000] {processor.py:842} WARNING - No viable dags retrieved from /opt/airflow/dags/silver/silver_cleaning.py
[2025-10-24T09:56:31.650+0000] {processor.py:183} INFO - Processing /opt/airflow/dags/silver/silver_cleaning.py took 0.490 seconds
[2025-10-24T09:57:03.531+0000] {processor.py:161} INFO - Started process (PID=604) to work on /opt/airflow/dags/silver/silver_cleaning.py
[2025-10-24T09:57:03.532+0000] {processor.py:830} INFO - Processing file /opt/airflow/dags/silver/silver_cleaning.py for tasks to queue
[2025-10-24T09:57:03.532+0000] {logging_mixin.py:188} INFO - [2025-10-24T09:57:03.532+0000] {dagbag.py:540} INFO - Filling up the DagBag from /opt/airflow/dags/silver/silver_cleaning.py
[2025-10-24T09:57:03.966+0000] {processor.py:842} WARNING - No viable dags retrieved from /opt/airflow/dags/silver/silver_cleaning.py
[2025-10-24T09:57:03.974+0000] {processor.py:183} INFO - Processing /opt/airflow/dags/silver/silver_cleaning.py took 0.449 seconds
[2025-10-24T09:57:36.535+0000] {processor.py:161} INFO - Started process (PID=608) to work on /opt/airflow/dags/silver/silver_cleaning.py
[2025-10-24T09:57:36.536+0000] {processor.py:830} INFO - Processing file /opt/airflow/dags/silver/silver_cleaning.py for tasks to queue
[2025-10-24T09:57:36.537+0000] {logging_mixin.py:188} INFO - [2025-10-24T09:57:36.537+0000] {dagbag.py:540} INFO - Filling up the DagBag from /opt/airflow/dags/silver/silver_cleaning.py
[2025-10-24T09:57:36.957+0000] {processor.py:842} WARNING - No viable dags retrieved from /opt/airflow/dags/silver/silver_cleaning.py
[2025-10-24T09:57:36.965+0000] {processor.py:183} INFO - Processing /opt/airflow/dags/silver/silver_cleaning.py took 0.435 seconds
[2025-10-24T09:58:08.494+0000] {processor.py:161} INFO - Started process (PID=612) to work on /opt/airflow/dags/silver/silver_cleaning.py
[2025-10-24T09:58:08.495+0000] {processor.py:830} INFO - Processing file /opt/airflow/dags/silver/silver_cleaning.py for tasks to queue
[2025-10-24T09:58:08.496+0000] {logging_mixin.py:188} INFO - [2025-10-24T09:58:08.496+0000] {dagbag.py:540} INFO - Filling up the DagBag from /opt/airflow/dags/silver/silver_cleaning.py
[2025-10-24T09:58:08.945+0000] {processor.py:842} WARNING - No viable dags retrieved from /opt/airflow/dags/silver/silver_cleaning.py
[2025-10-24T09:58:08.954+0000] {processor.py:183} INFO - Processing /opt/airflow/dags/silver/silver_cleaning.py took 0.465 seconds
[2025-10-24T09:58:41.290+0000] {processor.py:161} INFO - Started process (PID=616) to work on /opt/airflow/dags/silver/silver_cleaning.py
[2025-10-24T09:58:41.290+0000] {processor.py:830} INFO - Processing file /opt/airflow/dags/silver/silver_cleaning.py for tasks to queue
[2025-10-24T09:58:41.291+0000] {logging_mixin.py:188} INFO - [2025-10-24T09:58:41.291+0000] {dagbag.py:540} INFO - Filling up the DagBag from /opt/airflow/dags/silver/silver_cleaning.py
[2025-10-24T09:58:41.750+0000] {processor.py:842} WARNING - No viable dags retrieved from /opt/airflow/dags/silver/silver_cleaning.py
[2025-10-24T09:58:41.758+0000] {processor.py:183} INFO - Processing /opt/airflow/dags/silver/silver_cleaning.py took 0.474 seconds
[2025-10-24T09:59:12.084+0000] {processor.py:161} INFO - Started process (PID=620) to work on /opt/airflow/dags/silver/silver_cleaning.py
[2025-10-24T09:59:12.085+0000] {processor.py:830} INFO - Processing file /opt/airflow/dags/silver/silver_cleaning.py for tasks to queue
[2025-10-24T09:59:12.086+0000] {logging_mixin.py:188} INFO - [2025-10-24T09:59:12.085+0000] {dagbag.py:540} INFO - Filling up the DagBag from /opt/airflow/dags/silver/silver_cleaning.py
[2025-10-24T09:59:12.540+0000] {processor.py:842} WARNING - No viable dags retrieved from /opt/airflow/dags/silver/silver_cleaning.py
[2025-10-24T09:59:12.550+0000] {processor.py:183} INFO - Processing /opt/airflow/dags/silver/silver_cleaning.py took 0.471 seconds
[2025-10-24T09:59:42.722+0000] {processor.py:161} INFO - Started process (PID=624) to work on /opt/airflow/dags/silver/silver_cleaning.py
[2025-10-24T09:59:42.723+0000] {processor.py:830} INFO - Processing file /opt/airflow/dags/silver/silver_cleaning.py for tasks to queue
[2025-10-24T09:59:42.724+0000] {logging_mixin.py:188} INFO - [2025-10-24T09:59:42.723+0000] {dagbag.py:540} INFO - Filling up the DagBag from /opt/airflow/dags/silver/silver_cleaning.py
[2025-10-24T09:59:43.164+0000] {processor.py:842} WARNING - No viable dags retrieved from /opt/airflow/dags/silver/silver_cleaning.py
[2025-10-24T09:59:43.173+0000] {processor.py:183} INFO - Processing /opt/airflow/dags/silver/silver_cleaning.py took 0.455 seconds
[2025-10-24T10:00:13.394+0000] {processor.py:161} INFO - Started process (PID=628) to work on /opt/airflow/dags/silver/silver_cleaning.py
[2025-10-24T10:00:13.395+0000] {processor.py:830} INFO - Processing file /opt/airflow/dags/silver/silver_cleaning.py for tasks to queue
[2025-10-24T10:00:13.396+0000] {logging_mixin.py:188} INFO - [2025-10-24T10:00:13.395+0000] {dagbag.py:540} INFO - Filling up the DagBag from /opt/airflow/dags/silver/silver_cleaning.py
[2025-10-24T10:00:13.832+0000] {processor.py:842} WARNING - No viable dags retrieved from /opt/airflow/dags/silver/silver_cleaning.py
[2025-10-24T10:00:13.840+0000] {processor.py:183} INFO - Processing /opt/airflow/dags/silver/silver_cleaning.py took 0.452 seconds
[2025-10-24T10:00:44.122+0000] {processor.py:161} INFO - Started process (PID=632) to work on /opt/airflow/dags/silver/silver_cleaning.py
[2025-10-24T10:00:44.122+0000] {processor.py:830} INFO - Processing file /opt/airflow/dags/silver/silver_cleaning.py for tasks to queue
[2025-10-24T10:00:44.123+0000] {logging_mixin.py:188} INFO - [2025-10-24T10:00:44.123+0000] {dagbag.py:540} INFO - Filling up the DagBag from /opt/airflow/dags/silver/silver_cleaning.py
[2025-10-24T10:00:44.544+0000] {processor.py:842} WARNING - No viable dags retrieved from /opt/airflow/dags/silver/silver_cleaning.py
[2025-10-24T10:00:44.552+0000] {processor.py:183} INFO - Processing /opt/airflow/dags/silver/silver_cleaning.py took 0.435 seconds
[2025-10-24T10:01:15.358+0000] {processor.py:161} INFO - Started process (PID=636) to work on /opt/airflow/dags/silver/silver_cleaning.py
[2025-10-24T10:01:15.359+0000] {processor.py:830} INFO - Processing file /opt/airflow/dags/silver/silver_cleaning.py for tasks to queue
[2025-10-24T10:01:15.359+0000] {logging_mixin.py:188} INFO - [2025-10-24T10:01:15.359+0000] {dagbag.py:540} INFO - Filling up the DagBag from /opt/airflow/dags/silver/silver_cleaning.py
[2025-10-24T10:01:15.769+0000] {processor.py:842} WARNING - No viable dags retrieved from /opt/airflow/dags/silver/silver_cleaning.py
[2025-10-24T10:01:15.778+0000] {processor.py:183} INFO - Processing /opt/airflow/dags/silver/silver_cleaning.py took 0.424 seconds
[2025-10-24T10:01:46.560+0000] {processor.py:161} INFO - Started process (PID=640) to work on /opt/airflow/dags/silver/silver_cleaning.py
[2025-10-24T10:01:46.561+0000] {processor.py:830} INFO - Processing file /opt/airflow/dags/silver/silver_cleaning.py for tasks to queue
[2025-10-24T10:01:46.562+0000] {logging_mixin.py:188} INFO - [2025-10-24T10:01:46.562+0000] {dagbag.py:540} INFO - Filling up the DagBag from /opt/airflow/dags/silver/silver_cleaning.py
[2025-10-24T10:01:47.042+0000] {processor.py:842} WARNING - No viable dags retrieved from /opt/airflow/dags/silver/silver_cleaning.py
[2025-10-24T10:01:47.052+0000] {processor.py:183} INFO - Processing /opt/airflow/dags/silver/silver_cleaning.py took 0.496 seconds
[2025-10-24T10:02:17.161+0000] {processor.py:161} INFO - Started process (PID=644) to work on /opt/airflow/dags/silver/silver_cleaning.py
[2025-10-24T10:02:17.162+0000] {processor.py:830} INFO - Processing file /opt/airflow/dags/silver/silver_cleaning.py for tasks to queue
[2025-10-24T10:02:17.162+0000] {logging_mixin.py:188} INFO - [2025-10-24T10:02:17.162+0000] {dagbag.py:540} INFO - Filling up the DagBag from /opt/airflow/dags/silver/silver_cleaning.py
[2025-10-24T10:02:17.627+0000] {processor.py:842} WARNING - No viable dags retrieved from /opt/airflow/dags/silver/silver_cleaning.py
[2025-10-24T10:02:17.637+0000] {processor.py:183} INFO - Processing /opt/airflow/dags/silver/silver_cleaning.py took 0.480 seconds
[2025-10-24T10:02:48.449+0000] {processor.py:161} INFO - Started process (PID=648) to work on /opt/airflow/dags/silver/silver_cleaning.py
[2025-10-24T10:02:48.449+0000] {processor.py:830} INFO - Processing file /opt/airflow/dags/silver/silver_cleaning.py for tasks to queue
[2025-10-24T10:02:48.450+0000] {logging_mixin.py:188} INFO - [2025-10-24T10:02:48.450+0000] {dagbag.py:540} INFO - Filling up the DagBag from /opt/airflow/dags/silver/silver_cleaning.py
[2025-10-24T10:02:48.952+0000] {processor.py:842} WARNING - No viable dags retrieved from /opt/airflow/dags/silver/silver_cleaning.py
[2025-10-24T10:02:48.962+0000] {processor.py:183} INFO - Processing /opt/airflow/dags/silver/silver_cleaning.py took 0.519 seconds
[2025-10-24T10:03:19.655+0000] {processor.py:161} INFO - Started process (PID=652) to work on /opt/airflow/dags/silver/silver_cleaning.py
[2025-10-24T10:03:19.656+0000] {processor.py:830} INFO - Processing file /opt/airflow/dags/silver/silver_cleaning.py for tasks to queue
[2025-10-24T10:03:19.656+0000] {logging_mixin.py:188} INFO - [2025-10-24T10:03:19.656+0000] {dagbag.py:540} INFO - Filling up the DagBag from /opt/airflow/dags/silver/silver_cleaning.py
[2025-10-24T10:03:20.199+0000] {processor.py:842} WARNING - No viable dags retrieved from /opt/airflow/dags/silver/silver_cleaning.py
[2025-10-24T10:03:20.208+0000] {processor.py:183} INFO - Processing /opt/airflow/dags/silver/silver_cleaning.py took 0.499 seconds
[2025-10-24T10:03:50.286+0000] {processor.py:161} INFO - Started process (PID=656) to work on /opt/airflow/dags/silver/silver_cleaning.py
[2025-10-24T10:03:50.287+0000] {processor.py:830} INFO - Processing file /opt/airflow/dags/silver/silver_cleaning.py for tasks to queue
[2025-10-24T10:03:50.287+0000] {logging_mixin.py:188} INFO - [2025-10-24T10:03:50.287+0000] {dagbag.py:540} INFO - Filling up the DagBag from /opt/airflow/dags/silver/silver_cleaning.py
[2025-10-24T10:03:50.722+0000] {processor.py:842} WARNING - No viable dags retrieved from /opt/airflow/dags/silver/silver_cleaning.py
[2025-10-24T10:03:50.731+0000] {processor.py:183} INFO - Processing /opt/airflow/dags/silver/silver_cleaning.py took 0.449 seconds
[2025-10-24T10:04:21.286+0000] {processor.py:161} INFO - Started process (PID=660) to work on /opt/airflow/dags/silver/silver_cleaning.py
[2025-10-24T10:04:21.286+0000] {processor.py:830} INFO - Processing file /opt/airflow/dags/silver/silver_cleaning.py for tasks to queue
[2025-10-24T10:04:21.287+0000] {logging_mixin.py:188} INFO - [2025-10-24T10:04:21.287+0000] {dagbag.py:540} INFO - Filling up the DagBag from /opt/airflow/dags/silver/silver_cleaning.py
[2025-10-24T10:04:21.748+0000] {processor.py:842} WARNING - No viable dags retrieved from /opt/airflow/dags/silver/silver_cleaning.py
[2025-10-24T10:04:21.757+0000] {processor.py:183} INFO - Processing /opt/airflow/dags/silver/silver_cleaning.py took 0.476 seconds
[2025-10-24T10:04:52.406+0000] {processor.py:161} INFO - Started process (PID=664) to work on /opt/airflow/dags/silver/silver_cleaning.py
[2025-10-24T10:04:52.407+0000] {processor.py:830} INFO - Processing file /opt/airflow/dags/silver/silver_cleaning.py for tasks to queue
[2025-10-24T10:04:52.407+0000] {logging_mixin.py:188} INFO - [2025-10-24T10:04:52.407+0000] {dagbag.py:540} INFO - Filling up the DagBag from /opt/airflow/dags/silver/silver_cleaning.py
[2025-10-24T10:04:52.853+0000] {processor.py:842} WARNING - No viable dags retrieved from /opt/airflow/dags/silver/silver_cleaning.py
[2025-10-24T10:04:52.861+0000] {processor.py:183} INFO - Processing /opt/airflow/dags/silver/silver_cleaning.py took 0.460 seconds
[2025-10-24T10:05:22.965+0000] {processor.py:161} INFO - Started process (PID=668) to work on /opt/airflow/dags/silver/silver_cleaning.py
[2025-10-24T10:05:22.965+0000] {processor.py:830} INFO - Processing file /opt/airflow/dags/silver/silver_cleaning.py for tasks to queue
[2025-10-24T10:05:22.966+0000] {logging_mixin.py:188} INFO - [2025-10-24T10:05:22.966+0000] {dagbag.py:540} INFO - Filling up the DagBag from /opt/airflow/dags/silver/silver_cleaning.py
[2025-10-24T10:05:23.456+0000] {processor.py:842} WARNING - No viable dags retrieved from /opt/airflow/dags/silver/silver_cleaning.py
[2025-10-24T10:05:23.464+0000] {processor.py:183} INFO - Processing /opt/airflow/dags/silver/silver_cleaning.py took 0.504 seconds
[2025-10-24T10:05:53.613+0000] {processor.py:161} INFO - Started process (PID=672) to work on /opt/airflow/dags/silver/silver_cleaning.py
[2025-10-24T10:05:53.614+0000] {processor.py:830} INFO - Processing file /opt/airflow/dags/silver/silver_cleaning.py for tasks to queue
[2025-10-24T10:05:53.615+0000] {logging_mixin.py:188} INFO - [2025-10-24T10:05:53.614+0000] {dagbag.py:540} INFO - Filling up the DagBag from /opt/airflow/dags/silver/silver_cleaning.py
[2025-10-24T10:05:54.072+0000] {processor.py:842} WARNING - No viable dags retrieved from /opt/airflow/dags/silver/silver_cleaning.py
[2025-10-24T10:05:54.081+0000] {processor.py:183} INFO - Processing /opt/airflow/dags/silver/silver_cleaning.py took 0.472 seconds
[2025-10-24T10:06:24.606+0000] {processor.py:161} INFO - Started process (PID=676) to work on /opt/airflow/dags/silver/silver_cleaning.py
[2025-10-24T10:06:24.607+0000] {processor.py:830} INFO - Processing file /opt/airflow/dags/silver/silver_cleaning.py for tasks to queue
[2025-10-24T10:06:24.607+0000] {logging_mixin.py:188} INFO - [2025-10-24T10:06:24.607+0000] {dagbag.py:540} INFO - Filling up the DagBag from /opt/airflow/dags/silver/silver_cleaning.py
[2025-10-24T10:06:25.033+0000] {processor.py:842} WARNING - No viable dags retrieved from /opt/airflow/dags/silver/silver_cleaning.py
[2025-10-24T10:06:25.042+0000] {processor.py:183} INFO - Processing /opt/airflow/dags/silver/silver_cleaning.py took 0.440 seconds
[2025-10-24T10:06:55.113+0000] {processor.py:161} INFO - Started process (PID=680) to work on /opt/airflow/dags/silver/silver_cleaning.py
[2025-10-24T10:06:55.114+0000] {processor.py:830} INFO - Processing file /opt/airflow/dags/silver/silver_cleaning.py for tasks to queue
[2025-10-24T10:06:55.115+0000] {logging_mixin.py:188} INFO - [2025-10-24T10:06:55.114+0000] {dagbag.py:540} INFO - Filling up the DagBag from /opt/airflow/dags/silver/silver_cleaning.py
[2025-10-24T10:06:55.553+0000] {processor.py:842} WARNING - No viable dags retrieved from /opt/airflow/dags/silver/silver_cleaning.py
[2025-10-24T10:06:55.563+0000] {processor.py:183} INFO - Processing /opt/airflow/dags/silver/silver_cleaning.py took 0.454 seconds
[2025-10-24T10:07:26.268+0000] {processor.py:161} INFO - Started process (PID=684) to work on /opt/airflow/dags/silver/silver_cleaning.py
[2025-10-24T10:07:26.269+0000] {processor.py:830} INFO - Processing file /opt/airflow/dags/silver/silver_cleaning.py for tasks to queue
[2025-10-24T10:07:26.269+0000] {logging_mixin.py:188} INFO - [2025-10-24T10:07:26.269+0000] {dagbag.py:540} INFO - Filling up the DagBag from /opt/airflow/dags/silver/silver_cleaning.py
[2025-10-24T10:07:26.711+0000] {processor.py:842} WARNING - No viable dags retrieved from /opt/airflow/dags/silver/silver_cleaning.py
[2025-10-24T10:07:26.720+0000] {processor.py:183} INFO - Processing /opt/airflow/dags/silver/silver_cleaning.py took 0.456 seconds
[2025-10-24T10:07:57.186+0000] {processor.py:161} INFO - Started process (PID=688) to work on /opt/airflow/dags/silver/silver_cleaning.py
[2025-10-24T10:07:57.186+0000] {processor.py:830} INFO - Processing file /opt/airflow/dags/silver/silver_cleaning.py for tasks to queue
[2025-10-24T10:07:57.187+0000] {logging_mixin.py:188} INFO - [2025-10-24T10:07:57.187+0000] {dagbag.py:540} INFO - Filling up the DagBag from /opt/airflow/dags/silver/silver_cleaning.py
[2025-10-24T10:07:57.605+0000] {processor.py:842} WARNING - No viable dags retrieved from /opt/airflow/dags/silver/silver_cleaning.py
[2025-10-24T10:07:57.613+0000] {processor.py:183} INFO - Processing /opt/airflow/dags/silver/silver_cleaning.py took 0.431 seconds
[2025-10-24T10:08:27.967+0000] {processor.py:161} INFO - Started process (PID=692) to work on /opt/airflow/dags/silver/silver_cleaning.py
[2025-10-24T10:08:27.967+0000] {processor.py:830} INFO - Processing file /opt/airflow/dags/silver/silver_cleaning.py for tasks to queue
[2025-10-24T10:08:27.968+0000] {logging_mixin.py:188} INFO - [2025-10-24T10:08:27.968+0000] {dagbag.py:540} INFO - Filling up the DagBag from /opt/airflow/dags/silver/silver_cleaning.py
[2025-10-24T10:08:28.413+0000] {processor.py:842} WARNING - No viable dags retrieved from /opt/airflow/dags/silver/silver_cleaning.py
[2025-10-24T10:08:28.422+0000] {processor.py:183} INFO - Processing /opt/airflow/dags/silver/silver_cleaning.py took 0.459 seconds
[2025-10-24T10:08:59.158+0000] {processor.py:161} INFO - Started process (PID=696) to work on /opt/airflow/dags/silver/silver_cleaning.py
[2025-10-24T10:08:59.159+0000] {processor.py:830} INFO - Processing file /opt/airflow/dags/silver/silver_cleaning.py for tasks to queue
[2025-10-24T10:08:59.159+0000] {logging_mixin.py:188} INFO - [2025-10-24T10:08:59.159+0000] {dagbag.py:540} INFO - Filling up the DagBag from /opt/airflow/dags/silver/silver_cleaning.py
[2025-10-24T10:08:59.628+0000] {processor.py:842} WARNING - No viable dags retrieved from /opt/airflow/dags/silver/silver_cleaning.py
[2025-10-24T10:08:59.637+0000] {processor.py:183} INFO - Processing /opt/airflow/dags/silver/silver_cleaning.py took 0.484 seconds
[2025-10-24T10:09:29.765+0000] {processor.py:161} INFO - Started process (PID=700) to work on /opt/airflow/dags/silver/silver_cleaning.py
[2025-10-24T10:09:29.766+0000] {processor.py:830} INFO - Processing file /opt/airflow/dags/silver/silver_cleaning.py for tasks to queue
[2025-10-24T10:09:29.766+0000] {logging_mixin.py:188} INFO - [2025-10-24T10:09:29.766+0000] {dagbag.py:540} INFO - Filling up the DagBag from /opt/airflow/dags/silver/silver_cleaning.py
[2025-10-24T10:09:30.237+0000] {processor.py:842} WARNING - No viable dags retrieved from /opt/airflow/dags/silver/silver_cleaning.py
[2025-10-24T10:09:30.246+0000] {processor.py:183} INFO - Processing /opt/airflow/dags/silver/silver_cleaning.py took 0.486 seconds
[2025-10-24T10:10:00.391+0000] {processor.py:161} INFO - Started process (PID=704) to work on /opt/airflow/dags/silver/silver_cleaning.py
[2025-10-24T10:10:00.391+0000] {processor.py:830} INFO - Processing file /opt/airflow/dags/silver/silver_cleaning.py for tasks to queue
[2025-10-24T10:10:00.392+0000] {logging_mixin.py:188} INFO - [2025-10-24T10:10:00.392+0000] {dagbag.py:540} INFO - Filling up the DagBag from /opt/airflow/dags/silver/silver_cleaning.py
[2025-10-24T10:10:00.830+0000] {processor.py:842} WARNING - No viable dags retrieved from /opt/airflow/dags/silver/silver_cleaning.py
[2025-10-24T10:10:00.838+0000] {processor.py:183} INFO - Processing /opt/airflow/dags/silver/silver_cleaning.py took 0.452 seconds
[2025-10-24T10:10:30.918+0000] {processor.py:161} INFO - Started process (PID=708) to work on /opt/airflow/dags/silver/silver_cleaning.py
[2025-10-24T10:10:30.919+0000] {processor.py:830} INFO - Processing file /opt/airflow/dags/silver/silver_cleaning.py for tasks to queue
[2025-10-24T10:10:30.920+0000] {logging_mixin.py:188} INFO - [2025-10-24T10:10:30.919+0000] {dagbag.py:540} INFO - Filling up the DagBag from /opt/airflow/dags/silver/silver_cleaning.py
[2025-10-24T10:10:31.363+0000] {processor.py:842} WARNING - No viable dags retrieved from /opt/airflow/dags/silver/silver_cleaning.py
[2025-10-24T10:10:31.373+0000] {processor.py:183} INFO - Processing /opt/airflow/dags/silver/silver_cleaning.py took 0.460 seconds
[2025-10-24T10:11:02.265+0000] {processor.py:161} INFO - Started process (PID=712) to work on /opt/airflow/dags/silver/silver_cleaning.py
[2025-10-24T10:11:02.266+0000] {processor.py:830} INFO - Processing file /opt/airflow/dags/silver/silver_cleaning.py for tasks to queue
[2025-10-24T10:11:02.267+0000] {logging_mixin.py:188} INFO - [2025-10-24T10:11:02.267+0000] {dagbag.py:540} INFO - Filling up the DagBag from /opt/airflow/dags/silver/silver_cleaning.py
[2025-10-24T10:11:02.702+0000] {processor.py:842} WARNING - No viable dags retrieved from /opt/airflow/dags/silver/silver_cleaning.py
[2025-10-24T10:11:02.711+0000] {processor.py:183} INFO - Processing /opt/airflow/dags/silver/silver_cleaning.py took 0.451 seconds
[2025-10-24T10:11:32.830+0000] {processor.py:161} INFO - Started process (PID=716) to work on /opt/airflow/dags/silver/silver_cleaning.py
[2025-10-24T10:11:32.831+0000] {processor.py:830} INFO - Processing file /opt/airflow/dags/silver/silver_cleaning.py for tasks to queue
[2025-10-24T10:11:32.832+0000] {logging_mixin.py:188} INFO - [2025-10-24T10:11:32.831+0000] {dagbag.py:540} INFO - Filling up the DagBag from /opt/airflow/dags/silver/silver_cleaning.py
[2025-10-24T10:11:33.344+0000] {processor.py:842} WARNING - No viable dags retrieved from /opt/airflow/dags/silver/silver_cleaning.py
[2025-10-24T10:11:33.354+0000] {processor.py:183} INFO - Processing /opt/airflow/dags/silver/silver_cleaning.py took 0.529 seconds
[2025-10-24T10:12:04.118+0000] {processor.py:161} INFO - Started process (PID=720) to work on /opt/airflow/dags/silver/silver_cleaning.py
[2025-10-24T10:12:04.119+0000] {processor.py:830} INFO - Processing file /opt/airflow/dags/silver/silver_cleaning.py for tasks to queue
[2025-10-24T10:12:04.120+0000] {logging_mixin.py:188} INFO - [2025-10-24T10:12:04.120+0000] {dagbag.py:540} INFO - Filling up the DagBag from /opt/airflow/dags/silver/silver_cleaning.py
[2025-10-24T10:12:04.587+0000] {processor.py:842} WARNING - No viable dags retrieved from /opt/airflow/dags/silver/silver_cleaning.py
[2025-10-24T10:12:04.596+0000] {processor.py:183} INFO - Processing /opt/airflow/dags/silver/silver_cleaning.py took 0.483 seconds
[2025-10-24T10:12:34.715+0000] {processor.py:161} INFO - Started process (PID=724) to work on /opt/airflow/dags/silver/silver_cleaning.py
[2025-10-24T10:12:34.716+0000] {processor.py:830} INFO - Processing file /opt/airflow/dags/silver/silver_cleaning.py for tasks to queue
[2025-10-24T10:12:34.717+0000] {logging_mixin.py:188} INFO - [2025-10-24T10:12:34.717+0000] {dagbag.py:540} INFO - Filling up the DagBag from /opt/airflow/dags/silver/silver_cleaning.py
[2025-10-24T10:12:35.169+0000] {processor.py:842} WARNING - No viable dags retrieved from /opt/airflow/dags/silver/silver_cleaning.py
[2025-10-24T10:12:35.178+0000] {processor.py:183} INFO - Processing /opt/airflow/dags/silver/silver_cleaning.py took 0.468 seconds
[2025-10-24T10:13:06.047+0000] {processor.py:161} INFO - Started process (PID=728) to work on /opt/airflow/dags/silver/silver_cleaning.py
[2025-10-24T10:13:06.048+0000] {processor.py:830} INFO - Processing file /opt/airflow/dags/silver/silver_cleaning.py for tasks to queue
[2025-10-24T10:13:06.048+0000] {logging_mixin.py:188} INFO - [2025-10-24T10:13:06.048+0000] {dagbag.py:540} INFO - Filling up the DagBag from /opt/airflow/dags/silver/silver_cleaning.py
[2025-10-24T10:13:06.507+0000] {processor.py:842} WARNING - No viable dags retrieved from /opt/airflow/dags/silver/silver_cleaning.py
[2025-10-24T10:13:06.516+0000] {processor.py:183} INFO - Processing /opt/airflow/dags/silver/silver_cleaning.py took 0.474 seconds
[2025-10-24T10:13:37.325+0000] {processor.py:161} INFO - Started process (PID=732) to work on /opt/airflow/dags/silver/silver_cleaning.py
[2025-10-24T10:13:37.326+0000] {processor.py:830} INFO - Processing file /opt/airflow/dags/silver/silver_cleaning.py for tasks to queue
[2025-10-24T10:13:37.327+0000] {logging_mixin.py:188} INFO - [2025-10-24T10:13:37.327+0000] {dagbag.py:540} INFO - Filling up the DagBag from /opt/airflow/dags/silver/silver_cleaning.py
[2025-10-24T10:13:37.807+0000] {processor.py:842} WARNING - No viable dags retrieved from /opt/airflow/dags/silver/silver_cleaning.py
[2025-10-24T10:13:37.816+0000] {processor.py:183} INFO - Processing /opt/airflow/dags/silver/silver_cleaning.py took 0.496 seconds
[2025-10-24T10:14:07.917+0000] {processor.py:161} INFO - Started process (PID=736) to work on /opt/airflow/dags/silver/silver_cleaning.py
[2025-10-24T10:14:07.918+0000] {processor.py:830} INFO - Processing file /opt/airflow/dags/silver/silver_cleaning.py for tasks to queue
[2025-10-24T10:14:07.919+0000] {logging_mixin.py:188} INFO - [2025-10-24T10:14:07.919+0000] {dagbag.py:540} INFO - Filling up the DagBag from /opt/airflow/dags/silver/silver_cleaning.py
[2025-10-24T10:14:08.397+0000] {processor.py:842} WARNING - No viable dags retrieved from /opt/airflow/dags/silver/silver_cleaning.py
[2025-10-24T10:14:08.407+0000] {processor.py:183} INFO - Processing /opt/airflow/dags/silver/silver_cleaning.py took 0.494 seconds
[2025-10-24T10:14:39.110+0000] {processor.py:161} INFO - Started process (PID=740) to work on /opt/airflow/dags/silver/silver_cleaning.py
[2025-10-24T10:14:39.111+0000] {processor.py:830} INFO - Processing file /opt/airflow/dags/silver/silver_cleaning.py for tasks to queue
[2025-10-24T10:14:39.112+0000] {logging_mixin.py:188} INFO - [2025-10-24T10:14:39.112+0000] {dagbag.py:540} INFO - Filling up the DagBag from /opt/airflow/dags/silver/silver_cleaning.py
[2025-10-24T10:14:39.578+0000] {processor.py:842} WARNING - No viable dags retrieved from /opt/airflow/dags/silver/silver_cleaning.py
[2025-10-24T10:14:39.588+0000] {processor.py:183} INFO - Processing /opt/airflow/dags/silver/silver_cleaning.py took 0.482 seconds
[2025-10-24T10:15:10.007+0000] {processor.py:161} INFO - Started process (PID=744) to work on /opt/airflow/dags/silver/silver_cleaning.py
[2025-10-24T10:15:10.008+0000] {processor.py:830} INFO - Processing file /opt/airflow/dags/silver/silver_cleaning.py for tasks to queue
[2025-10-24T10:15:10.009+0000] {logging_mixin.py:188} INFO - [2025-10-24T10:15:10.008+0000] {dagbag.py:540} INFO - Filling up the DagBag from /opt/airflow/dags/silver/silver_cleaning.py
[2025-10-24T10:15:10.494+0000] {processor.py:842} WARNING - No viable dags retrieved from /opt/airflow/dags/silver/silver_cleaning.py
[2025-10-24T10:15:10.502+0000] {processor.py:183} INFO - Processing /opt/airflow/dags/silver/silver_cleaning.py took 0.500 seconds
[2025-10-24T10:15:41.070+0000] {processor.py:161} INFO - Started process (PID=748) to work on /opt/airflow/dags/silver/silver_cleaning.py
[2025-10-24T10:15:41.071+0000] {processor.py:830} INFO - Processing file /opt/airflow/dags/silver/silver_cleaning.py for tasks to queue
[2025-10-24T10:15:41.071+0000] {logging_mixin.py:188} INFO - [2025-10-24T10:15:41.071+0000] {dagbag.py:540} INFO - Filling up the DagBag from /opt/airflow/dags/silver/silver_cleaning.py
[2025-10-24T10:15:41.569+0000] {processor.py:842} WARNING - No viable dags retrieved from /opt/airflow/dags/silver/silver_cleaning.py
[2025-10-24T10:15:41.578+0000] {processor.py:183} INFO - Processing /opt/airflow/dags/silver/silver_cleaning.py took 0.513 seconds
[2025-10-24T10:16:12.442+0000] {processor.py:161} INFO - Started process (PID=752) to work on /opt/airflow/dags/silver/silver_cleaning.py
[2025-10-24T10:16:12.443+0000] {processor.py:830} INFO - Processing file /opt/airflow/dags/silver/silver_cleaning.py for tasks to queue
[2025-10-24T10:16:12.444+0000] {logging_mixin.py:188} INFO - [2025-10-24T10:16:12.443+0000] {dagbag.py:540} INFO - Filling up the DagBag from /opt/airflow/dags/silver/silver_cleaning.py
[2025-10-24T10:16:12.855+0000] {processor.py:842} WARNING - No viable dags retrieved from /opt/airflow/dags/silver/silver_cleaning.py
[2025-10-24T10:16:12.863+0000] {processor.py:183} INFO - Processing /opt/airflow/dags/silver/silver_cleaning.py took 0.425 seconds
[2025-10-24T10:16:43.196+0000] {processor.py:161} INFO - Started process (PID=756) to work on /opt/airflow/dags/silver/silver_cleaning.py
[2025-10-24T10:16:43.197+0000] {processor.py:830} INFO - Processing file /opt/airflow/dags/silver/silver_cleaning.py for tasks to queue
[2025-10-24T10:16:43.197+0000] {logging_mixin.py:188} INFO - [2025-10-24T10:16:43.197+0000] {dagbag.py:540} INFO - Filling up the DagBag from /opt/airflow/dags/silver/silver_cleaning.py
[2025-10-24T10:16:43.646+0000] {processor.py:842} WARNING - No viable dags retrieved from /opt/airflow/dags/silver/silver_cleaning.py
[2025-10-24T10:16:43.654+0000] {processor.py:183} INFO - Processing /opt/airflow/dags/silver/silver_cleaning.py took 0.463 seconds
[2025-10-24T10:17:14.197+0000] {processor.py:161} INFO - Started process (PID=760) to work on /opt/airflow/dags/silver/silver_cleaning.py
[2025-10-24T10:17:14.198+0000] {processor.py:830} INFO - Processing file /opt/airflow/dags/silver/silver_cleaning.py for tasks to queue
[2025-10-24T10:17:14.199+0000] {logging_mixin.py:188} INFO - [2025-10-24T10:17:14.199+0000] {dagbag.py:540} INFO - Filling up the DagBag from /opt/airflow/dags/silver/silver_cleaning.py
[2025-10-24T10:17:14.636+0000] {processor.py:842} WARNING - No viable dags retrieved from /opt/airflow/dags/silver/silver_cleaning.py
[2025-10-24T10:17:14.644+0000] {processor.py:183} INFO - Processing /opt/airflow/dags/silver/silver_cleaning.py took 0.451 seconds
[2025-10-24T10:17:44.888+0000] {processor.py:161} INFO - Started process (PID=764) to work on /opt/airflow/dags/silver/silver_cleaning.py
[2025-10-24T10:17:44.889+0000] {processor.py:830} INFO - Processing file /opt/airflow/dags/silver/silver_cleaning.py for tasks to queue
[2025-10-24T10:17:44.889+0000] {logging_mixin.py:188} INFO - [2025-10-24T10:17:44.889+0000] {dagbag.py:540} INFO - Filling up the DagBag from /opt/airflow/dags/silver/silver_cleaning.py
[2025-10-24T10:17:45.331+0000] {processor.py:842} WARNING - No viable dags retrieved from /opt/airflow/dags/silver/silver_cleaning.py
[2025-10-24T10:17:45.339+0000] {processor.py:183} INFO - Processing /opt/airflow/dags/silver/silver_cleaning.py took 0.457 seconds
[2025-10-24T10:18:16.201+0000] {processor.py:161} INFO - Started process (PID=769) to work on /opt/airflow/dags/silver/silver_cleaning.py
[2025-10-24T10:18:16.202+0000] {processor.py:830} INFO - Processing file /opt/airflow/dags/silver/silver_cleaning.py for tasks to queue
[2025-10-24T10:18:16.203+0000] {logging_mixin.py:188} INFO - [2025-10-24T10:18:16.202+0000] {dagbag.py:540} INFO - Filling up the DagBag from /opt/airflow/dags/silver/silver_cleaning.py
[2025-10-24T10:18:16.611+0000] {processor.py:842} WARNING - No viable dags retrieved from /opt/airflow/dags/silver/silver_cleaning.py
[2025-10-24T10:18:16.620+0000] {processor.py:183} INFO - Processing /opt/airflow/dags/silver/silver_cleaning.py took 0.423 seconds
[2025-10-24T10:18:46.791+0000] {processor.py:161} INFO - Started process (PID=773) to work on /opt/airflow/dags/silver/silver_cleaning.py
[2025-10-24T10:18:46.792+0000] {processor.py:830} INFO - Processing file /opt/airflow/dags/silver/silver_cleaning.py for tasks to queue
[2025-10-24T10:18:46.792+0000] {logging_mixin.py:188} INFO - [2025-10-24T10:18:46.792+0000] {dagbag.py:540} INFO - Filling up the DagBag from /opt/airflow/dags/silver/silver_cleaning.py
[2025-10-24T10:18:47.264+0000] {processor.py:842} WARNING - No viable dags retrieved from /opt/airflow/dags/silver/silver_cleaning.py
[2025-10-24T10:18:47.273+0000] {processor.py:183} INFO - Processing /opt/airflow/dags/silver/silver_cleaning.py took 0.487 seconds
[2025-10-24T10:19:18.178+0000] {processor.py:161} INFO - Started process (PID=777) to work on /opt/airflow/dags/silver/silver_cleaning.py
[2025-10-24T10:19:18.179+0000] {processor.py:830} INFO - Processing file /opt/airflow/dags/silver/silver_cleaning.py for tasks to queue
[2025-10-24T10:19:18.180+0000] {logging_mixin.py:188} INFO - [2025-10-24T10:19:18.179+0000] {dagbag.py:540} INFO - Filling up the DagBag from /opt/airflow/dags/silver/silver_cleaning.py
[2025-10-24T10:19:18.597+0000] {processor.py:842} WARNING - No viable dags retrieved from /opt/airflow/dags/silver/silver_cleaning.py
[2025-10-24T10:19:18.605+0000] {processor.py:183} INFO - Processing /opt/airflow/dags/silver/silver_cleaning.py took 0.431 seconds
[2025-10-24T10:19:48.666+0000] {processor.py:161} INFO - Started process (PID=781) to work on /opt/airflow/dags/silver/silver_cleaning.py
[2025-10-24T10:19:48.667+0000] {processor.py:830} INFO - Processing file /opt/airflow/dags/silver/silver_cleaning.py for tasks to queue
[2025-10-24T10:19:48.668+0000] {logging_mixin.py:188} INFO - [2025-10-24T10:19:48.667+0000] {dagbag.py:540} INFO - Filling up the DagBag from /opt/airflow/dags/silver/silver_cleaning.py
[2025-10-24T10:19:49.175+0000] {processor.py:842} WARNING - No viable dags retrieved from /opt/airflow/dags/silver/silver_cleaning.py
[2025-10-24T10:19:49.185+0000] {processor.py:183} INFO - Processing /opt/airflow/dags/silver/silver_cleaning.py took 0.524 seconds
[2025-10-24T10:20:19.369+0000] {processor.py:161} INFO - Started process (PID=784) to work on /opt/airflow/dags/silver/silver_cleaning.py
[2025-10-24T10:20:19.369+0000] {processor.py:830} INFO - Processing file /opt/airflow/dags/silver/silver_cleaning.py for tasks to queue
[2025-10-24T10:20:19.370+0000] {logging_mixin.py:188} INFO - [2025-10-24T10:20:19.370+0000] {dagbag.py:540} INFO - Filling up the DagBag from /opt/airflow/dags/silver/silver_cleaning.py
[2025-10-24T10:20:19.838+0000] {processor.py:842} WARNING - No viable dags retrieved from /opt/airflow/dags/silver/silver_cleaning.py
[2025-10-24T10:20:19.847+0000] {processor.py:183} INFO - Processing /opt/airflow/dags/silver/silver_cleaning.py took 0.484 seconds
[2025-10-24T10:20:50.721+0000] {processor.py:161} INFO - Started process (PID=789) to work on /opt/airflow/dags/silver/silver_cleaning.py
[2025-10-24T10:20:50.722+0000] {processor.py:830} INFO - Processing file /opt/airflow/dags/silver/silver_cleaning.py for tasks to queue
[2025-10-24T10:20:50.722+0000] {logging_mixin.py:188} INFO - [2025-10-24T10:20:50.722+0000] {dagbag.py:540} INFO - Filling up the DagBag from /opt/airflow/dags/silver/silver_cleaning.py
[2025-10-24T10:20:51.162+0000] {processor.py:842} WARNING - No viable dags retrieved from /opt/airflow/dags/silver/silver_cleaning.py
[2025-10-24T10:20:51.170+0000] {processor.py:183} INFO - Processing /opt/airflow/dags/silver/silver_cleaning.py took 0.454 seconds
[2025-10-24T10:21:22.086+0000] {processor.py:161} INFO - Started process (PID=793) to work on /opt/airflow/dags/silver/silver_cleaning.py
[2025-10-24T10:21:22.086+0000] {processor.py:830} INFO - Processing file /opt/airflow/dags/silver/silver_cleaning.py for tasks to queue
[2025-10-24T10:21:22.087+0000] {logging_mixin.py:188} INFO - [2025-10-24T10:21:22.087+0000] {dagbag.py:540} INFO - Filling up the DagBag from /opt/airflow/dags/silver/silver_cleaning.py
[2025-10-24T10:21:22.538+0000] {processor.py:842} WARNING - No viable dags retrieved from /opt/airflow/dags/silver/silver_cleaning.py
[2025-10-24T10:21:22.546+0000] {processor.py:183} INFO - Processing /opt/airflow/dags/silver/silver_cleaning.py took 0.465 seconds
[2025-10-24T10:21:52.648+0000] {processor.py:161} INFO - Started process (PID=797) to work on /opt/airflow/dags/silver/silver_cleaning.py
[2025-10-24T10:21:52.649+0000] {processor.py:830} INFO - Processing file /opt/airflow/dags/silver/silver_cleaning.py for tasks to queue
[2025-10-24T10:21:52.649+0000] {logging_mixin.py:188} INFO - [2025-10-24T10:21:52.649+0000] {dagbag.py:540} INFO - Filling up the DagBag from /opt/airflow/dags/silver/silver_cleaning.py
[2025-10-24T10:21:53.078+0000] {processor.py:842} WARNING - No viable dags retrieved from /opt/airflow/dags/silver/silver_cleaning.py
[2025-10-24T10:21:53.086+0000] {processor.py:183} INFO - Processing /opt/airflow/dags/silver/silver_cleaning.py took 0.443 seconds
[2025-10-24T10:22:23.247+0000] {processor.py:161} INFO - Started process (PID=801) to work on /opt/airflow/dags/silver/silver_cleaning.py
[2025-10-24T10:22:23.248+0000] {processor.py:830} INFO - Processing file /opt/airflow/dags/silver/silver_cleaning.py for tasks to queue
[2025-10-24T10:22:23.248+0000] {logging_mixin.py:188} INFO - [2025-10-24T10:22:23.248+0000] {dagbag.py:540} INFO - Filling up the DagBag from /opt/airflow/dags/silver/silver_cleaning.py
[2025-10-24T10:22:23.671+0000] {processor.py:842} WARNING - No viable dags retrieved from /opt/airflow/dags/silver/silver_cleaning.py
[2025-10-24T10:22:23.680+0000] {processor.py:183} INFO - Processing /opt/airflow/dags/silver/silver_cleaning.py took 0.438 seconds
[2025-10-24T10:22:53.741+0000] {processor.py:161} INFO - Started process (PID=805) to work on /opt/airflow/dags/silver/silver_cleaning.py
[2025-10-24T10:22:53.742+0000] {processor.py:830} INFO - Processing file /opt/airflow/dags/silver/silver_cleaning.py for tasks to queue
[2025-10-24T10:22:53.742+0000] {logging_mixin.py:188} INFO - [2025-10-24T10:22:53.742+0000] {dagbag.py:540} INFO - Filling up the DagBag from /opt/airflow/dags/silver/silver_cleaning.py
[2025-10-24T10:22:54.233+0000] {processor.py:842} WARNING - No viable dags retrieved from /opt/airflow/dags/silver/silver_cleaning.py
[2025-10-24T10:22:54.243+0000] {processor.py:183} INFO - Processing /opt/airflow/dags/silver/silver_cleaning.py took 0.508 seconds
[2025-10-24T10:23:25.056+0000] {processor.py:161} INFO - Started process (PID=809) to work on /opt/airflow/dags/silver/silver_cleaning.py
[2025-10-24T10:23:25.057+0000] {processor.py:830} INFO - Processing file /opt/airflow/dags/silver/silver_cleaning.py for tasks to queue
[2025-10-24T10:23:25.058+0000] {logging_mixin.py:188} INFO - [2025-10-24T10:23:25.057+0000] {dagbag.py:540} INFO - Filling up the DagBag from /opt/airflow/dags/silver/silver_cleaning.py
[2025-10-24T10:23:25.531+0000] {processor.py:842} WARNING - No viable dags retrieved from /opt/airflow/dags/silver/silver_cleaning.py
[2025-10-24T10:23:25.540+0000] {processor.py:183} INFO - Processing /opt/airflow/dags/silver/silver_cleaning.py took 0.489 seconds
[2025-10-24T10:23:56.352+0000] {processor.py:161} INFO - Started process (PID=813) to work on /opt/airflow/dags/silver/silver_cleaning.py
[2025-10-24T10:23:56.353+0000] {processor.py:830} INFO - Processing file /opt/airflow/dags/silver/silver_cleaning.py for tasks to queue
[2025-10-24T10:23:56.354+0000] {logging_mixin.py:188} INFO - [2025-10-24T10:23:56.354+0000] {dagbag.py:540} INFO - Filling up the DagBag from /opt/airflow/dags/silver/silver_cleaning.py
[2025-10-24T10:23:56.828+0000] {processor.py:842} WARNING - No viable dags retrieved from /opt/airflow/dags/silver/silver_cleaning.py
[2025-10-24T10:23:56.838+0000] {processor.py:183} INFO - Processing /opt/airflow/dags/silver/silver_cleaning.py took 0.490 seconds
[2025-10-24T10:24:27.640+0000] {processor.py:161} INFO - Started process (PID=817) to work on /opt/airflow/dags/silver/silver_cleaning.py
[2025-10-24T10:24:27.641+0000] {processor.py:830} INFO - Processing file /opt/airflow/dags/silver/silver_cleaning.py for tasks to queue
[2025-10-24T10:24:27.641+0000] {logging_mixin.py:188} INFO - [2025-10-24T10:24:27.641+0000] {dagbag.py:540} INFO - Filling up the DagBag from /opt/airflow/dags/silver/silver_cleaning.py
[2025-10-24T10:24:28.101+0000] {processor.py:842} WARNING - No viable dags retrieved from /opt/airflow/dags/silver/silver_cleaning.py
[2025-10-24T10:24:28.110+0000] {processor.py:183} INFO - Processing /opt/airflow/dags/silver/silver_cleaning.py took 0.475 seconds
[2025-10-24T10:24:59.003+0000] {processor.py:161} INFO - Started process (PID=821) to work on /opt/airflow/dags/silver/silver_cleaning.py
[2025-10-24T10:24:59.003+0000] {processor.py:830} INFO - Processing file /opt/airflow/dags/silver/silver_cleaning.py for tasks to queue
[2025-10-24T10:24:59.004+0000] {logging_mixin.py:188} INFO - [2025-10-24T10:24:59.004+0000] {dagbag.py:540} INFO - Filling up the DagBag from /opt/airflow/dags/silver/silver_cleaning.py
[2025-10-24T10:24:59.475+0000] {processor.py:842} WARNING - No viable dags retrieved from /opt/airflow/dags/silver/silver_cleaning.py
[2025-10-24T10:24:59.484+0000] {processor.py:183} INFO - Processing /opt/airflow/dags/silver/silver_cleaning.py took 0.486 seconds
[2025-10-24T10:25:30.208+0000] {processor.py:161} INFO - Started process (PID=825) to work on /opt/airflow/dags/silver/silver_cleaning.py
[2025-10-24T10:25:30.209+0000] {processor.py:830} INFO - Processing file /opt/airflow/dags/silver/silver_cleaning.py for tasks to queue
[2025-10-24T10:25:30.210+0000] {logging_mixin.py:188} INFO - [2025-10-24T10:25:30.209+0000] {dagbag.py:540} INFO - Filling up the DagBag from /opt/airflow/dags/silver/silver_cleaning.py
[2025-10-24T10:25:30.678+0000] {processor.py:842} WARNING - No viable dags retrieved from /opt/airflow/dags/silver/silver_cleaning.py
[2025-10-24T10:25:30.687+0000] {processor.py:183} INFO - Processing /opt/airflow/dags/silver/silver_cleaning.py took 0.484 seconds
[2025-10-24T10:26:02.611+0000] {processor.py:161} INFO - Started process (PID=829) to work on /opt/airflow/dags/silver/silver_cleaning.py
[2025-10-24T10:26:02.612+0000] {processor.py:830} INFO - Processing file /opt/airflow/dags/silver/silver_cleaning.py for tasks to queue
[2025-10-24T10:26:02.613+0000] {logging_mixin.py:188} INFO - [2025-10-24T10:26:02.612+0000] {dagbag.py:540} INFO - Filling up the DagBag from /opt/airflow/dags/silver/silver_cleaning.py
[2025-10-24T10:26:03.104+0000] {processor.py:842} WARNING - No viable dags retrieved from /opt/airflow/dags/silver/silver_cleaning.py
[2025-10-24T10:26:03.113+0000] {processor.py:183} INFO - Processing /opt/airflow/dags/silver/silver_cleaning.py took 0.506 seconds
[2025-10-24T10:26:33.757+0000] {processor.py:161} INFO - Started process (PID=833) to work on /opt/airflow/dags/silver/silver_cleaning.py
[2025-10-24T10:26:33.758+0000] {processor.py:830} INFO - Processing file /opt/airflow/dags/silver/silver_cleaning.py for tasks to queue
[2025-10-24T10:26:33.759+0000] {logging_mixin.py:188} INFO - [2025-10-24T10:26:33.758+0000] {dagbag.py:540} INFO - Filling up the DagBag from /opt/airflow/dags/silver/silver_cleaning.py
[2025-10-24T10:26:34.216+0000] {processor.py:842} WARNING - No viable dags retrieved from /opt/airflow/dags/silver/silver_cleaning.py
[2025-10-24T10:26:34.225+0000] {processor.py:183} INFO - Processing /opt/airflow/dags/silver/silver_cleaning.py took 0.472 seconds
[2025-10-24T10:27:05.030+0000] {processor.py:161} INFO - Started process (PID=837) to work on /opt/airflow/dags/silver/silver_cleaning.py
[2025-10-24T10:27:05.031+0000] {processor.py:830} INFO - Processing file /opt/airflow/dags/silver/silver_cleaning.py for tasks to queue
[2025-10-24T10:27:05.032+0000] {logging_mixin.py:188} INFO - [2025-10-24T10:27:05.031+0000] {dagbag.py:540} INFO - Filling up the DagBag from /opt/airflow/dags/silver/silver_cleaning.py
[2025-10-24T10:27:07.628+0000] {processor.py:842} WARNING - No viable dags retrieved from /opt/airflow/dags/silver/silver_cleaning.py
[2025-10-24T10:27:07.637+0000] {processor.py:183} INFO - Processing /opt/airflow/dags/silver/silver_cleaning.py took 0.496 seconds
[2025-10-24T10:27:37.763+0000] {processor.py:161} INFO - Started process (PID=841) to work on /opt/airflow/dags/silver/silver_cleaning.py
[2025-10-24T10:27:37.764+0000] {processor.py:830} INFO - Processing file /opt/airflow/dags/silver/silver_cleaning.py for tasks to queue
[2025-10-24T10:27:37.765+0000] {logging_mixin.py:188} INFO - [2025-10-24T10:27:37.764+0000] {dagbag.py:540} INFO - Filling up the DagBag from /opt/airflow/dags/silver/silver_cleaning.py
[2025-10-24T10:27:38.207+0000] {processor.py:842} WARNING - No viable dags retrieved from /opt/airflow/dags/silver/silver_cleaning.py
[2025-10-24T10:27:38.215+0000] {processor.py:183} INFO - Processing /opt/airflow/dags/silver/silver_cleaning.py took 0.456 seconds
[2025-10-24T10:28:09.031+0000] {processor.py:161} INFO - Started process (PID=845) to work on /opt/airflow/dags/silver/silver_cleaning.py
[2025-10-24T10:28:09.032+0000] {processor.py:830} INFO - Processing file /opt/airflow/dags/silver/silver_cleaning.py for tasks to queue
[2025-10-24T10:28:09.032+0000] {logging_mixin.py:188} INFO - [2025-10-24T10:28:09.032+0000] {dagbag.py:540} INFO - Filling up the DagBag from /opt/airflow/dags/silver/silver_cleaning.py
[2025-10-24T10:28:09.514+0000] {processor.py:842} WARNING - No viable dags retrieved from /opt/airflow/dags/silver/silver_cleaning.py
[2025-10-24T10:28:09.523+0000] {processor.py:183} INFO - Processing /opt/airflow/dags/silver/silver_cleaning.py took 0.496 seconds
[2025-10-24T10:28:39.743+0000] {processor.py:161} INFO - Started process (PID=849) to work on /opt/airflow/dags/silver/silver_cleaning.py
[2025-10-24T10:28:39.743+0000] {processor.py:830} INFO - Processing file /opt/airflow/dags/silver/silver_cleaning.py for tasks to queue
[2025-10-24T10:28:39.744+0000] {logging_mixin.py:188} INFO - [2025-10-24T10:28:39.744+0000] {dagbag.py:540} INFO - Filling up the DagBag from /opt/airflow/dags/silver/silver_cleaning.py
[2025-10-24T10:28:40.221+0000] {processor.py:842} WARNING - No viable dags retrieved from /opt/airflow/dags/silver/silver_cleaning.py
[2025-10-24T10:28:40.230+0000] {processor.py:183} INFO - Processing /opt/airflow/dags/silver/silver_cleaning.py took 0.493 seconds
[2025-10-24T10:29:11.004+0000] {processor.py:161} INFO - Started process (PID=853) to work on /opt/airflow/dags/silver/silver_cleaning.py
[2025-10-24T10:29:11.005+0000] {processor.py:830} INFO - Processing file /opt/airflow/dags/silver/silver_cleaning.py for tasks to queue
[2025-10-24T10:29:11.005+0000] {logging_mixin.py:188} INFO - [2025-10-24T10:29:11.005+0000] {dagbag.py:540} INFO - Filling up the DagBag from /opt/airflow/dags/silver/silver_cleaning.py
[2025-10-24T10:29:11.460+0000] {processor.py:842} WARNING - No viable dags retrieved from /opt/airflow/dags/silver/silver_cleaning.py
[2025-10-24T10:29:11.469+0000] {processor.py:183} INFO - Processing /opt/airflow/dags/silver/silver_cleaning.py took 0.470 seconds
[2025-10-24T10:29:42.234+0000] {processor.py:161} INFO - Started process (PID=857) to work on /opt/airflow/dags/silver/silver_cleaning.py
[2025-10-24T10:29:42.235+0000] {processor.py:830} INFO - Processing file /opt/airflow/dags/silver/silver_cleaning.py for tasks to queue
[2025-10-24T10:29:42.235+0000] {logging_mixin.py:188} INFO - [2025-10-24T10:29:42.235+0000] {dagbag.py:540} INFO - Filling up the DagBag from /opt/airflow/dags/silver/silver_cleaning.py
[2025-10-24T10:29:42.700+0000] {processor.py:842} WARNING - No viable dags retrieved from /opt/airflow/dags/silver/silver_cleaning.py
[2025-10-24T10:29:42.709+0000] {processor.py:183} INFO - Processing /opt/airflow/dags/silver/silver_cleaning.py took 0.479 seconds
[2025-10-24T10:30:13.444+0000] {processor.py:161} INFO - Started process (PID=861) to work on /opt/airflow/dags/silver/silver_cleaning.py
[2025-10-24T10:30:13.445+0000] {processor.py:830} INFO - Processing file /opt/airflow/dags/silver/silver_cleaning.py for tasks to queue
[2025-10-24T10:30:13.446+0000] {logging_mixin.py:188} INFO - [2025-10-24T10:30:13.445+0000] {dagbag.py:540} INFO - Filling up the DagBag from /opt/airflow/dags/silver/silver_cleaning.py
[2025-10-24T10:30:13.895+0000] {processor.py:842} WARNING - No viable dags retrieved from /opt/airflow/dags/silver/silver_cleaning.py
[2025-10-24T10:30:13.904+0000] {processor.py:183} INFO - Processing /opt/airflow/dags/silver/silver_cleaning.py took 0.464 seconds
[2025-10-24T10:30:44.140+0000] {processor.py:161} INFO - Started process (PID=865) to work on /opt/airflow/dags/silver/silver_cleaning.py
[2025-10-24T10:30:44.141+0000] {processor.py:830} INFO - Processing file /opt/airflow/dags/silver/silver_cleaning.py for tasks to queue
[2025-10-24T10:30:44.142+0000] {logging_mixin.py:188} INFO - [2025-10-24T10:30:44.141+0000] {dagbag.py:540} INFO - Filling up the DagBag from /opt/airflow/dags/silver/silver_cleaning.py
[2025-10-24T10:30:44.624+0000] {processor.py:842} WARNING - No viable dags retrieved from /opt/airflow/dags/silver/silver_cleaning.py
[2025-10-24T10:30:44.633+0000] {processor.py:183} INFO - Processing /opt/airflow/dags/silver/silver_cleaning.py took 0.498 seconds
[2025-10-24T10:31:15.476+0000] {processor.py:161} INFO - Started process (PID=870) to work on /opt/airflow/dags/silver/silver_cleaning.py
[2025-10-24T10:31:15.477+0000] {processor.py:830} INFO - Processing file /opt/airflow/dags/silver/silver_cleaning.py for tasks to queue
[2025-10-24T10:31:15.478+0000] {logging_mixin.py:188} INFO - [2025-10-24T10:31:15.478+0000] {dagbag.py:540} INFO - Filling up the DagBag from /opt/airflow/dags/silver/silver_cleaning.py
[2025-10-24T10:31:15.887+0000] {processor.py:842} WARNING - No viable dags retrieved from /opt/airflow/dags/silver/silver_cleaning.py
[2025-10-24T10:31:15.895+0000] {processor.py:183} INFO - Processing /opt/airflow/dags/silver/silver_cleaning.py took 0.424 seconds
[2025-10-24T10:31:46.161+0000] {processor.py:161} INFO - Started process (PID=874) to work on /opt/airflow/dags/silver/silver_cleaning.py
[2025-10-24T10:31:46.162+0000] {processor.py:830} INFO - Processing file /opt/airflow/dags/silver/silver_cleaning.py for tasks to queue
[2025-10-24T10:31:46.163+0000] {logging_mixin.py:188} INFO - [2025-10-24T10:31:46.163+0000] {dagbag.py:540} INFO - Filling up the DagBag from /opt/airflow/dags/silver/silver_cleaning.py
[2025-10-24T10:31:46.646+0000] {processor.py:842} WARNING - No viable dags retrieved from /opt/airflow/dags/silver/silver_cleaning.py
[2025-10-24T10:31:46.656+0000] {processor.py:183} INFO - Processing /opt/airflow/dags/silver/silver_cleaning.py took 0.500 seconds
[2025-10-24T10:32:17.045+0000] {processor.py:161} INFO - Started process (PID=878) to work on /opt/airflow/dags/silver/silver_cleaning.py
[2025-10-24T10:32:17.046+0000] {processor.py:830} INFO - Processing file /opt/airflow/dags/silver/silver_cleaning.py for tasks to queue
[2025-10-24T10:32:17.047+0000] {logging_mixin.py:188} INFO - [2025-10-24T10:32:17.046+0000] {dagbag.py:540} INFO - Filling up the DagBag from /opt/airflow/dags/silver/silver_cleaning.py
[2025-10-24T10:32:17.478+0000] {processor.py:842} WARNING - No viable dags retrieved from /opt/airflow/dags/silver/silver_cleaning.py
[2025-10-24T10:32:17.486+0000] {processor.py:183} INFO - Processing /opt/airflow/dags/silver/silver_cleaning.py took 0.446 seconds
[2025-10-24T10:32:48.073+0000] {processor.py:161} INFO - Started process (PID=882) to work on /opt/airflow/dags/silver/silver_cleaning.py
[2025-10-24T10:32:48.074+0000] {processor.py:830} INFO - Processing file /opt/airflow/dags/silver/silver_cleaning.py for tasks to queue
[2025-10-24T10:32:48.075+0000] {logging_mixin.py:188} INFO - [2025-10-24T10:32:48.074+0000] {dagbag.py:540} INFO - Filling up the DagBag from /opt/airflow/dags/silver/silver_cleaning.py
[2025-10-24T10:32:48.522+0000] {processor.py:842} WARNING - No viable dags retrieved from /opt/airflow/dags/silver/silver_cleaning.py
[2025-10-24T10:32:48.531+0000] {processor.py:183} INFO - Processing /opt/airflow/dags/silver/silver_cleaning.py took 0.463 seconds
[2025-10-24T10:33:18.645+0000] {processor.py:161} INFO - Started process (PID=886) to work on /opt/airflow/dags/silver/silver_cleaning.py
[2025-10-24T10:33:18.645+0000] {processor.py:830} INFO - Processing file /opt/airflow/dags/silver/silver_cleaning.py for tasks to queue
[2025-10-24T10:33:18.646+0000] {logging_mixin.py:188} INFO - [2025-10-24T10:33:18.646+0000] {dagbag.py:540} INFO - Filling up the DagBag from /opt/airflow/dags/silver/silver_cleaning.py
[2025-10-24T10:33:19.094+0000] {processor.py:842} WARNING - No viable dags retrieved from /opt/airflow/dags/silver/silver_cleaning.py
[2025-10-24T10:33:19.102+0000] {processor.py:183} INFO - Processing /opt/airflow/dags/silver/silver_cleaning.py took 0.463 seconds
[2025-10-24T10:33:49.174+0000] {processor.py:161} INFO - Started process (PID=890) to work on /opt/airflow/dags/silver/silver_cleaning.py
[2025-10-24T10:33:49.175+0000] {processor.py:830} INFO - Processing file /opt/airflow/dags/silver/silver_cleaning.py for tasks to queue
[2025-10-24T10:33:49.176+0000] {logging_mixin.py:188} INFO - [2025-10-24T10:33:49.176+0000] {dagbag.py:540} INFO - Filling up the DagBag from /opt/airflow/dags/silver/silver_cleaning.py
[2025-10-24T10:33:49.663+0000] {processor.py:842} WARNING - No viable dags retrieved from /opt/airflow/dags/silver/silver_cleaning.py
[2025-10-24T10:33:49.671+0000] {processor.py:183} INFO - Processing /opt/airflow/dags/silver/silver_cleaning.py took 0.502 seconds
[2025-10-24T10:34:19.793+0000] {processor.py:161} INFO - Started process (PID=894) to work on /opt/airflow/dags/silver/silver_cleaning.py
[2025-10-24T10:34:19.794+0000] {processor.py:830} INFO - Processing file /opt/airflow/dags/silver/silver_cleaning.py for tasks to queue
[2025-10-24T10:34:19.795+0000] {logging_mixin.py:188} INFO - [2025-10-24T10:34:19.795+0000] {dagbag.py:540} INFO - Filling up the DagBag from /opt/airflow/dags/silver/silver_cleaning.py
[2025-10-24T10:34:20.254+0000] {processor.py:842} WARNING - No viable dags retrieved from /opt/airflow/dags/silver/silver_cleaning.py
[2025-10-24T10:34:20.262+0000] {processor.py:183} INFO - Processing /opt/airflow/dags/silver/silver_cleaning.py took 0.474 seconds
[2025-10-24T10:34:50.484+0000] {processor.py:161} INFO - Started process (PID=898) to work on /opt/airflow/dags/silver/silver_cleaning.py
[2025-10-24T10:34:50.485+0000] {processor.py:830} INFO - Processing file /opt/airflow/dags/silver/silver_cleaning.py for tasks to queue
[2025-10-24T10:34:50.486+0000] {logging_mixin.py:188} INFO - [2025-10-24T10:34:50.485+0000] {dagbag.py:540} INFO - Filling up the DagBag from /opt/airflow/dags/silver/silver_cleaning.py
[2025-10-24T10:34:51.013+0000] {processor.py:842} WARNING - No viable dags retrieved from /opt/airflow/dags/silver/silver_cleaning.py
[2025-10-24T10:34:51.022+0000] {processor.py:183} INFO - Processing /opt/airflow/dags/silver/silver_cleaning.py took 0.544 seconds
[2025-10-24T10:35:21.747+0000] {processor.py:161} INFO - Started process (PID=902) to work on /opt/airflow/dags/silver/silver_cleaning.py
[2025-10-24T10:35:21.748+0000] {processor.py:830} INFO - Processing file /opt/airflow/dags/silver/silver_cleaning.py for tasks to queue
[2025-10-24T10:35:21.749+0000] {logging_mixin.py:188} INFO - [2025-10-24T10:35:21.749+0000] {dagbag.py:540} INFO - Filling up the DagBag from /opt/airflow/dags/silver/silver_cleaning.py
[2025-10-24T10:35:22.212+0000] {processor.py:842} WARNING - No viable dags retrieved from /opt/airflow/dags/silver/silver_cleaning.py
[2025-10-24T10:35:22.222+0000] {processor.py:183} INFO - Processing /opt/airflow/dags/silver/silver_cleaning.py took 0.480 seconds
[2025-10-24T10:35:52.329+0000] {processor.py:161} INFO - Started process (PID=906) to work on /opt/airflow/dags/silver/silver_cleaning.py
[2025-10-24T10:35:52.330+0000] {processor.py:830} INFO - Processing file /opt/airflow/dags/silver/silver_cleaning.py for tasks to queue
[2025-10-24T10:35:52.331+0000] {logging_mixin.py:188} INFO - [2025-10-24T10:35:52.331+0000] {dagbag.py:540} INFO - Filling up the DagBag from /opt/airflow/dags/silver/silver_cleaning.py
[2025-10-24T10:35:52.733+0000] {processor.py:842} WARNING - No viable dags retrieved from /opt/airflow/dags/silver/silver_cleaning.py
[2025-10-24T10:35:52.741+0000] {processor.py:183} INFO - Processing /opt/airflow/dags/silver/silver_cleaning.py took 0.417 seconds
[2025-10-24T10:36:23.324+0000] {processor.py:161} INFO - Started process (PID=910) to work on /opt/airflow/dags/silver/silver_cleaning.py
[2025-10-24T10:36:23.325+0000] {processor.py:830} INFO - Processing file /opt/airflow/dags/silver/silver_cleaning.py for tasks to queue
[2025-10-24T10:36:23.326+0000] {logging_mixin.py:188} INFO - [2025-10-24T10:36:23.325+0000] {dagbag.py:540} INFO - Filling up the DagBag from /opt/airflow/dags/silver/silver_cleaning.py
[2025-10-24T10:36:23.746+0000] {processor.py:842} WARNING - No viable dags retrieved from /opt/airflow/dags/silver/silver_cleaning.py
[2025-10-24T10:36:23.755+0000] {processor.py:183} INFO - Processing /opt/airflow/dags/silver/silver_cleaning.py took 0.436 seconds
[2025-10-24T10:36:53.821+0000] {processor.py:161} INFO - Started process (PID=914) to work on /opt/airflow/dags/silver/silver_cleaning.py
[2025-10-24T10:36:53.822+0000] {processor.py:830} INFO - Processing file /opt/airflow/dags/silver/silver_cleaning.py for tasks to queue
[2025-10-24T10:36:53.823+0000] {logging_mixin.py:188} INFO - [2025-10-24T10:36:53.823+0000] {dagbag.py:540} INFO - Filling up the DagBag from /opt/airflow/dags/silver/silver_cleaning.py
[2025-10-24T10:36:54.218+0000] {processor.py:842} WARNING - No viable dags retrieved from /opt/airflow/dags/silver/silver_cleaning.py
[2025-10-24T10:36:54.226+0000] {processor.py:183} INFO - Processing /opt/airflow/dags/silver/silver_cleaning.py took 0.409 seconds
[2025-10-24T10:37:24.322+0000] {processor.py:161} INFO - Started process (PID=918) to work on /opt/airflow/dags/silver/silver_cleaning.py
[2025-10-24T10:37:24.323+0000] {processor.py:830} INFO - Processing file /opt/airflow/dags/silver/silver_cleaning.py for tasks to queue
[2025-10-24T10:37:24.323+0000] {logging_mixin.py:188} INFO - [2025-10-24T10:37:24.323+0000] {dagbag.py:540} INFO - Filling up the DagBag from /opt/airflow/dags/silver/silver_cleaning.py
[2025-10-24T10:37:24.775+0000] {processor.py:842} WARNING - No viable dags retrieved from /opt/airflow/dags/silver/silver_cleaning.py
[2025-10-24T10:37:24.783+0000] {processor.py:183} INFO - Processing /opt/airflow/dags/silver/silver_cleaning.py took 0.466 seconds
[2025-10-24T10:37:56.064+0000] {processor.py:161} INFO - Started process (PID=922) to work on /opt/airflow/dags/silver/silver_cleaning.py
[2025-10-24T10:37:56.065+0000] {processor.py:830} INFO - Processing file /opt/airflow/dags/silver/silver_cleaning.py for tasks to queue
[2025-10-24T10:37:56.066+0000] {logging_mixin.py:188} INFO - [2025-10-24T10:37:56.065+0000] {dagbag.py:540} INFO - Filling up the DagBag from /opt/airflow/dags/silver/silver_cleaning.py
[2025-10-24T10:37:56.480+0000] {processor.py:842} WARNING - No viable dags retrieved from /opt/airflow/dags/silver/silver_cleaning.py
[2025-10-24T10:37:56.488+0000] {processor.py:183} INFO - Processing /opt/airflow/dags/silver/silver_cleaning.py took 0.429 seconds
[2025-10-24T10:38:29.172+0000] {processor.py:161} INFO - Started process (PID=926) to work on /opt/airflow/dags/silver/silver_cleaning.py
[2025-10-24T10:38:29.173+0000] {processor.py:830} INFO - Processing file /opt/airflow/dags/silver/silver_cleaning.py for tasks to queue
[2025-10-24T10:38:29.174+0000] {logging_mixin.py:188} INFO - [2025-10-24T10:38:29.174+0000] {dagbag.py:540} INFO - Filling up the DagBag from /opt/airflow/dags/silver/silver_cleaning.py
[2025-10-24T10:38:29.642+0000] {processor.py:842} WARNING - No viable dags retrieved from /opt/airflow/dags/silver/silver_cleaning.py
[2025-10-24T10:38:29.654+0000] {processor.py:183} INFO - Processing /opt/airflow/dags/silver/silver_cleaning.py took 0.487 seconds
[2025-10-24T10:39:01.268+0000] {processor.py:161} INFO - Started process (PID=930) to work on /opt/airflow/dags/silver/silver_cleaning.py
[2025-10-24T10:39:01.269+0000] {processor.py:830} INFO - Processing file /opt/airflow/dags/silver/silver_cleaning.py for tasks to queue
[2025-10-24T10:39:01.269+0000] {logging_mixin.py:188} INFO - [2025-10-24T10:39:01.269+0000] {dagbag.py:540} INFO - Filling up the DagBag from /opt/airflow/dags/silver/silver_cleaning.py
[2025-10-24T10:39:01.703+0000] {processor.py:842} WARNING - No viable dags retrieved from /opt/airflow/dags/silver/silver_cleaning.py
[2025-10-24T10:39:01.711+0000] {processor.py:183} INFO - Processing /opt/airflow/dags/silver/silver_cleaning.py took 0.448 seconds
[2025-10-24T10:39:33.439+0000] {processor.py:161} INFO - Started process (PID=934) to work on /opt/airflow/dags/silver/silver_cleaning.py
[2025-10-24T10:39:33.440+0000] {processor.py:830} INFO - Processing file /opt/airflow/dags/silver/silver_cleaning.py for tasks to queue
[2025-10-24T10:39:33.441+0000] {logging_mixin.py:188} INFO - [2025-10-24T10:39:33.440+0000] {dagbag.py:540} INFO - Filling up the DagBag from /opt/airflow/dags/silver/silver_cleaning.py
[2025-10-24T10:39:33.867+0000] {processor.py:842} WARNING - No viable dags retrieved from /opt/airflow/dags/silver/silver_cleaning.py
[2025-10-24T10:39:33.874+0000] {processor.py:183} INFO - Processing /opt/airflow/dags/silver/silver_cleaning.py took 0.439 seconds
[2025-10-24T10:40:04.303+0000] {processor.py:161} INFO - Started process (PID=938) to work on /opt/airflow/dags/silver/silver_cleaning.py
[2025-10-24T10:40:04.303+0000] {processor.py:830} INFO - Processing file /opt/airflow/dags/silver/silver_cleaning.py for tasks to queue
[2025-10-24T10:40:04.304+0000] {logging_mixin.py:188} INFO - [2025-10-24T10:40:04.304+0000] {dagbag.py:540} INFO - Filling up the DagBag from /opt/airflow/dags/silver/silver_cleaning.py
[2025-10-24T10:40:04.732+0000] {processor.py:842} WARNING - No viable dags retrieved from /opt/airflow/dags/silver/silver_cleaning.py
[2025-10-24T10:40:04.740+0000] {processor.py:183} INFO - Processing /opt/airflow/dags/silver/silver_cleaning.py took 0.442 seconds
[2025-10-24T10:40:35.552+0000] {processor.py:161} INFO - Started process (PID=942) to work on /opt/airflow/dags/silver/silver_cleaning.py
[2025-10-24T10:40:35.553+0000] {processor.py:830} INFO - Processing file /opt/airflow/dags/silver/silver_cleaning.py for tasks to queue
[2025-10-24T10:40:35.554+0000] {logging_mixin.py:188} INFO - [2025-10-24T10:40:35.554+0000] {dagbag.py:540} INFO - Filling up the DagBag from /opt/airflow/dags/silver/silver_cleaning.py
[2025-10-24T10:40:36.000+0000] {processor.py:842} WARNING - No viable dags retrieved from /opt/airflow/dags/silver/silver_cleaning.py
[2025-10-24T10:40:36.009+0000] {processor.py:183} INFO - Processing /opt/airflow/dags/silver/silver_cleaning.py took 0.461 seconds
[2025-10-24T10:41:06.346+0000] {processor.py:161} INFO - Started process (PID=946) to work on /opt/airflow/dags/silver/silver_cleaning.py
[2025-10-24T10:41:06.347+0000] {processor.py:830} INFO - Processing file /opt/airflow/dags/silver/silver_cleaning.py for tasks to queue
[2025-10-24T10:41:06.348+0000] {logging_mixin.py:188} INFO - [2025-10-24T10:41:06.348+0000] {dagbag.py:540} INFO - Filling up the DagBag from /opt/airflow/dags/silver/silver_cleaning.py
[2025-10-24T10:41:06.794+0000] {processor.py:842} WARNING - No viable dags retrieved from /opt/airflow/dags/silver/silver_cleaning.py
[2025-10-24T10:41:06.803+0000] {processor.py:183} INFO - Processing /opt/airflow/dags/silver/silver_cleaning.py took 0.462 seconds
[2025-10-24T10:41:36.931+0000] {processor.py:161} INFO - Started process (PID=950) to work on /opt/airflow/dags/silver/silver_cleaning.py
[2025-10-24T10:41:36.932+0000] {processor.py:830} INFO - Processing file /opt/airflow/dags/silver/silver_cleaning.py for tasks to queue
[2025-10-24T10:41:36.933+0000] {logging_mixin.py:188} INFO - [2025-10-24T10:41:36.933+0000] {dagbag.py:540} INFO - Filling up the DagBag from /opt/airflow/dags/silver/silver_cleaning.py
[2025-10-24T10:41:37.368+0000] {processor.py:842} WARNING - No viable dags retrieved from /opt/airflow/dags/silver/silver_cleaning.py
[2025-10-24T10:41:37.376+0000] {processor.py:183} INFO - Processing /opt/airflow/dags/silver/silver_cleaning.py took 0.450 seconds
[2025-10-24T10:42:07.799+0000] {processor.py:161} INFO - Started process (PID=954) to work on /opt/airflow/dags/silver/silver_cleaning.py
[2025-10-24T10:42:07.800+0000] {processor.py:830} INFO - Processing file /opt/airflow/dags/silver/silver_cleaning.py for tasks to queue
[2025-10-24T10:42:07.801+0000] {logging_mixin.py:188} INFO - [2025-10-24T10:42:07.801+0000] {dagbag.py:540} INFO - Filling up the DagBag from /opt/airflow/dags/silver/silver_cleaning.py
[2025-10-24T10:42:08.219+0000] {processor.py:842} WARNING - No viable dags retrieved from /opt/airflow/dags/silver/silver_cleaning.py
[2025-10-24T10:42:08.227+0000] {processor.py:183} INFO - Processing /opt/airflow/dags/silver/silver_cleaning.py took 0.433 seconds
[2025-10-24T10:42:38.486+0000] {processor.py:161} INFO - Started process (PID=958) to work on /opt/airflow/dags/silver/silver_cleaning.py
[2025-10-24T10:42:38.486+0000] {processor.py:830} INFO - Processing file /opt/airflow/dags/silver/silver_cleaning.py for tasks to queue
[2025-10-24T10:42:38.487+0000] {logging_mixin.py:188} INFO - [2025-10-24T10:42:38.487+0000] {dagbag.py:540} INFO - Filling up the DagBag from /opt/airflow/dags/silver/silver_cleaning.py
[2025-10-24T10:42:38.921+0000] {processor.py:842} WARNING - No viable dags retrieved from /opt/airflow/dags/silver/silver_cleaning.py
[2025-10-24T10:42:38.929+0000] {processor.py:183} INFO - Processing /opt/airflow/dags/silver/silver_cleaning.py took 0.448 seconds
[2025-10-24T10:43:09.665+0000] {processor.py:161} INFO - Started process (PID=962) to work on /opt/airflow/dags/silver/silver_cleaning.py
[2025-10-24T10:43:09.666+0000] {processor.py:830} INFO - Processing file /opt/airflow/dags/silver/silver_cleaning.py for tasks to queue
[2025-10-24T10:43:09.667+0000] {logging_mixin.py:188} INFO - [2025-10-24T10:43:09.667+0000] {dagbag.py:540} INFO - Filling up the DagBag from /opt/airflow/dags/silver/silver_cleaning.py
[2025-10-24T10:43:10.092+0000] {processor.py:842} WARNING - No viable dags retrieved from /opt/airflow/dags/silver/silver_cleaning.py
[2025-10-24T10:43:10.100+0000] {processor.py:183} INFO - Processing /opt/airflow/dags/silver/silver_cleaning.py took 0.439 seconds
[2025-10-24T10:43:40.690+0000] {processor.py:161} INFO - Started process (PID=966) to work on /opt/airflow/dags/silver/silver_cleaning.py
[2025-10-24T10:43:40.691+0000] {processor.py:830} INFO - Processing file /opt/airflow/dags/silver/silver_cleaning.py for tasks to queue
[2025-10-24T10:43:40.692+0000] {logging_mixin.py:188} INFO - [2025-10-24T10:43:40.692+0000] {dagbag.py:540} INFO - Filling up the DagBag from /opt/airflow/dags/silver/silver_cleaning.py
[2025-10-24T10:43:41.122+0000] {processor.py:842} WARNING - No viable dags retrieved from /opt/airflow/dags/silver/silver_cleaning.py
[2025-10-24T10:43:41.129+0000] {processor.py:183} INFO - Processing /opt/airflow/dags/silver/silver_cleaning.py took 0.444 seconds
[2025-10-24T10:44:11.533+0000] {processor.py:161} INFO - Started process (PID=970) to work on /opt/airflow/dags/silver/silver_cleaning.py
[2025-10-24T10:44:11.534+0000] {processor.py:830} INFO - Processing file /opt/airflow/dags/silver/silver_cleaning.py for tasks to queue
[2025-10-24T10:44:11.534+0000] {logging_mixin.py:188} INFO - [2025-10-24T10:44:11.534+0000] {dagbag.py:540} INFO - Filling up the DagBag from /opt/airflow/dags/silver/silver_cleaning.py
[2025-10-24T10:44:12.007+0000] {processor.py:842} WARNING - No viable dags retrieved from /opt/airflow/dags/silver/silver_cleaning.py
[2025-10-24T10:44:12.015+0000] {processor.py:183} INFO - Processing /opt/airflow/dags/silver/silver_cleaning.py took 0.487 seconds
[2025-10-24T10:44:42.472+0000] {processor.py:161} INFO - Started process (PID=974) to work on /opt/airflow/dags/silver/silver_cleaning.py
[2025-10-24T10:44:42.473+0000] {processor.py:830} INFO - Processing file /opt/airflow/dags/silver/silver_cleaning.py for tasks to queue
[2025-10-24T10:44:42.473+0000] {logging_mixin.py:188} INFO - [2025-10-24T10:44:42.473+0000] {dagbag.py:540} INFO - Filling up the DagBag from /opt/airflow/dags/silver/silver_cleaning.py
[2025-10-24T10:44:42.912+0000] {processor.py:842} WARNING - No viable dags retrieved from /opt/airflow/dags/silver/silver_cleaning.py
[2025-10-24T10:44:42.921+0000] {processor.py:183} INFO - Processing /opt/airflow/dags/silver/silver_cleaning.py took 0.453 seconds
[2025-10-24T10:45:13.398+0000] {processor.py:161} INFO - Started process (PID=978) to work on /opt/airflow/dags/silver/silver_cleaning.py
[2025-10-24T10:45:13.399+0000] {processor.py:830} INFO - Processing file /opt/airflow/dags/silver/silver_cleaning.py for tasks to queue
[2025-10-24T10:45:13.400+0000] {logging_mixin.py:188} INFO - [2025-10-24T10:45:13.399+0000] {dagbag.py:540} INFO - Filling up the DagBag from /opt/airflow/dags/silver/silver_cleaning.py
[2025-10-24T10:45:14.046+0000] {processor.py:842} WARNING - No viable dags retrieved from /opt/airflow/dags/silver/silver_cleaning.py
[2025-10-24T10:45:14.055+0000] {processor.py:183} INFO - Processing /opt/airflow/dags/silver/silver_cleaning.py took 0.663 seconds
[2025-10-24T10:45:44.568+0000] {processor.py:161} INFO - Started process (PID=982) to work on /opt/airflow/dags/silver/silver_cleaning.py
[2025-10-24T10:45:44.569+0000] {processor.py:830} INFO - Processing file /opt/airflow/dags/silver/silver_cleaning.py for tasks to queue
[2025-10-24T10:45:44.570+0000] {logging_mixin.py:188} INFO - [2025-10-24T10:45:44.570+0000] {dagbag.py:540} INFO - Filling up the DagBag from /opt/airflow/dags/silver/silver_cleaning.py
[2025-10-24T10:45:44.989+0000] {processor.py:842} WARNING - No viable dags retrieved from /opt/airflow/dags/silver/silver_cleaning.py
[2025-10-24T10:45:44.997+0000] {processor.py:183} INFO - Processing /opt/airflow/dags/silver/silver_cleaning.py took 0.433 seconds
[2025-10-24T10:46:15.334+0000] {processor.py:161} INFO - Started process (PID=986) to work on /opt/airflow/dags/silver/silver_cleaning.py
[2025-10-24T10:46:15.335+0000] {processor.py:830} INFO - Processing file /opt/airflow/dags/silver/silver_cleaning.py for tasks to queue
[2025-10-24T10:46:15.336+0000] {logging_mixin.py:188} INFO - [2025-10-24T10:46:15.335+0000] {dagbag.py:540} INFO - Filling up the DagBag from /opt/airflow/dags/silver/silver_cleaning.py
[2025-10-24T10:46:15.827+0000] {processor.py:842} WARNING - No viable dags retrieved from /opt/airflow/dags/silver/silver_cleaning.py
[2025-10-24T10:46:15.836+0000] {processor.py:183} INFO - Processing /opt/airflow/dags/silver/silver_cleaning.py took 0.506 seconds
[2025-10-24T10:46:46.041+0000] {processor.py:161} INFO - Started process (PID=990) to work on /opt/airflow/dags/silver/silver_cleaning.py
[2025-10-24T10:46:46.042+0000] {processor.py:830} INFO - Processing file /opt/airflow/dags/silver/silver_cleaning.py for tasks to queue
[2025-10-24T10:46:46.043+0000] {logging_mixin.py:188} INFO - [2025-10-24T10:46:46.043+0000] {dagbag.py:540} INFO - Filling up the DagBag from /opt/airflow/dags/silver/silver_cleaning.py
[2025-10-24T10:46:46.507+0000] {processor.py:842} WARNING - No viable dags retrieved from /opt/airflow/dags/silver/silver_cleaning.py
[2025-10-24T10:46:46.518+0000] {processor.py:183} INFO - Processing /opt/airflow/dags/silver/silver_cleaning.py took 0.481 seconds
[2025-10-24T10:47:16.763+0000] {processor.py:161} INFO - Started process (PID=994) to work on /opt/airflow/dags/silver/silver_cleaning.py
[2025-10-24T10:47:16.764+0000] {processor.py:830} INFO - Processing file /opt/airflow/dags/silver/silver_cleaning.py for tasks to queue
[2025-10-24T10:47:16.764+0000] {logging_mixin.py:188} INFO - [2025-10-24T10:47:16.764+0000] {dagbag.py:540} INFO - Filling up the DagBag from /opt/airflow/dags/silver/silver_cleaning.py
[2025-10-24T10:47:17.259+0000] {processor.py:842} WARNING - No viable dags retrieved from /opt/airflow/dags/silver/silver_cleaning.py
[2025-10-24T10:47:17.267+0000] {processor.py:183} INFO - Processing /opt/airflow/dags/silver/silver_cleaning.py took 0.509 seconds
[2025-10-24T10:47:47.496+0000] {processor.py:161} INFO - Started process (PID=998) to work on /opt/airflow/dags/silver/silver_cleaning.py
[2025-10-24T10:47:47.496+0000] {processor.py:830} INFO - Processing file /opt/airflow/dags/silver/silver_cleaning.py for tasks to queue
[2025-10-24T10:47:47.497+0000] {logging_mixin.py:188} INFO - [2025-10-24T10:47:47.497+0000] {dagbag.py:540} INFO - Filling up the DagBag from /opt/airflow/dags/silver/silver_cleaning.py
[2025-10-24T10:47:48.105+0000] {processor.py:842} WARNING - No viable dags retrieved from /opt/airflow/dags/silver/silver_cleaning.py
[2025-10-24T10:47:48.114+0000] {processor.py:183} INFO - Processing /opt/airflow/dags/silver/silver_cleaning.py took 0.624 seconds
[2025-10-24T10:48:18.321+0000] {processor.py:161} INFO - Started process (PID=1002) to work on /opt/airflow/dags/silver/silver_cleaning.py
[2025-10-24T10:48:18.322+0000] {processor.py:830} INFO - Processing file /opt/airflow/dags/silver/silver_cleaning.py for tasks to queue
[2025-10-24T10:48:18.322+0000] {logging_mixin.py:188} INFO - [2025-10-24T10:48:18.322+0000] {dagbag.py:540} INFO - Filling up the DagBag from /opt/airflow/dags/silver/silver_cleaning.py
[2025-10-24T10:48:18.772+0000] {processor.py:842} WARNING - No viable dags retrieved from /opt/airflow/dags/silver/silver_cleaning.py
[2025-10-24T10:48:18.780+0000] {processor.py:183} INFO - Processing /opt/airflow/dags/silver/silver_cleaning.py took 0.464 seconds
[2025-10-24T10:48:48.915+0000] {processor.py:161} INFO - Started process (PID=1006) to work on /opt/airflow/dags/silver/silver_cleaning.py
[2025-10-24T10:48:48.916+0000] {processor.py:830} INFO - Processing file /opt/airflow/dags/silver/silver_cleaning.py for tasks to queue
[2025-10-24T10:48:48.917+0000] {logging_mixin.py:188} INFO - [2025-10-24T10:48:48.916+0000] {dagbag.py:540} INFO - Filling up the DagBag from /opt/airflow/dags/silver/silver_cleaning.py
[2025-10-24T10:48:49.345+0000] {processor.py:842} WARNING - No viable dags retrieved from /opt/airflow/dags/silver/silver_cleaning.py
[2025-10-24T10:48:49.353+0000] {processor.py:183} INFO - Processing /opt/airflow/dags/silver/silver_cleaning.py took 0.443 seconds
[2025-10-24T10:49:20.021+0000] {processor.py:161} INFO - Started process (PID=1010) to work on /opt/airflow/dags/silver/silver_cleaning.py
[2025-10-24T10:49:20.022+0000] {processor.py:830} INFO - Processing file /opt/airflow/dags/silver/silver_cleaning.py for tasks to queue
[2025-10-24T10:49:20.023+0000] {logging_mixin.py:188} INFO - [2025-10-24T10:49:20.022+0000] {dagbag.py:540} INFO - Filling up the DagBag from /opt/airflow/dags/silver/silver_cleaning.py
[2025-10-24T10:49:20.525+0000] {processor.py:842} WARNING - No viable dags retrieved from /opt/airflow/dags/silver/silver_cleaning.py
[2025-10-24T10:49:20.534+0000] {processor.py:183} INFO - Processing /opt/airflow/dags/silver/silver_cleaning.py took 0.518 seconds
[2025-10-24T10:49:50.602+0000] {processor.py:161} INFO - Started process (PID=1014) to work on /opt/airflow/dags/silver/silver_cleaning.py
[2025-10-24T10:49:50.603+0000] {processor.py:830} INFO - Processing file /opt/airflow/dags/silver/silver_cleaning.py for tasks to queue
[2025-10-24T10:49:50.603+0000] {logging_mixin.py:188} INFO - [2025-10-24T10:49:50.603+0000] {dagbag.py:540} INFO - Filling up the DagBag from /opt/airflow/dags/silver/silver_cleaning.py
[2025-10-24T10:49:51.032+0000] {processor.py:842} WARNING - No viable dags retrieved from /opt/airflow/dags/silver/silver_cleaning.py
[2025-10-24T10:49:51.039+0000] {processor.py:183} INFO - Processing /opt/airflow/dags/silver/silver_cleaning.py took 0.441 seconds
[2025-10-24T10:50:21.269+0000] {processor.py:161} INFO - Started process (PID=1018) to work on /opt/airflow/dags/silver/silver_cleaning.py
[2025-10-24T10:50:21.270+0000] {processor.py:830} INFO - Processing file /opt/airflow/dags/silver/silver_cleaning.py for tasks to queue
[2025-10-24T10:50:21.271+0000] {logging_mixin.py:188} INFO - [2025-10-24T10:50:21.271+0000] {dagbag.py:540} INFO - Filling up the DagBag from /opt/airflow/dags/silver/silver_cleaning.py
[2025-10-24T10:50:21.692+0000] {processor.py:842} WARNING - No viable dags retrieved from /opt/airflow/dags/silver/silver_cleaning.py
[2025-10-24T10:50:21.700+0000] {processor.py:183} INFO - Processing /opt/airflow/dags/silver/silver_cleaning.py took 0.436 seconds
[2025-10-24T10:50:51.892+0000] {processor.py:161} INFO - Started process (PID=1022) to work on /opt/airflow/dags/silver/silver_cleaning.py
[2025-10-24T10:50:51.892+0000] {processor.py:830} INFO - Processing file /opt/airflow/dags/silver/silver_cleaning.py for tasks to queue
[2025-10-24T10:50:51.893+0000] {logging_mixin.py:188} INFO - [2025-10-24T10:50:51.893+0000] {dagbag.py:540} INFO - Filling up the DagBag from /opt/airflow/dags/silver/silver_cleaning.py
[2025-10-24T10:50:52.344+0000] {processor.py:842} WARNING - No viable dags retrieved from /opt/airflow/dags/silver/silver_cleaning.py
[2025-10-24T10:50:52.352+0000] {processor.py:183} INFO - Processing /opt/airflow/dags/silver/silver_cleaning.py took 0.465 seconds
[2025-10-24T10:51:22.524+0000] {processor.py:161} INFO - Started process (PID=1027) to work on /opt/airflow/dags/silver/silver_cleaning.py
[2025-10-24T10:51:22.525+0000] {processor.py:830} INFO - Processing file /opt/airflow/dags/silver/silver_cleaning.py for tasks to queue
[2025-10-24T10:51:22.526+0000] {logging_mixin.py:188} INFO - [2025-10-24T10:51:22.525+0000] {dagbag.py:540} INFO - Filling up the DagBag from /opt/airflow/dags/silver/silver_cleaning.py
[2025-10-24T10:51:22.955+0000] {processor.py:842} WARNING - No viable dags retrieved from /opt/airflow/dags/silver/silver_cleaning.py
[2025-10-24T10:51:22.964+0000] {processor.py:183} INFO - Processing /opt/airflow/dags/silver/silver_cleaning.py took 0.445 seconds
[2025-10-24T10:51:53.228+0000] {processor.py:161} INFO - Started process (PID=1030) to work on /opt/airflow/dags/silver/silver_cleaning.py
[2025-10-24T10:51:53.229+0000] {processor.py:830} INFO - Processing file /opt/airflow/dags/silver/silver_cleaning.py for tasks to queue
[2025-10-24T10:51:53.230+0000] {logging_mixin.py:188} INFO - [2025-10-24T10:51:53.229+0000] {dagbag.py:540} INFO - Filling up the DagBag from /opt/airflow/dags/silver/silver_cleaning.py
[2025-10-24T10:51:53.696+0000] {processor.py:842} WARNING - No viable dags retrieved from /opt/airflow/dags/silver/silver_cleaning.py
[2025-10-24T10:51:53.704+0000] {processor.py:183} INFO - Processing /opt/airflow/dags/silver/silver_cleaning.py took 0.481 seconds
[2025-10-24T10:52:23.863+0000] {processor.py:161} INFO - Started process (PID=1034) to work on /opt/airflow/dags/silver/silver_cleaning.py
[2025-10-24T10:52:23.864+0000] {processor.py:830} INFO - Processing file /opt/airflow/dags/silver/silver_cleaning.py for tasks to queue
[2025-10-24T10:52:23.865+0000] {logging_mixin.py:188} INFO - [2025-10-24T10:52:23.864+0000] {dagbag.py:540} INFO - Filling up the DagBag from /opt/airflow/dags/silver/silver_cleaning.py
[2025-10-24T10:52:24.280+0000] {processor.py:842} WARNING - No viable dags retrieved from /opt/airflow/dags/silver/silver_cleaning.py
[2025-10-24T10:52:24.288+0000] {processor.py:183} INFO - Processing /opt/airflow/dags/silver/silver_cleaning.py took 0.429 seconds
[2025-10-24T10:52:54.940+0000] {processor.py:161} INFO - Started process (PID=1038) to work on /opt/airflow/dags/silver/silver_cleaning.py
[2025-10-24T10:52:54.941+0000] {processor.py:830} INFO - Processing file /opt/airflow/dags/silver/silver_cleaning.py for tasks to queue
[2025-10-24T10:52:54.942+0000] {logging_mixin.py:188} INFO - [2025-10-24T10:52:54.942+0000] {dagbag.py:540} INFO - Filling up the DagBag from /opt/airflow/dags/silver/silver_cleaning.py
[2025-10-24T10:52:55.489+0000] {processor.py:842} WARNING - No viable dags retrieved from /opt/airflow/dags/silver/silver_cleaning.py
[2025-10-24T10:52:55.497+0000] {processor.py:183} INFO - Processing /opt/airflow/dags/silver/silver_cleaning.py took 0.562 seconds
[2025-10-24T10:53:25.717+0000] {processor.py:161} INFO - Started process (PID=1042) to work on /opt/airflow/dags/silver/silver_cleaning.py
[2025-10-24T10:53:25.717+0000] {processor.py:830} INFO - Processing file /opt/airflow/dags/silver/silver_cleaning.py for tasks to queue
[2025-10-24T10:53:25.718+0000] {logging_mixin.py:188} INFO - [2025-10-24T10:53:25.718+0000] {dagbag.py:540} INFO - Filling up the DagBag from /opt/airflow/dags/silver/silver_cleaning.py
[2025-10-24T10:53:26.181+0000] {processor.py:842} WARNING - No viable dags retrieved from /opt/airflow/dags/silver/silver_cleaning.py
[2025-10-24T10:53:26.190+0000] {processor.py:183} INFO - Processing /opt/airflow/dags/silver/silver_cleaning.py took 0.478 seconds
[2025-10-24T10:53:56.423+0000] {processor.py:161} INFO - Started process (PID=1046) to work on /opt/airflow/dags/silver/silver_cleaning.py
[2025-10-24T10:53:56.424+0000] {processor.py:830} INFO - Processing file /opt/airflow/dags/silver/silver_cleaning.py for tasks to queue
[2025-10-24T10:53:56.424+0000] {logging_mixin.py:188} INFO - [2025-10-24T10:53:56.424+0000] {dagbag.py:540} INFO - Filling up the DagBag from /opt/airflow/dags/silver/silver_cleaning.py
[2025-10-24T10:53:56.894+0000] {processor.py:842} WARNING - No viable dags retrieved from /opt/airflow/dags/silver/silver_cleaning.py
[2025-10-24T10:53:56.903+0000] {processor.py:183} INFO - Processing /opt/airflow/dags/silver/silver_cleaning.py took 0.484 seconds
[2025-10-24T10:54:27.246+0000] {processor.py:161} INFO - Started process (PID=1050) to work on /opt/airflow/dags/silver/silver_cleaning.py
[2025-10-24T10:54:27.247+0000] {processor.py:830} INFO - Processing file /opt/airflow/dags/silver/silver_cleaning.py for tasks to queue
[2025-10-24T10:54:27.248+0000] {logging_mixin.py:188} INFO - [2025-10-24T10:54:27.247+0000] {dagbag.py:540} INFO - Filling up the DagBag from /opt/airflow/dags/silver/silver_cleaning.py
[2025-10-24T10:54:27.710+0000] {processor.py:842} WARNING - No viable dags retrieved from /opt/airflow/dags/silver/silver_cleaning.py
[2025-10-24T10:54:27.718+0000] {processor.py:183} INFO - Processing /opt/airflow/dags/silver/silver_cleaning.py took 0.477 seconds
[2025-10-24T10:54:57.804+0000] {processor.py:161} INFO - Started process (PID=1055) to work on /opt/airflow/dags/silver/silver_cleaning.py
[2025-10-24T10:54:57.805+0000] {processor.py:830} INFO - Processing file /opt/airflow/dags/silver/silver_cleaning.py for tasks to queue
[2025-10-24T10:54:57.806+0000] {logging_mixin.py:188} INFO - [2025-10-24T10:54:57.806+0000] {dagbag.py:540} INFO - Filling up the DagBag from /opt/airflow/dags/silver/silver_cleaning.py
[2025-10-24T10:54:58.215+0000] {processor.py:842} WARNING - No viable dags retrieved from /opt/airflow/dags/silver/silver_cleaning.py
[2025-10-24T10:54:58.223+0000] {processor.py:183} INFO - Processing /opt/airflow/dags/silver/silver_cleaning.py took 0.424 seconds
[2025-10-24T10:55:28.342+0000] {processor.py:161} INFO - Started process (PID=1059) to work on /opt/airflow/dags/silver/silver_cleaning.py
[2025-10-24T10:55:28.343+0000] {processor.py:830} INFO - Processing file /opt/airflow/dags/silver/silver_cleaning.py for tasks to queue
[2025-10-24T10:55:28.344+0000] {logging_mixin.py:188} INFO - [2025-10-24T10:55:28.343+0000] {dagbag.py:540} INFO - Filling up the DagBag from /opt/airflow/dags/silver/silver_cleaning.py
[2025-10-24T10:55:28.727+0000] {processor.py:842} WARNING - No viable dags retrieved from /opt/airflow/dags/silver/silver_cleaning.py
[2025-10-24T10:55:28.734+0000] {processor.py:183} INFO - Processing /opt/airflow/dags/silver/silver_cleaning.py took 0.397 seconds
[2025-10-24T10:55:58.882+0000] {processor.py:161} INFO - Started process (PID=1063) to work on /opt/airflow/dags/silver/silver_cleaning.py
[2025-10-24T10:55:58.883+0000] {processor.py:830} INFO - Processing file /opt/airflow/dags/silver/silver_cleaning.py for tasks to queue
[2025-10-24T10:55:58.884+0000] {logging_mixin.py:188} INFO - [2025-10-24T10:55:58.884+0000] {dagbag.py:540} INFO - Filling up the DagBag from /opt/airflow/dags/silver/silver_cleaning.py
[2025-10-24T10:55:59.298+0000] {processor.py:842} WARNING - No viable dags retrieved from /opt/airflow/dags/silver/silver_cleaning.py
[2025-10-24T10:55:59.306+0000] {processor.py:183} INFO - Processing /opt/airflow/dags/silver/silver_cleaning.py took 0.429 seconds
[2025-10-24T10:56:29.541+0000] {processor.py:161} INFO - Started process (PID=1066) to work on /opt/airflow/dags/silver/silver_cleaning.py
[2025-10-24T10:56:29.542+0000] {processor.py:830} INFO - Processing file /opt/airflow/dags/silver/silver_cleaning.py for tasks to queue
[2025-10-24T10:56:29.543+0000] {logging_mixin.py:188} INFO - [2025-10-24T10:56:29.542+0000] {dagbag.py:540} INFO - Filling up the DagBag from /opt/airflow/dags/silver/silver_cleaning.py
[2025-10-24T10:56:30.083+0000] {processor.py:842} WARNING - No viable dags retrieved from /opt/airflow/dags/silver/silver_cleaning.py
[2025-10-24T10:56:30.091+0000] {processor.py:183} INFO - Processing /opt/airflow/dags/silver/silver_cleaning.py took 0.554 seconds
[2025-10-24T10:57:00.270+0000] {processor.py:161} INFO - Started process (PID=1071) to work on /opt/airflow/dags/silver/silver_cleaning.py
[2025-10-24T10:57:00.271+0000] {processor.py:830} INFO - Processing file /opt/airflow/dags/silver/silver_cleaning.py for tasks to queue
[2025-10-24T10:57:00.271+0000] {logging_mixin.py:188} INFO - [2025-10-24T10:57:00.271+0000] {dagbag.py:540} INFO - Filling up the DagBag from /opt/airflow/dags/silver/silver_cleaning.py
[2025-10-24T10:57:00.670+0000] {processor.py:842} WARNING - No viable dags retrieved from /opt/airflow/dags/silver/silver_cleaning.py
[2025-10-24T10:57:00.679+0000] {processor.py:183} INFO - Processing /opt/airflow/dags/silver/silver_cleaning.py took 0.413 seconds
[2025-10-24T10:57:31.354+0000] {processor.py:161} INFO - Started process (PID=1075) to work on /opt/airflow/dags/silver/silver_cleaning.py
[2025-10-24T10:57:31.355+0000] {processor.py:830} INFO - Processing file /opt/airflow/dags/silver/silver_cleaning.py for tasks to queue
[2025-10-24T10:57:31.356+0000] {logging_mixin.py:188} INFO - [2025-10-24T10:57:31.356+0000] {dagbag.py:540} INFO - Filling up the DagBag from /opt/airflow/dags/silver/silver_cleaning.py
[2025-10-24T10:57:31.837+0000] {processor.py:842} WARNING - No viable dags retrieved from /opt/airflow/dags/silver/silver_cleaning.py
[2025-10-24T10:57:31.851+0000] {processor.py:183} INFO - Processing /opt/airflow/dags/silver/silver_cleaning.py took 0.501 seconds
[2025-10-24T10:58:02.101+0000] {processor.py:161} INFO - Started process (PID=1079) to work on /opt/airflow/dags/silver/silver_cleaning.py
[2025-10-24T10:58:02.102+0000] {processor.py:830} INFO - Processing file /opt/airflow/dags/silver/silver_cleaning.py for tasks to queue
[2025-10-24T10:58:02.103+0000] {logging_mixin.py:188} INFO - [2025-10-24T10:58:02.103+0000] {dagbag.py:540} INFO - Filling up the DagBag from /opt/airflow/dags/silver/silver_cleaning.py
[2025-10-24T10:58:02.539+0000] {processor.py:842} WARNING - No viable dags retrieved from /opt/airflow/dags/silver/silver_cleaning.py
[2025-10-24T10:58:02.547+0000] {processor.py:183} INFO - Processing /opt/airflow/dags/silver/silver_cleaning.py took 0.450 seconds
[2025-10-24T10:58:33.331+0000] {processor.py:161} INFO - Started process (PID=1083) to work on /opt/airflow/dags/silver/silver_cleaning.py
[2025-10-24T10:58:33.331+0000] {processor.py:830} INFO - Processing file /opt/airflow/dags/silver/silver_cleaning.py for tasks to queue
[2025-10-24T10:58:33.332+0000] {logging_mixin.py:188} INFO - [2025-10-24T10:58:33.332+0000] {dagbag.py:540} INFO - Filling up the DagBag from /opt/airflow/dags/silver/silver_cleaning.py
[2025-10-24T10:58:33.750+0000] {processor.py:842} WARNING - No viable dags retrieved from /opt/airflow/dags/silver/silver_cleaning.py
[2025-10-24T10:58:33.758+0000] {processor.py:183} INFO - Processing /opt/airflow/dags/silver/silver_cleaning.py took 0.433 seconds
[2025-10-24T10:59:04.498+0000] {processor.py:161} INFO - Started process (PID=1087) to work on /opt/airflow/dags/silver/silver_cleaning.py
[2025-10-24T10:59:04.499+0000] {processor.py:830} INFO - Processing file /opt/airflow/dags/silver/silver_cleaning.py for tasks to queue
[2025-10-24T10:59:04.499+0000] {logging_mixin.py:188} INFO - [2025-10-24T10:59:04.499+0000] {dagbag.py:540} INFO - Filling up the DagBag from /opt/airflow/dags/silver/silver_cleaning.py
[2025-10-24T10:59:04.923+0000] {processor.py:842} WARNING - No viable dags retrieved from /opt/airflow/dags/silver/silver_cleaning.py
[2025-10-24T10:59:04.932+0000] {processor.py:183} INFO - Processing /opt/airflow/dags/silver/silver_cleaning.py took 0.438 seconds
[2025-10-24T10:59:35.064+0000] {processor.py:161} INFO - Started process (PID=1091) to work on /opt/airflow/dags/silver/silver_cleaning.py
[2025-10-24T10:59:35.065+0000] {processor.py:830} INFO - Processing file /opt/airflow/dags/silver/silver_cleaning.py for tasks to queue
[2025-10-24T10:59:35.066+0000] {logging_mixin.py:188} INFO - [2025-10-24T10:59:35.066+0000] {dagbag.py:540} INFO - Filling up the DagBag from /opt/airflow/dags/silver/silver_cleaning.py
[2025-10-24T10:59:35.490+0000] {processor.py:842} WARNING - No viable dags retrieved from /opt/airflow/dags/silver/silver_cleaning.py
[2025-10-24T10:59:35.499+0000] {processor.py:183} INFO - Processing /opt/airflow/dags/silver/silver_cleaning.py took 0.439 seconds
[2025-10-24T11:00:06.053+0000] {processor.py:161} INFO - Started process (PID=1095) to work on /opt/airflow/dags/silver/silver_cleaning.py
[2025-10-24T11:00:06.054+0000] {processor.py:830} INFO - Processing file /opt/airflow/dags/silver/silver_cleaning.py for tasks to queue
[2025-10-24T11:00:06.055+0000] {logging_mixin.py:188} INFO - [2025-10-24T11:00:06.054+0000] {dagbag.py:540} INFO - Filling up the DagBag from /opt/airflow/dags/silver/silver_cleaning.py
[2025-10-24T11:00:06.488+0000] {processor.py:842} WARNING - No viable dags retrieved from /opt/airflow/dags/silver/silver_cleaning.py
[2025-10-24T11:00:06.496+0000] {processor.py:183} INFO - Processing /opt/airflow/dags/silver/silver_cleaning.py took 0.448 seconds
[2025-10-24T11:00:37.268+0000] {processor.py:161} INFO - Started process (PID=1099) to work on /opt/airflow/dags/silver/silver_cleaning.py
[2025-10-24T11:00:37.269+0000] {processor.py:830} INFO - Processing file /opt/airflow/dags/silver/silver_cleaning.py for tasks to queue
[2025-10-24T11:00:37.270+0000] {logging_mixin.py:188} INFO - [2025-10-24T11:00:37.270+0000] {dagbag.py:540} INFO - Filling up the DagBag from /opt/airflow/dags/silver/silver_cleaning.py
[2025-10-24T11:00:37.717+0000] {processor.py:842} WARNING - No viable dags retrieved from /opt/airflow/dags/silver/silver_cleaning.py
[2025-10-24T11:00:37.727+0000] {processor.py:183} INFO - Processing /opt/airflow/dags/silver/silver_cleaning.py took 0.464 seconds
[2025-10-24T11:01:08.143+0000] {processor.py:161} INFO - Started process (PID=1103) to work on /opt/airflow/dags/silver/silver_cleaning.py
[2025-10-24T11:01:08.144+0000] {processor.py:830} INFO - Processing file /opt/airflow/dags/silver/silver_cleaning.py for tasks to queue
[2025-10-24T11:01:08.145+0000] {logging_mixin.py:188} INFO - [2025-10-24T11:01:08.144+0000] {dagbag.py:540} INFO - Filling up the DagBag from /opt/airflow/dags/silver/silver_cleaning.py
[2025-10-24T11:01:08.589+0000] {processor.py:842} WARNING - No viable dags retrieved from /opt/airflow/dags/silver/silver_cleaning.py
[2025-10-24T11:01:08.598+0000] {processor.py:183} INFO - Processing /opt/airflow/dags/silver/silver_cleaning.py took 0.459 seconds
[2025-10-24T11:01:38.928+0000] {processor.py:161} INFO - Started process (PID=1107) to work on /opt/airflow/dags/silver/silver_cleaning.py
[2025-10-24T11:01:38.929+0000] {processor.py:830} INFO - Processing file /opt/airflow/dags/silver/silver_cleaning.py for tasks to queue
[2025-10-24T11:01:38.930+0000] {logging_mixin.py:188} INFO - [2025-10-24T11:01:38.930+0000] {dagbag.py:540} INFO - Filling up the DagBag from /opt/airflow/dags/silver/silver_cleaning.py
[2025-10-24T11:01:39.450+0000] {processor.py:842} WARNING - No viable dags retrieved from /opt/airflow/dags/silver/silver_cleaning.py
[2025-10-24T11:01:39.461+0000] {processor.py:183} INFO - Processing /opt/airflow/dags/silver/silver_cleaning.py took 0.537 seconds
[2025-10-24T11:02:10.067+0000] {processor.py:161} INFO - Started process (PID=1111) to work on /opt/airflow/dags/silver/silver_cleaning.py
[2025-10-24T11:02:10.068+0000] {processor.py:830} INFO - Processing file /opt/airflow/dags/silver/silver_cleaning.py for tasks to queue
[2025-10-24T11:02:10.069+0000] {logging_mixin.py:188} INFO - [2025-10-24T11:02:10.069+0000] {dagbag.py:540} INFO - Filling up the DagBag from /opt/airflow/dags/silver/silver_cleaning.py
[2025-10-24T11:02:10.525+0000] {processor.py:842} WARNING - No viable dags retrieved from /opt/airflow/dags/silver/silver_cleaning.py
[2025-10-24T11:02:10.534+0000] {processor.py:183} INFO - Processing /opt/airflow/dags/silver/silver_cleaning.py took 0.472 seconds
[2025-10-24T11:02:40.626+0000] {processor.py:161} INFO - Started process (PID=1115) to work on /opt/airflow/dags/silver/silver_cleaning.py
[2025-10-24T11:02:40.626+0000] {processor.py:830} INFO - Processing file /opt/airflow/dags/silver/silver_cleaning.py for tasks to queue
[2025-10-24T11:02:40.627+0000] {logging_mixin.py:188} INFO - [2025-10-24T11:02:40.627+0000] {dagbag.py:540} INFO - Filling up the DagBag from /opt/airflow/dags/silver/silver_cleaning.py
[2025-10-24T11:02:41.085+0000] {processor.py:842} WARNING - No viable dags retrieved from /opt/airflow/dags/silver/silver_cleaning.py
[2025-10-24T11:02:41.093+0000] {processor.py:183} INFO - Processing /opt/airflow/dags/silver/silver_cleaning.py took 0.472 seconds
[2025-10-24T11:03:11.292+0000] {processor.py:161} INFO - Started process (PID=1119) to work on /opt/airflow/dags/silver/silver_cleaning.py
[2025-10-24T11:03:11.293+0000] {processor.py:830} INFO - Processing file /opt/airflow/dags/silver/silver_cleaning.py for tasks to queue
[2025-10-24T11:03:11.294+0000] {logging_mixin.py:188} INFO - [2025-10-24T11:03:11.294+0000] {dagbag.py:540} INFO - Filling up the DagBag from /opt/airflow/dags/silver/silver_cleaning.py
[2025-10-24T11:03:11.780+0000] {processor.py:842} WARNING - No viable dags retrieved from /opt/airflow/dags/silver/silver_cleaning.py
[2025-10-24T11:03:11.789+0000] {processor.py:183} INFO - Processing /opt/airflow/dags/silver/silver_cleaning.py took 0.501 seconds
[2025-10-24T11:03:42.724+0000] {processor.py:161} INFO - Started process (PID=1123) to work on /opt/airflow/dags/silver/silver_cleaning.py
[2025-10-24T11:03:42.725+0000] {processor.py:830} INFO - Processing file /opt/airflow/dags/silver/silver_cleaning.py for tasks to queue
[2025-10-24T11:03:42.726+0000] {logging_mixin.py:188} INFO - [2025-10-24T11:03:42.726+0000] {dagbag.py:540} INFO - Filling up the DagBag from /opt/airflow/dags/silver/silver_cleaning.py
[2025-10-24T11:03:43.187+0000] {processor.py:842} WARNING - No viable dags retrieved from /opt/airflow/dags/silver/silver_cleaning.py
[2025-10-24T11:03:43.196+0000] {processor.py:183} INFO - Processing /opt/airflow/dags/silver/silver_cleaning.py took 0.477 seconds
[2025-10-24T11:04:13.283+0000] {processor.py:161} INFO - Started process (PID=1127) to work on /opt/airflow/dags/silver/silver_cleaning.py
[2025-10-24T11:04:13.284+0000] {processor.py:830} INFO - Processing file /opt/airflow/dags/silver/silver_cleaning.py for tasks to queue
[2025-10-24T11:04:13.285+0000] {logging_mixin.py:188} INFO - [2025-10-24T11:04:13.284+0000] {dagbag.py:540} INFO - Filling up the DagBag from /opt/airflow/dags/silver/silver_cleaning.py
[2025-10-24T11:04:13.783+0000] {processor.py:842} WARNING - No viable dags retrieved from /opt/airflow/dags/silver/silver_cleaning.py
[2025-10-24T11:04:13.794+0000] {processor.py:183} INFO - Processing /opt/airflow/dags/silver/silver_cleaning.py took 0.516 seconds
[2025-10-24T11:04:43.944+0000] {processor.py:161} INFO - Started process (PID=1131) to work on /opt/airflow/dags/silver/silver_cleaning.py
[2025-10-24T11:04:43.944+0000] {processor.py:830} INFO - Processing file /opt/airflow/dags/silver/silver_cleaning.py for tasks to queue
[2025-10-24T11:04:43.945+0000] {logging_mixin.py:188} INFO - [2025-10-24T11:04:43.945+0000] {dagbag.py:540} INFO - Filling up the DagBag from /opt/airflow/dags/silver/silver_cleaning.py
[2025-10-24T11:04:44.388+0000] {processor.py:842} WARNING - No viable dags retrieved from /opt/airflow/dags/silver/silver_cleaning.py
[2025-10-24T11:04:44.397+0000] {processor.py:183} INFO - Processing /opt/airflow/dags/silver/silver_cleaning.py took 0.458 seconds
[2025-10-24T11:05:14.893+0000] {processor.py:161} INFO - Started process (PID=1135) to work on /opt/airflow/dags/silver/silver_cleaning.py
[2025-10-24T11:05:14.894+0000] {processor.py:830} INFO - Processing file /opt/airflow/dags/silver/silver_cleaning.py for tasks to queue
[2025-10-24T11:05:14.895+0000] {logging_mixin.py:188} INFO - [2025-10-24T11:05:14.894+0000] {dagbag.py:540} INFO - Filling up the DagBag from /opt/airflow/dags/silver/silver_cleaning.py
[2025-10-24T11:05:15.348+0000] {processor.py:842} WARNING - No viable dags retrieved from /opt/airflow/dags/silver/silver_cleaning.py
[2025-10-24T11:05:15.358+0000] {processor.py:183} INFO - Processing /opt/airflow/dags/silver/silver_cleaning.py took 0.469 seconds
[2025-10-24T11:05:45.617+0000] {processor.py:161} INFO - Started process (PID=1139) to work on /opt/airflow/dags/silver/silver_cleaning.py
[2025-10-24T11:05:45.618+0000] {processor.py:830} INFO - Processing file /opt/airflow/dags/silver/silver_cleaning.py for tasks to queue
[2025-10-24T11:05:45.619+0000] {logging_mixin.py:188} INFO - [2025-10-24T11:05:45.618+0000] {dagbag.py:540} INFO - Filling up the DagBag from /opt/airflow/dags/silver/silver_cleaning.py
[2025-10-24T11:05:46.089+0000] {processor.py:842} WARNING - No viable dags retrieved from /opt/airflow/dags/silver/silver_cleaning.py
[2025-10-24T11:05:46.098+0000] {processor.py:183} INFO - Processing /opt/airflow/dags/silver/silver_cleaning.py took 0.486 seconds
[2025-10-24T11:06:16.488+0000] {processor.py:161} INFO - Started process (PID=1143) to work on /opt/airflow/dags/silver/silver_cleaning.py
[2025-10-24T11:06:16.489+0000] {processor.py:830} INFO - Processing file /opt/airflow/dags/silver/silver_cleaning.py for tasks to queue
[2025-10-24T11:06:16.490+0000] {logging_mixin.py:188} INFO - [2025-10-24T11:06:16.489+0000] {dagbag.py:540} INFO - Filling up the DagBag from /opt/airflow/dags/silver/silver_cleaning.py
[2025-10-24T11:06:16.961+0000] {processor.py:842} WARNING - No viable dags retrieved from /opt/airflow/dags/silver/silver_cleaning.py
[2025-10-24T11:06:16.970+0000] {processor.py:183} INFO - Processing /opt/airflow/dags/silver/silver_cleaning.py took 0.487 seconds
[2025-10-24T11:06:47.447+0000] {processor.py:161} INFO - Started process (PID=1147) to work on /opt/airflow/dags/silver/silver_cleaning.py
[2025-10-24T11:06:47.448+0000] {processor.py:830} INFO - Processing file /opt/airflow/dags/silver/silver_cleaning.py for tasks to queue
[2025-10-24T11:06:47.449+0000] {logging_mixin.py:188} INFO - [2025-10-24T11:06:47.449+0000] {dagbag.py:540} INFO - Filling up the DagBag from /opt/airflow/dags/silver/silver_cleaning.py
[2025-10-24T11:06:47.873+0000] {processor.py:842} WARNING - No viable dags retrieved from /opt/airflow/dags/silver/silver_cleaning.py
[2025-10-24T11:06:47.882+0000] {processor.py:183} INFO - Processing /opt/airflow/dags/silver/silver_cleaning.py took 0.439 seconds
[2025-10-24T11:07:18.420+0000] {processor.py:161} INFO - Started process (PID=1151) to work on /opt/airflow/dags/silver/silver_cleaning.py
[2025-10-24T11:07:18.421+0000] {processor.py:830} INFO - Processing file /opt/airflow/dags/silver/silver_cleaning.py for tasks to queue
[2025-10-24T11:07:18.422+0000] {logging_mixin.py:188} INFO - [2025-10-24T11:07:18.422+0000] {dagbag.py:540} INFO - Filling up the DagBag from /opt/airflow/dags/silver/silver_cleaning.py
[2025-10-24T11:07:18.921+0000] {processor.py:842} WARNING - No viable dags retrieved from /opt/airflow/dags/silver/silver_cleaning.py
[2025-10-24T11:07:18.931+0000] {processor.py:183} INFO - Processing /opt/airflow/dags/silver/silver_cleaning.py took 0.515 seconds
[2025-10-24T11:07:49.108+0000] {processor.py:161} INFO - Started process (PID=1155) to work on /opt/airflow/dags/silver/silver_cleaning.py
[2025-10-24T11:07:49.108+0000] {processor.py:830} INFO - Processing file /opt/airflow/dags/silver/silver_cleaning.py for tasks to queue
[2025-10-24T11:07:49.109+0000] {logging_mixin.py:188} INFO - [2025-10-24T11:07:49.109+0000] {dagbag.py:540} INFO - Filling up the DagBag from /opt/airflow/dags/silver/silver_cleaning.py
[2025-10-24T11:07:49.512+0000] {processor.py:842} WARNING - No viable dags retrieved from /opt/airflow/dags/silver/silver_cleaning.py
[2025-10-24T11:07:49.522+0000] {processor.py:183} INFO - Processing /opt/airflow/dags/silver/silver_cleaning.py took 0.418 seconds
[2025-10-24T11:08:19.745+0000] {processor.py:161} INFO - Started process (PID=1159) to work on /opt/airflow/dags/silver/silver_cleaning.py
[2025-10-24T11:08:19.746+0000] {processor.py:830} INFO - Processing file /opt/airflow/dags/silver/silver_cleaning.py for tasks to queue
[2025-10-24T11:08:19.747+0000] {logging_mixin.py:188} INFO - [2025-10-24T11:08:19.747+0000] {dagbag.py:540} INFO - Filling up the DagBag from /opt/airflow/dags/silver/silver_cleaning.py
[2025-10-24T11:08:20.218+0000] {processor.py:842} WARNING - No viable dags retrieved from /opt/airflow/dags/silver/silver_cleaning.py
[2025-10-24T11:08:20.229+0000] {processor.py:183} INFO - Processing /opt/airflow/dags/silver/silver_cleaning.py took 0.489 seconds
[2025-10-24T11:08:51.814+0000] {processor.py:161} INFO - Started process (PID=1163) to work on /opt/airflow/dags/silver/silver_cleaning.py
[2025-10-24T11:08:51.815+0000] {processor.py:830} INFO - Processing file /opt/airflow/dags/silver/silver_cleaning.py for tasks to queue
[2025-10-24T11:08:51.815+0000] {logging_mixin.py:188} INFO - [2025-10-24T11:08:51.815+0000] {dagbag.py:540} INFO - Filling up the DagBag from /opt/airflow/dags/silver/silver_cleaning.py
[2025-10-24T11:08:52.452+0000] {processor.py:842} WARNING - No viable dags retrieved from /opt/airflow/dags/silver/silver_cleaning.py
[2025-10-24T11:08:52.460+0000] {processor.py:183} INFO - Processing /opt/airflow/dags/silver/silver_cleaning.py took 0.651 seconds
[2025-10-24T11:09:22.733+0000] {processor.py:161} INFO - Started process (PID=1167) to work on /opt/airflow/dags/silver/silver_cleaning.py
[2025-10-24T11:09:22.734+0000] {processor.py:830} INFO - Processing file /opt/airflow/dags/silver/silver_cleaning.py for tasks to queue
[2025-10-24T11:09:22.735+0000] {logging_mixin.py:188} INFO - [2025-10-24T11:09:22.735+0000] {dagbag.py:540} INFO - Filling up the DagBag from /opt/airflow/dags/silver/silver_cleaning.py
[2025-10-24T11:09:23.202+0000] {processor.py:842} WARNING - No viable dags retrieved from /opt/airflow/dags/silver/silver_cleaning.py
[2025-10-24T11:09:23.209+0000] {processor.py:183} INFO - Processing /opt/airflow/dags/silver/silver_cleaning.py took 0.480 seconds
[2025-10-24T11:09:56.139+0000] {processor.py:161} INFO - Started process (PID=1171) to work on /opt/airflow/dags/silver/silver_cleaning.py
[2025-10-24T11:09:56.140+0000] {processor.py:830} INFO - Processing file /opt/airflow/dags/silver/silver_cleaning.py for tasks to queue
[2025-10-24T11:09:56.141+0000] {logging_mixin.py:188} INFO - [2025-10-24T11:09:56.141+0000] {dagbag.py:540} INFO - Filling up the DagBag from /opt/airflow/dags/silver/silver_cleaning.py
[2025-10-24T11:09:56.856+0000] {processor.py:842} WARNING - No viable dags retrieved from /opt/airflow/dags/silver/silver_cleaning.py
[2025-10-24T11:09:56.864+0000] {processor.py:183} INFO - Processing /opt/airflow/dags/silver/silver_cleaning.py took 0.731 seconds
[2025-10-24T11:10:27.927+0000] {processor.py:161} INFO - Started process (PID=1175) to work on /opt/airflow/dags/silver/silver_cleaning.py
[2025-10-24T11:10:27.928+0000] {processor.py:830} INFO - Processing file /opt/airflow/dags/silver/silver_cleaning.py for tasks to queue
[2025-10-24T11:10:27.929+0000] {logging_mixin.py:188} INFO - [2025-10-24T11:10:27.929+0000] {dagbag.py:540} INFO - Filling up the DagBag from /opt/airflow/dags/silver/silver_cleaning.py
[2025-10-24T11:10:28.396+0000] {processor.py:842} WARNING - No viable dags retrieved from /opt/airflow/dags/silver/silver_cleaning.py
[2025-10-24T11:10:28.405+0000] {processor.py:183} INFO - Processing /opt/airflow/dags/silver/silver_cleaning.py took 0.482 seconds
[2025-10-24T11:11:00.177+0000] {processor.py:161} INFO - Started process (PID=1179) to work on /opt/airflow/dags/silver/silver_cleaning.py
[2025-10-24T11:11:00.179+0000] {processor.py:830} INFO - Processing file /opt/airflow/dags/silver/silver_cleaning.py for tasks to queue
[2025-10-24T11:11:00.180+0000] {logging_mixin.py:188} INFO - [2025-10-24T11:11:00.179+0000] {dagbag.py:540} INFO - Filling up the DagBag from /opt/airflow/dags/silver/silver_cleaning.py
[2025-10-24T11:11:00.685+0000] {processor.py:842} WARNING - No viable dags retrieved from /opt/airflow/dags/silver/silver_cleaning.py
[2025-10-24T11:11:00.694+0000] {processor.py:183} INFO - Processing /opt/airflow/dags/silver/silver_cleaning.py took 0.526 seconds
[2025-10-24T11:11:33.264+0000] {processor.py:161} INFO - Started process (PID=1183) to work on /opt/airflow/dags/silver/silver_cleaning.py
[2025-10-24T11:11:33.264+0000] {processor.py:830} INFO - Processing file /opt/airflow/dags/silver/silver_cleaning.py for tasks to queue
[2025-10-24T11:11:33.265+0000] {logging_mixin.py:188} INFO - [2025-10-24T11:11:33.265+0000] {dagbag.py:540} INFO - Filling up the DagBag from /opt/airflow/dags/silver/silver_cleaning.py
[2025-10-24T11:11:33.784+0000] {processor.py:842} WARNING - No viable dags retrieved from /opt/airflow/dags/silver/silver_cleaning.py
[2025-10-24T11:11:33.792+0000] {processor.py:183} INFO - Processing /opt/airflow/dags/silver/silver_cleaning.py took 0.533 seconds
[2025-10-24T11:12:05.412+0000] {processor.py:161} INFO - Started process (PID=1187) to work on /opt/airflow/dags/silver/silver_cleaning.py
[2025-10-24T11:12:05.413+0000] {processor.py:830} INFO - Processing file /opt/airflow/dags/silver/silver_cleaning.py for tasks to queue
[2025-10-24T11:12:05.414+0000] {logging_mixin.py:188} INFO - [2025-10-24T11:12:05.414+0000] {dagbag.py:540} INFO - Filling up the DagBag from /opt/airflow/dags/silver/silver_cleaning.py
[2025-10-24T11:12:06.049+0000] {processor.py:842} WARNING - No viable dags retrieved from /opt/airflow/dags/silver/silver_cleaning.py
[2025-10-24T11:12:06.058+0000] {processor.py:183} INFO - Processing /opt/airflow/dags/silver/silver_cleaning.py took 0.652 seconds
[2025-10-24T11:12:37.766+0000] {processor.py:161} INFO - Started process (PID=1191) to work on /opt/airflow/dags/silver/silver_cleaning.py
[2025-10-24T11:12:37.768+0000] {processor.py:830} INFO - Processing file /opt/airflow/dags/silver/silver_cleaning.py for tasks to queue
[2025-10-24T11:12:37.771+0000] {logging_mixin.py:188} INFO - [2025-10-24T11:12:37.770+0000] {dagbag.py:540} INFO - Filling up the DagBag from /opt/airflow/dags/silver/silver_cleaning.py
[2025-10-24T11:12:38.273+0000] {processor.py:842} WARNING - No viable dags retrieved from /opt/airflow/dags/silver/silver_cleaning.py
[2025-10-24T11:12:38.282+0000] {processor.py:183} INFO - Processing /opt/airflow/dags/silver/silver_cleaning.py took 0.523 seconds
[2025-10-24T11:13:10.848+0000] {processor.py:161} INFO - Started process (PID=1195) to work on /opt/airflow/dags/silver/silver_cleaning.py
[2025-10-24T11:13:10.848+0000] {processor.py:830} INFO - Processing file /opt/airflow/dags/silver/silver_cleaning.py for tasks to queue
[2025-10-24T11:13:10.849+0000] {logging_mixin.py:188} INFO - [2025-10-24T11:13:10.849+0000] {dagbag.py:540} INFO - Filling up the DagBag from /opt/airflow/dags/silver/silver_cleaning.py
[2025-10-24T11:13:11.440+0000] {processor.py:842} WARNING - No viable dags retrieved from /opt/airflow/dags/silver/silver_cleaning.py
[2025-10-24T11:13:11.448+0000] {processor.py:183} INFO - Processing /opt/airflow/dags/silver/silver_cleaning.py took 0.606 seconds
[2025-10-24T11:13:42.066+0000] {processor.py:161} INFO - Started process (PID=1199) to work on /opt/airflow/dags/silver/silver_cleaning.py
[2025-10-24T11:13:42.067+0000] {processor.py:830} INFO - Processing file /opt/airflow/dags/silver/silver_cleaning.py for tasks to queue
[2025-10-24T11:13:42.068+0000] {logging_mixin.py:188} INFO - [2025-10-24T11:13:42.068+0000] {dagbag.py:540} INFO - Filling up the DagBag from /opt/airflow/dags/silver/silver_cleaning.py
[2025-10-24T11:13:42.513+0000] {processor.py:842} WARNING - No viable dags retrieved from /opt/airflow/dags/silver/silver_cleaning.py
[2025-10-24T11:13:42.521+0000] {processor.py:183} INFO - Processing /opt/airflow/dags/silver/silver_cleaning.py took 0.459 seconds
[2025-10-24T11:14:13.116+0000] {processor.py:161} INFO - Started process (PID=1203) to work on /opt/airflow/dags/silver/silver_cleaning.py
[2025-10-24T11:14:13.117+0000] {processor.py:830} INFO - Processing file /opt/airflow/dags/silver/silver_cleaning.py for tasks to queue
[2025-10-24T11:14:13.118+0000] {logging_mixin.py:188} INFO - [2025-10-24T11:14:13.117+0000] {dagbag.py:540} INFO - Filling up the DagBag from /opt/airflow/dags/silver/silver_cleaning.py
[2025-10-24T11:14:12.321+0000] {processor.py:842} WARNING - No viable dags retrieved from /opt/airflow/dags/silver/silver_cleaning.py
[2025-10-24T11:14:12.330+0000] {processor.py:183} INFO - Processing /opt/airflow/dags/silver/silver_cleaning.py took 0.496 seconds
[2025-10-24T11:14:42.781+0000] {processor.py:161} INFO - Started process (PID=1206) to work on /opt/airflow/dags/silver/silver_cleaning.py
[2025-10-24T11:14:42.782+0000] {processor.py:830} INFO - Processing file /opt/airflow/dags/silver/silver_cleaning.py for tasks to queue
[2025-10-24T11:14:42.783+0000] {logging_mixin.py:188} INFO - [2025-10-24T11:14:42.783+0000] {dagbag.py:540} INFO - Filling up the DagBag from /opt/airflow/dags/silver/silver_cleaning.py
[2025-10-24T11:14:43.264+0000] {processor.py:842} WARNING - No viable dags retrieved from /opt/airflow/dags/silver/silver_cleaning.py
[2025-10-24T11:14:43.276+0000] {processor.py:183} INFO - Processing /opt/airflow/dags/silver/silver_cleaning.py took 0.499 seconds
[2025-10-24T11:15:13.491+0000] {processor.py:161} INFO - Started process (PID=1210) to work on /opt/airflow/dags/silver/silver_cleaning.py
[2025-10-24T11:15:13.492+0000] {processor.py:830} INFO - Processing file /opt/airflow/dags/silver/silver_cleaning.py for tasks to queue
[2025-10-24T11:15:13.493+0000] {logging_mixin.py:188} INFO - [2025-10-24T11:15:13.492+0000] {dagbag.py:540} INFO - Filling up the DagBag from /opt/airflow/dags/silver/silver_cleaning.py
[2025-10-24T11:15:13.814+0000] {processor.py:842} WARNING - No viable dags retrieved from /opt/airflow/dags/silver/silver_cleaning.py
[2025-10-24T11:15:13.826+0000] {processor.py:183} INFO - Processing /opt/airflow/dags/silver/silver_cleaning.py took 0.340 seconds
[2025-10-24T11:15:44.456+0000] {processor.py:161} INFO - Started process (PID=1214) to work on /opt/airflow/dags/silver/silver_cleaning.py
[2025-10-24T11:15:44.456+0000] {processor.py:830} INFO - Processing file /opt/airflow/dags/silver/silver_cleaning.py for tasks to queue
[2025-10-24T11:15:44.457+0000] {logging_mixin.py:188} INFO - [2025-10-24T11:15:44.457+0000] {dagbag.py:540} INFO - Filling up the DagBag from /opt/airflow/dags/silver/silver_cleaning.py
[2025-10-24T11:15:44.777+0000] {processor.py:842} WARNING - No viable dags retrieved from /opt/airflow/dags/silver/silver_cleaning.py
[2025-10-24T11:15:44.788+0000] {processor.py:183} INFO - Processing /opt/airflow/dags/silver/silver_cleaning.py took 0.336 seconds
[2025-10-24T11:16:15.694+0000] {processor.py:161} INFO - Started process (PID=1219) to work on /opt/airflow/dags/silver/silver_cleaning.py
[2025-10-24T11:16:15.695+0000] {processor.py:830} INFO - Processing file /opt/airflow/dags/silver/silver_cleaning.py for tasks to queue
[2025-10-24T11:16:15.696+0000] {logging_mixin.py:188} INFO - [2025-10-24T11:16:15.696+0000] {dagbag.py:540} INFO - Filling up the DagBag from /opt/airflow/dags/silver/silver_cleaning.py
[2025-10-24T11:16:16.023+0000] {processor.py:842} WARNING - No viable dags retrieved from /opt/airflow/dags/silver/silver_cleaning.py
[2025-10-24T11:16:16.033+0000] {processor.py:183} INFO - Processing /opt/airflow/dags/silver/silver_cleaning.py took 0.344 seconds
[2025-10-24T11:16:46.497+0000] {processor.py:161} INFO - Started process (PID=1223) to work on /opt/airflow/dags/silver/silver_cleaning.py
[2025-10-24T11:16:46.499+0000] {processor.py:830} INFO - Processing file /opt/airflow/dags/silver/silver_cleaning.py for tasks to queue
[2025-10-24T11:16:46.499+0000] {logging_mixin.py:188} INFO - [2025-10-24T11:16:46.499+0000] {dagbag.py:540} INFO - Filling up the DagBag from /opt/airflow/dags/silver/silver_cleaning.py
[2025-10-24T11:16:46.835+0000] {processor.py:842} WARNING - No viable dags retrieved from /opt/airflow/dags/silver/silver_cleaning.py
[2025-10-24T11:16:46.846+0000] {processor.py:183} INFO - Processing /opt/airflow/dags/silver/silver_cleaning.py took 0.355 seconds
[2025-10-24T11:17:17.343+0000] {processor.py:161} INFO - Started process (PID=1227) to work on /opt/airflow/dags/silver/silver_cleaning.py
[2025-10-24T11:17:17.344+0000] {processor.py:830} INFO - Processing file /opt/airflow/dags/silver/silver_cleaning.py for tasks to queue
[2025-10-24T11:17:17.344+0000] {logging_mixin.py:188} INFO - [2025-10-24T11:17:17.344+0000] {dagbag.py:540} INFO - Filling up the DagBag from /opt/airflow/dags/silver/silver_cleaning.py
[2025-10-24T11:17:17.693+0000] {processor.py:842} WARNING - No viable dags retrieved from /opt/airflow/dags/silver/silver_cleaning.py
[2025-10-24T11:17:17.702+0000] {processor.py:183} INFO - Processing /opt/airflow/dags/silver/silver_cleaning.py took 0.365 seconds
[2025-10-24T11:17:47.808+0000] {processor.py:161} INFO - Started process (PID=1231) to work on /opt/airflow/dags/silver/silver_cleaning.py
[2025-10-24T11:17:47.809+0000] {processor.py:830} INFO - Processing file /opt/airflow/dags/silver/silver_cleaning.py for tasks to queue
[2025-10-24T11:17:47.810+0000] {logging_mixin.py:188} INFO - [2025-10-24T11:17:47.809+0000] {dagbag.py:540} INFO - Filling up the DagBag from /opt/airflow/dags/silver/silver_cleaning.py
[2025-10-24T11:17:48.123+0000] {processor.py:842} WARNING - No viable dags retrieved from /opt/airflow/dags/silver/silver_cleaning.py
[2025-10-24T11:17:48.134+0000] {processor.py:183} INFO - Processing /opt/airflow/dags/silver/silver_cleaning.py took 0.331 seconds
[2025-10-24T11:18:18.220+0000] {processor.py:161} INFO - Started process (PID=1235) to work on /opt/airflow/dags/silver/silver_cleaning.py
[2025-10-24T11:18:18.221+0000] {processor.py:830} INFO - Processing file /opt/airflow/dags/silver/silver_cleaning.py for tasks to queue
[2025-10-24T11:18:18.222+0000] {logging_mixin.py:188} INFO - [2025-10-24T11:18:18.222+0000] {dagbag.py:540} INFO - Filling up the DagBag from /opt/airflow/dags/silver/silver_cleaning.py
[2025-10-24T11:18:18.531+0000] {processor.py:842} WARNING - No viable dags retrieved from /opt/airflow/dags/silver/silver_cleaning.py
[2025-10-24T11:18:18.540+0000] {processor.py:183} INFO - Processing /opt/airflow/dags/silver/silver_cleaning.py took 0.324 seconds
[2025-10-24T11:18:48.985+0000] {processor.py:161} INFO - Started process (PID=1239) to work on /opt/airflow/dags/silver/silver_cleaning.py
[2025-10-24T11:18:48.986+0000] {processor.py:830} INFO - Processing file /opt/airflow/dags/silver/silver_cleaning.py for tasks to queue
[2025-10-24T11:18:48.986+0000] {logging_mixin.py:188} INFO - [2025-10-24T11:18:48.986+0000] {dagbag.py:540} INFO - Filling up the DagBag from /opt/airflow/dags/silver/silver_cleaning.py
[2025-10-24T11:18:49.294+0000] {processor.py:842} WARNING - No viable dags retrieved from /opt/airflow/dags/silver/silver_cleaning.py
[2025-10-24T11:18:49.303+0000] {processor.py:183} INFO - Processing /opt/airflow/dags/silver/silver_cleaning.py took 0.323 seconds
[2025-10-24T11:19:19.443+0000] {processor.py:161} INFO - Started process (PID=1243) to work on /opt/airflow/dags/silver/silver_cleaning.py
[2025-10-24T11:19:19.444+0000] {processor.py:830} INFO - Processing file /opt/airflow/dags/silver/silver_cleaning.py for tasks to queue
[2025-10-24T11:19:19.444+0000] {logging_mixin.py:188} INFO - [2025-10-24T11:19:19.444+0000] {dagbag.py:540} INFO - Filling up the DagBag from /opt/airflow/dags/silver/silver_cleaning.py
[2025-10-24T11:19:19.875+0000] {processor.py:842} WARNING - No viable dags retrieved from /opt/airflow/dags/silver/silver_cleaning.py
[2025-10-24T11:19:19.886+0000] {processor.py:183} INFO - Processing /opt/airflow/dags/silver/silver_cleaning.py took 0.448 seconds
[2025-10-24T11:19:50.546+0000] {processor.py:161} INFO - Started process (PID=1247) to work on /opt/airflow/dags/silver/silver_cleaning.py
[2025-10-24T11:19:50.546+0000] {processor.py:830} INFO - Processing file /opt/airflow/dags/silver/silver_cleaning.py for tasks to queue
[2025-10-24T11:19:50.547+0000] {logging_mixin.py:188} INFO - [2025-10-24T11:19:50.547+0000] {dagbag.py:540} INFO - Filling up the DagBag from /opt/airflow/dags/silver/silver_cleaning.py
[2025-10-24T11:19:50.853+0000] {processor.py:842} WARNING - No viable dags retrieved from /opt/airflow/dags/silver/silver_cleaning.py
[2025-10-24T11:19:50.863+0000] {processor.py:183} INFO - Processing /opt/airflow/dags/silver/silver_cleaning.py took 0.322 seconds
[2025-10-24T11:20:21.635+0000] {processor.py:161} INFO - Started process (PID=1251) to work on /opt/airflow/dags/silver/silver_cleaning.py
[2025-10-24T11:20:21.636+0000] {processor.py:830} INFO - Processing file /opt/airflow/dags/silver/silver_cleaning.py for tasks to queue
[2025-10-24T11:20:21.637+0000] {logging_mixin.py:188} INFO - [2025-10-24T11:20:21.637+0000] {dagbag.py:540} INFO - Filling up the DagBag from /opt/airflow/dags/silver/silver_cleaning.py
[2025-10-24T11:20:21.957+0000] {processor.py:842} WARNING - No viable dags retrieved from /opt/airflow/dags/silver/silver_cleaning.py
[2025-10-24T11:20:21.969+0000] {processor.py:183} INFO - Processing /opt/airflow/dags/silver/silver_cleaning.py took 0.339 seconds
[2025-10-24T11:20:52.565+0000] {processor.py:161} INFO - Started process (PID=1255) to work on /opt/airflow/dags/silver/silver_cleaning.py
[2025-10-24T11:20:52.566+0000] {processor.py:830} INFO - Processing file /opt/airflow/dags/silver/silver_cleaning.py for tasks to queue
[2025-10-24T11:20:52.567+0000] {logging_mixin.py:188} INFO - [2025-10-24T11:20:52.567+0000] {dagbag.py:540} INFO - Filling up the DagBag from /opt/airflow/dags/silver/silver_cleaning.py
[2025-10-24T11:20:52.895+0000] {processor.py:842} WARNING - No viable dags retrieved from /opt/airflow/dags/silver/silver_cleaning.py
[2025-10-24T11:20:52.907+0000] {processor.py:183} INFO - Processing /opt/airflow/dags/silver/silver_cleaning.py took 0.346 seconds
[2025-10-24T11:21:23.519+0000] {processor.py:161} INFO - Started process (PID=1259) to work on /opt/airflow/dags/silver/silver_cleaning.py
[2025-10-24T11:21:23.520+0000] {processor.py:830} INFO - Processing file /opt/airflow/dags/silver/silver_cleaning.py for tasks to queue
[2025-10-24T11:21:23.521+0000] {logging_mixin.py:188} INFO - [2025-10-24T11:21:23.521+0000] {dagbag.py:540} INFO - Filling up the DagBag from /opt/airflow/dags/silver/silver_cleaning.py
[2025-10-24T11:21:23.837+0000] {processor.py:842} WARNING - No viable dags retrieved from /opt/airflow/dags/silver/silver_cleaning.py
[2025-10-24T11:21:23.848+0000] {processor.py:183} INFO - Processing /opt/airflow/dags/silver/silver_cleaning.py took 0.334 seconds
[2025-10-24T11:21:54.793+0000] {processor.py:161} INFO - Started process (PID=1263) to work on /opt/airflow/dags/silver/silver_cleaning.py
[2025-10-24T11:21:54.794+0000] {processor.py:830} INFO - Processing file /opt/airflow/dags/silver/silver_cleaning.py for tasks to queue
[2025-10-24T11:21:54.794+0000] {logging_mixin.py:188} INFO - [2025-10-24T11:21:54.794+0000] {dagbag.py:540} INFO - Filling up the DagBag from /opt/airflow/dags/silver/silver_cleaning.py
[2025-10-24T11:21:55.138+0000] {processor.py:842} WARNING - No viable dags retrieved from /opt/airflow/dags/silver/silver_cleaning.py
[2025-10-24T11:21:55.149+0000] {processor.py:183} INFO - Processing /opt/airflow/dags/silver/silver_cleaning.py took 0.361 seconds
[2025-10-24T11:23:39.345+0000] {processor.py:161} INFO - Started process (PID=57) to work on /opt/airflow/dags/silver/silver_cleaning.py
[2025-10-24T11:23:39.346+0000] {processor.py:830} INFO - Processing file /opt/airflow/dags/silver/silver_cleaning.py for tasks to queue
[2025-10-24T11:23:39.347+0000] {logging_mixin.py:188} INFO - [2025-10-24T11:23:39.347+0000] {dagbag.py:540} INFO - Filling up the DagBag from /opt/airflow/dags/silver/silver_cleaning.py
[2025-10-24T11:23:39.817+0000] {processor.py:842} WARNING - No viable dags retrieved from /opt/airflow/dags/silver/silver_cleaning.py
[2025-10-24T11:23:39.825+0000] {processor.py:183} INFO - Processing /opt/airflow/dags/silver/silver_cleaning.py took 0.485 seconds
[2025-10-24T11:24:10.040+0000] {processor.py:161} INFO - Started process (PID=63) to work on /opt/airflow/dags/silver/silver_cleaning.py
[2025-10-24T11:24:10.041+0000] {processor.py:830} INFO - Processing file /opt/airflow/dags/silver/silver_cleaning.py for tasks to queue
[2025-10-24T11:24:10.042+0000] {logging_mixin.py:188} INFO - [2025-10-24T11:24:10.042+0000] {dagbag.py:540} INFO - Filling up the DagBag from /opt/airflow/dags/silver/silver_cleaning.py
[2025-10-24T11:24:10.447+0000] {processor.py:842} WARNING - No viable dags retrieved from /opt/airflow/dags/silver/silver_cleaning.py
[2025-10-24T11:24:10.456+0000] {processor.py:183} INFO - Processing /opt/airflow/dags/silver/silver_cleaning.py took 0.419 seconds
[2025-10-24T11:24:40.709+0000] {processor.py:161} INFO - Started process (PID=70) to work on /opt/airflow/dags/silver/silver_cleaning.py
[2025-10-24T11:24:40.710+0000] {processor.py:830} INFO - Processing file /opt/airflow/dags/silver/silver_cleaning.py for tasks to queue
[2025-10-24T11:24:40.711+0000] {logging_mixin.py:188} INFO - [2025-10-24T11:24:40.711+0000] {dagbag.py:540} INFO - Filling up the DagBag from /opt/airflow/dags/silver/silver_cleaning.py
[2025-10-24T11:24:41.146+0000] {processor.py:842} WARNING - No viable dags retrieved from /opt/airflow/dags/silver/silver_cleaning.py
[2025-10-24T11:24:41.154+0000] {processor.py:183} INFO - Processing /opt/airflow/dags/silver/silver_cleaning.py took 0.450 seconds
[2025-10-24T11:25:11.539+0000] {processor.py:161} INFO - Started process (PID=75) to work on /opt/airflow/dags/silver/silver_cleaning.py
[2025-10-24T11:25:11.539+0000] {processor.py:830} INFO - Processing file /opt/airflow/dags/silver/silver_cleaning.py for tasks to queue
[2025-10-24T11:25:11.541+0000] {logging_mixin.py:188} INFO - [2025-10-24T11:25:11.541+0000] {dagbag.py:540} INFO - Filling up the DagBag from /opt/airflow/dags/silver/silver_cleaning.py
[2025-10-24T11:25:11.999+0000] {processor.py:842} WARNING - No viable dags retrieved from /opt/airflow/dags/silver/silver_cleaning.py
[2025-10-24T11:25:12.008+0000] {processor.py:183} INFO - Processing /opt/airflow/dags/silver/silver_cleaning.py took 0.473 seconds
[2025-10-24T11:25:42.863+0000] {processor.py:161} INFO - Started process (PID=81) to work on /opt/airflow/dags/silver/silver_cleaning.py
[2025-10-24T11:25:42.864+0000] {processor.py:830} INFO - Processing file /opt/airflow/dags/silver/silver_cleaning.py for tasks to queue
[2025-10-24T11:25:42.866+0000] {logging_mixin.py:188} INFO - [2025-10-24T11:25:42.865+0000] {dagbag.py:540} INFO - Filling up the DagBag from /opt/airflow/dags/silver/silver_cleaning.py
[2025-10-24T11:25:43.317+0000] {processor.py:842} WARNING - No viable dags retrieved from /opt/airflow/dags/silver/silver_cleaning.py
[2025-10-24T11:25:43.326+0000] {processor.py:183} INFO - Processing /opt/airflow/dags/silver/silver_cleaning.py took 0.470 seconds
[2025-10-24T11:26:14.302+0000] {processor.py:161} INFO - Started process (PID=87) to work on /opt/airflow/dags/silver/silver_cleaning.py
[2025-10-24T11:26:14.303+0000] {processor.py:830} INFO - Processing file /opt/airflow/dags/silver/silver_cleaning.py for tasks to queue
[2025-10-24T11:26:14.304+0000] {logging_mixin.py:188} INFO - [2025-10-24T11:26:14.304+0000] {dagbag.py:540} INFO - Filling up the DagBag from /opt/airflow/dags/silver/silver_cleaning.py
[2025-10-24T11:26:14.827+0000] {processor.py:842} WARNING - No viable dags retrieved from /opt/airflow/dags/silver/silver_cleaning.py
[2025-10-24T11:26:14.838+0000] {processor.py:183} INFO - Processing /opt/airflow/dags/silver/silver_cleaning.py took 0.541 seconds
[2025-10-24T11:26:45.673+0000] {processor.py:161} INFO - Started process (PID=93) to work on /opt/airflow/dags/silver/silver_cleaning.py
[2025-10-24T11:26:45.674+0000] {processor.py:830} INFO - Processing file /opt/airflow/dags/silver/silver_cleaning.py for tasks to queue
[2025-10-24T11:26:45.676+0000] {logging_mixin.py:188} INFO - [2025-10-24T11:26:45.676+0000] {dagbag.py:540} INFO - Filling up the DagBag from /opt/airflow/dags/silver/silver_cleaning.py
[2025-10-24T11:26:46.296+0000] {processor.py:842} WARNING - No viable dags retrieved from /opt/airflow/dags/silver/silver_cleaning.py
[2025-10-24T11:26:46.305+0000] {processor.py:183} INFO - Processing /opt/airflow/dags/silver/silver_cleaning.py took 0.637 seconds
[2025-10-24T11:27:16.445+0000] {processor.py:161} INFO - Started process (PID=99) to work on /opt/airflow/dags/silver/silver_cleaning.py
[2025-10-24T11:27:16.446+0000] {processor.py:830} INFO - Processing file /opt/airflow/dags/silver/silver_cleaning.py for tasks to queue
[2025-10-24T11:27:16.448+0000] {logging_mixin.py:188} INFO - [2025-10-24T11:27:16.448+0000] {dagbag.py:540} INFO - Filling up the DagBag from /opt/airflow/dags/silver/silver_cleaning.py
[2025-10-24T11:27:17.133+0000] {processor.py:842} WARNING - No viable dags retrieved from /opt/airflow/dags/silver/silver_cleaning.py
[2025-10-24T11:27:17.143+0000] {processor.py:183} INFO - Processing /opt/airflow/dags/silver/silver_cleaning.py took 0.704 seconds
[2025-10-24T11:27:49.228+0000] {processor.py:161} INFO - Started process (PID=109) to work on /opt/airflow/dags/silver/silver_cleaning.py
[2025-10-24T11:27:49.229+0000] {processor.py:830} INFO - Processing file /opt/airflow/dags/silver/silver_cleaning.py for tasks to queue
[2025-10-24T11:27:49.230+0000] {logging_mixin.py:188} INFO - [2025-10-24T11:27:49.230+0000] {dagbag.py:540} INFO - Filling up the DagBag from /opt/airflow/dags/silver/silver_cleaning.py
[2025-10-24T11:27:49.676+0000] {processor.py:842} WARNING - No viable dags retrieved from /opt/airflow/dags/silver/silver_cleaning.py
[2025-10-24T11:27:49.684+0000] {processor.py:183} INFO - Processing /opt/airflow/dags/silver/silver_cleaning.py took 0.461 seconds
[2025-10-24T11:28:21.650+0000] {processor.py:161} INFO - Started process (PID=115) to work on /opt/airflow/dags/silver/silver_cleaning.py
[2025-10-24T11:28:21.651+0000] {processor.py:830} INFO - Processing file /opt/airflow/dags/silver/silver_cleaning.py for tasks to queue
[2025-10-24T11:28:21.652+0000] {logging_mixin.py:188} INFO - [2025-10-24T11:28:21.652+0000] {dagbag.py:540} INFO - Filling up the DagBag from /opt/airflow/dags/silver/silver_cleaning.py
[2025-10-24T11:28:22.077+0000] {processor.py:842} WARNING - No viable dags retrieved from /opt/airflow/dags/silver/silver_cleaning.py
[2025-10-24T11:28:22.086+0000] {processor.py:183} INFO - Processing /opt/airflow/dags/silver/silver_cleaning.py took 0.440 seconds
[2025-10-24T11:28:53.850+0000] {processor.py:161} INFO - Started process (PID=121) to work on /opt/airflow/dags/silver/silver_cleaning.py
[2025-10-24T11:28:53.851+0000] {processor.py:830} INFO - Processing file /opt/airflow/dags/silver/silver_cleaning.py for tasks to queue
[2025-10-24T11:28:53.853+0000] {logging_mixin.py:188} INFO - [2025-10-24T11:28:53.853+0000] {dagbag.py:540} INFO - Filling up the DagBag from /opt/airflow/dags/silver/silver_cleaning.py
[2025-10-24T11:28:54.309+0000] {processor.py:842} WARNING - No viable dags retrieved from /opt/airflow/dags/silver/silver_cleaning.py
[2025-10-24T11:28:54.317+0000] {processor.py:183} INFO - Processing /opt/airflow/dags/silver/silver_cleaning.py took 0.472 seconds
[2025-10-24T11:29:26.412+0000] {processor.py:161} INFO - Started process (PID=127) to work on /opt/airflow/dags/silver/silver_cleaning.py
[2025-10-24T11:29:26.413+0000] {processor.py:830} INFO - Processing file /opt/airflow/dags/silver/silver_cleaning.py for tasks to queue
[2025-10-24T11:29:26.415+0000] {logging_mixin.py:188} INFO - [2025-10-24T11:29:26.415+0000] {dagbag.py:540} INFO - Filling up the DagBag from /opt/airflow/dags/silver/silver_cleaning.py
[2025-10-24T11:29:26.839+0000] {processor.py:842} WARNING - No viable dags retrieved from /opt/airflow/dags/silver/silver_cleaning.py
[2025-10-24T11:29:26.847+0000] {processor.py:183} INFO - Processing /opt/airflow/dags/silver/silver_cleaning.py took 0.439 seconds
[2025-10-24T11:29:58.867+0000] {processor.py:161} INFO - Started process (PID=133) to work on /opt/airflow/dags/silver/silver_cleaning.py
[2025-10-24T11:29:58.867+0000] {processor.py:830} INFO - Processing file /opt/airflow/dags/silver/silver_cleaning.py for tasks to queue
[2025-10-24T11:29:58.869+0000] {logging_mixin.py:188} INFO - [2025-10-24T11:29:58.869+0000] {dagbag.py:540} INFO - Filling up the DagBag from /opt/airflow/dags/silver/silver_cleaning.py
[2025-10-24T11:29:59.316+0000] {processor.py:842} WARNING - No viable dags retrieved from /opt/airflow/dags/silver/silver_cleaning.py
[2025-10-24T11:29:59.325+0000] {processor.py:183} INFO - Processing /opt/airflow/dags/silver/silver_cleaning.py took 0.464 seconds
[2025-10-24T11:30:32.245+0000] {processor.py:161} INFO - Started process (PID=139) to work on /opt/airflow/dags/silver/silver_cleaning.py
[2025-10-24T11:30:32.246+0000] {processor.py:830} INFO - Processing file /opt/airflow/dags/silver/silver_cleaning.py for tasks to queue
[2025-10-24T11:30:32.248+0000] {logging_mixin.py:188} INFO - [2025-10-24T11:30:32.248+0000] {dagbag.py:540} INFO - Filling up the DagBag from /opt/airflow/dags/silver/silver_cleaning.py
[2025-10-24T11:30:32.777+0000] {processor.py:842} WARNING - No viable dags retrieved from /opt/airflow/dags/silver/silver_cleaning.py
[2025-10-24T11:30:32.785+0000] {processor.py:183} INFO - Processing /opt/airflow/dags/silver/silver_cleaning.py took 0.545 seconds
[2025-10-24T11:31:03.304+0000] {processor.py:161} INFO - Started process (PID=145) to work on /opt/airflow/dags/silver/silver_cleaning.py
[2025-10-24T11:31:03.305+0000] {processor.py:830} INFO - Processing file /opt/airflow/dags/silver/silver_cleaning.py for tasks to queue
[2025-10-24T11:31:03.307+0000] {logging_mixin.py:188} INFO - [2025-10-24T11:31:03.306+0000] {dagbag.py:540} INFO - Filling up the DagBag from /opt/airflow/dags/silver/silver_cleaning.py
[2025-10-24T11:31:03.811+0000] {processor.py:842} WARNING - No viable dags retrieved from /opt/airflow/dags/silver/silver_cleaning.py
[2025-10-24T11:31:03.821+0000] {processor.py:183} INFO - Processing /opt/airflow/dags/silver/silver_cleaning.py took 0.522 seconds
[2025-10-24T11:31:34.388+0000] {processor.py:161} INFO - Started process (PID=151) to work on /opt/airflow/dags/silver/silver_cleaning.py
[2025-10-24T11:31:34.389+0000] {processor.py:830} INFO - Processing file /opt/airflow/dags/silver/silver_cleaning.py for tasks to queue
[2025-10-24T11:31:34.390+0000] {logging_mixin.py:188} INFO - [2025-10-24T11:31:34.390+0000] {dagbag.py:540} INFO - Filling up the DagBag from /opt/airflow/dags/silver/silver_cleaning.py
[2025-10-24T11:31:34.873+0000] {processor.py:842} WARNING - No viable dags retrieved from /opt/airflow/dags/silver/silver_cleaning.py
[2025-10-24T11:31:34.881+0000] {processor.py:183} INFO - Processing /opt/airflow/dags/silver/silver_cleaning.py took 0.498 seconds
[2025-10-24T11:32:05.308+0000] {processor.py:161} INFO - Started process (PID=158) to work on /opt/airflow/dags/silver/silver_cleaning.py
[2025-10-24T11:32:05.309+0000] {processor.py:830} INFO - Processing file /opt/airflow/dags/silver/silver_cleaning.py for tasks to queue
[2025-10-24T11:32:05.311+0000] {logging_mixin.py:188} INFO - [2025-10-24T11:32:05.311+0000] {dagbag.py:540} INFO - Filling up the DagBag from /opt/airflow/dags/silver/silver_cleaning.py
[2025-10-24T11:32:05.743+0000] {processor.py:842} WARNING - No viable dags retrieved from /opt/airflow/dags/silver/silver_cleaning.py
[2025-10-24T11:32:05.752+0000] {processor.py:183} INFO - Processing /opt/airflow/dags/silver/silver_cleaning.py took 0.448 seconds
[2025-10-24T11:32:36.073+0000] {processor.py:161} INFO - Started process (PID=164) to work on /opt/airflow/dags/silver/silver_cleaning.py
[2025-10-24T11:32:36.074+0000] {processor.py:830} INFO - Processing file /opt/airflow/dags/silver/silver_cleaning.py for tasks to queue
[2025-10-24T11:32:36.076+0000] {logging_mixin.py:188} INFO - [2025-10-24T11:32:36.076+0000] {dagbag.py:540} INFO - Filling up the DagBag from /opt/airflow/dags/silver/silver_cleaning.py
[2025-10-24T11:32:36.574+0000] {processor.py:842} WARNING - No viable dags retrieved from /opt/airflow/dags/silver/silver_cleaning.py
[2025-10-24T11:32:36.584+0000] {processor.py:183} INFO - Processing /opt/airflow/dags/silver/silver_cleaning.py took 0.516 seconds
[2025-10-24T11:33:43.190+0000] {processor.py:161} INFO - Started process (PID=57) to work on /opt/airflow/dags/silver/silver_cleaning.py
[2025-10-24T11:33:43.192+0000] {processor.py:830} INFO - Processing file /opt/airflow/dags/silver/silver_cleaning.py for tasks to queue
[2025-10-24T11:33:43.194+0000] {logging_mixin.py:188} INFO - [2025-10-24T11:33:43.194+0000] {dagbag.py:540} INFO - Filling up the DagBag from /opt/airflow/dags/silver/silver_cleaning.py
[2025-10-24T11:33:43.878+0000] {processor.py:842} WARNING - No viable dags retrieved from /opt/airflow/dags/silver/silver_cleaning.py
[2025-10-24T11:33:43.891+0000] {processor.py:183} INFO - Processing /opt/airflow/dags/silver/silver_cleaning.py took 0.710 seconds
[2025-10-24T11:34:14.170+0000] {processor.py:161} INFO - Started process (PID=64) to work on /opt/airflow/dags/silver/silver_cleaning.py
[2025-10-24T11:34:14.171+0000] {processor.py:830} INFO - Processing file /opt/airflow/dags/silver/silver_cleaning.py for tasks to queue
[2025-10-24T11:34:14.172+0000] {logging_mixin.py:188} INFO - [2025-10-24T11:34:14.172+0000] {dagbag.py:540} INFO - Filling up the DagBag from /opt/airflow/dags/silver/silver_cleaning.py
[2025-10-24T11:34:14.671+0000] {processor.py:842} WARNING - No viable dags retrieved from /opt/airflow/dags/silver/silver_cleaning.py
[2025-10-24T11:34:14.681+0000] {processor.py:183} INFO - Processing /opt/airflow/dags/silver/silver_cleaning.py took 0.516 seconds
[2025-10-24T11:34:45.302+0000] {processor.py:161} INFO - Started process (PID=70) to work on /opt/airflow/dags/silver/silver_cleaning.py
[2025-10-24T11:34:45.303+0000] {processor.py:830} INFO - Processing file /opt/airflow/dags/silver/silver_cleaning.py for tasks to queue
[2025-10-24T11:34:45.305+0000] {logging_mixin.py:188} INFO - [2025-10-24T11:34:45.304+0000] {dagbag.py:540} INFO - Filling up the DagBag from /opt/airflow/dags/silver/silver_cleaning.py
[2025-10-24T11:34:45.917+0000] {processor.py:842} WARNING - No viable dags retrieved from /opt/airflow/dags/silver/silver_cleaning.py
[2025-10-24T11:34:45.927+0000] {processor.py:183} INFO - Processing /opt/airflow/dags/silver/silver_cleaning.py took 0.633 seconds
[2025-10-24T11:35:16.085+0000] {processor.py:161} INFO - Started process (PID=75) to work on /opt/airflow/dags/silver/silver_cleaning.py
[2025-10-24T11:35:16.085+0000] {processor.py:830} INFO - Processing file /opt/airflow/dags/silver/silver_cleaning.py for tasks to queue
[2025-10-24T11:35:16.087+0000] {logging_mixin.py:188} INFO - [2025-10-24T11:35:16.087+0000] {dagbag.py:540} INFO - Filling up the DagBag from /opt/airflow/dags/silver/silver_cleaning.py
[2025-10-24T11:35:16.606+0000] {processor.py:842} WARNING - No viable dags retrieved from /opt/airflow/dags/silver/silver_cleaning.py
[2025-10-24T11:35:16.614+0000] {processor.py:183} INFO - Processing /opt/airflow/dags/silver/silver_cleaning.py took 0.534 seconds
[2025-10-24T11:35:47.269+0000] {processor.py:161} INFO - Started process (PID=81) to work on /opt/airflow/dags/silver/silver_cleaning.py
[2025-10-24T11:35:47.270+0000] {processor.py:830} INFO - Processing file /opt/airflow/dags/silver/silver_cleaning.py for tasks to queue
[2025-10-24T11:35:47.271+0000] {logging_mixin.py:188} INFO - [2025-10-24T11:35:47.271+0000] {dagbag.py:540} INFO - Filling up the DagBag from /opt/airflow/dags/silver/silver_cleaning.py
[2025-10-24T11:35:47.735+0000] {processor.py:842} WARNING - No viable dags retrieved from /opt/airflow/dags/silver/silver_cleaning.py
[2025-10-24T11:35:47.744+0000] {processor.py:183} INFO - Processing /opt/airflow/dags/silver/silver_cleaning.py took 0.481 seconds
[2025-10-24T11:36:18.558+0000] {processor.py:161} INFO - Started process (PID=87) to work on /opt/airflow/dags/silver/silver_cleaning.py
[2025-10-24T11:36:18.559+0000] {processor.py:830} INFO - Processing file /opt/airflow/dags/silver/silver_cleaning.py for tasks to queue
[2025-10-24T11:36:18.560+0000] {logging_mixin.py:188} INFO - [2025-10-24T11:36:18.560+0000] {dagbag.py:540} INFO - Filling up the DagBag from /opt/airflow/dags/silver/silver_cleaning.py
[2025-10-24T11:36:19.165+0000] {processor.py:842} WARNING - No viable dags retrieved from /opt/airflow/dags/silver/silver_cleaning.py
[2025-10-24T11:36:19.174+0000] {processor.py:183} INFO - Processing /opt/airflow/dags/silver/silver_cleaning.py took 0.623 seconds
[2025-10-24T11:36:49.723+0000] {processor.py:161} INFO - Started process (PID=93) to work on /opt/airflow/dags/silver/silver_cleaning.py
[2025-10-24T11:36:49.724+0000] {processor.py:830} INFO - Processing file /opt/airflow/dags/silver/silver_cleaning.py for tasks to queue
[2025-10-24T11:36:49.726+0000] {logging_mixin.py:188} INFO - [2025-10-24T11:36:49.725+0000] {dagbag.py:540} INFO - Filling up the DagBag from /opt/airflow/dags/silver/silver_cleaning.py
[2025-10-24T11:36:50.157+0000] {processor.py:842} WARNING - No viable dags retrieved from /opt/airflow/dags/silver/silver_cleaning.py
[2025-10-24T11:36:50.166+0000] {processor.py:183} INFO - Processing /opt/airflow/dags/silver/silver_cleaning.py took 0.446 seconds
[2025-10-24T11:37:20.948+0000] {processor.py:161} INFO - Started process (PID=99) to work on /opt/airflow/dags/silver/silver_cleaning.py
[2025-10-24T11:37:20.948+0000] {processor.py:830} INFO - Processing file /opt/airflow/dags/silver/silver_cleaning.py for tasks to queue
[2025-10-24T11:37:20.950+0000] {logging_mixin.py:188} INFO - [2025-10-24T11:37:20.949+0000] {dagbag.py:540} INFO - Filling up the DagBag from /opt/airflow/dags/silver/silver_cleaning.py
[2025-10-24T11:37:21.436+0000] {processor.py:842} WARNING - No viable dags retrieved from /opt/airflow/dags/silver/silver_cleaning.py
[2025-10-24T11:37:21.445+0000] {processor.py:183} INFO - Processing /opt/airflow/dags/silver/silver_cleaning.py took 0.501 seconds
[2025-10-24T11:37:51.622+0000] {processor.py:161} INFO - Started process (PID=105) to work on /opt/airflow/dags/silver/silver_cleaning.py
[2025-10-24T11:37:51.623+0000] {processor.py:830} INFO - Processing file /opt/airflow/dags/silver/silver_cleaning.py for tasks to queue
[2025-10-24T11:37:51.624+0000] {logging_mixin.py:188} INFO - [2025-10-24T11:37:51.624+0000] {dagbag.py:540} INFO - Filling up the DagBag from /opt/airflow/dags/silver/silver_cleaning.py
[2025-10-24T11:37:52.102+0000] {processor.py:842} WARNING - No viable dags retrieved from /opt/airflow/dags/silver/silver_cleaning.py
[2025-10-24T11:37:52.112+0000] {processor.py:183} INFO - Processing /opt/airflow/dags/silver/silver_cleaning.py took 0.494 seconds
[2025-10-24T11:38:22.672+0000] {processor.py:161} INFO - Started process (PID=111) to work on /opt/airflow/dags/silver/silver_cleaning.py
[2025-10-24T11:38:22.672+0000] {processor.py:830} INFO - Processing file /opt/airflow/dags/silver/silver_cleaning.py for tasks to queue
[2025-10-24T11:38:22.674+0000] {logging_mixin.py:188} INFO - [2025-10-24T11:38:22.674+0000] {dagbag.py:540} INFO - Filling up the DagBag from /opt/airflow/dags/silver/silver_cleaning.py
[2025-10-24T11:38:23.095+0000] {processor.py:842} WARNING - No viable dags retrieved from /opt/airflow/dags/silver/silver_cleaning.py
[2025-10-24T11:38:23.104+0000] {processor.py:183} INFO - Processing /opt/airflow/dags/silver/silver_cleaning.py took 0.436 seconds
[2025-10-24T11:38:53.825+0000] {processor.py:161} INFO - Started process (PID=117) to work on /opt/airflow/dags/silver/silver_cleaning.py
[2025-10-24T11:38:53.825+0000] {processor.py:830} INFO - Processing file /opt/airflow/dags/silver/silver_cleaning.py for tasks to queue
[2025-10-24T11:38:53.827+0000] {logging_mixin.py:188} INFO - [2025-10-24T11:38:53.826+0000] {dagbag.py:540} INFO - Filling up the DagBag from /opt/airflow/dags/silver/silver_cleaning.py
[2025-10-24T11:38:54.280+0000] {processor.py:842} WARNING - No viable dags retrieved from /opt/airflow/dags/silver/silver_cleaning.py
[2025-10-24T11:38:54.289+0000] {processor.py:183} INFO - Processing /opt/airflow/dags/silver/silver_cleaning.py took 0.468 seconds
[2025-10-24T11:39:25.662+0000] {processor.py:161} INFO - Started process (PID=123) to work on /opt/airflow/dags/silver/silver_cleaning.py
[2025-10-24T11:39:25.663+0000] {processor.py:830} INFO - Processing file /opt/airflow/dags/silver/silver_cleaning.py for tasks to queue
[2025-10-24T11:39:25.665+0000] {logging_mixin.py:188} INFO - [2025-10-24T11:39:25.665+0000] {dagbag.py:540} INFO - Filling up the DagBag from /opt/airflow/dags/silver/silver_cleaning.py
[2025-10-24T11:39:26.137+0000] {processor.py:842} WARNING - No viable dags retrieved from /opt/airflow/dags/silver/silver_cleaning.py
[2025-10-24T11:39:26.146+0000] {processor.py:183} INFO - Processing /opt/airflow/dags/silver/silver_cleaning.py took 0.489 seconds
[2025-10-24T11:39:57.822+0000] {processor.py:161} INFO - Started process (PID=129) to work on /opt/airflow/dags/silver/silver_cleaning.py
[2025-10-24T11:39:57.823+0000] {processor.py:830} INFO - Processing file /opt/airflow/dags/silver/silver_cleaning.py for tasks to queue
[2025-10-24T11:39:57.825+0000] {logging_mixin.py:188} INFO - [2025-10-24T11:39:57.824+0000] {dagbag.py:540} INFO - Filling up the DagBag from /opt/airflow/dags/silver/silver_cleaning.py
[2025-10-24T11:39:58.281+0000] {processor.py:842} WARNING - No viable dags retrieved from /opt/airflow/dags/silver/silver_cleaning.py
[2025-10-24T11:39:58.290+0000] {processor.py:183} INFO - Processing /opt/airflow/dags/silver/silver_cleaning.py took 0.472 seconds
[2025-10-24T11:40:30.485+0000] {processor.py:161} INFO - Started process (PID=135) to work on /opt/airflow/dags/silver/silver_cleaning.py
[2025-10-24T11:40:30.485+0000] {processor.py:830} INFO - Processing file /opt/airflow/dags/silver/silver_cleaning.py for tasks to queue
[2025-10-24T11:40:30.487+0000] {logging_mixin.py:188} INFO - [2025-10-24T11:40:30.487+0000] {dagbag.py:540} INFO - Filling up the DagBag from /opt/airflow/dags/silver/silver_cleaning.py
[2025-10-24T11:40:30.973+0000] {processor.py:842} WARNING - No viable dags retrieved from /opt/airflow/dags/silver/silver_cleaning.py
[2025-10-24T11:40:30.982+0000] {processor.py:183} INFO - Processing /opt/airflow/dags/silver/silver_cleaning.py took 0.502 seconds
[2025-10-24T11:41:02.789+0000] {processor.py:161} INFO - Started process (PID=141) to work on /opt/airflow/dags/silver/silver_cleaning.py
[2025-10-24T11:41:02.790+0000] {processor.py:830} INFO - Processing file /opt/airflow/dags/silver/silver_cleaning.py for tasks to queue
[2025-10-24T11:41:02.791+0000] {logging_mixin.py:188} INFO - [2025-10-24T11:41:02.791+0000] {dagbag.py:540} INFO - Filling up the DagBag from /opt/airflow/dags/silver/silver_cleaning.py
[2025-10-24T11:41:03.215+0000] {processor.py:842} WARNING - No viable dags retrieved from /opt/airflow/dags/silver/silver_cleaning.py
[2025-10-24T11:41:03.223+0000] {processor.py:183} INFO - Processing /opt/airflow/dags/silver/silver_cleaning.py took 0.439 seconds
[2025-10-24T11:41:33.794+0000] {processor.py:161} INFO - Started process (PID=147) to work on /opt/airflow/dags/silver/silver_cleaning.py
[2025-10-24T11:41:33.795+0000] {processor.py:830} INFO - Processing file /opt/airflow/dags/silver/silver_cleaning.py for tasks to queue
[2025-10-24T11:41:33.796+0000] {logging_mixin.py:188} INFO - [2025-10-24T11:41:33.796+0000] {dagbag.py:540} INFO - Filling up the DagBag from /opt/airflow/dags/silver/silver_cleaning.py
[2025-10-24T11:41:34.222+0000] {processor.py:842} WARNING - No viable dags retrieved from /opt/airflow/dags/silver/silver_cleaning.py
[2025-10-24T11:41:34.230+0000] {processor.py:183} INFO - Processing /opt/airflow/dags/silver/silver_cleaning.py took 0.440 seconds
[2025-10-24T11:42:04.350+0000] {processor.py:161} INFO - Started process (PID=153) to work on /opt/airflow/dags/silver/silver_cleaning.py
[2025-10-24T11:42:04.351+0000] {processor.py:830} INFO - Processing file /opt/airflow/dags/silver/silver_cleaning.py for tasks to queue
[2025-10-24T11:42:04.352+0000] {logging_mixin.py:188} INFO - [2025-10-24T11:42:04.352+0000] {dagbag.py:540} INFO - Filling up the DagBag from /opt/airflow/dags/silver/silver_cleaning.py
[2025-10-24T11:42:04.797+0000] {processor.py:842} WARNING - No viable dags retrieved from /opt/airflow/dags/silver/silver_cleaning.py
[2025-10-24T11:42:04.806+0000] {processor.py:183} INFO - Processing /opt/airflow/dags/silver/silver_cleaning.py took 0.460 seconds
[2025-10-24T11:42:35.350+0000] {processor.py:161} INFO - Started process (PID=160) to work on /opt/airflow/dags/silver/silver_cleaning.py
[2025-10-24T11:42:35.350+0000] {processor.py:830} INFO - Processing file /opt/airflow/dags/silver/silver_cleaning.py for tasks to queue
[2025-10-24T11:42:35.352+0000] {logging_mixin.py:188} INFO - [2025-10-24T11:42:35.352+0000] {dagbag.py:540} INFO - Filling up the DagBag from /opt/airflow/dags/silver/silver_cleaning.py
[2025-10-24T11:42:35.771+0000] {processor.py:842} WARNING - No viable dags retrieved from /opt/airflow/dags/silver/silver_cleaning.py
[2025-10-24T11:42:35.779+0000] {processor.py:183} INFO - Processing /opt/airflow/dags/silver/silver_cleaning.py took 0.434 seconds
[2025-10-24T11:43:06.150+0000] {processor.py:161} INFO - Started process (PID=166) to work on /opt/airflow/dags/silver/silver_cleaning.py
[2025-10-24T11:43:06.151+0000] {processor.py:830} INFO - Processing file /opt/airflow/dags/silver/silver_cleaning.py for tasks to queue
[2025-10-24T11:43:06.152+0000] {logging_mixin.py:188} INFO - [2025-10-24T11:43:06.152+0000] {dagbag.py:540} INFO - Filling up the DagBag from /opt/airflow/dags/silver/silver_cleaning.py
[2025-10-24T11:43:06.559+0000] {processor.py:842} WARNING - No viable dags retrieved from /opt/airflow/dags/silver/silver_cleaning.py
[2025-10-24T11:43:06.568+0000] {processor.py:183} INFO - Processing /opt/airflow/dags/silver/silver_cleaning.py took 0.422 seconds
[2025-10-24T11:43:36.719+0000] {processor.py:161} INFO - Started process (PID=172) to work on /opt/airflow/dags/silver/silver_cleaning.py
[2025-10-24T11:43:36.720+0000] {processor.py:830} INFO - Processing file /opt/airflow/dags/silver/silver_cleaning.py for tasks to queue
[2025-10-24T11:43:36.721+0000] {logging_mixin.py:188} INFO - [2025-10-24T11:43:36.721+0000] {dagbag.py:540} INFO - Filling up the DagBag from /opt/airflow/dags/silver/silver_cleaning.py
[2025-10-24T11:43:37.120+0000] {processor.py:842} WARNING - No viable dags retrieved from /opt/airflow/dags/silver/silver_cleaning.py
[2025-10-24T11:43:37.129+0000] {processor.py:183} INFO - Processing /opt/airflow/dags/silver/silver_cleaning.py took 0.414 seconds
[2025-10-24T11:44:07.276+0000] {processor.py:161} INFO - Started process (PID=178) to work on /opt/airflow/dags/silver/silver_cleaning.py
[2025-10-24T11:44:07.277+0000] {processor.py:830} INFO - Processing file /opt/airflow/dags/silver/silver_cleaning.py for tasks to queue
[2025-10-24T11:44:07.279+0000] {logging_mixin.py:188} INFO - [2025-10-24T11:44:07.278+0000] {dagbag.py:540} INFO - Filling up the DagBag from /opt/airflow/dags/silver/silver_cleaning.py
[2025-10-24T11:44:07.699+0000] {processor.py:842} WARNING - No viable dags retrieved from /opt/airflow/dags/silver/silver_cleaning.py
[2025-10-24T11:44:07.708+0000] {processor.py:183} INFO - Processing /opt/airflow/dags/silver/silver_cleaning.py took 0.436 seconds
[2025-10-24T11:44:37.860+0000] {processor.py:161} INFO - Started process (PID=184) to work on /opt/airflow/dags/silver/silver_cleaning.py
[2025-10-24T11:44:37.861+0000] {processor.py:830} INFO - Processing file /opt/airflow/dags/silver/silver_cleaning.py for tasks to queue
[2025-10-24T11:44:37.863+0000] {logging_mixin.py:188} INFO - [2025-10-24T11:44:37.862+0000] {dagbag.py:540} INFO - Filling up the DagBag from /opt/airflow/dags/silver/silver_cleaning.py
[2025-10-24T11:44:38.244+0000] {processor.py:842} WARNING - No viable dags retrieved from /opt/airflow/dags/silver/silver_cleaning.py
[2025-10-24T11:44:38.252+0000] {processor.py:183} INFO - Processing /opt/airflow/dags/silver/silver_cleaning.py took 0.396 seconds
[2025-10-24T11:45:08.515+0000] {processor.py:161} INFO - Started process (PID=189) to work on /opt/airflow/dags/silver/silver_cleaning.py
[2025-10-24T11:45:08.516+0000] {processor.py:830} INFO - Processing file /opt/airflow/dags/silver/silver_cleaning.py for tasks to queue
[2025-10-24T11:45:08.517+0000] {logging_mixin.py:188} INFO - [2025-10-24T11:45:08.517+0000] {dagbag.py:540} INFO - Filling up the DagBag from /opt/airflow/dags/silver/silver_cleaning.py
[2025-10-24T11:45:08.941+0000] {processor.py:842} WARNING - No viable dags retrieved from /opt/airflow/dags/silver/silver_cleaning.py
[2025-10-24T11:45:08.950+0000] {processor.py:183} INFO - Processing /opt/airflow/dags/silver/silver_cleaning.py took 0.439 seconds
[2025-10-24T11:45:39.169+0000] {processor.py:161} INFO - Started process (PID=195) to work on /opt/airflow/dags/silver/silver_cleaning.py
[2025-10-24T11:45:39.169+0000] {processor.py:830} INFO - Processing file /opt/airflow/dags/silver/silver_cleaning.py for tasks to queue
[2025-10-24T11:45:39.171+0000] {logging_mixin.py:188} INFO - [2025-10-24T11:45:39.171+0000] {dagbag.py:540} INFO - Filling up the DagBag from /opt/airflow/dags/silver/silver_cleaning.py
[2025-10-24T11:45:39.620+0000] {processor.py:842} WARNING - No viable dags retrieved from /opt/airflow/dags/silver/silver_cleaning.py
[2025-10-24T11:45:39.628+0000] {processor.py:183} INFO - Processing /opt/airflow/dags/silver/silver_cleaning.py took 0.464 seconds
[2025-10-24T11:46:09.691+0000] {processor.py:161} INFO - Started process (PID=201) to work on /opt/airflow/dags/silver/silver_cleaning.py
[2025-10-24T11:46:09.692+0000] {processor.py:830} INFO - Processing file /opt/airflow/dags/silver/silver_cleaning.py for tasks to queue
[2025-10-24T11:46:09.694+0000] {logging_mixin.py:188} INFO - [2025-10-24T11:46:09.693+0000] {dagbag.py:540} INFO - Filling up the DagBag from /opt/airflow/dags/silver/silver_cleaning.py
[2025-10-24T11:46:10.109+0000] {processor.py:842} WARNING - No viable dags retrieved from /opt/airflow/dags/silver/silver_cleaning.py
[2025-10-24T11:46:10.119+0000] {processor.py:183} INFO - Processing /opt/airflow/dags/silver/silver_cleaning.py took 0.432 seconds
[2025-10-24T11:46:40.239+0000] {processor.py:161} INFO - Started process (PID=207) to work on /opt/airflow/dags/silver/silver_cleaning.py
[2025-10-24T11:46:40.240+0000] {processor.py:830} INFO - Processing file /opt/airflow/dags/silver/silver_cleaning.py for tasks to queue
[2025-10-24T11:46:40.242+0000] {logging_mixin.py:188} INFO - [2025-10-24T11:46:40.241+0000] {dagbag.py:540} INFO - Filling up the DagBag from /opt/airflow/dags/silver/silver_cleaning.py
[2025-10-24T11:46:40.813+0000] {processor.py:842} WARNING - No viable dags retrieved from /opt/airflow/dags/silver/silver_cleaning.py
[2025-10-24T11:46:40.823+0000] {processor.py:183} INFO - Processing /opt/airflow/dags/silver/silver_cleaning.py took 0.588 seconds
[2025-10-24T11:47:11.414+0000] {processor.py:161} INFO - Started process (PID=213) to work on /opt/airflow/dags/silver/silver_cleaning.py
[2025-10-24T11:47:11.414+0000] {processor.py:830} INFO - Processing file /opt/airflow/dags/silver/silver_cleaning.py for tasks to queue
[2025-10-24T11:47:11.416+0000] {logging_mixin.py:188} INFO - [2025-10-24T11:47:11.416+0000] {dagbag.py:540} INFO - Filling up the DagBag from /opt/airflow/dags/silver/silver_cleaning.py
[2025-10-24T11:47:11.930+0000] {processor.py:842} WARNING - No viable dags retrieved from /opt/airflow/dags/silver/silver_cleaning.py
[2025-10-24T11:47:11.940+0000] {processor.py:183} INFO - Processing /opt/airflow/dags/silver/silver_cleaning.py took 0.531 seconds
[2025-10-24T11:47:42.199+0000] {processor.py:161} INFO - Started process (PID=219) to work on /opt/airflow/dags/silver/silver_cleaning.py
[2025-10-24T11:47:42.200+0000] {processor.py:830} INFO - Processing file /opt/airflow/dags/silver/silver_cleaning.py for tasks to queue
[2025-10-24T11:47:42.202+0000] {logging_mixin.py:188} INFO - [2025-10-24T11:47:42.202+0000] {dagbag.py:540} INFO - Filling up the DagBag from /opt/airflow/dags/silver/silver_cleaning.py
[2025-10-24T11:47:42.712+0000] {processor.py:842} WARNING - No viable dags retrieved from /opt/airflow/dags/silver/silver_cleaning.py
[2025-10-24T11:47:42.721+0000] {processor.py:183} INFO - Processing /opt/airflow/dags/silver/silver_cleaning.py took 0.526 seconds
[2025-10-24T11:48:12.941+0000] {processor.py:161} INFO - Started process (PID=225) to work on /opt/airflow/dags/silver/silver_cleaning.py
[2025-10-24T11:48:12.942+0000] {processor.py:830} INFO - Processing file /opt/airflow/dags/silver/silver_cleaning.py for tasks to queue
[2025-10-24T11:48:12.943+0000] {logging_mixin.py:188} INFO - [2025-10-24T11:48:12.943+0000] {dagbag.py:540} INFO - Filling up the DagBag from /opt/airflow/dags/silver/silver_cleaning.py
[2025-10-24T11:48:13.419+0000] {processor.py:842} WARNING - No viable dags retrieved from /opt/airflow/dags/silver/silver_cleaning.py
[2025-10-24T11:48:13.429+0000] {processor.py:183} INFO - Processing /opt/airflow/dags/silver/silver_cleaning.py took 0.492 seconds
[2025-10-24T11:48:44.087+0000] {processor.py:161} INFO - Started process (PID=232) to work on /opt/airflow/dags/silver/silver_cleaning.py
[2025-10-24T11:48:44.088+0000] {processor.py:830} INFO - Processing file /opt/airflow/dags/silver/silver_cleaning.py for tasks to queue
[2025-10-24T11:48:44.090+0000] {logging_mixin.py:188} INFO - [2025-10-24T11:48:44.090+0000] {dagbag.py:540} INFO - Filling up the DagBag from /opt/airflow/dags/silver/silver_cleaning.py
[2025-10-24T11:48:44.549+0000] {processor.py:842} WARNING - No viable dags retrieved from /opt/airflow/dags/silver/silver_cleaning.py
[2025-10-24T11:48:44.559+0000] {processor.py:183} INFO - Processing /opt/airflow/dags/silver/silver_cleaning.py took 0.477 seconds
[2025-10-24T11:49:32.776+0000] {processor.py:161} INFO - Started process (PID=57) to work on /opt/airflow/dags/silver/silver_cleaning.py
[2025-10-24T11:49:32.777+0000] {processor.py:830} INFO - Processing file /opt/airflow/dags/silver/silver_cleaning.py for tasks to queue
[2025-10-24T11:49:32.779+0000] {logging_mixin.py:188} INFO - [2025-10-24T11:49:32.778+0000] {dagbag.py:540} INFO - Filling up the DagBag from /opt/airflow/dags/silver/silver_cleaning.py
[2025-10-24T11:49:33.334+0000] {processor.py:842} WARNING - No viable dags retrieved from /opt/airflow/dags/silver/silver_cleaning.py
[2025-10-24T11:49:33.348+0000] {processor.py:183} INFO - Processing /opt/airflow/dags/silver/silver_cleaning.py took 0.576 seconds
[2025-10-24T11:50:03.553+0000] {processor.py:161} INFO - Started process (PID=63) to work on /opt/airflow/dags/silver/silver_cleaning.py
[2025-10-24T11:50:03.554+0000] {processor.py:830} INFO - Processing file /opt/airflow/dags/silver/silver_cleaning.py for tasks to queue
[2025-10-24T11:50:03.555+0000] {logging_mixin.py:188} INFO - [2025-10-24T11:50:03.555+0000] {dagbag.py:540} INFO - Filling up the DagBag from /opt/airflow/dags/silver/silver_cleaning.py
[2025-10-24T11:50:03.987+0000] {processor.py:842} WARNING - No viable dags retrieved from /opt/airflow/dags/silver/silver_cleaning.py
[2025-10-24T11:50:03.995+0000] {processor.py:183} INFO - Processing /opt/airflow/dags/silver/silver_cleaning.py took 0.446 seconds
[2025-10-24T11:50:34.082+0000] {processor.py:161} INFO - Started process (PID=69) to work on /opt/airflow/dags/silver/silver_cleaning.py
[2025-10-24T11:50:34.082+0000] {processor.py:830} INFO - Processing file /opt/airflow/dags/silver/silver_cleaning.py for tasks to queue
[2025-10-24T11:50:34.084+0000] {logging_mixin.py:188} INFO - [2025-10-24T11:50:34.084+0000] {dagbag.py:540} INFO - Filling up the DagBag from /opt/airflow/dags/silver/silver_cleaning.py
[2025-10-24T11:50:34.505+0000] {processor.py:842} WARNING - No viable dags retrieved from /opt/airflow/dags/silver/silver_cleaning.py
[2025-10-24T11:50:34.513+0000] {processor.py:183} INFO - Processing /opt/airflow/dags/silver/silver_cleaning.py took 0.435 seconds
[2025-10-24T12:05:23.600+0000] {processor.py:161} INFO - Started process (PID=87) to work on /opt/airflow/dags/silver/silver_cleaning.py
[2025-10-24T12:05:23.602+0000] {processor.py:830} INFO - Processing file /opt/airflow/dags/silver/silver_cleaning.py for tasks to queue
[2025-10-24T12:05:23.603+0000] {logging_mixin.py:188} INFO - [2025-10-24T12:05:23.603+0000] {dagbag.py:540} INFO - Filling up the DagBag from /opt/airflow/dags/silver/silver_cleaning.py
[2025-10-24T12:05:24.084+0000] {processor.py:842} WARNING - No viable dags retrieved from /opt/airflow/dags/silver/silver_cleaning.py
[2025-10-24T12:05:24.093+0000] {processor.py:183} INFO - Processing /opt/airflow/dags/silver/silver_cleaning.py took 0.497 seconds
[2025-10-24T12:05:54.208+0000] {processor.py:161} INFO - Started process (PID=91) to work on /opt/airflow/dags/silver/silver_cleaning.py
[2025-10-24T12:05:54.210+0000] {processor.py:830} INFO - Processing file /opt/airflow/dags/silver/silver_cleaning.py for tasks to queue
[2025-10-24T12:05:54.212+0000] {logging_mixin.py:188} INFO - [2025-10-24T12:05:54.212+0000] {dagbag.py:540} INFO - Filling up the DagBag from /opt/airflow/dags/silver/silver_cleaning.py
[2025-10-24T12:05:54.805+0000] {processor.py:842} WARNING - No viable dags retrieved from /opt/airflow/dags/silver/silver_cleaning.py
[2025-10-24T12:05:54.814+0000] {processor.py:183} INFO - Processing /opt/airflow/dags/silver/silver_cleaning.py took 0.611 seconds
[2025-10-24T12:06:25.455+0000] {processor.py:161} INFO - Started process (PID=99) to work on /opt/airflow/dags/silver/silver_cleaning.py
[2025-10-24T12:06:25.456+0000] {processor.py:830} INFO - Processing file /opt/airflow/dags/silver/silver_cleaning.py for tasks to queue
[2025-10-24T12:06:25.457+0000] {logging_mixin.py:188} INFO - [2025-10-24T12:06:25.457+0000] {dagbag.py:540} INFO - Filling up the DagBag from /opt/airflow/dags/silver/silver_cleaning.py
[2025-10-24T12:06:25.957+0000] {processor.py:842} WARNING - No viable dags retrieved from /opt/airflow/dags/silver/silver_cleaning.py
[2025-10-24T12:06:25.969+0000] {processor.py:183} INFO - Processing /opt/airflow/dags/silver/silver_cleaning.py took 0.519 seconds
[2025-10-24T12:06:56.135+0000] {processor.py:161} INFO - Started process (PID=106) to work on /opt/airflow/dags/silver/silver_cleaning.py
[2025-10-24T12:06:56.137+0000] {processor.py:830} INFO - Processing file /opt/airflow/dags/silver/silver_cleaning.py for tasks to queue
[2025-10-24T12:06:56.140+0000] {logging_mixin.py:188} INFO - [2025-10-24T12:06:56.139+0000] {dagbag.py:540} INFO - Filling up the DagBag from /opt/airflow/dags/silver/silver_cleaning.py
[2025-10-24T12:06:56.780+0000] {processor.py:842} WARNING - No viable dags retrieved from /opt/airflow/dags/silver/silver_cleaning.py
[2025-10-24T12:06:56.791+0000] {processor.py:183} INFO - Processing /opt/airflow/dags/silver/silver_cleaning.py took 0.666 seconds
[2025-10-24T12:07:28.660+0000] {processor.py:161} INFO - Started process (PID=111) to work on /opt/airflow/dags/silver/silver_cleaning.py
[2025-10-24T12:07:28.661+0000] {processor.py:830} INFO - Processing file /opt/airflow/dags/silver/silver_cleaning.py for tasks to queue
[2025-10-24T12:07:28.663+0000] {logging_mixin.py:188} INFO - [2025-10-24T12:07:28.663+0000] {dagbag.py:540} INFO - Filling up the DagBag from /opt/airflow/dags/silver/silver_cleaning.py
[2025-10-24T12:07:29.203+0000] {processor.py:842} WARNING - No viable dags retrieved from /opt/airflow/dags/silver/silver_cleaning.py
[2025-10-24T12:07:29.212+0000] {processor.py:183} INFO - Processing /opt/airflow/dags/silver/silver_cleaning.py took 0.558 seconds
[2025-10-24T12:08:00.803+0000] {processor.py:161} INFO - Started process (PID=119) to work on /opt/airflow/dags/silver/silver_cleaning.py
[2025-10-24T12:08:00.804+0000] {processor.py:830} INFO - Processing file /opt/airflow/dags/silver/silver_cleaning.py for tasks to queue
[2025-10-24T12:08:00.806+0000] {logging_mixin.py:188} INFO - [2025-10-24T12:08:00.806+0000] {dagbag.py:540} INFO - Filling up the DagBag from /opt/airflow/dags/silver/silver_cleaning.py
[2025-10-24T12:08:01.280+0000] {processor.py:842} WARNING - No viable dags retrieved from /opt/airflow/dags/silver/silver_cleaning.py
[2025-10-24T12:08:01.289+0000] {processor.py:183} INFO - Processing /opt/airflow/dags/silver/silver_cleaning.py took 0.493 seconds
[2025-10-24T12:08:33.053+0000] {processor.py:161} INFO - Started process (PID=125) to work on /opt/airflow/dags/silver/silver_cleaning.py
[2025-10-24T12:08:33.054+0000] {processor.py:830} INFO - Processing file /opt/airflow/dags/silver/silver_cleaning.py for tasks to queue
[2025-10-24T12:08:33.057+0000] {logging_mixin.py:188} INFO - [2025-10-24T12:08:33.057+0000] {dagbag.py:540} INFO - Filling up the DagBag from /opt/airflow/dags/silver/silver_cleaning.py
[2025-10-24T12:08:33.514+0000] {processor.py:842} WARNING - No viable dags retrieved from /opt/airflow/dags/silver/silver_cleaning.py
[2025-10-24T12:08:33.522+0000] {processor.py:183} INFO - Processing /opt/airflow/dags/silver/silver_cleaning.py took 0.473 seconds
[2025-10-24T12:09:05.357+0000] {processor.py:161} INFO - Started process (PID=131) to work on /opt/airflow/dags/silver/silver_cleaning.py
[2025-10-24T12:09:05.358+0000] {processor.py:830} INFO - Processing file /opt/airflow/dags/silver/silver_cleaning.py for tasks to queue
[2025-10-24T12:09:05.360+0000] {logging_mixin.py:188} INFO - [2025-10-24T12:09:05.360+0000] {dagbag.py:540} INFO - Filling up the DagBag from /opt/airflow/dags/silver/silver_cleaning.py
[2025-10-24T12:09:05.830+0000] {processor.py:842} WARNING - No viable dags retrieved from /opt/airflow/dags/silver/silver_cleaning.py
[2025-10-24T12:09:05.838+0000] {processor.py:183} INFO - Processing /opt/airflow/dags/silver/silver_cleaning.py took 0.486 seconds
[2025-10-24T12:09:35.911+0000] {processor.py:161} INFO - Started process (PID=138) to work on /opt/airflow/dags/silver/silver_cleaning.py
[2025-10-24T12:09:35.912+0000] {processor.py:830} INFO - Processing file /opt/airflow/dags/silver/silver_cleaning.py for tasks to queue
[2025-10-24T12:09:35.914+0000] {logging_mixin.py:188} INFO - [2025-10-24T12:09:35.913+0000] {dagbag.py:540} INFO - Filling up the DagBag from /opt/airflow/dags/silver/silver_cleaning.py
[2025-10-24T12:09:36.371+0000] {processor.py:842} WARNING - No viable dags retrieved from /opt/airflow/dags/silver/silver_cleaning.py
[2025-10-24T12:09:36.380+0000] {processor.py:183} INFO - Processing /opt/airflow/dags/silver/silver_cleaning.py took 0.474 seconds
[2025-10-24T12:10:08.649+0000] {processor.py:161} INFO - Started process (PID=143) to work on /opt/airflow/dags/silver/silver_cleaning.py
[2025-10-24T12:10:08.650+0000] {processor.py:830} INFO - Processing file /opt/airflow/dags/silver/silver_cleaning.py for tasks to queue
[2025-10-24T12:10:08.652+0000] {logging_mixin.py:188} INFO - [2025-10-24T12:10:08.652+0000] {dagbag.py:540} INFO - Filling up the DagBag from /opt/airflow/dags/silver/silver_cleaning.py
[2025-10-24T12:10:09.164+0000] {processor.py:842} WARNING - No viable dags retrieved from /opt/airflow/dags/silver/silver_cleaning.py
[2025-10-24T12:10:09.175+0000] {processor.py:183} INFO - Processing /opt/airflow/dags/silver/silver_cleaning.py took 0.530 seconds
[2025-10-24T12:10:39.305+0000] {processor.py:161} INFO - Started process (PID=149) to work on /opt/airflow/dags/silver/silver_cleaning.py
[2025-10-24T12:10:39.306+0000] {processor.py:830} INFO - Processing file /opt/airflow/dags/silver/silver_cleaning.py for tasks to queue
[2025-10-24T12:10:39.308+0000] {logging_mixin.py:188} INFO - [2025-10-24T12:10:39.308+0000] {dagbag.py:540} INFO - Filling up the DagBag from /opt/airflow/dags/silver/silver_cleaning.py
[2025-10-24T12:10:39.760+0000] {processor.py:842} WARNING - No viable dags retrieved from /opt/airflow/dags/silver/silver_cleaning.py
[2025-10-24T12:10:39.768+0000] {processor.py:183} INFO - Processing /opt/airflow/dags/silver/silver_cleaning.py took 0.467 seconds
[2025-10-24T12:11:09.850+0000] {processor.py:161} INFO - Started process (PID=155) to work on /opt/airflow/dags/silver/silver_cleaning.py
[2025-10-24T12:11:09.851+0000] {processor.py:830} INFO - Processing file /opt/airflow/dags/silver/silver_cleaning.py for tasks to queue
[2025-10-24T12:11:09.853+0000] {logging_mixin.py:188} INFO - [2025-10-24T12:11:09.853+0000] {dagbag.py:540} INFO - Filling up the DagBag from /opt/airflow/dags/silver/silver_cleaning.py
[2025-10-24T12:11:10.284+0000] {processor.py:842} WARNING - No viable dags retrieved from /opt/airflow/dags/silver/silver_cleaning.py
[2025-10-24T12:11:10.292+0000] {processor.py:183} INFO - Processing /opt/airflow/dags/silver/silver_cleaning.py took 0.446 seconds
[2025-10-24T12:11:40.428+0000] {processor.py:161} INFO - Started process (PID=162) to work on /opt/airflow/dags/silver/silver_cleaning.py
[2025-10-24T12:11:40.429+0000] {processor.py:830} INFO - Processing file /opt/airflow/dags/silver/silver_cleaning.py for tasks to queue
[2025-10-24T12:11:40.431+0000] {logging_mixin.py:188} INFO - [2025-10-24T12:11:40.431+0000] {dagbag.py:540} INFO - Filling up the DagBag from /opt/airflow/dags/silver/silver_cleaning.py
[2025-10-24T12:11:40.893+0000] {processor.py:842} WARNING - No viable dags retrieved from /opt/airflow/dags/silver/silver_cleaning.py
[2025-10-24T12:11:40.901+0000] {processor.py:183} INFO - Processing /opt/airflow/dags/silver/silver_cleaning.py took 0.478 seconds
[2025-10-24T12:12:11.298+0000] {processor.py:161} INFO - Started process (PID=167) to work on /opt/airflow/dags/silver/silver_cleaning.py
[2025-10-24T12:12:11.299+0000] {processor.py:830} INFO - Processing file /opt/airflow/dags/silver/silver_cleaning.py for tasks to queue
[2025-10-24T12:12:11.302+0000] {logging_mixin.py:188} INFO - [2025-10-24T12:12:11.301+0000] {dagbag.py:540} INFO - Filling up the DagBag from /opt/airflow/dags/silver/silver_cleaning.py
[2025-10-24T12:12:11.889+0000] {processor.py:842} WARNING - No viable dags retrieved from /opt/airflow/dags/silver/silver_cleaning.py
[2025-10-24T12:12:11.900+0000] {processor.py:183} INFO - Processing /opt/airflow/dags/silver/silver_cleaning.py took 0.609 seconds
[2025-10-24T12:12:42.069+0000] {processor.py:161} INFO - Started process (PID=182) to work on /opt/airflow/dags/silver/silver_cleaning.py
[2025-10-24T12:12:42.070+0000] {processor.py:830} INFO - Processing file /opt/airflow/dags/silver/silver_cleaning.py for tasks to queue
[2025-10-24T12:12:42.072+0000] {logging_mixin.py:188} INFO - [2025-10-24T12:12:42.071+0000] {dagbag.py:540} INFO - Filling up the DagBag from /opt/airflow/dags/silver/silver_cleaning.py
[2025-10-24T12:12:42.499+0000] {processor.py:842} WARNING - No viable dags retrieved from /opt/airflow/dags/silver/silver_cleaning.py
[2025-10-24T12:12:42.508+0000] {processor.py:183} INFO - Processing /opt/airflow/dags/silver/silver_cleaning.py took 0.443 seconds
[2025-10-24T12:13:12.727+0000] {processor.py:161} INFO - Started process (PID=190) to work on /opt/airflow/dags/silver/silver_cleaning.py
[2025-10-24T12:13:12.728+0000] {processor.py:830} INFO - Processing file /opt/airflow/dags/silver/silver_cleaning.py for tasks to queue
[2025-10-24T12:13:12.729+0000] {logging_mixin.py:188} INFO - [2025-10-24T12:13:12.729+0000] {dagbag.py:540} INFO - Filling up the DagBag from /opt/airflow/dags/silver/silver_cleaning.py
[2025-10-24T12:13:13.200+0000] {processor.py:842} WARNING - No viable dags retrieved from /opt/airflow/dags/silver/silver_cleaning.py
[2025-10-24T12:13:13.208+0000] {processor.py:183} INFO - Processing /opt/airflow/dags/silver/silver_cleaning.py took 0.487 seconds
[2025-10-24T12:13:43.406+0000] {processor.py:161} INFO - Started process (PID=196) to work on /opt/airflow/dags/silver/silver_cleaning.py
[2025-10-24T12:13:43.407+0000] {processor.py:830} INFO - Processing file /opt/airflow/dags/silver/silver_cleaning.py for tasks to queue
[2025-10-24T12:13:43.408+0000] {logging_mixin.py:188} INFO - [2025-10-24T12:13:43.408+0000] {dagbag.py:540} INFO - Filling up the DagBag from /opt/airflow/dags/silver/silver_cleaning.py
[2025-10-24T12:13:43.873+0000] {processor.py:842} WARNING - No viable dags retrieved from /opt/airflow/dags/silver/silver_cleaning.py
[2025-10-24T12:13:43.881+0000] {processor.py:183} INFO - Processing /opt/airflow/dags/silver/silver_cleaning.py took 0.479 seconds
[2025-10-24T12:14:14.000+0000] {processor.py:161} INFO - Started process (PID=203) to work on /opt/airflow/dags/silver/silver_cleaning.py
[2025-10-24T12:14:14.001+0000] {processor.py:830} INFO - Processing file /opt/airflow/dags/silver/silver_cleaning.py for tasks to queue
[2025-10-24T12:14:14.003+0000] {logging_mixin.py:188} INFO - [2025-10-24T12:14:14.003+0000] {dagbag.py:540} INFO - Filling up the DagBag from /opt/airflow/dags/silver/silver_cleaning.py
[2025-10-24T12:14:14.431+0000] {processor.py:842} WARNING - No viable dags retrieved from /opt/airflow/dags/silver/silver_cleaning.py
[2025-10-24T12:14:14.439+0000] {processor.py:183} INFO - Processing /opt/airflow/dags/silver/silver_cleaning.py took 0.444 seconds
[2025-10-24T12:14:44.613+0000] {processor.py:161} INFO - Started process (PID=209) to work on /opt/airflow/dags/silver/silver_cleaning.py
[2025-10-24T12:14:44.613+0000] {processor.py:830} INFO - Processing file /opt/airflow/dags/silver/silver_cleaning.py for tasks to queue
[2025-10-24T12:14:44.615+0000] {logging_mixin.py:188} INFO - [2025-10-24T12:14:44.615+0000] {dagbag.py:540} INFO - Filling up the DagBag from /opt/airflow/dags/silver/silver_cleaning.py
[2025-10-24T12:14:45.070+0000] {processor.py:842} WARNING - No viable dags retrieved from /opt/airflow/dags/silver/silver_cleaning.py
[2025-10-24T12:14:45.079+0000] {processor.py:183} INFO - Processing /opt/airflow/dags/silver/silver_cleaning.py took 0.471 seconds
[2025-10-24T12:15:15.141+0000] {processor.py:161} INFO - Started process (PID=215) to work on /opt/airflow/dags/silver/silver_cleaning.py
[2025-10-24T12:15:15.142+0000] {processor.py:830} INFO - Processing file /opt/airflow/dags/silver/silver_cleaning.py for tasks to queue
[2025-10-24T12:15:15.143+0000] {logging_mixin.py:188} INFO - [2025-10-24T12:15:15.143+0000] {dagbag.py:540} INFO - Filling up the DagBag from /opt/airflow/dags/silver/silver_cleaning.py
[2025-10-24T12:15:15.599+0000] {processor.py:842} WARNING - No viable dags retrieved from /opt/airflow/dags/silver/silver_cleaning.py
[2025-10-24T12:15:15.608+0000] {processor.py:183} INFO - Processing /opt/airflow/dags/silver/silver_cleaning.py took 0.473 seconds
[2025-10-24T12:15:46.059+0000] {processor.py:161} INFO - Started process (PID=221) to work on /opt/airflow/dags/silver/silver_cleaning.py
[2025-10-24T12:15:46.059+0000] {processor.py:830} INFO - Processing file /opt/airflow/dags/silver/silver_cleaning.py for tasks to queue
[2025-10-24T12:15:46.061+0000] {logging_mixin.py:188} INFO - [2025-10-24T12:15:46.061+0000] {dagbag.py:540} INFO - Filling up the DagBag from /opt/airflow/dags/silver/silver_cleaning.py
[2025-10-24T12:15:46.509+0000] {processor.py:842} WARNING - No viable dags retrieved from /opt/airflow/dags/silver/silver_cleaning.py
[2025-10-24T12:15:46.517+0000] {processor.py:183} INFO - Processing /opt/airflow/dags/silver/silver_cleaning.py took 0.463 seconds
[2025-10-24T12:16:16.782+0000] {processor.py:161} INFO - Started process (PID=227) to work on /opt/airflow/dags/silver/silver_cleaning.py
[2025-10-24T12:16:16.783+0000] {processor.py:830} INFO - Processing file /opt/airflow/dags/silver/silver_cleaning.py for tasks to queue
[2025-10-24T12:16:16.784+0000] {logging_mixin.py:188} INFO - [2025-10-24T12:16:16.784+0000] {dagbag.py:540} INFO - Filling up the DagBag from /opt/airflow/dags/silver/silver_cleaning.py
[2025-10-24T12:16:17.214+0000] {processor.py:842} WARNING - No viable dags retrieved from /opt/airflow/dags/silver/silver_cleaning.py
[2025-10-24T12:16:17.224+0000] {processor.py:183} INFO - Processing /opt/airflow/dags/silver/silver_cleaning.py took 0.447 seconds
[2025-10-24T12:16:47.511+0000] {processor.py:161} INFO - Started process (PID=233) to work on /opt/airflow/dags/silver/silver_cleaning.py
[2025-10-24T12:16:47.512+0000] {processor.py:830} INFO - Processing file /opt/airflow/dags/silver/silver_cleaning.py for tasks to queue
[2025-10-24T12:16:47.514+0000] {logging_mixin.py:188} INFO - [2025-10-24T12:16:47.513+0000] {dagbag.py:540} INFO - Filling up the DagBag from /opt/airflow/dags/silver/silver_cleaning.py
[2025-10-24T12:16:47.999+0000] {processor.py:842} WARNING - No viable dags retrieved from /opt/airflow/dags/silver/silver_cleaning.py
[2025-10-24T12:16:48.007+0000] {processor.py:183} INFO - Processing /opt/airflow/dags/silver/silver_cleaning.py took 0.500 seconds
[2025-10-24T12:17:18.241+0000] {processor.py:161} INFO - Started process (PID=239) to work on /opt/airflow/dags/silver/silver_cleaning.py
[2025-10-24T12:17:18.242+0000] {processor.py:830} INFO - Processing file /opt/airflow/dags/silver/silver_cleaning.py for tasks to queue
[2025-10-24T12:17:18.243+0000] {logging_mixin.py:188} INFO - [2025-10-24T12:17:18.243+0000] {dagbag.py:540} INFO - Filling up the DagBag from /opt/airflow/dags/silver/silver_cleaning.py
[2025-10-24T12:17:18.710+0000] {processor.py:842} WARNING - No viable dags retrieved from /opt/airflow/dags/silver/silver_cleaning.py
[2025-10-24T12:17:18.723+0000] {processor.py:183} INFO - Processing /opt/airflow/dags/silver/silver_cleaning.py took 0.486 seconds
[2025-10-24T12:17:48.813+0000] {processor.py:161} INFO - Started process (PID=245) to work on /opt/airflow/dags/silver/silver_cleaning.py
[2025-10-24T12:17:48.814+0000] {processor.py:830} INFO - Processing file /opt/airflow/dags/silver/silver_cleaning.py for tasks to queue
[2025-10-24T12:17:48.816+0000] {logging_mixin.py:188} INFO - [2025-10-24T12:17:48.815+0000] {dagbag.py:540} INFO - Filling up the DagBag from /opt/airflow/dags/silver/silver_cleaning.py
[2025-10-24T12:17:49.306+0000] {processor.py:842} WARNING - No viable dags retrieved from /opt/airflow/dags/silver/silver_cleaning.py
[2025-10-24T12:17:49.315+0000] {processor.py:183} INFO - Processing /opt/airflow/dags/silver/silver_cleaning.py took 0.509 seconds
[2025-10-24T12:18:19.876+0000] {processor.py:161} INFO - Started process (PID=251) to work on /opt/airflow/dags/silver/silver_cleaning.py
[2025-10-24T12:18:19.877+0000] {processor.py:830} INFO - Processing file /opt/airflow/dags/silver/silver_cleaning.py for tasks to queue
[2025-10-24T12:18:19.879+0000] {logging_mixin.py:188} INFO - [2025-10-24T12:18:19.879+0000] {dagbag.py:540} INFO - Filling up the DagBag from /opt/airflow/dags/silver/silver_cleaning.py
[2025-10-24T12:18:20.379+0000] {processor.py:842} WARNING - No viable dags retrieved from /opt/airflow/dags/silver/silver_cleaning.py
[2025-10-24T12:18:20.388+0000] {processor.py:183} INFO - Processing /opt/airflow/dags/silver/silver_cleaning.py took 0.516 seconds
[2025-10-24T12:18:50.933+0000] {processor.py:161} INFO - Started process (PID=269) to work on /opt/airflow/dags/silver/silver_cleaning.py
[2025-10-24T12:18:50.934+0000] {processor.py:830} INFO - Processing file /opt/airflow/dags/silver/silver_cleaning.py for tasks to queue
[2025-10-24T12:18:50.935+0000] {logging_mixin.py:188} INFO - [2025-10-24T12:18:50.935+0000] {dagbag.py:540} INFO - Filling up the DagBag from /opt/airflow/dags/silver/silver_cleaning.py
[2025-10-24T12:18:51.294+0000] {processor.py:842} WARNING - No viable dags retrieved from /opt/airflow/dags/silver/silver_cleaning.py
[2025-10-24T12:18:51.305+0000] {processor.py:183} INFO - Processing /opt/airflow/dags/silver/silver_cleaning.py took 0.377 seconds
[2025-10-24T12:19:21.715+0000] {processor.py:161} INFO - Started process (PID=275) to work on /opt/airflow/dags/silver/silver_cleaning.py
[2025-10-24T12:19:21.716+0000] {processor.py:830} INFO - Processing file /opt/airflow/dags/silver/silver_cleaning.py for tasks to queue
[2025-10-24T12:19:21.717+0000] {logging_mixin.py:188} INFO - [2025-10-24T12:19:21.717+0000] {dagbag.py:540} INFO - Filling up the DagBag from /opt/airflow/dags/silver/silver_cleaning.py
[2025-10-24T12:19:22.054+0000] {processor.py:842} WARNING - No viable dags retrieved from /opt/airflow/dags/silver/silver_cleaning.py
[2025-10-24T12:19:22.064+0000] {processor.py:183} INFO - Processing /opt/airflow/dags/silver/silver_cleaning.py took 0.354 seconds
[2025-10-24T12:19:52.139+0000] {processor.py:161} INFO - Started process (PID=281) to work on /opt/airflow/dags/silver/silver_cleaning.py
[2025-10-24T12:19:52.140+0000] {processor.py:830} INFO - Processing file /opt/airflow/dags/silver/silver_cleaning.py for tasks to queue
[2025-10-24T12:19:52.142+0000] {logging_mixin.py:188} INFO - [2025-10-24T12:19:52.141+0000] {dagbag.py:540} INFO - Filling up the DagBag from /opt/airflow/dags/silver/silver_cleaning.py
[2025-10-24T12:19:52.501+0000] {processor.py:842} WARNING - No viable dags retrieved from /opt/airflow/dags/silver/silver_cleaning.py
[2025-10-24T12:19:52.516+0000] {processor.py:183} INFO - Processing /opt/airflow/dags/silver/silver_cleaning.py took 0.382 seconds
[2025-10-24T12:20:22.887+0000] {processor.py:161} INFO - Started process (PID=287) to work on /opt/airflow/dags/silver/silver_cleaning.py
[2025-10-24T12:20:22.888+0000] {processor.py:830} INFO - Processing file /opt/airflow/dags/silver/silver_cleaning.py for tasks to queue
[2025-10-24T12:20:22.889+0000] {logging_mixin.py:188} INFO - [2025-10-24T12:20:22.889+0000] {dagbag.py:540} INFO - Filling up the DagBag from /opt/airflow/dags/silver/silver_cleaning.py
[2025-10-24T12:20:23.265+0000] {processor.py:842} WARNING - No viable dags retrieved from /opt/airflow/dags/silver/silver_cleaning.py
[2025-10-24T12:20:23.277+0000] {processor.py:183} INFO - Processing /opt/airflow/dags/silver/silver_cleaning.py took 0.395 seconds
[2025-10-24T12:20:37.162+0000] {processor.py:161} INFO - Started process (PID=289) to work on /opt/airflow/dags/silver/silver_cleaning.py
[2025-10-24T12:20:37.163+0000] {processor.py:830} INFO - Processing file /opt/airflow/dags/silver/silver_cleaning.py for tasks to queue
[2025-10-24T12:20:37.165+0000] {logging_mixin.py:188} INFO - [2025-10-24T12:20:37.165+0000] {dagbag.py:540} INFO - Filling up the DagBag from /opt/airflow/dags/silver/silver_cleaning.py
[2025-10-24T12:20:37.536+0000] {processor.py:842} WARNING - No viable dags retrieved from /opt/airflow/dags/silver/silver_cleaning.py
[2025-10-24T12:20:37.547+0000] {processor.py:183} INFO - Processing /opt/airflow/dags/silver/silver_cleaning.py took 0.391 seconds
[2025-10-24T12:21:07.660+0000] {processor.py:161} INFO - Started process (PID=295) to work on /opt/airflow/dags/silver/silver_cleaning.py
[2025-10-24T12:21:07.661+0000] {processor.py:830} INFO - Processing file /opt/airflow/dags/silver/silver_cleaning.py for tasks to queue
[2025-10-24T12:21:07.665+0000] {logging_mixin.py:188} INFO - [2025-10-24T12:21:07.664+0000] {dagbag.py:540} INFO - Filling up the DagBag from /opt/airflow/dags/silver/silver_cleaning.py
[2025-10-24T12:21:08.084+0000] {processor.py:842} WARNING - No viable dags retrieved from /opt/airflow/dags/silver/silver_cleaning.py
[2025-10-24T12:21:08.102+0000] {processor.py:183} INFO - Processing /opt/airflow/dags/silver/silver_cleaning.py took 0.449 seconds
[2025-10-24T12:21:38.308+0000] {processor.py:161} INFO - Started process (PID=301) to work on /opt/airflow/dags/silver/silver_cleaning.py
[2025-10-24T12:21:38.308+0000] {processor.py:830} INFO - Processing file /opt/airflow/dags/silver/silver_cleaning.py for tasks to queue
[2025-10-24T12:21:38.310+0000] {logging_mixin.py:188} INFO - [2025-10-24T12:21:38.310+0000] {dagbag.py:540} INFO - Filling up the DagBag from /opt/airflow/dags/silver/silver_cleaning.py
[2025-10-24T12:21:38.662+0000] {processor.py:842} WARNING - No viable dags retrieved from /opt/airflow/dags/silver/silver_cleaning.py
[2025-10-24T12:21:38.673+0000] {processor.py:183} INFO - Processing /opt/airflow/dags/silver/silver_cleaning.py took 0.371 seconds
[2025-10-24T12:22:09.318+0000] {processor.py:161} INFO - Started process (PID=307) to work on /opt/airflow/dags/silver/silver_cleaning.py
[2025-10-24T12:22:09.319+0000] {processor.py:830} INFO - Processing file /opt/airflow/dags/silver/silver_cleaning.py for tasks to queue
[2025-10-24T12:22:09.320+0000] {logging_mixin.py:188} INFO - [2025-10-24T12:22:09.320+0000] {dagbag.py:540} INFO - Filling up the DagBag from /opt/airflow/dags/silver/silver_cleaning.py
[2025-10-24T12:22:09.684+0000] {processor.py:842} WARNING - No viable dags retrieved from /opt/airflow/dags/silver/silver_cleaning.py
[2025-10-24T12:22:09.695+0000] {processor.py:183} INFO - Processing /opt/airflow/dags/silver/silver_cleaning.py took 0.382 seconds
[2025-10-24T12:22:40.016+0000] {processor.py:161} INFO - Started process (PID=313) to work on /opt/airflow/dags/silver/silver_cleaning.py
[2025-10-24T12:22:40.017+0000] {processor.py:830} INFO - Processing file /opt/airflow/dags/silver/silver_cleaning.py for tasks to queue
[2025-10-24T12:22:40.019+0000] {logging_mixin.py:188} INFO - [2025-10-24T12:22:40.018+0000] {dagbag.py:540} INFO - Filling up the DagBag from /opt/airflow/dags/silver/silver_cleaning.py
[2025-10-24T12:22:40.462+0000] {processor.py:842} WARNING - No viable dags retrieved from /opt/airflow/dags/silver/silver_cleaning.py
[2025-10-24T12:22:40.474+0000] {processor.py:183} INFO - Processing /opt/airflow/dags/silver/silver_cleaning.py took 0.465 seconds
[2025-10-24T12:23:11.249+0000] {processor.py:161} INFO - Started process (PID=319) to work on /opt/airflow/dags/silver/silver_cleaning.py
[2025-10-24T12:23:11.249+0000] {processor.py:830} INFO - Processing file /opt/airflow/dags/silver/silver_cleaning.py for tasks to queue
[2025-10-24T12:23:11.251+0000] {logging_mixin.py:188} INFO - [2025-10-24T12:23:11.251+0000] {dagbag.py:540} INFO - Filling up the DagBag from /opt/airflow/dags/silver/silver_cleaning.py
[2025-10-24T12:23:11.570+0000] {processor.py:842} WARNING - No viable dags retrieved from /opt/airflow/dags/silver/silver_cleaning.py
[2025-10-24T12:23:11.581+0000] {processor.py:183} INFO - Processing /opt/airflow/dags/silver/silver_cleaning.py took 0.337 seconds
[2025-10-24T12:23:41.932+0000] {processor.py:161} INFO - Started process (PID=325) to work on /opt/airflow/dags/silver/silver_cleaning.py
[2025-10-24T12:23:41.933+0000] {processor.py:830} INFO - Processing file /opt/airflow/dags/silver/silver_cleaning.py for tasks to queue
[2025-10-24T12:23:41.935+0000] {logging_mixin.py:188} INFO - [2025-10-24T12:23:41.934+0000] {dagbag.py:540} INFO - Filling up the DagBag from /opt/airflow/dags/silver/silver_cleaning.py
[2025-10-24T12:23:42.262+0000] {processor.py:842} WARNING - No viable dags retrieved from /opt/airflow/dags/silver/silver_cleaning.py
[2025-10-24T12:23:42.272+0000] {processor.py:183} INFO - Processing /opt/airflow/dags/silver/silver_cleaning.py took 0.345 seconds
[2025-10-24T12:24:13.158+0000] {processor.py:161} INFO - Started process (PID=331) to work on /opt/airflow/dags/silver/silver_cleaning.py
[2025-10-24T12:24:13.158+0000] {processor.py:830} INFO - Processing file /opt/airflow/dags/silver/silver_cleaning.py for tasks to queue
[2025-10-24T12:24:13.160+0000] {logging_mixin.py:188} INFO - [2025-10-24T12:24:13.160+0000] {dagbag.py:540} INFO - Filling up the DagBag from /opt/airflow/dags/silver/silver_cleaning.py
[2025-10-24T12:24:13.473+0000] {processor.py:842} WARNING - No viable dags retrieved from /opt/airflow/dags/silver/silver_cleaning.py
[2025-10-24T12:24:13.484+0000] {processor.py:183} INFO - Processing /opt/airflow/dags/silver/silver_cleaning.py took 0.331 seconds
[2025-10-24T12:24:44.113+0000] {processor.py:161} INFO - Started process (PID=337) to work on /opt/airflow/dags/silver/silver_cleaning.py
[2025-10-24T12:24:44.113+0000] {processor.py:830} INFO - Processing file /opt/airflow/dags/silver/silver_cleaning.py for tasks to queue
[2025-10-24T12:24:44.115+0000] {logging_mixin.py:188} INFO - [2025-10-24T12:24:44.115+0000] {dagbag.py:540} INFO - Filling up the DagBag from /opt/airflow/dags/silver/silver_cleaning.py
[2025-10-24T12:24:44.423+0000] {processor.py:842} WARNING - No viable dags retrieved from /opt/airflow/dags/silver/silver_cleaning.py
[2025-10-24T12:24:44.433+0000] {processor.py:183} INFO - Processing /opt/airflow/dags/silver/silver_cleaning.py took 0.325 seconds
[2025-10-24T12:25:15.010+0000] {processor.py:161} INFO - Started process (PID=343) to work on /opt/airflow/dags/silver/silver_cleaning.py
[2025-10-24T12:25:15.011+0000] {processor.py:830} INFO - Processing file /opt/airflow/dags/silver/silver_cleaning.py for tasks to queue
[2025-10-24T12:25:15.012+0000] {logging_mixin.py:188} INFO - [2025-10-24T12:25:15.012+0000] {dagbag.py:540} INFO - Filling up the DagBag from /opt/airflow/dags/silver/silver_cleaning.py
[2025-10-24T12:25:15.325+0000] {processor.py:842} WARNING - No viable dags retrieved from /opt/airflow/dags/silver/silver_cleaning.py
[2025-10-24T12:25:15.335+0000] {processor.py:183} INFO - Processing /opt/airflow/dags/silver/silver_cleaning.py took 0.329 seconds
[2025-10-24T12:25:45.989+0000] {processor.py:161} INFO - Started process (PID=349) to work on /opt/airflow/dags/silver/silver_cleaning.py
[2025-10-24T12:25:45.990+0000] {processor.py:830} INFO - Processing file /opt/airflow/dags/silver/silver_cleaning.py for tasks to queue
[2025-10-24T12:25:45.992+0000] {logging_mixin.py:188} INFO - [2025-10-24T12:25:45.991+0000] {dagbag.py:540} INFO - Filling up the DagBag from /opt/airflow/dags/silver/silver_cleaning.py
[2025-10-24T12:25:46.311+0000] {processor.py:842} WARNING - No viable dags retrieved from /opt/airflow/dags/silver/silver_cleaning.py
[2025-10-24T12:25:46.322+0000] {processor.py:183} INFO - Processing /opt/airflow/dags/silver/silver_cleaning.py took 0.337 seconds
[2025-10-24T12:26:16.443+0000] {processor.py:161} INFO - Started process (PID=355) to work on /opt/airflow/dags/silver/silver_cleaning.py
[2025-10-24T12:26:16.444+0000] {processor.py:830} INFO - Processing file /opt/airflow/dags/silver/silver_cleaning.py for tasks to queue
[2025-10-24T12:26:16.446+0000] {logging_mixin.py:188} INFO - [2025-10-24T12:26:16.445+0000] {dagbag.py:540} INFO - Filling up the DagBag from /opt/airflow/dags/silver/silver_cleaning.py
[2025-10-24T12:26:16.764+0000] {processor.py:842} WARNING - No viable dags retrieved from /opt/airflow/dags/silver/silver_cleaning.py
[2025-10-24T12:26:16.776+0000] {processor.py:183} INFO - Processing /opt/airflow/dags/silver/silver_cleaning.py took 0.337 seconds
[2025-10-24T12:26:47.583+0000] {processor.py:161} INFO - Started process (PID=361) to work on /opt/airflow/dags/silver/silver_cleaning.py
[2025-10-24T12:26:47.584+0000] {processor.py:830} INFO - Processing file /opt/airflow/dags/silver/silver_cleaning.py for tasks to queue
[2025-10-24T12:26:47.586+0000] {logging_mixin.py:188} INFO - [2025-10-24T12:26:47.585+0000] {dagbag.py:540} INFO - Filling up the DagBag from /opt/airflow/dags/silver/silver_cleaning.py
[2025-10-24T12:26:47.918+0000] {processor.py:842} WARNING - No viable dags retrieved from /opt/airflow/dags/silver/silver_cleaning.py
[2025-10-24T12:26:47.930+0000] {processor.py:183} INFO - Processing /opt/airflow/dags/silver/silver_cleaning.py took 0.351 seconds
[2025-10-24T12:27:18.275+0000] {processor.py:161} INFO - Started process (PID=367) to work on /opt/airflow/dags/silver/silver_cleaning.py
[2025-10-24T12:27:18.276+0000] {processor.py:830} INFO - Processing file /opt/airflow/dags/silver/silver_cleaning.py for tasks to queue
[2025-10-24T12:27:18.277+0000] {logging_mixin.py:188} INFO - [2025-10-24T12:27:18.277+0000] {dagbag.py:540} INFO - Filling up the DagBag from /opt/airflow/dags/silver/silver_cleaning.py
[2025-10-24T12:27:18.621+0000] {processor.py:842} WARNING - No viable dags retrieved from /opt/airflow/dags/silver/silver_cleaning.py
[2025-10-24T12:27:18.633+0000] {processor.py:183} INFO - Processing /opt/airflow/dags/silver/silver_cleaning.py took 0.364 seconds
[2025-10-24T12:27:48.761+0000] {processor.py:161} INFO - Started process (PID=373) to work on /opt/airflow/dags/silver/silver_cleaning.py
[2025-10-24T12:27:48.762+0000] {processor.py:830} INFO - Processing file /opt/airflow/dags/silver/silver_cleaning.py for tasks to queue
[2025-10-24T12:27:48.763+0000] {logging_mixin.py:188} INFO - [2025-10-24T12:27:48.763+0000] {dagbag.py:540} INFO - Filling up the DagBag from /opt/airflow/dags/silver/silver_cleaning.py
[2025-10-24T12:27:49.101+0000] {processor.py:842} WARNING - No viable dags retrieved from /opt/airflow/dags/silver/silver_cleaning.py
[2025-10-24T12:27:49.112+0000] {processor.py:183} INFO - Processing /opt/airflow/dags/silver/silver_cleaning.py took 0.356 seconds
[2025-10-24T12:28:19.343+0000] {processor.py:161} INFO - Started process (PID=379) to work on /opt/airflow/dags/silver/silver_cleaning.py
[2025-10-24T12:28:19.345+0000] {processor.py:830} INFO - Processing file /opt/airflow/dags/silver/silver_cleaning.py for tasks to queue
[2025-10-24T12:28:19.347+0000] {logging_mixin.py:188} INFO - [2025-10-24T12:28:19.346+0000] {dagbag.py:540} INFO - Filling up the DagBag from /opt/airflow/dags/silver/silver_cleaning.py
[2025-10-24T12:28:19.694+0000] {processor.py:842} WARNING - No viable dags retrieved from /opt/airflow/dags/silver/silver_cleaning.py
[2025-10-24T12:28:19.705+0000] {processor.py:183} INFO - Processing /opt/airflow/dags/silver/silver_cleaning.py took 0.368 seconds
[2025-10-24T12:28:49.774+0000] {processor.py:161} INFO - Started process (PID=385) to work on /opt/airflow/dags/silver/silver_cleaning.py
[2025-10-24T12:28:49.774+0000] {processor.py:830} INFO - Processing file /opt/airflow/dags/silver/silver_cleaning.py for tasks to queue
[2025-10-24T12:28:49.776+0000] {logging_mixin.py:188} INFO - [2025-10-24T12:28:49.776+0000] {dagbag.py:540} INFO - Filling up the DagBag from /opt/airflow/dags/silver/silver_cleaning.py
[2025-10-24T12:28:50.091+0000] {processor.py:842} WARNING - No viable dags retrieved from /opt/airflow/dags/silver/silver_cleaning.py
[2025-10-24T12:28:50.102+0000] {processor.py:183} INFO - Processing /opt/airflow/dags/silver/silver_cleaning.py took 0.333 seconds
[2025-10-24T12:29:20.247+0000] {processor.py:161} INFO - Started process (PID=391) to work on /opt/airflow/dags/silver/silver_cleaning.py
[2025-10-24T12:29:20.247+0000] {processor.py:830} INFO - Processing file /opt/airflow/dags/silver/silver_cleaning.py for tasks to queue
[2025-10-24T12:29:20.249+0000] {logging_mixin.py:188} INFO - [2025-10-24T12:29:20.249+0000] {dagbag.py:540} INFO - Filling up the DagBag from /opt/airflow/dags/silver/silver_cleaning.py
[2025-10-24T12:29:20.560+0000] {processor.py:842} WARNING - No viable dags retrieved from /opt/airflow/dags/silver/silver_cleaning.py
[2025-10-24T12:29:20.570+0000] {processor.py:183} INFO - Processing /opt/airflow/dags/silver/silver_cleaning.py took 0.328 seconds
[2025-10-24T12:29:50.696+0000] {processor.py:161} INFO - Started process (PID=397) to work on /opt/airflow/dags/silver/silver_cleaning.py
[2025-10-24T12:29:50.697+0000] {processor.py:830} INFO - Processing file /opt/airflow/dags/silver/silver_cleaning.py for tasks to queue
[2025-10-24T12:29:50.699+0000] {logging_mixin.py:188} INFO - [2025-10-24T12:29:50.698+0000] {dagbag.py:540} INFO - Filling up the DagBag from /opt/airflow/dags/silver/silver_cleaning.py
[2025-10-24T12:29:51.131+0000] {processor.py:842} WARNING - No viable dags retrieved from /opt/airflow/dags/silver/silver_cleaning.py
[2025-10-24T12:29:51.140+0000] {processor.py:183} INFO - Processing /opt/airflow/dags/silver/silver_cleaning.py took 0.448 seconds
[2025-10-24T12:30:21.477+0000] {processor.py:161} INFO - Started process (PID=403) to work on /opt/airflow/dags/silver/silver_cleaning.py
[2025-10-24T12:30:21.478+0000] {processor.py:830} INFO - Processing file /opt/airflow/dags/silver/silver_cleaning.py for tasks to queue
[2025-10-24T12:30:21.479+0000] {logging_mixin.py:188} INFO - [2025-10-24T12:30:21.479+0000] {dagbag.py:540} INFO - Filling up the DagBag from /opt/airflow/dags/silver/silver_cleaning.py
[2025-10-24T12:30:21.973+0000] {processor.py:842} WARNING - No viable dags retrieved from /opt/airflow/dags/silver/silver_cleaning.py
[2025-10-24T12:30:21.982+0000] {processor.py:183} INFO - Processing /opt/airflow/dags/silver/silver_cleaning.py took 0.510 seconds
[2025-10-24T12:30:52.713+0000] {processor.py:161} INFO - Started process (PID=409) to work on /opt/airflow/dags/silver/silver_cleaning.py
[2025-10-24T12:30:52.713+0000] {processor.py:830} INFO - Processing file /opt/airflow/dags/silver/silver_cleaning.py for tasks to queue
[2025-10-24T12:30:52.715+0000] {logging_mixin.py:188} INFO - [2025-10-24T12:30:52.715+0000] {dagbag.py:540} INFO - Filling up the DagBag from /opt/airflow/dags/silver/silver_cleaning.py
[2025-10-24T12:30:53.187+0000] {processor.py:842} WARNING - No viable dags retrieved from /opt/airflow/dags/silver/silver_cleaning.py
[2025-10-24T12:30:53.195+0000] {processor.py:183} INFO - Processing /opt/airflow/dags/silver/silver_cleaning.py took 0.487 seconds
[2025-10-24T12:31:23.941+0000] {processor.py:161} INFO - Started process (PID=415) to work on /opt/airflow/dags/silver/silver_cleaning.py
[2025-10-24T12:31:23.942+0000] {processor.py:830} INFO - Processing file /opt/airflow/dags/silver/silver_cleaning.py for tasks to queue
[2025-10-24T12:31:23.943+0000] {logging_mixin.py:188} INFO - [2025-10-24T12:31:23.943+0000] {dagbag.py:540} INFO - Filling up the DagBag from /opt/airflow/dags/silver/silver_cleaning.py
[2025-10-24T12:31:24.383+0000] {processor.py:842} WARNING - No viable dags retrieved from /opt/airflow/dags/silver/silver_cleaning.py
[2025-10-24T12:31:24.392+0000] {processor.py:183} INFO - Processing /opt/airflow/dags/silver/silver_cleaning.py took 0.455 seconds
[2025-10-24T12:31:54.720+0000] {processor.py:161} INFO - Started process (PID=421) to work on /opt/airflow/dags/silver/silver_cleaning.py
[2025-10-24T12:31:54.721+0000] {processor.py:830} INFO - Processing file /opt/airflow/dags/silver/silver_cleaning.py for tasks to queue
[2025-10-24T12:31:54.722+0000] {logging_mixin.py:188} INFO - [2025-10-24T12:31:54.722+0000] {dagbag.py:540} INFO - Filling up the DagBag from /opt/airflow/dags/silver/silver_cleaning.py
[2025-10-24T12:31:55.148+0000] {processor.py:842} WARNING - No viable dags retrieved from /opt/airflow/dags/silver/silver_cleaning.py
[2025-10-24T12:31:55.156+0000] {processor.py:183} INFO - Processing /opt/airflow/dags/silver/silver_cleaning.py took 0.441 seconds
[2025-10-24T12:32:25.243+0000] {processor.py:161} INFO - Started process (PID=427) to work on /opt/airflow/dags/silver/silver_cleaning.py
[2025-10-24T12:32:25.244+0000] {processor.py:830} INFO - Processing file /opt/airflow/dags/silver/silver_cleaning.py for tasks to queue
[2025-10-24T12:32:25.246+0000] {logging_mixin.py:188} INFO - [2025-10-24T12:32:25.246+0000] {dagbag.py:540} INFO - Filling up the DagBag from /opt/airflow/dags/silver/silver_cleaning.py
[2025-10-24T12:32:25.749+0000] {processor.py:842} WARNING - No viable dags retrieved from /opt/airflow/dags/silver/silver_cleaning.py
[2025-10-24T12:32:25.759+0000] {processor.py:183} INFO - Processing /opt/airflow/dags/silver/silver_cleaning.py took 0.521 seconds
[2025-10-24T12:32:56.003+0000] {processor.py:161} INFO - Started process (PID=433) to work on /opt/airflow/dags/silver/silver_cleaning.py
[2025-10-24T12:32:56.003+0000] {processor.py:830} INFO - Processing file /opt/airflow/dags/silver/silver_cleaning.py for tasks to queue
[2025-10-24T12:32:56.005+0000] {logging_mixin.py:188} INFO - [2025-10-24T12:32:56.005+0000] {dagbag.py:540} INFO - Filling up the DagBag from /opt/airflow/dags/silver/silver_cleaning.py
[2025-10-24T12:32:56.442+0000] {processor.py:842} WARNING - No viable dags retrieved from /opt/airflow/dags/silver/silver_cleaning.py
[2025-10-24T12:32:56.451+0000] {processor.py:183} INFO - Processing /opt/airflow/dags/silver/silver_cleaning.py took 0.453 seconds
[2025-10-24T12:33:27.227+0000] {processor.py:161} INFO - Started process (PID=439) to work on /opt/airflow/dags/silver/silver_cleaning.py
[2025-10-24T12:33:27.228+0000] {processor.py:830} INFO - Processing file /opt/airflow/dags/silver/silver_cleaning.py for tasks to queue
[2025-10-24T12:33:27.229+0000] {logging_mixin.py:188} INFO - [2025-10-24T12:33:27.229+0000] {dagbag.py:540} INFO - Filling up the DagBag from /opt/airflow/dags/silver/silver_cleaning.py
[2025-10-24T12:33:27.699+0000] {processor.py:842} WARNING - No viable dags retrieved from /opt/airflow/dags/silver/silver_cleaning.py
[2025-10-24T12:33:27.708+0000] {processor.py:183} INFO - Processing /opt/airflow/dags/silver/silver_cleaning.py took 0.485 seconds
[2025-10-24T12:33:58.561+0000] {processor.py:161} INFO - Started process (PID=445) to work on /opt/airflow/dags/silver/silver_cleaning.py
[2025-10-24T12:33:58.561+0000] {processor.py:830} INFO - Processing file /opt/airflow/dags/silver/silver_cleaning.py for tasks to queue
[2025-10-24T12:33:58.563+0000] {logging_mixin.py:188} INFO - [2025-10-24T12:33:58.563+0000] {dagbag.py:540} INFO - Filling up the DagBag from /opt/airflow/dags/silver/silver_cleaning.py
[2025-10-24T12:33:59.059+0000] {processor.py:842} WARNING - No viable dags retrieved from /opt/airflow/dags/silver/silver_cleaning.py
[2025-10-24T12:33:59.069+0000] {processor.py:183} INFO - Processing /opt/airflow/dags/silver/silver_cleaning.py took 0.513 seconds
[2025-10-24T12:34:29.447+0000] {processor.py:161} INFO - Started process (PID=451) to work on /opt/airflow/dags/silver/silver_cleaning.py
[2025-10-24T12:34:29.448+0000] {processor.py:830} INFO - Processing file /opt/airflow/dags/silver/silver_cleaning.py for tasks to queue
[2025-10-24T12:34:29.450+0000] {logging_mixin.py:188} INFO - [2025-10-24T12:34:29.450+0000] {dagbag.py:540} INFO - Filling up the DagBag from /opt/airflow/dags/silver/silver_cleaning.py
[2025-10-24T12:34:29.903+0000] {processor.py:842} WARNING - No viable dags retrieved from /opt/airflow/dags/silver/silver_cleaning.py
[2025-10-24T12:34:29.912+0000] {processor.py:183} INFO - Processing /opt/airflow/dags/silver/silver_cleaning.py took 0.469 seconds
[2025-10-24T12:35:01.482+0000] {processor.py:161} INFO - Started process (PID=457) to work on /opt/airflow/dags/silver/silver_cleaning.py
[2025-10-24T12:35:01.483+0000] {processor.py:830} INFO - Processing file /opt/airflow/dags/silver/silver_cleaning.py for tasks to queue
[2025-10-24T12:35:01.484+0000] {logging_mixin.py:188} INFO - [2025-10-24T12:35:01.484+0000] {dagbag.py:540} INFO - Filling up the DagBag from /opt/airflow/dags/silver/silver_cleaning.py
[2025-10-24T12:35:01.945+0000] {processor.py:842} WARNING - No viable dags retrieved from /opt/airflow/dags/silver/silver_cleaning.py
[2025-10-24T12:35:01.954+0000] {processor.py:183} INFO - Processing /opt/airflow/dags/silver/silver_cleaning.py took 0.478 seconds
[2025-10-24T12:35:32.027+0000] {processor.py:161} INFO - Started process (PID=463) to work on /opt/airflow/dags/silver/silver_cleaning.py
[2025-10-24T12:35:32.028+0000] {processor.py:830} INFO - Processing file /opt/airflow/dags/silver/silver_cleaning.py for tasks to queue
[2025-10-24T12:35:32.030+0000] {logging_mixin.py:188} INFO - [2025-10-24T12:35:32.030+0000] {dagbag.py:540} INFO - Filling up the DagBag from /opt/airflow/dags/silver/silver_cleaning.py
[2025-10-24T12:35:32.496+0000] {processor.py:842} WARNING - No viable dags retrieved from /opt/airflow/dags/silver/silver_cleaning.py
[2025-10-24T12:35:32.505+0000] {processor.py:183} INFO - Processing /opt/airflow/dags/silver/silver_cleaning.py took 0.482 seconds
[2025-10-24T12:36:02.742+0000] {processor.py:161} INFO - Started process (PID=469) to work on /opt/airflow/dags/silver/silver_cleaning.py
[2025-10-24T12:36:02.743+0000] {processor.py:830} INFO - Processing file /opt/airflow/dags/silver/silver_cleaning.py for tasks to queue
[2025-10-24T12:36:02.745+0000] {logging_mixin.py:188} INFO - [2025-10-24T12:36:02.745+0000] {dagbag.py:540} INFO - Filling up the DagBag from /opt/airflow/dags/silver/silver_cleaning.py
[2025-10-24T12:36:03.245+0000] {processor.py:842} WARNING - No viable dags retrieved from /opt/airflow/dags/silver/silver_cleaning.py
[2025-10-24T12:36:03.254+0000] {processor.py:183} INFO - Processing /opt/airflow/dags/silver/silver_cleaning.py took 0.517 seconds
[2025-10-24T12:36:33.358+0000] {processor.py:161} INFO - Started process (PID=475) to work on /opt/airflow/dags/silver/silver_cleaning.py
[2025-10-24T12:36:33.358+0000] {processor.py:830} INFO - Processing file /opt/airflow/dags/silver/silver_cleaning.py for tasks to queue
[2025-10-24T12:36:33.360+0000] {logging_mixin.py:188} INFO - [2025-10-24T12:36:33.360+0000] {dagbag.py:540} INFO - Filling up the DagBag from /opt/airflow/dags/silver/silver_cleaning.py
[2025-10-24T12:36:33.794+0000] {processor.py:842} WARNING - No viable dags retrieved from /opt/airflow/dags/silver/silver_cleaning.py
[2025-10-24T12:36:33.803+0000] {processor.py:183} INFO - Processing /opt/airflow/dags/silver/silver_cleaning.py took 0.449 seconds
[2025-10-24T12:37:06.097+0000] {processor.py:161} INFO - Started process (PID=481) to work on /opt/airflow/dags/silver/silver_cleaning.py
[2025-10-24T12:37:06.097+0000] {processor.py:830} INFO - Processing file /opt/airflow/dags/silver/silver_cleaning.py for tasks to queue
[2025-10-24T12:37:06.099+0000] {logging_mixin.py:188} INFO - [2025-10-24T12:37:06.099+0000] {dagbag.py:540} INFO - Filling up the DagBag from /opt/airflow/dags/silver/silver_cleaning.py
[2025-10-24T12:37:06.563+0000] {processor.py:842} WARNING - No viable dags retrieved from /opt/airflow/dags/silver/silver_cleaning.py
[2025-10-24T12:37:06.573+0000] {processor.py:183} INFO - Processing /opt/airflow/dags/silver/silver_cleaning.py took 0.481 seconds
[2025-10-24T12:37:38.866+0000] {processor.py:161} INFO - Started process (PID=487) to work on /opt/airflow/dags/silver/silver_cleaning.py
[2025-10-24T12:37:38.867+0000] {processor.py:830} INFO - Processing file /opt/airflow/dags/silver/silver_cleaning.py for tasks to queue
[2025-10-24T12:37:38.869+0000] {logging_mixin.py:188} INFO - [2025-10-24T12:37:38.868+0000] {dagbag.py:540} INFO - Filling up the DagBag from /opt/airflow/dags/silver/silver_cleaning.py
[2025-10-24T12:37:39.295+0000] {processor.py:842} WARNING - No viable dags retrieved from /opt/airflow/dags/silver/silver_cleaning.py
[2025-10-24T12:37:39.303+0000] {processor.py:183} INFO - Processing /opt/airflow/dags/silver/silver_cleaning.py took 0.441 seconds
[2025-10-24T12:38:10.967+0000] {processor.py:161} INFO - Started process (PID=493) to work on /opt/airflow/dags/silver/silver_cleaning.py
[2025-10-24T12:38:10.968+0000] {processor.py:830} INFO - Processing file /opt/airflow/dags/silver/silver_cleaning.py for tasks to queue
[2025-10-24T12:38:10.969+0000] {logging_mixin.py:188} INFO - [2025-10-24T12:38:10.969+0000] {dagbag.py:540} INFO - Filling up the DagBag from /opt/airflow/dags/silver/silver_cleaning.py
[2025-10-24T12:38:11.404+0000] {processor.py:842} WARNING - No viable dags retrieved from /opt/airflow/dags/silver/silver_cleaning.py
[2025-10-24T12:38:11.414+0000] {processor.py:183} INFO - Processing /opt/airflow/dags/silver/silver_cleaning.py took 0.452 seconds
[2025-10-24T12:38:43.336+0000] {processor.py:161} INFO - Started process (PID=499) to work on /opt/airflow/dags/silver/silver_cleaning.py
[2025-10-24T12:38:43.337+0000] {processor.py:830} INFO - Processing file /opt/airflow/dags/silver/silver_cleaning.py for tasks to queue
[2025-10-24T12:38:43.338+0000] {logging_mixin.py:188} INFO - [2025-10-24T12:38:43.338+0000] {dagbag.py:540} INFO - Filling up the DagBag from /opt/airflow/dags/silver/silver_cleaning.py
[2025-10-24T12:38:43.781+0000] {processor.py:842} WARNING - No viable dags retrieved from /opt/airflow/dags/silver/silver_cleaning.py
[2025-10-24T12:38:43.790+0000] {processor.py:183} INFO - Processing /opt/airflow/dags/silver/silver_cleaning.py took 0.459 seconds
[2025-10-24T12:39:16.646+0000] {processor.py:161} INFO - Started process (PID=505) to work on /opt/airflow/dags/silver/silver_cleaning.py
[2025-10-24T12:39:16.647+0000] {processor.py:830} INFO - Processing file /opt/airflow/dags/silver/silver_cleaning.py for tasks to queue
[2025-10-24T12:39:16.648+0000] {logging_mixin.py:188} INFO - [2025-10-24T12:39:16.648+0000] {dagbag.py:540} INFO - Filling up the DagBag from /opt/airflow/dags/silver/silver_cleaning.py
[2025-10-24T12:39:17.118+0000] {processor.py:842} WARNING - No viable dags retrieved from /opt/airflow/dags/silver/silver_cleaning.py
[2025-10-24T12:39:17.127+0000] {processor.py:183} INFO - Processing /opt/airflow/dags/silver/silver_cleaning.py took 0.486 seconds
[2025-10-24T12:39:49.081+0000] {processor.py:161} INFO - Started process (PID=511) to work on /opt/airflow/dags/silver/silver_cleaning.py
[2025-10-24T12:39:49.098+0000] {processor.py:830} INFO - Processing file /opt/airflow/dags/silver/silver_cleaning.py for tasks to queue
[2025-10-24T12:39:49.126+0000] {logging_mixin.py:188} INFO - [2025-10-24T12:39:49.125+0000] {dagbag.py:540} INFO - Filling up the DagBag from /opt/airflow/dags/silver/silver_cleaning.py
[2025-10-24T12:39:52.205+0000] {processor.py:842} WARNING - No viable dags retrieved from /opt/airflow/dags/silver/silver_cleaning.py
[2025-10-24T12:39:52.235+0000] {processor.py:183} INFO - Processing /opt/airflow/dags/silver/silver_cleaning.py took 3.271 seconds
[2025-10-24T12:40:22.529+0000] {processor.py:161} INFO - Started process (PID=518) to work on /opt/airflow/dags/silver/silver_cleaning.py
[2025-10-24T12:40:22.530+0000] {processor.py:830} INFO - Processing file /opt/airflow/dags/silver/silver_cleaning.py for tasks to queue
[2025-10-24T12:40:22.532+0000] {logging_mixin.py:188} INFO - [2025-10-24T12:40:22.532+0000] {dagbag.py:540} INFO - Filling up the DagBag from /opt/airflow/dags/silver/silver_cleaning.py
[2025-10-24T12:40:22.997+0000] {processor.py:842} WARNING - No viable dags retrieved from /opt/airflow/dags/silver/silver_cleaning.py
[2025-10-24T12:40:23.005+0000] {processor.py:183} INFO - Processing /opt/airflow/dags/silver/silver_cleaning.py took 0.480 seconds
[2025-10-24T12:40:53.989+0000] {processor.py:161} INFO - Started process (PID=523) to work on /opt/airflow/dags/silver/silver_cleaning.py
[2025-10-24T12:40:53.990+0000] {processor.py:830} INFO - Processing file /opt/airflow/dags/silver/silver_cleaning.py for tasks to queue
[2025-10-24T12:40:53.992+0000] {logging_mixin.py:188} INFO - [2025-10-24T12:40:53.992+0000] {dagbag.py:540} INFO - Filling up the DagBag from /opt/airflow/dags/silver/silver_cleaning.py
[2025-10-24T12:40:54.790+0000] {processor.py:842} WARNING - No viable dags retrieved from /opt/airflow/dags/silver/silver_cleaning.py
[2025-10-24T12:40:54.802+0000] {processor.py:183} INFO - Processing /opt/airflow/dags/silver/silver_cleaning.py took 0.820 seconds
[2025-10-24T12:41:25.568+0000] {processor.py:161} INFO - Started process (PID=530) to work on /opt/airflow/dags/silver/silver_cleaning.py
[2025-10-24T12:41:25.569+0000] {processor.py:830} INFO - Processing file /opt/airflow/dags/silver/silver_cleaning.py for tasks to queue
[2025-10-24T12:41:25.570+0000] {logging_mixin.py:188} INFO - [2025-10-24T12:41:25.570+0000] {dagbag.py:540} INFO - Filling up the DagBag from /opt/airflow/dags/silver/silver_cleaning.py
[2025-10-24T12:41:26.007+0000] {processor.py:842} WARNING - No viable dags retrieved from /opt/airflow/dags/silver/silver_cleaning.py
[2025-10-24T12:41:26.016+0000] {processor.py:183} INFO - Processing /opt/airflow/dags/silver/silver_cleaning.py took 0.453 seconds
[2025-10-24T12:41:56.816+0000] {processor.py:161} INFO - Started process (PID=536) to work on /opt/airflow/dags/silver/silver_cleaning.py
[2025-10-24T12:41:56.817+0000] {processor.py:830} INFO - Processing file /opt/airflow/dags/silver/silver_cleaning.py for tasks to queue
[2025-10-24T12:41:56.818+0000] {logging_mixin.py:188} INFO - [2025-10-24T12:41:56.818+0000] {dagbag.py:540} INFO - Filling up the DagBag from /opt/airflow/dags/silver/silver_cleaning.py
[2025-10-24T12:41:58.516+0000] {processor.py:842} WARNING - No viable dags retrieved from /opt/airflow/dags/silver/silver_cleaning.py
[2025-10-24T12:41:58.528+0000] {processor.py:183} INFO - Processing /opt/airflow/dags/silver/silver_cleaning.py took 0.458 seconds
[2025-10-24T12:42:31.899+0000] {processor.py:161} INFO - Started process (PID=542) to work on /opt/airflow/dags/silver/silver_cleaning.py
[2025-10-24T12:42:31.900+0000] {processor.py:830} INFO - Processing file /opt/airflow/dags/silver/silver_cleaning.py for tasks to queue
[2025-10-24T12:42:31.901+0000] {logging_mixin.py:188} INFO - [2025-10-24T12:42:31.901+0000] {dagbag.py:540} INFO - Filling up the DagBag from /opt/airflow/dags/silver/silver_cleaning.py
[2025-10-24T12:42:32.370+0000] {processor.py:842} WARNING - No viable dags retrieved from /opt/airflow/dags/silver/silver_cleaning.py
[2025-10-24T12:42:32.378+0000] {processor.py:183} INFO - Processing /opt/airflow/dags/silver/silver_cleaning.py took 0.485 seconds
[2025-10-24T12:43:04.088+0000] {processor.py:161} INFO - Started process (PID=548) to work on /opt/airflow/dags/silver/silver_cleaning.py
[2025-10-24T12:43:04.088+0000] {processor.py:830} INFO - Processing file /opt/airflow/dags/silver/silver_cleaning.py for tasks to queue
[2025-10-24T12:43:04.090+0000] {logging_mixin.py:188} INFO - [2025-10-24T12:43:04.090+0000] {dagbag.py:540} INFO - Filling up the DagBag from /opt/airflow/dags/silver/silver_cleaning.py
[2025-10-24T12:43:04.658+0000] {processor.py:842} WARNING - No viable dags retrieved from /opt/airflow/dags/silver/silver_cleaning.py
[2025-10-24T12:43:04.669+0000] {processor.py:183} INFO - Processing /opt/airflow/dags/silver/silver_cleaning.py took 0.587 seconds
[2025-10-24T12:43:35.022+0000] {processor.py:161} INFO - Started process (PID=554) to work on /opt/airflow/dags/silver/silver_cleaning.py
[2025-10-24T12:43:35.022+0000] {processor.py:830} INFO - Processing file /opt/airflow/dags/silver/silver_cleaning.py for tasks to queue
[2025-10-24T12:43:35.024+0000] {logging_mixin.py:188} INFO - [2025-10-24T12:43:35.024+0000] {dagbag.py:540} INFO - Filling up the DagBag from /opt/airflow/dags/silver/silver_cleaning.py
[2025-10-24T12:43:35.571+0000] {processor.py:842} WARNING - No viable dags retrieved from /opt/airflow/dags/silver/silver_cleaning.py
[2025-10-24T12:43:35.581+0000] {processor.py:183} INFO - Processing /opt/airflow/dags/silver/silver_cleaning.py took 0.564 seconds
[2025-10-24T12:44:06.132+0000] {processor.py:161} INFO - Started process (PID=560) to work on /opt/airflow/dags/silver/silver_cleaning.py
[2025-10-24T12:44:06.132+0000] {processor.py:830} INFO - Processing file /opt/airflow/dags/silver/silver_cleaning.py for tasks to queue
[2025-10-24T12:44:06.134+0000] {logging_mixin.py:188} INFO - [2025-10-24T12:44:06.134+0000] {dagbag.py:540} INFO - Filling up the DagBag from /opt/airflow/dags/silver/silver_cleaning.py
[2025-10-24T12:44:06.785+0000] {processor.py:842} WARNING - No viable dags retrieved from /opt/airflow/dags/silver/silver_cleaning.py
[2025-10-24T12:44:06.796+0000] {processor.py:183} INFO - Processing /opt/airflow/dags/silver/silver_cleaning.py took 0.669 seconds
[2025-10-24T12:44:37.387+0000] {processor.py:161} INFO - Started process (PID=566) to work on /opt/airflow/dags/silver/silver_cleaning.py
[2025-10-24T12:44:37.388+0000] {processor.py:830} INFO - Processing file /opt/airflow/dags/silver/silver_cleaning.py for tasks to queue
[2025-10-24T12:44:37.390+0000] {logging_mixin.py:188} INFO - [2025-10-24T12:44:37.389+0000] {dagbag.py:540} INFO - Filling up the DagBag from /opt/airflow/dags/silver/silver_cleaning.py
[2025-10-24T12:44:37.878+0000] {processor.py:842} WARNING - No viable dags retrieved from /opt/airflow/dags/silver/silver_cleaning.py
[2025-10-24T12:44:37.886+0000] {processor.py:183} INFO - Processing /opt/airflow/dags/silver/silver_cleaning.py took 0.504 seconds
[2025-10-24T12:45:08.020+0000] {processor.py:161} INFO - Started process (PID=572) to work on /opt/airflow/dags/silver/silver_cleaning.py
[2025-10-24T12:45:08.020+0000] {processor.py:830} INFO - Processing file /opt/airflow/dags/silver/silver_cleaning.py for tasks to queue
[2025-10-24T12:45:08.022+0000] {logging_mixin.py:188} INFO - [2025-10-24T12:45:08.021+0000] {dagbag.py:540} INFO - Filling up the DagBag from /opt/airflow/dags/silver/silver_cleaning.py
[2025-10-24T12:45:08.597+0000] {processor.py:842} WARNING - No viable dags retrieved from /opt/airflow/dags/silver/silver_cleaning.py
[2025-10-24T12:45:08.607+0000] {processor.py:183} INFO - Processing /opt/airflow/dags/silver/silver_cleaning.py took 0.591 seconds
[2025-10-24T12:45:38.861+0000] {processor.py:161} INFO - Started process (PID=578) to work on /opt/airflow/dags/silver/silver_cleaning.py
[2025-10-24T12:45:38.862+0000] {processor.py:830} INFO - Processing file /opt/airflow/dags/silver/silver_cleaning.py for tasks to queue
[2025-10-24T12:45:38.863+0000] {logging_mixin.py:188} INFO - [2025-10-24T12:45:38.863+0000] {dagbag.py:540} INFO - Filling up the DagBag from /opt/airflow/dags/silver/silver_cleaning.py
[2025-10-24T12:45:39.345+0000] {processor.py:842} WARNING - No viable dags retrieved from /opt/airflow/dags/silver/silver_cleaning.py
[2025-10-24T12:45:39.353+0000] {processor.py:183} INFO - Processing /opt/airflow/dags/silver/silver_cleaning.py took 0.497 seconds
[2025-10-24T12:46:11.992+0000] {processor.py:161} INFO - Started process (PID=584) to work on /opt/airflow/dags/silver/silver_cleaning.py
[2025-10-24T12:46:11.992+0000] {processor.py:830} INFO - Processing file /opt/airflow/dags/silver/silver_cleaning.py for tasks to queue
[2025-10-24T12:46:11.994+0000] {logging_mixin.py:188} INFO - [2025-10-24T12:46:11.994+0000] {dagbag.py:540} INFO - Filling up the DagBag from /opt/airflow/dags/silver/silver_cleaning.py
[2025-10-24T12:46:12.568+0000] {processor.py:842} WARNING - No viable dags retrieved from /opt/airflow/dags/silver/silver_cleaning.py
[2025-10-24T12:46:12.577+0000] {processor.py:183} INFO - Processing /opt/airflow/dags/silver/silver_cleaning.py took 0.591 seconds
[2025-10-24T12:46:44.544+0000] {processor.py:161} INFO - Started process (PID=590) to work on /opt/airflow/dags/silver/silver_cleaning.py
[2025-10-24T12:46:44.545+0000] {processor.py:830} INFO - Processing file /opt/airflow/dags/silver/silver_cleaning.py for tasks to queue
[2025-10-24T12:46:44.546+0000] {logging_mixin.py:188} INFO - [2025-10-24T12:46:44.546+0000] {dagbag.py:540} INFO - Filling up the DagBag from /opt/airflow/dags/silver/silver_cleaning.py
[2025-10-24T12:46:44.892+0000] {processor.py:842} WARNING - No viable dags retrieved from /opt/airflow/dags/silver/silver_cleaning.py
[2025-10-24T12:46:44.905+0000] {processor.py:183} INFO - Processing /opt/airflow/dags/silver/silver_cleaning.py took 0.366 seconds
[2025-10-24T12:47:16.578+0000] {processor.py:161} INFO - Started process (PID=596) to work on /opt/airflow/dags/silver/silver_cleaning.py
[2025-10-24T12:47:16.579+0000] {processor.py:830} INFO - Processing file /opt/airflow/dags/silver/silver_cleaning.py for tasks to queue
[2025-10-24T12:47:16.582+0000] {logging_mixin.py:188} INFO - [2025-10-24T12:47:16.581+0000] {dagbag.py:540} INFO - Filling up the DagBag from /opt/airflow/dags/silver/silver_cleaning.py
[2025-10-24T12:47:17.042+0000] {processor.py:842} WARNING - No viable dags retrieved from /opt/airflow/dags/silver/silver_cleaning.py
[2025-10-24T12:47:17.053+0000] {processor.py:183} INFO - Processing /opt/airflow/dags/silver/silver_cleaning.py took 0.481 seconds
[2025-10-24T12:47:47.521+0000] {processor.py:161} INFO - Started process (PID=602) to work on /opt/airflow/dags/silver/silver_cleaning.py
[2025-10-24T12:47:47.522+0000] {processor.py:830} INFO - Processing file /opt/airflow/dags/silver/silver_cleaning.py for tasks to queue
[2025-10-24T12:47:47.524+0000] {logging_mixin.py:188} INFO - [2025-10-24T12:47:47.523+0000] {dagbag.py:540} INFO - Filling up the DagBag from /opt/airflow/dags/silver/silver_cleaning.py
[2025-10-24T12:47:47.839+0000] {processor.py:842} WARNING - No viable dags retrieved from /opt/airflow/dags/silver/silver_cleaning.py
[2025-10-24T12:47:47.851+0000] {processor.py:183} INFO - Processing /opt/airflow/dags/silver/silver_cleaning.py took 0.334 seconds
[2025-10-24T12:48:22.276+0000] {processor.py:161} INFO - Started process (PID=608) to work on /opt/airflow/dags/silver/silver_cleaning.py
[2025-10-24T12:48:22.277+0000] {processor.py:830} INFO - Processing file /opt/airflow/dags/silver/silver_cleaning.py for tasks to queue
[2025-10-24T12:48:22.278+0000] {logging_mixin.py:188} INFO - [2025-10-24T12:48:22.278+0000] {dagbag.py:540} INFO - Filling up the DagBag from /opt/airflow/dags/silver/silver_cleaning.py
[2025-10-24T12:48:22.617+0000] {processor.py:842} WARNING - No viable dags retrieved from /opt/airflow/dags/silver/silver_cleaning.py
[2025-10-24T12:48:22.629+0000] {processor.py:183} INFO - Processing /opt/airflow/dags/silver/silver_cleaning.py took 0.358 seconds
[2025-10-24T12:48:54.291+0000] {processor.py:161} INFO - Started process (PID=614) to work on /opt/airflow/dags/silver/silver_cleaning.py
[2025-10-24T12:48:54.292+0000] {processor.py:830} INFO - Processing file /opt/airflow/dags/silver/silver_cleaning.py for tasks to queue
[2025-10-24T12:48:54.294+0000] {logging_mixin.py:188} INFO - [2025-10-24T12:48:54.294+0000] {dagbag.py:540} INFO - Filling up the DagBag from /opt/airflow/dags/silver/silver_cleaning.py
[2025-10-24T12:48:54.645+0000] {processor.py:842} WARNING - No viable dags retrieved from /opt/airflow/dags/silver/silver_cleaning.py
[2025-10-24T12:48:54.657+0000] {processor.py:183} INFO - Processing /opt/airflow/dags/silver/silver_cleaning.py took 0.370 seconds
[2025-10-24T12:49:27.674+0000] {processor.py:161} INFO - Started process (PID=620) to work on /opt/airflow/dags/silver/silver_cleaning.py
[2025-10-24T12:49:27.675+0000] {processor.py:830} INFO - Processing file /opt/airflow/dags/silver/silver_cleaning.py for tasks to queue
[2025-10-24T12:49:27.676+0000] {logging_mixin.py:188} INFO - [2025-10-24T12:49:27.676+0000] {dagbag.py:540} INFO - Filling up the DagBag from /opt/airflow/dags/silver/silver_cleaning.py
[2025-10-24T12:49:28.005+0000] {processor.py:842} WARNING - No viable dags retrieved from /opt/airflow/dags/silver/silver_cleaning.py
[2025-10-24T12:49:28.017+0000] {processor.py:183} INFO - Processing /opt/airflow/dags/silver/silver_cleaning.py took 0.347 seconds
[2025-10-24T12:49:59.770+0000] {processor.py:161} INFO - Started process (PID=626) to work on /opt/airflow/dags/silver/silver_cleaning.py
[2025-10-24T12:49:59.770+0000] {processor.py:830} INFO - Processing file /opt/airflow/dags/silver/silver_cleaning.py for tasks to queue
[2025-10-24T12:49:59.772+0000] {logging_mixin.py:188} INFO - [2025-10-24T12:49:59.772+0000] {dagbag.py:540} INFO - Filling up the DagBag from /opt/airflow/dags/silver/silver_cleaning.py
[2025-10-24T12:50:00.203+0000] {processor.py:842} WARNING - No viable dags retrieved from /opt/airflow/dags/silver/silver_cleaning.py
[2025-10-24T12:50:00.214+0000] {processor.py:183} INFO - Processing /opt/airflow/dags/silver/silver_cleaning.py took 0.450 seconds
[2025-10-24T12:50:32.062+0000] {processor.py:161} INFO - Started process (PID=632) to work on /opt/airflow/dags/silver/silver_cleaning.py
[2025-10-24T12:50:32.063+0000] {processor.py:830} INFO - Processing file /opt/airflow/dags/silver/silver_cleaning.py for tasks to queue
[2025-10-24T12:50:32.064+0000] {logging_mixin.py:188} INFO - [2025-10-24T12:50:32.064+0000] {dagbag.py:540} INFO - Filling up the DagBag from /opt/airflow/dags/silver/silver_cleaning.py
[2025-10-24T12:50:32.429+0000] {processor.py:842} WARNING - No viable dags retrieved from /opt/airflow/dags/silver/silver_cleaning.py
[2025-10-24T12:50:32.441+0000] {processor.py:183} INFO - Processing /opt/airflow/dags/silver/silver_cleaning.py took 0.385 seconds
[2025-10-24T12:51:05.166+0000] {processor.py:161} INFO - Started process (PID=636) to work on /opt/airflow/dags/silver/silver_cleaning.py
[2025-10-24T12:51:05.167+0000] {processor.py:830} INFO - Processing file /opt/airflow/dags/silver/silver_cleaning.py for tasks to queue
[2025-10-24T12:51:05.168+0000] {logging_mixin.py:188} INFO - [2025-10-24T12:51:05.168+0000] {dagbag.py:540} INFO - Filling up the DagBag from /opt/airflow/dags/silver/silver_cleaning.py
[2025-10-24T12:51:05.644+0000] {processor.py:842} WARNING - No viable dags retrieved from /opt/airflow/dags/silver/silver_cleaning.py
[2025-10-24T12:51:05.654+0000] {processor.py:183} INFO - Processing /opt/airflow/dags/silver/silver_cleaning.py took 0.492 seconds
[2025-10-24T12:51:35.766+0000] {processor.py:161} INFO - Started process (PID=640) to work on /opt/airflow/dags/silver/silver_cleaning.py
[2025-10-24T12:51:35.767+0000] {processor.py:830} INFO - Processing file /opt/airflow/dags/silver/silver_cleaning.py for tasks to queue
[2025-10-24T12:51:35.768+0000] {logging_mixin.py:188} INFO - [2025-10-24T12:51:35.768+0000] {dagbag.py:540} INFO - Filling up the DagBag from /opt/airflow/dags/silver/silver_cleaning.py
[2025-10-24T12:51:36.086+0000] {processor.py:842} WARNING - No viable dags retrieved from /opt/airflow/dags/silver/silver_cleaning.py
[2025-10-24T12:51:36.095+0000] {processor.py:183} INFO - Processing /opt/airflow/dags/silver/silver_cleaning.py took 0.333 seconds
[2025-10-24T12:52:06.800+0000] {processor.py:161} INFO - Started process (PID=644) to work on /opt/airflow/dags/silver/silver_cleaning.py
[2025-10-24T12:52:06.801+0000] {processor.py:830} INFO - Processing file /opt/airflow/dags/silver/silver_cleaning.py for tasks to queue
[2025-10-24T12:52:06.802+0000] {logging_mixin.py:188} INFO - [2025-10-24T12:52:06.802+0000] {dagbag.py:540} INFO - Filling up the DagBag from /opt/airflow/dags/silver/silver_cleaning.py
[2025-10-24T12:52:07.189+0000] {processor.py:842} WARNING - No viable dags retrieved from /opt/airflow/dags/silver/silver_cleaning.py
[2025-10-24T12:52:07.201+0000] {processor.py:183} INFO - Processing /opt/airflow/dags/silver/silver_cleaning.py took 0.408 seconds
[2025-10-24T12:52:37.329+0000] {processor.py:161} INFO - Started process (PID=650) to work on /opt/airflow/dags/silver/silver_cleaning.py
[2025-10-24T12:52:37.330+0000] {processor.py:830} INFO - Processing file /opt/airflow/dags/silver/silver_cleaning.py for tasks to queue
[2025-10-24T12:52:37.330+0000] {logging_mixin.py:188} INFO - [2025-10-24T12:52:37.330+0000] {dagbag.py:540} INFO - Filling up the DagBag from /opt/airflow/dags/silver/silver_cleaning.py
[2025-10-24T12:52:38.176+0000] {processor.py:842} WARNING - No viable dags retrieved from /opt/airflow/dags/silver/silver_cleaning.py
[2025-10-24T12:52:38.186+0000] {processor.py:183} INFO - Processing /opt/airflow/dags/silver/silver_cleaning.py took 0.333 seconds
[2025-10-24T12:53:11.181+0000] {processor.py:161} INFO - Started process (PID=654) to work on /opt/airflow/dags/silver/silver_cleaning.py
[2025-10-24T12:53:11.182+0000] {processor.py:830} INFO - Processing file /opt/airflow/dags/silver/silver_cleaning.py for tasks to queue
[2025-10-24T12:53:11.183+0000] {logging_mixin.py:188} INFO - [2025-10-24T12:53:11.182+0000] {dagbag.py:540} INFO - Filling up the DagBag from /opt/airflow/dags/silver/silver_cleaning.py
[2025-10-24T12:53:11.517+0000] {processor.py:842} WARNING - No viable dags retrieved from /opt/airflow/dags/silver/silver_cleaning.py
[2025-10-24T12:53:11.528+0000] {processor.py:183} INFO - Processing /opt/airflow/dags/silver/silver_cleaning.py took 0.352 seconds
[2025-10-24T12:53:44.038+0000] {processor.py:161} INFO - Started process (PID=658) to work on /opt/airflow/dags/silver/silver_cleaning.py
[2025-10-24T12:53:44.039+0000] {processor.py:830} INFO - Processing file /opt/airflow/dags/silver/silver_cleaning.py for tasks to queue
[2025-10-24T12:53:44.040+0000] {logging_mixin.py:188} INFO - [2025-10-24T12:53:44.040+0000] {dagbag.py:540} INFO - Filling up the DagBag from /opt/airflow/dags/silver/silver_cleaning.py
[2025-10-24T12:53:44.355+0000] {processor.py:842} WARNING - No viable dags retrieved from /opt/airflow/dags/silver/silver_cleaning.py
[2025-10-24T12:53:44.365+0000] {processor.py:183} INFO - Processing /opt/airflow/dags/silver/silver_cleaning.py took 0.331 seconds
[2025-10-24T12:54:15.481+0000] {processor.py:161} INFO - Started process (PID=662) to work on /opt/airflow/dags/silver/silver_cleaning.py
[2025-10-24T12:54:15.482+0000] {processor.py:830} INFO - Processing file /opt/airflow/dags/silver/silver_cleaning.py for tasks to queue
[2025-10-24T12:54:15.482+0000] {logging_mixin.py:188} INFO - [2025-10-24T12:54:15.482+0000] {dagbag.py:540} INFO - Filling up the DagBag from /opt/airflow/dags/silver/silver_cleaning.py
[2025-10-24T12:54:15.793+0000] {processor.py:842} WARNING - No viable dags retrieved from /opt/airflow/dags/silver/silver_cleaning.py
[2025-10-24T12:54:15.803+0000] {processor.py:183} INFO - Processing /opt/airflow/dags/silver/silver_cleaning.py took 0.327 seconds
[2025-10-24T12:54:48.298+0000] {processor.py:161} INFO - Started process (PID=666) to work on /opt/airflow/dags/silver/silver_cleaning.py
[2025-10-24T12:54:48.299+0000] {processor.py:830} INFO - Processing file /opt/airflow/dags/silver/silver_cleaning.py for tasks to queue
[2025-10-24T12:54:48.300+0000] {logging_mixin.py:188} INFO - [2025-10-24T12:54:48.299+0000] {dagbag.py:540} INFO - Filling up the DagBag from /opt/airflow/dags/silver/silver_cleaning.py
[2025-10-24T12:54:48.656+0000] {processor.py:842} WARNING - No viable dags retrieved from /opt/airflow/dags/silver/silver_cleaning.py
[2025-10-24T12:54:48.667+0000] {processor.py:183} INFO - Processing /opt/airflow/dags/silver/silver_cleaning.py took 0.374 seconds
[2025-10-24T12:55:20.667+0000] {processor.py:161} INFO - Started process (PID=670) to work on /opt/airflow/dags/silver/silver_cleaning.py
[2025-10-24T12:55:20.668+0000] {processor.py:830} INFO - Processing file /opt/airflow/dags/silver/silver_cleaning.py for tasks to queue
[2025-10-24T12:55:20.669+0000] {logging_mixin.py:188} INFO - [2025-10-24T12:55:20.668+0000] {dagbag.py:540} INFO - Filling up the DagBag from /opt/airflow/dags/silver/silver_cleaning.py
[2025-10-24T12:55:21.010+0000] {processor.py:842} WARNING - No viable dags retrieved from /opt/airflow/dags/silver/silver_cleaning.py
[2025-10-24T12:55:21.021+0000] {processor.py:183} INFO - Processing /opt/airflow/dags/silver/silver_cleaning.py took 0.360 seconds
[2025-10-24T12:55:53.742+0000] {processor.py:161} INFO - Started process (PID=675) to work on /opt/airflow/dags/silver/silver_cleaning.py
[2025-10-24T12:55:53.743+0000] {processor.py:830} INFO - Processing file /opt/airflow/dags/silver/silver_cleaning.py for tasks to queue
[2025-10-24T12:55:53.744+0000] {logging_mixin.py:188} INFO - [2025-10-24T12:55:53.744+0000] {dagbag.py:540} INFO - Filling up the DagBag from /opt/airflow/dags/silver/silver_cleaning.py
[2025-10-24T12:55:54.080+0000] {processor.py:842} WARNING - No viable dags retrieved from /opt/airflow/dags/silver/silver_cleaning.py
[2025-10-24T12:55:54.090+0000] {processor.py:183} INFO - Processing /opt/airflow/dags/silver/silver_cleaning.py took 0.352 seconds
[2025-10-24T12:56:25.758+0000] {processor.py:161} INFO - Started process (PID=680) to work on /opt/airflow/dags/silver/silver_cleaning.py
[2025-10-24T12:56:25.759+0000] {processor.py:830} INFO - Processing file /opt/airflow/dags/silver/silver_cleaning.py for tasks to queue
[2025-10-24T12:56:25.760+0000] {logging_mixin.py:188} INFO - [2025-10-24T12:56:25.760+0000] {dagbag.py:540} INFO - Filling up the DagBag from /opt/airflow/dags/silver/silver_cleaning.py
[2025-10-24T12:56:26.078+0000] {processor.py:842} WARNING - No viable dags retrieved from /opt/airflow/dags/silver/silver_cleaning.py
[2025-10-24T12:56:26.090+0000] {processor.py:183} INFO - Processing /opt/airflow/dags/silver/silver_cleaning.py took 0.335 seconds
[2025-10-24T12:56:58.821+0000] {processor.py:161} INFO - Started process (PID=686) to work on /opt/airflow/dags/silver/silver_cleaning.py
[2025-10-24T12:56:58.821+0000] {processor.py:830} INFO - Processing file /opt/airflow/dags/silver/silver_cleaning.py for tasks to queue
[2025-10-24T12:56:58.822+0000] {logging_mixin.py:188} INFO - [2025-10-24T12:56:58.822+0000] {dagbag.py:540} INFO - Filling up the DagBag from /opt/airflow/dags/silver/silver_cleaning.py
[2025-10-24T12:56:59.143+0000] {processor.py:842} WARNING - No viable dags retrieved from /opt/airflow/dags/silver/silver_cleaning.py
[2025-10-24T12:56:59.154+0000] {processor.py:183} INFO - Processing /opt/airflow/dags/silver/silver_cleaning.py took 0.338 seconds
[2025-10-24T12:57:29.530+0000] {processor.py:161} INFO - Started process (PID=691) to work on /opt/airflow/dags/silver/silver_cleaning.py
[2025-10-24T12:57:29.531+0000] {processor.py:830} INFO - Processing file /opt/airflow/dags/silver/silver_cleaning.py for tasks to queue
[2025-10-24T12:57:29.532+0000] {logging_mixin.py:188} INFO - [2025-10-24T12:57:29.531+0000] {dagbag.py:540} INFO - Filling up the DagBag from /opt/airflow/dags/silver/silver_cleaning.py
[2025-10-24T12:57:29.869+0000] {processor.py:842} WARNING - No viable dags retrieved from /opt/airflow/dags/silver/silver_cleaning.py
[2025-10-24T12:57:29.879+0000] {processor.py:183} INFO - Processing /opt/airflow/dags/silver/silver_cleaning.py took 0.354 seconds
[2025-10-24T12:58:03.932+0000] {processor.py:161} INFO - Started process (PID=696) to work on /opt/airflow/dags/silver/silver_cleaning.py
[2025-10-24T12:58:03.934+0000] {processor.py:830} INFO - Processing file /opt/airflow/dags/silver/silver_cleaning.py for tasks to queue
[2025-10-24T12:58:03.934+0000] {logging_mixin.py:188} INFO - [2025-10-24T12:58:03.934+0000] {dagbag.py:540} INFO - Filling up the DagBag from /opt/airflow/dags/silver/silver_cleaning.py
[2025-10-24T12:58:04.286+0000] {processor.py:842} WARNING - No viable dags retrieved from /opt/airflow/dags/silver/silver_cleaning.py
[2025-10-24T12:58:04.296+0000] {processor.py:183} INFO - Processing /opt/airflow/dags/silver/silver_cleaning.py took 0.370 seconds
[2025-10-24T12:58:34.461+0000] {processor.py:161} INFO - Started process (PID=701) to work on /opt/airflow/dags/silver/silver_cleaning.py
[2025-10-24T12:58:34.462+0000] {processor.py:830} INFO - Processing file /opt/airflow/dags/silver/silver_cleaning.py for tasks to queue
[2025-10-24T12:58:34.463+0000] {logging_mixin.py:188} INFO - [2025-10-24T12:58:34.462+0000] {dagbag.py:540} INFO - Filling up the DagBag from /opt/airflow/dags/silver/silver_cleaning.py
[2025-10-24T12:58:34.776+0000] {processor.py:842} WARNING - No viable dags retrieved from /opt/airflow/dags/silver/silver_cleaning.py
[2025-10-24T12:58:34.788+0000] {processor.py:183} INFO - Processing /opt/airflow/dags/silver/silver_cleaning.py took 0.331 seconds
[2025-10-24T12:59:05.120+0000] {processor.py:161} INFO - Started process (PID=706) to work on /opt/airflow/dags/silver/silver_cleaning.py
[2025-10-24T12:59:05.121+0000] {processor.py:830} INFO - Processing file /opt/airflow/dags/silver/silver_cleaning.py for tasks to queue
[2025-10-24T12:59:05.121+0000] {logging_mixin.py:188} INFO - [2025-10-24T12:59:05.121+0000] {dagbag.py:540} INFO - Filling up the DagBag from /opt/airflow/dags/silver/silver_cleaning.py
[2025-10-24T12:59:07.965+0000] {processor.py:842} WARNING - No viable dags retrieved from /opt/airflow/dags/silver/silver_cleaning.py
[2025-10-24T12:59:07.976+0000] {processor.py:183} INFO - Processing /opt/airflow/dags/silver/silver_cleaning.py took 0.370 seconds
[2025-10-24T12:59:40.637+0000] {processor.py:161} INFO - Started process (PID=711) to work on /opt/airflow/dags/silver/silver_cleaning.py
[2025-10-24T12:59:40.638+0000] {processor.py:830} INFO - Processing file /opt/airflow/dags/silver/silver_cleaning.py for tasks to queue
[2025-10-24T12:59:40.638+0000] {logging_mixin.py:188} INFO - [2025-10-24T12:59:40.638+0000] {dagbag.py:540} INFO - Filling up the DagBag from /opt/airflow/dags/silver/silver_cleaning.py
[2025-10-24T12:59:40.954+0000] {processor.py:842} WARNING - No viable dags retrieved from /opt/airflow/dags/silver/silver_cleaning.py
[2025-10-24T12:59:40.963+0000] {processor.py:183} INFO - Processing /opt/airflow/dags/silver/silver_cleaning.py took 0.332 seconds
[2025-10-24T13:00:11.499+0000] {processor.py:161} INFO - Started process (PID=716) to work on /opt/airflow/dags/silver/silver_cleaning.py
[2025-10-24T13:00:11.500+0000] {processor.py:830} INFO - Processing file /opt/airflow/dags/silver/silver_cleaning.py for tasks to queue
[2025-10-24T13:00:11.501+0000] {logging_mixin.py:188} INFO - [2025-10-24T13:00:11.501+0000] {dagbag.py:540} INFO - Filling up the DagBag from /opt/airflow/dags/silver/silver_cleaning.py
[2025-10-24T13:00:11.862+0000] {processor.py:842} WARNING - No viable dags retrieved from /opt/airflow/dags/silver/silver_cleaning.py
[2025-10-24T13:00:11.874+0000] {processor.py:183} INFO - Processing /opt/airflow/dags/silver/silver_cleaning.py took 0.380 seconds
[2025-10-24T13:00:43.165+0000] {processor.py:161} INFO - Started process (PID=721) to work on /opt/airflow/dags/silver/silver_cleaning.py
[2025-10-24T13:00:43.166+0000] {processor.py:830} INFO - Processing file /opt/airflow/dags/silver/silver_cleaning.py for tasks to queue
[2025-10-24T13:00:43.166+0000] {logging_mixin.py:188} INFO - [2025-10-24T13:00:43.166+0000] {dagbag.py:540} INFO - Filling up the DagBag from /opt/airflow/dags/silver/silver_cleaning.py
[2025-10-24T13:00:43.484+0000] {processor.py:842} WARNING - No viable dags retrieved from /opt/airflow/dags/silver/silver_cleaning.py
[2025-10-24T13:00:43.494+0000] {processor.py:183} INFO - Processing /opt/airflow/dags/silver/silver_cleaning.py took 0.334 seconds
[2025-10-24T13:01:13.639+0000] {processor.py:161} INFO - Started process (PID=726) to work on /opt/airflow/dags/silver/silver_cleaning.py
[2025-10-24T13:01:13.640+0000] {processor.py:830} INFO - Processing file /opt/airflow/dags/silver/silver_cleaning.py for tasks to queue
[2025-10-24T13:01:13.641+0000] {logging_mixin.py:188} INFO - [2025-10-24T13:01:13.640+0000] {dagbag.py:540} INFO - Filling up the DagBag from /opt/airflow/dags/silver/silver_cleaning.py
[2025-10-24T13:01:13.978+0000] {processor.py:842} WARNING - No viable dags retrieved from /opt/airflow/dags/silver/silver_cleaning.py
[2025-10-24T13:01:13.988+0000] {processor.py:183} INFO - Processing /opt/airflow/dags/silver/silver_cleaning.py took 0.354 seconds
[2025-10-24T13:01:44.576+0000] {processor.py:161} INFO - Started process (PID=736) to work on /opt/airflow/dags/silver/silver_cleaning.py
[2025-10-24T13:01:44.577+0000] {processor.py:830} INFO - Processing file /opt/airflow/dags/silver/silver_cleaning.py for tasks to queue
[2025-10-24T13:01:44.578+0000] {logging_mixin.py:188} INFO - [2025-10-24T13:01:44.577+0000] {dagbag.py:540} INFO - Filling up the DagBag from /opt/airflow/dags/silver/silver_cleaning.py
[2025-10-24T13:01:44.956+0000] {processor.py:842} WARNING - No viable dags retrieved from /opt/airflow/dags/silver/silver_cleaning.py
[2025-10-24T13:01:44.970+0000] {processor.py:183} INFO - Processing /opt/airflow/dags/silver/silver_cleaning.py took 0.400 seconds
[2025-10-24T13:02:29.655+0000] {processor.py:161} INFO - Started process (PID=55) to work on /opt/airflow/dags/silver/silver_cleaning.py
[2025-10-24T13:02:29.656+0000] {processor.py:830} INFO - Processing file /opt/airflow/dags/silver/silver_cleaning.py for tasks to queue
[2025-10-24T13:02:29.658+0000] {logging_mixin.py:188} INFO - [2025-10-24T13:02:29.658+0000] {dagbag.py:540} INFO - Filling up the DagBag from /opt/airflow/dags/silver/silver_cleaning.py
[2025-10-24T13:02:30.365+0000] {processor.py:842} WARNING - No viable dags retrieved from /opt/airflow/dags/silver/silver_cleaning.py
[2025-10-24T13:02:30.379+0000] {processor.py:183} INFO - Processing /opt/airflow/dags/silver/silver_cleaning.py took 0.730 seconds
[2025-10-24T13:03:00.853+0000] {processor.py:161} INFO - Started process (PID=61) to work on /opt/airflow/dags/silver/silver_cleaning.py
[2025-10-24T13:03:00.854+0000] {processor.py:830} INFO - Processing file /opt/airflow/dags/silver/silver_cleaning.py for tasks to queue
[2025-10-24T13:03:00.859+0000] {logging_mixin.py:188} INFO - [2025-10-24T13:03:00.858+0000] {dagbag.py:540} INFO - Filling up the DagBag from /opt/airflow/dags/silver/silver_cleaning.py
[2025-10-24T13:03:01.540+0000] {processor.py:842} WARNING - No viable dags retrieved from /opt/airflow/dags/silver/silver_cleaning.py
[2025-10-24T13:03:01.559+0000] {processor.py:183} INFO - Processing /opt/airflow/dags/silver/silver_cleaning.py took 0.716 seconds
[2025-10-24T13:03:32.586+0000] {processor.py:161} INFO - Started process (PID=67) to work on /opt/airflow/dags/silver/silver_cleaning.py
[2025-10-24T13:03:32.587+0000] {processor.py:830} INFO - Processing file /opt/airflow/dags/silver/silver_cleaning.py for tasks to queue
[2025-10-24T13:03:32.589+0000] {logging_mixin.py:188} INFO - [2025-10-24T13:03:32.589+0000] {dagbag.py:540} INFO - Filling up the DagBag from /opt/airflow/dags/silver/silver_cleaning.py
[2025-10-24T13:03:33.090+0000] {processor.py:842} WARNING - No viable dags retrieved from /opt/airflow/dags/silver/silver_cleaning.py
[2025-10-24T13:03:33.099+0000] {processor.py:183} INFO - Processing /opt/airflow/dags/silver/silver_cleaning.py took 0.518 seconds
[2025-10-24T13:04:03.275+0000] {processor.py:161} INFO - Started process (PID=73) to work on /opt/airflow/dags/silver/silver_cleaning.py
[2025-10-24T13:04:03.276+0000] {processor.py:830} INFO - Processing file /opt/airflow/dags/silver/silver_cleaning.py for tasks to queue
[2025-10-24T13:04:03.278+0000] {logging_mixin.py:188} INFO - [2025-10-24T13:04:03.278+0000] {dagbag.py:540} INFO - Filling up the DagBag from /opt/airflow/dags/silver/silver_cleaning.py
[2025-10-24T13:04:03.718+0000] {processor.py:842} WARNING - No viable dags retrieved from /opt/airflow/dags/silver/silver_cleaning.py
[2025-10-24T13:04:03.728+0000] {processor.py:183} INFO - Processing /opt/airflow/dags/silver/silver_cleaning.py took 0.457 seconds
[2025-10-24T13:04:33.800+0000] {processor.py:161} INFO - Started process (PID=78) to work on /opt/airflow/dags/silver/silver_cleaning.py
[2025-10-24T13:04:33.801+0000] {processor.py:830} INFO - Processing file /opt/airflow/dags/silver/silver_cleaning.py for tasks to queue
[2025-10-24T13:04:33.802+0000] {logging_mixin.py:188} INFO - [2025-10-24T13:04:33.802+0000] {dagbag.py:540} INFO - Filling up the DagBag from /opt/airflow/dags/silver/silver_cleaning.py
[2025-10-24T13:04:34.247+0000] {processor.py:842} WARNING - No viable dags retrieved from /opt/airflow/dags/silver/silver_cleaning.py
[2025-10-24T13:04:34.256+0000] {processor.py:183} INFO - Processing /opt/airflow/dags/silver/silver_cleaning.py took 0.460 seconds
[2025-10-24T13:05:05.236+0000] {processor.py:161} INFO - Started process (PID=85) to work on /opt/airflow/dags/silver/silver_cleaning.py
[2025-10-24T13:05:05.236+0000] {processor.py:830} INFO - Processing file /opt/airflow/dags/silver/silver_cleaning.py for tasks to queue
[2025-10-24T13:05:05.238+0000] {logging_mixin.py:188} INFO - [2025-10-24T13:05:05.237+0000] {dagbag.py:540} INFO - Filling up the DagBag from /opt/airflow/dags/silver/silver_cleaning.py
[2025-10-24T13:05:05.714+0000] {processor.py:842} WARNING - No viable dags retrieved from /opt/airflow/dags/silver/silver_cleaning.py
[2025-10-24T13:05:05.723+0000] {processor.py:183} INFO - Processing /opt/airflow/dags/silver/silver_cleaning.py took 0.492 seconds
[2025-10-24T13:05:36.687+0000] {processor.py:161} INFO - Started process (PID=91) to work on /opt/airflow/dags/silver/silver_cleaning.py
[2025-10-24T13:05:36.688+0000] {processor.py:830} INFO - Processing file /opt/airflow/dags/silver/silver_cleaning.py for tasks to queue
[2025-10-24T13:05:36.690+0000] {logging_mixin.py:188} INFO - [2025-10-24T13:05:36.690+0000] {dagbag.py:540} INFO - Filling up the DagBag from /opt/airflow/dags/silver/silver_cleaning.py
[2025-10-24T13:05:37.169+0000] {processor.py:842} WARNING - No viable dags retrieved from /opt/airflow/dags/silver/silver_cleaning.py
[2025-10-24T13:05:37.177+0000] {processor.py:183} INFO - Processing /opt/airflow/dags/silver/silver_cleaning.py took 0.494 seconds
[2025-10-24T13:06:07.503+0000] {processor.py:161} INFO - Started process (PID=97) to work on /opt/airflow/dags/silver/silver_cleaning.py
[2025-10-24T13:06:07.504+0000] {processor.py:830} INFO - Processing file /opt/airflow/dags/silver/silver_cleaning.py for tasks to queue
[2025-10-24T13:06:07.505+0000] {logging_mixin.py:188} INFO - [2025-10-24T13:06:07.505+0000] {dagbag.py:540} INFO - Filling up the DagBag from /opt/airflow/dags/silver/silver_cleaning.py
[2025-10-24T13:06:07.989+0000] {processor.py:842} WARNING - No viable dags retrieved from /opt/airflow/dags/silver/silver_cleaning.py
[2025-10-24T13:06:07.998+0000] {processor.py:183} INFO - Processing /opt/airflow/dags/silver/silver_cleaning.py took 0.500 seconds
[2025-10-24T13:06:38.073+0000] {processor.py:161} INFO - Started process (PID=103) to work on /opt/airflow/dags/silver/silver_cleaning.py
[2025-10-24T13:06:38.074+0000] {processor.py:830} INFO - Processing file /opt/airflow/dags/silver/silver_cleaning.py for tasks to queue
[2025-10-24T13:06:38.075+0000] {logging_mixin.py:188} INFO - [2025-10-24T13:06:38.075+0000] {dagbag.py:540} INFO - Filling up the DagBag from /opt/airflow/dags/silver/silver_cleaning.py
[2025-10-24T13:06:38.571+0000] {processor.py:842} WARNING - No viable dags retrieved from /opt/airflow/dags/silver/silver_cleaning.py
[2025-10-24T13:06:38.580+0000] {processor.py:183} INFO - Processing /opt/airflow/dags/silver/silver_cleaning.py took 0.511 seconds
[2025-10-24T13:07:11.617+0000] {processor.py:161} INFO - Started process (PID=109) to work on /opt/airflow/dags/silver/silver_cleaning.py
[2025-10-24T13:07:11.618+0000] {processor.py:830} INFO - Processing file /opt/airflow/dags/silver/silver_cleaning.py for tasks to queue
[2025-10-24T13:07:11.620+0000] {logging_mixin.py:188} INFO - [2025-10-24T13:07:11.620+0000] {dagbag.py:540} INFO - Filling up the DagBag from /opt/airflow/dags/silver/silver_cleaning.py
[2025-10-24T13:07:12.116+0000] {processor.py:842} WARNING - No viable dags retrieved from /opt/airflow/dags/silver/silver_cleaning.py
[2025-10-24T13:07:12.126+0000] {processor.py:183} INFO - Processing /opt/airflow/dags/silver/silver_cleaning.py took 0.513 seconds
[2025-10-24T13:07:42.704+0000] {processor.py:161} INFO - Started process (PID=115) to work on /opt/airflow/dags/silver/silver_cleaning.py
[2025-10-24T13:07:42.705+0000] {processor.py:830} INFO - Processing file /opt/airflow/dags/silver/silver_cleaning.py for tasks to queue
[2025-10-24T13:07:42.707+0000] {logging_mixin.py:188} INFO - [2025-10-24T13:07:42.706+0000] {dagbag.py:540} INFO - Filling up the DagBag from /opt/airflow/dags/silver/silver_cleaning.py
[2025-10-24T13:07:43.162+0000] {processor.py:842} WARNING - No viable dags retrieved from /opt/airflow/dags/silver/silver_cleaning.py
[2025-10-24T13:07:43.170+0000] {processor.py:183} INFO - Processing /opt/airflow/dags/silver/silver_cleaning.py took 0.470 seconds
[2025-10-24T13:08:13.255+0000] {processor.py:161} INFO - Started process (PID=121) to work on /opt/airflow/dags/silver/silver_cleaning.py
[2025-10-24T13:08:13.256+0000] {processor.py:830} INFO - Processing file /opt/airflow/dags/silver/silver_cleaning.py for tasks to queue
[2025-10-24T13:08:13.257+0000] {logging_mixin.py:188} INFO - [2025-10-24T13:08:13.257+0000] {dagbag.py:540} INFO - Filling up the DagBag from /opt/airflow/dags/silver/silver_cleaning.py
[2025-10-24T13:08:13.713+0000] {processor.py:842} WARNING - No viable dags retrieved from /opt/airflow/dags/silver/silver_cleaning.py
[2025-10-24T13:08:13.723+0000] {processor.py:183} INFO - Processing /opt/airflow/dags/silver/silver_cleaning.py took 0.472 seconds
[2025-10-24T13:08:44.548+0000] {processor.py:161} INFO - Started process (PID=127) to work on /opt/airflow/dags/silver/silver_cleaning.py
[2025-10-24T13:08:44.549+0000] {processor.py:830} INFO - Processing file /opt/airflow/dags/silver/silver_cleaning.py for tasks to queue
[2025-10-24T13:08:44.551+0000] {logging_mixin.py:188} INFO - [2025-10-24T13:08:44.551+0000] {dagbag.py:540} INFO - Filling up the DagBag from /opt/airflow/dags/silver/silver_cleaning.py
[2025-10-24T13:08:45.047+0000] {processor.py:842} WARNING - No viable dags retrieved from /opt/airflow/dags/silver/silver_cleaning.py
[2025-10-24T13:08:45.056+0000] {processor.py:183} INFO - Processing /opt/airflow/dags/silver/silver_cleaning.py took 0.512 seconds
[2025-10-24T13:09:15.788+0000] {processor.py:161} INFO - Started process (PID=133) to work on /opt/airflow/dags/silver/silver_cleaning.py
[2025-10-24T13:09:15.789+0000] {processor.py:830} INFO - Processing file /opt/airflow/dags/silver/silver_cleaning.py for tasks to queue
[2025-10-24T13:09:15.790+0000] {logging_mixin.py:188} INFO - [2025-10-24T13:09:15.790+0000] {dagbag.py:540} INFO - Filling up the DagBag from /opt/airflow/dags/silver/silver_cleaning.py
[2025-10-24T13:09:16.244+0000] {processor.py:842} WARNING - No viable dags retrieved from /opt/airflow/dags/silver/silver_cleaning.py
[2025-10-24T13:09:16.252+0000] {processor.py:183} INFO - Processing /opt/airflow/dags/silver/silver_cleaning.py took 0.469 seconds
[2025-10-24T13:09:46.335+0000] {processor.py:161} INFO - Started process (PID=139) to work on /opt/airflow/dags/silver/silver_cleaning.py
[2025-10-24T13:09:46.336+0000] {processor.py:830} INFO - Processing file /opt/airflow/dags/silver/silver_cleaning.py for tasks to queue
[2025-10-24T13:09:46.337+0000] {logging_mixin.py:188} INFO - [2025-10-24T13:09:46.337+0000] {dagbag.py:540} INFO - Filling up the DagBag from /opt/airflow/dags/silver/silver_cleaning.py
[2025-10-24T13:09:46.829+0000] {processor.py:842} WARNING - No viable dags retrieved from /opt/airflow/dags/silver/silver_cleaning.py
[2025-10-24T13:09:46.839+0000] {processor.py:183} INFO - Processing /opt/airflow/dags/silver/silver_cleaning.py took 0.508 seconds
[2025-10-24T13:10:17.617+0000] {processor.py:161} INFO - Started process (PID=145) to work on /opt/airflow/dags/silver/silver_cleaning.py
[2025-10-24T13:10:17.618+0000] {processor.py:830} INFO - Processing file /opt/airflow/dags/silver/silver_cleaning.py for tasks to queue
[2025-10-24T13:10:17.620+0000] {logging_mixin.py:188} INFO - [2025-10-24T13:10:17.620+0000] {dagbag.py:540} INFO - Filling up the DagBag from /opt/airflow/dags/silver/silver_cleaning.py
[2025-10-24T13:10:18.134+0000] {processor.py:842} WARNING - No viable dags retrieved from /opt/airflow/dags/silver/silver_cleaning.py
[2025-10-24T13:10:18.142+0000] {processor.py:183} INFO - Processing /opt/airflow/dags/silver/silver_cleaning.py took 0.530 seconds
[2025-10-24T13:10:48.633+0000] {processor.py:161} INFO - Started process (PID=151) to work on /opt/airflow/dags/silver/silver_cleaning.py
[2025-10-24T13:10:48.633+0000] {processor.py:830} INFO - Processing file /opt/airflow/dags/silver/silver_cleaning.py for tasks to queue
[2025-10-24T13:10:48.635+0000] {logging_mixin.py:188} INFO - [2025-10-24T13:10:48.635+0000] {dagbag.py:540} INFO - Filling up the DagBag from /opt/airflow/dags/silver/silver_cleaning.py
[2025-10-24T13:10:49.096+0000] {processor.py:842} WARNING - No viable dags retrieved from /opt/airflow/dags/silver/silver_cleaning.py
[2025-10-24T13:10:49.105+0000] {processor.py:183} INFO - Processing /opt/airflow/dags/silver/silver_cleaning.py took 0.477 seconds
[2025-10-24T13:11:19.636+0000] {processor.py:161} INFO - Started process (PID=157) to work on /opt/airflow/dags/silver/silver_cleaning.py
[2025-10-24T13:11:19.637+0000] {processor.py:830} INFO - Processing file /opt/airflow/dags/silver/silver_cleaning.py for tasks to queue
[2025-10-24T13:11:19.639+0000] {logging_mixin.py:188} INFO - [2025-10-24T13:11:19.639+0000] {dagbag.py:540} INFO - Filling up the DagBag from /opt/airflow/dags/silver/silver_cleaning.py
[2025-10-24T13:11:19.955+0000] {processor.py:842} WARNING - No viable dags retrieved from /opt/airflow/dags/silver/silver_cleaning.py
[2025-10-24T13:11:19.964+0000] {processor.py:183} INFO - Processing /opt/airflow/dags/silver/silver_cleaning.py took 0.333 seconds
[2025-10-24T13:11:50.503+0000] {processor.py:161} INFO - Started process (PID=163) to work on /opt/airflow/dags/silver/silver_cleaning.py
[2025-10-24T13:11:50.505+0000] {processor.py:830} INFO - Processing file /opt/airflow/dags/silver/silver_cleaning.py for tasks to queue
[2025-10-24T13:11:50.506+0000] {logging_mixin.py:188} INFO - [2025-10-24T13:11:50.506+0000] {dagbag.py:540} INFO - Filling up the DagBag from /opt/airflow/dags/silver/silver_cleaning.py
[2025-10-24T13:11:50.887+0000] {processor.py:842} WARNING - No viable dags retrieved from /opt/airflow/dags/silver/silver_cleaning.py
[2025-10-24T13:11:50.907+0000] {processor.py:183} INFO - Processing /opt/airflow/dags/silver/silver_cleaning.py took 0.409 seconds
[2025-10-24T13:12:21.086+0000] {processor.py:161} INFO - Started process (PID=169) to work on /opt/airflow/dags/silver/silver_cleaning.py
[2025-10-24T13:12:21.086+0000] {processor.py:830} INFO - Processing file /opt/airflow/dags/silver/silver_cleaning.py for tasks to queue
[2025-10-24T13:12:21.088+0000] {logging_mixin.py:188} INFO - [2025-10-24T13:12:21.088+0000] {dagbag.py:540} INFO - Filling up the DagBag from /opt/airflow/dags/silver/silver_cleaning.py
[2025-10-24T13:12:21.404+0000] {processor.py:842} WARNING - No viable dags retrieved from /opt/airflow/dags/silver/silver_cleaning.py
[2025-10-24T13:12:21.414+0000] {processor.py:183} INFO - Processing /opt/airflow/dags/silver/silver_cleaning.py took 0.333 seconds
[2025-10-24T13:12:51.499+0000] {processor.py:161} INFO - Started process (PID=175) to work on /opt/airflow/dags/silver/silver_cleaning.py
[2025-10-24T13:12:51.500+0000] {processor.py:830} INFO - Processing file /opt/airflow/dags/silver/silver_cleaning.py for tasks to queue
[2025-10-24T13:12:51.502+0000] {logging_mixin.py:188} INFO - [2025-10-24T13:12:51.502+0000] {dagbag.py:540} INFO - Filling up the DagBag from /opt/airflow/dags/silver/silver_cleaning.py
[2025-10-24T13:12:51.906+0000] {processor.py:842} WARNING - No viable dags retrieved from /opt/airflow/dags/silver/silver_cleaning.py
[2025-10-24T13:12:51.923+0000] {processor.py:183} INFO - Processing /opt/airflow/dags/silver/silver_cleaning.py took 0.429 seconds
[2025-10-24T13:13:22.381+0000] {processor.py:161} INFO - Started process (PID=181) to work on /opt/airflow/dags/silver/silver_cleaning.py
[2025-10-24T13:13:22.382+0000] {processor.py:830} INFO - Processing file /opt/airflow/dags/silver/silver_cleaning.py for tasks to queue
[2025-10-24T13:13:22.383+0000] {logging_mixin.py:188} INFO - [2025-10-24T13:13:22.383+0000] {dagbag.py:540} INFO - Filling up the DagBag from /opt/airflow/dags/silver/silver_cleaning.py
[2025-10-24T13:13:22.767+0000] {processor.py:842} WARNING - No viable dags retrieved from /opt/airflow/dags/silver/silver_cleaning.py
[2025-10-24T13:13:22.778+0000] {processor.py:183} INFO - Processing /opt/airflow/dags/silver/silver_cleaning.py took 0.404 seconds
[2025-10-24T13:13:55.858+0000] {processor.py:161} INFO - Started process (PID=187) to work on /opt/airflow/dags/silver/silver_cleaning.py
[2025-10-24T13:13:55.859+0000] {processor.py:830} INFO - Processing file /opt/airflow/dags/silver/silver_cleaning.py for tasks to queue
[2025-10-24T13:13:55.864+0000] {logging_mixin.py:188} INFO - [2025-10-24T13:13:55.863+0000] {dagbag.py:540} INFO - Filling up the DagBag from /opt/airflow/dags/silver/silver_cleaning.py
[2025-10-24T13:13:56.242+0000] {processor.py:842} WARNING - No viable dags retrieved from /opt/airflow/dags/silver/silver_cleaning.py
[2025-10-24T13:13:56.253+0000] {processor.py:183} INFO - Processing /opt/airflow/dags/silver/silver_cleaning.py took 0.402 seconds
[2025-10-24T13:14:28.424+0000] {processor.py:161} INFO - Started process (PID=193) to work on /opt/airflow/dags/silver/silver_cleaning.py
[2025-10-24T13:14:28.424+0000] {processor.py:830} INFO - Processing file /opt/airflow/dags/silver/silver_cleaning.py for tasks to queue
[2025-10-24T13:14:28.426+0000] {logging_mixin.py:188} INFO - [2025-10-24T13:14:28.426+0000] {dagbag.py:540} INFO - Filling up the DagBag from /opt/airflow/dags/silver/silver_cleaning.py
[2025-10-24T13:14:28.800+0000] {processor.py:842} WARNING - No viable dags retrieved from /opt/airflow/dags/silver/silver_cleaning.py
[2025-10-24T13:14:28.812+0000] {processor.py:183} INFO - Processing /opt/airflow/dags/silver/silver_cleaning.py took 0.393 seconds
[2025-10-24T13:14:59.156+0000] {processor.py:161} INFO - Started process (PID=199) to work on /opt/airflow/dags/silver/silver_cleaning.py
[2025-10-24T13:14:59.157+0000] {processor.py:830} INFO - Processing file /opt/airflow/dags/silver/silver_cleaning.py for tasks to queue
[2025-10-24T13:14:59.158+0000] {logging_mixin.py:188} INFO - [2025-10-24T13:14:59.158+0000] {dagbag.py:540} INFO - Filling up the DagBag from /opt/airflow/dags/silver/silver_cleaning.py
[2025-10-24T13:14:59.481+0000] {processor.py:842} WARNING - No viable dags retrieved from /opt/airflow/dags/silver/silver_cleaning.py
[2025-10-24T13:14:59.492+0000] {processor.py:183} INFO - Processing /opt/airflow/dags/silver/silver_cleaning.py took 0.341 seconds
[2025-10-24T13:15:30.266+0000] {processor.py:161} INFO - Started process (PID=205) to work on /opt/airflow/dags/silver/silver_cleaning.py
[2025-10-24T13:15:30.267+0000] {processor.py:830} INFO - Processing file /opt/airflow/dags/silver/silver_cleaning.py for tasks to queue
[2025-10-24T13:15:30.268+0000] {logging_mixin.py:188} INFO - [2025-10-24T13:15:30.268+0000] {dagbag.py:540} INFO - Filling up the DagBag from /opt/airflow/dags/silver/silver_cleaning.py
[2025-10-24T13:15:30.590+0000] {processor.py:842} WARNING - No viable dags retrieved from /opt/airflow/dags/silver/silver_cleaning.py
[2025-10-24T13:15:30.602+0000] {processor.py:183} INFO - Processing /opt/airflow/dags/silver/silver_cleaning.py took 0.341 seconds
[2025-10-24T13:16:01.126+0000] {processor.py:161} INFO - Started process (PID=211) to work on /opt/airflow/dags/silver/silver_cleaning.py
[2025-10-24T13:16:01.126+0000] {processor.py:830} INFO - Processing file /opt/airflow/dags/silver/silver_cleaning.py for tasks to queue
[2025-10-24T13:16:01.128+0000] {logging_mixin.py:188} INFO - [2025-10-24T13:16:01.128+0000] {dagbag.py:540} INFO - Filling up the DagBag from /opt/airflow/dags/silver/silver_cleaning.py
[2025-10-24T13:16:01.473+0000] {processor.py:842} WARNING - No viable dags retrieved from /opt/airflow/dags/silver/silver_cleaning.py
[2025-10-24T13:16:01.486+0000] {processor.py:183} INFO - Processing /opt/airflow/dags/silver/silver_cleaning.py took 0.364 seconds
[2025-10-24T13:16:31.678+0000] {processor.py:161} INFO - Started process (PID=217) to work on /opt/airflow/dags/silver/silver_cleaning.py
[2025-10-24T13:16:31.679+0000] {processor.py:830} INFO - Processing file /opt/airflow/dags/silver/silver_cleaning.py for tasks to queue
[2025-10-24T13:16:31.681+0000] {logging_mixin.py:188} INFO - [2025-10-24T13:16:31.680+0000] {dagbag.py:540} INFO - Filling up the DagBag from /opt/airflow/dags/silver/silver_cleaning.py
[2025-10-24T13:16:34.489+0000] {processor.py:842} WARNING - No viable dags retrieved from /opt/airflow/dags/silver/silver_cleaning.py
[2025-10-24T13:16:34.501+0000] {processor.py:183} INFO - Processing /opt/airflow/dags/silver/silver_cleaning.py took 0.341 seconds
[2025-10-24T13:17:05.227+0000] {processor.py:161} INFO - Started process (PID=223) to work on /opt/airflow/dags/silver/silver_cleaning.py
[2025-10-24T13:17:05.228+0000] {processor.py:830} INFO - Processing file /opt/airflow/dags/silver/silver_cleaning.py for tasks to queue
[2025-10-24T13:17:05.230+0000] {logging_mixin.py:188} INFO - [2025-10-24T13:17:05.230+0000] {dagbag.py:540} INFO - Filling up the DagBag from /opt/airflow/dags/silver/silver_cleaning.py
[2025-10-24T13:17:05.567+0000] {processor.py:842} WARNING - No viable dags retrieved from /opt/airflow/dags/silver/silver_cleaning.py
[2025-10-24T13:17:05.578+0000] {processor.py:183} INFO - Processing /opt/airflow/dags/silver/silver_cleaning.py took 0.357 seconds
[2025-10-24T13:17:36.531+0000] {processor.py:161} INFO - Started process (PID=229) to work on /opt/airflow/dags/silver/silver_cleaning.py
[2025-10-24T13:17:36.532+0000] {processor.py:830} INFO - Processing file /opt/airflow/dags/silver/silver_cleaning.py for tasks to queue
[2025-10-24T13:17:36.533+0000] {logging_mixin.py:188} INFO - [2025-10-24T13:17:36.533+0000] {dagbag.py:540} INFO - Filling up the DagBag from /opt/airflow/dags/silver/silver_cleaning.py
[2025-10-24T13:17:36.894+0000] {processor.py:842} WARNING - No viable dags retrieved from /opt/airflow/dags/silver/silver_cleaning.py
[2025-10-24T13:17:36.906+0000] {processor.py:183} INFO - Processing /opt/airflow/dags/silver/silver_cleaning.py took 0.380 seconds
[2025-10-24T13:18:07.442+0000] {processor.py:161} INFO - Started process (PID=235) to work on /opt/airflow/dags/silver/silver_cleaning.py
[2025-10-24T13:18:07.443+0000] {processor.py:830} INFO - Processing file /opt/airflow/dags/silver/silver_cleaning.py for tasks to queue
[2025-10-24T13:18:07.445+0000] {logging_mixin.py:188} INFO - [2025-10-24T13:18:07.445+0000] {dagbag.py:540} INFO - Filling up the DagBag from /opt/airflow/dags/silver/silver_cleaning.py
[2025-10-24T13:18:07.791+0000] {processor.py:842} WARNING - No viable dags retrieved from /opt/airflow/dags/silver/silver_cleaning.py
[2025-10-24T13:18:07.804+0000] {processor.py:183} INFO - Processing /opt/airflow/dags/silver/silver_cleaning.py took 0.366 seconds
[2025-10-24T13:18:38.180+0000] {processor.py:161} INFO - Started process (PID=241) to work on /opt/airflow/dags/silver/silver_cleaning.py
[2025-10-24T13:18:38.181+0000] {processor.py:830} INFO - Processing file /opt/airflow/dags/silver/silver_cleaning.py for tasks to queue
[2025-10-24T13:18:38.183+0000] {logging_mixin.py:188} INFO - [2025-10-24T13:18:38.182+0000] {dagbag.py:540} INFO - Filling up the DagBag from /opt/airflow/dags/silver/silver_cleaning.py
[2025-10-24T13:18:38.521+0000] {processor.py:842} WARNING - No viable dags retrieved from /opt/airflow/dags/silver/silver_cleaning.py
[2025-10-24T13:18:38.532+0000] {processor.py:183} INFO - Processing /opt/airflow/dags/silver/silver_cleaning.py took 0.356 seconds
[2025-10-24T13:19:09.162+0000] {processor.py:161} INFO - Started process (PID=248) to work on /opt/airflow/dags/silver/silver_cleaning.py
[2025-10-24T13:19:09.163+0000] {processor.py:830} INFO - Processing file /opt/airflow/dags/silver/silver_cleaning.py for tasks to queue
[2025-10-24T13:19:09.165+0000] {logging_mixin.py:188} INFO - [2025-10-24T13:19:09.164+0000] {dagbag.py:540} INFO - Filling up the DagBag from /opt/airflow/dags/silver/silver_cleaning.py
[2025-10-24T13:19:09.500+0000] {processor.py:842} WARNING - No viable dags retrieved from /opt/airflow/dags/silver/silver_cleaning.py
[2025-10-24T13:19:09.510+0000] {processor.py:183} INFO - Processing /opt/airflow/dags/silver/silver_cleaning.py took 0.352 seconds
[2025-10-24T13:19:39.555+0000] {processor.py:161} INFO - Started process (PID=259) to work on /opt/airflow/dags/silver/silver_cleaning.py
[2025-10-24T13:19:39.556+0000] {processor.py:830} INFO - Processing file /opt/airflow/dags/silver/silver_cleaning.py for tasks to queue
[2025-10-24T13:19:39.557+0000] {logging_mixin.py:188} INFO - [2025-10-24T13:19:39.557+0000] {dagbag.py:540} INFO - Filling up the DagBag from /opt/airflow/dags/silver/silver_cleaning.py
[2025-10-24T13:19:39.914+0000] {processor.py:842} WARNING - No viable dags retrieved from /opt/airflow/dags/silver/silver_cleaning.py
[2025-10-24T13:19:39.925+0000] {processor.py:183} INFO - Processing /opt/airflow/dags/silver/silver_cleaning.py took 0.374 seconds
[2025-10-24T13:20:10.180+0000] {processor.py:161} INFO - Started process (PID=265) to work on /opt/airflow/dags/silver/silver_cleaning.py
[2025-10-24T13:20:10.181+0000] {processor.py:830} INFO - Processing file /opt/airflow/dags/silver/silver_cleaning.py for tasks to queue
[2025-10-24T13:20:10.183+0000] {logging_mixin.py:188} INFO - [2025-10-24T13:20:10.183+0000] {dagbag.py:540} INFO - Filling up the DagBag from /opt/airflow/dags/silver/silver_cleaning.py
[2025-10-24T13:20:10.531+0000] {processor.py:842} WARNING - No viable dags retrieved from /opt/airflow/dags/silver/silver_cleaning.py
[2025-10-24T13:20:10.541+0000] {processor.py:183} INFO - Processing /opt/airflow/dags/silver/silver_cleaning.py took 0.366 seconds
[2025-10-24T13:20:41.005+0000] {processor.py:161} INFO - Started process (PID=271) to work on /opt/airflow/dags/silver/silver_cleaning.py
[2025-10-24T13:20:41.006+0000] {processor.py:830} INFO - Processing file /opt/airflow/dags/silver/silver_cleaning.py for tasks to queue
[2025-10-24T13:20:41.008+0000] {logging_mixin.py:188} INFO - [2025-10-24T13:20:41.007+0000] {dagbag.py:540} INFO - Filling up the DagBag from /opt/airflow/dags/silver/silver_cleaning.py
[2025-10-24T13:20:41.322+0000] {processor.py:842} WARNING - No viable dags retrieved from /opt/airflow/dags/silver/silver_cleaning.py
[2025-10-24T13:20:41.333+0000] {processor.py:183} INFO - Processing /opt/airflow/dags/silver/silver_cleaning.py took 0.331 seconds
[2025-10-24T13:21:11.835+0000] {processor.py:161} INFO - Started process (PID=277) to work on /opt/airflow/dags/silver/silver_cleaning.py
[2025-10-24T13:21:11.836+0000] {processor.py:830} INFO - Processing file /opt/airflow/dags/silver/silver_cleaning.py for tasks to queue
[2025-10-24T13:21:11.837+0000] {logging_mixin.py:188} INFO - [2025-10-24T13:21:11.837+0000] {dagbag.py:540} INFO - Filling up the DagBag from /opt/airflow/dags/silver/silver_cleaning.py
[2025-10-24T13:21:12.220+0000] {processor.py:842} WARNING - No viable dags retrieved from /opt/airflow/dags/silver/silver_cleaning.py
[2025-10-24T13:21:12.232+0000] {processor.py:183} INFO - Processing /opt/airflow/dags/silver/silver_cleaning.py took 0.402 seconds
[2025-10-24T13:21:42.470+0000] {processor.py:161} INFO - Started process (PID=283) to work on /opt/airflow/dags/silver/silver_cleaning.py
[2025-10-24T13:21:42.471+0000] {processor.py:830} INFO - Processing file /opt/airflow/dags/silver/silver_cleaning.py for tasks to queue
[2025-10-24T13:21:42.473+0000] {logging_mixin.py:188} INFO - [2025-10-24T13:21:42.472+0000] {dagbag.py:540} INFO - Filling up the DagBag from /opt/airflow/dags/silver/silver_cleaning.py
[2025-10-24T13:21:42.778+0000] {processor.py:842} WARNING - No viable dags retrieved from /opt/airflow/dags/silver/silver_cleaning.py
[2025-10-24T13:21:42.787+0000] {processor.py:183} INFO - Processing /opt/airflow/dags/silver/silver_cleaning.py took 0.321 seconds
[2025-10-24T13:22:13.246+0000] {processor.py:161} INFO - Started process (PID=289) to work on /opt/airflow/dags/silver/silver_cleaning.py
[2025-10-24T13:22:13.247+0000] {processor.py:830} INFO - Processing file /opt/airflow/dags/silver/silver_cleaning.py for tasks to queue
[2025-10-24T13:22:13.248+0000] {logging_mixin.py:188} INFO - [2025-10-24T13:22:13.248+0000] {dagbag.py:540} INFO - Filling up the DagBag from /opt/airflow/dags/silver/silver_cleaning.py
[2025-10-24T13:22:13.596+0000] {processor.py:842} WARNING - No viable dags retrieved from /opt/airflow/dags/silver/silver_cleaning.py
[2025-10-24T13:22:13.607+0000] {processor.py:183} INFO - Processing /opt/airflow/dags/silver/silver_cleaning.py took 0.365 seconds
[2025-10-24T13:22:43.779+0000] {processor.py:161} INFO - Started process (PID=295) to work on /opt/airflow/dags/silver/silver_cleaning.py
[2025-10-24T13:22:43.780+0000] {processor.py:830} INFO - Processing file /opt/airflow/dags/silver/silver_cleaning.py for tasks to queue
[2025-10-24T13:22:43.781+0000] {logging_mixin.py:188} INFO - [2025-10-24T13:22:43.781+0000] {dagbag.py:540} INFO - Filling up the DagBag from /opt/airflow/dags/silver/silver_cleaning.py
[2025-10-24T13:22:44.098+0000] {processor.py:842} WARNING - No viable dags retrieved from /opt/airflow/dags/silver/silver_cleaning.py
[2025-10-24T13:22:44.108+0000] {processor.py:183} INFO - Processing /opt/airflow/dags/silver/silver_cleaning.py took 0.334 seconds
[2025-10-24T13:23:14.544+0000] {processor.py:161} INFO - Started process (PID=300) to work on /opt/airflow/dags/silver/silver_cleaning.py
[2025-10-24T13:23:14.545+0000] {processor.py:830} INFO - Processing file /opt/airflow/dags/silver/silver_cleaning.py for tasks to queue
[2025-10-24T13:23:14.546+0000] {logging_mixin.py:188} INFO - [2025-10-24T13:23:14.546+0000] {dagbag.py:540} INFO - Filling up the DagBag from /opt/airflow/dags/silver/silver_cleaning.py
[2025-10-24T13:23:14.889+0000] {processor.py:842} WARNING - No viable dags retrieved from /opt/airflow/dags/silver/silver_cleaning.py
[2025-10-24T13:23:14.901+0000] {processor.py:183} INFO - Processing /opt/airflow/dags/silver/silver_cleaning.py took 0.361 seconds
[2025-10-24T13:23:45.636+0000] {processor.py:161} INFO - Started process (PID=306) to work on /opt/airflow/dags/silver/silver_cleaning.py
[2025-10-24T13:23:45.637+0000] {processor.py:830} INFO - Processing file /opt/airflow/dags/silver/silver_cleaning.py for tasks to queue
[2025-10-24T13:23:45.638+0000] {logging_mixin.py:188} INFO - [2025-10-24T13:23:45.638+0000] {dagbag.py:540} INFO - Filling up the DagBag from /opt/airflow/dags/silver/silver_cleaning.py
[2025-10-24T13:23:45.997+0000] {processor.py:842} WARNING - No viable dags retrieved from /opt/airflow/dags/silver/silver_cleaning.py
[2025-10-24T13:23:46.009+0000] {processor.py:183} INFO - Processing /opt/airflow/dags/silver/silver_cleaning.py took 0.378 seconds
[2025-10-24T13:24:16.950+0000] {processor.py:161} INFO - Started process (PID=312) to work on /opt/airflow/dags/silver/silver_cleaning.py
[2025-10-24T13:24:16.951+0000] {processor.py:830} INFO - Processing file /opt/airflow/dags/silver/silver_cleaning.py for tasks to queue
[2025-10-24T13:24:16.953+0000] {logging_mixin.py:188} INFO - [2025-10-24T13:24:16.953+0000] {dagbag.py:540} INFO - Filling up the DagBag from /opt/airflow/dags/silver/silver_cleaning.py
[2025-10-24T13:24:17.276+0000] {processor.py:842} WARNING - No viable dags retrieved from /opt/airflow/dags/silver/silver_cleaning.py
[2025-10-24T13:24:17.289+0000] {processor.py:183} INFO - Processing /opt/airflow/dags/silver/silver_cleaning.py took 0.343 seconds
[2025-10-24T13:24:47.409+0000] {processor.py:161} INFO - Started process (PID=318) to work on /opt/airflow/dags/silver/silver_cleaning.py
[2025-10-24T13:24:47.410+0000] {processor.py:830} INFO - Processing file /opt/airflow/dags/silver/silver_cleaning.py for tasks to queue
[2025-10-24T13:24:47.412+0000] {logging_mixin.py:188} INFO - [2025-10-24T13:24:47.412+0000] {dagbag.py:540} INFO - Filling up the DagBag from /opt/airflow/dags/silver/silver_cleaning.py
[2025-10-24T13:24:47.761+0000] {processor.py:842} WARNING - No viable dags retrieved from /opt/airflow/dags/silver/silver_cleaning.py
[2025-10-24T13:24:47.774+0000] {processor.py:183} INFO - Processing /opt/airflow/dags/silver/silver_cleaning.py took 0.370 seconds
[2025-10-24T13:25:17.938+0000] {processor.py:161} INFO - Started process (PID=324) to work on /opt/airflow/dags/silver/silver_cleaning.py
[2025-10-24T13:25:17.939+0000] {processor.py:830} INFO - Processing file /opt/airflow/dags/silver/silver_cleaning.py for tasks to queue
[2025-10-24T13:25:17.940+0000] {logging_mixin.py:188} INFO - [2025-10-24T13:25:17.940+0000] {dagbag.py:540} INFO - Filling up the DagBag from /opt/airflow/dags/silver/silver_cleaning.py
[2025-10-24T13:25:18.331+0000] {processor.py:842} WARNING - No viable dags retrieved from /opt/airflow/dags/silver/silver_cleaning.py
[2025-10-24T13:25:18.344+0000] {processor.py:183} INFO - Processing /opt/airflow/dags/silver/silver_cleaning.py took 0.410 seconds
[2025-10-24T13:25:48.657+0000] {processor.py:161} INFO - Started process (PID=330) to work on /opt/airflow/dags/silver/silver_cleaning.py
[2025-10-24T13:25:48.657+0000] {processor.py:830} INFO - Processing file /opt/airflow/dags/silver/silver_cleaning.py for tasks to queue
[2025-10-24T13:25:48.659+0000] {logging_mixin.py:188} INFO - [2025-10-24T13:25:48.659+0000] {dagbag.py:540} INFO - Filling up the DagBag from /opt/airflow/dags/silver/silver_cleaning.py
[2025-10-24T13:25:49.143+0000] {processor.py:842} WARNING - No viable dags retrieved from /opt/airflow/dags/silver/silver_cleaning.py
[2025-10-24T13:25:49.153+0000] {processor.py:183} INFO - Processing /opt/airflow/dags/silver/silver_cleaning.py took 0.501 seconds
[2025-10-24T13:26:19.259+0000] {processor.py:161} INFO - Started process (PID=336) to work on /opt/airflow/dags/silver/silver_cleaning.py
[2025-10-24T13:26:19.260+0000] {processor.py:830} INFO - Processing file /opt/airflow/dags/silver/silver_cleaning.py for tasks to queue
[2025-10-24T13:26:19.261+0000] {logging_mixin.py:188} INFO - [2025-10-24T13:26:19.261+0000] {dagbag.py:540} INFO - Filling up the DagBag from /opt/airflow/dags/silver/silver_cleaning.py
[2025-10-24T13:26:19.745+0000] {processor.py:842} WARNING - No viable dags retrieved from /opt/airflow/dags/silver/silver_cleaning.py
[2025-10-24T13:26:19.754+0000] {processor.py:183} INFO - Processing /opt/airflow/dags/silver/silver_cleaning.py took 0.500 seconds
[2025-10-24T13:26:49.829+0000] {processor.py:161} INFO - Started process (PID=341) to work on /opt/airflow/dags/silver/silver_cleaning.py
[2025-10-24T13:26:49.830+0000] {processor.py:830} INFO - Processing file /opt/airflow/dags/silver/silver_cleaning.py for tasks to queue
[2025-10-24T13:26:49.831+0000] {logging_mixin.py:188} INFO - [2025-10-24T13:26:49.831+0000] {dagbag.py:540} INFO - Filling up the DagBag from /opt/airflow/dags/silver/silver_cleaning.py
[2025-10-24T13:26:50.189+0000] {processor.py:842} WARNING - No viable dags retrieved from /opt/airflow/dags/silver/silver_cleaning.py
[2025-10-24T13:26:50.201+0000] {processor.py:183} INFO - Processing /opt/airflow/dags/silver/silver_cleaning.py took 0.377 seconds
[2025-10-24T13:27:20.297+0000] {processor.py:161} INFO - Started process (PID=347) to work on /opt/airflow/dags/silver/silver_cleaning.py
[2025-10-24T13:27:20.298+0000] {processor.py:830} INFO - Processing file /opt/airflow/dags/silver/silver_cleaning.py for tasks to queue
[2025-10-24T13:27:20.299+0000] {logging_mixin.py:188} INFO - [2025-10-24T13:27:20.299+0000] {dagbag.py:540} INFO - Filling up the DagBag from /opt/airflow/dags/silver/silver_cleaning.py
[2025-10-24T13:27:20.616+0000] {processor.py:842} WARNING - No viable dags retrieved from /opt/airflow/dags/silver/silver_cleaning.py
[2025-10-24T13:27:20.627+0000] {processor.py:183} INFO - Processing /opt/airflow/dags/silver/silver_cleaning.py took 0.335 seconds
[2025-10-24T13:27:51.834+0000] {processor.py:161} INFO - Started process (PID=354) to work on /opt/airflow/dags/silver/silver_cleaning.py
[2025-10-24T13:27:51.835+0000] {processor.py:830} INFO - Processing file /opt/airflow/dags/silver/silver_cleaning.py for tasks to queue
[2025-10-24T13:27:51.837+0000] {logging_mixin.py:188} INFO - [2025-10-24T13:27:51.836+0000] {dagbag.py:540} INFO - Filling up the DagBag from /opt/airflow/dags/silver/silver_cleaning.py
[2025-10-24T13:27:52.404+0000] {processor.py:842} WARNING - No viable dags retrieved from /opt/airflow/dags/silver/silver_cleaning.py
[2025-10-24T13:27:52.417+0000] {processor.py:183} INFO - Processing /opt/airflow/dags/silver/silver_cleaning.py took 0.587 seconds
[2025-10-24T13:28:24.528+0000] {processor.py:161} INFO - Started process (PID=360) to work on /opt/airflow/dags/silver/silver_cleaning.py
[2025-10-24T13:28:24.528+0000] {processor.py:830} INFO - Processing file /opt/airflow/dags/silver/silver_cleaning.py for tasks to queue
[2025-10-24T13:28:24.530+0000] {logging_mixin.py:188} INFO - [2025-10-24T13:28:24.530+0000] {dagbag.py:540} INFO - Filling up the DagBag from /opt/airflow/dags/silver/silver_cleaning.py
[2025-10-24T13:28:25.005+0000] {processor.py:842} WARNING - No viable dags retrieved from /opt/airflow/dags/silver/silver_cleaning.py
[2025-10-24T13:28:25.015+0000] {processor.py:183} INFO - Processing /opt/airflow/dags/silver/silver_cleaning.py took 0.493 seconds
[2025-10-24T13:28:56.994+0000] {processor.py:161} INFO - Started process (PID=366) to work on /opt/airflow/dags/silver/silver_cleaning.py
[2025-10-24T13:28:56.994+0000] {processor.py:830} INFO - Processing file /opt/airflow/dags/silver/silver_cleaning.py for tasks to queue
[2025-10-24T13:28:56.996+0000] {logging_mixin.py:188} INFO - [2025-10-24T13:28:56.996+0000] {dagbag.py:540} INFO - Filling up the DagBag from /opt/airflow/dags/silver/silver_cleaning.py
[2025-10-24T13:28:57.314+0000] {processor.py:842} WARNING - No viable dags retrieved from /opt/airflow/dags/silver/silver_cleaning.py
[2025-10-24T13:28:57.325+0000] {processor.py:183} INFO - Processing /opt/airflow/dags/silver/silver_cleaning.py took 0.336 seconds
[2025-10-24T13:29:30.432+0000] {processor.py:161} INFO - Started process (PID=372) to work on /opt/airflow/dags/silver/silver_cleaning.py
[2025-10-24T13:29:30.433+0000] {processor.py:830} INFO - Processing file /opt/airflow/dags/silver/silver_cleaning.py for tasks to queue
[2025-10-24T13:29:30.434+0000] {logging_mixin.py:188} INFO - [2025-10-24T13:29:30.434+0000] {dagbag.py:540} INFO - Filling up the DagBag from /opt/airflow/dags/silver/silver_cleaning.py
[2025-10-24T13:29:30.902+0000] {processor.py:842} WARNING - No viable dags retrieved from /opt/airflow/dags/silver/silver_cleaning.py
[2025-10-24T13:29:30.911+0000] {processor.py:183} INFO - Processing /opt/airflow/dags/silver/silver_cleaning.py took 0.484 seconds
[2025-10-24T13:30:01.138+0000] {processor.py:161} INFO - Started process (PID=378) to work on /opt/airflow/dags/silver/silver_cleaning.py
[2025-10-24T13:30:01.139+0000] {processor.py:830} INFO - Processing file /opt/airflow/dags/silver/silver_cleaning.py for tasks to queue
[2025-10-24T13:30:01.141+0000] {logging_mixin.py:188} INFO - [2025-10-24T13:30:01.140+0000] {dagbag.py:540} INFO - Filling up the DagBag from /opt/airflow/dags/silver/silver_cleaning.py
[2025-10-24T13:30:01.610+0000] {processor.py:842} WARNING - No viable dags retrieved from /opt/airflow/dags/silver/silver_cleaning.py
[2025-10-24T13:30:01.619+0000] {processor.py:183} INFO - Processing /opt/airflow/dags/silver/silver_cleaning.py took 0.487 seconds
[2025-10-24T13:30:32.573+0000] {processor.py:161} INFO - Started process (PID=384) to work on /opt/airflow/dags/silver/silver_cleaning.py
[2025-10-24T13:30:32.574+0000] {processor.py:830} INFO - Processing file /opt/airflow/dags/silver/silver_cleaning.py for tasks to queue
[2025-10-24T13:30:32.575+0000] {logging_mixin.py:188} INFO - [2025-10-24T13:30:32.575+0000] {dagbag.py:540} INFO - Filling up the DagBag from /opt/airflow/dags/silver/silver_cleaning.py
[2025-10-24T13:30:33.148+0000] {processor.py:842} WARNING - No viable dags retrieved from /opt/airflow/dags/silver/silver_cleaning.py
[2025-10-24T13:30:33.163+0000] {processor.py:183} INFO - Processing /opt/airflow/dags/silver/silver_cleaning.py took 0.596 seconds
[2025-10-24T13:31:04.840+0000] {processor.py:161} INFO - Started process (PID=390) to work on /opt/airflow/dags/silver/silver_cleaning.py
[2025-10-24T13:31:04.841+0000] {processor.py:830} INFO - Processing file /opt/airflow/dags/silver/silver_cleaning.py for tasks to queue
[2025-10-24T13:31:04.843+0000] {logging_mixin.py:188} INFO - [2025-10-24T13:31:04.843+0000] {dagbag.py:540} INFO - Filling up the DagBag from /opt/airflow/dags/silver/silver_cleaning.py
[2025-10-24T13:31:05.470+0000] {processor.py:842} WARNING - No viable dags retrieved from /opt/airflow/dags/silver/silver_cleaning.py
[2025-10-24T13:31:05.479+0000] {processor.py:183} INFO - Processing /opt/airflow/dags/silver/silver_cleaning.py took 0.649 seconds
[2025-10-24T13:31:35.722+0000] {processor.py:161} INFO - Started process (PID=396) to work on /opt/airflow/dags/silver/silver_cleaning.py
[2025-10-24T13:31:35.722+0000] {processor.py:830} INFO - Processing file /opt/airflow/dags/silver/silver_cleaning.py for tasks to queue
[2025-10-24T13:31:35.724+0000] {logging_mixin.py:188} INFO - [2025-10-24T13:31:35.724+0000] {dagbag.py:540} INFO - Filling up the DagBag from /opt/airflow/dags/silver/silver_cleaning.py
[2025-10-24T13:31:36.236+0000] {processor.py:842} WARNING - No viable dags retrieved from /opt/airflow/dags/silver/silver_cleaning.py
[2025-10-24T13:31:36.245+0000] {processor.py:183} INFO - Processing /opt/airflow/dags/silver/silver_cleaning.py took 0.528 seconds
[2025-10-24T13:32:07.142+0000] {processor.py:161} INFO - Started process (PID=402) to work on /opt/airflow/dags/silver/silver_cleaning.py
[2025-10-24T13:32:07.143+0000] {processor.py:830} INFO - Processing file /opt/airflow/dags/silver/silver_cleaning.py for tasks to queue
[2025-10-24T13:32:07.144+0000] {logging_mixin.py:188} INFO - [2025-10-24T13:32:07.144+0000] {dagbag.py:540} INFO - Filling up the DagBag from /opt/airflow/dags/silver/silver_cleaning.py
[2025-10-24T13:32:07.746+0000] {processor.py:842} WARNING - No viable dags retrieved from /opt/airflow/dags/silver/silver_cleaning.py
[2025-10-24T13:32:07.755+0000] {processor.py:183} INFO - Processing /opt/airflow/dags/silver/silver_cleaning.py took 0.618 seconds
[2025-10-24T13:32:38.348+0000] {processor.py:161} INFO - Started process (PID=408) to work on /opt/airflow/dags/silver/silver_cleaning.py
[2025-10-24T13:32:38.348+0000] {processor.py:830} INFO - Processing file /opt/airflow/dags/silver/silver_cleaning.py for tasks to queue
[2025-10-24T13:32:38.350+0000] {logging_mixin.py:188} INFO - [2025-10-24T13:32:38.350+0000] {dagbag.py:540} INFO - Filling up the DagBag from /opt/airflow/dags/silver/silver_cleaning.py
[2025-10-24T13:32:38.813+0000] {processor.py:842} WARNING - No viable dags retrieved from /opt/airflow/dags/silver/silver_cleaning.py
[2025-10-24T13:32:38.822+0000] {processor.py:183} INFO - Processing /opt/airflow/dags/silver/silver_cleaning.py took 0.478 seconds
[2025-10-24T13:33:09.692+0000] {processor.py:161} INFO - Started process (PID=414) to work on /opt/airflow/dags/silver/silver_cleaning.py
[2025-10-24T13:33:09.693+0000] {processor.py:830} INFO - Processing file /opt/airflow/dags/silver/silver_cleaning.py for tasks to queue
[2025-10-24T13:33:09.695+0000] {logging_mixin.py:188} INFO - [2025-10-24T13:33:09.695+0000] {dagbag.py:540} INFO - Filling up the DagBag from /opt/airflow/dags/silver/silver_cleaning.py
[2025-10-24T13:33:10.266+0000] {processor.py:842} WARNING - No viable dags retrieved from /opt/airflow/dags/silver/silver_cleaning.py
[2025-10-24T13:33:10.276+0000] {processor.py:183} INFO - Processing /opt/airflow/dags/silver/silver_cleaning.py took 0.588 seconds
[2025-10-24T13:33:42.287+0000] {processor.py:161} INFO - Started process (PID=420) to work on /opt/airflow/dags/silver/silver_cleaning.py
[2025-10-24T13:33:42.288+0000] {processor.py:830} INFO - Processing file /opt/airflow/dags/silver/silver_cleaning.py for tasks to queue
[2025-10-24T13:33:42.289+0000] {logging_mixin.py:188} INFO - [2025-10-24T13:33:42.289+0000] {dagbag.py:540} INFO - Filling up the DagBag from /opt/airflow/dags/silver/silver_cleaning.py
[2025-10-24T13:33:42.782+0000] {processor.py:842} WARNING - No viable dags retrieved from /opt/airflow/dags/silver/silver_cleaning.py
[2025-10-24T13:33:42.792+0000] {processor.py:183} INFO - Processing /opt/airflow/dags/silver/silver_cleaning.py took 0.509 seconds
[2025-10-24T13:34:13.059+0000] {processor.py:161} INFO - Started process (PID=426) to work on /opt/airflow/dags/silver/silver_cleaning.py
[2025-10-24T13:34:13.060+0000] {processor.py:830} INFO - Processing file /opt/airflow/dags/silver/silver_cleaning.py for tasks to queue
[2025-10-24T13:34:13.061+0000] {logging_mixin.py:188} INFO - [2025-10-24T13:34:13.061+0000] {dagbag.py:540} INFO - Filling up the DagBag from /opt/airflow/dags/silver/silver_cleaning.py
[2025-10-24T13:34:13.541+0000] {processor.py:842} WARNING - No viable dags retrieved from /opt/airflow/dags/silver/silver_cleaning.py
[2025-10-24T13:34:13.552+0000] {processor.py:183} INFO - Processing /opt/airflow/dags/silver/silver_cleaning.py took 0.497 seconds
[2025-10-24T13:34:44.704+0000] {processor.py:161} INFO - Started process (PID=432) to work on /opt/airflow/dags/silver/silver_cleaning.py
[2025-10-24T13:34:44.705+0000] {processor.py:830} INFO - Processing file /opt/airflow/dags/silver/silver_cleaning.py for tasks to queue
[2025-10-24T13:34:44.707+0000] {logging_mixin.py:188} INFO - [2025-10-24T13:34:44.706+0000] {dagbag.py:540} INFO - Filling up the DagBag from /opt/airflow/dags/silver/silver_cleaning.py
[2025-10-24T13:34:45.261+0000] {processor.py:842} WARNING - No viable dags retrieved from /opt/airflow/dags/silver/silver_cleaning.py
[2025-10-24T13:34:45.273+0000] {processor.py:183} INFO - Processing /opt/airflow/dags/silver/silver_cleaning.py took 0.574 seconds
[2025-10-24T13:35:16.008+0000] {processor.py:161} INFO - Started process (PID=438) to work on /opt/airflow/dags/silver/silver_cleaning.py
[2025-10-24T13:35:16.009+0000] {processor.py:830} INFO - Processing file /opt/airflow/dags/silver/silver_cleaning.py for tasks to queue
[2025-10-24T13:35:16.011+0000] {logging_mixin.py:188} INFO - [2025-10-24T13:35:16.010+0000] {dagbag.py:540} INFO - Filling up the DagBag from /opt/airflow/dags/silver/silver_cleaning.py
[2025-10-24T13:35:16.576+0000] {processor.py:842} WARNING - No viable dags retrieved from /opt/airflow/dags/silver/silver_cleaning.py
[2025-10-24T13:35:16.585+0000] {processor.py:183} INFO - Processing /opt/airflow/dags/silver/silver_cleaning.py took 0.581 seconds
[2025-10-24T13:35:48.587+0000] {processor.py:161} INFO - Started process (PID=444) to work on /opt/airflow/dags/silver/silver_cleaning.py
[2025-10-24T13:35:48.588+0000] {processor.py:830} INFO - Processing file /opt/airflow/dags/silver/silver_cleaning.py for tasks to queue
[2025-10-24T13:35:48.590+0000] {logging_mixin.py:188} INFO - [2025-10-24T13:35:48.589+0000] {dagbag.py:540} INFO - Filling up the DagBag from /opt/airflow/dags/silver/silver_cleaning.py
[2025-10-24T13:35:49.055+0000] {processor.py:842} WARNING - No viable dags retrieved from /opt/airflow/dags/silver/silver_cleaning.py
[2025-10-24T13:35:49.065+0000] {processor.py:183} INFO - Processing /opt/airflow/dags/silver/silver_cleaning.py took 0.483 seconds
[2025-10-24T13:36:20.702+0000] {processor.py:161} INFO - Started process (PID=450) to work on /opt/airflow/dags/silver/silver_cleaning.py
[2025-10-24T13:36:20.703+0000] {processor.py:830} INFO - Processing file /opt/airflow/dags/silver/silver_cleaning.py for tasks to queue
[2025-10-24T13:36:20.704+0000] {logging_mixin.py:188} INFO - [2025-10-24T13:36:20.704+0000] {dagbag.py:540} INFO - Filling up the DagBag from /opt/airflow/dags/silver/silver_cleaning.py
[2025-10-24T13:36:21.136+0000] {processor.py:842} WARNING - No viable dags retrieved from /opt/airflow/dags/silver/silver_cleaning.py
[2025-10-24T13:36:21.145+0000] {processor.py:183} INFO - Processing /opt/airflow/dags/silver/silver_cleaning.py took 0.446 seconds
[2025-10-24T13:36:53.122+0000] {processor.py:161} INFO - Started process (PID=456) to work on /opt/airflow/dags/silver/silver_cleaning.py
[2025-10-24T13:36:53.123+0000] {processor.py:830} INFO - Processing file /opt/airflow/dags/silver/silver_cleaning.py for tasks to queue
[2025-10-24T13:36:53.125+0000] {logging_mixin.py:188} INFO - [2025-10-24T13:36:53.124+0000] {dagbag.py:540} INFO - Filling up the DagBag from /opt/airflow/dags/silver/silver_cleaning.py
[2025-10-24T13:36:53.568+0000] {processor.py:842} WARNING - No viable dags retrieved from /opt/airflow/dags/silver/silver_cleaning.py
[2025-10-24T13:36:53.578+0000] {processor.py:183} INFO - Processing /opt/airflow/dags/silver/silver_cleaning.py took 0.459 seconds
[2025-10-24T13:37:23.995+0000] {processor.py:161} INFO - Started process (PID=462) to work on /opt/airflow/dags/silver/silver_cleaning.py
[2025-10-24T13:37:23.996+0000] {processor.py:830} INFO - Processing file /opt/airflow/dags/silver/silver_cleaning.py for tasks to queue
[2025-10-24T13:37:23.997+0000] {logging_mixin.py:188} INFO - [2025-10-24T13:37:23.997+0000] {dagbag.py:540} INFO - Filling up the DagBag from /opt/airflow/dags/silver/silver_cleaning.py
[2025-10-24T13:37:24.435+0000] {processor.py:842} WARNING - No viable dags retrieved from /opt/airflow/dags/silver/silver_cleaning.py
[2025-10-24T13:37:24.444+0000] {processor.py:183} INFO - Processing /opt/airflow/dags/silver/silver_cleaning.py took 0.453 seconds
[2025-10-24T13:37:55.015+0000] {processor.py:161} INFO - Started process (PID=468) to work on /opt/airflow/dags/silver/silver_cleaning.py
[2025-10-24T13:37:55.016+0000] {processor.py:830} INFO - Processing file /opt/airflow/dags/silver/silver_cleaning.py for tasks to queue
[2025-10-24T13:37:55.017+0000] {logging_mixin.py:188} INFO - [2025-10-24T13:37:55.017+0000] {dagbag.py:540} INFO - Filling up the DagBag from /opt/airflow/dags/silver/silver_cleaning.py
[2025-10-24T13:37:55.656+0000] {processor.py:842} WARNING - No viable dags retrieved from /opt/airflow/dags/silver/silver_cleaning.py
[2025-10-24T13:37:55.665+0000] {processor.py:183} INFO - Processing /opt/airflow/dags/silver/silver_cleaning.py took 0.654 seconds
[2025-10-24T13:38:26.125+0000] {processor.py:161} INFO - Started process (PID=474) to work on /opt/airflow/dags/silver/silver_cleaning.py
[2025-10-24T13:38:26.126+0000] {processor.py:830} INFO - Processing file /opt/airflow/dags/silver/silver_cleaning.py for tasks to queue
[2025-10-24T13:38:26.128+0000] {logging_mixin.py:188} INFO - [2025-10-24T13:38:26.128+0000] {dagbag.py:540} INFO - Filling up the DagBag from /opt/airflow/dags/silver/silver_cleaning.py
[2025-10-24T13:38:26.664+0000] {processor.py:842} WARNING - No viable dags retrieved from /opt/airflow/dags/silver/silver_cleaning.py
[2025-10-24T13:38:26.674+0000] {processor.py:183} INFO - Processing /opt/airflow/dags/silver/silver_cleaning.py took 0.553 seconds
[2025-10-24T13:38:58.576+0000] {processor.py:161} INFO - Started process (PID=480) to work on /opt/airflow/dags/silver/silver_cleaning.py
[2025-10-24T13:38:58.577+0000] {processor.py:830} INFO - Processing file /opt/airflow/dags/silver/silver_cleaning.py for tasks to queue
[2025-10-24T13:38:58.578+0000] {logging_mixin.py:188} INFO - [2025-10-24T13:38:58.578+0000] {dagbag.py:540} INFO - Filling up the DagBag from /opt/airflow/dags/silver/silver_cleaning.py
[2025-10-24T13:38:59.140+0000] {processor.py:842} WARNING - No viable dags retrieved from /opt/airflow/dags/silver/silver_cleaning.py
[2025-10-24T13:38:59.149+0000] {processor.py:183} INFO - Processing /opt/airflow/dags/silver/silver_cleaning.py took 0.577 seconds
[2025-10-24T13:39:31.205+0000] {processor.py:161} INFO - Started process (PID=486) to work on /opt/airflow/dags/silver/silver_cleaning.py
[2025-10-24T13:39:31.205+0000] {processor.py:830} INFO - Processing file /opt/airflow/dags/silver/silver_cleaning.py for tasks to queue
[2025-10-24T13:39:31.207+0000] {logging_mixin.py:188} INFO - [2025-10-24T13:39:31.207+0000] {dagbag.py:540} INFO - Filling up the DagBag from /opt/airflow/dags/silver/silver_cleaning.py
[2025-10-24T13:39:31.708+0000] {processor.py:842} WARNING - No viable dags retrieved from /opt/airflow/dags/silver/silver_cleaning.py
[2025-10-24T13:39:31.718+0000] {processor.py:183} INFO - Processing /opt/airflow/dags/silver/silver_cleaning.py took 0.518 seconds
[2025-10-24T13:40:03.497+0000] {processor.py:161} INFO - Started process (PID=492) to work on /opt/airflow/dags/silver/silver_cleaning.py
[2025-10-24T13:40:03.498+0000] {processor.py:830} INFO - Processing file /opt/airflow/dags/silver/silver_cleaning.py for tasks to queue
[2025-10-24T13:40:03.499+0000] {logging_mixin.py:188} INFO - [2025-10-24T13:40:03.499+0000] {dagbag.py:540} INFO - Filling up the DagBag from /opt/airflow/dags/silver/silver_cleaning.py
[2025-10-24T13:40:03.983+0000] {processor.py:842} WARNING - No viable dags retrieved from /opt/airflow/dags/silver/silver_cleaning.py
[2025-10-24T13:40:03.992+0000] {processor.py:183} INFO - Processing /opt/airflow/dags/silver/silver_cleaning.py took 0.500 seconds
[2025-10-24T13:40:35.877+0000] {processor.py:161} INFO - Started process (PID=498) to work on /opt/airflow/dags/silver/silver_cleaning.py
[2025-10-24T13:40:35.878+0000] {processor.py:830} INFO - Processing file /opt/airflow/dags/silver/silver_cleaning.py for tasks to queue
[2025-10-24T13:40:35.880+0000] {logging_mixin.py:188} INFO - [2025-10-24T13:40:35.880+0000] {dagbag.py:540} INFO - Filling up the DagBag from /opt/airflow/dags/silver/silver_cleaning.py
[2025-10-24T13:40:36.341+0000] {processor.py:842} WARNING - No viable dags retrieved from /opt/airflow/dags/silver/silver_cleaning.py
[2025-10-24T13:40:36.350+0000] {processor.py:183} INFO - Processing /opt/airflow/dags/silver/silver_cleaning.py took 0.477 seconds
[2025-10-24T13:41:07.981+0000] {processor.py:161} INFO - Started process (PID=504) to work on /opt/airflow/dags/silver/silver_cleaning.py
[2025-10-24T13:41:07.981+0000] {processor.py:830} INFO - Processing file /opt/airflow/dags/silver/silver_cleaning.py for tasks to queue
[2025-10-24T13:41:07.983+0000] {logging_mixin.py:188} INFO - [2025-10-24T13:41:07.983+0000] {dagbag.py:540} INFO - Filling up the DagBag from /opt/airflow/dags/silver/silver_cleaning.py
[2025-10-24T13:41:08.550+0000] {processor.py:842} WARNING - No viable dags retrieved from /opt/airflow/dags/silver/silver_cleaning.py
[2025-10-24T13:41:08.558+0000] {processor.py:183} INFO - Processing /opt/airflow/dags/silver/silver_cleaning.py took 0.582 seconds
[2025-10-24T13:41:38.921+0000] {processor.py:161} INFO - Started process (PID=511) to work on /opt/airflow/dags/silver/silver_cleaning.py
[2025-10-24T13:41:38.922+0000] {processor.py:830} INFO - Processing file /opt/airflow/dags/silver/silver_cleaning.py for tasks to queue
[2025-10-24T13:41:38.924+0000] {logging_mixin.py:188} INFO - [2025-10-24T13:41:38.923+0000] {dagbag.py:540} INFO - Filling up the DagBag from /opt/airflow/dags/silver/silver_cleaning.py
[2025-10-24T13:41:39.402+0000] {processor.py:842} WARNING - No viable dags retrieved from /opt/airflow/dags/silver/silver_cleaning.py
[2025-10-24T13:41:39.411+0000] {processor.py:183} INFO - Processing /opt/airflow/dags/silver/silver_cleaning.py took 0.494 seconds
[2025-10-24T13:42:11.447+0000] {processor.py:161} INFO - Started process (PID=523) to work on /opt/airflow/dags/silver/silver_cleaning.py
[2025-10-24T13:42:11.448+0000] {processor.py:830} INFO - Processing file /opt/airflow/dags/silver/silver_cleaning.py for tasks to queue
[2025-10-24T13:42:11.449+0000] {logging_mixin.py:188} INFO - [2025-10-24T13:42:11.449+0000] {dagbag.py:540} INFO - Filling up the DagBag from /opt/airflow/dags/silver/silver_cleaning.py
[2025-10-24T13:42:11.910+0000] {processor.py:842} WARNING - No viable dags retrieved from /opt/airflow/dags/silver/silver_cleaning.py
[2025-10-24T13:42:11.918+0000] {processor.py:183} INFO - Processing /opt/airflow/dags/silver/silver_cleaning.py took 0.476 seconds
[2025-10-24T13:42:42.010+0000] {processor.py:161} INFO - Started process (PID=529) to work on /opt/airflow/dags/silver/silver_cleaning.py
[2025-10-24T13:42:42.011+0000] {processor.py:830} INFO - Processing file /opt/airflow/dags/silver/silver_cleaning.py for tasks to queue
[2025-10-24T13:42:42.012+0000] {logging_mixin.py:188} INFO - [2025-10-24T13:42:42.012+0000] {dagbag.py:540} INFO - Filling up the DagBag from /opt/airflow/dags/silver/silver_cleaning.py
[2025-10-24T13:42:42.463+0000] {processor.py:842} WARNING - No viable dags retrieved from /opt/airflow/dags/silver/silver_cleaning.py
[2025-10-24T13:42:42.471+0000] {processor.py:183} INFO - Processing /opt/airflow/dags/silver/silver_cleaning.py took 0.465 seconds
[2025-10-24T13:43:12.605+0000] {processor.py:161} INFO - Started process (PID=537) to work on /opt/airflow/dags/silver/silver_cleaning.py
[2025-10-24T13:43:12.606+0000] {processor.py:830} INFO - Processing file /opt/airflow/dags/silver/silver_cleaning.py for tasks to queue
[2025-10-24T13:43:12.608+0000] {logging_mixin.py:188} INFO - [2025-10-24T13:43:12.607+0000] {dagbag.py:540} INFO - Filling up the DagBag from /opt/airflow/dags/silver/silver_cleaning.py
[2025-10-24T13:43:13.124+0000] {processor.py:842} WARNING - No viable dags retrieved from /opt/airflow/dags/silver/silver_cleaning.py
[2025-10-24T13:43:13.135+0000] {processor.py:183} INFO - Processing /opt/airflow/dags/silver/silver_cleaning.py took 0.535 seconds
[2025-10-24T13:43:43.265+0000] {processor.py:161} INFO - Started process (PID=543) to work on /opt/airflow/dags/silver/silver_cleaning.py
[2025-10-24T13:43:43.266+0000] {processor.py:830} INFO - Processing file /opt/airflow/dags/silver/silver_cleaning.py for tasks to queue
[2025-10-24T13:43:43.267+0000] {logging_mixin.py:188} INFO - [2025-10-24T13:43:43.267+0000] {dagbag.py:540} INFO - Filling up the DagBag from /opt/airflow/dags/silver/silver_cleaning.py
[2025-10-24T13:43:43.722+0000] {processor.py:842} WARNING - No viable dags retrieved from /opt/airflow/dags/silver/silver_cleaning.py
[2025-10-24T13:43:43.731+0000] {processor.py:183} INFO - Processing /opt/airflow/dags/silver/silver_cleaning.py took 0.471 seconds
[2025-10-24T13:44:13.897+0000] {processor.py:161} INFO - Started process (PID=547) to work on /opt/airflow/dags/silver/silver_cleaning.py
[2025-10-24T13:44:13.898+0000] {processor.py:830} INFO - Processing file /opt/airflow/dags/silver/silver_cleaning.py for tasks to queue
[2025-10-24T13:44:13.899+0000] {logging_mixin.py:188} INFO - [2025-10-24T13:44:13.899+0000] {dagbag.py:540} INFO - Filling up the DagBag from /opt/airflow/dags/silver/silver_cleaning.py
[2025-10-24T13:44:14.354+0000] {processor.py:842} WARNING - No viable dags retrieved from /opt/airflow/dags/silver/silver_cleaning.py
[2025-10-24T13:44:14.363+0000] {processor.py:183} INFO - Processing /opt/airflow/dags/silver/silver_cleaning.py took 0.470 seconds
[2025-10-24T13:44:44.574+0000] {processor.py:161} INFO - Started process (PID=553) to work on /opt/airflow/dags/silver/silver_cleaning.py
[2025-10-24T13:44:44.574+0000] {processor.py:830} INFO - Processing file /opt/airflow/dags/silver/silver_cleaning.py for tasks to queue
[2025-10-24T13:44:44.576+0000] {logging_mixin.py:188} INFO - [2025-10-24T13:44:44.575+0000] {dagbag.py:540} INFO - Filling up the DagBag from /opt/airflow/dags/silver/silver_cleaning.py
[2025-10-24T13:44:45.042+0000] {processor.py:842} WARNING - No viable dags retrieved from /opt/airflow/dags/silver/silver_cleaning.py
[2025-10-24T13:44:45.050+0000] {processor.py:183} INFO - Processing /opt/airflow/dags/silver/silver_cleaning.py took 0.482 seconds
[2025-10-24T13:45:15.107+0000] {processor.py:161} INFO - Started process (PID=561) to work on /opt/airflow/dags/silver/silver_cleaning.py
[2025-10-24T13:45:15.108+0000] {processor.py:830} INFO - Processing file /opt/airflow/dags/silver/silver_cleaning.py for tasks to queue
[2025-10-24T13:45:15.109+0000] {logging_mixin.py:188} INFO - [2025-10-24T13:45:15.109+0000] {dagbag.py:540} INFO - Filling up the DagBag from /opt/airflow/dags/silver/silver_cleaning.py
[2025-10-24T13:45:15.541+0000] {processor.py:842} WARNING - No viable dags retrieved from /opt/airflow/dags/silver/silver_cleaning.py
[2025-10-24T13:45:15.549+0000] {processor.py:183} INFO - Processing /opt/airflow/dags/silver/silver_cleaning.py took 0.447 seconds
[2025-10-24T13:45:45.813+0000] {processor.py:161} INFO - Started process (PID=565) to work on /opt/airflow/dags/silver/silver_cleaning.py
[2025-10-24T13:45:45.813+0000] {processor.py:830} INFO - Processing file /opt/airflow/dags/silver/silver_cleaning.py for tasks to queue
[2025-10-24T13:45:45.815+0000] {logging_mixin.py:188} INFO - [2025-10-24T13:45:45.815+0000] {dagbag.py:540} INFO - Filling up the DagBag from /opt/airflow/dags/silver/silver_cleaning.py
[2025-10-24T13:45:46.368+0000] {processor.py:842} WARNING - No viable dags retrieved from /opt/airflow/dags/silver/silver_cleaning.py
[2025-10-24T13:45:46.379+0000] {processor.py:183} INFO - Processing /opt/airflow/dags/silver/silver_cleaning.py took 0.572 seconds
[2025-10-24T13:46:16.575+0000] {processor.py:161} INFO - Started process (PID=571) to work on /opt/airflow/dags/silver/silver_cleaning.py
[2025-10-24T13:46:16.576+0000] {processor.py:830} INFO - Processing file /opt/airflow/dags/silver/silver_cleaning.py for tasks to queue
[2025-10-24T13:46:16.578+0000] {logging_mixin.py:188} INFO - [2025-10-24T13:46:16.578+0000] {dagbag.py:540} INFO - Filling up the DagBag from /opt/airflow/dags/silver/silver_cleaning.py
[2025-10-24T13:46:17.040+0000] {processor.py:842} WARNING - No viable dags retrieved from /opt/airflow/dags/silver/silver_cleaning.py
[2025-10-24T13:46:17.048+0000] {processor.py:183} INFO - Processing /opt/airflow/dags/silver/silver_cleaning.py took 0.478 seconds
[2025-10-24T13:46:47.297+0000] {processor.py:161} INFO - Started process (PID=577) to work on /opt/airflow/dags/silver/silver_cleaning.py
[2025-10-24T13:46:47.298+0000] {processor.py:830} INFO - Processing file /opt/airflow/dags/silver/silver_cleaning.py for tasks to queue
[2025-10-24T13:46:47.299+0000] {logging_mixin.py:188} INFO - [2025-10-24T13:46:47.299+0000] {dagbag.py:540} INFO - Filling up the DagBag from /opt/airflow/dags/silver/silver_cleaning.py
[2025-10-24T13:46:47.910+0000] {processor.py:842} WARNING - No viable dags retrieved from /opt/airflow/dags/silver/silver_cleaning.py
[2025-10-24T13:46:47.920+0000] {processor.py:183} INFO - Processing /opt/airflow/dags/silver/silver_cleaning.py took 0.628 seconds
[2025-10-24T13:47:19.041+0000] {processor.py:161} INFO - Started process (PID=583) to work on /opt/airflow/dags/silver/silver_cleaning.py
[2025-10-24T13:47:19.042+0000] {processor.py:830} INFO - Processing file /opt/airflow/dags/silver/silver_cleaning.py for tasks to queue
[2025-10-24T13:47:19.044+0000] {logging_mixin.py:188} INFO - [2025-10-24T13:47:19.044+0000] {dagbag.py:540} INFO - Filling up the DagBag from /opt/airflow/dags/silver/silver_cleaning.py
[2025-10-24T13:47:19.553+0000] {processor.py:842} WARNING - No viable dags retrieved from /opt/airflow/dags/silver/silver_cleaning.py
[2025-10-24T13:47:19.563+0000] {processor.py:183} INFO - Processing /opt/airflow/dags/silver/silver_cleaning.py took 0.526 seconds
[2025-10-24T13:47:49.890+0000] {processor.py:161} INFO - Started process (PID=589) to work on /opt/airflow/dags/silver/silver_cleaning.py
[2025-10-24T13:47:49.891+0000] {processor.py:830} INFO - Processing file /opt/airflow/dags/silver/silver_cleaning.py for tasks to queue
[2025-10-24T13:47:49.892+0000] {logging_mixin.py:188} INFO - [2025-10-24T13:47:49.892+0000] {dagbag.py:540} INFO - Filling up the DagBag from /opt/airflow/dags/silver/silver_cleaning.py
[2025-10-24T13:47:50.364+0000] {processor.py:842} WARNING - No viable dags retrieved from /opt/airflow/dags/silver/silver_cleaning.py
[2025-10-24T13:47:50.374+0000] {processor.py:183} INFO - Processing /opt/airflow/dags/silver/silver_cleaning.py took 0.489 seconds
[2025-10-24T13:48:20.660+0000] {processor.py:161} INFO - Started process (PID=596) to work on /opt/airflow/dags/silver/silver_cleaning.py
[2025-10-24T13:48:20.661+0000] {processor.py:830} INFO - Processing file /opt/airflow/dags/silver/silver_cleaning.py for tasks to queue
[2025-10-24T13:48:20.663+0000] {logging_mixin.py:188} INFO - [2025-10-24T13:48:20.663+0000] {dagbag.py:540} INFO - Filling up the DagBag from /opt/airflow/dags/silver/silver_cleaning.py
[2025-10-24T13:48:21.063+0000] {processor.py:842} WARNING - No viable dags retrieved from /opt/airflow/dags/silver/silver_cleaning.py
[2025-10-24T13:48:21.071+0000] {processor.py:183} INFO - Processing /opt/airflow/dags/silver/silver_cleaning.py took 0.417 seconds
[2025-10-24T13:48:51.281+0000] {processor.py:161} INFO - Started process (PID=603) to work on /opt/airflow/dags/silver/silver_cleaning.py
[2025-10-24T13:48:51.281+0000] {processor.py:830} INFO - Processing file /opt/airflow/dags/silver/silver_cleaning.py for tasks to queue
[2025-10-24T13:48:51.283+0000] {logging_mixin.py:188} INFO - [2025-10-24T13:48:51.282+0000] {dagbag.py:540} INFO - Filling up the DagBag from /opt/airflow/dags/silver/silver_cleaning.py
[2025-10-24T13:48:51.697+0000] {processor.py:842} WARNING - No viable dags retrieved from /opt/airflow/dags/silver/silver_cleaning.py
[2025-10-24T13:48:51.705+0000] {processor.py:183} INFO - Processing /opt/airflow/dags/silver/silver_cleaning.py took 0.429 seconds
[2025-10-24T13:49:21.841+0000] {processor.py:161} INFO - Started process (PID=609) to work on /opt/airflow/dags/silver/silver_cleaning.py
[2025-10-24T13:49:21.842+0000] {processor.py:830} INFO - Processing file /opt/airflow/dags/silver/silver_cleaning.py for tasks to queue
[2025-10-24T13:49:21.843+0000] {logging_mixin.py:188} INFO - [2025-10-24T13:49:21.843+0000] {dagbag.py:540} INFO - Filling up the DagBag from /opt/airflow/dags/silver/silver_cleaning.py
[2025-10-24T13:49:22.249+0000] {processor.py:842} WARNING - No viable dags retrieved from /opt/airflow/dags/silver/silver_cleaning.py
[2025-10-24T13:49:22.257+0000] {processor.py:183} INFO - Processing /opt/airflow/dags/silver/silver_cleaning.py took 0.420 seconds
[2025-10-24T13:49:52.958+0000] {processor.py:161} INFO - Started process (PID=615) to work on /opt/airflow/dags/silver/silver_cleaning.py
[2025-10-24T13:49:52.959+0000] {processor.py:830} INFO - Processing file /opt/airflow/dags/silver/silver_cleaning.py for tasks to queue
[2025-10-24T13:49:52.961+0000] {logging_mixin.py:188} INFO - [2025-10-24T13:49:52.960+0000] {dagbag.py:540} INFO - Filling up the DagBag from /opt/airflow/dags/silver/silver_cleaning.py
[2025-10-24T13:49:53.365+0000] {processor.py:842} WARNING - No viable dags retrieved from /opt/airflow/dags/silver/silver_cleaning.py
[2025-10-24T13:49:53.373+0000] {processor.py:183} INFO - Processing /opt/airflow/dags/silver/silver_cleaning.py took 0.419 seconds
[2025-10-24T13:50:24.157+0000] {processor.py:161} INFO - Started process (PID=621) to work on /opt/airflow/dags/silver/silver_cleaning.py
[2025-10-24T13:50:24.158+0000] {processor.py:830} INFO - Processing file /opt/airflow/dags/silver/silver_cleaning.py for tasks to queue
[2025-10-24T13:50:24.160+0000] {logging_mixin.py:188} INFO - [2025-10-24T13:50:24.160+0000] {dagbag.py:540} INFO - Filling up the DagBag from /opt/airflow/dags/silver/silver_cleaning.py
[2025-10-24T13:50:24.545+0000] {processor.py:842} WARNING - No viable dags retrieved from /opt/airflow/dags/silver/silver_cleaning.py
[2025-10-24T13:50:24.556+0000] {processor.py:183} INFO - Processing /opt/airflow/dags/silver/silver_cleaning.py took 0.405 seconds
[2025-10-24T13:50:54.760+0000] {processor.py:161} INFO - Started process (PID=627) to work on /opt/airflow/dags/silver/silver_cleaning.py
[2025-10-24T13:50:54.761+0000] {processor.py:830} INFO - Processing file /opt/airflow/dags/silver/silver_cleaning.py for tasks to queue
[2025-10-24T13:50:54.763+0000] {logging_mixin.py:188} INFO - [2025-10-24T13:50:54.762+0000] {dagbag.py:540} INFO - Filling up the DagBag from /opt/airflow/dags/silver/silver_cleaning.py
[2025-10-24T13:50:55.094+0000] {processor.py:842} WARNING - No viable dags retrieved from /opt/airflow/dags/silver/silver_cleaning.py
[2025-10-24T13:50:55.107+0000] {processor.py:183} INFO - Processing /opt/airflow/dags/silver/silver_cleaning.py took 0.352 seconds
[2025-10-24T13:51:25.296+0000] {processor.py:161} INFO - Started process (PID=633) to work on /opt/airflow/dags/silver/silver_cleaning.py
[2025-10-24T13:51:25.296+0000] {processor.py:830} INFO - Processing file /opt/airflow/dags/silver/silver_cleaning.py for tasks to queue
[2025-10-24T13:51:25.298+0000] {logging_mixin.py:188} INFO - [2025-10-24T13:51:25.298+0000] {dagbag.py:540} INFO - Filling up the DagBag from /opt/airflow/dags/silver/silver_cleaning.py
[2025-10-24T13:51:25.613+0000] {processor.py:842} WARNING - No viable dags retrieved from /opt/airflow/dags/silver/silver_cleaning.py
[2025-10-24T13:51:25.623+0000] {processor.py:183} INFO - Processing /opt/airflow/dags/silver/silver_cleaning.py took 0.332 seconds
[2025-10-24T13:51:55.791+0000] {processor.py:161} INFO - Started process (PID=639) to work on /opt/airflow/dags/silver/silver_cleaning.py
[2025-10-24T13:51:55.792+0000] {processor.py:830} INFO - Processing file /opt/airflow/dags/silver/silver_cleaning.py for tasks to queue
[2025-10-24T13:51:55.793+0000] {logging_mixin.py:188} INFO - [2025-10-24T13:51:55.793+0000] {dagbag.py:540} INFO - Filling up the DagBag from /opt/airflow/dags/silver/silver_cleaning.py
[2025-10-24T13:51:56.123+0000] {processor.py:842} WARNING - No viable dags retrieved from /opt/airflow/dags/silver/silver_cleaning.py
[2025-10-24T13:51:56.136+0000] {processor.py:183} INFO - Processing /opt/airflow/dags/silver/silver_cleaning.py took 0.350 seconds
[2025-10-24T13:52:26.786+0000] {processor.py:161} INFO - Started process (PID=645) to work on /opt/airflow/dags/silver/silver_cleaning.py
[2025-10-24T13:52:26.787+0000] {processor.py:830} INFO - Processing file /opt/airflow/dags/silver/silver_cleaning.py for tasks to queue
[2025-10-24T13:52:26.788+0000] {logging_mixin.py:188} INFO - [2025-10-24T13:52:26.788+0000] {dagbag.py:540} INFO - Filling up the DagBag from /opt/airflow/dags/silver/silver_cleaning.py
[2025-10-24T13:52:27.134+0000] {processor.py:842} WARNING - No viable dags retrieved from /opt/airflow/dags/silver/silver_cleaning.py
[2025-10-24T13:52:27.145+0000] {processor.py:183} INFO - Processing /opt/airflow/dags/silver/silver_cleaning.py took 0.365 seconds
[2025-10-24T13:52:57.459+0000] {processor.py:161} INFO - Started process (PID=651) to work on /opt/airflow/dags/silver/silver_cleaning.py
[2025-10-24T13:52:57.460+0000] {processor.py:830} INFO - Processing file /opt/airflow/dags/silver/silver_cleaning.py for tasks to queue
[2025-10-24T13:52:57.461+0000] {logging_mixin.py:188} INFO - [2025-10-24T13:52:57.461+0000] {dagbag.py:540} INFO - Filling up the DagBag from /opt/airflow/dags/silver/silver_cleaning.py
[2025-10-24T13:52:57.792+0000] {processor.py:842} WARNING - No viable dags retrieved from /opt/airflow/dags/silver/silver_cleaning.py
[2025-10-24T13:52:57.804+0000] {processor.py:183} INFO - Processing /opt/airflow/dags/silver/silver_cleaning.py took 0.350 seconds
[2025-10-24T13:53:28.048+0000] {processor.py:161} INFO - Started process (PID=657) to work on /opt/airflow/dags/silver/silver_cleaning.py
[2025-10-24T13:53:28.048+0000] {processor.py:830} INFO - Processing file /opt/airflow/dags/silver/silver_cleaning.py for tasks to queue
[2025-10-24T13:53:28.050+0000] {logging_mixin.py:188} INFO - [2025-10-24T13:53:28.050+0000] {dagbag.py:540} INFO - Filling up the DagBag from /opt/airflow/dags/silver/silver_cleaning.py
[2025-10-24T13:53:28.379+0000] {processor.py:842} WARNING - No viable dags retrieved from /opt/airflow/dags/silver/silver_cleaning.py
[2025-10-24T13:53:28.393+0000] {processor.py:183} INFO - Processing /opt/airflow/dags/silver/silver_cleaning.py took 0.350 seconds
[2025-10-24T13:53:58.545+0000] {processor.py:161} INFO - Started process (PID=663) to work on /opt/airflow/dags/silver/silver_cleaning.py
[2025-10-24T13:53:58.546+0000] {processor.py:830} INFO - Processing file /opt/airflow/dags/silver/silver_cleaning.py for tasks to queue
[2025-10-24T13:53:58.547+0000] {logging_mixin.py:188} INFO - [2025-10-24T13:53:58.547+0000] {dagbag.py:540} INFO - Filling up the DagBag from /opt/airflow/dags/silver/silver_cleaning.py
[2025-10-24T13:53:58.867+0000] {processor.py:842} WARNING - No viable dags retrieved from /opt/airflow/dags/silver/silver_cleaning.py
[2025-10-24T13:53:58.879+0000] {processor.py:183} INFO - Processing /opt/airflow/dags/silver/silver_cleaning.py took 0.339 seconds
[2025-10-24T13:54:29.799+0000] {processor.py:161} INFO - Started process (PID=669) to work on /opt/airflow/dags/silver/silver_cleaning.py
[2025-10-24T13:54:29.800+0000] {processor.py:830} INFO - Processing file /opt/airflow/dags/silver/silver_cleaning.py for tasks to queue
[2025-10-24T13:54:29.801+0000] {logging_mixin.py:188} INFO - [2025-10-24T13:54:29.801+0000] {dagbag.py:540} INFO - Filling up the DagBag from /opt/airflow/dags/silver/silver_cleaning.py
[2025-10-24T13:54:30.110+0000] {processor.py:842} WARNING - No viable dags retrieved from /opt/airflow/dags/silver/silver_cleaning.py
[2025-10-24T13:54:30.120+0000] {processor.py:183} INFO - Processing /opt/airflow/dags/silver/silver_cleaning.py took 0.326 seconds
[2025-10-24T13:55:00.397+0000] {processor.py:161} INFO - Started process (PID=675) to work on /opt/airflow/dags/silver/silver_cleaning.py
[2025-10-24T13:55:00.398+0000] {processor.py:830} INFO - Processing file /opt/airflow/dags/silver/silver_cleaning.py for tasks to queue
[2025-10-24T13:55:00.400+0000] {logging_mixin.py:188} INFO - [2025-10-24T13:55:00.399+0000] {dagbag.py:540} INFO - Filling up the DagBag from /opt/airflow/dags/silver/silver_cleaning.py
[2025-10-24T13:55:00.727+0000] {processor.py:842} WARNING - No viable dags retrieved from /opt/airflow/dags/silver/silver_cleaning.py
[2025-10-24T13:55:00.739+0000] {processor.py:183} INFO - Processing /opt/airflow/dags/silver/silver_cleaning.py took 0.346 seconds
[2025-10-24T13:55:31.076+0000] {processor.py:161} INFO - Started process (PID=681) to work on /opt/airflow/dags/silver/silver_cleaning.py
[2025-10-24T13:55:31.077+0000] {processor.py:830} INFO - Processing file /opt/airflow/dags/silver/silver_cleaning.py for tasks to queue
[2025-10-24T13:55:31.078+0000] {logging_mixin.py:188} INFO - [2025-10-24T13:55:31.078+0000] {dagbag.py:540} INFO - Filling up the DagBag from /opt/airflow/dags/silver/silver_cleaning.py
[2025-10-24T13:55:31.385+0000] {processor.py:842} WARNING - No viable dags retrieved from /opt/airflow/dags/silver/silver_cleaning.py
[2025-10-24T13:55:31.397+0000] {processor.py:183} INFO - Processing /opt/airflow/dags/silver/silver_cleaning.py took 0.326 seconds
[2025-10-24T13:56:01.923+0000] {processor.py:161} INFO - Started process (PID=687) to work on /opt/airflow/dags/silver/silver_cleaning.py
[2025-10-24T13:56:01.925+0000] {processor.py:830} INFO - Processing file /opt/airflow/dags/silver/silver_cleaning.py for tasks to queue
[2025-10-24T13:56:01.928+0000] {logging_mixin.py:188} INFO - [2025-10-24T13:56:01.927+0000] {dagbag.py:540} INFO - Filling up the DagBag from /opt/airflow/dags/silver/silver_cleaning.py
[2025-10-24T13:56:02.291+0000] {processor.py:842} WARNING - No viable dags retrieved from /opt/airflow/dags/silver/silver_cleaning.py
[2025-10-24T13:56:02.304+0000] {processor.py:183} INFO - Processing /opt/airflow/dags/silver/silver_cleaning.py took 0.392 seconds
[2025-10-24T13:56:32.373+0000] {processor.py:161} INFO - Started process (PID=693) to work on /opt/airflow/dags/silver/silver_cleaning.py
[2025-10-24T13:56:32.374+0000] {processor.py:830} INFO - Processing file /opt/airflow/dags/silver/silver_cleaning.py for tasks to queue
[2025-10-24T13:56:32.375+0000] {logging_mixin.py:188} INFO - [2025-10-24T13:56:32.375+0000] {dagbag.py:540} INFO - Filling up the DagBag from /opt/airflow/dags/silver/silver_cleaning.py
[2025-10-24T13:56:32.675+0000] {processor.py:842} WARNING - No viable dags retrieved from /opt/airflow/dags/silver/silver_cleaning.py
[2025-10-24T13:56:32.685+0000] {processor.py:183} INFO - Processing /opt/airflow/dags/silver/silver_cleaning.py took 0.316 seconds
[2025-10-24T13:57:02.911+0000] {processor.py:161} INFO - Started process (PID=699) to work on /opt/airflow/dags/silver/silver_cleaning.py
[2025-10-24T13:57:02.912+0000] {processor.py:830} INFO - Processing file /opt/airflow/dags/silver/silver_cleaning.py for tasks to queue
[2025-10-24T13:57:02.914+0000] {logging_mixin.py:188} INFO - [2025-10-24T13:57:02.913+0000] {dagbag.py:540} INFO - Filling up the DagBag from /opt/airflow/dags/silver/silver_cleaning.py
[2025-10-24T13:57:03.243+0000] {processor.py:842} WARNING - No viable dags retrieved from /opt/airflow/dags/silver/silver_cleaning.py
[2025-10-24T13:57:03.254+0000] {processor.py:183} INFO - Processing /opt/airflow/dags/silver/silver_cleaning.py took 0.348 seconds
[2025-10-24T13:57:33.409+0000] {processor.py:161} INFO - Started process (PID=705) to work on /opt/airflow/dags/silver/silver_cleaning.py
[2025-10-24T13:57:33.410+0000] {processor.py:830} INFO - Processing file /opt/airflow/dags/silver/silver_cleaning.py for tasks to queue
[2025-10-24T13:57:33.412+0000] {logging_mixin.py:188} INFO - [2025-10-24T13:57:33.411+0000] {dagbag.py:540} INFO - Filling up the DagBag from /opt/airflow/dags/silver/silver_cleaning.py
[2025-10-24T13:57:33.747+0000] {processor.py:842} WARNING - No viable dags retrieved from /opt/airflow/dags/silver/silver_cleaning.py
[2025-10-24T13:57:33.763+0000] {processor.py:183} INFO - Processing /opt/airflow/dags/silver/silver_cleaning.py took 0.358 seconds
[2025-10-24T13:58:03.824+0000] {processor.py:161} INFO - Started process (PID=711) to work on /opt/airflow/dags/silver/silver_cleaning.py
[2025-10-24T13:58:03.825+0000] {processor.py:830} INFO - Processing file /opt/airflow/dags/silver/silver_cleaning.py for tasks to queue
[2025-10-24T13:58:03.827+0000] {logging_mixin.py:188} INFO - [2025-10-24T13:58:03.826+0000] {dagbag.py:540} INFO - Filling up the DagBag from /opt/airflow/dags/silver/silver_cleaning.py
[2025-10-24T13:58:04.159+0000] {processor.py:842} WARNING - No viable dags retrieved from /opt/airflow/dags/silver/silver_cleaning.py
[2025-10-24T13:58:04.170+0000] {processor.py:183} INFO - Processing /opt/airflow/dags/silver/silver_cleaning.py took 0.350 seconds
[2025-10-24T13:58:34.368+0000] {processor.py:161} INFO - Started process (PID=717) to work on /opt/airflow/dags/silver/silver_cleaning.py
[2025-10-24T13:58:34.369+0000] {processor.py:830} INFO - Processing file /opt/airflow/dags/silver/silver_cleaning.py for tasks to queue
[2025-10-24T13:58:34.371+0000] {logging_mixin.py:188} INFO - [2025-10-24T13:58:34.370+0000] {dagbag.py:540} INFO - Filling up the DagBag from /opt/airflow/dags/silver/silver_cleaning.py
[2025-10-24T13:58:34.677+0000] {processor.py:842} WARNING - No viable dags retrieved from /opt/airflow/dags/silver/silver_cleaning.py
[2025-10-24T13:58:34.688+0000] {processor.py:183} INFO - Processing /opt/airflow/dags/silver/silver_cleaning.py took 0.324 seconds
[2025-10-24T13:59:04.889+0000] {processor.py:161} INFO - Started process (PID=723) to work on /opt/airflow/dags/silver/silver_cleaning.py
[2025-10-24T13:59:04.890+0000] {processor.py:830} INFO - Processing file /opt/airflow/dags/silver/silver_cleaning.py for tasks to queue
[2025-10-24T13:59:04.891+0000] {logging_mixin.py:188} INFO - [2025-10-24T13:59:04.891+0000] {dagbag.py:540} INFO - Filling up the DagBag from /opt/airflow/dags/silver/silver_cleaning.py
[2025-10-24T13:59:08.368+0000] {processor.py:842} WARNING - No viable dags retrieved from /opt/airflow/dags/silver/silver_cleaning.py
[2025-10-24T13:59:08.380+0000] {processor.py:183} INFO - Processing /opt/airflow/dags/silver/silver_cleaning.py took 0.382 seconds
[2025-10-24T13:59:38.732+0000] {processor.py:161} INFO - Started process (PID=729) to work on /opt/airflow/dags/silver/silver_cleaning.py
[2025-10-24T13:59:38.733+0000] {processor.py:830} INFO - Processing file /opt/airflow/dags/silver/silver_cleaning.py for tasks to queue
[2025-10-24T13:59:38.735+0000] {logging_mixin.py:188} INFO - [2025-10-24T13:59:38.734+0000] {dagbag.py:540} INFO - Filling up the DagBag from /opt/airflow/dags/silver/silver_cleaning.py
[2025-10-24T13:59:39.044+0000] {processor.py:842} WARNING - No viable dags retrieved from /opt/airflow/dags/silver/silver_cleaning.py
[2025-10-24T13:59:39.055+0000] {processor.py:183} INFO - Processing /opt/airflow/dags/silver/silver_cleaning.py took 0.327 seconds
[2025-10-24T14:00:09.219+0000] {processor.py:161} INFO - Started process (PID=735) to work on /opt/airflow/dags/silver/silver_cleaning.py
[2025-10-24T14:00:09.220+0000] {processor.py:830} INFO - Processing file /opt/airflow/dags/silver/silver_cleaning.py for tasks to queue
[2025-10-24T14:00:09.222+0000] {logging_mixin.py:188} INFO - [2025-10-24T14:00:09.222+0000] {dagbag.py:540} INFO - Filling up the DagBag from /opt/airflow/dags/silver/silver_cleaning.py
[2025-10-24T14:00:09.594+0000] {processor.py:842} WARNING - No viable dags retrieved from /opt/airflow/dags/silver/silver_cleaning.py
[2025-10-24T14:00:09.608+0000] {processor.py:183} INFO - Processing /opt/airflow/dags/silver/silver_cleaning.py took 0.394 seconds
[2025-10-24T14:00:39.765+0000] {processor.py:161} INFO - Started process (PID=741) to work on /opt/airflow/dags/silver/silver_cleaning.py
[2025-10-24T14:00:39.766+0000] {processor.py:830} INFO - Processing file /opt/airflow/dags/silver/silver_cleaning.py for tasks to queue
[2025-10-24T14:00:39.768+0000] {logging_mixin.py:188} INFO - [2025-10-24T14:00:39.767+0000] {dagbag.py:540} INFO - Filling up the DagBag from /opt/airflow/dags/silver/silver_cleaning.py
[2025-10-24T14:00:40.144+0000] {processor.py:842} WARNING - No viable dags retrieved from /opt/airflow/dags/silver/silver_cleaning.py
[2025-10-24T14:00:40.160+0000] {processor.py:183} INFO - Processing /opt/airflow/dags/silver/silver_cleaning.py took 0.400 seconds
[2025-10-24T14:01:10.676+0000] {processor.py:161} INFO - Started process (PID=747) to work on /opt/airflow/dags/silver/silver_cleaning.py
[2025-10-24T14:01:10.677+0000] {processor.py:830} INFO - Processing file /opt/airflow/dags/silver/silver_cleaning.py for tasks to queue
[2025-10-24T14:01:10.678+0000] {logging_mixin.py:188} INFO - [2025-10-24T14:01:10.678+0000] {dagbag.py:540} INFO - Filling up the DagBag from /opt/airflow/dags/silver/silver_cleaning.py
[2025-10-24T14:01:11.022+0000] {processor.py:842} WARNING - No viable dags retrieved from /opt/airflow/dags/silver/silver_cleaning.py
[2025-10-24T14:01:11.034+0000] {processor.py:183} INFO - Processing /opt/airflow/dags/silver/silver_cleaning.py took 0.363 seconds
[2025-10-24T14:01:41.461+0000] {processor.py:161} INFO - Started process (PID=753) to work on /opt/airflow/dags/silver/silver_cleaning.py
[2025-10-24T14:01:41.462+0000] {processor.py:830} INFO - Processing file /opt/airflow/dags/silver/silver_cleaning.py for tasks to queue
[2025-10-24T14:01:41.464+0000] {logging_mixin.py:188} INFO - [2025-10-24T14:01:41.463+0000] {dagbag.py:540} INFO - Filling up the DagBag from /opt/airflow/dags/silver/silver_cleaning.py
[2025-10-24T14:01:41.781+0000] {processor.py:842} WARNING - No viable dags retrieved from /opt/airflow/dags/silver/silver_cleaning.py
[2025-10-24T14:01:41.794+0000] {processor.py:183} INFO - Processing /opt/airflow/dags/silver/silver_cleaning.py took 0.337 seconds
[2025-10-24T14:02:11.938+0000] {processor.py:161} INFO - Started process (PID=759) to work on /opt/airflow/dags/silver/silver_cleaning.py
[2025-10-24T14:02:11.939+0000] {processor.py:830} INFO - Processing file /opt/airflow/dags/silver/silver_cleaning.py for tasks to queue
[2025-10-24T14:02:11.940+0000] {logging_mixin.py:188} INFO - [2025-10-24T14:02:11.940+0000] {dagbag.py:540} INFO - Filling up the DagBag from /opt/airflow/dags/silver/silver_cleaning.py
[2025-10-24T14:02:12.341+0000] {processor.py:842} WARNING - No viable dags retrieved from /opt/airflow/dags/silver/silver_cleaning.py
[2025-10-24T14:02:12.354+0000] {processor.py:183} INFO - Processing /opt/airflow/dags/silver/silver_cleaning.py took 0.420 seconds
[2025-10-24T14:02:42.427+0000] {processor.py:161} INFO - Started process (PID=765) to work on /opt/airflow/dags/silver/silver_cleaning.py
[2025-10-24T14:02:42.428+0000] {processor.py:830} INFO - Processing file /opt/airflow/dags/silver/silver_cleaning.py for tasks to queue
[2025-10-24T14:02:42.430+0000] {logging_mixin.py:188} INFO - [2025-10-24T14:02:42.429+0000] {dagbag.py:540} INFO - Filling up the DagBag from /opt/airflow/dags/silver/silver_cleaning.py
[2025-10-24T14:02:42.730+0000] {processor.py:842} WARNING - No viable dags retrieved from /opt/airflow/dags/silver/silver_cleaning.py
[2025-10-24T14:02:42.741+0000] {processor.py:183} INFO - Processing /opt/airflow/dags/silver/silver_cleaning.py took 0.318 seconds
[2025-10-24T14:03:13.362+0000] {processor.py:161} INFO - Started process (PID=771) to work on /opt/airflow/dags/silver/silver_cleaning.py
[2025-10-24T14:03:13.363+0000] {processor.py:830} INFO - Processing file /opt/airflow/dags/silver/silver_cleaning.py for tasks to queue
[2025-10-24T14:03:13.364+0000] {logging_mixin.py:188} INFO - [2025-10-24T14:03:13.364+0000] {dagbag.py:540} INFO - Filling up the DagBag from /opt/airflow/dags/silver/silver_cleaning.py
[2025-10-24T14:03:13.663+0000] {processor.py:842} WARNING - No viable dags retrieved from /opt/airflow/dags/silver/silver_cleaning.py
[2025-10-24T14:03:13.675+0000] {processor.py:183} INFO - Processing /opt/airflow/dags/silver/silver_cleaning.py took 0.318 seconds
[2025-10-24T14:03:43.750+0000] {processor.py:161} INFO - Started process (PID=777) to work on /opt/airflow/dags/silver/silver_cleaning.py
[2025-10-24T14:03:43.751+0000] {processor.py:830} INFO - Processing file /opt/airflow/dags/silver/silver_cleaning.py for tasks to queue
[2025-10-24T14:03:43.753+0000] {logging_mixin.py:188} INFO - [2025-10-24T14:03:43.752+0000] {dagbag.py:540} INFO - Filling up the DagBag from /opt/airflow/dags/silver/silver_cleaning.py
[2025-10-24T14:03:44.057+0000] {processor.py:842} WARNING - No viable dags retrieved from /opt/airflow/dags/silver/silver_cleaning.py
[2025-10-24T14:03:44.067+0000] {processor.py:183} INFO - Processing /opt/airflow/dags/silver/silver_cleaning.py took 0.321 seconds
[2025-10-24T14:04:14.204+0000] {processor.py:161} INFO - Started process (PID=783) to work on /opt/airflow/dags/silver/silver_cleaning.py
[2025-10-24T14:04:14.205+0000] {processor.py:830} INFO - Processing file /opt/airflow/dags/silver/silver_cleaning.py for tasks to queue
[2025-10-24T14:04:14.206+0000] {logging_mixin.py:188} INFO - [2025-10-24T14:04:14.206+0000] {dagbag.py:540} INFO - Filling up the DagBag from /opt/airflow/dags/silver/silver_cleaning.py
[2025-10-24T14:04:14.515+0000] {processor.py:842} WARNING - No viable dags retrieved from /opt/airflow/dags/silver/silver_cleaning.py
[2025-10-24T14:04:14.527+0000] {processor.py:183} INFO - Processing /opt/airflow/dags/silver/silver_cleaning.py took 0.328 seconds
[2025-10-24T14:04:44.979+0000] {processor.py:161} INFO - Started process (PID=789) to work on /opt/airflow/dags/silver/silver_cleaning.py
[2025-10-24T14:04:44.980+0000] {processor.py:830} INFO - Processing file /opt/airflow/dags/silver/silver_cleaning.py for tasks to queue
[2025-10-24T14:04:44.981+0000] {logging_mixin.py:188} INFO - [2025-10-24T14:04:44.981+0000] {dagbag.py:540} INFO - Filling up the DagBag from /opt/airflow/dags/silver/silver_cleaning.py
[2025-10-24T14:04:45.316+0000] {processor.py:842} WARNING - No viable dags retrieved from /opt/airflow/dags/silver/silver_cleaning.py
[2025-10-24T14:04:45.327+0000] {processor.py:183} INFO - Processing /opt/airflow/dags/silver/silver_cleaning.py took 0.353 seconds
[2025-10-24T14:05:15.461+0000] {processor.py:161} INFO - Started process (PID=795) to work on /opt/airflow/dags/silver/silver_cleaning.py
[2025-10-24T14:05:15.462+0000] {processor.py:830} INFO - Processing file /opt/airflow/dags/silver/silver_cleaning.py for tasks to queue
[2025-10-24T14:05:15.464+0000] {logging_mixin.py:188} INFO - [2025-10-24T14:05:15.464+0000] {dagbag.py:540} INFO - Filling up the DagBag from /opt/airflow/dags/silver/silver_cleaning.py
[2025-10-24T14:05:15.758+0000] {processor.py:842} WARNING - No viable dags retrieved from /opt/airflow/dags/silver/silver_cleaning.py
[2025-10-24T14:05:15.768+0000] {processor.py:183} INFO - Processing /opt/airflow/dags/silver/silver_cleaning.py took 0.311 seconds
[2025-10-24T14:05:46.010+0000] {processor.py:161} INFO - Started process (PID=801) to work on /opt/airflow/dags/silver/silver_cleaning.py
[2025-10-24T14:05:46.011+0000] {processor.py:830} INFO - Processing file /opt/airflow/dags/silver/silver_cleaning.py for tasks to queue
[2025-10-24T14:05:46.012+0000] {logging_mixin.py:188} INFO - [2025-10-24T14:05:46.012+0000] {dagbag.py:540} INFO - Filling up the DagBag from /opt/airflow/dags/silver/silver_cleaning.py
[2025-10-24T14:05:46.328+0000] {processor.py:842} WARNING - No viable dags retrieved from /opt/airflow/dags/silver/silver_cleaning.py
[2025-10-24T14:05:46.339+0000] {processor.py:183} INFO - Processing /opt/airflow/dags/silver/silver_cleaning.py took 0.333 seconds
[2025-10-24T14:06:16.675+0000] {processor.py:161} INFO - Started process (PID=807) to work on /opt/airflow/dags/silver/silver_cleaning.py
[2025-10-24T14:06:16.676+0000] {processor.py:830} INFO - Processing file /opt/airflow/dags/silver/silver_cleaning.py for tasks to queue
[2025-10-24T14:06:16.677+0000] {logging_mixin.py:188} INFO - [2025-10-24T14:06:16.677+0000] {dagbag.py:540} INFO - Filling up the DagBag from /opt/airflow/dags/silver/silver_cleaning.py
[2025-10-24T14:06:17.013+0000] {processor.py:842} WARNING - No viable dags retrieved from /opt/airflow/dags/silver/silver_cleaning.py
[2025-10-24T14:06:17.024+0000] {processor.py:183} INFO - Processing /opt/airflow/dags/silver/silver_cleaning.py took 0.354 seconds
[2025-10-24T14:06:47.363+0000] {processor.py:161} INFO - Started process (PID=813) to work on /opt/airflow/dags/silver/silver_cleaning.py
[2025-10-24T14:06:47.364+0000] {processor.py:830} INFO - Processing file /opt/airflow/dags/silver/silver_cleaning.py for tasks to queue
[2025-10-24T14:06:47.366+0000] {logging_mixin.py:188} INFO - [2025-10-24T14:06:47.365+0000] {dagbag.py:540} INFO - Filling up the DagBag from /opt/airflow/dags/silver/silver_cleaning.py
[2025-10-24T14:06:47.664+0000] {processor.py:842} WARNING - No viable dags retrieved from /opt/airflow/dags/silver/silver_cleaning.py
[2025-10-24T14:06:47.675+0000] {processor.py:183} INFO - Processing /opt/airflow/dags/silver/silver_cleaning.py took 0.316 seconds
[2025-10-24T14:07:17.732+0000] {processor.py:161} INFO - Started process (PID=818) to work on /opt/airflow/dags/silver/silver_cleaning.py
[2025-10-24T14:07:17.733+0000] {processor.py:830} INFO - Processing file /opt/airflow/dags/silver/silver_cleaning.py for tasks to queue
[2025-10-24T14:07:17.735+0000] {logging_mixin.py:188} INFO - [2025-10-24T14:07:17.734+0000] {dagbag.py:540} INFO - Filling up the DagBag from /opt/airflow/dags/silver/silver_cleaning.py
[2025-10-24T14:07:18.140+0000] {processor.py:842} WARNING - No viable dags retrieved from /opt/airflow/dags/silver/silver_cleaning.py
[2025-10-24T14:07:18.149+0000] {processor.py:183} INFO - Processing /opt/airflow/dags/silver/silver_cleaning.py took 0.422 seconds
[2025-10-24T14:07:48.801+0000] {processor.py:161} INFO - Started process (PID=824) to work on /opt/airflow/dags/silver/silver_cleaning.py
[2025-10-24T14:07:48.802+0000] {processor.py:830} INFO - Processing file /opt/airflow/dags/silver/silver_cleaning.py for tasks to queue
[2025-10-24T14:07:48.803+0000] {logging_mixin.py:188} INFO - [2025-10-24T14:07:48.803+0000] {dagbag.py:540} INFO - Filling up the DagBag from /opt/airflow/dags/silver/silver_cleaning.py
[2025-10-24T14:07:49.148+0000] {processor.py:842} WARNING - No viable dags retrieved from /opt/airflow/dags/silver/silver_cleaning.py
[2025-10-24T14:07:49.160+0000] {processor.py:183} INFO - Processing /opt/airflow/dags/silver/silver_cleaning.py took 0.364 seconds
[2025-10-24T14:08:19.539+0000] {processor.py:161} INFO - Started process (PID=830) to work on /opt/airflow/dags/silver/silver_cleaning.py
[2025-10-24T14:08:19.540+0000] {processor.py:830} INFO - Processing file /opt/airflow/dags/silver/silver_cleaning.py for tasks to queue
[2025-10-24T14:08:19.542+0000] {logging_mixin.py:188} INFO - [2025-10-24T14:08:19.542+0000] {dagbag.py:540} INFO - Filling up the DagBag from /opt/airflow/dags/silver/silver_cleaning.py
[2025-10-24T14:08:19.914+0000] {processor.py:842} WARNING - No viable dags retrieved from /opt/airflow/dags/silver/silver_cleaning.py
[2025-10-24T14:08:19.928+0000] {processor.py:183} INFO - Processing /opt/airflow/dags/silver/silver_cleaning.py took 0.394 seconds
[2025-10-24T14:08:50.309+0000] {processor.py:161} INFO - Started process (PID=836) to work on /opt/airflow/dags/silver/silver_cleaning.py
[2025-10-24T14:08:50.310+0000] {processor.py:830} INFO - Processing file /opt/airflow/dags/silver/silver_cleaning.py for tasks to queue
[2025-10-24T14:08:50.311+0000] {logging_mixin.py:188} INFO - [2025-10-24T14:08:50.311+0000] {dagbag.py:540} INFO - Filling up the DagBag from /opt/airflow/dags/silver/silver_cleaning.py
[2025-10-24T14:08:50.788+0000] {processor.py:842} WARNING - No viable dags retrieved from /opt/airflow/dags/silver/silver_cleaning.py
[2025-10-24T14:08:50.800+0000] {processor.py:183} INFO - Processing /opt/airflow/dags/silver/silver_cleaning.py took 0.497 seconds
[2025-10-24T14:09:21.037+0000] {processor.py:161} INFO - Started process (PID=842) to work on /opt/airflow/dags/silver/silver_cleaning.py
[2025-10-24T14:09:21.038+0000] {processor.py:830} INFO - Processing file /opt/airflow/dags/silver/silver_cleaning.py for tasks to queue
[2025-10-24T14:09:21.039+0000] {logging_mixin.py:188} INFO - [2025-10-24T14:09:21.039+0000] {dagbag.py:540} INFO - Filling up the DagBag from /opt/airflow/dags/silver/silver_cleaning.py
[2025-10-24T14:09:21.358+0000] {processor.py:842} WARNING - No viable dags retrieved from /opt/airflow/dags/silver/silver_cleaning.py
[2025-10-24T14:09:21.368+0000] {processor.py:183} INFO - Processing /opt/airflow/dags/silver/silver_cleaning.py took 0.337 seconds
[2025-10-24T14:09:52.045+0000] {processor.py:161} INFO - Started process (PID=848) to work on /opt/airflow/dags/silver/silver_cleaning.py
[2025-10-24T14:09:52.046+0000] {processor.py:830} INFO - Processing file /opt/airflow/dags/silver/silver_cleaning.py for tasks to queue
[2025-10-24T14:09:52.048+0000] {logging_mixin.py:188} INFO - [2025-10-24T14:09:52.047+0000] {dagbag.py:540} INFO - Filling up the DagBag from /opt/airflow/dags/silver/silver_cleaning.py
[2025-10-24T14:09:52.715+0000] {processor.py:842} WARNING - No viable dags retrieved from /opt/airflow/dags/silver/silver_cleaning.py
[2025-10-24T14:09:52.725+0000] {processor.py:183} INFO - Processing /opt/airflow/dags/silver/silver_cleaning.py took 0.685 seconds
[2025-10-24T14:10:23.124+0000] {processor.py:161} INFO - Started process (PID=854) to work on /opt/airflow/dags/silver/silver_cleaning.py
[2025-10-24T14:10:23.125+0000] {processor.py:830} INFO - Processing file /opt/airflow/dags/silver/silver_cleaning.py for tasks to queue
[2025-10-24T14:10:23.126+0000] {logging_mixin.py:188} INFO - [2025-10-24T14:10:23.126+0000] {dagbag.py:540} INFO - Filling up the DagBag from /opt/airflow/dags/silver/silver_cleaning.py
[2025-10-24T14:10:23.434+0000] {processor.py:842} WARNING - No viable dags retrieved from /opt/airflow/dags/silver/silver_cleaning.py
[2025-10-24T14:10:23.444+0000] {processor.py:183} INFO - Processing /opt/airflow/dags/silver/silver_cleaning.py took 0.325 seconds
[2025-10-24T14:10:54.237+0000] {processor.py:161} INFO - Started process (PID=860) to work on /opt/airflow/dags/silver/silver_cleaning.py
[2025-10-24T14:10:54.238+0000] {processor.py:830} INFO - Processing file /opt/airflow/dags/silver/silver_cleaning.py for tasks to queue
[2025-10-24T14:10:54.240+0000] {logging_mixin.py:188} INFO - [2025-10-24T14:10:54.240+0000] {dagbag.py:540} INFO - Filling up the DagBag from /opt/airflow/dags/silver/silver_cleaning.py
[2025-10-24T14:10:54.714+0000] {processor.py:842} WARNING - No viable dags retrieved from /opt/airflow/dags/silver/silver_cleaning.py
[2025-10-24T14:10:54.727+0000] {processor.py:183} INFO - Processing /opt/airflow/dags/silver/silver_cleaning.py took 0.494 seconds
[2025-10-24T14:11:25.695+0000] {processor.py:161} INFO - Started process (PID=866) to work on /opt/airflow/dags/silver/silver_cleaning.py
[2025-10-24T14:11:25.696+0000] {processor.py:830} INFO - Processing file /opt/airflow/dags/silver/silver_cleaning.py for tasks to queue
[2025-10-24T14:11:25.697+0000] {logging_mixin.py:188} INFO - [2025-10-24T14:11:25.697+0000] {dagbag.py:540} INFO - Filling up the DagBag from /opt/airflow/dags/silver/silver_cleaning.py
[2025-10-24T14:11:26.170+0000] {processor.py:842} WARNING - No viable dags retrieved from /opt/airflow/dags/silver/silver_cleaning.py
[2025-10-24T14:11:26.180+0000] {processor.py:183} INFO - Processing /opt/airflow/dags/silver/silver_cleaning.py took 0.489 seconds
[2025-10-24T14:11:57.150+0000] {processor.py:161} INFO - Started process (PID=870) to work on /opt/airflow/dags/silver/silver_cleaning.py
[2025-10-24T14:11:57.151+0000] {processor.py:830} INFO - Processing file /opt/airflow/dags/silver/silver_cleaning.py for tasks to queue
[2025-10-24T14:11:57.153+0000] {logging_mixin.py:188} INFO - [2025-10-24T14:11:57.153+0000] {dagbag.py:540} INFO - Filling up the DagBag from /opt/airflow/dags/silver/silver_cleaning.py
[2025-10-24T14:11:57.820+0000] {processor.py:842} WARNING - No viable dags retrieved from /opt/airflow/dags/silver/silver_cleaning.py
[2025-10-24T14:11:57.829+0000] {processor.py:183} INFO - Processing /opt/airflow/dags/silver/silver_cleaning.py took 0.683 seconds
[2025-10-24T14:12:29.214+0000] {processor.py:161} INFO - Started process (PID=876) to work on /opt/airflow/dags/silver/silver_cleaning.py
[2025-10-24T14:12:29.217+0000] {processor.py:830} INFO - Processing file /opt/airflow/dags/silver/silver_cleaning.py for tasks to queue
[2025-10-24T14:12:29.219+0000] {logging_mixin.py:188} INFO - [2025-10-24T14:12:29.219+0000] {dagbag.py:540} INFO - Filling up the DagBag from /opt/airflow/dags/silver/silver_cleaning.py
[2025-10-24T14:12:29.755+0000] {processor.py:842} WARNING - No viable dags retrieved from /opt/airflow/dags/silver/silver_cleaning.py
[2025-10-24T14:12:29.766+0000] {processor.py:183} INFO - Processing /opt/airflow/dags/silver/silver_cleaning.py took 0.558 seconds
[2025-10-24T14:13:01.957+0000] {processor.py:161} INFO - Started process (PID=882) to work on /opt/airflow/dags/silver/silver_cleaning.py
[2025-10-24T14:13:01.958+0000] {processor.py:830} INFO - Processing file /opt/airflow/dags/silver/silver_cleaning.py for tasks to queue
[2025-10-24T14:13:01.960+0000] {logging_mixin.py:188} INFO - [2025-10-24T14:13:01.959+0000] {dagbag.py:540} INFO - Filling up the DagBag from /opt/airflow/dags/silver/silver_cleaning.py
[2025-10-24T14:13:02.548+0000] {processor.py:842} WARNING - No viable dags retrieved from /opt/airflow/dags/silver/silver_cleaning.py
[2025-10-24T14:13:02.556+0000] {processor.py:183} INFO - Processing /opt/airflow/dags/silver/silver_cleaning.py took 0.603 seconds
[2025-10-24T14:13:34.538+0000] {processor.py:161} INFO - Started process (PID=888) to work on /opt/airflow/dags/silver/silver_cleaning.py
[2025-10-24T14:13:34.539+0000] {processor.py:830} INFO - Processing file /opt/airflow/dags/silver/silver_cleaning.py for tasks to queue
[2025-10-24T14:13:34.540+0000] {logging_mixin.py:188} INFO - [2025-10-24T14:13:34.540+0000] {dagbag.py:540} INFO - Filling up the DagBag from /opt/airflow/dags/silver/silver_cleaning.py
[2025-10-24T14:13:34.986+0000] {processor.py:842} WARNING - No viable dags retrieved from /opt/airflow/dags/silver/silver_cleaning.py
[2025-10-24T14:13:34.995+0000] {processor.py:183} INFO - Processing /opt/airflow/dags/silver/silver_cleaning.py took 0.461 seconds
[2025-10-24T14:14:06.754+0000] {processor.py:161} INFO - Started process (PID=894) to work on /opt/airflow/dags/silver/silver_cleaning.py
[2025-10-24T14:14:06.754+0000] {processor.py:830} INFO - Processing file /opt/airflow/dags/silver/silver_cleaning.py for tasks to queue
[2025-10-24T14:14:06.756+0000] {logging_mixin.py:188} INFO - [2025-10-24T14:14:06.756+0000] {dagbag.py:540} INFO - Filling up the DagBag from /opt/airflow/dags/silver/silver_cleaning.py
[2025-10-24T14:14:07.318+0000] {processor.py:842} WARNING - No viable dags retrieved from /opt/airflow/dags/silver/silver_cleaning.py
[2025-10-24T14:14:07.326+0000] {processor.py:183} INFO - Processing /opt/airflow/dags/silver/silver_cleaning.py took 0.577 seconds
[2025-10-24T14:14:37.733+0000] {processor.py:161} INFO - Started process (PID=900) to work on /opt/airflow/dags/silver/silver_cleaning.py
[2025-10-24T14:14:37.734+0000] {processor.py:830} INFO - Processing file /opt/airflow/dags/silver/silver_cleaning.py for tasks to queue
[2025-10-24T14:14:37.735+0000] {logging_mixin.py:188} INFO - [2025-10-24T14:14:37.735+0000] {dagbag.py:540} INFO - Filling up the DagBag from /opt/airflow/dags/silver/silver_cleaning.py
[2025-10-24T14:14:38.191+0000] {processor.py:842} WARNING - No viable dags retrieved from /opt/airflow/dags/silver/silver_cleaning.py
[2025-10-24T14:14:38.200+0000] {processor.py:183} INFO - Processing /opt/airflow/dags/silver/silver_cleaning.py took 0.471 seconds
[2025-10-24T14:15:08.791+0000] {processor.py:161} INFO - Started process (PID=906) to work on /opt/airflow/dags/silver/silver_cleaning.py
[2025-10-24T14:15:08.792+0000] {processor.py:830} INFO - Processing file /opt/airflow/dags/silver/silver_cleaning.py for tasks to queue
[2025-10-24T14:15:08.793+0000] {logging_mixin.py:188} INFO - [2025-10-24T14:15:08.793+0000] {dagbag.py:540} INFO - Filling up the DagBag from /opt/airflow/dags/silver/silver_cleaning.py
[2025-10-24T14:15:09.340+0000] {processor.py:842} WARNING - No viable dags retrieved from /opt/airflow/dags/silver/silver_cleaning.py
[2025-10-24T14:15:09.348+0000] {processor.py:183} INFO - Processing /opt/airflow/dags/silver/silver_cleaning.py took 0.563 seconds
[2025-10-24T14:15:40.369+0000] {processor.py:161} INFO - Started process (PID=912) to work on /opt/airflow/dags/silver/silver_cleaning.py
[2025-10-24T14:15:40.370+0000] {processor.py:830} INFO - Processing file /opt/airflow/dags/silver/silver_cleaning.py for tasks to queue
[2025-10-24T14:15:40.372+0000] {logging_mixin.py:188} INFO - [2025-10-24T14:15:40.371+0000] {dagbag.py:540} INFO - Filling up the DagBag from /opt/airflow/dags/silver/silver_cleaning.py
[2025-10-24T14:15:40.858+0000] {processor.py:842} WARNING - No viable dags retrieved from /opt/airflow/dags/silver/silver_cleaning.py
[2025-10-24T14:15:40.868+0000] {processor.py:183} INFO - Processing /opt/airflow/dags/silver/silver_cleaning.py took 0.503 seconds
[2025-10-24T14:16:11.335+0000] {processor.py:161} INFO - Started process (PID=918) to work on /opt/airflow/dags/silver/silver_cleaning.py
[2025-10-24T14:16:11.336+0000] {processor.py:830} INFO - Processing file /opt/airflow/dags/silver/silver_cleaning.py for tasks to queue
[2025-10-24T14:16:11.338+0000] {logging_mixin.py:188} INFO - [2025-10-24T14:16:11.337+0000] {dagbag.py:540} INFO - Filling up the DagBag from /opt/airflow/dags/silver/silver_cleaning.py
[2025-10-24T14:16:11.945+0000] {processor.py:842} WARNING - No viable dags retrieved from /opt/airflow/dags/silver/silver_cleaning.py
[2025-10-24T14:16:11.954+0000] {processor.py:183} INFO - Processing /opt/airflow/dags/silver/silver_cleaning.py took 0.624 seconds
[2025-10-24T14:16:42.772+0000] {processor.py:161} INFO - Started process (PID=924) to work on /opt/airflow/dags/silver/silver_cleaning.py
[2025-10-24T14:16:42.772+0000] {processor.py:830} INFO - Processing file /opt/airflow/dags/silver/silver_cleaning.py for tasks to queue
[2025-10-24T14:16:42.774+0000] {logging_mixin.py:188} INFO - [2025-10-24T14:16:42.774+0000] {dagbag.py:540} INFO - Filling up the DagBag from /opt/airflow/dags/silver/silver_cleaning.py
[2025-10-24T14:16:43.213+0000] {processor.py:842} WARNING - No viable dags retrieved from /opt/airflow/dags/silver/silver_cleaning.py
[2025-10-24T14:16:43.221+0000] {processor.py:183} INFO - Processing /opt/airflow/dags/silver/silver_cleaning.py took 0.455 seconds
[2025-10-24T14:17:15.006+0000] {processor.py:161} INFO - Started process (PID=930) to work on /opt/airflow/dags/silver/silver_cleaning.py
[2025-10-24T14:17:15.007+0000] {processor.py:830} INFO - Processing file /opt/airflow/dags/silver/silver_cleaning.py for tasks to queue
[2025-10-24T14:17:15.009+0000] {logging_mixin.py:188} INFO - [2025-10-24T14:17:15.008+0000] {dagbag.py:540} INFO - Filling up the DagBag from /opt/airflow/dags/silver/silver_cleaning.py
[2025-10-24T14:17:15.560+0000] {processor.py:842} WARNING - No viable dags retrieved from /opt/airflow/dags/silver/silver_cleaning.py
[2025-10-24T14:17:15.568+0000] {processor.py:183} INFO - Processing /opt/airflow/dags/silver/silver_cleaning.py took 0.567 seconds
[2025-10-24T14:17:45.861+0000] {processor.py:161} INFO - Started process (PID=936) to work on /opt/airflow/dags/silver/silver_cleaning.py
[2025-10-24T14:17:45.862+0000] {processor.py:830} INFO - Processing file /opt/airflow/dags/silver/silver_cleaning.py for tasks to queue
[2025-10-24T14:17:45.864+0000] {logging_mixin.py:188} INFO - [2025-10-24T14:17:45.864+0000] {dagbag.py:540} INFO - Filling up the DagBag from /opt/airflow/dags/silver/silver_cleaning.py
[2025-10-24T14:17:46.462+0000] {processor.py:842} WARNING - No viable dags retrieved from /opt/airflow/dags/silver/silver_cleaning.py
[2025-10-24T14:17:46.473+0000] {processor.py:183} INFO - Processing /opt/airflow/dags/silver/silver_cleaning.py took 0.616 seconds
[2025-10-24T14:18:17.237+0000] {processor.py:161} INFO - Started process (PID=942) to work on /opt/airflow/dags/silver/silver_cleaning.py
[2025-10-24T14:18:17.237+0000] {processor.py:830} INFO - Processing file /opt/airflow/dags/silver/silver_cleaning.py for tasks to queue
[2025-10-24T14:18:17.239+0000] {logging_mixin.py:188} INFO - [2025-10-24T14:18:17.239+0000] {dagbag.py:540} INFO - Filling up the DagBag from /opt/airflow/dags/silver/silver_cleaning.py
[2025-10-24T14:18:17.738+0000] {processor.py:842} WARNING - No viable dags retrieved from /opt/airflow/dags/silver/silver_cleaning.py
[2025-10-24T14:18:17.750+0000] {processor.py:183} INFO - Processing /opt/airflow/dags/silver/silver_cleaning.py took 0.518 seconds
[2025-10-24T14:18:48.210+0000] {processor.py:161} INFO - Started process (PID=948) to work on /opt/airflow/dags/silver/silver_cleaning.py
[2025-10-24T14:18:48.210+0000] {processor.py:830} INFO - Processing file /opt/airflow/dags/silver/silver_cleaning.py for tasks to queue
[2025-10-24T14:18:48.212+0000] {logging_mixin.py:188} INFO - [2025-10-24T14:18:48.212+0000] {dagbag.py:540} INFO - Filling up the DagBag from /opt/airflow/dags/silver/silver_cleaning.py
[2025-10-24T14:18:48.753+0000] {processor.py:842} WARNING - No viable dags retrieved from /opt/airflow/dags/silver/silver_cleaning.py
[2025-10-24T14:18:48.763+0000] {processor.py:183} INFO - Processing /opt/airflow/dags/silver/silver_cleaning.py took 0.558 seconds
[2025-10-24T14:19:19.239+0000] {processor.py:161} INFO - Started process (PID=954) to work on /opt/airflow/dags/silver/silver_cleaning.py
[2025-10-24T14:19:19.240+0000] {processor.py:830} INFO - Processing file /opt/airflow/dags/silver/silver_cleaning.py for tasks to queue
[2025-10-24T14:19:19.242+0000] {logging_mixin.py:188} INFO - [2025-10-24T14:19:19.242+0000] {dagbag.py:540} INFO - Filling up the DagBag from /opt/airflow/dags/silver/silver_cleaning.py
[2025-10-24T14:19:19.809+0000] {processor.py:842} WARNING - No viable dags retrieved from /opt/airflow/dags/silver/silver_cleaning.py
[2025-10-24T14:19:19.817+0000] {processor.py:183} INFO - Processing /opt/airflow/dags/silver/silver_cleaning.py took 0.583 seconds
[2025-10-24T14:19:49.912+0000] {processor.py:161} INFO - Started process (PID=960) to work on /opt/airflow/dags/silver/silver_cleaning.py
[2025-10-24T14:19:49.918+0000] {processor.py:830} INFO - Processing file /opt/airflow/dags/silver/silver_cleaning.py for tasks to queue
[2025-10-24T14:19:49.931+0000] {logging_mixin.py:188} INFO - [2025-10-24T14:19:49.930+0000] {dagbag.py:540} INFO - Filling up the DagBag from /opt/airflow/dags/silver/silver_cleaning.py
[2025-10-24T14:19:50.543+0000] {processor.py:842} WARNING - No viable dags retrieved from /opt/airflow/dags/silver/silver_cleaning.py
[2025-10-24T14:19:50.552+0000] {processor.py:183} INFO - Processing /opt/airflow/dags/silver/silver_cleaning.py took 0.648 seconds
[2025-10-24T14:20:21.455+0000] {processor.py:161} INFO - Started process (PID=966) to work on /opt/airflow/dags/silver/silver_cleaning.py
[2025-10-24T14:20:21.456+0000] {processor.py:830} INFO - Processing file /opt/airflow/dags/silver/silver_cleaning.py for tasks to queue
[2025-10-24T14:20:21.457+0000] {logging_mixin.py:188} INFO - [2025-10-24T14:20:21.457+0000] {dagbag.py:540} INFO - Filling up the DagBag from /opt/airflow/dags/silver/silver_cleaning.py
[2025-10-24T14:20:21.895+0000] {processor.py:842} WARNING - No viable dags retrieved from /opt/airflow/dags/silver/silver_cleaning.py
[2025-10-24T14:20:21.905+0000] {processor.py:183} INFO - Processing /opt/airflow/dags/silver/silver_cleaning.py took 0.455 seconds
[2025-10-24T14:20:53.252+0000] {processor.py:161} INFO - Started process (PID=972) to work on /opt/airflow/dags/silver/silver_cleaning.py
[2025-10-24T14:20:53.252+0000] {processor.py:830} INFO - Processing file /opt/airflow/dags/silver/silver_cleaning.py for tasks to queue
[2025-10-24T14:20:53.254+0000] {logging_mixin.py:188} INFO - [2025-10-24T14:20:53.254+0000] {dagbag.py:540} INFO - Filling up the DagBag from /opt/airflow/dags/silver/silver_cleaning.py
[2025-10-24T14:20:53.898+0000] {processor.py:842} WARNING - No viable dags retrieved from /opt/airflow/dags/silver/silver_cleaning.py
[2025-10-24T14:20:53.907+0000] {processor.py:183} INFO - Processing /opt/airflow/dags/silver/silver_cleaning.py took 0.660 seconds
[2025-10-24T14:21:25.902+0000] {processor.py:161} INFO - Started process (PID=978) to work on /opt/airflow/dags/silver/silver_cleaning.py
[2025-10-24T14:21:25.903+0000] {processor.py:830} INFO - Processing file /opt/airflow/dags/silver/silver_cleaning.py for tasks to queue
[2025-10-24T14:21:25.904+0000] {logging_mixin.py:188} INFO - [2025-10-24T14:21:25.904+0000] {dagbag.py:540} INFO - Filling up the DagBag from /opt/airflow/dags/silver/silver_cleaning.py
[2025-10-24T14:21:26.403+0000] {processor.py:842} WARNING - No viable dags retrieved from /opt/airflow/dags/silver/silver_cleaning.py
[2025-10-24T14:21:26.413+0000] {processor.py:183} INFO - Processing /opt/airflow/dags/silver/silver_cleaning.py took 0.515 seconds
[2025-10-24T14:21:58.487+0000] {processor.py:161} INFO - Started process (PID=984) to work on /opt/airflow/dags/silver/silver_cleaning.py
[2025-10-24T14:21:58.488+0000] {processor.py:830} INFO - Processing file /opt/airflow/dags/silver/silver_cleaning.py for tasks to queue
[2025-10-24T14:21:58.490+0000] {logging_mixin.py:188} INFO - [2025-10-24T14:21:58.490+0000] {dagbag.py:540} INFO - Filling up the DagBag from /opt/airflow/dags/silver/silver_cleaning.py
[2025-10-24T14:21:58.952+0000] {processor.py:842} WARNING - No viable dags retrieved from /opt/airflow/dags/silver/silver_cleaning.py
[2025-10-24T14:21:58.961+0000] {processor.py:183} INFO - Processing /opt/airflow/dags/silver/silver_cleaning.py took 0.480 seconds
[2025-10-24T14:22:31.882+0000] {processor.py:161} INFO - Started process (PID=990) to work on /opt/airflow/dags/silver/silver_cleaning.py
[2025-10-24T14:22:31.883+0000] {processor.py:830} INFO - Processing file /opt/airflow/dags/silver/silver_cleaning.py for tasks to queue
[2025-10-24T14:22:31.885+0000] {logging_mixin.py:188} INFO - [2025-10-24T14:22:31.884+0000] {dagbag.py:540} INFO - Filling up the DagBag from /opt/airflow/dags/silver/silver_cleaning.py
[2025-10-24T14:22:32.356+0000] {processor.py:842} WARNING - No viable dags retrieved from /opt/airflow/dags/silver/silver_cleaning.py
[2025-10-24T14:22:32.366+0000] {processor.py:183} INFO - Processing /opt/airflow/dags/silver/silver_cleaning.py took 0.490 seconds
[2025-10-24T14:23:02.814+0000] {processor.py:161} INFO - Started process (PID=996) to work on /opt/airflow/dags/silver/silver_cleaning.py
[2025-10-24T14:23:02.815+0000] {processor.py:830} INFO - Processing file /opt/airflow/dags/silver/silver_cleaning.py for tasks to queue
[2025-10-24T14:23:02.817+0000] {logging_mixin.py:188} INFO - [2025-10-24T14:23:02.816+0000] {dagbag.py:540} INFO - Filling up the DagBag from /opt/airflow/dags/silver/silver_cleaning.py
[2025-10-24T14:23:03.414+0000] {processor.py:842} WARNING - No viable dags retrieved from /opt/airflow/dags/silver/silver_cleaning.py
[2025-10-24T14:23:03.422+0000] {processor.py:183} INFO - Processing /opt/airflow/dags/silver/silver_cleaning.py took 0.612 seconds
[2025-10-24T14:23:34.053+0000] {processor.py:161} INFO - Started process (PID=1002) to work on /opt/airflow/dags/silver/silver_cleaning.py
[2025-10-24T14:23:34.054+0000] {processor.py:830} INFO - Processing file /opt/airflow/dags/silver/silver_cleaning.py for tasks to queue
[2025-10-24T14:23:34.055+0000] {logging_mixin.py:188} INFO - [2025-10-24T14:23:34.055+0000] {dagbag.py:540} INFO - Filling up the DagBag from /opt/airflow/dags/silver/silver_cleaning.py
[2025-10-24T14:23:34.592+0000] {processor.py:842} WARNING - No viable dags retrieved from /opt/airflow/dags/silver/silver_cleaning.py
[2025-10-24T14:23:34.602+0000] {processor.py:183} INFO - Processing /opt/airflow/dags/silver/silver_cleaning.py took 0.554 seconds
[2025-10-24T14:24:06.394+0000] {processor.py:161} INFO - Started process (PID=1008) to work on /opt/airflow/dags/silver/silver_cleaning.py
[2025-10-24T14:24:06.395+0000] {processor.py:830} INFO - Processing file /opt/airflow/dags/silver/silver_cleaning.py for tasks to queue
[2025-10-24T14:24:06.396+0000] {logging_mixin.py:188} INFO - [2025-10-24T14:24:06.396+0000] {dagbag.py:540} INFO - Filling up the DagBag from /opt/airflow/dags/silver/silver_cleaning.py
[2025-10-24T14:24:06.958+0000] {processor.py:842} WARNING - No viable dags retrieved from /opt/airflow/dags/silver/silver_cleaning.py
[2025-10-24T14:24:06.968+0000] {processor.py:183} INFO - Processing /opt/airflow/dags/silver/silver_cleaning.py took 0.579 seconds
[2025-10-24T14:24:39.068+0000] {processor.py:161} INFO - Started process (PID=1014) to work on /opt/airflow/dags/silver/silver_cleaning.py
[2025-10-24T14:24:39.069+0000] {processor.py:830} INFO - Processing file /opt/airflow/dags/silver/silver_cleaning.py for tasks to queue
[2025-10-24T14:24:39.070+0000] {logging_mixin.py:188} INFO - [2025-10-24T14:24:39.070+0000] {dagbag.py:540} INFO - Filling up the DagBag from /opt/airflow/dags/silver/silver_cleaning.py
[2025-10-24T14:24:39.544+0000] {processor.py:842} WARNING - No viable dags retrieved from /opt/airflow/dags/silver/silver_cleaning.py
[2025-10-24T14:24:39.552+0000] {processor.py:183} INFO - Processing /opt/airflow/dags/silver/silver_cleaning.py took 0.488 seconds
[2025-10-24T14:25:11.030+0000] {processor.py:161} INFO - Started process (PID=1020) to work on /opt/airflow/dags/silver/silver_cleaning.py
[2025-10-24T14:25:11.030+0000] {processor.py:830} INFO - Processing file /opt/airflow/dags/silver/silver_cleaning.py for tasks to queue
[2025-10-24T14:25:11.032+0000] {logging_mixin.py:188} INFO - [2025-10-24T14:25:11.032+0000] {dagbag.py:540} INFO - Filling up the DagBag from /opt/airflow/dags/silver/silver_cleaning.py
[2025-10-24T14:25:11.579+0000] {processor.py:842} WARNING - No viable dags retrieved from /opt/airflow/dags/silver/silver_cleaning.py
[2025-10-24T14:25:11.588+0000] {processor.py:183} INFO - Processing /opt/airflow/dags/silver/silver_cleaning.py took 0.563 seconds
[2025-10-24T14:25:43.654+0000] {processor.py:161} INFO - Started process (PID=1026) to work on /opt/airflow/dags/silver/silver_cleaning.py
[2025-10-24T14:25:43.655+0000] {processor.py:830} INFO - Processing file /opt/airflow/dags/silver/silver_cleaning.py for tasks to queue
[2025-10-24T14:25:43.656+0000] {logging_mixin.py:188} INFO - [2025-10-24T14:25:43.656+0000] {dagbag.py:540} INFO - Filling up the DagBag from /opt/airflow/dags/silver/silver_cleaning.py
[2025-10-24T14:25:44.104+0000] {processor.py:842} WARNING - No viable dags retrieved from /opt/airflow/dags/silver/silver_cleaning.py
[2025-10-24T14:25:44.112+0000] {processor.py:183} INFO - Processing /opt/airflow/dags/silver/silver_cleaning.py took 0.462 seconds
[2025-10-24T14:26:14.454+0000] {processor.py:161} INFO - Started process (PID=1032) to work on /opt/airflow/dags/silver/silver_cleaning.py
[2025-10-24T14:26:14.455+0000] {processor.py:830} INFO - Processing file /opt/airflow/dags/silver/silver_cleaning.py for tasks to queue
[2025-10-24T14:26:14.457+0000] {logging_mixin.py:188} INFO - [2025-10-24T14:26:14.456+0000] {dagbag.py:540} INFO - Filling up the DagBag from /opt/airflow/dags/silver/silver_cleaning.py
[2025-10-24T14:26:15.057+0000] {processor.py:842} WARNING - No viable dags retrieved from /opt/airflow/dags/silver/silver_cleaning.py
[2025-10-24T14:26:15.067+0000] {processor.py:183} INFO - Processing /opt/airflow/dags/silver/silver_cleaning.py took 0.618 seconds
[2025-10-24T14:26:45.516+0000] {processor.py:161} INFO - Started process (PID=1038) to work on /opt/airflow/dags/silver/silver_cleaning.py
[2025-10-24T14:26:45.517+0000] {processor.py:830} INFO - Processing file /opt/airflow/dags/silver/silver_cleaning.py for tasks to queue
[2025-10-24T14:26:45.519+0000] {logging_mixin.py:188} INFO - [2025-10-24T14:26:45.518+0000] {dagbag.py:540} INFO - Filling up the DagBag from /opt/airflow/dags/silver/silver_cleaning.py
[2025-10-24T14:26:46.074+0000] {processor.py:842} WARNING - No viable dags retrieved from /opt/airflow/dags/silver/silver_cleaning.py
[2025-10-24T14:26:46.085+0000] {processor.py:183} INFO - Processing /opt/airflow/dags/silver/silver_cleaning.py took 0.574 seconds
[2025-10-24T14:27:16.730+0000] {processor.py:161} INFO - Started process (PID=1044) to work on /opt/airflow/dags/silver/silver_cleaning.py
[2025-10-24T14:27:16.731+0000] {processor.py:830} INFO - Processing file /opt/airflow/dags/silver/silver_cleaning.py for tasks to queue
[2025-10-24T14:27:16.733+0000] {logging_mixin.py:188} INFO - [2025-10-24T14:27:16.733+0000] {dagbag.py:540} INFO - Filling up the DagBag from /opt/airflow/dags/silver/silver_cleaning.py
[2025-10-24T14:27:17.257+0000] {processor.py:842} WARNING - No viable dags retrieved from /opt/airflow/dags/silver/silver_cleaning.py
[2025-10-24T14:27:17.269+0000] {processor.py:183} INFO - Processing /opt/airflow/dags/silver/silver_cleaning.py took 0.543 seconds
[2025-10-24T14:27:47.741+0000] {processor.py:161} INFO - Started process (PID=1050) to work on /opt/airflow/dags/silver/silver_cleaning.py
[2025-10-24T14:27:47.742+0000] {processor.py:830} INFO - Processing file /opt/airflow/dags/silver/silver_cleaning.py for tasks to queue
[2025-10-24T14:27:47.743+0000] {logging_mixin.py:188} INFO - [2025-10-24T14:27:47.743+0000] {dagbag.py:540} INFO - Filling up the DagBag from /opt/airflow/dags/silver/silver_cleaning.py
[2025-10-24T14:27:48.276+0000] {processor.py:842} WARNING - No viable dags retrieved from /opt/airflow/dags/silver/silver_cleaning.py
[2025-10-24T14:27:48.286+0000] {processor.py:183} INFO - Processing /opt/airflow/dags/silver/silver_cleaning.py took 0.550 seconds
[2025-10-24T14:28:19.289+0000] {processor.py:161} INFO - Started process (PID=1056) to work on /opt/airflow/dags/silver/silver_cleaning.py
[2025-10-24T14:28:19.290+0000] {processor.py:830} INFO - Processing file /opt/airflow/dags/silver/silver_cleaning.py for tasks to queue
[2025-10-24T14:28:19.292+0000] {logging_mixin.py:188} INFO - [2025-10-24T14:28:19.291+0000] {dagbag.py:540} INFO - Filling up the DagBag from /opt/airflow/dags/silver/silver_cleaning.py
[2025-10-24T14:28:19.825+0000] {processor.py:842} WARNING - No viable dags retrieved from /opt/airflow/dags/silver/silver_cleaning.py
[2025-10-24T14:28:19.836+0000] {processor.py:183} INFO - Processing /opt/airflow/dags/silver/silver_cleaning.py took 0.552 seconds
[2025-10-24T14:28:49.964+0000] {processor.py:161} INFO - Started process (PID=1062) to work on /opt/airflow/dags/silver/silver_cleaning.py
[2025-10-24T14:28:49.965+0000] {processor.py:830} INFO - Processing file /opt/airflow/dags/silver/silver_cleaning.py for tasks to queue
[2025-10-24T14:28:49.966+0000] {logging_mixin.py:188} INFO - [2025-10-24T14:28:49.966+0000] {dagbag.py:540} INFO - Filling up the DagBag from /opt/airflow/dags/silver/silver_cleaning.py
[2025-10-24T14:28:50.586+0000] {processor.py:842} WARNING - No viable dags retrieved from /opt/airflow/dags/silver/silver_cleaning.py
[2025-10-24T14:28:50.596+0000] {processor.py:183} INFO - Processing /opt/airflow/dags/silver/silver_cleaning.py took 0.637 seconds
[2025-10-24T14:29:21.847+0000] {processor.py:161} INFO - Started process (PID=1068) to work on /opt/airflow/dags/silver/silver_cleaning.py
[2025-10-24T14:29:21.848+0000] {processor.py:830} INFO - Processing file /opt/airflow/dags/silver/silver_cleaning.py for tasks to queue
[2025-10-24T14:29:21.849+0000] {logging_mixin.py:188} INFO - [2025-10-24T14:29:21.849+0000] {dagbag.py:540} INFO - Filling up the DagBag from /opt/airflow/dags/silver/silver_cleaning.py
[2025-10-24T14:29:22.329+0000] {processor.py:842} WARNING - No viable dags retrieved from /opt/airflow/dags/silver/silver_cleaning.py
[2025-10-24T14:29:22.341+0000] {processor.py:183} INFO - Processing /opt/airflow/dags/silver/silver_cleaning.py took 0.500 seconds
[2025-10-24T14:29:54.433+0000] {processor.py:161} INFO - Started process (PID=1074) to work on /opt/airflow/dags/silver/silver_cleaning.py
[2025-10-24T14:29:54.434+0000] {processor.py:830} INFO - Processing file /opt/airflow/dags/silver/silver_cleaning.py for tasks to queue
[2025-10-24T14:29:54.435+0000] {logging_mixin.py:188} INFO - [2025-10-24T14:29:54.435+0000] {dagbag.py:540} INFO - Filling up the DagBag from /opt/airflow/dags/silver/silver_cleaning.py
[2025-10-24T14:29:55.033+0000] {processor.py:842} WARNING - No viable dags retrieved from /opt/airflow/dags/silver/silver_cleaning.py
[2025-10-24T14:29:55.041+0000] {processor.py:183} INFO - Processing /opt/airflow/dags/silver/silver_cleaning.py took 0.612 seconds
[2025-10-24T14:30:26.757+0000] {processor.py:161} INFO - Started process (PID=1080) to work on /opt/airflow/dags/silver/silver_cleaning.py
[2025-10-24T14:30:26.757+0000] {processor.py:830} INFO - Processing file /opt/airflow/dags/silver/silver_cleaning.py for tasks to queue
[2025-10-24T14:30:26.759+0000] {logging_mixin.py:188} INFO - [2025-10-24T14:30:26.759+0000] {dagbag.py:540} INFO - Filling up the DagBag from /opt/airflow/dags/silver/silver_cleaning.py
[2025-10-24T14:30:27.213+0000] {processor.py:842} WARNING - No viable dags retrieved from /opt/airflow/dags/silver/silver_cleaning.py
[2025-10-24T14:30:27.222+0000] {processor.py:183} INFO - Processing /opt/airflow/dags/silver/silver_cleaning.py took 0.469 seconds
[2025-10-24T14:31:00.282+0000] {processor.py:161} INFO - Started process (PID=1086) to work on /opt/airflow/dags/silver/silver_cleaning.py
[2025-10-24T14:31:00.283+0000] {processor.py:830} INFO - Processing file /opt/airflow/dags/silver/silver_cleaning.py for tasks to queue
[2025-10-24T14:31:00.285+0000] {logging_mixin.py:188} INFO - [2025-10-24T14:31:00.284+0000] {dagbag.py:540} INFO - Filling up the DagBag from /opt/airflow/dags/silver/silver_cleaning.py
[2025-10-24T14:31:00.735+0000] {processor.py:842} WARNING - No viable dags retrieved from /opt/airflow/dags/silver/silver_cleaning.py
[2025-10-24T14:31:00.743+0000] {processor.py:183} INFO - Processing /opt/airflow/dags/silver/silver_cleaning.py took 0.465 seconds
[2025-10-24T14:31:32.792+0000] {processor.py:161} INFO - Started process (PID=1092) to work on /opt/airflow/dags/silver/silver_cleaning.py
[2025-10-24T14:31:32.793+0000] {processor.py:830} INFO - Processing file /opt/airflow/dags/silver/silver_cleaning.py for tasks to queue
[2025-10-24T14:31:32.795+0000] {logging_mixin.py:188} INFO - [2025-10-24T14:31:32.794+0000] {dagbag.py:540} INFO - Filling up the DagBag from /opt/airflow/dags/silver/silver_cleaning.py
[2025-10-24T14:31:33.222+0000] {processor.py:842} WARNING - No viable dags retrieved from /opt/airflow/dags/silver/silver_cleaning.py
[2025-10-24T14:31:33.231+0000] {processor.py:183} INFO - Processing /opt/airflow/dags/silver/silver_cleaning.py took 0.443 seconds
[2025-10-24T14:32:05.045+0000] {processor.py:161} INFO - Started process (PID=1098) to work on /opt/airflow/dags/silver/silver_cleaning.py
[2025-10-24T14:32:05.046+0000] {processor.py:830} INFO - Processing file /opt/airflow/dags/silver/silver_cleaning.py for tasks to queue
[2025-10-24T14:32:05.047+0000] {logging_mixin.py:188} INFO - [2025-10-24T14:32:05.047+0000] {dagbag.py:540} INFO - Filling up the DagBag from /opt/airflow/dags/silver/silver_cleaning.py
[2025-10-24T14:32:05.501+0000] {processor.py:842} WARNING - No viable dags retrieved from /opt/airflow/dags/silver/silver_cleaning.py
[2025-10-24T14:32:05.510+0000] {processor.py:183} INFO - Processing /opt/airflow/dags/silver/silver_cleaning.py took 0.468 seconds
[2025-10-24T14:32:37.594+0000] {processor.py:161} INFO - Started process (PID=1104) to work on /opt/airflow/dags/silver/silver_cleaning.py
[2025-10-24T14:32:37.595+0000] {processor.py:830} INFO - Processing file /opt/airflow/dags/silver/silver_cleaning.py for tasks to queue
[2025-10-24T14:32:37.597+0000] {logging_mixin.py:188} INFO - [2025-10-24T14:32:37.597+0000] {dagbag.py:540} INFO - Filling up the DagBag from /opt/airflow/dags/silver/silver_cleaning.py
[2025-10-24T14:32:38.039+0000] {processor.py:842} WARNING - No viable dags retrieved from /opt/airflow/dags/silver/silver_cleaning.py
[2025-10-24T14:32:38.048+0000] {processor.py:183} INFO - Processing /opt/airflow/dags/silver/silver_cleaning.py took 0.459 seconds
[2025-10-24T14:33:10.121+0000] {processor.py:161} INFO - Started process (PID=1110) to work on /opt/airflow/dags/silver/silver_cleaning.py
[2025-10-24T14:33:10.122+0000] {processor.py:830} INFO - Processing file /opt/airflow/dags/silver/silver_cleaning.py for tasks to queue
[2025-10-24T14:33:10.124+0000] {logging_mixin.py:188} INFO - [2025-10-24T14:33:10.124+0000] {dagbag.py:540} INFO - Filling up the DagBag from /opt/airflow/dags/silver/silver_cleaning.py
[2025-10-24T14:33:10.674+0000] {processor.py:842} WARNING - No viable dags retrieved from /opt/airflow/dags/silver/silver_cleaning.py
[2025-10-24T14:33:10.683+0000] {processor.py:183} INFO - Processing /opt/airflow/dags/silver/silver_cleaning.py took 0.567 seconds
[2025-10-24T14:33:42.740+0000] {processor.py:161} INFO - Started process (PID=1116) to work on /opt/airflow/dags/silver/silver_cleaning.py
[2025-10-24T14:33:42.741+0000] {processor.py:830} INFO - Processing file /opt/airflow/dags/silver/silver_cleaning.py for tasks to queue
[2025-10-24T14:33:42.742+0000] {logging_mixin.py:188} INFO - [2025-10-24T14:33:42.742+0000] {dagbag.py:540} INFO - Filling up the DagBag from /opt/airflow/dags/silver/silver_cleaning.py
[2025-10-24T14:33:43.224+0000] {processor.py:842} WARNING - No viable dags retrieved from /opt/airflow/dags/silver/silver_cleaning.py
[2025-10-24T14:33:43.233+0000] {processor.py:183} INFO - Processing /opt/airflow/dags/silver/silver_cleaning.py took 0.498 seconds
[2025-10-24T14:34:15.281+0000] {processor.py:161} INFO - Started process (PID=1122) to work on /opt/airflow/dags/silver/silver_cleaning.py
[2025-10-24T14:34:15.282+0000] {processor.py:830} INFO - Processing file /opt/airflow/dags/silver/silver_cleaning.py for tasks to queue
[2025-10-24T14:34:15.283+0000] {logging_mixin.py:188} INFO - [2025-10-24T14:34:15.283+0000] {dagbag.py:540} INFO - Filling up the DagBag from /opt/airflow/dags/silver/silver_cleaning.py
[2025-10-24T14:34:15.752+0000] {processor.py:842} WARNING - No viable dags retrieved from /opt/airflow/dags/silver/silver_cleaning.py
[2025-10-24T14:34:15.762+0000] {processor.py:183} INFO - Processing /opt/airflow/dags/silver/silver_cleaning.py took 0.485 seconds
[2025-10-24T14:34:46.005+0000] {processor.py:161} INFO - Started process (PID=1128) to work on /opt/airflow/dags/silver/silver_cleaning.py
[2025-10-24T14:34:46.006+0000] {processor.py:830} INFO - Processing file /opt/airflow/dags/silver/silver_cleaning.py for tasks to queue
[2025-10-24T14:34:46.008+0000] {logging_mixin.py:188} INFO - [2025-10-24T14:34:46.008+0000] {dagbag.py:540} INFO - Filling up the DagBag from /opt/airflow/dags/silver/silver_cleaning.py
[2025-10-24T14:34:46.494+0000] {processor.py:842} WARNING - No viable dags retrieved from /opt/airflow/dags/silver/silver_cleaning.py
[2025-10-24T14:34:46.503+0000] {processor.py:183} INFO - Processing /opt/airflow/dags/silver/silver_cleaning.py took 0.502 seconds
[2025-10-24T14:35:17.382+0000] {processor.py:161} INFO - Started process (PID=1134) to work on /opt/airflow/dags/silver/silver_cleaning.py
[2025-10-24T14:35:17.383+0000] {processor.py:830} INFO - Processing file /opt/airflow/dags/silver/silver_cleaning.py for tasks to queue
[2025-10-24T14:35:17.384+0000] {logging_mixin.py:188} INFO - [2025-10-24T14:35:17.384+0000] {dagbag.py:540} INFO - Filling up the DagBag from /opt/airflow/dags/silver/silver_cleaning.py
[2025-10-24T14:35:17.882+0000] {processor.py:842} WARNING - No viable dags retrieved from /opt/airflow/dags/silver/silver_cleaning.py
[2025-10-24T14:35:17.892+0000] {processor.py:183} INFO - Processing /opt/airflow/dags/silver/silver_cleaning.py took 0.516 seconds
[2025-10-24T14:35:48.802+0000] {processor.py:161} INFO - Started process (PID=1140) to work on /opt/airflow/dags/silver/silver_cleaning.py
[2025-10-24T14:35:48.803+0000] {processor.py:830} INFO - Processing file /opt/airflow/dags/silver/silver_cleaning.py for tasks to queue
[2025-10-24T14:35:48.805+0000] {logging_mixin.py:188} INFO - [2025-10-24T14:35:48.805+0000] {dagbag.py:540} INFO - Filling up the DagBag from /opt/airflow/dags/silver/silver_cleaning.py
[2025-10-24T14:35:49.402+0000] {processor.py:842} WARNING - No viable dags retrieved from /opt/airflow/dags/silver/silver_cleaning.py
[2025-10-24T14:35:49.410+0000] {processor.py:183} INFO - Processing /opt/airflow/dags/silver/silver_cleaning.py took 0.614 seconds
[2025-10-24T14:36:19.961+0000] {processor.py:161} INFO - Started process (PID=1147) to work on /opt/airflow/dags/silver/silver_cleaning.py
[2025-10-24T14:36:19.962+0000] {processor.py:830} INFO - Processing file /opt/airflow/dags/silver/silver_cleaning.py for tasks to queue
[2025-10-24T14:36:19.963+0000] {logging_mixin.py:188} INFO - [2025-10-24T14:36:19.963+0000] {dagbag.py:540} INFO - Filling up the DagBag from /opt/airflow/dags/silver/silver_cleaning.py
[2025-10-24T14:36:20.400+0000] {processor.py:842} WARNING - No viable dags retrieved from /opt/airflow/dags/silver/silver_cleaning.py
[2025-10-24T14:36:20.410+0000] {processor.py:183} INFO - Processing /opt/airflow/dags/silver/silver_cleaning.py took 0.453 seconds
[2025-10-24T14:36:50.727+0000] {processor.py:161} INFO - Started process (PID=1152) to work on /opt/airflow/dags/silver/silver_cleaning.py
[2025-10-24T14:36:50.728+0000] {processor.py:830} INFO - Processing file /opt/airflow/dags/silver/silver_cleaning.py for tasks to queue
[2025-10-24T14:36:50.731+0000] {logging_mixin.py:188} INFO - [2025-10-24T14:36:50.730+0000] {dagbag.py:540} INFO - Filling up the DagBag from /opt/airflow/dags/silver/silver_cleaning.py
[2025-10-24T14:36:51.929+0000] {processor.py:842} WARNING - No viable dags retrieved from /opt/airflow/dags/silver/silver_cleaning.py
[2025-10-24T14:36:51.941+0000] {processor.py:183} INFO - Processing /opt/airflow/dags/silver/silver_cleaning.py took 0.897 seconds
[2025-10-24T14:37:22.919+0000] {processor.py:161} INFO - Started process (PID=1158) to work on /opt/airflow/dags/silver/silver_cleaning.py
[2025-10-24T14:37:22.920+0000] {processor.py:830} INFO - Processing file /opt/airflow/dags/silver/silver_cleaning.py for tasks to queue
[2025-10-24T14:37:22.921+0000] {logging_mixin.py:188} INFO - [2025-10-24T14:37:22.921+0000] {dagbag.py:540} INFO - Filling up the DagBag from /opt/airflow/dags/silver/silver_cleaning.py
[2025-10-24T14:37:23.441+0000] {processor.py:842} WARNING - No viable dags retrieved from /opt/airflow/dags/silver/silver_cleaning.py
[2025-10-24T14:37:23.452+0000] {processor.py:183} INFO - Processing /opt/airflow/dags/silver/silver_cleaning.py took 0.538 seconds
