[2025-10-22T09:11:44.678+0000] {local_task_job_runner.py:120} INFO - ::group::Pre task execution logs
[2025-10-22T09:11:44.694+0000] {taskinstance.py:2073} INFO - Dependencies all met for dep_context=non-requeueable deps ti=<TaskInstance: bronze_layer_ingestion_simple.trigger_silver manual__2025-10-22T09:10:18.614431+00:00 [queued]>
[2025-10-22T09:11:44.700+0000] {taskinstance.py:2073} INFO - Dependencies all met for dep_context=requeueable deps ti=<TaskInstance: bronze_layer_ingestion_simple.trigger_silver manual__2025-10-22T09:10:18.614431+00:00 [queued]>
[2025-10-22T09:11:44.701+0000] {taskinstance.py:2303} INFO - Starting attempt 1 of 3
[2025-10-22T09:11:44.732+0000] {taskinstance.py:2327} INFO - Executing <Task(TriggerDagRunOperator): trigger_silver> on 2025-10-22 09:10:18.614431+00:00
[2025-10-22T09:11:44.738+0000] {warnings.py:110} WARNING - /home/***/.local/lib/python3.12/site-packages/***/task/task_runner/standard_task_runner.py:61: DeprecationWarning: This process (pid=154) is multi-threaded, use of fork() may lead to deadlocks in the child.
  pid = os.fork()

[2025-10-22T09:11:44.740+0000] {standard_task_runner.py:63} INFO - Started process 155 to run task
[2025-10-22T09:11:44.740+0000] {standard_task_runner.py:90} INFO - Running: ['***', 'tasks', 'run', 'bronze_layer_ingestion_simple', 'trigger_silver', 'manual__2025-10-22T09:10:18.614431+00:00', '--job-id', '103', '--raw', '--subdir', 'DAGS_FOLDER/bronze_dag_simple.py', '--cfg-path', '/tmp/tmpa3iu48k5']
[2025-10-22T09:11:44.742+0000] {standard_task_runner.py:91} INFO - Job 103: Subtask trigger_silver
[2025-10-22T09:11:44.762+0000] {warnings.py:110} WARNING - /home/***/.local/lib/python3.12/site-packages/***/settings.py:195: DeprecationWarning: The sql_alchemy_conn option in [core] has been moved to the sql_alchemy_conn option in [database] - the old setting has been used, but please update your config.
  SQL_ALCHEMY_CONN = conf.get("database", "SQL_ALCHEMY_CONN")

[2025-10-22T09:11:44.786+0000] {task_command.py:426} INFO - Running <TaskInstance: bronze_layer_ingestion_simple.trigger_silver manual__2025-10-22T09:10:18.614431+00:00 [running]> on host c8e73316fd62
[2025-10-22T09:11:44.903+0000] {taskinstance.py:2644} INFO - Exporting env vars: AIRFLOW_CTX_DAG_OWNER='afnan_khan' AIRFLOW_CTX_DAG_ID='bronze_layer_ingestion_simple' AIRFLOW_CTX_TASK_ID='trigger_silver' AIRFLOW_CTX_EXECUTION_DATE='2025-10-22T09:10:18.614431+00:00' AIRFLOW_CTX_TRY_NUMBER='1' AIRFLOW_CTX_DAG_RUN_ID='manual__2025-10-22T09:10:18.614431+00:00'
[2025-10-22T09:11:44.904+0000] {taskinstance.py:430} INFO - ::endgroup::
[2025-10-22T09:11:50.973+0000] {warnings.py:110} WARNING - /home/***/.local/lib/python3.12/site-packages/azure/mgmt/datafactory/models/_models_py3.py:213: SyntaxWarning: invalid escape sequence '\d'
  """Execution policy for an activity.

[2025-10-22T09:11:50.974+0000] {warnings.py:110} WARNING - /home/***/.local/lib/python3.12/site-packages/azure/mgmt/datafactory/models/_models_py3.py:260: SyntaxWarning: invalid escape sequence '\d'
  """

[2025-10-22T09:11:50.976+0000] {warnings.py:110} WARNING - /home/***/.local/lib/python3.12/site-packages/azure/mgmt/datafactory/models/_models_py3.py:1189: SyntaxWarning: invalid escape sequence '\d'
  """A copy activity source.

[2025-10-22T09:11:50.977+0000] {warnings.py:110} WARNING - /home/***/.local/lib/python3.12/site-packages/azure/mgmt/datafactory/models/_models_py3.py:1291: SyntaxWarning: invalid escape sequence '\d'
  """

[2025-10-22T09:11:50.978+0000] {warnings.py:110} WARNING - /home/***/.local/lib/python3.12/site-packages/azure/mgmt/datafactory/models/_models_py3.py:1318: SyntaxWarning: invalid escape sequence '\d'
  """Copy activity sources of tabular type.

[2025-10-22T09:11:50.978+0000] {warnings.py:110} WARNING - /home/***/.local/lib/python3.12/site-packages/azure/mgmt/datafactory/models/_models_py3.py:1458: SyntaxWarning: invalid escape sequence '\d'
  """

[2025-10-22T09:11:50.979+0000] {warnings.py:110} WARNING - /home/***/.local/lib/python3.12/site-packages/azure/mgmt/datafactory/models/_models_py3.py:1495: SyntaxWarning: invalid escape sequence '\d'
  """A copy activity Amazon Marketplace Web Service source.

[2025-10-22T09:11:50.979+0000] {warnings.py:110} WARNING - /home/***/.local/lib/python3.12/site-packages/azure/mgmt/datafactory/models/_models_py3.py:1556: SyntaxWarning: invalid escape sequence '\d'
  """

[2025-10-22T09:11:50.980+0000] {warnings.py:110} WARNING - /home/***/.local/lib/python3.12/site-packages/azure/mgmt/datafactory/models/_models_py3.py:1746: SyntaxWarning: invalid escape sequence '\d'
  """A copy activity AmazonRdsForOracle source.

[2025-10-22T09:11:50.981+0000] {warnings.py:110} WARNING - /home/***/.local/lib/python3.12/site-packages/azure/mgmt/datafactory/models/_models_py3.py:1817: SyntaxWarning: invalid escape sequence '\d'
  """

[2025-10-22T09:11:50.983+0000] {warnings.py:110} WARNING - /home/***/.local/lib/python3.12/site-packages/azure/mgmt/datafactory/models/_models_py3.py:2093: SyntaxWarning: invalid escape sequence '\d'
  """A copy activity Amazon RDS for SQL Server source.

[2025-10-22T09:11:50.984+0000] {warnings.py:110} WARNING - /home/***/.local/lib/python3.12/site-packages/azure/mgmt/datafactory/models/_models_py3.py:2183: SyntaxWarning: invalid escape sequence '\d'
  """

[2025-10-22T09:11:50.985+0000] {warnings.py:110} WARNING - /home/***/.local/lib/python3.12/site-packages/azure/mgmt/datafactory/models/_models_py3.py:2482: SyntaxWarning: invalid escape sequence '\d'
  """A copy activity source for Amazon Redshift Source.

[2025-10-22T09:11:50.986+0000] {warnings.py:110} WARNING - /home/***/.local/lib/python3.12/site-packages/azure/mgmt/datafactory/models/_models_py3.py:2548: SyntaxWarning: invalid escape sequence '\d'
  """

[2025-10-22T09:11:50.995+0000] {warnings.py:110} WARNING - /home/***/.local/lib/python3.12/site-packages/azure/mgmt/datafactory/models/_models_py3.py:4365: SyntaxWarning: invalid escape sequence '\d'
  """A copy activity sink.

[2025-10-22T09:11:50.997+0000] {warnings.py:110} WARNING - /home/***/.local/lib/python3.12/site-packages/azure/mgmt/datafactory/models/_models_py3.py:4481: SyntaxWarning: invalid escape sequence '\d'
  """

[2025-10-22T09:11:50.997+0000] {warnings.py:110} WARNING - /home/***/.local/lib/python3.12/site-packages/azure/mgmt/datafactory/models/_models_py3.py:4516: SyntaxWarning: invalid escape sequence '\d'
  """A copy activity Avro sink.

[2025-10-22T09:11:50.998+0000] {warnings.py:110} WARNING - /home/***/.local/lib/python3.12/site-packages/azure/mgmt/datafactory/models/_models_py3.py:4580: SyntaxWarning: invalid escape sequence '\d'
  """

[2025-10-22T09:11:50.999+0000] {warnings.py:110} WARNING - /home/***/.local/lib/python3.12/site-packages/azure/mgmt/datafactory/models/_models_py3.py:4623: SyntaxWarning: invalid escape sequence '\d'
  """A copy activity Avro source.

[2025-10-22T09:11:51.000+0000] {warnings.py:110} WARNING - /home/***/.local/lib/python3.12/site-packages/azure/mgmt/datafactory/models/_models_py3.py:4678: SyntaxWarning: invalid escape sequence '\d'
  """

[2025-10-22T09:11:51.006+0000] {warnings.py:110} WARNING - /home/***/.local/lib/python3.12/site-packages/azure/mgmt/datafactory/models/_models_py3.py:5689: SyntaxWarning: invalid escape sequence '\d'
  """A copy activity Azure Data Lake Storage Gen2 sink.

[2025-10-22T09:11:51.007+0000] {warnings.py:110} WARNING - /home/***/.local/lib/python3.12/site-packages/azure/mgmt/datafactory/models/_models_py3.py:5755: SyntaxWarning: invalid escape sequence '\d'
  """

[2025-10-22T09:11:51.007+0000] {warnings.py:110} WARNING - /home/***/.local/lib/python3.12/site-packages/azure/mgmt/datafactory/models/_models_py3.py:5800: SyntaxWarning: invalid escape sequence '\d'
  """A copy activity Azure BlobFS source.

[2025-10-22T09:11:51.008+0000] {warnings.py:110} WARNING - /home/***/.local/lib/python3.12/site-packages/azure/mgmt/datafactory/models/_models_py3.py:5861: SyntaxWarning: invalid escape sequence '\d'
  """

[2025-10-22T09:11:51.012+0000] {warnings.py:110} WARNING - /home/***/.local/lib/python3.12/site-packages/azure/mgmt/datafactory/models/_models_py3.py:6986: SyntaxWarning: invalid escape sequence '\d'
  """A copy activity Azure Databricks Delta Lake sink.

[2025-10-22T09:11:51.013+0000] {warnings.py:110} WARNING - /home/***/.local/lib/python3.12/site-packages/azure/mgmt/datafactory/models/_models_py3.py:7051: SyntaxWarning: invalid escape sequence '\d'
  """

[2025-10-22T09:11:51.014+0000] {warnings.py:110} WARNING - /home/***/.local/lib/python3.12/site-packages/azure/mgmt/datafactory/models/_models_py3.py:7096: SyntaxWarning: invalid escape sequence '\d'
  """A copy activity Azure Databricks Delta Lake source.

[2025-10-22T09:11:51.014+0000] {warnings.py:110} WARNING - /home/***/.local/lib/python3.12/site-packages/azure/mgmt/datafactory/models/_models_py3.py:7151: SyntaxWarning: invalid escape sequence '\d'
  """

[2025-10-22T09:11:51.016+0000] {warnings.py:110} WARNING - /home/***/.local/lib/python3.12/site-packages/azure/mgmt/datafactory/models/_models_py3.py:7588: SyntaxWarning: invalid escape sequence '\d'
  """Azure Data Explorer command activity.

[2025-10-22T09:11:51.017+0000] {warnings.py:110} WARNING - /home/***/.local/lib/python3.12/site-packages/azure/mgmt/datafactory/models/_models_py3.py:7661: SyntaxWarning: invalid escape sequence '\d'
  """

[2025-10-22T09:11:51.018+0000] {warnings.py:110} WARNING - /home/***/.local/lib/python3.12/site-packages/azure/mgmt/datafactory/models/_models_py3.py:7832: SyntaxWarning: invalid escape sequence '\d'
  """A copy activity Azure Data Explorer sink.

[2025-10-22T09:11:51.018+0000] {warnings.py:110} WARNING - /home/***/.local/lib/python3.12/site-packages/azure/mgmt/datafactory/models/_models_py3.py:7903: SyntaxWarning: invalid escape sequence '\d'
  """

[2025-10-22T09:11:51.019+0000] {warnings.py:110} WARNING - /home/***/.local/lib/python3.12/site-packages/azure/mgmt/datafactory/models/_models_py3.py:7952: SyntaxWarning: invalid escape sequence '\d'
  """A copy activity Azure Data Explorer (Kusto) source.

[2025-10-22T09:11:51.019+0000] {warnings.py:110} WARNING - /home/***/.local/lib/python3.12/site-packages/azure/mgmt/datafactory/models/_models_py3.py:8019: SyntaxWarning: invalid escape sequence '\d'
  """

[2025-10-22T09:11:51.022+0000] {warnings.py:110} WARNING - /home/***/.local/lib/python3.12/site-packages/azure/mgmt/datafactory/models/_models_py3.py:8812: SyntaxWarning: invalid escape sequence '\d'
  """A copy activity Azure Data Lake Store sink.

[2025-10-22T09:11:51.022+0000] {warnings.py:110} WARNING - /home/***/.local/lib/python3.12/site-packages/azure/mgmt/datafactory/models/_models_py3.py:8877: SyntaxWarning: invalid escape sequence '\d'
  """

[2025-10-22T09:11:51.023+0000] {warnings.py:110} WARNING - /home/***/.local/lib/python3.12/site-packages/azure/mgmt/datafactory/models/_models_py3.py:8921: SyntaxWarning: invalid escape sequence '\d'
  """A copy activity Azure Data Lake source.

[2025-10-22T09:11:51.023+0000] {warnings.py:110} WARNING - /home/***/.local/lib/python3.12/site-packages/azure/mgmt/datafactory/models/_models_py3.py:8972: SyntaxWarning: invalid escape sequence '\d'
  """

[2025-10-22T09:11:51.027+0000] {warnings.py:110} WARNING - /home/***/.local/lib/python3.12/site-packages/azure/mgmt/datafactory/models/_models_py3.py:10035: SyntaxWarning: invalid escape sequence '\d'
  """A copy activity Azure MariaDB source.

[2025-10-22T09:11:51.028+0000] {warnings.py:110} WARNING - /home/***/.local/lib/python3.12/site-packages/azure/mgmt/datafactory/models/_models_py3.py:10096: SyntaxWarning: invalid escape sequence '\d'
  """

[2025-10-22T09:11:51.036+0000] {warnings.py:110} WARNING - /home/***/.local/lib/python3.12/site-packages/azure/mgmt/datafactory/models/_models_py3.py:11122: SyntaxWarning: invalid escape sequence '\d'
  """A copy activity Azure MySql sink.

[2025-10-22T09:11:51.037+0000] {warnings.py:110} WARNING - /home/***/.local/lib/python3.12/site-packages/azure/mgmt/datafactory/models/_models_py3.py:11183: SyntaxWarning: invalid escape sequence '\d'
  """

[2025-10-22T09:11:51.038+0000] {warnings.py:110} WARNING - /home/***/.local/lib/python3.12/site-packages/azure/mgmt/datafactory/models/_models_py3.py:11224: SyntaxWarning: invalid escape sequence '\d'
  """A copy activity Azure MySQL source.

[2025-10-22T09:11:51.038+0000] {warnings.py:110} WARNING - /home/***/.local/lib/python3.12/site-packages/azure/mgmt/datafactory/models/_models_py3.py:11284: SyntaxWarning: invalid escape sequence '\d'
  """

[2025-10-22T09:11:51.040+0000] {warnings.py:110} WARNING - /home/***/.local/lib/python3.12/site-packages/azure/mgmt/datafactory/models/_models_py3.py:11529: SyntaxWarning: invalid escape sequence '\d'
  """A copy activity Azure PostgreSQL sink.

[2025-10-22T09:11:51.041+0000] {warnings.py:110} WARNING - /home/***/.local/lib/python3.12/site-packages/azure/mgmt/datafactory/models/_models_py3.py:11590: SyntaxWarning: invalid escape sequence '\d'
  """

[2025-10-22T09:11:51.041+0000] {warnings.py:110} WARNING - /home/***/.local/lib/python3.12/site-packages/azure/mgmt/datafactory/models/_models_py3.py:11631: SyntaxWarning: invalid escape sequence '\d'
  """A copy activity Azure PostgreSQL source.

[2025-10-22T09:11:51.042+0000] {warnings.py:110} WARNING - /home/***/.local/lib/python3.12/site-packages/azure/mgmt/datafactory/models/_models_py3.py:11692: SyntaxWarning: invalid escape sequence '\d'
  """

[2025-10-22T09:11:51.043+0000] {warnings.py:110} WARNING - /home/***/.local/lib/python3.12/site-packages/azure/mgmt/datafactory/models/_models_py3.py:11855: SyntaxWarning: invalid escape sequence '\d'
  """A copy activity Azure Queue sink.

[2025-10-22T09:11:51.044+0000] {warnings.py:110} WARNING - /home/***/.local/lib/python3.12/site-packages/azure/mgmt/datafactory/models/_models_py3.py:11911: SyntaxWarning: invalid escape sequence '\d'
  """

[2025-10-22T09:11:51.045+0000] {warnings.py:110} WARNING - /home/***/.local/lib/python3.12/site-packages/azure/mgmt/datafactory/models/_models_py3.py:12053: SyntaxWarning: invalid escape sequence '\d'
  """A copy activity Azure Search Index sink.

[2025-10-22T09:11:51.046+0000] {warnings.py:110} WARNING - /home/***/.local/lib/python3.12/site-packages/azure/mgmt/datafactory/models/_models_py3.py:12115: SyntaxWarning: invalid escape sequence '\d'
  """

[2025-10-22T09:11:51.050+0000] {warnings.py:110} WARNING - /home/***/.local/lib/python3.12/site-packages/azure/mgmt/datafactory/models/_models_py3.py:12932: SyntaxWarning: invalid escape sequence '\d'
  """A copy activity Azure SQL sink.

[2025-10-22T09:11:51.051+0000] {warnings.py:110} WARNING - /home/***/.local/lib/python3.12/site-packages/azure/mgmt/datafactory/models/_models_py3.py:13034: SyntaxWarning: invalid escape sequence '\d'
  """

[2025-10-22T09:11:51.052+0000] {warnings.py:110} WARNING - /home/***/.local/lib/python3.12/site-packages/azure/mgmt/datafactory/models/_models_py3.py:13105: SyntaxWarning: invalid escape sequence '\d'
  """A copy activity Azure SQL source.

[2025-10-22T09:11:51.053+0000] {warnings.py:110} WARNING - /home/***/.local/lib/python3.12/site-packages/azure/mgmt/datafactory/models/_models_py3.py:13196: SyntaxWarning: invalid escape sequence '\d'
  """

[2025-10-22T09:11:51.056+0000] {warnings.py:110} WARNING - /home/***/.local/lib/python3.12/site-packages/azure/mgmt/datafactory/models/_models_py3.py:13694: SyntaxWarning: invalid escape sequence '\d'
  """A copy activity Azure Table sink.

[2025-10-22T09:11:51.057+0000] {warnings.py:110} WARNING - /home/***/.local/lib/python3.12/site-packages/azure/mgmt/datafactory/models/_models_py3.py:13770: SyntaxWarning: invalid escape sequence '\d'
  """

[2025-10-22T09:11:51.057+0000] {warnings.py:110} WARNING - /home/***/.local/lib/python3.12/site-packages/azure/mgmt/datafactory/models/_models_py3.py:13823: SyntaxWarning: invalid escape sequence '\d'
  """A copy activity Azure Table source.

[2025-10-22T09:11:51.058+0000] {warnings.py:110} WARNING - /home/***/.local/lib/python3.12/site-packages/azure/mgmt/datafactory/models/_models_py3.py:13889: SyntaxWarning: invalid escape sequence '\d'
  """

[2025-10-22T09:11:51.060+0000] {warnings.py:110} WARNING - /home/***/.local/lib/python3.12/site-packages/azure/mgmt/datafactory/models/_models_py3.py:14277: SyntaxWarning: invalid escape sequence '\d'
  """A copy activity Binary sink.

[2025-10-22T09:11:51.061+0000] {warnings.py:110} WARNING - /home/***/.local/lib/python3.12/site-packages/azure/mgmt/datafactory/models/_models_py3.py:14337: SyntaxWarning: invalid escape sequence '\d'
  """

[2025-10-22T09:11:51.061+0000] {warnings.py:110} WARNING - /home/***/.local/lib/python3.12/site-packages/azure/mgmt/datafactory/models/_models_py3.py:14377: SyntaxWarning: invalid escape sequence '\d'
  """A copy activity Binary source.

[2025-10-22T09:11:51.062+0000] {warnings.py:110} WARNING - /home/***/.local/lib/python3.12/site-packages/azure/mgmt/datafactory/models/_models_py3.py:14431: SyntaxWarning: invalid escape sequence '\d'
  """

[2025-10-22T09:11:51.064+0000] {warnings.py:110} WARNING - /home/***/.local/lib/python3.12/site-packages/azure/mgmt/datafactory/models/_models_py3.py:14727: SyntaxWarning: invalid escape sequence '\d'
  """A copy activity Azure Blob sink.

[2025-10-22T09:11:51.065+0000] {warnings.py:110} WARNING - /home/***/.local/lib/python3.12/site-packages/azure/mgmt/datafactory/models/_models_py3.py:14807: SyntaxWarning: invalid escape sequence '\d'
  """

[2025-10-22T09:11:51.066+0000] {warnings.py:110} WARNING - /home/***/.local/lib/python3.12/site-packages/azure/mgmt/datafactory/models/_models_py3.py:14863: SyntaxWarning: invalid escape sequence '\d'
  """A copy activity Azure Blob source.

[2025-10-22T09:11:51.067+0000] {warnings.py:110} WARNING - /home/***/.local/lib/python3.12/site-packages/azure/mgmt/datafactory/models/_models_py3.py:14924: SyntaxWarning: invalid escape sequence '\d'
  """

[2025-10-22T09:11:51.068+0000] {warnings.py:110} WARNING - /home/***/.local/lib/python3.12/site-packages/azure/mgmt/datafactory/models/_models_py3.py:15178: SyntaxWarning: invalid escape sequence '\d'
  """A copy activity source for a Cassandra database.

[2025-10-22T09:11:51.069+0000] {warnings.py:110} WARNING - /home/***/.local/lib/python3.12/site-packages/azure/mgmt/datafactory/models/_models_py3.py:15249: SyntaxWarning: invalid escape sequence '\d'
  """

[2025-10-22T09:11:51.073+0000] {warnings.py:110} WARNING - /home/***/.local/lib/python3.12/site-packages/azure/mgmt/datafactory/models/_models_py3.py:16131: SyntaxWarning: invalid escape sequence '\d'
  """A copy activity Common Data Service for Apps sink.

[2025-10-22T09:11:51.074+0000] {warnings.py:110} WARNING - /home/***/.local/lib/python3.12/site-packages/azure/mgmt/datafactory/models/_models_py3.py:16203: SyntaxWarning: invalid escape sequence '\d'
  """

[2025-10-22T09:11:51.074+0000] {warnings.py:110} WARNING - /home/***/.local/lib/python3.12/site-packages/azure/mgmt/datafactory/models/_models_py3.py:16252: SyntaxWarning: invalid escape sequence '\d'
  """A copy activity Common Data Service for Apps source.

[2025-10-22T09:11:51.075+0000] {warnings.py:110} WARNING - /home/***/.local/lib/python3.12/site-packages/azure/mgmt/datafactory/models/_models_py3.py:16308: SyntaxWarning: invalid escape sequence '\d'
  """

[2025-10-22T09:11:51.077+0000] {warnings.py:110} WARNING - /home/***/.local/lib/python3.12/site-packages/azure/mgmt/datafactory/models/_models_py3.py:16668: SyntaxWarning: invalid escape sequence '\d'
  """A copy activity Concur Service source.

[2025-10-22T09:11:51.078+0000] {warnings.py:110} WARNING - /home/***/.local/lib/python3.12/site-packages/azure/mgmt/datafactory/models/_models_py3.py:16729: SyntaxWarning: invalid escape sequence '\d'
  """

[2025-10-22T09:11:51.082+0000] {warnings.py:110} WARNING - /home/***/.local/lib/python3.12/site-packages/azure/mgmt/datafactory/models/_models_py3.py:17551: SyntaxWarning: invalid escape sequence '\d'
  """A copy activity sink for a CosmosDB (MongoDB API) database.

[2025-10-22T09:11:51.084+0000] {warnings.py:110} WARNING - /home/***/.local/lib/python3.12/site-packages/azure/mgmt/datafactory/models/_models_py3.py:17613: SyntaxWarning: invalid escape sequence '\d'
  """

[2025-10-22T09:11:51.085+0000] {warnings.py:110} WARNING - /home/***/.local/lib/python3.12/site-packages/azure/mgmt/datafactory/models/_models_py3.py:17655: SyntaxWarning: invalid escape sequence '\d'
  """A copy activity source for a CosmosDB (MongoDB API) database.

[2025-10-22T09:11:51.086+0000] {warnings.py:110} WARNING - /home/***/.local/lib/python3.12/site-packages/azure/mgmt/datafactory/models/_models_py3.py:17728: SyntaxWarning: invalid escape sequence '\d'
  """

[2025-10-22T09:11:51.086+0000] {warnings.py:110} WARNING - /home/***/.local/lib/python3.12/site-packages/azure/mgmt/datafactory/models/_models_py3.py:17884: SyntaxWarning: invalid escape sequence '\d'
  """A copy activity Azure CosmosDB (SQL API) Collection sink.

[2025-10-22T09:11:51.087+0000] {warnings.py:110} WARNING - /home/***/.local/lib/python3.12/site-packages/azure/mgmt/datafactory/models/_models_py3.py:17945: SyntaxWarning: invalid escape sequence '\d'
  """

[2025-10-22T09:11:51.088+0000] {warnings.py:110} WARNING - /home/***/.local/lib/python3.12/site-packages/azure/mgmt/datafactory/models/_models_py3.py:17986: SyntaxWarning: invalid escape sequence '\d'
  """A copy activity Azure CosmosDB (SQL API) Collection source.

[2025-10-22T09:11:51.089+0000] {warnings.py:110} WARNING - /home/***/.local/lib/python3.12/site-packages/azure/mgmt/datafactory/models/_models_py3.py:18056: SyntaxWarning: invalid escape sequence '\d'
  """

[2025-10-22T09:11:51.089+0000] {warnings.py:110} WARNING - /home/***/.local/lib/python3.12/site-packages/azure/mgmt/datafactory/models/_models_py3.py:18196: SyntaxWarning: invalid escape sequence '\d'
  """A copy activity Couchbase server source.

[2025-10-22T09:11:51.090+0000] {warnings.py:110} WARNING - /home/***/.local/lib/python3.12/site-packages/azure/mgmt/datafactory/models/_models_py3.py:18257: SyntaxWarning: invalid escape sequence '\d'
  """

[2025-10-22T09:11:51.100+0000] {warnings.py:110} WARNING - /home/***/.local/lib/python3.12/site-packages/azure/mgmt/datafactory/models/_models_py3.py:21227: SyntaxWarning: invalid escape sequence '\d'
  """A copy activity source for Db2 databases.

[2025-10-22T09:11:51.108+0000] {warnings.py:110} WARNING - /home/***/.local/lib/python3.12/site-packages/azure/mgmt/datafactory/models/_models_py3.py:21287: SyntaxWarning: invalid escape sequence '\d'
  """

[2025-10-22T09:11:51.110+0000] {warnings.py:110} WARNING - /home/***/.local/lib/python3.12/site-packages/azure/mgmt/datafactory/models/_models_py3.py:21856: SyntaxWarning: invalid escape sequence '\d'
  """A copy activity DelimitedText sink.

[2025-10-22T09:11:51.111+0000] {warnings.py:110} WARNING - /home/***/.local/lib/python3.12/site-packages/azure/mgmt/datafactory/models/_models_py3.py:21920: SyntaxWarning: invalid escape sequence '\d'
  """

[2025-10-22T09:11:51.111+0000] {warnings.py:110} WARNING - /home/***/.local/lib/python3.12/site-packages/azure/mgmt/datafactory/models/_models_py3.py:21963: SyntaxWarning: invalid escape sequence '\d'
  """A copy activity DelimitedText source.

[2025-10-22T09:11:51.112+0000] {warnings.py:110} WARNING - /home/***/.local/lib/python3.12/site-packages/azure/mgmt/datafactory/models/_models_py3.py:22022: SyntaxWarning: invalid escape sequence '\d'
  """

[2025-10-22T09:11:51.114+0000] {warnings.py:110} WARNING - /home/***/.local/lib/python3.12/site-packages/azure/mgmt/datafactory/models/_models_py3.py:22328: SyntaxWarning: invalid escape sequence '\d'
  """A copy activity Document Database Collection sink.

[2025-10-22T09:11:51.115+0000] {warnings.py:110} WARNING - /home/***/.local/lib/python3.12/site-packages/azure/mgmt/datafactory/models/_models_py3.py:22394: SyntaxWarning: invalid escape sequence '\d'
  """

[2025-10-22T09:11:51.115+0000] {warnings.py:110} WARNING - /home/***/.local/lib/python3.12/site-packages/azure/mgmt/datafactory/models/_models_py3.py:22439: SyntaxWarning: invalid escape sequence '\d'
  """A copy activity Document Database Collection source.

[2025-10-22T09:11:51.116+0000] {warnings.py:110} WARNING - /home/***/.local/lib/python3.12/site-packages/azure/mgmt/datafactory/models/_models_py3.py:22504: SyntaxWarning: invalid escape sequence '\d'
  """

[2025-10-22T09:11:51.117+0000] {warnings.py:110} WARNING - /home/***/.local/lib/python3.12/site-packages/azure/mgmt/datafactory/models/_models_py3.py:22640: SyntaxWarning: invalid escape sequence '\d'
  """A copy activity Drill server source.

[2025-10-22T09:11:51.117+0000] {warnings.py:110} WARNING - /home/***/.local/lib/python3.12/site-packages/azure/mgmt/datafactory/models/_models_py3.py:22701: SyntaxWarning: invalid escape sequence '\d'
  """

[2025-10-22T09:11:51.119+0000] {warnings.py:110} WARNING - /home/***/.local/lib/python3.12/site-packages/azure/mgmt/datafactory/models/_models_py3.py:23170: SyntaxWarning: invalid escape sequence '\d'
  """A copy activity Dynamics AX source.

[2025-10-22T09:11:51.119+0000] {warnings.py:110} WARNING - /home/***/.local/lib/python3.12/site-packages/azure/mgmt/datafactory/models/_models_py3.py:23238: SyntaxWarning: invalid escape sequence '\d'
  """

[2025-10-22T09:11:51.121+0000] {warnings.py:110} WARNING - /home/***/.local/lib/python3.12/site-packages/azure/mgmt/datafactory/models/_models_py3.py:23583: SyntaxWarning: invalid escape sequence '\d'
  """A copy activity Dynamics CRM sink.

[2025-10-22T09:11:51.122+0000] {warnings.py:110} WARNING - /home/***/.local/lib/python3.12/site-packages/azure/mgmt/datafactory/models/_models_py3.py:23655: SyntaxWarning: invalid escape sequence '\d'
  """

[2025-10-22T09:11:51.122+0000] {warnings.py:110} WARNING - /home/***/.local/lib/python3.12/site-packages/azure/mgmt/datafactory/models/_models_py3.py:23704: SyntaxWarning: invalid escape sequence '\d'
  """A copy activity Dynamics CRM source.

[2025-10-22T09:11:51.123+0000] {warnings.py:110} WARNING - /home/***/.local/lib/python3.12/site-packages/azure/mgmt/datafactory/models/_models_py3.py:23760: SyntaxWarning: invalid escape sequence '\d'
  """

[2025-10-22T09:11:51.125+0000] {warnings.py:110} WARNING - /home/***/.local/lib/python3.12/site-packages/azure/mgmt/datafactory/models/_models_py3.py:24101: SyntaxWarning: invalid escape sequence '\d'
  """A copy activity Dynamics sink.

[2025-10-22T09:11:51.125+0000] {warnings.py:110} WARNING - /home/***/.local/lib/python3.12/site-packages/azure/mgmt/datafactory/models/_models_py3.py:24173: SyntaxWarning: invalid escape sequence '\d'
  """

[2025-10-22T09:11:51.126+0000] {warnings.py:110} WARNING - /home/***/.local/lib/python3.12/site-packages/azure/mgmt/datafactory/models/_models_py3.py:24222: SyntaxWarning: invalid escape sequence '\d'
  """A copy activity Dynamics source.

[2025-10-22T09:11:51.127+0000] {warnings.py:110} WARNING - /home/***/.local/lib/python3.12/site-packages/azure/mgmt/datafactory/models/_models_py3.py:24278: SyntaxWarning: invalid escape sequence '\d'
  """

[2025-10-22T09:11:51.128+0000] {warnings.py:110} WARNING - /home/***/.local/lib/python3.12/site-packages/azure/mgmt/datafactory/models/_models_py3.py:24547: SyntaxWarning: invalid escape sequence '\d'
  """A copy activity Eloqua server source.

[2025-10-22T09:11:51.129+0000] {warnings.py:110} WARNING - /home/***/.local/lib/python3.12/site-packages/azure/mgmt/datafactory/models/_models_py3.py:24608: SyntaxWarning: invalid escape sequence '\d'
  """

[2025-10-22T09:11:51.130+0000] {warnings.py:110} WARNING - /home/***/.local/lib/python3.12/site-packages/azure/mgmt/datafactory/models/_models_py3.py:24935: SyntaxWarning: invalid escape sequence '\d'
  """A copy activity excel source.

[2025-10-22T09:11:51.132+0000] {warnings.py:110} WARNING - /home/***/.local/lib/python3.12/site-packages/azure/mgmt/datafactory/models/_models_py3.py:24990: SyntaxWarning: invalid escape sequence '\d'
  """

[2025-10-22T09:11:51.138+0000] {warnings.py:110} WARNING - /home/***/.local/lib/python3.12/site-packages/azure/mgmt/datafactory/models/_models_py3.py:27415: SyntaxWarning: invalid escape sequence '\d'
  """A copy activity file system sink.

[2025-10-22T09:11:51.139+0000] {warnings.py:110} WARNING - /home/***/.local/lib/python3.12/site-packages/azure/mgmt/datafactory/models/_models_py3.py:27475: SyntaxWarning: invalid escape sequence '\d'
  """

[2025-10-22T09:11:51.139+0000] {warnings.py:110} WARNING - /home/***/.local/lib/python3.12/site-packages/azure/mgmt/datafactory/models/_models_py3.py:27515: SyntaxWarning: invalid escape sequence '\d'
  """A copy activity file system source.

[2025-10-22T09:11:51.140+0000] {warnings.py:110} WARNING - /home/***/.local/lib/python3.12/site-packages/azure/mgmt/datafactory/models/_models_py3.py:27571: SyntaxWarning: invalid escape sequence '\d'
  """

[2025-10-22T09:11:51.145+0000] {warnings.py:110} WARNING - /home/***/.local/lib/python3.12/site-packages/azure/mgmt/datafactory/models/_models_py3.py:28982: SyntaxWarning: invalid escape sequence '\d'
  """A copy activity Google AdWords service source.

[2025-10-22T09:11:51.146+0000] {warnings.py:110} WARNING - /home/***/.local/lib/python3.12/site-packages/azure/mgmt/datafactory/models/_models_py3.py:29043: SyntaxWarning: invalid escape sequence '\d'
  """

[2025-10-22T09:11:51.148+0000] {warnings.py:110} WARNING - /home/***/.local/lib/python3.12/site-packages/azure/mgmt/datafactory/models/_models_py3.py:29397: SyntaxWarning: invalid escape sequence '\d'
  """A copy activity Google BigQuery service source.

[2025-10-22T09:11:51.149+0000] {warnings.py:110} WARNING - /home/***/.local/lib/python3.12/site-packages/azure/mgmt/datafactory/models/_models_py3.py:29458: SyntaxWarning: invalid escape sequence '\d'
  """

[2025-10-22T09:11:51.151+0000] {warnings.py:110} WARNING - /home/***/.local/lib/python3.12/site-packages/azure/mgmt/datafactory/models/_models_py3.py:29746: SyntaxWarning: invalid escape sequence '\d'
  """A copy activity Google BigQuery service source.

[2025-10-22T09:11:51.152+0000] {warnings.py:110} WARNING - /home/***/.local/lib/python3.12/site-packages/azure/mgmt/datafactory/models/_models_py3.py:29807: SyntaxWarning: invalid escape sequence '\d'
  """

[2025-10-22T09:11:51.155+0000] {warnings.py:110} WARNING - /home/***/.local/lib/python3.12/site-packages/azure/mgmt/datafactory/models/_models_py3.py:30352: SyntaxWarning: invalid escape sequence '\d'
  """A copy activity Greenplum Database source.

[2025-10-22T09:11:51.156+0000] {warnings.py:110} WARNING - /home/***/.local/lib/python3.12/site-packages/azure/mgmt/datafactory/models/_models_py3.py:30413: SyntaxWarning: invalid escape sequence '\d'
  """

[2025-10-22T09:11:51.158+0000] {warnings.py:110} WARNING - /home/***/.local/lib/python3.12/site-packages/azure/mgmt/datafactory/models/_models_py3.py:30842: SyntaxWarning: invalid escape sequence '\d'
  """A copy activity HBase server source.

[2025-10-22T09:11:51.159+0000] {warnings.py:110} WARNING - /home/***/.local/lib/python3.12/site-packages/azure/mgmt/datafactory/models/_models_py3.py:30903: SyntaxWarning: invalid escape sequence '\d'
  """

[2025-10-22T09:11:51.161+0000] {warnings.py:110} WARNING - /home/***/.local/lib/python3.12/site-packages/azure/mgmt/datafactory/models/_models_py3.py:31256: SyntaxWarning: invalid escape sequence '\d'
  """A copy activity HDFS source.

[2025-10-22T09:11:51.162+0000] {warnings.py:110} WARNING - /home/***/.local/lib/python3.12/site-packages/azure/mgmt/datafactory/models/_models_py3.py:31311: SyntaxWarning: invalid escape sequence '\d'
  """

[2025-10-22T09:11:51.169+0000] {warnings.py:110} WARNING - /home/***/.local/lib/python3.12/site-packages/azure/mgmt/datafactory/models/_models_py3.py:33045: SyntaxWarning: invalid escape sequence '\d'
  """A copy activity Hive Server source.

[2025-10-22T09:11:51.171+0000] {warnings.py:110} WARNING - /home/***/.local/lib/python3.12/site-packages/azure/mgmt/datafactory/models/_models_py3.py:33106: SyntaxWarning: invalid escape sequence '\d'
  """

[2025-10-22T09:11:51.173+0000] {warnings.py:110} WARNING - /home/***/.local/lib/python3.12/site-packages/azure/mgmt/datafactory/models/_models_py3.py:33623: SyntaxWarning: invalid escape sequence '\d'
  """A copy activity source for an HTTP file.

[2025-10-22T09:11:51.174+0000] {warnings.py:110} WARNING - /home/***/.local/lib/python3.12/site-packages/azure/mgmt/datafactory/models/_models_py3.py:33676: SyntaxWarning: invalid escape sequence '\d'
  """

[2025-10-22T09:11:51.175+0000] {warnings.py:110} WARNING - /home/***/.local/lib/python3.12/site-packages/azure/mgmt/datafactory/models/_models_py3.py:33951: SyntaxWarning: invalid escape sequence '\d'
  """A copy activity Hubspot Service source.

[2025-10-22T09:11:51.176+0000] {warnings.py:110} WARNING - /home/***/.local/lib/python3.12/site-packages/azure/mgmt/datafactory/models/_models_py3.py:34012: SyntaxWarning: invalid escape sequence '\d'
  """

[2025-10-22T09:11:51.177+0000] {warnings.py:110} WARNING - /home/***/.local/lib/python3.12/site-packages/azure/mgmt/datafactory/models/_models_py3.py:34461: SyntaxWarning: invalid escape sequence '\d'
  """A copy activity Impala server source.

[2025-10-22T09:11:51.178+0000] {warnings.py:110} WARNING - /home/***/.local/lib/python3.12/site-packages/azure/mgmt/datafactory/models/_models_py3.py:34522: SyntaxWarning: invalid escape sequence '\d'
  """

[2025-10-22T09:11:51.179+0000] {warnings.py:110} WARNING - /home/***/.local/lib/python3.12/site-packages/azure/mgmt/datafactory/models/_models_py3.py:34687: SyntaxWarning: invalid escape sequence '\d'
  """A copy activity Informix sink.

[2025-10-22T09:11:51.179+0000] {warnings.py:110} WARNING - /home/***/.local/lib/python3.12/site-packages/azure/mgmt/datafactory/models/_models_py3.py:34748: SyntaxWarning: invalid escape sequence '\d'
  """

[2025-10-22T09:11:51.183+0000] {warnings.py:110} WARNING - /home/***/.local/lib/python3.12/site-packages/azure/mgmt/datafactory/models/_models_py3.py:34789: SyntaxWarning: invalid escape sequence '\d'
  """A copy activity source for Informix.

[2025-10-22T09:11:51.184+0000] {warnings.py:110} WARNING - /home/***/.local/lib/python3.12/site-packages/azure/mgmt/datafactory/models/_models_py3.py:34849: SyntaxWarning: invalid escape sequence '\d'
  """

[2025-10-22T09:11:51.447+0000] {warnings.py:110} WARNING - /home/***/.local/lib/python3.12/site-packages/azure/mgmt/datafactory/models/_models_py3.py:36452: SyntaxWarning: invalid escape sequence '\d'
  """A copy activity Jira Service source.

[2025-10-22T09:11:51.448+0000] {warnings.py:110} WARNING - /home/***/.local/lib/python3.12/site-packages/azure/mgmt/datafactory/models/_models_py3.py:36513: SyntaxWarning: invalid escape sequence '\d'
  """

[2025-10-22T09:11:51.452+0000] {warnings.py:110} WARNING - /home/***/.local/lib/python3.12/site-packages/azure/mgmt/datafactory/models/_models_py3.py:36828: SyntaxWarning: invalid escape sequence '\d'
  """A copy activity Json sink.

[2025-10-22T09:11:51.453+0000] {warnings.py:110} WARNING - /home/***/.local/lib/python3.12/site-packages/azure/mgmt/datafactory/models/_models_py3.py:36892: SyntaxWarning: invalid escape sequence '\d'
  """

[2025-10-22T09:11:51.454+0000] {warnings.py:110} WARNING - /home/***/.local/lib/python3.12/site-packages/azure/mgmt/datafactory/models/_models_py3.py:36935: SyntaxWarning: invalid escape sequence '\d'
  """A copy activity Json source.

[2025-10-22T09:11:51.454+0000] {warnings.py:110} WARNING - /home/***/.local/lib/python3.12/site-packages/azure/mgmt/datafactory/models/_models_py3.py:36994: SyntaxWarning: invalid escape sequence '\d'
  """

[2025-10-22T09:11:51.468+0000] {warnings.py:110} WARNING - /home/***/.local/lib/python3.12/site-packages/azure/mgmt/datafactory/models/_models_py3.py:37523: SyntaxWarning: invalid escape sequence '\d'
  """A copy activity for Microsoft Fabric LakeHouse Table sink.

[2025-10-22T09:11:51.469+0000] {warnings.py:110} WARNING - /home/***/.local/lib/python3.12/site-packages/azure/mgmt/datafactory/models/_models_py3.py:37595: SyntaxWarning: invalid escape sequence '\d'
  """

[2025-10-22T09:11:51.469+0000] {warnings.py:110} WARNING - /home/***/.local/lib/python3.12/site-packages/azure/mgmt/datafactory/models/_models_py3.py:37645: SyntaxWarning: invalid escape sequence '\d'
  """A copy activity source for Microsoft Fabric LakeHouse Table.

[2025-10-22T09:11:51.470+0000] {warnings.py:110} WARNING - /home/***/.local/lib/python3.12/site-packages/azure/mgmt/datafactory/models/_models_py3.py:37706: SyntaxWarning: invalid escape sequence '\d'
  """

[2025-10-22T09:11:51.482+0000] {warnings.py:110} WARNING - /home/***/.local/lib/python3.12/site-packages/azure/mgmt/datafactory/models/_models_py3.py:38651: SyntaxWarning: invalid escape sequence '\d'
  """A copy activity Magento server source.

[2025-10-22T09:11:51.483+0000] {warnings.py:110} WARNING - /home/***/.local/lib/python3.12/site-packages/azure/mgmt/datafactory/models/_models_py3.py:38712: SyntaxWarning: invalid escape sequence '\d'
  """

[2025-10-22T09:11:51.492+0000] {warnings.py:110} WARNING - /home/***/.local/lib/python3.12/site-packages/azure/mgmt/datafactory/models/_models_py3.py:40149: SyntaxWarning: invalid escape sequence '\d'
  """A copy activity MariaDB server source.

[2025-10-22T09:11:51.493+0000] {warnings.py:110} WARNING - /home/***/.local/lib/python3.12/site-packages/azure/mgmt/datafactory/models/_models_py3.py:40210: SyntaxWarning: invalid escape sequence '\d'
  """

[2025-10-22T09:11:51.495+0000] {warnings.py:110} WARNING - /home/***/.local/lib/python3.12/site-packages/azure/mgmt/datafactory/models/_models_py3.py:40584: SyntaxWarning: invalid escape sequence '\d'
  """A copy activity Marketo server source.

[2025-10-22T09:11:51.496+0000] {warnings.py:110} WARNING - /home/***/.local/lib/python3.12/site-packages/azure/mgmt/datafactory/models/_models_py3.py:40645: SyntaxWarning: invalid escape sequence '\d'
  """

[2025-10-22T09:11:51.501+0000] {warnings.py:110} WARNING - /home/***/.local/lib/python3.12/site-packages/azure/mgmt/datafactory/models/_models_py3.py:40836: SyntaxWarning: invalid escape sequence '\d'
  """A copy activity Microsoft Access sink.

[2025-10-22T09:11:51.506+0000] {warnings.py:110} WARNING - /home/***/.local/lib/python3.12/site-packages/azure/mgmt/datafactory/models/_models_py3.py:40897: SyntaxWarning: invalid escape sequence '\d'
  """

[2025-10-22T09:11:51.507+0000] {warnings.py:110} WARNING - /home/***/.local/lib/python3.12/site-packages/azure/mgmt/datafactory/models/_models_py3.py:40938: SyntaxWarning: invalid escape sequence '\d'
  """A copy activity source for Microsoft Access.

[2025-10-22T09:11:51.508+0000] {warnings.py:110} WARNING - /home/***/.local/lib/python3.12/site-packages/azure/mgmt/datafactory/models/_models_py3.py:40993: SyntaxWarning: invalid escape sequence '\d'
  """

[2025-10-22T09:11:51.510+0000] {warnings.py:110} WARNING - /home/***/.local/lib/python3.12/site-packages/azure/mgmt/datafactory/models/_models_py3.py:41336: SyntaxWarning: invalid escape sequence '\d'
  """A copy activity MongoDB Atlas sink.

[2025-10-22T09:11:51.510+0000] {warnings.py:110} WARNING - /home/***/.local/lib/python3.12/site-packages/azure/mgmt/datafactory/models/_models_py3.py:41398: SyntaxWarning: invalid escape sequence '\d'
  """

[2025-10-22T09:11:51.511+0000] {warnings.py:110} WARNING - /home/***/.local/lib/python3.12/site-packages/azure/mgmt/datafactory/models/_models_py3.py:41440: SyntaxWarning: invalid escape sequence '\d'
  """A copy activity source for a MongoDB Atlas database.

[2025-10-22T09:11:51.511+0000] {warnings.py:110} WARNING - /home/***/.local/lib/python3.12/site-packages/azure/mgmt/datafactory/models/_models_py3.py:41513: SyntaxWarning: invalid escape sequence '\d'
  """

[2025-10-22T09:11:51.526+0000] {warnings.py:110} WARNING - /home/***/.local/lib/python3.12/site-packages/azure/mgmt/datafactory/models/_models_py3.py:41897: SyntaxWarning: invalid escape sequence '\d'
  """A copy activity source for a MongoDB database.

[2025-10-22T09:11:51.527+0000] {warnings.py:110} WARNING - /home/***/.local/lib/python3.12/site-packages/azure/mgmt/datafactory/models/_models_py3.py:41953: SyntaxWarning: invalid escape sequence '\d'
  """

[2025-10-22T09:11:51.530+0000] {warnings.py:110} WARNING - /home/***/.local/lib/python3.12/site-packages/azure/mgmt/datafactory/models/_models_py3.py:42184: SyntaxWarning: invalid escape sequence '\d'
  """A copy activity MongoDB sink.

[2025-10-22T09:11:51.531+0000] {warnings.py:110} WARNING - /home/***/.local/lib/python3.12/site-packages/azure/mgmt/datafactory/models/_models_py3.py:42246: SyntaxWarning: invalid escape sequence '\d'
  """

[2025-10-22T09:11:51.532+0000] {warnings.py:110} WARNING - /home/***/.local/lib/python3.12/site-packages/azure/mgmt/datafactory/models/_models_py3.py:42288: SyntaxWarning: invalid escape sequence '\d'
  """A copy activity source for a MongoDB database.

[2025-10-22T09:11:51.764+0000] {warnings.py:110} WARNING - /home/***/.local/lib/python3.12/site-packages/azure/mgmt/datafactory/models/_models_py3.py:42361: SyntaxWarning: invalid escape sequence '\d'
  """

[2025-10-22T09:11:51.766+0000] {warnings.py:110} WARNING - /home/***/.local/lib/python3.12/site-packages/azure/mgmt/datafactory/models/_models_py3.py:42561: SyntaxWarning: invalid escape sequence '\d'
  """A copy activity source for MySQL databases.

[2025-10-22T09:11:51.767+0000] {warnings.py:110} WARNING - /home/***/.local/lib/python3.12/site-packages/azure/mgmt/datafactory/models/_models_py3.py:42621: SyntaxWarning: invalid escape sequence '\d'
  """

[2025-10-22T09:11:51.769+0000] {warnings.py:110} WARNING - /home/***/.local/lib/python3.12/site-packages/azure/mgmt/datafactory/models/_models_py3.py:42904: SyntaxWarning: invalid escape sequence '\d'
  """A copy activity Netezza source.

[2025-10-22T09:11:51.770+0000] {warnings.py:110} WARNING - /home/***/.local/lib/python3.12/site-packages/azure/mgmt/datafactory/models/_models_py3.py:42974: SyntaxWarning: invalid escape sequence '\d'
  """

[2025-10-22T09:11:51.773+0000] {warnings.py:110} WARNING - /home/***/.local/lib/python3.12/site-packages/azure/mgmt/datafactory/models/_models_py3.py:43489: SyntaxWarning: invalid escape sequence '\d'
  """A copy activity source for OData source.

[2025-10-22T09:11:51.774+0000] {warnings.py:110} WARNING - /home/***/.local/lib/python3.12/site-packages/azure/mgmt/datafactory/models/_models_py3.py:43552: SyntaxWarning: invalid escape sequence '\d'
  """

[2025-10-22T09:11:51.775+0000] {warnings.py:110} WARNING - /home/***/.local/lib/python3.12/site-packages/azure/mgmt/datafactory/models/_models_py3.py:43717: SyntaxWarning: invalid escape sequence '\d'
  """A copy activity ODBC sink.

[2025-10-22T09:11:51.775+0000] {warnings.py:110} WARNING - /home/***/.local/lib/python3.12/site-packages/azure/mgmt/datafactory/models/_models_py3.py:43778: SyntaxWarning: invalid escape sequence '\d'
  """

[2025-10-22T09:11:51.776+0000] {warnings.py:110} WARNING - /home/***/.local/lib/python3.12/site-packages/azure/mgmt/datafactory/models/_models_py3.py:43819: SyntaxWarning: invalid escape sequence '\d'
  """A copy activity source for ODBC databases.

[2025-10-22T09:11:51.777+0000] {warnings.py:110} WARNING - /home/***/.local/lib/python3.12/site-packages/azure/mgmt/datafactory/models/_models_py3.py:43879: SyntaxWarning: invalid escape sequence '\d'
  """

[2025-10-22T09:11:51.779+0000] {warnings.py:110} WARNING - /home/***/.local/lib/python3.12/site-packages/azure/mgmt/datafactory/models/_models_py3.py:44249: SyntaxWarning: invalid escape sequence '\d'
  """A copy activity source for an Office 365 service.

[2025-10-22T09:11:51.780+0000] {warnings.py:110} WARNING - /home/***/.local/lib/python3.12/site-packages/azure/mgmt/datafactory/models/_models_py3.py:44326: SyntaxWarning: invalid escape sequence '\d'
  """

[2025-10-22T09:11:51.799+0000] {warnings.py:110} WARNING - /home/***/.local/lib/python3.12/site-packages/azure/mgmt/datafactory/models/_models_py3.py:45440: SyntaxWarning: invalid escape sequence '\d'
  """A copy activity Oracle Service Cloud source.

[2025-10-22T09:11:51.800+0000] {warnings.py:110} WARNING - /home/***/.local/lib/python3.12/site-packages/azure/mgmt/datafactory/models/_models_py3.py:45501: SyntaxWarning: invalid escape sequence '\d'
  """

[2025-10-22T09:11:51.800+0000] {warnings.py:110} WARNING - /home/***/.local/lib/python3.12/site-packages/azure/mgmt/datafactory/models/_models_py3.py:45542: SyntaxWarning: invalid escape sequence '\d'
  """A copy activity Oracle sink.

[2025-10-22T09:11:51.801+0000] {warnings.py:110} WARNING - /home/***/.local/lib/python3.12/site-packages/azure/mgmt/datafactory/models/_models_py3.py:45603: SyntaxWarning: invalid escape sequence '\d'
  """

[2025-10-22T09:11:51.802+0000] {warnings.py:110} WARNING - /home/***/.local/lib/python3.12/site-packages/azure/mgmt/datafactory/models/_models_py3.py:45644: SyntaxWarning: invalid escape sequence '\d'
  """A copy activity Oracle source.

[2025-10-22T09:11:51.803+0000] {warnings.py:110} WARNING - /home/***/.local/lib/python3.12/site-packages/azure/mgmt/datafactory/models/_models_py3.py:45714: SyntaxWarning: invalid escape sequence '\d'
  """

[2025-10-22T09:11:51.804+0000] {warnings.py:110} WARNING - /home/***/.local/lib/python3.12/site-packages/azure/mgmt/datafactory/models/_models_py3.py:46046: SyntaxWarning: invalid escape sequence '\d'
  """A copy activity ORC sink.

[2025-10-22T09:11:51.805+0000] {warnings.py:110} WARNING - /home/***/.local/lib/python3.12/site-packages/azure/mgmt/datafactory/models/_models_py3.py:46110: SyntaxWarning: invalid escape sequence '\d'
  """

[2025-10-22T09:11:51.806+0000] {warnings.py:110} WARNING - /home/***/.local/lib/python3.12/site-packages/azure/mgmt/datafactory/models/_models_py3.py:46153: SyntaxWarning: invalid escape sequence '\d'
  """A copy activity ORC source.

[2025-10-22T09:11:51.806+0000] {warnings.py:110} WARNING - /home/***/.local/lib/python3.12/site-packages/azure/mgmt/datafactory/models/_models_py3.py:46208: SyntaxWarning: invalid escape sequence '\d'
  """

[2025-10-22T09:11:51.808+0000] {warnings.py:110} WARNING - /home/***/.local/lib/python3.12/site-packages/azure/mgmt/datafactory/models/_models_py3.py:46593: SyntaxWarning: invalid escape sequence '\d'
  """A copy activity Parquet sink.

[2025-10-22T09:11:51.809+0000] {warnings.py:110} WARNING - /home/***/.local/lib/python3.12/site-packages/azure/mgmt/datafactory/models/_models_py3.py:46657: SyntaxWarning: invalid escape sequence '\d'
  """

[2025-10-22T09:11:51.809+0000] {warnings.py:110} WARNING - /home/***/.local/lib/python3.12/site-packages/azure/mgmt/datafactory/models/_models_py3.py:46700: SyntaxWarning: invalid escape sequence '\d'
  """A copy activity Parquet source.

[2025-10-22T09:11:51.810+0000] {warnings.py:110} WARNING - /home/***/.local/lib/python3.12/site-packages/azure/mgmt/datafactory/models/_models_py3.py:46759: SyntaxWarning: invalid escape sequence '\d'
  """

[2025-10-22T09:11:51.811+0000] {warnings.py:110} WARNING - /home/***/.local/lib/python3.12/site-packages/azure/mgmt/datafactory/models/_models_py3.py:47084: SyntaxWarning: invalid escape sequence '\d'
  """A copy activity Paypal Service source.

[2025-10-22T09:11:51.811+0000] {warnings.py:110} WARNING - /home/***/.local/lib/python3.12/site-packages/azure/mgmt/datafactory/models/_models_py3.py:47145: SyntaxWarning: invalid escape sequence '\d'
  """

[2025-10-22T09:11:51.814+0000] {warnings.py:110} WARNING - /home/***/.local/lib/python3.12/site-packages/azure/mgmt/datafactory/models/_models_py3.py:47487: SyntaxWarning: invalid escape sequence '\d'
  """A copy activity Phoenix server source.

[2025-10-22T09:11:51.814+0000] {warnings.py:110} WARNING - /home/***/.local/lib/python3.12/site-packages/azure/mgmt/datafactory/models/_models_py3.py:47548: SyntaxWarning: invalid escape sequence '\d'
  """

[2025-10-22T09:11:51.817+0000] {warnings.py:110} WARNING - /home/***/.local/lib/python3.12/site-packages/azure/mgmt/datafactory/models/_models_py3.py:48236: SyntaxWarning: invalid escape sequence '\d'
  """A copy activity source for PostgreSQL databases.

[2025-10-22T09:11:51.817+0000] {warnings.py:110} WARNING - /home/***/.local/lib/python3.12/site-packages/azure/mgmt/datafactory/models/_models_py3.py:48296: SyntaxWarning: invalid escape sequence '\d'
  """

[2025-10-22T09:11:51.818+0000] {warnings.py:110} WARNING - /home/***/.local/lib/python3.12/site-packages/azure/mgmt/datafactory/models/_models_py3.py:48684: SyntaxWarning: invalid escape sequence '\d'
  """A copy activity source for PostgreSQL databases.

[2025-10-22T09:11:51.819+0000] {warnings.py:110} WARNING - /home/***/.local/lib/python3.12/site-packages/azure/mgmt/datafactory/models/_models_py3.py:48744: SyntaxWarning: invalid escape sequence '\d'
  """

[2025-10-22T09:11:51.821+0000] {warnings.py:110} WARNING - /home/***/.local/lib/python3.12/site-packages/azure/mgmt/datafactory/models/_models_py3.py:49395: SyntaxWarning: invalid escape sequence '\d'
  """A copy activity Presto server source.

[2025-10-22T09:11:51.821+0000] {warnings.py:110} WARNING - /home/***/.local/lib/python3.12/site-packages/azure/mgmt/datafactory/models/_models_py3.py:49456: SyntaxWarning: invalid escape sequence '\d'
  """

[2025-10-22T09:11:51.824+0000] {warnings.py:110} WARNING - /home/***/.local/lib/python3.12/site-packages/azure/mgmt/datafactory/models/_models_py3.py:50201: SyntaxWarning: invalid escape sequence '\d'
  """A copy activity QuickBooks server source.

[2025-10-22T09:11:51.824+0000] {warnings.py:110} WARNING - /home/***/.local/lib/python3.12/site-packages/azure/mgmt/datafactory/models/_models_py3.py:50262: SyntaxWarning: invalid escape sequence '\d'
  """

[2025-10-22T09:11:51.826+0000] {warnings.py:110} WARNING - /home/***/.local/lib/python3.12/site-packages/azure/mgmt/datafactory/models/_models_py3.py:50507: SyntaxWarning: invalid escape sequence '\d'
  """A copy activity source for various relational databases.

[2025-10-22T09:11:51.826+0000] {warnings.py:110} WARNING - /home/***/.local/lib/python3.12/site-packages/azure/mgmt/datafactory/models/_models_py3.py:50562: SyntaxWarning: invalid escape sequence '\d'
  """

[2025-10-22T09:11:51.828+0000] {warnings.py:110} WARNING - /home/***/.local/lib/python3.12/site-packages/azure/mgmt/datafactory/models/_models_py3.py:51081: SyntaxWarning: invalid escape sequence '\d'
  """A copy activity Responsys source.

[2025-10-22T09:11:51.829+0000] {warnings.py:110} WARNING - /home/***/.local/lib/python3.12/site-packages/azure/mgmt/datafactory/models/_models_py3.py:51142: SyntaxWarning: invalid escape sequence '\d'
  """

[2025-10-22T09:11:51.836+0000] {warnings.py:110} WARNING - /home/***/.local/lib/python3.12/site-packages/azure/mgmt/datafactory/models/_models_py3.py:51557: SyntaxWarning: invalid escape sequence '\d'
  """A copy activity Rest service Sink.

[2025-10-22T09:11:51.838+0000] {warnings.py:110} WARNING - /home/***/.local/lib/python3.12/site-packages/azure/mgmt/datafactory/models/_models_py3.py:51640: SyntaxWarning: invalid escape sequence '\d'
  """

[2025-10-22T09:11:51.839+0000] {warnings.py:110} WARNING - /home/***/.local/lib/python3.12/site-packages/azure/mgmt/datafactory/models/_models_py3.py:51699: SyntaxWarning: invalid escape sequence '\d'
  """A copy activity Rest service source.

[2025-10-22T09:11:51.840+0000] {warnings.py:110} WARNING - /home/***/.local/lib/python3.12/site-packages/azure/mgmt/datafactory/models/_models_py3.py:51781: SyntaxWarning: invalid escape sequence '\d'
  """

[2025-10-22T09:11:51.842+0000] {warnings.py:110} WARNING - /home/***/.local/lib/python3.12/site-packages/azure/mgmt/datafactory/models/_models_py3.py:52404: SyntaxWarning: invalid escape sequence '\d'
  """A copy activity Salesforce Marketing Cloud source.

[2025-10-22T09:11:51.843+0000] {warnings.py:110} WARNING - /home/***/.local/lib/python3.12/site-packages/azure/mgmt/datafactory/models/_models_py3.py:52465: SyntaxWarning: invalid escape sequence '\d'
  """

[2025-10-22T09:11:51.844+0000] {warnings.py:110} WARNING - /home/***/.local/lib/python3.12/site-packages/azure/mgmt/datafactory/models/_models_py3.py:52844: SyntaxWarning: invalid escape sequence '\d'
  """A copy activity Salesforce Service Cloud sink.

[2025-10-22T09:11:51.845+0000] {warnings.py:110} WARNING - /home/***/.local/lib/python3.12/site-packages/azure/mgmt/datafactory/models/_models_py3.py:52919: SyntaxWarning: invalid escape sequence '\d'
  """

[2025-10-22T09:11:51.845+0000] {warnings.py:110} WARNING - /home/***/.local/lib/python3.12/site-packages/azure/mgmt/datafactory/models/_models_py3.py:52973: SyntaxWarning: invalid escape sequence '\d'
  """A copy activity Salesforce Service Cloud source.

[2025-10-22T09:11:51.846+0000] {warnings.py:110} WARNING - /home/***/.local/lib/python3.12/site-packages/azure/mgmt/datafactory/models/_models_py3.py:53033: SyntaxWarning: invalid escape sequence '\d'
  """

[2025-10-22T09:11:51.847+0000] {warnings.py:110} WARNING - /home/***/.local/lib/python3.12/site-packages/azure/mgmt/datafactory/models/_models_py3.py:53309: SyntaxWarning: invalid escape sequence '\d'
  """A copy activity Salesforce Service Cloud V2 sink.

[2025-10-22T09:11:51.847+0000] {warnings.py:110} WARNING - /home/***/.local/lib/python3.12/site-packages/azure/mgmt/datafactory/models/_models_py3.py:53384: SyntaxWarning: invalid escape sequence '\d'
  """

[2025-10-22T09:11:51.848+0000] {warnings.py:110} WARNING - /home/***/.local/lib/python3.12/site-packages/azure/mgmt/datafactory/models/_models_py3.py:53438: SyntaxWarning: invalid escape sequence '\d'
  """A copy activity Salesforce Service Cloud V2 source.

[2025-10-22T09:11:51.848+0000] {warnings.py:110} WARNING - /home/***/.local/lib/python3.12/site-packages/azure/mgmt/datafactory/models/_models_py3.py:53498: SyntaxWarning: invalid escape sequence '\d'
  """

[2025-10-22T09:11:51.849+0000] {warnings.py:110} WARNING - /home/***/.local/lib/python3.12/site-packages/azure/mgmt/datafactory/models/_models_py3.py:53538: SyntaxWarning: invalid escape sequence '\d'
  """A copy activity Salesforce sink.

[2025-10-22T09:11:51.849+0000] {warnings.py:110} WARNING - /home/***/.local/lib/python3.12/site-packages/azure/mgmt/datafactory/models/_models_py3.py:53613: SyntaxWarning: invalid escape sequence '\d'
  """

[2025-10-22T09:11:51.850+0000] {warnings.py:110} WARNING - /home/***/.local/lib/python3.12/site-packages/azure/mgmt/datafactory/models/_models_py3.py:53667: SyntaxWarning: invalid escape sequence '\d'
  """A copy activity Salesforce source.

[2025-10-22T09:11:51.851+0000] {warnings.py:110} WARNING - /home/***/.local/lib/python3.12/site-packages/azure/mgmt/datafactory/models/_models_py3.py:53732: SyntaxWarning: invalid escape sequence '\d'
  """

[2025-10-22T09:11:51.852+0000] {warnings.py:110} WARNING - /home/***/.local/lib/python3.12/site-packages/azure/mgmt/datafactory/models/_models_py3.py:54012: SyntaxWarning: invalid escape sequence '\d'
  """A copy activity Salesforce V2 sink.

[2025-10-22T09:11:51.852+0000] {warnings.py:110} WARNING - /home/***/.local/lib/python3.12/site-packages/azure/mgmt/datafactory/models/_models_py3.py:54087: SyntaxWarning: invalid escape sequence '\d'
  """

[2025-10-22T09:11:51.853+0000] {warnings.py:110} WARNING - /home/***/.local/lib/python3.12/site-packages/azure/mgmt/datafactory/models/_models_py3.py:54141: SyntaxWarning: invalid escape sequence '\d'
  """A copy activity Salesforce V2 source.

[2025-10-22T09:11:51.853+0000] {warnings.py:110} WARNING - /home/***/.local/lib/python3.12/site-packages/azure/mgmt/datafactory/models/_models_py3.py:54206: SyntaxWarning: invalid escape sequence '\d'
  """

[2025-10-22T09:11:51.854+0000] {warnings.py:110} WARNING - /home/***/.local/lib/python3.12/site-packages/azure/mgmt/datafactory/models/_models_py3.py:54467: SyntaxWarning: invalid escape sequence '\d'
  """A copy activity source for SapBW server via MDX.

[2025-10-22T09:11:51.855+0000] {warnings.py:110} WARNING - /home/***/.local/lib/python3.12/site-packages/azure/mgmt/datafactory/models/_models_py3.py:54527: SyntaxWarning: invalid escape sequence '\d'
  """

[2025-10-22T09:11:51.858+0000] {warnings.py:110} WARNING - /home/***/.local/lib/python3.12/site-packages/azure/mgmt/datafactory/models/_models_py3.py:54778: SyntaxWarning: invalid escape sequence '\d'
  """A copy activity SAP Cloud for Customer sink.

[2025-10-22T09:11:51.868+0000] {warnings.py:110} WARNING - /home/***/.local/lib/python3.12/site-packages/azure/mgmt/datafactory/models/_models_py3.py:54847: SyntaxWarning: invalid escape sequence '\d'
  """

[2025-10-22T09:11:51.869+0000] {warnings.py:110} WARNING - /home/***/.local/lib/python3.12/site-packages/azure/mgmt/datafactory/models/_models_py3.py:54895: SyntaxWarning: invalid escape sequence '\d'
  """A copy activity source for SAP Cloud for Customer source.

[2025-10-22T09:11:51.871+0000] {warnings.py:110} WARNING - /home/***/.local/lib/python3.12/site-packages/azure/mgmt/datafactory/models/_models_py3.py:54963: SyntaxWarning: invalid escape sequence '\d'
  """

[2025-10-22T09:11:51.921+0000] {warnings.py:110} WARNING - /home/***/.local/lib/python3.12/site-packages/azure/mgmt/datafactory/models/_models_py3.py:55221: SyntaxWarning: invalid escape sequence '\d'
  """A copy activity source for SAP ECC source.

[2025-10-22T09:11:51.934+0000] {warnings.py:110} WARNING - /home/***/.local/lib/python3.12/site-packages/azure/mgmt/datafactory/models/_models_py3.py:55289: SyntaxWarning: invalid escape sequence '\d'
  """

[2025-10-22T09:11:51.955+0000] {warnings.py:110} WARNING - /home/***/.local/lib/python3.12/site-packages/azure/mgmt/datafactory/models/_models_py3.py:55477: SyntaxWarning: invalid escape sequence '\d'
  """A copy activity source for SAP HANA source.

[2025-10-22T09:11:51.961+0000] {warnings.py:110} WARNING - /home/***/.local/lib/python3.12/site-packages/azure/mgmt/datafactory/models/_models_py3.py:55551: SyntaxWarning: invalid escape sequence '\d'
  """

[2025-10-22T09:11:51.968+0000] {warnings.py:110} WARNING - /home/***/.local/lib/python3.12/site-packages/azure/mgmt/datafactory/models/_models_py3.py:56061: SyntaxWarning: invalid escape sequence '\d'
  """A copy activity source for SAP ODP source.

[2025-10-22T09:11:51.970+0000] {warnings.py:110} WARNING - /home/***/.local/lib/python3.12/site-packages/azure/mgmt/datafactory/models/_models_py3.py:56137: SyntaxWarning: invalid escape sequence '\d'
  """

[2025-10-22T09:11:51.975+0000] {warnings.py:110} WARNING - /home/***/.local/lib/python3.12/site-packages/azure/mgmt/datafactory/models/_models_py3.py:56359: SyntaxWarning: invalid escape sequence '\d'
  """A copy activity source for SAP Business Warehouse Open Hub Destination source.

[2025-10-22T09:11:51.977+0000] {warnings.py:110} WARNING - /home/***/.local/lib/python3.12/site-packages/azure/mgmt/datafactory/models/_models_py3.py:56437: SyntaxWarning: invalid escape sequence '\d'
  """

[2025-10-22T09:11:51.981+0000] {warnings.py:110} WARNING - /home/***/.local/lib/python3.12/site-packages/azure/mgmt/datafactory/models/_models_py3.py:56993: SyntaxWarning: invalid escape sequence '\d'
  """A copy activity source for SAP Table source.

[2025-10-22T09:11:51.982+0000] {warnings.py:110} WARNING - /home/***/.local/lib/python3.12/site-packages/azure/mgmt/datafactory/models/_models_py3.py:57096: SyntaxWarning: invalid escape sequence '\d'
  """

[2025-10-22T09:11:51.985+0000] {warnings.py:110} WARNING - /home/***/.local/lib/python3.12/site-packages/azure/mgmt/datafactory/models/_models_py3.py:57363: SyntaxWarning: invalid escape sequence '\d'
  """Script activity type.

[2025-10-22T09:11:51.986+0000] {warnings.py:110} WARNING - /home/***/.local/lib/python3.12/site-packages/azure/mgmt/datafactory/models/_models_py3.py:57439: SyntaxWarning: invalid escape sequence '\d'
  """

[2025-10-22T09:11:51.996+0000] {warnings.py:110} WARNING - /home/***/.local/lib/python3.12/site-packages/azure/mgmt/datafactory/models/_models_py3.py:58350: SyntaxWarning: invalid escape sequence '\d'
  """A copy activity ServiceNow server source.

[2025-10-22T09:11:51.997+0000] {warnings.py:110} WARNING - /home/***/.local/lib/python3.12/site-packages/azure/mgmt/datafactory/models/_models_py3.py:58411: SyntaxWarning: invalid escape sequence '\d'
  """

[2025-10-22T09:11:51.999+0000] {warnings.py:110} WARNING - /home/***/.local/lib/python3.12/site-packages/azure/mgmt/datafactory/models/_models_py3.py:58691: SyntaxWarning: invalid escape sequence '\d'
  """A copy activity ServiceNowV2 server source.

[2025-10-22T09:11:52.000+0000] {warnings.py:110} WARNING - /home/***/.local/lib/python3.12/site-packages/azure/mgmt/datafactory/models/_models_py3.py:58751: SyntaxWarning: invalid escape sequence '\d'
  """

[2025-10-22T09:11:52.004+0000] {warnings.py:110} WARNING - /home/***/.local/lib/python3.12/site-packages/azure/mgmt/datafactory/models/_models_py3.py:59673: SyntaxWarning: invalid escape sequence '\d'
  """A copy activity source for sharePoint online list source.

[2025-10-22T09:11:52.005+0000] {warnings.py:110} WARNING - /home/***/.local/lib/python3.12/site-packages/azure/mgmt/datafactory/models/_models_py3.py:59730: SyntaxWarning: invalid escape sequence '\d'
  """

[2025-10-22T09:11:52.008+0000] {warnings.py:110} WARNING - /home/***/.local/lib/python3.12/site-packages/azure/mgmt/datafactory/models/_models_py3.py:59992: SyntaxWarning: invalid escape sequence '\d'
  """A copy activity Shopify Service source.

[2025-10-22T09:11:52.009+0000] {warnings.py:110} WARNING - /home/***/.local/lib/python3.12/site-packages/azure/mgmt/datafactory/models/_models_py3.py:60053: SyntaxWarning: invalid escape sequence '\d'
  """

[2025-10-22T09:11:52.033+0000] {warnings.py:110} WARNING - /home/***/.local/lib/python3.12/site-packages/azure/mgmt/datafactory/models/_models_py3.py:60540: SyntaxWarning: invalid escape sequence '\d'
  """A copy activity snowflake sink.

[2025-10-22T09:11:52.034+0000] {warnings.py:110} WARNING - /home/***/.local/lib/python3.12/site-packages/azure/mgmt/datafactory/models/_models_py3.py:60605: SyntaxWarning: invalid escape sequence '\d'
  """

[2025-10-22T09:11:52.036+0000] {warnings.py:110} WARNING - /home/***/.local/lib/python3.12/site-packages/azure/mgmt/datafactory/models/_models_py3.py:60649: SyntaxWarning: invalid escape sequence '\d'
  """A copy activity snowflake source.

[2025-10-22T09:11:52.037+0000] {warnings.py:110} WARNING - /home/***/.local/lib/python3.12/site-packages/azure/mgmt/datafactory/models/_models_py3.py:60704: SyntaxWarning: invalid escape sequence '\d'
  """

[2025-10-22T09:11:52.064+0000] {warnings.py:110} WARNING - /home/***/.local/lib/python3.12/site-packages/azure/mgmt/datafactory/models/_models_py3.py:61030: SyntaxWarning: invalid escape sequence '\d'
  """A copy activity snowflake sink.

[2025-10-22T09:11:52.066+0000] {warnings.py:110} WARNING - /home/***/.local/lib/python3.12/site-packages/azure/mgmt/datafactory/models/_models_py3.py:61095: SyntaxWarning: invalid escape sequence '\d'
  """

[2025-10-22T09:11:52.067+0000] {warnings.py:110} WARNING - /home/***/.local/lib/python3.12/site-packages/azure/mgmt/datafactory/models/_models_py3.py:61139: SyntaxWarning: invalid escape sequence '\d'
  """A copy activity snowflake source.

[2025-10-22T09:11:52.069+0000] {warnings.py:110} WARNING - /home/***/.local/lib/python3.12/site-packages/azure/mgmt/datafactory/models/_models_py3.py:61194: SyntaxWarning: invalid escape sequence '\d'
  """

[2025-10-22T09:11:52.085+0000] {warnings.py:110} WARNING - /home/***/.local/lib/python3.12/site-packages/azure/mgmt/datafactory/models/_models_py3.py:61582: SyntaxWarning: invalid escape sequence '\d'
  """A copy activity Spark Server source.

[2025-10-22T09:11:52.085+0000] {warnings.py:110} WARNING - /home/***/.local/lib/python3.12/site-packages/azure/mgmt/datafactory/models/_models_py3.py:61643: SyntaxWarning: invalid escape sequence '\d'
  """

[2025-10-22T09:11:52.086+0000] {warnings.py:110} WARNING - /home/***/.local/lib/python3.12/site-packages/azure/mgmt/datafactory/models/_models_py3.py:61746: SyntaxWarning: invalid escape sequence '\d'
  """A copy activity SQL Data Warehouse sink.

[2025-10-22T09:11:52.089+0000] {warnings.py:110} WARNING - /home/***/.local/lib/python3.12/site-packages/azure/mgmt/datafactory/models/_models_py3.py:61845: SyntaxWarning: invalid escape sequence '\d'
  """

[2025-10-22T09:11:52.090+0000] {warnings.py:110} WARNING - /home/***/.local/lib/python3.12/site-packages/azure/mgmt/datafactory/models/_models_py3.py:61916: SyntaxWarning: invalid escape sequence '\d'
  """A copy activity SQL Data Warehouse source.

[2025-10-22T09:11:52.100+0000] {warnings.py:110} WARNING - /home/***/.local/lib/python3.12/site-packages/azure/mgmt/datafactory/models/_models_py3.py:62005: SyntaxWarning: invalid escape sequence '\d'
  """

[2025-10-22T09:11:52.101+0000] {warnings.py:110} WARNING - /home/***/.local/lib/python3.12/site-packages/azure/mgmt/datafactory/models/_models_py3.py:62101: SyntaxWarning: invalid escape sequence '\d'
  """A copy activity Azure SQL Managed Instance sink.

[2025-10-22T09:11:52.102+0000] {warnings.py:110} WARNING - /home/***/.local/lib/python3.12/site-packages/azure/mgmt/datafactory/models/_models_py3.py:62203: SyntaxWarning: invalid escape sequence '\d'
  """

[2025-10-22T09:11:52.102+0000] {warnings.py:110} WARNING - /home/***/.local/lib/python3.12/site-packages/azure/mgmt/datafactory/models/_models_py3.py:62274: SyntaxWarning: invalid escape sequence '\d'
  """A copy activity Azure SQL Managed Instance source.

[2025-10-22T09:11:52.103+0000] {warnings.py:110} WARNING - /home/***/.local/lib/python3.12/site-packages/azure/mgmt/datafactory/models/_models_py3.py:62365: SyntaxWarning: invalid escape sequence '\d'
  """

[2025-10-22T09:11:52.125+0000] {warnings.py:110} WARNING - /home/***/.local/lib/python3.12/site-packages/azure/mgmt/datafactory/models/_models_py3.py:62601: SyntaxWarning: invalid escape sequence '\d'
  """A copy activity SQL server sink.

[2025-10-22T09:11:52.159+0000] {warnings.py:110} WARNING - /home/***/.local/lib/python3.12/site-packages/azure/mgmt/datafactory/models/_models_py3.py:62703: SyntaxWarning: invalid escape sequence '\d'
  """

[2025-10-22T09:11:52.159+0000] {warnings.py:110} WARNING - /home/***/.local/lib/python3.12/site-packages/azure/mgmt/datafactory/models/_models_py3.py:62774: SyntaxWarning: invalid escape sequence '\d'
  """A copy activity SQL server source.

[2025-10-22T09:11:52.179+0000] {warnings.py:110} WARNING - /home/***/.local/lib/python3.12/site-packages/azure/mgmt/datafactory/models/_models_py3.py:62865: SyntaxWarning: invalid escape sequence '\d'
  """

[2025-10-22T09:11:52.180+0000] {warnings.py:110} WARNING - /home/***/.local/lib/python3.12/site-packages/azure/mgmt/datafactory/models/_models_py3.py:63174: SyntaxWarning: invalid escape sequence '\d'
  """A copy activity SQL sink.

[2025-10-22T09:11:52.181+0000] {warnings.py:110} WARNING - /home/***/.local/lib/python3.12/site-packages/azure/mgmt/datafactory/models/_models_py3.py:63276: SyntaxWarning: invalid escape sequence '\d'
  """

[2025-10-22T09:11:52.181+0000] {warnings.py:110} WARNING - /home/***/.local/lib/python3.12/site-packages/azure/mgmt/datafactory/models/_models_py3.py:63347: SyntaxWarning: invalid escape sequence '\d'
  """A copy activity SQL source.

[2025-10-22T09:11:52.182+0000] {warnings.py:110} WARNING - /home/***/.local/lib/python3.12/site-packages/azure/mgmt/datafactory/models/_models_py3.py:63434: SyntaxWarning: invalid escape sequence '\d'
  """

[2025-10-22T09:11:52.183+0000] {warnings.py:110} WARNING - /home/***/.local/lib/python3.12/site-packages/azure/mgmt/datafactory/models/_models_py3.py:63788: SyntaxWarning: invalid escape sequence '\d'
  """A copy activity Square Service source.

[2025-10-22T09:11:52.184+0000] {warnings.py:110} WARNING - /home/***/.local/lib/python3.12/site-packages/azure/mgmt/datafactory/models/_models_py3.py:63849: SyntaxWarning: invalid escape sequence '\d'
  """

[2025-10-22T09:11:52.185+0000] {warnings.py:110} WARNING - /home/***/.local/lib/python3.12/site-packages/azure/mgmt/datafactory/models/_models_py3.py:64279: SyntaxWarning: invalid escape sequence '\d'
  """SSIS package execution log location.

[2025-10-22T09:11:52.185+0000] {warnings.py:110} WARNING - /home/***/.local/lib/python3.12/site-packages/azure/mgmt/datafactory/models/_models_py3.py:64317: SyntaxWarning: invalid escape sequence '\d'
  """

[2025-10-22T09:11:52.188+0000] {warnings.py:110} WARNING - /home/***/.local/lib/python3.12/site-packages/azure/mgmt/datafactory/models/_models_py3.py:65239: SyntaxWarning: invalid escape sequence '\d'
  """A copy activity source for Sybase databases.

[2025-10-22T09:11:52.188+0000] {warnings.py:110} WARNING - /home/***/.local/lib/python3.12/site-packages/azure/mgmt/datafactory/models/_models_py3.py:65299: SyntaxWarning: invalid escape sequence '\d'
  """

[2025-10-22T09:11:52.209+0000] {warnings.py:110} WARNING - /home/***/.local/lib/python3.12/site-packages/azure/mgmt/datafactory/models/_models_py3.py:66466: SyntaxWarning: invalid escape sequence '\d'
  """A copy activity Teradata source.

[2025-10-22T09:11:52.215+0000] {warnings.py:110} WARNING - /home/***/.local/lib/python3.12/site-packages/azure/mgmt/datafactory/models/_models_py3.py:66535: SyntaxWarning: invalid escape sequence '\d'
  """

[2025-10-22T09:11:52.242+0000] {warnings.py:110} WARNING - /home/***/.local/lib/python3.12/site-packages/azure/mgmt/datafactory/models/_models_py3.py:67218: SyntaxWarning: invalid escape sequence '\d'
  """Trigger that schedules pipeline runs for all fixed time interval windows from a start time

[2025-10-22T09:11:52.243+0000] {warnings.py:110} WARNING - /home/***/.local/lib/python3.12/site-packages/azure/mgmt/datafactory/models/_models_py3.py:67310: SyntaxWarning: invalid escape sequence '\d'
  """

[2025-10-22T09:11:52.247+0000] {warnings.py:110} WARNING - /home/***/.local/lib/python3.12/site-packages/azure/mgmt/datafactory/models/_models_py3.py:67578: SyntaxWarning: invalid escape sequence '\d'
  """This activity executes inner activities until the specified boolean expression results to true

[2025-10-22T09:11:52.248+0000] {warnings.py:110} WARNING - /home/***/.local/lib/python3.12/site-packages/azure/mgmt/datafactory/models/_models_py3.py:67651: SyntaxWarning: invalid escape sequence '\d'
  """

[2025-10-22T09:11:52.252+0000] {warnings.py:110} WARNING - /home/***/.local/lib/python3.12/site-packages/azure/mgmt/datafactory/models/_models_py3.py:67857: SyntaxWarning: invalid escape sequence '\d'
  """This activity verifies that an external resource exists.

[2025-10-22T09:11:52.253+0000] {warnings.py:110} WARNING - /home/***/.local/lib/python3.12/site-packages/azure/mgmt/datafactory/models/_models_py3.py:67939: SyntaxWarning: invalid escape sequence '\d'
  """

[2025-10-22T09:11:52.254+0000] {warnings.py:110} WARNING - /home/***/.local/lib/python3.12/site-packages/azure/mgmt/datafactory/models/_models_py3.py:68121: SyntaxWarning: invalid escape sequence '\d'
  """A copy activity Vertica source.

[2025-10-22T09:11:52.254+0000] {warnings.py:110} WARNING - /home/***/.local/lib/python3.12/site-packages/azure/mgmt/datafactory/models/_models_py3.py:68182: SyntaxWarning: invalid escape sequence '\d'
  """

[2025-10-22T09:11:52.258+0000] {warnings.py:110} WARNING - /home/***/.local/lib/python3.12/site-packages/azure/mgmt/datafactory/models/_models_py3.py:68601: SyntaxWarning: invalid escape sequence '\d'
  """A copy activity Microsoft Fabric Warehouse sink.

[2025-10-22T09:11:52.259+0000] {warnings.py:110} WARNING - /home/***/.local/lib/python3.12/site-packages/azure/mgmt/datafactory/models/_models_py3.py:68682: SyntaxWarning: invalid escape sequence '\d'
  """

[2025-10-22T09:11:52.260+0000] {warnings.py:110} WARNING - /home/***/.local/lib/python3.12/site-packages/azure/mgmt/datafactory/models/_models_py3.py:68739: SyntaxWarning: invalid escape sequence '\d'
  """A copy activity Microsoft Fabric Warehouse source.

[2025-10-22T09:11:52.260+0000] {warnings.py:110} WARNING - /home/***/.local/lib/python3.12/site-packages/azure/mgmt/datafactory/models/_models_py3.py:68828: SyntaxWarning: invalid escape sequence '\d'
  """

[2025-10-22T09:11:52.301+0000] {warnings.py:110} WARNING - /home/***/.local/lib/python3.12/site-packages/azure/mgmt/datafactory/models/_models_py3.py:69459: SyntaxWarning: invalid escape sequence '\d'
  """WebHook activity.

[2025-10-22T09:11:52.302+0000] {warnings.py:110} WARNING - /home/***/.local/lib/python3.12/site-packages/azure/mgmt/datafactory/models/_models_py3.py:69556: SyntaxWarning: invalid escape sequence '\d'
  """

[2025-10-22T09:11:52.311+0000] {warnings.py:110} WARNING - /home/***/.local/lib/python3.12/site-packages/azure/mgmt/datafactory/models/_models_py3.py:69698: SyntaxWarning: invalid escape sequence '\d'
  """A copy activity source for web page table.

[2025-10-22T09:11:52.314+0000] {warnings.py:110} WARNING - /home/***/.local/lib/python3.12/site-packages/azure/mgmt/datafactory/models/_models_py3.py:69749: SyntaxWarning: invalid escape sequence '\d'
  """

[2025-10-22T09:11:52.322+0000] {warnings.py:110} WARNING - /home/***/.local/lib/python3.12/site-packages/azure/mgmt/datafactory/models/_models_py3.py:70207: SyntaxWarning: invalid escape sequence '\d'
  """A copy activity Xero Service source.

[2025-10-22T09:11:52.323+0000] {warnings.py:110} WARNING - /home/***/.local/lib/python3.12/site-packages/azure/mgmt/datafactory/models/_models_py3.py:70268: SyntaxWarning: invalid escape sequence '\d'
  """

[2025-10-22T09:11:52.324+0000] {warnings.py:110} WARNING - /home/***/.local/lib/python3.12/site-packages/azure/mgmt/datafactory/models/_models_py3.py:70524: SyntaxWarning: invalid escape sequence '\d'
  """A copy activity Xml source.

[2025-10-22T09:11:52.325+0000] {warnings.py:110} WARNING - /home/***/.local/lib/python3.12/site-packages/azure/mgmt/datafactory/models/_models_py3.py:70583: SyntaxWarning: invalid escape sequence '\d'
  """

[2025-10-22T09:11:52.334+0000] {warnings.py:110} WARNING - /home/***/.local/lib/python3.12/site-packages/azure/mgmt/datafactory/models/_models_py3.py:71016: SyntaxWarning: invalid escape sequence '\d'
  """A copy activity Zoho server source.

[2025-10-22T09:11:52.335+0000] {warnings.py:110} WARNING - /home/***/.local/lib/python3.12/site-packages/azure/mgmt/datafactory/models/_models_py3.py:71077: SyntaxWarning: invalid escape sequence '\d'
  """

[2025-10-22T09:11:53.140+0000] {warnings.py:110} WARNING - /home/***/.local/lib/python3.12/site-packages/azure/synapse/artifacts/models/_models_py3.py:175: SyntaxWarning: invalid escape sequence '\d'
  """Execution policy for an activity.

[2025-10-22T09:11:53.143+0000] {warnings.py:110} WARNING - /home/***/.local/lib/python3.12/site-packages/azure/synapse/artifacts/models/_models_py3.py:222: SyntaxWarning: invalid escape sequence '\d'
  """

[2025-10-22T09:11:53.148+0000] {warnings.py:110} WARNING - /home/***/.local/lib/python3.12/site-packages/azure/synapse/artifacts/models/_models_py3.py:1130: SyntaxWarning: invalid escape sequence '\d'
  """A copy activity source.

[2025-10-22T09:11:53.150+0000] {warnings.py:110} WARNING - /home/***/.local/lib/python3.12/site-packages/azure/synapse/artifacts/models/_models_py3.py:1223: SyntaxWarning: invalid escape sequence '\d'
  """

[2025-10-22T09:11:53.153+0000] {warnings.py:110} WARNING - /home/***/.local/lib/python3.12/site-packages/azure/synapse/artifacts/models/_models_py3.py:1246: SyntaxWarning: invalid escape sequence '\d'
  """Copy activity sources of tabular type.

[2025-10-22T09:11:53.155+0000] {warnings.py:110} WARNING - /home/***/.local/lib/python3.12/site-packages/azure/synapse/artifacts/models/_models_py3.py:1374: SyntaxWarning: invalid escape sequence '\d'
  """

[2025-10-22T09:11:53.157+0000] {warnings.py:110} WARNING - /home/***/.local/lib/python3.12/site-packages/azure/synapse/artifacts/models/_models_py3.py:1407: SyntaxWarning: invalid escape sequence '\d'
  """A copy activity Amazon Marketplace Web Service source.

[2025-10-22T09:11:53.158+0000] {warnings.py:110} WARNING - /home/***/.local/lib/python3.12/site-packages/azure/synapse/artifacts/models/_models_py3.py:1463: SyntaxWarning: invalid escape sequence '\d'
  """

[2025-10-22T09:11:53.159+0000] {warnings.py:110} WARNING - /home/***/.local/lib/python3.12/site-packages/azure/synapse/artifacts/models/_models_py3.py:1651: SyntaxWarning: invalid escape sequence '\d'
  """A copy activity AmazonRdsForOracle source.

[2025-10-22T09:11:53.160+0000] {warnings.py:110} WARNING - /home/***/.local/lib/python3.12/site-packages/azure/synapse/artifacts/models/_models_py3.py:1718: SyntaxWarning: invalid escape sequence '\d'
  """

[2025-10-22T09:11:53.161+0000] {warnings.py:110} WARNING - /home/***/.local/lib/python3.12/site-packages/azure/synapse/artifacts/models/_models_py3.py:1993: SyntaxWarning: invalid escape sequence '\d'
  """A copy activity Amazon RDS for SQL Server source.

[2025-10-22T09:11:53.162+0000] {warnings.py:110} WARNING - /home/***/.local/lib/python3.12/site-packages/azure/synapse/artifacts/models/_models_py3.py:2078: SyntaxWarning: invalid escape sequence '\d'
  """

[2025-10-22T09:11:53.163+0000] {warnings.py:110} WARNING - /home/***/.local/lib/python3.12/site-packages/azure/synapse/artifacts/models/_models_py3.py:2375: SyntaxWarning: invalid escape sequence '\d'
  """A copy activity source for Amazon Redshift Source.

[2025-10-22T09:11:53.164+0000] {warnings.py:110} WARNING - /home/***/.local/lib/python3.12/site-packages/azure/synapse/artifacts/models/_models_py3.py:2436: SyntaxWarning: invalid escape sequence '\d'
  """

[2025-10-22T09:11:53.169+0000] {warnings.py:110} WARNING - /home/***/.local/lib/python3.12/site-packages/azure/synapse/artifacts/models/_models_py3.py:3953: SyntaxWarning: invalid escape sequence '\d'
  """A copy activity sink.

[2025-10-22T09:11:53.170+0000] {warnings.py:110} WARNING - /home/***/.local/lib/python3.12/site-packages/azure/synapse/artifacts/models/_models_py3.py:4056: SyntaxWarning: invalid escape sequence '\d'
  """

[2025-10-22T09:11:53.171+0000] {warnings.py:110} WARNING - /home/***/.local/lib/python3.12/site-packages/azure/synapse/artifacts/models/_models_py3.py:4087: SyntaxWarning: invalid escape sequence '\d'
  """A copy activity Avro sink.

[2025-10-22T09:11:53.172+0000] {warnings.py:110} WARNING - /home/***/.local/lib/python3.12/site-packages/azure/synapse/artifacts/models/_models_py3.py:4146: SyntaxWarning: invalid escape sequence '\d'
  """

[2025-10-22T09:11:53.173+0000] {warnings.py:110} WARNING - /home/***/.local/lib/python3.12/site-packages/azure/synapse/artifacts/models/_models_py3.py:4185: SyntaxWarning: invalid escape sequence '\d'
  """A copy activity Avro source.

[2025-10-22T09:11:53.175+0000] {warnings.py:110} WARNING - /home/***/.local/lib/python3.12/site-packages/azure/synapse/artifacts/models/_models_py3.py:4235: SyntaxWarning: invalid escape sequence '\d'
  """

[2025-10-22T09:11:53.178+0000] {warnings.py:110} WARNING - /home/***/.local/lib/python3.12/site-packages/azure/synapse/artifacts/models/_models_py3.py:5169: SyntaxWarning: invalid escape sequence '\d'
  """A copy activity Azure Data Lake Storage Gen2 sink.

[2025-10-22T09:11:53.179+0000] {warnings.py:110} WARNING - /home/***/.local/lib/python3.12/site-packages/azure/synapse/artifacts/models/_models_py3.py:5225: SyntaxWarning: invalid escape sequence '\d'
  """

[2025-10-22T09:11:53.179+0000] {warnings.py:110} WARNING - /home/***/.local/lib/python3.12/site-packages/azure/synapse/artifacts/models/_models_py3.py:5262: SyntaxWarning: invalid escape sequence '\d'
  """A copy activity Azure BlobFS source.

[2025-10-22T09:11:53.181+0000] {warnings.py:110} WARNING - /home/***/.local/lib/python3.12/site-packages/azure/synapse/artifacts/models/_models_py3.py:5318: SyntaxWarning: invalid escape sequence '\d'
  """

[2025-10-22T09:11:53.183+0000] {warnings.py:110} WARNING - /home/***/.local/lib/python3.12/site-packages/azure/synapse/artifacts/models/_models_py3.py:6368: SyntaxWarning: invalid escape sequence '\d'
  """A copy activity Azure Databricks Delta Lake sink.

[2025-10-22T09:11:53.184+0000] {warnings.py:110} WARNING - /home/***/.local/lib/python3.12/site-packages/azure/synapse/artifacts/models/_models_py3.py:6428: SyntaxWarning: invalid escape sequence '\d'
  """

[2025-10-22T09:11:53.184+0000] {warnings.py:110} WARNING - /home/***/.local/lib/python3.12/site-packages/azure/synapse/artifacts/models/_models_py3.py:6469: SyntaxWarning: invalid escape sequence '\d'
  """A copy activity Azure Databricks Delta Lake source.

[2025-10-22T09:11:53.185+0000] {warnings.py:110} WARNING - /home/***/.local/lib/python3.12/site-packages/azure/synapse/artifacts/models/_models_py3.py:6519: SyntaxWarning: invalid escape sequence '\d'
  """

[2025-10-22T09:11:53.186+0000] {warnings.py:110} WARNING - /home/***/.local/lib/python3.12/site-packages/azure/synapse/artifacts/models/_models_py3.py:6954: SyntaxWarning: invalid escape sequence '\d'
  """Azure Data Explorer command activity.

[2025-10-22T09:11:53.186+0000] {warnings.py:110} WARNING - /home/***/.local/lib/python3.12/site-packages/azure/synapse/artifacts/models/_models_py3.py:7027: SyntaxWarning: invalid escape sequence '\d'
  """

[2025-10-22T09:11:53.187+0000] {warnings.py:110} WARNING - /home/***/.local/lib/python3.12/site-packages/azure/synapse/artifacts/models/_models_py3.py:7198: SyntaxWarning: invalid escape sequence '\d'
  """A copy activity Azure Data Explorer sink.

[2025-10-22T09:11:53.187+0000] {warnings.py:110} WARNING - /home/***/.local/lib/python3.12/site-packages/azure/synapse/artifacts/models/_models_py3.py:7264: SyntaxWarning: invalid escape sequence '\d'
  """

[2025-10-22T09:11:53.188+0000] {warnings.py:110} WARNING - /home/***/.local/lib/python3.12/site-packages/azure/synapse/artifacts/models/_models_py3.py:7309: SyntaxWarning: invalid escape sequence '\d'
  """A copy activity Azure Data Explorer (Kusto) source.

[2025-10-22T09:11:53.188+0000] {warnings.py:110} WARNING - /home/***/.local/lib/python3.12/site-packages/azure/synapse/artifacts/models/_models_py3.py:7371: SyntaxWarning: invalid escape sequence '\d'
  """

[2025-10-22T09:11:53.190+0000] {warnings.py:110} WARNING - /home/***/.local/lib/python3.12/site-packages/azure/synapse/artifacts/models/_models_py3.py:8153: SyntaxWarning: invalid escape sequence '\d'
  """A copy activity Azure Data Lake Store sink.

[2025-10-22T09:11:53.190+0000] {warnings.py:110} WARNING - /home/***/.local/lib/python3.12/site-packages/azure/synapse/artifacts/models/_models_py3.py:8213: SyntaxWarning: invalid escape sequence '\d'
  """

[2025-10-22T09:11:53.190+0000] {warnings.py:110} WARNING - /home/***/.local/lib/python3.12/site-packages/azure/synapse/artifacts/models/_models_py3.py:8253: SyntaxWarning: invalid escape sequence '\d'
  """A copy activity Azure Data Lake source.

[2025-10-22T09:11:53.191+0000] {warnings.py:110} WARNING - /home/***/.local/lib/python3.12/site-packages/azure/synapse/artifacts/models/_models_py3.py:8299: SyntaxWarning: invalid escape sequence '\d'
  """

[2025-10-22T09:11:53.193+0000] {warnings.py:110} WARNING - /home/***/.local/lib/python3.12/site-packages/azure/synapse/artifacts/models/_models_py3.py:9388: SyntaxWarning: invalid escape sequence '\d'
  """A copy activity Azure MariaDB source.

[2025-10-22T09:11:53.193+0000] {warnings.py:110} WARNING - /home/***/.local/lib/python3.12/site-packages/azure/synapse/artifacts/models/_models_py3.py:9444: SyntaxWarning: invalid escape sequence '\d'
  """

[2025-10-22T09:11:53.195+0000] {warnings.py:110} WARNING - /home/***/.local/lib/python3.12/site-packages/azure/synapse/artifacts/models/_models_py3.py:10445: SyntaxWarning: invalid escape sequence '\d'
  """A copy activity Azure MySql sink.

[2025-10-22T09:11:53.196+0000] {warnings.py:110} WARNING - /home/***/.local/lib/python3.12/site-packages/azure/synapse/artifacts/models/_models_py3.py:10501: SyntaxWarning: invalid escape sequence '\d'
  """

[2025-10-22T09:11:53.196+0000] {warnings.py:110} WARNING - /home/***/.local/lib/python3.12/site-packages/azure/synapse/artifacts/models/_models_py3.py:10538: SyntaxWarning: invalid escape sequence '\d'
  """A copy activity Azure MySQL source.

[2025-10-22T09:11:53.197+0000] {warnings.py:110} WARNING - /home/***/.local/lib/python3.12/site-packages/azure/synapse/artifacts/models/_models_py3.py:10593: SyntaxWarning: invalid escape sequence '\d'
  """

[2025-10-22T09:11:53.210+0000] {warnings.py:110} WARNING - /home/***/.local/lib/python3.12/site-packages/azure/synapse/artifacts/models/_models_py3.py:10836: SyntaxWarning: invalid escape sequence '\d'
  """A copy activity Azure PostgreSQL sink.

[2025-10-22T09:11:53.211+0000] {warnings.py:110} WARNING - /home/***/.local/lib/python3.12/site-packages/azure/synapse/artifacts/models/_models_py3.py:10892: SyntaxWarning: invalid escape sequence '\d'
  """

[2025-10-22T09:11:53.211+0000] {warnings.py:110} WARNING - /home/***/.local/lib/python3.12/site-packages/azure/synapse/artifacts/models/_models_py3.py:10929: SyntaxWarning: invalid escape sequence '\d'
  """A copy activity Azure PostgreSQL source.

[2025-10-22T09:11:53.214+0000] {warnings.py:110} WARNING - /home/***/.local/lib/python3.12/site-packages/azure/synapse/artifacts/models/_models_py3.py:10985: SyntaxWarning: invalid escape sequence '\d'
  """

[2025-10-22T09:11:53.215+0000] {warnings.py:110} WARNING - /home/***/.local/lib/python3.12/site-packages/azure/synapse/artifacts/models/_models_py3.py:11144: SyntaxWarning: invalid escape sequence '\d'
  """A copy activity Azure Queue sink.

[2025-10-22T09:11:53.216+0000] {warnings.py:110} WARNING - /home/***/.local/lib/python3.12/site-packages/azure/synapse/artifacts/models/_models_py3.py:11195: SyntaxWarning: invalid escape sequence '\d'
  """

[2025-10-22T09:11:53.217+0000] {warnings.py:110} WARNING - /home/***/.local/lib/python3.12/site-packages/azure/synapse/artifacts/models/_models_py3.py:11333: SyntaxWarning: invalid escape sequence '\d'
  """A copy activity Azure Search Index sink.

[2025-10-22T09:11:53.217+0000] {warnings.py:110} WARNING - /home/***/.local/lib/python3.12/site-packages/azure/synapse/artifacts/models/_models_py3.py:11390: SyntaxWarning: invalid escape sequence '\d'
  """

[2025-10-22T09:11:53.221+0000] {warnings.py:110} WARNING - /home/***/.local/lib/python3.12/site-packages/azure/synapse/artifacts/models/_models_py3.py:12213: SyntaxWarning: invalid escape sequence '\d'
  """A copy activity Azure SQL sink.

[2025-10-22T09:11:53.224+0000] {warnings.py:110} WARNING - /home/***/.local/lib/python3.12/site-packages/azure/synapse/artifacts/models/_models_py3.py:12296: SyntaxWarning: invalid escape sequence '\d'
  """

[2025-10-22T09:11:53.224+0000] {warnings.py:110} WARNING - /home/***/.local/lib/python3.12/site-packages/azure/synapse/artifacts/models/_models_py3.py:12352: SyntaxWarning: invalid escape sequence '\d'
  """A copy activity Azure SQL source.

[2025-10-22T09:11:53.225+0000] {warnings.py:110} WARNING - /home/***/.local/lib/python3.12/site-packages/azure/synapse/artifacts/models/_models_py3.py:12437: SyntaxWarning: invalid escape sequence '\d'
  """

[2025-10-22T09:11:53.251+0000] {warnings.py:110} WARNING - /home/***/.local/lib/python3.12/site-packages/azure/synapse/artifacts/models/_models_py3.py:12932: SyntaxWarning: invalid escape sequence '\d'
  """A copy activity Azure Table sink.

[2025-10-22T09:11:53.252+0000] {warnings.py:110} WARNING - /home/***/.local/lib/python3.12/site-packages/azure/synapse/artifacts/models/_models_py3.py:13003: SyntaxWarning: invalid escape sequence '\d'
  """

[2025-10-22T09:11:53.252+0000] {warnings.py:110} WARNING - /home/***/.local/lib/python3.12/site-packages/azure/synapse/artifacts/models/_models_py3.py:13052: SyntaxWarning: invalid escape sequence '\d'
  """A copy activity Azure Table source.

[2025-10-22T09:11:53.253+0000] {warnings.py:110} WARNING - /home/***/.local/lib/python3.12/site-packages/azure/synapse/artifacts/models/_models_py3.py:13113: SyntaxWarning: invalid escape sequence '\d'
  """

[2025-10-22T09:11:53.259+0000] {warnings.py:110} WARNING - /home/***/.local/lib/python3.12/site-packages/azure/synapse/artifacts/models/_models_py3.py:13797: SyntaxWarning: invalid escape sequence '\d'
  """A copy activity Binary sink.

[2025-10-22T09:11:53.260+0000] {warnings.py:110} WARNING - /home/***/.local/lib/python3.12/site-packages/azure/synapse/artifacts/models/_models_py3.py:13852: SyntaxWarning: invalid escape sequence '\d'
  """

[2025-10-22T09:11:53.260+0000] {warnings.py:110} WARNING - /home/***/.local/lib/python3.12/site-packages/azure/synapse/artifacts/models/_models_py3.py:13888: SyntaxWarning: invalid escape sequence '\d'
  """A copy activity Binary source.

[2025-10-22T09:11:53.261+0000] {warnings.py:110} WARNING - /home/***/.local/lib/python3.12/site-packages/azure/synapse/artifacts/models/_models_py3.py:13937: SyntaxWarning: invalid escape sequence '\d'
  """

[2025-10-22T09:11:53.261+0000] {warnings.py:110} WARNING - /home/***/.local/lib/python3.12/site-packages/azure/synapse/artifacts/models/_models_py3.py:14229: SyntaxWarning: invalid escape sequence '\d'
  """A copy activity Azure Blob sink.

[2025-10-22T09:11:53.262+0000] {warnings.py:110} WARNING - /home/***/.local/lib/python3.12/site-packages/azure/synapse/artifacts/models/_models_py3.py:14299: SyntaxWarning: invalid escape sequence '\d'
  """

[2025-10-22T09:11:53.262+0000] {warnings.py:110} WARNING - /home/***/.local/lib/python3.12/site-packages/azure/synapse/artifacts/models/_models_py3.py:14347: SyntaxWarning: invalid escape sequence '\d'
  """A copy activity Azure Blob source.

[2025-10-22T09:11:53.262+0000] {warnings.py:110} WARNING - /home/***/.local/lib/python3.12/site-packages/azure/synapse/artifacts/models/_models_py3.py:14403: SyntaxWarning: invalid escape sequence '\d'
  """

[2025-10-22T09:11:53.263+0000] {warnings.py:110} WARNING - /home/***/.local/lib/python3.12/site-packages/azure/synapse/artifacts/models/_models_py3.py:14655: SyntaxWarning: invalid escape sequence '\d'
  """A copy activity source for a Cassandra database.

[2025-10-22T09:11:53.263+0000] {warnings.py:110} WARNING - /home/***/.local/lib/python3.12/site-packages/azure/synapse/artifacts/models/_models_py3.py:14721: SyntaxWarning: invalid escape sequence '\d'
  """

[2025-10-22T09:11:53.265+0000] {warnings.py:110} WARNING - /home/***/.local/lib/python3.12/site-packages/azure/synapse/artifacts/models/_models_py3.py:15326: SyntaxWarning: invalid escape sequence '\d'
  """A copy activity Common Data Service for Apps sink.

[2025-10-22T09:11:53.265+0000] {warnings.py:110} WARNING - /home/***/.local/lib/python3.12/site-packages/azure/synapse/artifacts/models/_models_py3.py:15393: SyntaxWarning: invalid escape sequence '\d'
  """

[2025-10-22T09:11:53.265+0000] {warnings.py:110} WARNING - /home/***/.local/lib/python3.12/site-packages/azure/synapse/artifacts/models/_models_py3.py:15438: SyntaxWarning: invalid escape sequence '\d'
  """A copy activity Common Data Service for Apps source.

[2025-10-22T09:11:53.266+0000] {warnings.py:110} WARNING - /home/***/.local/lib/python3.12/site-packages/azure/synapse/artifacts/models/_models_py3.py:15489: SyntaxWarning: invalid escape sequence '\d'
  """

[2025-10-22T09:11:53.266+0000] {warnings.py:110} WARNING - /home/***/.local/lib/python3.12/site-packages/azure/synapse/artifacts/models/_models_py3.py:15808: SyntaxWarning: invalid escape sequence '\d'
  """A copy activity Concur Service source.

[2025-10-22T09:11:53.267+0000] {warnings.py:110} WARNING - /home/***/.local/lib/python3.12/site-packages/azure/synapse/artifacts/models/_models_py3.py:15864: SyntaxWarning: invalid escape sequence '\d'
  """

[2025-10-22T09:11:53.268+0000] {warnings.py:110} WARNING - /home/***/.local/lib/python3.12/site-packages/azure/synapse/artifacts/models/_models_py3.py:16528: SyntaxWarning: invalid escape sequence '\d'
  """A copy activity sink for a CosmosDB (MongoDB API) database.

[2025-10-22T09:11:53.268+0000] {warnings.py:110} WARNING - /home/***/.local/lib/python3.12/site-packages/azure/synapse/artifacts/models/_models_py3.py:16585: SyntaxWarning: invalid escape sequence '\d'
  """

[2025-10-22T09:11:53.269+0000] {warnings.py:110} WARNING - /home/***/.local/lib/python3.12/site-packages/azure/synapse/artifacts/models/_models_py3.py:16623: SyntaxWarning: invalid escape sequence '\d'
  """A copy activity source for a CosmosDB (MongoDB API) database.

[2025-10-22T09:11:53.269+0000] {warnings.py:110} WARNING - /home/***/.local/lib/python3.12/site-packages/azure/synapse/artifacts/models/_models_py3.py:16691: SyntaxWarning: invalid escape sequence '\d'
  """

[2025-10-22T09:11:53.270+0000] {warnings.py:110} WARNING - /home/***/.local/lib/python3.12/site-packages/azure/synapse/artifacts/models/_models_py3.py:16843: SyntaxWarning: invalid escape sequence '\d'
  """A copy activity Azure CosmosDB (SQL API) Collection sink.

[2025-10-22T09:11:53.270+0000] {warnings.py:110} WARNING - /home/***/.local/lib/python3.12/site-packages/azure/synapse/artifacts/models/_models_py3.py:16899: SyntaxWarning: invalid escape sequence '\d'
  """

[2025-10-22T09:11:53.270+0000] {warnings.py:110} WARNING - /home/***/.local/lib/python3.12/site-packages/azure/synapse/artifacts/models/_models_py3.py:16936: SyntaxWarning: invalid escape sequence '\d'
  """A copy activity Azure CosmosDB (SQL API) Collection source.

[2025-10-22T09:11:53.271+0000] {warnings.py:110} WARNING - /home/***/.local/lib/python3.12/site-packages/azure/synapse/artifacts/models/_models_py3.py:17001: SyntaxWarning: invalid escape sequence '\d'
  """

[2025-10-22T09:11:53.271+0000] {warnings.py:110} WARNING - /home/***/.local/lib/python3.12/site-packages/azure/synapse/artifacts/models/_models_py3.py:17139: SyntaxWarning: invalid escape sequence '\d'
  """A copy activity Couchbase server source.

[2025-10-22T09:11:53.272+0000] {warnings.py:110} WARNING - /home/***/.local/lib/python3.12/site-packages/azure/synapse/artifacts/models/_models_py3.py:17195: SyntaxWarning: invalid escape sequence '\d'
  """

[2025-10-22T09:11:53.275+0000] {warnings.py:110} WARNING - /home/***/.local/lib/python3.12/site-packages/azure/synapse/artifacts/models/_models_py3.py:20145: SyntaxWarning: invalid escape sequence '\d'
  """A copy activity source for Db2 databases.

[2025-10-22T09:11:53.276+0000] {warnings.py:110} WARNING - /home/***/.local/lib/python3.12/site-packages/azure/synapse/artifacts/models/_models_py3.py:20200: SyntaxWarning: invalid escape sequence '\d'
  """

[2025-10-22T09:11:53.277+0000] {warnings.py:110} WARNING - /home/***/.local/lib/python3.12/site-packages/azure/synapse/artifacts/models/_models_py3.py:20773: SyntaxWarning: invalid escape sequence '\d'
  """A copy activity DelimitedText sink.

[2025-10-22T09:11:53.277+0000] {warnings.py:110} WARNING - /home/***/.local/lib/python3.12/site-packages/azure/synapse/artifacts/models/_models_py3.py:20832: SyntaxWarning: invalid escape sequence '\d'
  """

[2025-10-22T09:11:53.278+0000] {warnings.py:110} WARNING - /home/***/.local/lib/python3.12/site-packages/azure/synapse/artifacts/models/_models_py3.py:20871: SyntaxWarning: invalid escape sequence '\d'
  """A copy activity DelimitedText source.

[2025-10-22T09:11:53.278+0000] {warnings.py:110} WARNING - /home/***/.local/lib/python3.12/site-packages/azure/synapse/artifacts/models/_models_py3.py:20925: SyntaxWarning: invalid escape sequence '\d'
  """

[2025-10-22T09:11:53.279+0000] {warnings.py:110} WARNING - /home/***/.local/lib/python3.12/site-packages/azure/synapse/artifacts/models/_models_py3.py:21227: SyntaxWarning: invalid escape sequence '\d'
  """A copy activity Document Database Collection sink.

[2025-10-22T09:11:53.285+0000] {warnings.py:110} WARNING - /home/***/.local/lib/python3.12/site-packages/azure/synapse/artifacts/models/_models_py3.py:21288: SyntaxWarning: invalid escape sequence '\d'
  """

[2025-10-22T09:11:53.285+0000] {warnings.py:110} WARNING - /home/***/.local/lib/python3.12/site-packages/azure/synapse/artifacts/models/_models_py3.py:21329: SyntaxWarning: invalid escape sequence '\d'
  """A copy activity Document Database Collection source.

[2025-10-22T09:11:53.285+0000] {warnings.py:110} WARNING - /home/***/.local/lib/python3.12/site-packages/azure/synapse/artifacts/models/_models_py3.py:21389: SyntaxWarning: invalid escape sequence '\d'
  """

[2025-10-22T09:11:53.286+0000] {warnings.py:110} WARNING - /home/***/.local/lib/python3.12/site-packages/azure/synapse/artifacts/models/_models_py3.py:21523: SyntaxWarning: invalid escape sequence '\d'
  """A copy activity Drill server source.

[2025-10-22T09:11:53.286+0000] {warnings.py:110} WARNING - /home/***/.local/lib/python3.12/site-packages/azure/synapse/artifacts/models/_models_py3.py:21579: SyntaxWarning: invalid escape sequence '\d'
  """

[2025-10-22T09:11:53.289+0000] {warnings.py:110} WARNING - /home/***/.local/lib/python3.12/site-packages/azure/synapse/artifacts/models/_models_py3.py:22066: SyntaxWarning: invalid escape sequence '\d'
  """A copy activity Dynamics AX source.

[2025-10-22T09:11:53.290+0000] {warnings.py:110} WARNING - /home/***/.local/lib/python3.12/site-packages/azure/synapse/artifacts/models/_models_py3.py:22129: SyntaxWarning: invalid escape sequence '\d'
  """

[2025-10-22T09:11:53.291+0000] {warnings.py:110} WARNING - /home/***/.local/lib/python3.12/site-packages/azure/synapse/artifacts/models/_models_py3.py:22470: SyntaxWarning: invalid escape sequence '\d'
  """A copy activity Dynamics CRM sink.

[2025-10-22T09:11:53.291+0000] {warnings.py:110} WARNING - /home/***/.local/lib/python3.12/site-packages/azure/synapse/artifacts/models/_models_py3.py:22537: SyntaxWarning: invalid escape sequence '\d'
  """

[2025-10-22T09:11:53.292+0000] {warnings.py:110} WARNING - /home/***/.local/lib/python3.12/site-packages/azure/synapse/artifacts/models/_models_py3.py:22582: SyntaxWarning: invalid escape sequence '\d'
  """A copy activity Dynamics CRM source.

[2025-10-22T09:11:53.292+0000] {warnings.py:110} WARNING - /home/***/.local/lib/python3.12/site-packages/azure/synapse/artifacts/models/_models_py3.py:22633: SyntaxWarning: invalid escape sequence '\d'
  """

[2025-10-22T09:11:53.293+0000] {warnings.py:110} WARNING - /home/***/.local/lib/python3.12/site-packages/azure/synapse/artifacts/models/_models_py3.py:22972: SyntaxWarning: invalid escape sequence '\d'
  """A copy activity Dynamics sink.

[2025-10-22T09:11:53.295+0000] {warnings.py:110} WARNING - /home/***/.local/lib/python3.12/site-packages/azure/synapse/artifacts/models/_models_py3.py:23039: SyntaxWarning: invalid escape sequence '\d'
  """

[2025-10-22T09:11:53.296+0000] {warnings.py:110} WARNING - /home/***/.local/lib/python3.12/site-packages/azure/synapse/artifacts/models/_models_py3.py:23084: SyntaxWarning: invalid escape sequence '\d'
  """A copy activity Dynamics source.

[2025-10-22T09:11:53.297+0000] {warnings.py:110} WARNING - /home/***/.local/lib/python3.12/site-packages/azure/synapse/artifacts/models/_models_py3.py:23135: SyntaxWarning: invalid escape sequence '\d'
  """

[2025-10-22T09:11:53.297+0000] {warnings.py:110} WARNING - /home/***/.local/lib/python3.12/site-packages/azure/synapse/artifacts/models/_models_py3.py:23422: SyntaxWarning: invalid escape sequence '\d'
  """A copy activity Eloqua server source.

[2025-10-22T09:11:53.298+0000] {warnings.py:110} WARNING - /home/***/.local/lib/python3.12/site-packages/azure/synapse/artifacts/models/_models_py3.py:23478: SyntaxWarning: invalid escape sequence '\d'
  """

[2025-10-22T09:11:53.299+0000] {warnings.py:110} WARNING - /home/***/.local/lib/python3.12/site-packages/azure/synapse/artifacts/models/_models_py3.py:23879: SyntaxWarning: invalid escape sequence '\d'
  """A copy activity excel source.

[2025-10-22T09:11:53.299+0000] {warnings.py:110} WARNING - /home/***/.local/lib/python3.12/site-packages/azure/synapse/artifacts/models/_models_py3.py:23929: SyntaxWarning: invalid escape sequence '\d'
  """

[2025-10-22T09:11:53.383+0000] {warnings.py:110} WARNING - /home/***/.local/lib/python3.12/site-packages/azure/synapse/artifacts/models/_models_py3.py:25198: SyntaxWarning: invalid escape sequence '\d'
  """A copy activity file system sink.

[2025-10-22T09:11:53.383+0000] {warnings.py:110} WARNING - /home/***/.local/lib/python3.12/site-packages/azure/synapse/artifacts/models/_models_py3.py:25253: SyntaxWarning: invalid escape sequence '\d'
  """

[2025-10-22T09:11:53.384+0000] {warnings.py:110} WARNING - /home/***/.local/lib/python3.12/site-packages/azure/synapse/artifacts/models/_models_py3.py:25289: SyntaxWarning: invalid escape sequence '\d'
  """A copy activity file system source.

[2025-10-22T09:11:53.384+0000] {warnings.py:110} WARNING - /home/***/.local/lib/python3.12/site-packages/azure/synapse/artifacts/models/_models_py3.py:25340: SyntaxWarning: invalid escape sequence '\d'
  """

[2025-10-22T09:11:53.404+0000] {warnings.py:110} WARNING - /home/***/.local/lib/python3.12/site-packages/azure/synapse/artifacts/models/_models_py3.py:26535: SyntaxWarning: invalid escape sequence '\d'
  """A copy activity Google AdWords service source.

[2025-10-22T09:11:53.406+0000] {warnings.py:110} WARNING - /home/***/.local/lib/python3.12/site-packages/azure/synapse/artifacts/models/_models_py3.py:26591: SyntaxWarning: invalid escape sequence '\d'
  """

[2025-10-22T09:11:53.412+0000] {warnings.py:110} WARNING - /home/***/.local/lib/python3.12/site-packages/azure/synapse/artifacts/models/_models_py3.py:26933: SyntaxWarning: invalid escape sequence '\d'
  """A copy activity Google BigQuery service source.

[2025-10-22T09:11:53.415+0000] {warnings.py:110} WARNING - /home/***/.local/lib/python3.12/site-packages/azure/synapse/artifacts/models/_models_py3.py:26989: SyntaxWarning: invalid escape sequence '\d'
  """

[2025-10-22T09:11:53.421+0000] {warnings.py:110} WARNING - /home/***/.local/lib/python3.12/site-packages/azure/synapse/artifacts/models/_models_py3.py:27525: SyntaxWarning: invalid escape sequence '\d'
  """A copy activity Greenplum Database source.

[2025-10-22T09:11:53.422+0000] {warnings.py:110} WARNING - /home/***/.local/lib/python3.12/site-packages/azure/synapse/artifacts/models/_models_py3.py:27581: SyntaxWarning: invalid escape sequence '\d'
  """

[2025-10-22T09:11:53.424+0000] {warnings.py:110} WARNING - /home/***/.local/lib/python3.12/site-packages/azure/synapse/artifacts/models/_models_py3.py:28008: SyntaxWarning: invalid escape sequence '\d'
  """A copy activity HBase server source.

[2025-10-22T09:11:53.425+0000] {warnings.py:110} WARNING - /home/***/.local/lib/python3.12/site-packages/azure/synapse/artifacts/models/_models_py3.py:28064: SyntaxWarning: invalid escape sequence '\d'
  """

[2025-10-22T09:11:53.426+0000] {warnings.py:110} WARNING - /home/***/.local/lib/python3.12/site-packages/azure/synapse/artifacts/models/_models_py3.py:28404: SyntaxWarning: invalid escape sequence '\d'
  """A copy activity HDFS source.

[2025-10-22T09:11:53.427+0000] {warnings.py:110} WARNING - /home/***/.local/lib/python3.12/site-packages/azure/synapse/artifacts/models/_models_py3.py:28454: SyntaxWarning: invalid escape sequence '\d'
  """

[2025-10-22T09:11:53.432+0000] {warnings.py:110} WARNING - /home/***/.local/lib/python3.12/site-packages/azure/synapse/artifacts/models/_models_py3.py:30199: SyntaxWarning: invalid escape sequence '\d'
  """A copy activity Hive Server source.

[2025-10-22T09:11:53.433+0000] {warnings.py:110} WARNING - /home/***/.local/lib/python3.12/site-packages/azure/synapse/artifacts/models/_models_py3.py:30255: SyntaxWarning: invalid escape sequence '\d'
  """

[2025-10-22T09:11:53.435+0000] {warnings.py:110} WARNING - /home/***/.local/lib/python3.12/site-packages/azure/synapse/artifacts/models/_models_py3.py:30768: SyntaxWarning: invalid escape sequence '\d'
  """A copy activity source for an HTTP file.

[2025-10-22T09:11:53.436+0000] {warnings.py:110} WARNING - /home/***/.local/lib/python3.12/site-packages/azure/synapse/artifacts/models/_models_py3.py:30816: SyntaxWarning: invalid escape sequence '\d'
  """

[2025-10-22T09:11:53.438+0000] {warnings.py:110} WARNING - /home/***/.local/lib/python3.12/site-packages/azure/synapse/artifacts/models/_models_py3.py:31089: SyntaxWarning: invalid escape sequence '\d'
  """A copy activity Hubspot Service source.

[2025-10-22T09:11:53.439+0000] {warnings.py:110} WARNING - /home/***/.local/lib/python3.12/site-packages/azure/synapse/artifacts/models/_models_py3.py:31145: SyntaxWarning: invalid escape sequence '\d'
  """

[2025-10-22T09:11:53.441+0000] {warnings.py:110} WARNING - /home/***/.local/lib/python3.12/site-packages/azure/synapse/artifacts/models/_models_py3.py:31592: SyntaxWarning: invalid escape sequence '\d'
  """A copy activity Impala server source.

[2025-10-22T09:11:53.442+0000] {warnings.py:110} WARNING - /home/***/.local/lib/python3.12/site-packages/azure/synapse/artifacts/models/_models_py3.py:31648: SyntaxWarning: invalid escape sequence '\d'
  """

[2025-10-22T09:11:53.443+0000] {warnings.py:110} WARNING - /home/***/.local/lib/python3.12/site-packages/azure/synapse/artifacts/models/_models_py3.py:31811: SyntaxWarning: invalid escape sequence '\d'
  """A copy activity Informix sink.

[2025-10-22T09:11:53.443+0000] {warnings.py:110} WARNING - /home/***/.local/lib/python3.12/site-packages/azure/synapse/artifacts/models/_models_py3.py:31867: SyntaxWarning: invalid escape sequence '\d'
  """

[2025-10-22T09:11:53.444+0000] {warnings.py:110} WARNING - /home/***/.local/lib/python3.12/site-packages/azure/synapse/artifacts/models/_models_py3.py:31904: SyntaxWarning: invalid escape sequence '\d'
  """A copy activity source for Informix.

[2025-10-22T09:11:53.445+0000] {warnings.py:110} WARNING - /home/***/.local/lib/python3.12/site-packages/azure/synapse/artifacts/models/_models_py3.py:31959: SyntaxWarning: invalid escape sequence '\d'
  """

[2025-10-22T09:11:53.449+0000] {warnings.py:110} WARNING - /home/***/.local/lib/python3.12/site-packages/azure/synapse/artifacts/models/_models_py3.py:32974: SyntaxWarning: invalid escape sequence '\d'
  """A copy activity Jira Service source.

[2025-10-22T09:11:53.449+0000] {warnings.py:110} WARNING - /home/***/.local/lib/python3.12/site-packages/azure/synapse/artifacts/models/_models_py3.py:33030: SyntaxWarning: invalid escape sequence '\d'
  """

[2025-10-22T09:11:53.453+0000] {warnings.py:110} WARNING - /home/***/.local/lib/python3.12/site-packages/azure/synapse/artifacts/models/_models_py3.py:33341: SyntaxWarning: invalid escape sequence '\d'
  """A copy activity Json sink.

[2025-10-22T09:11:53.454+0000] {warnings.py:110} WARNING - /home/***/.local/lib/python3.12/site-packages/azure/synapse/artifacts/models/_models_py3.py:33400: SyntaxWarning: invalid escape sequence '\d'
  """

[2025-10-22T09:11:53.455+0000] {warnings.py:110} WARNING - /home/***/.local/lib/python3.12/site-packages/azure/synapse/artifacts/models/_models_py3.py:33439: SyntaxWarning: invalid escape sequence '\d'
  """A copy activity Json source.

[2025-10-22T09:11:53.455+0000] {warnings.py:110} WARNING - /home/***/.local/lib/python3.12/site-packages/azure/synapse/artifacts/models/_models_py3.py:33493: SyntaxWarning: invalid escape sequence '\d'
  """

[2025-10-22T09:11:53.469+0000] {warnings.py:110} WARNING - /home/***/.local/lib/python3.12/site-packages/azure/synapse/artifacts/models/_models_py3.py:35683: SyntaxWarning: invalid escape sequence '\d'
  """A copy activity Magento server source.

[2025-10-22T09:11:53.470+0000] {warnings.py:110} WARNING - /home/***/.local/lib/python3.12/site-packages/azure/synapse/artifacts/models/_models_py3.py:35739: SyntaxWarning: invalid escape sequence '\d'
  """

[2025-10-22T09:11:53.470+0000] {warnings.py:110} WARNING - /home/***/.local/lib/python3.12/site-packages/azure/synapse/artifacts/models/_models_py3.py:36146: SyntaxWarning: invalid escape sequence '\d'
  """A copy activity MariaDB server source.

[2025-10-22T09:11:53.471+0000] {warnings.py:110} WARNING - /home/***/.local/lib/python3.12/site-packages/azure/synapse/artifacts/models/_models_py3.py:36202: SyntaxWarning: invalid escape sequence '\d'
  """

[2025-10-22T09:11:53.472+0000] {warnings.py:110} WARNING - /home/***/.local/lib/python3.12/site-packages/azure/synapse/artifacts/models/_models_py3.py:36574: SyntaxWarning: invalid escape sequence '\d'
  """A copy activity Marketo server source.

[2025-10-22T09:11:53.472+0000] {warnings.py:110} WARNING - /home/***/.local/lib/python3.12/site-packages/azure/synapse/artifacts/models/_models_py3.py:36630: SyntaxWarning: invalid escape sequence '\d'
  """

[2025-10-22T09:11:53.474+0000] {warnings.py:110} WARNING - /home/***/.local/lib/python3.12/site-packages/azure/synapse/artifacts/models/_models_py3.py:36911: SyntaxWarning: invalid escape sequence '\d'
  """A copy activity Microsoft Access sink.

[2025-10-22T09:11:53.475+0000] {warnings.py:110} WARNING - /home/***/.local/lib/python3.12/site-packages/azure/synapse/artifacts/models/_models_py3.py:36967: SyntaxWarning: invalid escape sequence '\d'
  """

[2025-10-22T09:11:53.475+0000] {warnings.py:110} WARNING - /home/***/.local/lib/python3.12/site-packages/azure/synapse/artifacts/models/_models_py3.py:37004: SyntaxWarning: invalid escape sequence '\d'
  """A copy activity source for Microsoft Access.

[2025-10-22T09:11:53.476+0000] {warnings.py:110} WARNING - /home/***/.local/lib/python3.12/site-packages/azure/synapse/artifacts/models/_models_py3.py:37054: SyntaxWarning: invalid escape sequence '\d'
  """

[2025-10-22T09:11:53.477+0000] {warnings.py:110} WARNING - /home/***/.local/lib/python3.12/site-packages/azure/synapse/artifacts/models/_models_py3.py:37393: SyntaxWarning: invalid escape sequence '\d'
  """A copy activity source for a MongoDB Atlas database.

[2025-10-22T09:11:53.477+0000] {warnings.py:110} WARNING - /home/***/.local/lib/python3.12/site-packages/azure/synapse/artifacts/models/_models_py3.py:37461: SyntaxWarning: invalid escape sequence '\d'
  """

[2025-10-22T09:11:53.479+0000] {warnings.py:110} WARNING - /home/***/.local/lib/python3.12/site-packages/azure/synapse/artifacts/models/_models_py3.py:37844: SyntaxWarning: invalid escape sequence '\d'
  """A copy activity source for a MongoDB database.

[2025-10-22T09:11:53.479+0000] {warnings.py:110} WARNING - /home/***/.local/lib/python3.12/site-packages/azure/synapse/artifacts/models/_models_py3.py:37895: SyntaxWarning: invalid escape sequence '\d'
  """

[2025-10-22T09:11:53.480+0000] {warnings.py:110} WARNING - /home/***/.local/lib/python3.12/site-packages/azure/synapse/artifacts/models/_models_py3.py:38122: SyntaxWarning: invalid escape sequence '\d'
  """A copy activity source for a MongoDB database.

[2025-10-22T09:11:53.481+0000] {warnings.py:110} WARNING - /home/***/.local/lib/python3.12/site-packages/azure/synapse/artifacts/models/_models_py3.py:38190: SyntaxWarning: invalid escape sequence '\d'
  """

[2025-10-22T09:11:53.481+0000] {warnings.py:110} WARNING - /home/***/.local/lib/python3.12/site-packages/azure/synapse/artifacts/models/_models_py3.py:38330: SyntaxWarning: invalid escape sequence '\d'
  """A copy activity source for MySQL databases.

[2025-10-22T09:11:53.482+0000] {warnings.py:110} WARNING - /home/***/.local/lib/python3.12/site-packages/azure/synapse/artifacts/models/_models_py3.py:38385: SyntaxWarning: invalid escape sequence '\d'
  """

[2025-10-22T09:11:53.483+0000] {warnings.py:110} WARNING - /home/***/.local/lib/python3.12/site-packages/azure/synapse/artifacts/models/_models_py3.py:38666: SyntaxWarning: invalid escape sequence '\d'
  """A copy activity Netezza source.

[2025-10-22T09:11:53.483+0000] {warnings.py:110} WARNING - /home/***/.local/lib/python3.12/site-packages/azure/synapse/artifacts/models/_models_py3.py:38731: SyntaxWarning: invalid escape sequence '\d'
  """

[2025-10-22T09:11:53.487+0000] {warnings.py:110} WARNING - /home/***/.local/lib/python3.12/site-packages/azure/synapse/artifacts/models/_models_py3.py:39783: SyntaxWarning: invalid escape sequence '\d'
  """A copy activity source for OData source.

[2025-10-22T09:11:53.488+0000] {warnings.py:110} WARNING - /home/***/.local/lib/python3.12/site-packages/azure/synapse/artifacts/models/_models_py3.py:39841: SyntaxWarning: invalid escape sequence '\d'
  """

[2025-10-22T09:11:53.489+0000] {warnings.py:110} WARNING - /home/***/.local/lib/python3.12/site-packages/azure/synapse/artifacts/models/_models_py3.py:40004: SyntaxWarning: invalid escape sequence '\d'
  """A copy activity ODBC sink.

[2025-10-22T09:11:53.489+0000] {warnings.py:110} WARNING - /home/***/.local/lib/python3.12/site-packages/azure/synapse/artifacts/models/_models_py3.py:40060: SyntaxWarning: invalid escape sequence '\d'
  """

[2025-10-22T09:11:53.490+0000] {warnings.py:110} WARNING - /home/***/.local/lib/python3.12/site-packages/azure/synapse/artifacts/models/_models_py3.py:40097: SyntaxWarning: invalid escape sequence '\d'
  """A copy activity source for ODBC databases.

[2025-10-22T09:11:53.490+0000] {warnings.py:110} WARNING - /home/***/.local/lib/python3.12/site-packages/azure/synapse/artifacts/models/_models_py3.py:40152: SyntaxWarning: invalid escape sequence '\d'
  """

[2025-10-22T09:11:53.491+0000] {warnings.py:110} WARNING - /home/***/.local/lib/python3.12/site-packages/azure/synapse/artifacts/models/_models_py3.py:40520: SyntaxWarning: invalid escape sequence '\d'
  """A copy activity source for an Office 365 service.

[2025-10-22T09:11:53.491+0000] {warnings.py:110} WARNING - /home/***/.local/lib/python3.12/site-packages/azure/synapse/artifacts/models/_models_py3.py:40592: SyntaxWarning: invalid escape sequence '\d'
  """

[2025-10-22T09:11:53.493+0000] {warnings.py:110} WARNING - /home/***/.local/lib/python3.12/site-packages/azure/synapse/artifacts/models/_models_py3.py:41086: SyntaxWarning: invalid escape sequence '\d'
  """A copy activity Oracle Service Cloud source.

[2025-10-22T09:11:53.494+0000] {warnings.py:110} WARNING - /home/***/.local/lib/python3.12/site-packages/azure/synapse/artifacts/models/_models_py3.py:41142: SyntaxWarning: invalid escape sequence '\d'
  """

[2025-10-22T09:11:53.494+0000] {warnings.py:110} WARNING - /home/***/.local/lib/python3.12/site-packages/azure/synapse/artifacts/models/_models_py3.py:41179: SyntaxWarning: invalid escape sequence '\d'
  """A copy activity Oracle sink.

[2025-10-22T09:11:53.495+0000] {warnings.py:110} WARNING - /home/***/.local/lib/python3.12/site-packages/azure/synapse/artifacts/models/_models_py3.py:41235: SyntaxWarning: invalid escape sequence '\d'
  """

[2025-10-22T09:11:53.495+0000] {warnings.py:110} WARNING - /home/***/.local/lib/python3.12/site-packages/azure/synapse/artifacts/models/_models_py3.py:41272: SyntaxWarning: invalid escape sequence '\d'
  """A copy activity Oracle source.

[2025-10-22T09:11:53.496+0000] {warnings.py:110} WARNING - /home/***/.local/lib/python3.12/site-packages/azure/synapse/artifacts/models/_models_py3.py:41337: SyntaxWarning: invalid escape sequence '\d'
  """

[2025-10-22T09:11:53.497+0000] {warnings.py:110} WARNING - /home/***/.local/lib/python3.12/site-packages/azure/synapse/artifacts/models/_models_py3.py:41665: SyntaxWarning: invalid escape sequence '\d'
  """A copy activity ORC sink.

[2025-10-22T09:11:53.498+0000] {warnings.py:110} WARNING - /home/***/.local/lib/python3.12/site-packages/azure/synapse/artifacts/models/_models_py3.py:41724: SyntaxWarning: invalid escape sequence '\d'
  """

[2025-10-22T09:11:53.498+0000] {warnings.py:110} WARNING - /home/***/.local/lib/python3.12/site-packages/azure/synapse/artifacts/models/_models_py3.py:41763: SyntaxWarning: invalid escape sequence '\d'
  """A copy activity ORC source.

[2025-10-22T09:11:53.499+0000] {warnings.py:110} WARNING - /home/***/.local/lib/python3.12/site-packages/azure/synapse/artifacts/models/_models_py3.py:41813: SyntaxWarning: invalid escape sequence '\d'
  """

[2025-10-22T09:11:53.499+0000] {warnings.py:110} WARNING - /home/***/.local/lib/python3.12/site-packages/azure/synapse/artifacts/models/_models_py3.py:42116: SyntaxWarning: invalid escape sequence '\d'
  """A copy activity Parquet sink.

[2025-10-22T09:11:53.500+0000] {warnings.py:110} WARNING - /home/***/.local/lib/python3.12/site-packages/azure/synapse/artifacts/models/_models_py3.py:42175: SyntaxWarning: invalid escape sequence '\d'
  """

[2025-10-22T09:11:53.500+0000] {warnings.py:110} WARNING - /home/***/.local/lib/python3.12/site-packages/azure/synapse/artifacts/models/_models_py3.py:42214: SyntaxWarning: invalid escape sequence '\d'
  """A copy activity Parquet source.

[2025-10-22T09:11:53.501+0000] {warnings.py:110} WARNING - /home/***/.local/lib/python3.12/site-packages/azure/synapse/artifacts/models/_models_py3.py:42264: SyntaxWarning: invalid escape sequence '\d'
  """

[2025-10-22T09:11:53.590+0000] {warnings.py:110} WARNING - /home/***/.local/lib/python3.12/site-packages/azure/synapse/artifacts/models/_models_py3.py:42584: SyntaxWarning: invalid escape sequence '\d'
  """A copy activity Paypal Service source.

[2025-10-22T09:11:53.591+0000] {warnings.py:110} WARNING - /home/***/.local/lib/python3.12/site-packages/azure/synapse/artifacts/models/_models_py3.py:42640: SyntaxWarning: invalid escape sequence '\d'
  """

[2025-10-22T09:11:53.592+0000] {warnings.py:110} WARNING - /home/***/.local/lib/python3.12/site-packages/azure/synapse/artifacts/models/_models_py3.py:42981: SyntaxWarning: invalid escape sequence '\d'
  """A copy activity Phoenix server source.

[2025-10-22T09:11:53.592+0000] {warnings.py:110} WARNING - /home/***/.local/lib/python3.12/site-packages/azure/synapse/artifacts/models/_models_py3.py:43037: SyntaxWarning: invalid escape sequence '\d'
  """

[2025-10-22T09:11:53.594+0000] {warnings.py:110} WARNING - /home/***/.local/lib/python3.12/site-packages/azure/synapse/artifacts/models/_models_py3.py:43598: SyntaxWarning: invalid escape sequence '\d'
  """A copy activity source for PostgreSQL databases.

[2025-10-22T09:11:53.595+0000] {warnings.py:110} WARNING - /home/***/.local/lib/python3.12/site-packages/azure/synapse/artifacts/models/_models_py3.py:43653: SyntaxWarning: invalid escape sequence '\d'
  """

[2025-10-22T09:11:53.597+0000] {warnings.py:110} WARNING - /home/***/.local/lib/python3.12/site-packages/azure/synapse/artifacts/models/_models_py3.py:44205: SyntaxWarning: invalid escape sequence '\d'
  """A copy activity Presto server source.

[2025-10-22T09:11:53.597+0000] {warnings.py:110} WARNING - /home/***/.local/lib/python3.12/site-packages/azure/synapse/artifacts/models/_models_py3.py:44261: SyntaxWarning: invalid escape sequence '\d'
  """

[2025-10-22T09:11:53.775+0000] {warnings.py:110} WARNING - /home/***/.local/lib/python3.12/site-packages/azure/synapse/artifacts/models/_models_py3.py:44865: SyntaxWarning: invalid escape sequence '\d'
  """A copy activity QuickBooks server source.

[2025-10-22T09:11:53.776+0000] {warnings.py:110} WARNING - /home/***/.local/lib/python3.12/site-packages/azure/synapse/artifacts/models/_models_py3.py:44921: SyntaxWarning: invalid escape sequence '\d'
  """

[2025-10-22T09:11:53.777+0000] {warnings.py:110} WARNING - /home/***/.local/lib/python3.12/site-packages/azure/synapse/artifacts/models/_models_py3.py:45163: SyntaxWarning: invalid escape sequence '\d'
  """A copy activity source for various relational databases.

[2025-10-22T09:11:53.778+0000] {warnings.py:110} WARNING - /home/***/.local/lib/python3.12/site-packages/azure/synapse/artifacts/models/_models_py3.py:45213: SyntaxWarning: invalid escape sequence '\d'
  """

[2025-10-22T09:11:53.780+0000] {warnings.py:110} WARNING - /home/***/.local/lib/python3.12/site-packages/azure/synapse/artifacts/models/_models_py3.py:45811: SyntaxWarning: invalid escape sequence '\d'
  """A copy activity Responsys source.

[2025-10-22T09:11:53.780+0000] {warnings.py:110} WARNING - /home/***/.local/lib/python3.12/site-packages/azure/synapse/artifacts/models/_models_py3.py:45867: SyntaxWarning: invalid escape sequence '\d'
  """

[2025-10-22T09:11:53.782+0000] {warnings.py:110} WARNING - /home/***/.local/lib/python3.12/site-packages/azure/synapse/artifacts/models/_models_py3.py:46276: SyntaxWarning: invalid escape sequence '\d'
  """A copy activity Rest service Sink.

[2025-10-22T09:11:53.783+0000] {warnings.py:110} WARNING - /home/***/.local/lib/python3.12/site-packages/azure/synapse/artifacts/models/_models_py3.py:46353: SyntaxWarning: invalid escape sequence '\d'
  """

[2025-10-22T09:11:53.783+0000] {warnings.py:110} WARNING - /home/***/.local/lib/python3.12/site-packages/azure/synapse/artifacts/models/_models_py3.py:46407: SyntaxWarning: invalid escape sequence '\d'
  """A copy activity Rest service source.

[2025-10-22T09:11:53.784+0000] {warnings.py:110} WARNING - /home/***/.local/lib/python3.12/site-packages/azure/synapse/artifacts/models/_models_py3.py:46484: SyntaxWarning: invalid escape sequence '\d'
  """

[2025-10-22T09:11:53.794+0000] {warnings.py:110} WARNING - /home/***/.local/lib/python3.12/site-packages/azure/synapse/artifacts/models/_models_py3.py:47662: SyntaxWarning: invalid escape sequence '\d'
  """A copy activity Salesforce Marketing Cloud source.

[2025-10-22T09:11:53.795+0000] {warnings.py:110} WARNING - /home/***/.local/lib/python3.12/site-packages/azure/synapse/artifacts/models/_models_py3.py:47718: SyntaxWarning: invalid escape sequence '\d'
  """

[2025-10-22T09:11:53.797+0000] {warnings.py:110} WARNING - /home/***/.local/lib/python3.12/site-packages/azure/synapse/artifacts/models/_models_py3.py:48095: SyntaxWarning: invalid escape sequence '\d'
  """A copy activity Salesforce Service Cloud sink.

[2025-10-22T09:11:53.798+0000] {warnings.py:110} WARNING - /home/***/.local/lib/python3.12/site-packages/azure/synapse/artifacts/models/_models_py3.py:48165: SyntaxWarning: invalid escape sequence '\d'
  """

[2025-10-22T09:11:53.798+0000] {warnings.py:110} WARNING - /home/***/.local/lib/python3.12/site-packages/azure/synapse/artifacts/models/_models_py3.py:48215: SyntaxWarning: invalid escape sequence '\d'
  """A copy activity Salesforce Service Cloud source.

[2025-10-22T09:11:53.799+0000] {warnings.py:110} WARNING - /home/***/.local/lib/python3.12/site-packages/azure/synapse/artifacts/models/_models_py3.py:48270: SyntaxWarning: invalid escape sequence '\d'
  """

[2025-10-22T09:11:53.799+0000] {warnings.py:110} WARNING - /home/***/.local/lib/python3.12/site-packages/azure/synapse/artifacts/models/_models_py3.py:48306: SyntaxWarning: invalid escape sequence '\d'
  """A copy activity Salesforce sink.

[2025-10-22T09:11:53.800+0000] {warnings.py:110} WARNING - /home/***/.local/lib/python3.12/site-packages/azure/synapse/artifacts/models/_models_py3.py:48376: SyntaxWarning: invalid escape sequence '\d'
  """

[2025-10-22T09:11:53.800+0000] {warnings.py:110} WARNING - /home/***/.local/lib/python3.12/site-packages/azure/synapse/artifacts/models/_models_py3.py:48426: SyntaxWarning: invalid escape sequence '\d'
  """A copy activity Salesforce source.

[2025-10-22T09:11:53.801+0000] {warnings.py:110} WARNING - /home/***/.local/lib/python3.12/site-packages/azure/synapse/artifacts/models/_models_py3.py:48486: SyntaxWarning: invalid escape sequence '\d'
  """

[2025-10-22T09:11:53.802+0000] {warnings.py:110} WARNING - /home/***/.local/lib/python3.12/site-packages/azure/synapse/artifacts/models/_models_py3.py:48745: SyntaxWarning: invalid escape sequence '\d'
  """A copy activity source for SapBW server via MDX.

[2025-10-22T09:11:53.802+0000] {warnings.py:110} WARNING - /home/***/.local/lib/python3.12/site-packages/azure/synapse/artifacts/models/_models_py3.py:48800: SyntaxWarning: invalid escape sequence '\d'
  """

[2025-10-22T09:11:53.803+0000] {warnings.py:110} WARNING - /home/***/.local/lib/python3.12/site-packages/azure/synapse/artifacts/models/_models_py3.py:49047: SyntaxWarning: invalid escape sequence '\d'
  """A copy activity SAP Cloud for Customer sink.

[2025-10-22T09:11:53.804+0000] {warnings.py:110} WARNING - /home/***/.local/lib/python3.12/site-packages/azure/synapse/artifacts/models/_models_py3.py:49111: SyntaxWarning: invalid escape sequence '\d'
  """

[2025-10-22T09:11:53.804+0000] {warnings.py:110} WARNING - /home/***/.local/lib/python3.12/site-packages/azure/synapse/artifacts/models/_models_py3.py:49155: SyntaxWarning: invalid escape sequence '\d'
  """A copy activity source for SAP Cloud for Customer source.

[2025-10-22T09:11:53.804+0000] {warnings.py:110} WARNING - /home/***/.local/lib/python3.12/site-packages/azure/synapse/artifacts/models/_models_py3.py:49218: SyntaxWarning: invalid escape sequence '\d'
  """

[2025-10-22T09:11:53.805+0000] {warnings.py:110} WARNING - /home/***/.local/lib/python3.12/site-packages/azure/synapse/artifacts/models/_models_py3.py:49472: SyntaxWarning: invalid escape sequence '\d'
  """A copy activity source for SAP ECC source.

[2025-10-22T09:11:53.806+0000] {warnings.py:110} WARNING - /home/***/.local/lib/python3.12/site-packages/azure/synapse/artifacts/models/_models_py3.py:49535: SyntaxWarning: invalid escape sequence '\d'
  """

[2025-10-22T09:11:53.806+0000] {warnings.py:110} WARNING - /home/***/.local/lib/python3.12/site-packages/azure/synapse/artifacts/models/_models_py3.py:49723: SyntaxWarning: invalid escape sequence '\d'
  """A copy activity source for SAP HANA source.

[2025-10-22T09:11:53.807+0000] {warnings.py:110} WARNING - /home/***/.local/lib/python3.12/site-packages/azure/synapse/artifacts/models/_models_py3.py:49792: SyntaxWarning: invalid escape sequence '\d'
  """

[2025-10-22T09:11:53.808+0000] {warnings.py:110} WARNING - /home/***/.local/lib/python3.12/site-packages/azure/synapse/artifacts/models/_models_py3.py:50300: SyntaxWarning: invalid escape sequence '\d'
  """A copy activity source for SAP ODP source.

[2025-10-22T09:11:53.809+0000] {warnings.py:110} WARNING - /home/***/.local/lib/python3.12/site-packages/azure/synapse/artifacts/models/_models_py3.py:50371: SyntaxWarning: invalid escape sequence '\d'
  """

[2025-10-22T09:11:53.809+0000] {warnings.py:110} WARNING - /home/***/.local/lib/python3.12/site-packages/azure/synapse/artifacts/models/_models_py3.py:50594: SyntaxWarning: invalid escape sequence '\d'
  """A copy activity source for SAP Business Warehouse Open Hub Destination source.

[2025-10-22T09:11:53.810+0000] {warnings.py:110} WARNING - /home/***/.local/lib/python3.12/site-packages/azure/synapse/artifacts/models/_models_py3.py:50667: SyntaxWarning: invalid escape sequence '\d'
  """

[2025-10-22T09:11:53.812+0000] {warnings.py:110} WARNING - /home/***/.local/lib/python3.12/site-packages/azure/synapse/artifacts/models/_models_py3.py:51221: SyntaxWarning: invalid escape sequence '\d'
  """A copy activity source for SAP Table source.

[2025-10-22T09:11:53.812+0000] {warnings.py:110} WARNING - /home/***/.local/lib/python3.12/site-packages/azure/synapse/artifacts/models/_models_py3.py:51319: SyntaxWarning: invalid escape sequence '\d'
  """

[2025-10-22T09:11:53.813+0000] {warnings.py:110} WARNING - /home/***/.local/lib/python3.12/site-packages/azure/synapse/artifacts/models/_models_py3.py:51582: SyntaxWarning: invalid escape sequence '\d'
  """Script activity type.

[2025-10-22T09:11:53.814+0000] {warnings.py:110} WARNING - /home/***/.local/lib/python3.12/site-packages/azure/synapse/artifacts/models/_models_py3.py:51658: SyntaxWarning: invalid escape sequence '\d'
  """

[2025-10-22T09:11:53.815+0000] {warnings.py:110} WARNING - /home/***/.local/lib/python3.12/site-packages/azure/synapse/artifacts/models/_models_py3.py:52282: SyntaxWarning: invalid escape sequence '\d'
  """A copy activity ServiceNow server source.

[2025-10-22T09:11:53.816+0000] {warnings.py:110} WARNING - /home/***/.local/lib/python3.12/site-packages/azure/synapse/artifacts/models/_models_py3.py:52338: SyntaxWarning: invalid escape sequence '\d'
  """

[2025-10-22T09:11:53.819+0000] {warnings.py:110} WARNING - /home/***/.local/lib/python3.12/site-packages/azure/synapse/artifacts/models/_models_py3.py:53161: SyntaxWarning: invalid escape sequence '\d'
  """A copy activity source for sharePoint online list source.

[2025-10-22T09:11:53.819+0000] {warnings.py:110} WARNING - /home/***/.local/lib/python3.12/site-packages/azure/synapse/artifacts/models/_models_py3.py:53213: SyntaxWarning: invalid escape sequence '\d'
  """

[2025-10-22T09:11:53.821+0000] {warnings.py:110} WARNING - /home/***/.local/lib/python3.12/site-packages/azure/synapse/artifacts/models/_models_py3.py:53473: SyntaxWarning: invalid escape sequence '\d'
  """A copy activity Shopify Service source.

[2025-10-22T09:11:53.821+0000] {warnings.py:110} WARNING - /home/***/.local/lib/python3.12/site-packages/azure/synapse/artifacts/models/_models_py3.py:53529: SyntaxWarning: invalid escape sequence '\d'
  """

[2025-10-22T09:11:53.823+0000] {warnings.py:110} WARNING - /home/***/.local/lib/python3.12/site-packages/azure/synapse/artifacts/models/_models_py3.py:54052: SyntaxWarning: invalid escape sequence '\d'
  """A copy activity snowflake sink.

[2025-10-22T09:11:53.823+0000] {warnings.py:110} WARNING - /home/***/.local/lib/python3.12/site-packages/azure/synapse/artifacts/models/_models_py3.py:54112: SyntaxWarning: invalid escape sequence '\d'
  """

[2025-10-22T09:11:53.824+0000] {warnings.py:110} WARNING - /home/***/.local/lib/python3.12/site-packages/azure/synapse/artifacts/models/_models_py3.py:54152: SyntaxWarning: invalid escape sequence '\d'
  """A copy activity snowflake source.

[2025-10-22T09:11:53.824+0000] {warnings.py:110} WARNING - /home/***/.local/lib/python3.12/site-packages/azure/synapse/artifacts/models/_models_py3.py:54202: SyntaxWarning: invalid escape sequence '\d'
  """

[2025-10-22T09:11:53.828+0000] {warnings.py:110} WARNING - /home/***/.local/lib/python3.12/site-packages/azure/synapse/artifacts/models/_models_py3.py:55598: SyntaxWarning: invalid escape sequence '\d'
  """A copy activity Spark Server source.

[2025-10-22T09:11:53.828+0000] {warnings.py:110} WARNING - /home/***/.local/lib/python3.12/site-packages/azure/synapse/artifacts/models/_models_py3.py:55654: SyntaxWarning: invalid escape sequence '\d'
  """

[2025-10-22T09:11:53.829+0000] {warnings.py:110} WARNING - /home/***/.local/lib/python3.12/site-packages/azure/synapse/artifacts/models/_models_py3.py:55808: SyntaxWarning: invalid escape sequence '\d'
  """A copy activity SQL Data Warehouse sink.

[2025-10-22T09:11:53.830+0000] {warnings.py:110} WARNING - /home/***/.local/lib/python3.12/site-packages/azure/synapse/artifacts/models/_models_py3.py:55888: SyntaxWarning: invalid escape sequence '\d'
  """

[2025-10-22T09:11:53.830+0000] {warnings.py:110} WARNING - /home/***/.local/lib/python3.12/site-packages/azure/synapse/artifacts/models/_models_py3.py:55944: SyntaxWarning: invalid escape sequence '\d'
  """A copy activity SQL Data Warehouse source.

[2025-10-22T09:11:53.831+0000] {warnings.py:110} WARNING - /home/***/.local/lib/python3.12/site-packages/azure/synapse/artifacts/models/_models_py3.py:56027: SyntaxWarning: invalid escape sequence '\d'
  """

[2025-10-22T09:11:53.831+0000] {warnings.py:110} WARNING - /home/***/.local/lib/python3.12/site-packages/azure/synapse/artifacts/models/_models_py3.py:56086: SyntaxWarning: invalid escape sequence '\d'
  """A copy activity Azure SQL Managed Instance sink.

[2025-10-22T09:11:53.832+0000] {warnings.py:110} WARNING - /home/***/.local/lib/python3.12/site-packages/azure/synapse/artifacts/models/_models_py3.py:56169: SyntaxWarning: invalid escape sequence '\d'
  """

[2025-10-22T09:11:53.832+0000] {warnings.py:110} WARNING - /home/***/.local/lib/python3.12/site-packages/azure/synapse/artifacts/models/_models_py3.py:56225: SyntaxWarning: invalid escape sequence '\d'
  """A copy activity Azure SQL Managed Instance source.

[2025-10-22T09:11:53.833+0000] {warnings.py:110} WARNING - /home/***/.local/lib/python3.12/site-packages/azure/synapse/artifacts/models/_models_py3.py:56310: SyntaxWarning: invalid escape sequence '\d'
  """

[2025-10-22T09:11:53.854+0000] {warnings.py:110} WARNING - /home/***/.local/lib/python3.12/site-packages/azure/synapse/artifacts/models/_models_py3.py:57131: SyntaxWarning: invalid escape sequence '\d'
  """A copy activity SQL server sink.

[2025-10-22T09:11:53.855+0000] {warnings.py:110} WARNING - /home/***/.local/lib/python3.12/site-packages/azure/synapse/artifacts/models/_models_py3.py:57214: SyntaxWarning: invalid escape sequence '\d'
  """

[2025-10-22T09:11:53.855+0000] {warnings.py:110} WARNING - /home/***/.local/lib/python3.12/site-packages/azure/synapse/artifacts/models/_models_py3.py:57270: SyntaxWarning: invalid escape sequence '\d'
  """A copy activity SQL server source.

[2025-10-22T09:11:53.856+0000] {warnings.py:110} WARNING - /home/***/.local/lib/python3.12/site-packages/azure/synapse/artifacts/models/_models_py3.py:57355: SyntaxWarning: invalid escape sequence '\d'
  """

[2025-10-22T09:11:53.861+0000] {warnings.py:110} WARNING - /home/***/.local/lib/python3.12/site-packages/azure/synapse/artifacts/models/_models_py3.py:57659: SyntaxWarning: invalid escape sequence '\d'
  """A copy activity SQL sink.

[2025-10-22T09:11:53.866+0000] {warnings.py:110} WARNING - /home/***/.local/lib/python3.12/site-packages/azure/synapse/artifacts/models/_models_py3.py:57742: SyntaxWarning: invalid escape sequence '\d'
  """

[2025-10-22T09:11:53.910+0000] {warnings.py:110} WARNING - /home/***/.local/lib/python3.12/site-packages/azure/synapse/artifacts/models/_models_py3.py:57798: SyntaxWarning: invalid escape sequence '\d'
  """A copy activity SQL source.

[2025-10-22T09:11:53.911+0000] {warnings.py:110} WARNING - /home/***/.local/lib/python3.12/site-packages/azure/synapse/artifacts/models/_models_py3.py:57879: SyntaxWarning: invalid escape sequence '\d'
  """

[2025-10-22T09:11:53.918+0000] {warnings.py:110} WARNING - /home/***/.local/lib/python3.12/site-packages/azure/synapse/artifacts/models/_models_py3.py:58188: SyntaxWarning: invalid escape sequence '\d'
  """A copy activity Square Service source.

[2025-10-22T09:11:53.918+0000] {warnings.py:110} WARNING - /home/***/.local/lib/python3.12/site-packages/azure/synapse/artifacts/models/_models_py3.py:58244: SyntaxWarning: invalid escape sequence '\d'
  """

[2025-10-22T09:11:53.921+0000] {warnings.py:110} WARNING - /home/***/.local/lib/python3.12/site-packages/azure/synapse/artifacts/models/_models_py3.py:58446: SyntaxWarning: invalid escape sequence '\d'
  """SSIS package execution log location.

[2025-10-22T09:11:53.922+0000] {warnings.py:110} WARNING - /home/***/.local/lib/python3.12/site-packages/azure/synapse/artifacts/models/_models_py3.py:58484: SyntaxWarning: invalid escape sequence '\d'
  """

[2025-10-22T09:11:53.925+0000] {warnings.py:110} WARNING - /home/***/.local/lib/python3.12/site-packages/azure/synapse/artifacts/models/_models_py3.py:59152: SyntaxWarning: invalid escape sequence '\d'
  """A copy activity source for Sybase databases.

[2025-10-22T09:11:53.926+0000] {warnings.py:110} WARNING - /home/***/.local/lib/python3.12/site-packages/azure/synapse/artifacts/models/_models_py3.py:59207: SyntaxWarning: invalid escape sequence '\d'
  """

[2025-10-22T09:11:53.928+0000] {warnings.py:110} WARNING - /home/***/.local/lib/python3.12/site-packages/azure/synapse/artifacts/models/_models_py3.py:60374: SyntaxWarning: invalid escape sequence '\d'
  """A copy activity Teradata source.

[2025-10-22T09:11:53.929+0000] {warnings.py:110} WARNING - /home/***/.local/lib/python3.12/site-packages/azure/synapse/artifacts/models/_models_py3.py:60438: SyntaxWarning: invalid escape sequence '\d'
  """

[2025-10-22T09:11:53.930+0000] {warnings.py:110} WARNING - /home/***/.local/lib/python3.12/site-packages/azure/synapse/artifacts/models/_models_py3.py:61074: SyntaxWarning: invalid escape sequence '\d'
  """Trigger that schedules pipeline runs for all fixed time interval windows from a start time

[2025-10-22T09:11:53.931+0000] {warnings.py:110} WARNING - /home/***/.local/lib/python3.12/site-packages/azure/synapse/artifacts/models/_models_py3.py:61166: SyntaxWarning: invalid escape sequence '\d'
  """

[2025-10-22T09:11:53.932+0000] {warnings.py:110} WARNING - /home/***/.local/lib/python3.12/site-packages/azure/synapse/artifacts/models/_models_py3.py:61432: SyntaxWarning: invalid escape sequence '\d'
  """This activity executes inner activities until the specified boolean expression results to true

[2025-10-22T09:11:53.932+0000] {warnings.py:110} WARNING - /home/***/.local/lib/python3.12/site-packages/azure/synapse/artifacts/models/_models_py3.py:61506: SyntaxWarning: invalid escape sequence '\d'
  """

[2025-10-22T09:11:53.933+0000] {warnings.py:110} WARNING - /home/***/.local/lib/python3.12/site-packages/azure/synapse/artifacts/models/_models_py3.py:61609: SyntaxWarning: invalid escape sequence '\d'
  """This activity verifies that an external resource exists.

[2025-10-22T09:11:53.933+0000] {warnings.py:110} WARNING - /home/***/.local/lib/python3.12/site-packages/azure/synapse/artifacts/models/_models_py3.py:61691: SyntaxWarning: invalid escape sequence '\d'
  """

[2025-10-22T09:11:53.934+0000] {warnings.py:110} WARNING - /home/***/.local/lib/python3.12/site-packages/azure/synapse/artifacts/models/_models_py3.py:61877: SyntaxWarning: invalid escape sequence '\d'
  """A copy activity Vertica source.

[2025-10-22T09:11:53.934+0000] {warnings.py:110} WARNING - /home/***/.local/lib/python3.12/site-packages/azure/synapse/artifacts/models/_models_py3.py:61933: SyntaxWarning: invalid escape sequence '\d'
  """

[2025-10-22T09:11:53.937+0000] {warnings.py:110} WARNING - /home/***/.local/lib/python3.12/site-packages/azure/synapse/artifacts/models/_models_py3.py:62634: SyntaxWarning: invalid escape sequence '\d'
  """WebHook activity.

[2025-10-22T09:11:53.938+0000] {warnings.py:110} WARNING - /home/***/.local/lib/python3.12/site-packages/azure/synapse/artifacts/models/_models_py3.py:62727: SyntaxWarning: invalid escape sequence '\d'
  """

[2025-10-22T09:11:53.938+0000] {warnings.py:110} WARNING - /home/***/.local/lib/python3.12/site-packages/azure/synapse/artifacts/models/_models_py3.py:62866: SyntaxWarning: invalid escape sequence '\d'
  """A copy activity source for web page table.

[2025-10-22T09:11:53.939+0000] {warnings.py:110} WARNING - /home/***/.local/lib/python3.12/site-packages/azure/synapse/artifacts/models/_models_py3.py:62912: SyntaxWarning: invalid escape sequence '\d'
  """

[2025-10-22T09:11:53.941+0000] {warnings.py:110} WARNING - /home/***/.local/lib/python3.12/site-packages/azure/synapse/artifacts/models/_models_py3.py:63683: SyntaxWarning: invalid escape sequence '\d'
  """A copy activity Xero Service source.

[2025-10-22T09:11:53.942+0000] {warnings.py:110} WARNING - /home/***/.local/lib/python3.12/site-packages/azure/synapse/artifacts/models/_models_py3.py:63739: SyntaxWarning: invalid escape sequence '\d'
  """

[2025-10-22T09:11:53.943+0000] {warnings.py:110} WARNING - /home/***/.local/lib/python3.12/site-packages/azure/synapse/artifacts/models/_models_py3.py:63991: SyntaxWarning: invalid escape sequence '\d'
  """A copy activity Xml source.

[2025-10-22T09:11:53.943+0000] {warnings.py:110} WARNING - /home/***/.local/lib/python3.12/site-packages/azure/synapse/artifacts/models/_models_py3.py:64045: SyntaxWarning: invalid escape sequence '\d'
  """

[2025-10-22T09:11:53.947+0000] {warnings.py:110} WARNING - /home/***/.local/lib/python3.12/site-packages/azure/synapse/artifacts/models/_models_py3.py:64480: SyntaxWarning: invalid escape sequence '\d'
  """A copy activity Zoho server source.

[2025-10-22T09:11:53.948+0000] {warnings.py:110} WARNING - /home/***/.local/lib/python3.12/site-packages/azure/synapse/artifacts/models/_models_py3.py:64536: SyntaxWarning: invalid escape sequence '\d'
  """

[2025-10-22T09:11:54.373+0000] {taskinstance.py:441} INFO - ::group::Post task execution logs
[2025-10-22T09:11:54.384+0000] {taskinstance.py:1205} INFO - Marking task as SUCCESS. dag_id=bronze_layer_ingestion_simple, task_id=trigger_silver, execution_date=20251022T091018, start_date=20251022T091144, end_date=20251022T091154
[2025-10-22T09:11:54.473+0000] {local_task_job_runner.py:240} INFO - Task exited with return code 0
[2025-10-22T09:11:54.488+0000] {taskinstance.py:3482} INFO - 0 downstream tasks scheduled from follow-on schedule check
[2025-10-22T09:11:54.490+0000] {local_task_job_runner.py:222} INFO - ::endgroup::
