[2025-10-23T17:51:21.892+0000] {processor.py:161} INFO - Started process (PID=54) to work on /opt/airflow/dags/silver_layer_dag.py
[2025-10-23T17:51:21.894+0000] {processor.py:830} INFO - Processing file /opt/airflow/dags/silver_layer_dag.py for tasks to queue
[2025-10-23T17:51:21.896+0000] {logging_mixin.py:188} INFO - [2025-10-23T17:51:21.896+0000] {dagbag.py:540} INFO - Filling up the DagBag from /opt/airflow/dags/silver_layer_dag.py
[2025-10-23T17:51:22.217+0000] {processor.py:840} INFO - DAG(s) 'silver_layer_dag' retrieved from /opt/airflow/dags/silver_layer_dag.py
[2025-10-23T17:51:22.513+0000] {logging_mixin.py:188} INFO - [2025-10-23T17:51:22.512+0000] {dag.py:3096} INFO - Sync 1 DAGs
[2025-10-23T17:51:22.542+0000] {processor.py:183} INFO - Processing /opt/airflow/dags/silver_layer_dag.py took 0.657 seconds
[2025-10-23T17:52:03.116+0000] {processor.py:161} INFO - Started process (PID=56) to work on /opt/airflow/dags/silver_layer_dag.py
[2025-10-23T17:52:03.117+0000] {processor.py:830} INFO - Processing file /opt/airflow/dags/silver_layer_dag.py for tasks to queue
[2025-10-23T17:52:03.120+0000] {logging_mixin.py:188} INFO - [2025-10-23T17:52:03.120+0000] {dagbag.py:540} INFO - Filling up the DagBag from /opt/airflow/dags/silver_layer_dag.py
[2025-10-23T17:52:03.385+0000] {processor.py:840} INFO - DAG(s) 'silver_layer_dag' retrieved from /opt/airflow/dags/silver_layer_dag.py
[2025-10-23T17:52:03.404+0000] {logging_mixin.py:188} INFO - [2025-10-23T17:52:03.404+0000] {dag.py:3096} INFO - Sync 1 DAGs
[2025-10-23T17:52:03.442+0000] {processor.py:183} INFO - Processing /opt/airflow/dags/silver_layer_dag.py took 0.335 seconds
[2025-10-23T17:52:33.500+0000] {processor.py:161} INFO - Started process (PID=58) to work on /opt/airflow/dags/silver_layer_dag.py
[2025-10-23T17:52:33.501+0000] {processor.py:830} INFO - Processing file /opt/airflow/dags/silver_layer_dag.py for tasks to queue
[2025-10-23T17:52:33.503+0000] {logging_mixin.py:188} INFO - [2025-10-23T17:52:33.503+0000] {dagbag.py:540} INFO - Filling up the DagBag from /opt/airflow/dags/silver_layer_dag.py
[2025-10-23T17:52:33.706+0000] {processor.py:840} INFO - DAG(s) 'silver_layer_dag' retrieved from /opt/airflow/dags/silver_layer_dag.py
[2025-10-23T17:52:33.722+0000] {logging_mixin.py:188} INFO - [2025-10-23T17:52:33.722+0000] {dag.py:3096} INFO - Sync 1 DAGs
[2025-10-23T17:52:33.893+0000] {logging_mixin.py:188} INFO - [2025-10-23T17:52:33.893+0000] {dag.py:3954} INFO - Setting next_dagrun for silver_layer_dag to 2025-10-22 19:00:00+00:00, run_after=2025-10-23 19:00:00+00:00
[2025-10-23T17:52:33.907+0000] {processor.py:183} INFO - Processing /opt/airflow/dags/silver_layer_dag.py took 0.414 seconds
[2025-10-23T17:53:04.721+0000] {processor.py:161} INFO - Started process (PID=61) to work on /opt/airflow/dags/silver_layer_dag.py
[2025-10-23T17:53:04.722+0000] {processor.py:830} INFO - Processing file /opt/airflow/dags/silver_layer_dag.py for tasks to queue
[2025-10-23T17:53:04.723+0000] {logging_mixin.py:188} INFO - [2025-10-23T17:53:04.723+0000] {dagbag.py:540} INFO - Filling up the DagBag from /opt/airflow/dags/silver_layer_dag.py
[2025-10-23T17:53:04.955+0000] {processor.py:840} INFO - DAG(s) 'silver_layer_dag' retrieved from /opt/airflow/dags/silver_layer_dag.py
[2025-10-23T17:53:04.975+0000] {logging_mixin.py:188} INFO - [2025-10-23T17:53:04.975+0000] {dag.py:3096} INFO - Sync 1 DAGs
[2025-10-23T17:53:05.141+0000] {logging_mixin.py:188} INFO - [2025-10-23T17:53:05.141+0000] {dag.py:3954} INFO - Setting next_dagrun for silver_layer_dag to 2025-10-22 19:00:00+00:00, run_after=2025-10-23 19:00:00+00:00
[2025-10-23T17:53:05.167+0000] {processor.py:183} INFO - Processing /opt/airflow/dags/silver_layer_dag.py took 0.451 seconds
[2025-10-23T17:53:35.242+0000] {processor.py:161} INFO - Started process (PID=63) to work on /opt/airflow/dags/silver_layer_dag.py
[2025-10-23T17:53:35.243+0000] {processor.py:830} INFO - Processing file /opt/airflow/dags/silver_layer_dag.py for tasks to queue
[2025-10-23T17:53:35.245+0000] {logging_mixin.py:188} INFO - [2025-10-23T17:53:35.244+0000] {dagbag.py:540} INFO - Filling up the DagBag from /opt/airflow/dags/silver_layer_dag.py
[2025-10-23T17:53:35.554+0000] {processor.py:840} INFO - DAG(s) 'silver_layer_dag' retrieved from /opt/airflow/dags/silver_layer_dag.py
[2025-10-23T17:53:35.569+0000] {logging_mixin.py:188} INFO - [2025-10-23T17:53:35.569+0000] {dag.py:3096} INFO - Sync 1 DAGs
[2025-10-23T17:53:35.584+0000] {logging_mixin.py:188} INFO - [2025-10-23T17:53:35.584+0000] {dag.py:3954} INFO - Setting next_dagrun for silver_layer_dag to 2025-10-22 19:00:00+00:00, run_after=2025-10-23 19:00:00+00:00
[2025-10-23T17:53:35.598+0000] {processor.py:183} INFO - Processing /opt/airflow/dags/silver_layer_dag.py took 0.360 seconds
[2025-10-23T17:54:06.377+0000] {processor.py:161} INFO - Started process (PID=65) to work on /opt/airflow/dags/silver_layer_dag.py
[2025-10-23T17:54:06.378+0000] {processor.py:830} INFO - Processing file /opt/airflow/dags/silver_layer_dag.py for tasks to queue
[2025-10-23T17:54:06.380+0000] {logging_mixin.py:188} INFO - [2025-10-23T17:54:06.379+0000] {dagbag.py:540} INFO - Filling up the DagBag from /opt/airflow/dags/silver_layer_dag.py
[2025-10-23T17:54:06.703+0000] {processor.py:840} INFO - DAG(s) 'silver_layer_dag' retrieved from /opt/airflow/dags/silver_layer_dag.py
[2025-10-23T17:54:06.717+0000] {logging_mixin.py:188} INFO - [2025-10-23T17:54:06.717+0000] {dag.py:3096} INFO - Sync 1 DAGs
[2025-10-23T17:54:06.731+0000] {logging_mixin.py:188} INFO - [2025-10-23T17:54:06.731+0000] {dag.py:3954} INFO - Setting next_dagrun for silver_layer_dag to 2025-10-22 19:00:00+00:00, run_after=2025-10-23 19:00:00+00:00
[2025-10-23T17:54:06.746+0000] {processor.py:183} INFO - Processing /opt/airflow/dags/silver_layer_dag.py took 0.373 seconds
[2025-10-23T17:54:37.641+0000] {processor.py:161} INFO - Started process (PID=67) to work on /opt/airflow/dags/silver_layer_dag.py
[2025-10-23T17:54:37.642+0000] {processor.py:830} INFO - Processing file /opt/airflow/dags/silver_layer_dag.py for tasks to queue
[2025-10-23T17:54:37.644+0000] {logging_mixin.py:188} INFO - [2025-10-23T17:54:37.643+0000] {dagbag.py:540} INFO - Filling up the DagBag from /opt/airflow/dags/silver_layer_dag.py
[2025-10-23T17:54:37.955+0000] {processor.py:840} INFO - DAG(s) 'silver_layer_dag' retrieved from /opt/airflow/dags/silver_layer_dag.py
[2025-10-23T17:54:37.969+0000] {logging_mixin.py:188} INFO - [2025-10-23T17:54:37.969+0000] {dag.py:3096} INFO - Sync 1 DAGs
[2025-10-23T17:54:37.982+0000] {logging_mixin.py:188} INFO - [2025-10-23T17:54:37.982+0000] {dag.py:3954} INFO - Setting next_dagrun for silver_layer_dag to 2025-10-22 19:00:00+00:00, run_after=2025-10-23 19:00:00+00:00
[2025-10-23T17:54:37.995+0000] {processor.py:183} INFO - Processing /opt/airflow/dags/silver_layer_dag.py took 0.359 seconds
[2025-10-23T17:55:08.906+0000] {processor.py:161} INFO - Started process (PID=69) to work on /opt/airflow/dags/silver_layer_dag.py
[2025-10-23T17:55:08.907+0000] {processor.py:830} INFO - Processing file /opt/airflow/dags/silver_layer_dag.py for tasks to queue
[2025-10-23T17:55:08.909+0000] {logging_mixin.py:188} INFO - [2025-10-23T17:55:08.908+0000] {dagbag.py:540} INFO - Filling up the DagBag from /opt/airflow/dags/silver_layer_dag.py
[2025-10-23T17:55:09.245+0000] {processor.py:840} INFO - DAG(s) 'silver_layer_dag' retrieved from /opt/airflow/dags/silver_layer_dag.py
[2025-10-23T17:55:09.260+0000] {logging_mixin.py:188} INFO - [2025-10-23T17:55:09.259+0000] {dag.py:3096} INFO - Sync 1 DAGs
[2025-10-23T17:55:09.275+0000] {logging_mixin.py:188} INFO - [2025-10-23T17:55:09.274+0000] {dag.py:3954} INFO - Setting next_dagrun for silver_layer_dag to 2025-10-22 19:00:00+00:00, run_after=2025-10-23 19:00:00+00:00
[2025-10-23T17:55:09.289+0000] {processor.py:183} INFO - Processing /opt/airflow/dags/silver_layer_dag.py took 0.388 seconds
[2025-10-23T17:55:40.156+0000] {processor.py:161} INFO - Started process (PID=71) to work on /opt/airflow/dags/silver_layer_dag.py
[2025-10-23T17:55:40.156+0000] {processor.py:830} INFO - Processing file /opt/airflow/dags/silver_layer_dag.py for tasks to queue
[2025-10-23T17:55:40.158+0000] {logging_mixin.py:188} INFO - [2025-10-23T17:55:40.157+0000] {dagbag.py:540} INFO - Filling up the DagBag from /opt/airflow/dags/silver_layer_dag.py
[2025-10-23T17:55:40.524+0000] {processor.py:840} INFO - DAG(s) 'silver_layer_dag' retrieved from /opt/airflow/dags/silver_layer_dag.py
[2025-10-23T17:55:40.539+0000] {logging_mixin.py:188} INFO - [2025-10-23T17:55:40.539+0000] {dag.py:3096} INFO - Sync 1 DAGs
[2025-10-23T17:55:40.555+0000] {logging_mixin.py:188} INFO - [2025-10-23T17:55:40.555+0000] {dag.py:3954} INFO - Setting next_dagrun for silver_layer_dag to 2025-10-22 19:00:00+00:00, run_after=2025-10-23 19:00:00+00:00
[2025-10-23T17:55:40.569+0000] {processor.py:183} INFO - Processing /opt/airflow/dags/silver_layer_dag.py took 0.417 seconds
[2025-10-23T17:56:11.387+0000] {processor.py:161} INFO - Started process (PID=73) to work on /opt/airflow/dags/silver_layer_dag.py
[2025-10-23T17:56:11.388+0000] {processor.py:830} INFO - Processing file /opt/airflow/dags/silver_layer_dag.py for tasks to queue
[2025-10-23T17:56:11.390+0000] {logging_mixin.py:188} INFO - [2025-10-23T17:56:11.389+0000] {dagbag.py:540} INFO - Filling up the DagBag from /opt/airflow/dags/silver_layer_dag.py
[2025-10-23T17:56:11.698+0000] {processor.py:840} INFO - DAG(s) 'silver_layer_dag' retrieved from /opt/airflow/dags/silver_layer_dag.py
[2025-10-23T17:56:11.712+0000] {logging_mixin.py:188} INFO - [2025-10-23T17:56:11.712+0000] {dag.py:3096} INFO - Sync 1 DAGs
[2025-10-23T17:56:11.725+0000] {logging_mixin.py:188} INFO - [2025-10-23T17:56:11.725+0000] {dag.py:3954} INFO - Setting next_dagrun for silver_layer_dag to 2025-10-22 19:00:00+00:00, run_after=2025-10-23 19:00:00+00:00
[2025-10-23T17:56:11.743+0000] {processor.py:183} INFO - Processing /opt/airflow/dags/silver_layer_dag.py took 0.360 seconds
[2025-10-23T17:57:10.811+0000] {processor.py:161} INFO - Started process (PID=74) to work on /opt/airflow/dags/silver_layer_dag.py
[2025-10-23T17:57:10.812+0000] {processor.py:830} INFO - Processing file /opt/airflow/dags/silver_layer_dag.py for tasks to queue
[2025-10-23T17:57:10.814+0000] {logging_mixin.py:188} INFO - [2025-10-23T17:57:10.813+0000] {dagbag.py:540} INFO - Filling up the DagBag from /opt/airflow/dags/silver_layer_dag.py
[2025-10-23T17:57:11.251+0000] {processor.py:840} INFO - DAG(s) 'silver_layer_dag' retrieved from /opt/airflow/dags/silver_layer_dag.py
[2025-10-23T17:57:11.266+0000] {logging_mixin.py:188} INFO - [2025-10-23T17:57:11.266+0000] {dag.py:3096} INFO - Sync 1 DAGs
[2025-10-23T17:57:11.281+0000] {logging_mixin.py:188} INFO - [2025-10-23T17:57:11.281+0000] {dag.py:3954} INFO - Setting next_dagrun for silver_layer_dag to 2025-10-22 19:00:00+00:00, run_after=2025-10-23 19:00:00+00:00
[2025-10-23T17:57:11.297+0000] {processor.py:183} INFO - Processing /opt/airflow/dags/silver_layer_dag.py took 0.492 seconds
[2025-10-23T17:57:42.138+0000] {processor.py:161} INFO - Started process (PID=77) to work on /opt/airflow/dags/silver_layer_dag.py
[2025-10-23T17:57:42.139+0000] {processor.py:830} INFO - Processing file /opt/airflow/dags/silver_layer_dag.py for tasks to queue
[2025-10-23T17:57:42.141+0000] {logging_mixin.py:188} INFO - [2025-10-23T17:57:42.141+0000] {dagbag.py:540} INFO - Filling up the DagBag from /opt/airflow/dags/silver_layer_dag.py
[2025-10-23T17:57:42.557+0000] {processor.py:840} INFO - DAG(s) 'silver_layer_dag' retrieved from /opt/airflow/dags/silver_layer_dag.py
[2025-10-23T17:57:42.576+0000] {logging_mixin.py:188} INFO - [2025-10-23T17:57:42.575+0000] {dag.py:3096} INFO - Sync 1 DAGs
[2025-10-23T17:57:42.593+0000] {logging_mixin.py:188} INFO - [2025-10-23T17:57:42.593+0000] {dag.py:3954} INFO - Setting next_dagrun for silver_layer_dag to 2025-10-22 19:00:00+00:00, run_after=2025-10-23 19:00:00+00:00
[2025-10-23T17:57:42.608+0000] {processor.py:183} INFO - Processing /opt/airflow/dags/silver_layer_dag.py took 0.475 seconds
[2025-10-23T17:58:32.838+0000] {processor.py:161} INFO - Started process (PID=78) to work on /opt/airflow/dags/silver_layer_dag.py
[2025-10-23T17:58:32.838+0000] {processor.py:830} INFO - Processing file /opt/airflow/dags/silver_layer_dag.py for tasks to queue
[2025-10-23T17:58:32.840+0000] {logging_mixin.py:188} INFO - [2025-10-23T17:58:32.840+0000] {dagbag.py:540} INFO - Filling up the DagBag from /opt/airflow/dags/silver_layer_dag.py
[2025-10-23T17:58:33.171+0000] {processor.py:840} INFO - DAG(s) 'silver_layer_dag' retrieved from /opt/airflow/dags/silver_layer_dag.py
[2025-10-23T17:58:33.186+0000] {logging_mixin.py:188} INFO - [2025-10-23T17:58:33.186+0000] {dag.py:3096} INFO - Sync 1 DAGs
[2025-10-23T17:58:33.201+0000] {logging_mixin.py:188} INFO - [2025-10-23T17:58:33.201+0000] {dag.py:3954} INFO - Setting next_dagrun for silver_layer_dag to 2025-10-22 19:00:00+00:00, run_after=2025-10-23 19:00:00+00:00
[2025-10-23T17:58:33.216+0000] {processor.py:183} INFO - Processing /opt/airflow/dags/silver_layer_dag.py took 0.383 seconds
[2025-10-23T17:59:04.120+0000] {processor.py:161} INFO - Started process (PID=81) to work on /opt/airflow/dags/silver_layer_dag.py
[2025-10-23T17:59:04.121+0000] {processor.py:830} INFO - Processing file /opt/airflow/dags/silver_layer_dag.py for tasks to queue
[2025-10-23T17:59:04.123+0000] {logging_mixin.py:188} INFO - [2025-10-23T17:59:04.122+0000] {dagbag.py:540} INFO - Filling up the DagBag from /opt/airflow/dags/silver_layer_dag.py
[2025-10-23T17:59:04.463+0000] {processor.py:840} INFO - DAG(s) 'silver_layer_dag' retrieved from /opt/airflow/dags/silver_layer_dag.py
[2025-10-23T17:59:04.478+0000] {logging_mixin.py:188} INFO - [2025-10-23T17:59:04.478+0000] {dag.py:3096} INFO - Sync 1 DAGs
[2025-10-23T17:59:04.493+0000] {logging_mixin.py:188} INFO - [2025-10-23T17:59:04.493+0000] {dag.py:3954} INFO - Setting next_dagrun for silver_layer_dag to 2025-10-22 19:00:00+00:00, run_after=2025-10-23 19:00:00+00:00
[2025-10-23T17:59:04.507+0000] {processor.py:183} INFO - Processing /opt/airflow/dags/silver_layer_dag.py took 0.392 seconds
[2025-10-23T17:59:34.635+0000] {processor.py:161} INFO - Started process (PID=83) to work on /opt/airflow/dags/silver_layer_dag.py
[2025-10-23T17:59:34.636+0000] {processor.py:830} INFO - Processing file /opt/airflow/dags/silver_layer_dag.py for tasks to queue
[2025-10-23T17:59:34.637+0000] {logging_mixin.py:188} INFO - [2025-10-23T17:59:34.637+0000] {dagbag.py:540} INFO - Filling up the DagBag from /opt/airflow/dags/silver_layer_dag.py
[2025-10-23T17:59:35.034+0000] {processor.py:840} INFO - DAG(s) 'silver_layer_dag' retrieved from /opt/airflow/dags/silver_layer_dag.py
[2025-10-23T17:59:35.050+0000] {logging_mixin.py:188} INFO - [2025-10-23T17:59:35.050+0000] {dag.py:3096} INFO - Sync 1 DAGs
[2025-10-23T17:59:35.067+0000] {logging_mixin.py:188} INFO - [2025-10-23T17:59:35.067+0000] {dag.py:3954} INFO - Setting next_dagrun for silver_layer_dag to 2025-10-22 19:00:00+00:00, run_after=2025-10-23 19:00:00+00:00
[2025-10-23T17:59:35.084+0000] {processor.py:183} INFO - Processing /opt/airflow/dags/silver_layer_dag.py took 0.456 seconds
[2025-10-23T18:00:05.722+0000] {processor.py:161} INFO - Started process (PID=89) to work on /opt/airflow/dags/silver_layer_dag.py
[2025-10-23T18:00:05.723+0000] {processor.py:830} INFO - Processing file /opt/airflow/dags/silver_layer_dag.py for tasks to queue
[2025-10-23T18:00:05.725+0000] {logging_mixin.py:188} INFO - [2025-10-23T18:00:05.725+0000] {dagbag.py:540} INFO - Filling up the DagBag from /opt/airflow/dags/silver_layer_dag.py
[2025-10-23T18:00:06.093+0000] {processor.py:840} INFO - DAG(s) 'silver_layer_dag' retrieved from /opt/airflow/dags/silver_layer_dag.py
[2025-10-23T18:00:06.110+0000] {logging_mixin.py:188} INFO - [2025-10-23T18:00:06.109+0000] {dag.py:3096} INFO - Sync 1 DAGs
[2025-10-23T18:00:06.125+0000] {logging_mixin.py:188} INFO - [2025-10-23T18:00:06.125+0000] {dag.py:3954} INFO - Setting next_dagrun for silver_layer_dag to 2025-10-22 19:00:00+00:00, run_after=2025-10-23 19:00:00+00:00
[2025-10-23T18:00:06.140+0000] {processor.py:183} INFO - Processing /opt/airflow/dags/silver_layer_dag.py took 0.424 seconds
[2025-10-23T18:00:36.456+0000] {processor.py:161} INFO - Started process (PID=91) to work on /opt/airflow/dags/silver_layer_dag.py
[2025-10-23T18:00:36.457+0000] {processor.py:830} INFO - Processing file /opt/airflow/dags/silver_layer_dag.py for tasks to queue
[2025-10-23T18:00:36.458+0000] {logging_mixin.py:188} INFO - [2025-10-23T18:00:36.458+0000] {dagbag.py:540} INFO - Filling up the DagBag from /opt/airflow/dags/silver_layer_dag.py
[2025-10-23T18:00:36.783+0000] {processor.py:840} INFO - DAG(s) 'silver_layer_dag' retrieved from /opt/airflow/dags/silver_layer_dag.py
[2025-10-23T18:00:36.797+0000] {logging_mixin.py:188} INFO - [2025-10-23T18:00:36.797+0000] {dag.py:3096} INFO - Sync 1 DAGs
[2025-10-23T18:00:36.823+0000] {processor.py:183} INFO - Processing /opt/airflow/dags/silver_layer_dag.py took 0.372 seconds
[2025-10-23T18:01:33.550+0000] {processor.py:161} INFO - Started process (PID=92) to work on /opt/airflow/dags/silver_layer_dag.py
[2025-10-23T18:01:33.551+0000] {processor.py:830} INFO - Processing file /opt/airflow/dags/silver_layer_dag.py for tasks to queue
[2025-10-23T18:01:33.553+0000] {logging_mixin.py:188} INFO - [2025-10-23T18:01:33.553+0000] {dagbag.py:540} INFO - Filling up the DagBag from /opt/airflow/dags/silver_layer_dag.py
[2025-10-23T18:01:33.874+0000] {processor.py:840} INFO - DAG(s) 'silver_layer_dag' retrieved from /opt/airflow/dags/silver_layer_dag.py
[2025-10-23T18:01:33.887+0000] {logging_mixin.py:188} INFO - [2025-10-23T18:01:33.887+0000] {dag.py:3096} INFO - Sync 1 DAGs
[2025-10-23T18:01:33.912+0000] {processor.py:183} INFO - Processing /opt/airflow/dags/silver_layer_dag.py took 0.369 seconds
[2025-10-23T18:02:04.028+0000] {processor.py:161} INFO - Started process (PID=95) to work on /opt/airflow/dags/silver_layer_dag.py
[2025-10-23T18:02:04.029+0000] {processor.py:830} INFO - Processing file /opt/airflow/dags/silver_layer_dag.py for tasks to queue
[2025-10-23T18:02:04.031+0000] {logging_mixin.py:188} INFO - [2025-10-23T18:02:04.030+0000] {dagbag.py:540} INFO - Filling up the DagBag from /opt/airflow/dags/silver_layer_dag.py
[2025-10-23T18:02:04.407+0000] {processor.py:840} INFO - DAG(s) 'silver_layer_dag' retrieved from /opt/airflow/dags/silver_layer_dag.py
[2025-10-23T18:02:04.428+0000] {logging_mixin.py:188} INFO - [2025-10-23T18:02:04.428+0000] {dag.py:3096} INFO - Sync 1 DAGs
[2025-10-23T18:02:04.481+0000] {processor.py:183} INFO - Processing /opt/airflow/dags/silver_layer_dag.py took 0.458 seconds
[2025-10-23T18:03:06.116+0000] {processor.py:161} INFO - Started process (PID=96) to work on /opt/airflow/dags/silver_layer_dag.py
[2025-10-23T18:03:06.117+0000] {processor.py:830} INFO - Processing file /opt/airflow/dags/silver_layer_dag.py for tasks to queue
[2025-10-23T18:03:06.119+0000] {logging_mixin.py:188} INFO - [2025-10-23T18:03:06.118+0000] {dagbag.py:540} INFO - Filling up the DagBag from /opt/airflow/dags/silver_layer_dag.py
[2025-10-23T18:03:06.420+0000] {processor.py:840} INFO - DAG(s) 'silver_layer_dag' retrieved from /opt/airflow/dags/silver_layer_dag.py
[2025-10-23T18:03:06.433+0000] {logging_mixin.py:188} INFO - [2025-10-23T18:03:06.433+0000] {dag.py:3096} INFO - Sync 1 DAGs
[2025-10-23T18:03:06.458+0000] {processor.py:183} INFO - Processing /opt/airflow/dags/silver_layer_dag.py took 0.347 seconds
[2025-10-23T18:03:38.675+0000] {processor.py:161} INFO - Started process (PID=98) to work on /opt/airflow/dags/silver_layer_dag.py
[2025-10-23T18:03:38.676+0000] {processor.py:830} INFO - Processing file /opt/airflow/dags/silver_layer_dag.py for tasks to queue
[2025-10-23T18:03:38.678+0000] {logging_mixin.py:188} INFO - [2025-10-23T18:03:38.677+0000] {dagbag.py:540} INFO - Filling up the DagBag from /opt/airflow/dags/silver_layer_dag.py
[2025-10-23T18:03:39.010+0000] {processor.py:840} INFO - DAG(s) 'silver_layer_dag' retrieved from /opt/airflow/dags/silver_layer_dag.py
[2025-10-23T18:03:39.026+0000] {logging_mixin.py:188} INFO - [2025-10-23T18:03:39.026+0000] {dag.py:3096} INFO - Sync 1 DAGs
[2025-10-23T18:03:39.057+0000] {processor.py:183} INFO - Processing /opt/airflow/dags/silver_layer_dag.py took 0.386 seconds
[2025-10-23T18:04:09.939+0000] {processor.py:161} INFO - Started process (PID=101) to work on /opt/airflow/dags/silver_layer_dag.py
[2025-10-23T18:04:09.940+0000] {processor.py:830} INFO - Processing file /opt/airflow/dags/silver_layer_dag.py for tasks to queue
[2025-10-23T18:04:09.941+0000] {logging_mixin.py:188} INFO - [2025-10-23T18:04:09.941+0000] {dagbag.py:540} INFO - Filling up the DagBag from /opt/airflow/dags/silver_layer_dag.py
[2025-10-23T18:04:10.267+0000] {processor.py:840} INFO - DAG(s) 'silver_layer_dag' retrieved from /opt/airflow/dags/silver_layer_dag.py
[2025-10-23T18:04:10.281+0000] {logging_mixin.py:188} INFO - [2025-10-23T18:04:10.281+0000] {dag.py:3096} INFO - Sync 1 DAGs
[2025-10-23T18:04:10.306+0000] {processor.py:183} INFO - Processing /opt/airflow/dags/silver_layer_dag.py took 0.371 seconds
[2025-10-23T18:04:41.209+0000] {processor.py:161} INFO - Started process (PID=103) to work on /opt/airflow/dags/silver_layer_dag.py
[2025-10-23T18:04:41.210+0000] {processor.py:830} INFO - Processing file /opt/airflow/dags/silver_layer_dag.py for tasks to queue
[2025-10-23T18:04:41.212+0000] {logging_mixin.py:188} INFO - [2025-10-23T18:04:41.211+0000] {dagbag.py:540} INFO - Filling up the DagBag from /opt/airflow/dags/silver_layer_dag.py
[2025-10-23T18:04:41.525+0000] {processor.py:840} INFO - DAG(s) 'silver_layer_dag' retrieved from /opt/airflow/dags/silver_layer_dag.py
[2025-10-23T18:04:41.539+0000] {logging_mixin.py:188} INFO - [2025-10-23T18:04:41.539+0000] {dag.py:3096} INFO - Sync 1 DAGs
[2025-10-23T18:04:41.563+0000] {processor.py:183} INFO - Processing /opt/airflow/dags/silver_layer_dag.py took 0.357 seconds
[2025-10-23T18:05:12.445+0000] {processor.py:161} INFO - Started process (PID=105) to work on /opt/airflow/dags/silver_layer_dag.py
[2025-10-23T18:05:12.445+0000] {processor.py:830} INFO - Processing file /opt/airflow/dags/silver_layer_dag.py for tasks to queue
[2025-10-23T18:05:12.447+0000] {logging_mixin.py:188} INFO - [2025-10-23T18:05:12.447+0000] {dagbag.py:540} INFO - Filling up the DagBag from /opt/airflow/dags/silver_layer_dag.py
[2025-10-23T18:05:12.755+0000] {processor.py:840} INFO - DAG(s) 'silver_layer_dag' retrieved from /opt/airflow/dags/silver_layer_dag.py
[2025-10-23T18:05:12.770+0000] {logging_mixin.py:188} INFO - [2025-10-23T18:05:12.769+0000] {dag.py:3096} INFO - Sync 1 DAGs
[2025-10-23T18:05:12.785+0000] {logging_mixin.py:188} INFO - [2025-10-23T18:05:12.785+0000] {dag.py:3954} INFO - Setting next_dagrun for silver_layer_dag to 2025-10-22 19:00:00+00:00, run_after=2025-10-23 19:00:00+00:00
[2025-10-23T18:05:12.800+0000] {processor.py:183} INFO - Processing /opt/airflow/dags/silver_layer_dag.py took 0.360 seconds
[2025-10-23T18:06:09.776+0000] {processor.py:161} INFO - Started process (PID=106) to work on /opt/airflow/dags/silver_layer_dag.py
[2025-10-23T18:06:09.777+0000] {processor.py:830} INFO - Processing file /opt/airflow/dags/silver_layer_dag.py for tasks to queue
[2025-10-23T18:06:09.778+0000] {logging_mixin.py:188} INFO - [2025-10-23T18:06:09.778+0000] {dagbag.py:540} INFO - Filling up the DagBag from /opt/airflow/dags/silver_layer_dag.py
[2025-10-23T18:06:10.104+0000] {processor.py:840} INFO - DAG(s) 'silver_layer_dag' retrieved from /opt/airflow/dags/silver_layer_dag.py
[2025-10-23T18:06:10.117+0000] {logging_mixin.py:188} INFO - [2025-10-23T18:06:10.117+0000] {dag.py:3096} INFO - Sync 1 DAGs
[2025-10-23T18:06:10.132+0000] {logging_mixin.py:188} INFO - [2025-10-23T18:06:10.132+0000] {dag.py:3954} INFO - Setting next_dagrun for silver_layer_dag to 2025-10-22 19:00:00+00:00, run_after=2025-10-23 19:00:00+00:00
[2025-10-23T18:06:10.146+0000] {processor.py:183} INFO - Processing /opt/airflow/dags/silver_layer_dag.py took 0.375 seconds
[2025-10-23T18:06:41.086+0000] {processor.py:161} INFO - Started process (PID=109) to work on /opt/airflow/dags/silver_layer_dag.py
[2025-10-23T18:06:41.086+0000] {processor.py:830} INFO - Processing file /opt/airflow/dags/silver_layer_dag.py for tasks to queue
[2025-10-23T18:06:41.088+0000] {logging_mixin.py:188} INFO - [2025-10-23T18:06:41.088+0000] {dagbag.py:540} INFO - Filling up the DagBag from /opt/airflow/dags/silver_layer_dag.py
[2025-10-23T18:06:41.393+0000] {processor.py:840} INFO - DAG(s) 'silver_layer_dag' retrieved from /opt/airflow/dags/silver_layer_dag.py
[2025-10-23T18:06:41.406+0000] {logging_mixin.py:188} INFO - [2025-10-23T18:06:41.406+0000] {dag.py:3096} INFO - Sync 1 DAGs
[2025-10-23T18:06:41.420+0000] {logging_mixin.py:188} INFO - [2025-10-23T18:06:41.420+0000] {dag.py:3954} INFO - Setting next_dagrun for silver_layer_dag to 2025-10-22 19:00:00+00:00, run_after=2025-10-23 19:00:00+00:00
[2025-10-23T18:06:41.433+0000] {processor.py:183} INFO - Processing /opt/airflow/dags/silver_layer_dag.py took 0.352 seconds
[2025-10-23T18:07:11.867+0000] {processor.py:161} INFO - Started process (PID=111) to work on /opt/airflow/dags/silver_layer_dag.py
[2025-10-23T18:07:11.868+0000] {processor.py:830} INFO - Processing file /opt/airflow/dags/silver_layer_dag.py for tasks to queue
[2025-10-23T18:07:11.870+0000] {logging_mixin.py:188} INFO - [2025-10-23T18:07:11.870+0000] {dagbag.py:540} INFO - Filling up the DagBag from /opt/airflow/dags/silver_layer_dag.py
[2025-10-23T18:07:12.192+0000] {processor.py:840} INFO - DAG(s) 'silver_layer_dag' retrieved from /opt/airflow/dags/silver_layer_dag.py
[2025-10-23T18:07:12.207+0000] {logging_mixin.py:188} INFO - [2025-10-23T18:07:12.207+0000] {dag.py:3096} INFO - Sync 1 DAGs
[2025-10-23T18:07:12.222+0000] {logging_mixin.py:188} INFO - [2025-10-23T18:07:12.221+0000] {dag.py:3954} INFO - Setting next_dagrun for silver_layer_dag to 2025-10-22 19:00:00+00:00, run_after=2025-10-23 19:00:00+00:00
[2025-10-23T18:07:12.236+0000] {processor.py:183} INFO - Processing /opt/airflow/dags/silver_layer_dag.py took 0.373 seconds
[2025-10-23T18:07:42.289+0000] {processor.py:161} INFO - Started process (PID=113) to work on /opt/airflow/dags/silver_layer_dag.py
[2025-10-23T18:07:42.290+0000] {processor.py:830} INFO - Processing file /opt/airflow/dags/silver_layer_dag.py for tasks to queue
[2025-10-23T18:07:42.292+0000] {logging_mixin.py:188} INFO - [2025-10-23T18:07:42.291+0000] {dagbag.py:540} INFO - Filling up the DagBag from /opt/airflow/dags/silver_layer_dag.py
[2025-10-23T18:07:42.629+0000] {processor.py:840} INFO - DAG(s) 'silver_layer_dag' retrieved from /opt/airflow/dags/silver_layer_dag.py
[2025-10-23T18:07:42.644+0000] {logging_mixin.py:188} INFO - [2025-10-23T18:07:42.644+0000] {dag.py:3096} INFO - Sync 1 DAGs
[2025-10-23T18:07:42.660+0000] {logging_mixin.py:188} INFO - [2025-10-23T18:07:42.660+0000] {dag.py:3954} INFO - Setting next_dagrun for silver_layer_dag to 2025-10-22 19:00:00+00:00, run_after=2025-10-23 19:00:00+00:00
[2025-10-23T18:07:42.674+0000] {processor.py:183} INFO - Processing /opt/airflow/dags/silver_layer_dag.py took 0.389 seconds
[2025-10-23T18:08:13.350+0000] {processor.py:161} INFO - Started process (PID=115) to work on /opt/airflow/dags/silver_layer_dag.py
[2025-10-23T18:08:13.351+0000] {processor.py:830} INFO - Processing file /opt/airflow/dags/silver_layer_dag.py for tasks to queue
[2025-10-23T18:08:13.352+0000] {logging_mixin.py:188} INFO - [2025-10-23T18:08:13.352+0000] {dagbag.py:540} INFO - Filling up the DagBag from /opt/airflow/dags/silver_layer_dag.py
[2025-10-23T18:08:13.689+0000] {processor.py:840} INFO - DAG(s) 'silver_layer_dag' retrieved from /opt/airflow/dags/silver_layer_dag.py
[2025-10-23T18:08:13.703+0000] {logging_mixin.py:188} INFO - [2025-10-23T18:08:13.703+0000] {dag.py:3096} INFO - Sync 1 DAGs
[2025-10-23T18:08:13.718+0000] {logging_mixin.py:188} INFO - [2025-10-23T18:08:13.718+0000] {dag.py:3954} INFO - Setting next_dagrun for silver_layer_dag to 2025-10-22 19:00:00+00:00, run_after=2025-10-23 19:00:00+00:00
[2025-10-23T18:08:13.732+0000] {processor.py:183} INFO - Processing /opt/airflow/dags/silver_layer_dag.py took 0.387 seconds
[2025-10-23T18:08:43.933+0000] {processor.py:161} INFO - Started process (PID=117) to work on /opt/airflow/dags/silver_layer_dag.py
[2025-10-23T18:08:43.934+0000] {processor.py:830} INFO - Processing file /opt/airflow/dags/silver_layer_dag.py for tasks to queue
[2025-10-23T18:08:43.936+0000] {logging_mixin.py:188} INFO - [2025-10-23T18:08:43.935+0000] {dagbag.py:540} INFO - Filling up the DagBag from /opt/airflow/dags/silver_layer_dag.py
[2025-10-23T18:08:44.335+0000] {processor.py:840} INFO - DAG(s) 'silver_layer_dag' retrieved from /opt/airflow/dags/silver_layer_dag.py
[2025-10-23T18:08:44.354+0000] {logging_mixin.py:188} INFO - [2025-10-23T18:08:44.354+0000] {dag.py:3096} INFO - Sync 1 DAGs
[2025-10-23T18:08:44.371+0000] {logging_mixin.py:188} INFO - [2025-10-23T18:08:44.371+0000] {dag.py:3954} INFO - Setting next_dagrun for silver_layer_dag to 2025-10-22 19:00:00+00:00, run_after=2025-10-23 19:00:00+00:00
[2025-10-23T18:08:44.388+0000] {processor.py:183} INFO - Processing /opt/airflow/dags/silver_layer_dag.py took 0.460 seconds
[2025-10-23T18:09:15.222+0000] {processor.py:161} INFO - Started process (PID=119) to work on /opt/airflow/dags/silver_layer_dag.py
[2025-10-23T18:09:15.223+0000] {processor.py:830} INFO - Processing file /opt/airflow/dags/silver_layer_dag.py for tasks to queue
[2025-10-23T18:09:15.224+0000] {logging_mixin.py:188} INFO - [2025-10-23T18:09:15.224+0000] {dagbag.py:540} INFO - Filling up the DagBag from /opt/airflow/dags/silver_layer_dag.py
[2025-10-23T18:09:15.595+0000] {processor.py:840} INFO - DAG(s) 'silver_layer_dag' retrieved from /opt/airflow/dags/silver_layer_dag.py
[2025-10-23T18:09:15.611+0000] {logging_mixin.py:188} INFO - [2025-10-23T18:09:15.611+0000] {dag.py:3096} INFO - Sync 1 DAGs
[2025-10-23T18:09:15.630+0000] {logging_mixin.py:188} INFO - [2025-10-23T18:09:15.630+0000] {dag.py:3954} INFO - Setting next_dagrun for silver_layer_dag to 2025-10-22 19:00:00+00:00, run_after=2025-10-23 19:00:00+00:00
[2025-10-23T18:09:15.645+0000] {processor.py:183} INFO - Processing /opt/airflow/dags/silver_layer_dag.py took 0.428 seconds
[2025-10-23T18:10:15.300+0000] {processor.py:161} INFO - Started process (PID=120) to work on /opt/airflow/dags/silver_layer_dag.py
[2025-10-23T18:10:15.302+0000] {processor.py:830} INFO - Processing file /opt/airflow/dags/silver_layer_dag.py for tasks to queue
[2025-10-23T18:10:15.304+0000] {logging_mixin.py:188} INFO - [2025-10-23T18:10:15.304+0000] {dagbag.py:540} INFO - Filling up the DagBag from /opt/airflow/dags/silver_layer_dag.py
[2025-10-23T18:10:15.688+0000] {processor.py:840} INFO - DAG(s) 'silver_layer_dag' retrieved from /opt/airflow/dags/silver_layer_dag.py
[2025-10-23T18:10:15.703+0000] {logging_mixin.py:188} INFO - [2025-10-23T18:10:15.703+0000] {dag.py:3096} INFO - Sync 1 DAGs
[2025-10-23T18:10:15.719+0000] {logging_mixin.py:188} INFO - [2025-10-23T18:10:15.719+0000] {dag.py:3954} INFO - Setting next_dagrun for silver_layer_dag to 2025-10-22 19:00:00+00:00, run_after=2025-10-23 19:00:00+00:00
[2025-10-23T18:10:15.735+0000] {processor.py:183} INFO - Processing /opt/airflow/dags/silver_layer_dag.py took 0.441 seconds
[2025-10-23T18:10:46.622+0000] {processor.py:161} INFO - Started process (PID=123) to work on /opt/airflow/dags/silver_layer_dag.py
[2025-10-23T18:10:46.623+0000] {processor.py:830} INFO - Processing file /opt/airflow/dags/silver_layer_dag.py for tasks to queue
[2025-10-23T18:10:46.624+0000] {logging_mixin.py:188} INFO - [2025-10-23T18:10:46.624+0000] {dagbag.py:540} INFO - Filling up the DagBag from /opt/airflow/dags/silver_layer_dag.py
[2025-10-23T18:10:46.990+0000] {processor.py:840} INFO - DAG(s) 'silver_layer_dag' retrieved from /opt/airflow/dags/silver_layer_dag.py
[2025-10-23T18:10:47.008+0000] {logging_mixin.py:188} INFO - [2025-10-23T18:10:47.008+0000] {dag.py:3096} INFO - Sync 1 DAGs
[2025-10-23T18:10:47.026+0000] {logging_mixin.py:188} INFO - [2025-10-23T18:10:47.026+0000] {dag.py:3954} INFO - Setting next_dagrun for silver_layer_dag to 2025-10-22 19:00:00+00:00, run_after=2025-10-23 19:00:00+00:00
[2025-10-23T18:10:47.044+0000] {processor.py:183} INFO - Processing /opt/airflow/dags/silver_layer_dag.py took 0.427 seconds
[2025-10-23T18:11:17.152+0000] {processor.py:161} INFO - Started process (PID=125) to work on /opt/airflow/dags/silver_layer_dag.py
[2025-10-23T18:11:17.153+0000] {processor.py:830} INFO - Processing file /opt/airflow/dags/silver_layer_dag.py for tasks to queue
[2025-10-23T18:11:17.155+0000] {logging_mixin.py:188} INFO - [2025-10-23T18:11:17.154+0000] {dagbag.py:540} INFO - Filling up the DagBag from /opt/airflow/dags/silver_layer_dag.py
[2025-10-23T18:11:17.682+0000] {processor.py:840} INFO - DAG(s) 'silver_layer_dag' retrieved from /opt/airflow/dags/silver_layer_dag.py
[2025-10-23T18:11:17.702+0000] {logging_mixin.py:188} INFO - [2025-10-23T18:11:17.702+0000] {dag.py:3096} INFO - Sync 1 DAGs
[2025-10-23T18:11:17.723+0000] {logging_mixin.py:188} INFO - [2025-10-23T18:11:17.722+0000] {dag.py:3954} INFO - Setting next_dagrun for silver_layer_dag to 2025-10-22 19:00:00+00:00, run_after=2025-10-23 19:00:00+00:00
[2025-10-23T18:11:17.742+0000] {processor.py:183} INFO - Processing /opt/airflow/dags/silver_layer_dag.py took 0.596 seconds
[2025-10-23T18:12:13.876+0000] {processor.py:161} INFO - Started process (PID=126) to work on /opt/airflow/dags/silver_layer_dag.py
[2025-10-23T18:12:13.877+0000] {processor.py:830} INFO - Processing file /opt/airflow/dags/silver_layer_dag.py for tasks to queue
[2025-10-23T18:12:13.879+0000] {logging_mixin.py:188} INFO - [2025-10-23T18:12:13.879+0000] {dagbag.py:540} INFO - Filling up the DagBag from /opt/airflow/dags/silver_layer_dag.py
[2025-10-23T18:12:14.284+0000] {processor.py:840} INFO - DAG(s) 'silver_layer_dag' retrieved from /opt/airflow/dags/silver_layer_dag.py
[2025-10-23T18:12:14.300+0000] {logging_mixin.py:188} INFO - [2025-10-23T18:12:14.299+0000] {dag.py:3096} INFO - Sync 1 DAGs
[2025-10-23T18:12:14.315+0000] {logging_mixin.py:188} INFO - [2025-10-23T18:12:14.315+0000] {dag.py:3954} INFO - Setting next_dagrun for silver_layer_dag to 2025-10-22 19:00:00+00:00, run_after=2025-10-23 19:00:00+00:00
[2025-10-23T18:12:14.329+0000] {processor.py:183} INFO - Processing /opt/airflow/dags/silver_layer_dag.py took 0.458 seconds
[2025-10-23T18:12:45.179+0000] {processor.py:161} INFO - Started process (PID=129) to work on /opt/airflow/dags/silver_layer_dag.py
[2025-10-23T18:12:45.180+0000] {processor.py:830} INFO - Processing file /opt/airflow/dags/silver_layer_dag.py for tasks to queue
[2025-10-23T18:12:45.182+0000] {logging_mixin.py:188} INFO - [2025-10-23T18:12:45.181+0000] {dagbag.py:540} INFO - Filling up the DagBag from /opt/airflow/dags/silver_layer_dag.py
[2025-10-23T18:12:45.492+0000] {processor.py:840} INFO - DAG(s) 'silver_layer_dag' retrieved from /opt/airflow/dags/silver_layer_dag.py
[2025-10-23T18:12:45.508+0000] {logging_mixin.py:188} INFO - [2025-10-23T18:12:45.508+0000] {dag.py:3096} INFO - Sync 1 DAGs
[2025-10-23T18:12:45.523+0000] {logging_mixin.py:188} INFO - [2025-10-23T18:12:45.523+0000] {dag.py:3954} INFO - Setting next_dagrun for silver_layer_dag to 2025-10-22 19:00:00+00:00, run_after=2025-10-23 19:00:00+00:00
[2025-10-23T18:12:45.536+0000] {processor.py:183} INFO - Processing /opt/airflow/dags/silver_layer_dag.py took 0.362 seconds
[2025-10-23T18:13:16.389+0000] {processor.py:161} INFO - Started process (PID=131) to work on /opt/airflow/dags/silver_layer_dag.py
[2025-10-23T18:13:16.390+0000] {processor.py:830} INFO - Processing file /opt/airflow/dags/silver_layer_dag.py for tasks to queue
[2025-10-23T18:13:16.392+0000] {logging_mixin.py:188} INFO - [2025-10-23T18:13:16.392+0000] {dagbag.py:540} INFO - Filling up the DagBag from /opt/airflow/dags/silver_layer_dag.py
[2025-10-23T18:13:16.808+0000] {processor.py:840} INFO - DAG(s) 'silver_layer_dag' retrieved from /opt/airflow/dags/silver_layer_dag.py
[2025-10-23T18:13:16.823+0000] {logging_mixin.py:188} INFO - [2025-10-23T18:13:16.823+0000] {dag.py:3096} INFO - Sync 1 DAGs
[2025-10-23T18:13:16.838+0000] {logging_mixin.py:188} INFO - [2025-10-23T18:13:16.838+0000] {dag.py:3954} INFO - Setting next_dagrun for silver_layer_dag to 2025-10-22 19:00:00+00:00, run_after=2025-10-23 19:00:00+00:00
[2025-10-23T18:13:16.852+0000] {processor.py:183} INFO - Processing /opt/airflow/dags/silver_layer_dag.py took 0.467 seconds
[2025-10-23T18:13:47.705+0000] {processor.py:161} INFO - Started process (PID=133) to work on /opt/airflow/dags/silver_layer_dag.py
[2025-10-23T18:13:47.706+0000] {processor.py:830} INFO - Processing file /opt/airflow/dags/silver_layer_dag.py for tasks to queue
[2025-10-23T18:13:47.708+0000] {logging_mixin.py:188} INFO - [2025-10-23T18:13:47.708+0000] {dagbag.py:540} INFO - Filling up the DagBag from /opt/airflow/dags/silver_layer_dag.py
[2025-10-23T18:13:48.078+0000] {processor.py:840} INFO - DAG(s) 'silver_layer_dag' retrieved from /opt/airflow/dags/silver_layer_dag.py
[2025-10-23T18:13:48.093+0000] {logging_mixin.py:188} INFO - [2025-10-23T18:13:48.093+0000] {dag.py:3096} INFO - Sync 1 DAGs
[2025-10-23T18:13:48.107+0000] {logging_mixin.py:188} INFO - [2025-10-23T18:13:48.107+0000] {dag.py:3954} INFO - Setting next_dagrun for silver_layer_dag to 2025-10-22 19:00:00+00:00, run_after=2025-10-23 19:00:00+00:00
[2025-10-23T18:13:48.122+0000] {processor.py:183} INFO - Processing /opt/airflow/dags/silver_layer_dag.py took 0.421 seconds
[2025-10-23T18:14:49.815+0000] {processor.py:161} INFO - Started process (PID=134) to work on /opt/airflow/dags/silver_layer_dag.py
[2025-10-23T18:14:49.816+0000] {processor.py:830} INFO - Processing file /opt/airflow/dags/silver_layer_dag.py for tasks to queue
[2025-10-23T18:14:49.817+0000] {logging_mixin.py:188} INFO - [2025-10-23T18:14:49.817+0000] {dagbag.py:540} INFO - Filling up the DagBag from /opt/airflow/dags/silver_layer_dag.py
[2025-10-23T18:14:50.167+0000] {processor.py:840} INFO - DAG(s) 'silver_layer_dag' retrieved from /opt/airflow/dags/silver_layer_dag.py
[2025-10-23T18:14:50.183+0000] {logging_mixin.py:188} INFO - [2025-10-23T18:14:50.183+0000] {dag.py:3096} INFO - Sync 1 DAGs
[2025-10-23T18:14:50.198+0000] {logging_mixin.py:188} INFO - [2025-10-23T18:14:50.198+0000] {dag.py:3954} INFO - Setting next_dagrun for silver_layer_dag to 2025-10-22 19:00:00+00:00, run_after=2025-10-23 19:00:00+00:00
[2025-10-23T18:14:50.213+0000] {processor.py:183} INFO - Processing /opt/airflow/dags/silver_layer_dag.py took 0.404 seconds
[2025-10-23T18:15:21.106+0000] {processor.py:161} INFO - Started process (PID=137) to work on /opt/airflow/dags/silver_layer_dag.py
[2025-10-23T18:15:21.107+0000] {processor.py:830} INFO - Processing file /opt/airflow/dags/silver_layer_dag.py for tasks to queue
[2025-10-23T18:15:21.108+0000] {logging_mixin.py:188} INFO - [2025-10-23T18:15:21.108+0000] {dagbag.py:540} INFO - Filling up the DagBag from /opt/airflow/dags/silver_layer_dag.py
[2025-10-23T18:15:21.470+0000] {processor.py:840} INFO - DAG(s) 'silver_layer_dag' retrieved from /opt/airflow/dags/silver_layer_dag.py
[2025-10-23T18:15:21.486+0000] {logging_mixin.py:188} INFO - [2025-10-23T18:15:21.486+0000] {dag.py:3096} INFO - Sync 1 DAGs
[2025-10-23T18:15:21.503+0000] {logging_mixin.py:188} INFO - [2025-10-23T18:15:21.503+0000] {dag.py:3954} INFO - Setting next_dagrun for silver_layer_dag to 2025-10-22 19:00:00+00:00, run_after=2025-10-23 19:00:00+00:00
[2025-10-23T18:15:21.518+0000] {processor.py:183} INFO - Processing /opt/airflow/dags/silver_layer_dag.py took 0.416 seconds
[2025-10-23T18:15:52.407+0000] {processor.py:161} INFO - Started process (PID=139) to work on /opt/airflow/dags/silver_layer_dag.py
[2025-10-23T18:15:52.409+0000] {processor.py:830} INFO - Processing file /opt/airflow/dags/silver_layer_dag.py for tasks to queue
[2025-10-23T18:15:52.414+0000] {logging_mixin.py:188} INFO - [2025-10-23T18:15:52.413+0000] {dagbag.py:540} INFO - Filling up the DagBag from /opt/airflow/dags/silver_layer_dag.py
[2025-10-23T18:15:52.821+0000] {processor.py:840} INFO - DAG(s) 'silver_layer_dag' retrieved from /opt/airflow/dags/silver_layer_dag.py
[2025-10-23T18:15:52.839+0000] {logging_mixin.py:188} INFO - [2025-10-23T18:15:52.839+0000] {dag.py:3096} INFO - Sync 1 DAGs
[2025-10-23T18:15:52.856+0000] {logging_mixin.py:188} INFO - [2025-10-23T18:15:52.855+0000] {dag.py:3954} INFO - Setting next_dagrun for silver_layer_dag to 2025-10-22 19:00:00+00:00, run_after=2025-10-23 19:00:00+00:00
[2025-10-23T18:15:52.870+0000] {processor.py:183} INFO - Processing /opt/airflow/dags/silver_layer_dag.py took 0.474 seconds
[2025-10-23T18:16:23.764+0000] {processor.py:161} INFO - Started process (PID=141) to work on /opt/airflow/dags/silver_layer_dag.py
[2025-10-23T18:16:23.765+0000] {processor.py:830} INFO - Processing file /opt/airflow/dags/silver_layer_dag.py for tasks to queue
[2025-10-23T18:16:23.767+0000] {logging_mixin.py:188} INFO - [2025-10-23T18:16:23.766+0000] {dagbag.py:540} INFO - Filling up the DagBag from /opt/airflow/dags/silver_layer_dag.py
[2025-10-23T18:16:24.120+0000] {processor.py:840} INFO - DAG(s) 'silver_layer_dag' retrieved from /opt/airflow/dags/silver_layer_dag.py
[2025-10-23T18:16:24.136+0000] {logging_mixin.py:188} INFO - [2025-10-23T18:16:24.136+0000] {dag.py:3096} INFO - Sync 1 DAGs
[2025-10-23T18:16:24.150+0000] {logging_mixin.py:188} INFO - [2025-10-23T18:16:24.150+0000] {dag.py:3954} INFO - Setting next_dagrun for silver_layer_dag to 2025-10-22 19:00:00+00:00, run_after=2025-10-23 19:00:00+00:00
[2025-10-23T18:16:24.164+0000] {processor.py:183} INFO - Processing /opt/airflow/dags/silver_layer_dag.py took 0.405 seconds
[2025-10-23T18:16:55.094+0000] {processor.py:161} INFO - Started process (PID=143) to work on /opt/airflow/dags/silver_layer_dag.py
[2025-10-23T18:16:55.095+0000] {processor.py:830} INFO - Processing file /opt/airflow/dags/silver_layer_dag.py for tasks to queue
[2025-10-23T18:16:55.097+0000] {logging_mixin.py:188} INFO - [2025-10-23T18:16:55.097+0000] {dagbag.py:540} INFO - Filling up the DagBag from /opt/airflow/dags/silver_layer_dag.py
[2025-10-23T18:16:55.487+0000] {processor.py:840} INFO - DAG(s) 'silver_layer_dag' retrieved from /opt/airflow/dags/silver_layer_dag.py
[2025-10-23T18:16:55.505+0000] {logging_mixin.py:188} INFO - [2025-10-23T18:16:55.505+0000] {dag.py:3096} INFO - Sync 1 DAGs
[2025-10-23T18:16:55.524+0000] {logging_mixin.py:188} INFO - [2025-10-23T18:16:55.524+0000] {dag.py:3954} INFO - Setting next_dagrun for silver_layer_dag to 2025-10-22 19:00:00+00:00, run_after=2025-10-23 19:00:00+00:00
[2025-10-23T18:16:55.544+0000] {processor.py:183} INFO - Processing /opt/airflow/dags/silver_layer_dag.py took 0.454 seconds
[2025-10-23T18:17:26.428+0000] {processor.py:161} INFO - Started process (PID=145) to work on /opt/airflow/dags/silver_layer_dag.py
[2025-10-23T18:17:26.429+0000] {processor.py:830} INFO - Processing file /opt/airflow/dags/silver_layer_dag.py for tasks to queue
[2025-10-23T18:17:26.430+0000] {logging_mixin.py:188} INFO - [2025-10-23T18:17:26.430+0000] {dagbag.py:540} INFO - Filling up the DagBag from /opt/airflow/dags/silver_layer_dag.py
[2025-10-23T18:17:26.717+0000] {processor.py:840} INFO - DAG(s) 'silver_layer_dag' retrieved from /opt/airflow/dags/silver_layer_dag.py
[2025-10-23T18:17:26.730+0000] {logging_mixin.py:188} INFO - [2025-10-23T18:17:26.730+0000] {dag.py:3096} INFO - Sync 1 DAGs
[2025-10-23T18:17:26.743+0000] {logging_mixin.py:188} INFO - [2025-10-23T18:17:26.742+0000] {dag.py:3954} INFO - Setting next_dagrun for silver_layer_dag to 2025-10-22 19:00:00+00:00, run_after=2025-10-23 19:00:00+00:00
[2025-10-23T18:17:26.755+0000] {processor.py:183} INFO - Processing /opt/airflow/dags/silver_layer_dag.py took 0.331 seconds
[2025-10-23T18:18:29.430+0000] {processor.py:161} INFO - Started process (PID=146) to work on /opt/airflow/dags/silver_layer_dag.py
[2025-10-23T18:18:29.431+0000] {processor.py:830} INFO - Processing file /opt/airflow/dags/silver_layer_dag.py for tasks to queue
[2025-10-23T18:18:29.433+0000] {logging_mixin.py:188} INFO - [2025-10-23T18:18:29.432+0000] {dagbag.py:540} INFO - Filling up the DagBag from /opt/airflow/dags/silver_layer_dag.py
[2025-10-23T18:18:29.778+0000] {processor.py:840} INFO - DAG(s) 'silver_layer_dag' retrieved from /opt/airflow/dags/silver_layer_dag.py
[2025-10-23T18:18:29.793+0000] {logging_mixin.py:188} INFO - [2025-10-23T18:18:29.793+0000] {dag.py:3096} INFO - Sync 1 DAGs
[2025-10-23T18:18:29.809+0000] {logging_mixin.py:188} INFO - [2025-10-23T18:18:29.808+0000] {dag.py:3954} INFO - Setting next_dagrun for silver_layer_dag to 2025-10-22 19:00:00+00:00, run_after=2025-10-23 19:00:00+00:00
[2025-10-23T18:18:29.823+0000] {processor.py:183} INFO - Processing /opt/airflow/dags/silver_layer_dag.py took 0.398 seconds
[2025-10-23T18:19:29.182+0000] {processor.py:161} INFO - Started process (PID=148) to work on /opt/airflow/dags/silver_layer_dag.py
[2025-10-23T18:19:29.183+0000] {processor.py:830} INFO - Processing file /opt/airflow/dags/silver_layer_dag.py for tasks to queue
[2025-10-23T18:19:29.185+0000] {logging_mixin.py:188} INFO - [2025-10-23T18:19:29.184+0000] {dagbag.py:540} INFO - Filling up the DagBag from /opt/airflow/dags/silver_layer_dag.py
[2025-10-23T18:19:29.572+0000] {processor.py:840} INFO - DAG(s) 'silver_layer_dag' retrieved from /opt/airflow/dags/silver_layer_dag.py
[2025-10-23T18:19:29.587+0000] {logging_mixin.py:188} INFO - [2025-10-23T18:19:29.587+0000] {dag.py:3096} INFO - Sync 1 DAGs
[2025-10-23T18:19:29.602+0000] {logging_mixin.py:188} INFO - [2025-10-23T18:19:29.602+0000] {dag.py:3954} INFO - Setting next_dagrun for silver_layer_dag to 2025-10-22 19:00:00+00:00, run_after=2025-10-23 19:00:00+00:00
[2025-10-23T18:19:29.617+0000] {processor.py:183} INFO - Processing /opt/airflow/dags/silver_layer_dag.py took 0.439 seconds
[2025-10-23T18:20:00.471+0000] {processor.py:161} INFO - Started process (PID=151) to work on /opt/airflow/dags/silver_layer_dag.py
[2025-10-23T18:20:00.473+0000] {processor.py:830} INFO - Processing file /opt/airflow/dags/silver_layer_dag.py for tasks to queue
[2025-10-23T18:20:00.475+0000] {logging_mixin.py:188} INFO - [2025-10-23T18:20:00.475+0000] {dagbag.py:540} INFO - Filling up the DagBag from /opt/airflow/dags/silver_layer_dag.py
[2025-10-23T18:20:00.835+0000] {processor.py:840} INFO - DAG(s) 'silver_layer_dag' retrieved from /opt/airflow/dags/silver_layer_dag.py
[2025-10-23T18:20:00.851+0000] {logging_mixin.py:188} INFO - [2025-10-23T18:20:00.851+0000] {dag.py:3096} INFO - Sync 1 DAGs
[2025-10-23T18:20:00.868+0000] {logging_mixin.py:188} INFO - [2025-10-23T18:20:00.868+0000] {dag.py:3954} INFO - Setting next_dagrun for silver_layer_dag to 2025-10-22 19:00:00+00:00, run_after=2025-10-23 19:00:00+00:00
[2025-10-23T18:20:00.893+0000] {processor.py:183} INFO - Processing /opt/airflow/dags/silver_layer_dag.py took 0.427 seconds
[2025-10-23T18:20:30.972+0000] {processor.py:161} INFO - Started process (PID=153) to work on /opt/airflow/dags/silver_layer_dag.py
[2025-10-23T18:20:30.973+0000] {processor.py:830} INFO - Processing file /opt/airflow/dags/silver_layer_dag.py for tasks to queue
[2025-10-23T18:20:30.975+0000] {logging_mixin.py:188} INFO - [2025-10-23T18:20:30.974+0000] {dagbag.py:540} INFO - Filling up the DagBag from /opt/airflow/dags/silver_layer_dag.py
[2025-10-23T18:20:31.267+0000] {processor.py:840} INFO - DAG(s) 'silver_layer_dag' retrieved from /opt/airflow/dags/silver_layer_dag.py
[2025-10-23T18:20:31.280+0000] {logging_mixin.py:188} INFO - [2025-10-23T18:20:31.280+0000] {dag.py:3096} INFO - Sync 1 DAGs
[2025-10-23T18:20:31.294+0000] {logging_mixin.py:188} INFO - [2025-10-23T18:20:31.294+0000] {dag.py:3954} INFO - Setting next_dagrun for silver_layer_dag to 2025-10-22 19:00:00+00:00, run_after=2025-10-23 19:00:00+00:00
[2025-10-23T18:20:31.306+0000] {processor.py:183} INFO - Processing /opt/airflow/dags/silver_layer_dag.py took 0.338 seconds
[2025-10-23T18:21:02.182+0000] {processor.py:161} INFO - Started process (PID=155) to work on /opt/airflow/dags/silver_layer_dag.py
[2025-10-23T18:21:02.183+0000] {processor.py:830} INFO - Processing file /opt/airflow/dags/silver_layer_dag.py for tasks to queue
[2025-10-23T18:21:02.184+0000] {logging_mixin.py:188} INFO - [2025-10-23T18:21:02.184+0000] {dagbag.py:540} INFO - Filling up the DagBag from /opt/airflow/dags/silver_layer_dag.py
[2025-10-23T18:21:02.529+0000] {processor.py:840} INFO - DAG(s) 'silver_layer_dag' retrieved from /opt/airflow/dags/silver_layer_dag.py
[2025-10-23T18:21:02.544+0000] {logging_mixin.py:188} INFO - [2025-10-23T18:21:02.544+0000] {dag.py:3096} INFO - Sync 1 DAGs
[2025-10-23T18:21:02.558+0000] {logging_mixin.py:188} INFO - [2025-10-23T18:21:02.558+0000] {dag.py:3954} INFO - Setting next_dagrun for silver_layer_dag to 2025-10-22 19:00:00+00:00, run_after=2025-10-23 19:00:00+00:00
[2025-10-23T18:21:02.571+0000] {processor.py:183} INFO - Processing /opt/airflow/dags/silver_layer_dag.py took 0.393 seconds
[2025-10-23T18:21:33.458+0000] {processor.py:161} INFO - Started process (PID=157) to work on /opt/airflow/dags/silver_layer_dag.py
[2025-10-23T18:21:33.459+0000] {processor.py:830} INFO - Processing file /opt/airflow/dags/silver_layer_dag.py for tasks to queue
[2025-10-23T18:21:33.461+0000] {logging_mixin.py:188} INFO - [2025-10-23T18:21:33.461+0000] {dagbag.py:540} INFO - Filling up the DagBag from /opt/airflow/dags/silver_layer_dag.py
[2025-10-23T18:21:33.877+0000] {processor.py:840} INFO - DAG(s) 'silver_layer_dag' retrieved from /opt/airflow/dags/silver_layer_dag.py
[2025-10-23T18:21:33.897+0000] {logging_mixin.py:188} INFO - [2025-10-23T18:21:33.897+0000] {dag.py:3096} INFO - Sync 1 DAGs
[2025-10-23T18:21:33.924+0000] {logging_mixin.py:188} INFO - [2025-10-23T18:21:33.924+0000] {dag.py:3954} INFO - Setting next_dagrun for silver_layer_dag to 2025-10-22 19:00:00+00:00, run_after=2025-10-23 19:00:00+00:00
[2025-10-23T18:21:33.944+0000] {processor.py:183} INFO - Processing /opt/airflow/dags/silver_layer_dag.py took 0.490 seconds
[2025-10-23T18:22:04.837+0000] {processor.py:161} INFO - Started process (PID=159) to work on /opt/airflow/dags/silver_layer_dag.py
[2025-10-23T18:22:04.838+0000] {processor.py:830} INFO - Processing file /opt/airflow/dags/silver_layer_dag.py for tasks to queue
[2025-10-23T18:22:04.839+0000] {logging_mixin.py:188} INFO - [2025-10-23T18:22:04.839+0000] {dagbag.py:540} INFO - Filling up the DagBag from /opt/airflow/dags/silver_layer_dag.py
[2025-10-23T18:22:05.195+0000] {processor.py:840} INFO - DAG(s) 'silver_layer_dag' retrieved from /opt/airflow/dags/silver_layer_dag.py
[2025-10-23T18:22:05.210+0000] {logging_mixin.py:188} INFO - [2025-10-23T18:22:05.209+0000] {dag.py:3096} INFO - Sync 1 DAGs
[2025-10-23T18:22:05.223+0000] {logging_mixin.py:188} INFO - [2025-10-23T18:22:05.223+0000] {dag.py:3954} INFO - Setting next_dagrun for silver_layer_dag to 2025-10-22 19:00:00+00:00, run_after=2025-10-23 19:00:00+00:00
[2025-10-23T18:22:05.236+0000] {processor.py:183} INFO - Processing /opt/airflow/dags/silver_layer_dag.py took 0.404 seconds
[2025-10-23T18:23:00.977+0000] {processor.py:161} INFO - Started process (PID=160) to work on /opt/airflow/dags/silver_layer_dag.py
[2025-10-23T18:23:00.978+0000] {processor.py:830} INFO - Processing file /opt/airflow/dags/silver_layer_dag.py for tasks to queue
[2025-10-23T18:23:00.980+0000] {logging_mixin.py:188} INFO - [2025-10-23T18:23:00.979+0000] {dagbag.py:540} INFO - Filling up the DagBag from /opt/airflow/dags/silver_layer_dag.py
[2025-10-23T18:23:01.308+0000] {processor.py:840} INFO - DAG(s) 'silver_layer_dag' retrieved from /opt/airflow/dags/silver_layer_dag.py
[2025-10-23T18:23:01.322+0000] {logging_mixin.py:188} INFO - [2025-10-23T18:23:01.322+0000] {dag.py:3096} INFO - Sync 1 DAGs
[2025-10-23T18:23:01.336+0000] {logging_mixin.py:188} INFO - [2025-10-23T18:23:01.336+0000] {dag.py:3954} INFO - Setting next_dagrun for silver_layer_dag to 2025-10-22 19:00:00+00:00, run_after=2025-10-23 19:00:00+00:00
[2025-10-23T18:23:01.350+0000] {processor.py:183} INFO - Processing /opt/airflow/dags/silver_layer_dag.py took 0.378 seconds
[2025-10-23T18:23:31.707+0000] {processor.py:161} INFO - Started process (PID=162) to work on /opt/airflow/dags/silver_layer_dag.py
[2025-10-23T18:23:31.708+0000] {processor.py:830} INFO - Processing file /opt/airflow/dags/silver_layer_dag.py for tasks to queue
[2025-10-23T18:23:31.709+0000] {logging_mixin.py:188} INFO - [2025-10-23T18:23:31.709+0000] {dagbag.py:540} INFO - Filling up the DagBag from /opt/airflow/dags/silver_layer_dag.py
[2025-10-23T18:23:32.014+0000] {processor.py:840} INFO - DAG(s) 'silver_layer_dag' retrieved from /opt/airflow/dags/silver_layer_dag.py
[2025-10-23T18:23:32.028+0000] {logging_mixin.py:188} INFO - [2025-10-23T18:23:32.028+0000] {dag.py:3096} INFO - Sync 1 DAGs
[2025-10-23T18:23:32.042+0000] {logging_mixin.py:188} INFO - [2025-10-23T18:23:32.042+0000] {dag.py:3954} INFO - Setting next_dagrun for silver_layer_dag to 2025-10-22 19:00:00+00:00, run_after=2025-10-23 19:00:00+00:00
[2025-10-23T18:23:32.055+0000] {processor.py:183} INFO - Processing /opt/airflow/dags/silver_layer_dag.py took 0.352 seconds
[2025-10-23T18:24:02.527+0000] {processor.py:161} INFO - Started process (PID=164) to work on /opt/airflow/dags/silver_layer_dag.py
[2025-10-23T18:24:02.528+0000] {processor.py:830} INFO - Processing file /opt/airflow/dags/silver_layer_dag.py for tasks to queue
[2025-10-23T18:24:02.530+0000] {logging_mixin.py:188} INFO - [2025-10-23T18:24:02.529+0000] {dagbag.py:540} INFO - Filling up the DagBag from /opt/airflow/dags/silver_layer_dag.py
[2025-10-23T18:24:02.853+0000] {processor.py:840} INFO - DAG(s) 'silver_layer_dag' retrieved from /opt/airflow/dags/silver_layer_dag.py
[2025-10-23T18:24:02.867+0000] {logging_mixin.py:188} INFO - [2025-10-23T18:24:02.867+0000] {dag.py:3096} INFO - Sync 1 DAGs
[2025-10-23T18:24:02.881+0000] {logging_mixin.py:188} INFO - [2025-10-23T18:24:02.881+0000] {dag.py:3954} INFO - Setting next_dagrun for silver_layer_dag to 2025-10-22 19:00:00+00:00, run_after=2025-10-23 19:00:00+00:00
[2025-10-23T18:24:02.895+0000] {processor.py:183} INFO - Processing /opt/airflow/dags/silver_layer_dag.py took 0.373 seconds
[2025-10-23T18:24:43.230+0000] {processor.py:161} INFO - Started process (PID=166) to work on /opt/airflow/dags/silver_layer_dag.py
[2025-10-23T18:24:43.231+0000] {processor.py:830} INFO - Processing file /opt/airflow/dags/silver_layer_dag.py for tasks to queue
[2025-10-23T18:24:43.233+0000] {logging_mixin.py:188} INFO - [2025-10-23T18:24:43.232+0000] {dagbag.py:540} INFO - Filling up the DagBag from /opt/airflow/dags/silver_layer_dag.py
[2025-10-23T18:24:43.547+0000] {processor.py:840} INFO - DAG(s) 'silver_layer_dag' retrieved from /opt/airflow/dags/silver_layer_dag.py
[2025-10-23T18:24:43.561+0000] {logging_mixin.py:188} INFO - [2025-10-23T18:24:43.560+0000] {dag.py:3096} INFO - Sync 1 DAGs
[2025-10-23T18:24:43.574+0000] {logging_mixin.py:188} INFO - [2025-10-23T18:24:43.574+0000] {dag.py:3954} INFO - Setting next_dagrun for silver_layer_dag to 2025-10-22 19:00:00+00:00, run_after=2025-10-23 19:00:00+00:00
[2025-10-23T18:24:43.587+0000] {processor.py:183} INFO - Processing /opt/airflow/dags/silver_layer_dag.py took 0.363 seconds
[2025-10-23T18:25:14.486+0000] {processor.py:161} INFO - Started process (PID=169) to work on /opt/airflow/dags/silver_layer_dag.py
[2025-10-23T18:25:14.487+0000] {processor.py:830} INFO - Processing file /opt/airflow/dags/silver_layer_dag.py for tasks to queue
[2025-10-23T18:25:14.488+0000] {logging_mixin.py:188} INFO - [2025-10-23T18:25:14.488+0000] {dagbag.py:540} INFO - Filling up the DagBag from /opt/airflow/dags/silver_layer_dag.py
[2025-10-23T18:25:14.803+0000] {processor.py:840} INFO - DAG(s) 'silver_layer_dag' retrieved from /opt/airflow/dags/silver_layer_dag.py
[2025-10-23T18:25:14.817+0000] {logging_mixin.py:188} INFO - [2025-10-23T18:25:14.817+0000] {dag.py:3096} INFO - Sync 1 DAGs
[2025-10-23T18:25:14.830+0000] {logging_mixin.py:188} INFO - [2025-10-23T18:25:14.830+0000] {dag.py:3954} INFO - Setting next_dagrun for silver_layer_dag to 2025-10-22 19:00:00+00:00, run_after=2025-10-23 19:00:00+00:00
[2025-10-23T18:25:14.843+0000] {processor.py:183} INFO - Processing /opt/airflow/dags/silver_layer_dag.py took 0.361 seconds
[2025-10-23T18:25:45.614+0000] {processor.py:161} INFO - Started process (PID=171) to work on /opt/airflow/dags/silver_layer_dag.py
[2025-10-23T18:25:45.615+0000] {processor.py:830} INFO - Processing file /opt/airflow/dags/silver_layer_dag.py for tasks to queue
[2025-10-23T18:25:45.616+0000] {logging_mixin.py:188} INFO - [2025-10-23T18:25:45.616+0000] {dagbag.py:540} INFO - Filling up the DagBag from /opt/airflow/dags/silver_layer_dag.py
[2025-10-23T18:25:45.911+0000] {processor.py:840} INFO - DAG(s) 'silver_layer_dag' retrieved from /opt/airflow/dags/silver_layer_dag.py
[2025-10-23T18:25:45.924+0000] {logging_mixin.py:188} INFO - [2025-10-23T18:25:45.924+0000] {dag.py:3096} INFO - Sync 1 DAGs
[2025-10-23T18:25:45.937+0000] {logging_mixin.py:188} INFO - [2025-10-23T18:25:45.937+0000] {dag.py:3954} INFO - Setting next_dagrun for silver_layer_dag to 2025-10-22 19:00:00+00:00, run_after=2025-10-23 19:00:00+00:00
[2025-10-23T18:25:45.949+0000] {processor.py:183} INFO - Processing /opt/airflow/dags/silver_layer_dag.py took 0.339 seconds
[2025-10-23T18:26:16.839+0000] {processor.py:161} INFO - Started process (PID=173) to work on /opt/airflow/dags/silver_layer_dag.py
[2025-10-23T18:26:16.840+0000] {processor.py:830} INFO - Processing file /opt/airflow/dags/silver_layer_dag.py for tasks to queue
[2025-10-23T18:26:16.841+0000] {logging_mixin.py:188} INFO - [2025-10-23T18:26:16.841+0000] {dagbag.py:540} INFO - Filling up the DagBag from /opt/airflow/dags/silver_layer_dag.py
[2025-10-23T18:26:17.183+0000] {processor.py:840} INFO - DAG(s) 'silver_layer_dag' retrieved from /opt/airflow/dags/silver_layer_dag.py
[2025-10-23T18:26:17.198+0000] {logging_mixin.py:188} INFO - [2025-10-23T18:26:17.198+0000] {dag.py:3096} INFO - Sync 1 DAGs
[2025-10-23T18:26:17.213+0000] {logging_mixin.py:188} INFO - [2025-10-23T18:26:17.212+0000] {dag.py:3954} INFO - Setting next_dagrun for silver_layer_dag to 2025-10-22 19:00:00+00:00, run_after=2025-10-23 19:00:00+00:00
[2025-10-23T18:26:17.226+0000] {processor.py:183} INFO - Processing /opt/airflow/dags/silver_layer_dag.py took 0.392 seconds
[2025-10-23T18:27:08.981+0000] {processor.py:161} INFO - Started process (PID=174) to work on /opt/airflow/dags/silver_layer_dag.py
[2025-10-23T18:27:08.982+0000] {processor.py:830} INFO - Processing file /opt/airflow/dags/silver_layer_dag.py for tasks to queue
[2025-10-23T18:27:08.984+0000] {logging_mixin.py:188} INFO - [2025-10-23T18:27:08.984+0000] {dagbag.py:540} INFO - Filling up the DagBag from /opt/airflow/dags/silver_layer_dag.py
[2025-10-23T18:27:09.284+0000] {processor.py:840} INFO - DAG(s) 'silver_layer_dag' retrieved from /opt/airflow/dags/silver_layer_dag.py
[2025-10-23T18:27:09.298+0000] {logging_mixin.py:188} INFO - [2025-10-23T18:27:09.298+0000] {dag.py:3096} INFO - Sync 1 DAGs
[2025-10-23T18:27:09.312+0000] {logging_mixin.py:188} INFO - [2025-10-23T18:27:09.311+0000] {dag.py:3954} INFO - Setting next_dagrun for silver_layer_dag to 2025-10-22 19:00:00+00:00, run_after=2025-10-23 19:00:00+00:00
[2025-10-23T18:27:09.324+0000] {processor.py:183} INFO - Processing /opt/airflow/dags/silver_layer_dag.py took 0.349 seconds
[2025-10-23T18:27:40.396+0000] {processor.py:161} INFO - Started process (PID=176) to work on /opt/airflow/dags/silver_layer_dag.py
[2025-10-23T18:27:40.397+0000] {processor.py:830} INFO - Processing file /opt/airflow/dags/silver_layer_dag.py for tasks to queue
[2025-10-23T18:27:40.399+0000] {logging_mixin.py:188} INFO - [2025-10-23T18:27:40.398+0000] {dagbag.py:540} INFO - Filling up the DagBag from /opt/airflow/dags/silver_layer_dag.py
[2025-10-23T18:27:40.717+0000] {processor.py:840} INFO - DAG(s) 'silver_layer_dag' retrieved from /opt/airflow/dags/silver_layer_dag.py
[2025-10-23T18:27:40.731+0000] {logging_mixin.py:188} INFO - [2025-10-23T18:27:40.730+0000] {dag.py:3096} INFO - Sync 1 DAGs
[2025-10-23T18:27:40.744+0000] {logging_mixin.py:188} INFO - [2025-10-23T18:27:40.744+0000] {dag.py:3954} INFO - Setting next_dagrun for silver_layer_dag to 2025-10-22 19:00:00+00:00, run_after=2025-10-23 19:00:00+00:00
[2025-10-23T18:27:40.758+0000] {processor.py:183} INFO - Processing /opt/airflow/dags/silver_layer_dag.py took 0.367 seconds
[2025-10-23T18:28:10.886+0000] {processor.py:161} INFO - Started process (PID=178) to work on /opt/airflow/dags/silver_layer_dag.py
[2025-10-23T18:28:10.887+0000] {processor.py:830} INFO - Processing file /opt/airflow/dags/silver_layer_dag.py for tasks to queue
[2025-10-23T18:28:10.889+0000] {logging_mixin.py:188} INFO - [2025-10-23T18:28:10.889+0000] {dagbag.py:540} INFO - Filling up the DagBag from /opt/airflow/dags/silver_layer_dag.py
[2025-10-23T18:28:11.211+0000] {processor.py:840} INFO - DAG(s) 'silver_layer_dag' retrieved from /opt/airflow/dags/silver_layer_dag.py
[2025-10-23T18:28:11.226+0000] {logging_mixin.py:188} INFO - [2025-10-23T18:28:11.226+0000] {dag.py:3096} INFO - Sync 1 DAGs
[2025-10-23T18:28:11.240+0000] {logging_mixin.py:188} INFO - [2025-10-23T18:28:11.240+0000] {dag.py:3954} INFO - Setting next_dagrun for silver_layer_dag to 2025-10-22 19:00:00+00:00, run_after=2025-10-23 19:00:00+00:00
[2025-10-23T18:28:11.253+0000] {processor.py:183} INFO - Processing /opt/airflow/dags/silver_layer_dag.py took 0.372 seconds
[2025-10-23T18:28:41.925+0000] {processor.py:161} INFO - Started process (PID=180) to work on /opt/airflow/dags/silver_layer_dag.py
[2025-10-23T18:28:41.926+0000] {processor.py:830} INFO - Processing file /opt/airflow/dags/silver_layer_dag.py for tasks to queue
[2025-10-23T18:28:41.927+0000] {logging_mixin.py:188} INFO - [2025-10-23T18:28:41.927+0000] {dagbag.py:540} INFO - Filling up the DagBag from /opt/airflow/dags/silver_layer_dag.py
[2025-10-23T18:28:42.218+0000] {processor.py:840} INFO - DAG(s) 'silver_layer_dag' retrieved from /opt/airflow/dags/silver_layer_dag.py
[2025-10-23T18:28:42.231+0000] {logging_mixin.py:188} INFO - [2025-10-23T18:28:42.231+0000] {dag.py:3096} INFO - Sync 1 DAGs
[2025-10-23T18:28:42.244+0000] {logging_mixin.py:188} INFO - [2025-10-23T18:28:42.244+0000] {dag.py:3954} INFO - Setting next_dagrun for silver_layer_dag to 2025-10-22 19:00:00+00:00, run_after=2025-10-23 19:00:00+00:00
[2025-10-23T18:28:42.257+0000] {processor.py:183} INFO - Processing /opt/airflow/dags/silver_layer_dag.py took 0.337 seconds
[2025-10-23T18:29:14.887+0000] {processor.py:161} INFO - Started process (PID=182) to work on /opt/airflow/dags/silver_layer_dag.py
[2025-10-23T18:29:14.889+0000] {processor.py:830} INFO - Processing file /opt/airflow/dags/silver_layer_dag.py for tasks to queue
[2025-10-23T18:29:14.891+0000] {logging_mixin.py:188} INFO - [2025-10-23T18:29:14.890+0000] {dagbag.py:540} INFO - Filling up the DagBag from /opt/airflow/dags/silver_layer_dag.py
[2025-10-23T18:29:15.173+0000] {processor.py:840} INFO - DAG(s) 'silver_layer_dag' retrieved from /opt/airflow/dags/silver_layer_dag.py
[2025-10-23T18:29:15.185+0000] {logging_mixin.py:188} INFO - [2025-10-23T18:29:15.185+0000] {dag.py:3096} INFO - Sync 1 DAGs
[2025-10-23T18:29:15.198+0000] {logging_mixin.py:188} INFO - [2025-10-23T18:29:15.198+0000] {dag.py:3954} INFO - Setting next_dagrun for silver_layer_dag to 2025-10-22 19:00:00+00:00, run_after=2025-10-23 19:00:00+00:00
[2025-10-23T18:29:15.213+0000] {processor.py:183} INFO - Processing /opt/airflow/dags/silver_layer_dag.py took 0.332 seconds
[2025-10-23T18:29:47.850+0000] {processor.py:161} INFO - Started process (PID=184) to work on /opt/airflow/dags/silver_layer_dag.py
[2025-10-23T18:29:47.851+0000] {processor.py:830} INFO - Processing file /opt/airflow/dags/silver_layer_dag.py for tasks to queue
[2025-10-23T18:29:47.852+0000] {logging_mixin.py:188} INFO - [2025-10-23T18:29:47.852+0000] {dagbag.py:540} INFO - Filling up the DagBag from /opt/airflow/dags/silver_layer_dag.py
[2025-10-23T18:29:48.148+0000] {processor.py:840} INFO - DAG(s) 'silver_layer_dag' retrieved from /opt/airflow/dags/silver_layer_dag.py
[2025-10-23T18:29:48.161+0000] {logging_mixin.py:188} INFO - [2025-10-23T18:29:48.160+0000] {dag.py:3096} INFO - Sync 1 DAGs
[2025-10-23T18:29:48.173+0000] {logging_mixin.py:188} INFO - [2025-10-23T18:29:48.173+0000] {dag.py:3954} INFO - Setting next_dagrun for silver_layer_dag to 2025-10-22 19:00:00+00:00, run_after=2025-10-23 19:00:00+00:00
[2025-10-23T18:29:48.185+0000] {processor.py:183} INFO - Processing /opt/airflow/dags/silver_layer_dag.py took 0.339 seconds
[2025-10-23T18:30:19.794+0000] {processor.py:161} INFO - Started process (PID=186) to work on /opt/airflow/dags/silver_layer_dag.py
[2025-10-23T18:30:19.795+0000] {processor.py:830} INFO - Processing file /opt/airflow/dags/silver_layer_dag.py for tasks to queue
[2025-10-23T18:30:19.797+0000] {logging_mixin.py:188} INFO - [2025-10-23T18:30:19.796+0000] {dagbag.py:540} INFO - Filling up the DagBag from /opt/airflow/dags/silver_layer_dag.py
[2025-10-23T18:30:20.075+0000] {processor.py:840} INFO - DAG(s) 'silver_layer_dag' retrieved from /opt/airflow/dags/silver_layer_dag.py
[2025-10-23T18:30:20.087+0000] {logging_mixin.py:188} INFO - [2025-10-23T18:30:20.087+0000] {dag.py:3096} INFO - Sync 1 DAGs
[2025-10-23T18:30:20.101+0000] {logging_mixin.py:188} INFO - [2025-10-23T18:30:20.100+0000] {dag.py:3954} INFO - Setting next_dagrun for silver_layer_dag to 2025-10-22 19:00:00+00:00, run_after=2025-10-23 19:00:00+00:00
[2025-10-23T18:30:20.113+0000] {processor.py:183} INFO - Processing /opt/airflow/dags/silver_layer_dag.py took 0.324 seconds
[2025-10-23T18:30:52.743+0000] {processor.py:161} INFO - Started process (PID=188) to work on /opt/airflow/dags/silver_layer_dag.py
[2025-10-23T18:30:52.743+0000] {processor.py:830} INFO - Processing file /opt/airflow/dags/silver_layer_dag.py for tasks to queue
[2025-10-23T18:30:52.745+0000] {logging_mixin.py:188} INFO - [2025-10-23T18:30:52.744+0000] {dagbag.py:540} INFO - Filling up the DagBag from /opt/airflow/dags/silver_layer_dag.py
[2025-10-23T18:30:53.033+0000] {processor.py:840} INFO - DAG(s) 'silver_layer_dag' retrieved from /opt/airflow/dags/silver_layer_dag.py
[2025-10-23T18:30:53.046+0000] {logging_mixin.py:188} INFO - [2025-10-23T18:30:53.046+0000] {dag.py:3096} INFO - Sync 1 DAGs
[2025-10-23T18:30:53.059+0000] {logging_mixin.py:188} INFO - [2025-10-23T18:30:53.059+0000] {dag.py:3954} INFO - Setting next_dagrun for silver_layer_dag to 2025-10-22 19:00:00+00:00, run_after=2025-10-23 19:00:00+00:00
[2025-10-23T18:30:53.071+0000] {processor.py:183} INFO - Processing /opt/airflow/dags/silver_layer_dag.py took 0.333 seconds
[2025-10-23T18:31:23.861+0000] {processor.py:161} INFO - Started process (PID=190) to work on /opt/airflow/dags/silver_layer_dag.py
[2025-10-23T18:31:23.861+0000] {processor.py:830} INFO - Processing file /opt/airflow/dags/silver_layer_dag.py for tasks to queue
[2025-10-23T18:31:23.863+0000] {logging_mixin.py:188} INFO - [2025-10-23T18:31:23.863+0000] {dagbag.py:540} INFO - Filling up the DagBag from /opt/airflow/dags/silver_layer_dag.py
[2025-10-23T18:31:24.208+0000] {processor.py:840} INFO - DAG(s) 'silver_layer_dag' retrieved from /opt/airflow/dags/silver_layer_dag.py
[2025-10-23T18:31:24.223+0000] {logging_mixin.py:188} INFO - [2025-10-23T18:31:24.222+0000] {dag.py:3096} INFO - Sync 1 DAGs
[2025-10-23T18:31:24.238+0000] {logging_mixin.py:188} INFO - [2025-10-23T18:31:24.238+0000] {dag.py:3954} INFO - Setting next_dagrun for silver_layer_dag to 2025-10-22 19:00:00+00:00, run_after=2025-10-23 19:00:00+00:00
[2025-10-23T18:31:24.252+0000] {processor.py:183} INFO - Processing /opt/airflow/dags/silver_layer_dag.py took 0.397 seconds
[2025-10-23T18:31:54.454+0000] {processor.py:161} INFO - Started process (PID=192) to work on /opt/airflow/dags/silver_layer_dag.py
[2025-10-23T18:31:54.454+0000] {processor.py:830} INFO - Processing file /opt/airflow/dags/silver_layer_dag.py for tasks to queue
[2025-10-23T18:31:54.456+0000] {logging_mixin.py:188} INFO - [2025-10-23T18:31:54.456+0000] {dagbag.py:540} INFO - Filling up the DagBag from /opt/airflow/dags/silver_layer_dag.py
[2025-10-23T18:31:54.772+0000] {processor.py:840} INFO - DAG(s) 'silver_layer_dag' retrieved from /opt/airflow/dags/silver_layer_dag.py
[2025-10-23T18:31:54.785+0000] {logging_mixin.py:188} INFO - [2025-10-23T18:31:54.785+0000] {dag.py:3096} INFO - Sync 1 DAGs
[2025-10-23T18:31:54.799+0000] {logging_mixin.py:188} INFO - [2025-10-23T18:31:54.798+0000] {dag.py:3954} INFO - Setting next_dagrun for silver_layer_dag to 2025-10-22 19:00:00+00:00, run_after=2025-10-23 19:00:00+00:00
[2025-10-23T18:31:54.811+0000] {processor.py:183} INFO - Processing /opt/airflow/dags/silver_layer_dag.py took 0.362 seconds
[2025-10-23T18:32:24.893+0000] {processor.py:161} INFO - Started process (PID=195) to work on /opt/airflow/dags/silver_layer_dag.py
[2025-10-23T18:32:24.894+0000] {processor.py:830} INFO - Processing file /opt/airflow/dags/silver_layer_dag.py for tasks to queue
[2025-10-23T18:32:24.896+0000] {logging_mixin.py:188} INFO - [2025-10-23T18:32:24.896+0000] {dagbag.py:540} INFO - Filling up the DagBag from /opt/airflow/dags/silver_layer_dag.py
[2025-10-23T18:32:25.215+0000] {processor.py:840} INFO - DAG(s) 'silver_layer_dag' retrieved from /opt/airflow/dags/silver_layer_dag.py
[2025-10-23T18:32:25.229+0000] {logging_mixin.py:188} INFO - [2025-10-23T18:32:25.229+0000] {dag.py:3096} INFO - Sync 1 DAGs
[2025-10-23T18:32:25.242+0000] {logging_mixin.py:188} INFO - [2025-10-23T18:32:25.242+0000] {dag.py:3954} INFO - Setting next_dagrun for silver_layer_dag to 2025-10-22 19:00:00+00:00, run_after=2025-10-23 19:00:00+00:00
[2025-10-23T18:32:25.254+0000] {processor.py:183} INFO - Processing /opt/airflow/dags/silver_layer_dag.py took 0.365 seconds
[2025-10-23T18:32:56.070+0000] {processor.py:161} INFO - Started process (PID=197) to work on /opt/airflow/dags/silver_layer_dag.py
[2025-10-23T18:32:56.070+0000] {processor.py:830} INFO - Processing file /opt/airflow/dags/silver_layer_dag.py for tasks to queue
[2025-10-23T18:32:56.072+0000] {logging_mixin.py:188} INFO - [2025-10-23T18:32:56.072+0000] {dagbag.py:540} INFO - Filling up the DagBag from /opt/airflow/dags/silver_layer_dag.py
[2025-10-23T18:32:56.387+0000] {processor.py:840} INFO - DAG(s) 'silver_layer_dag' retrieved from /opt/airflow/dags/silver_layer_dag.py
[2025-10-23T18:32:56.401+0000] {logging_mixin.py:188} INFO - [2025-10-23T18:32:56.400+0000] {dag.py:3096} INFO - Sync 1 DAGs
[2025-10-23T18:32:56.415+0000] {logging_mixin.py:188} INFO - [2025-10-23T18:32:56.415+0000] {dag.py:3954} INFO - Setting next_dagrun for silver_layer_dag to 2025-10-22 19:00:00+00:00, run_after=2025-10-23 19:00:00+00:00
[2025-10-23T18:32:56.428+0000] {processor.py:183} INFO - Processing /opt/airflow/dags/silver_layer_dag.py took 0.362 seconds
[2025-10-23T18:33:27.362+0000] {processor.py:161} INFO - Started process (PID=199) to work on /opt/airflow/dags/silver_layer_dag.py
[2025-10-23T18:33:27.363+0000] {processor.py:830} INFO - Processing file /opt/airflow/dags/silver_layer_dag.py for tasks to queue
[2025-10-23T18:33:27.364+0000] {logging_mixin.py:188} INFO - [2025-10-23T18:33:27.364+0000] {dagbag.py:540} INFO - Filling up the DagBag from /opt/airflow/dags/silver_layer_dag.py
[2025-10-23T18:33:27.684+0000] {processor.py:840} INFO - DAG(s) 'silver_layer_dag' retrieved from /opt/airflow/dags/silver_layer_dag.py
[2025-10-23T18:33:27.698+0000] {logging_mixin.py:188} INFO - [2025-10-23T18:33:27.698+0000] {dag.py:3096} INFO - Sync 1 DAGs
[2025-10-23T18:33:27.712+0000] {logging_mixin.py:188} INFO - [2025-10-23T18:33:27.712+0000] {dag.py:3954} INFO - Setting next_dagrun for silver_layer_dag to 2025-10-22 19:00:00+00:00, run_after=2025-10-23 19:00:00+00:00
[2025-10-23T18:33:27.724+0000] {processor.py:183} INFO - Processing /opt/airflow/dags/silver_layer_dag.py took 0.367 seconds
[2025-10-23T18:33:58.598+0000] {processor.py:161} INFO - Started process (PID=201) to work on /opt/airflow/dags/silver_layer_dag.py
[2025-10-23T18:33:58.599+0000] {processor.py:830} INFO - Processing file /opt/airflow/dags/silver_layer_dag.py for tasks to queue
[2025-10-23T18:33:58.601+0000] {logging_mixin.py:188} INFO - [2025-10-23T18:33:58.600+0000] {dagbag.py:540} INFO - Filling up the DagBag from /opt/airflow/dags/silver_layer_dag.py
[2025-10-23T18:33:58.921+0000] {processor.py:840} INFO - DAG(s) 'silver_layer_dag' retrieved from /opt/airflow/dags/silver_layer_dag.py
[2025-10-23T18:33:58.936+0000] {logging_mixin.py:188} INFO - [2025-10-23T18:33:58.936+0000] {dag.py:3096} INFO - Sync 1 DAGs
[2025-10-23T18:33:58.950+0000] {logging_mixin.py:188} INFO - [2025-10-23T18:33:58.950+0000] {dag.py:3954} INFO - Setting next_dagrun for silver_layer_dag to 2025-10-22 19:00:00+00:00, run_after=2025-10-23 19:00:00+00:00
[2025-10-23T18:33:58.963+0000] {processor.py:183} INFO - Processing /opt/airflow/dags/silver_layer_dag.py took 0.370 seconds
[2025-10-23T18:34:29.828+0000] {processor.py:161} INFO - Started process (PID=203) to work on /opt/airflow/dags/silver_layer_dag.py
[2025-10-23T18:34:29.829+0000] {processor.py:830} INFO - Processing file /opt/airflow/dags/silver_layer_dag.py for tasks to queue
[2025-10-23T18:34:29.830+0000] {logging_mixin.py:188} INFO - [2025-10-23T18:34:29.830+0000] {dagbag.py:540} INFO - Filling up the DagBag from /opt/airflow/dags/silver_layer_dag.py
[2025-10-23T18:34:30.151+0000] {processor.py:840} INFO - DAG(s) 'silver_layer_dag' retrieved from /opt/airflow/dags/silver_layer_dag.py
[2025-10-23T18:34:30.166+0000] {logging_mixin.py:188} INFO - [2025-10-23T18:34:30.166+0000] {dag.py:3096} INFO - Sync 1 DAGs
[2025-10-23T18:34:30.179+0000] {logging_mixin.py:188} INFO - [2025-10-23T18:34:30.179+0000] {dag.py:3954} INFO - Setting next_dagrun for silver_layer_dag to 2025-10-22 19:00:00+00:00, run_after=2025-10-23 19:00:00+00:00
[2025-10-23T18:34:30.193+0000] {processor.py:183} INFO - Processing /opt/airflow/dags/silver_layer_dag.py took 0.369 seconds
[2025-10-23T18:35:01.072+0000] {processor.py:161} INFO - Started process (PID=205) to work on /opt/airflow/dags/silver_layer_dag.py
[2025-10-23T18:35:01.073+0000] {processor.py:830} INFO - Processing file /opt/airflow/dags/silver_layer_dag.py for tasks to queue
[2025-10-23T18:35:01.074+0000] {logging_mixin.py:188} INFO - [2025-10-23T18:35:01.074+0000] {dagbag.py:540} INFO - Filling up the DagBag from /opt/airflow/dags/silver_layer_dag.py
[2025-10-23T18:35:01.390+0000] {processor.py:840} INFO - DAG(s) 'silver_layer_dag' retrieved from /opt/airflow/dags/silver_layer_dag.py
[2025-10-23T18:35:01.404+0000] {logging_mixin.py:188} INFO - [2025-10-23T18:35:01.403+0000] {dag.py:3096} INFO - Sync 1 DAGs
[2025-10-23T18:35:01.418+0000] {logging_mixin.py:188} INFO - [2025-10-23T18:35:01.418+0000] {dag.py:3954} INFO - Setting next_dagrun for silver_layer_dag to 2025-10-22 19:00:00+00:00, run_after=2025-10-23 19:00:00+00:00
[2025-10-23T18:35:01.430+0000] {processor.py:183} INFO - Processing /opt/airflow/dags/silver_layer_dag.py took 0.363 seconds
[2025-10-23T18:35:32.326+0000] {processor.py:161} INFO - Started process (PID=207) to work on /opt/airflow/dags/silver_layer_dag.py
[2025-10-23T18:35:32.327+0000] {processor.py:830} INFO - Processing file /opt/airflow/dags/silver_layer_dag.py for tasks to queue
[2025-10-23T18:35:32.329+0000] {logging_mixin.py:188} INFO - [2025-10-23T18:35:32.328+0000] {dagbag.py:540} INFO - Filling up the DagBag from /opt/airflow/dags/silver_layer_dag.py
[2025-10-23T18:35:32.646+0000] {processor.py:840} INFO - DAG(s) 'silver_layer_dag' retrieved from /opt/airflow/dags/silver_layer_dag.py
[2025-10-23T18:35:32.659+0000] {logging_mixin.py:188} INFO - [2025-10-23T18:35:32.659+0000] {dag.py:3096} INFO - Sync 1 DAGs
[2025-10-23T18:35:32.673+0000] {logging_mixin.py:188} INFO - [2025-10-23T18:35:32.673+0000] {dag.py:3954} INFO - Setting next_dagrun for silver_layer_dag to 2025-10-22 19:00:00+00:00, run_after=2025-10-23 19:00:00+00:00
[2025-10-23T18:35:32.686+0000] {processor.py:183} INFO - Processing /opt/airflow/dags/silver_layer_dag.py took 0.365 seconds
[2025-10-23T18:36:03.572+0000] {processor.py:161} INFO - Started process (PID=209) to work on /opt/airflow/dags/silver_layer_dag.py
[2025-10-23T18:36:03.573+0000] {processor.py:830} INFO - Processing file /opt/airflow/dags/silver_layer_dag.py for tasks to queue
[2025-10-23T18:36:03.575+0000] {logging_mixin.py:188} INFO - [2025-10-23T18:36:03.575+0000] {dagbag.py:540} INFO - Filling up the DagBag from /opt/airflow/dags/silver_layer_dag.py
[2025-10-23T18:36:03.875+0000] {processor.py:840} INFO - DAG(s) 'silver_layer_dag' retrieved from /opt/airflow/dags/silver_layer_dag.py
[2025-10-23T18:36:03.889+0000] {logging_mixin.py:188} INFO - [2025-10-23T18:36:03.888+0000] {dag.py:3096} INFO - Sync 1 DAGs
[2025-10-23T18:36:03.902+0000] {logging_mixin.py:188} INFO - [2025-10-23T18:36:03.902+0000] {dag.py:3954} INFO - Setting next_dagrun for silver_layer_dag to 2025-10-22 19:00:00+00:00, run_after=2025-10-23 19:00:00+00:00
[2025-10-23T18:36:03.915+0000] {processor.py:183} INFO - Processing /opt/airflow/dags/silver_layer_dag.py took 0.348 seconds
[2025-10-23T18:36:34.810+0000] {processor.py:161} INFO - Started process (PID=211) to work on /opt/airflow/dags/silver_layer_dag.py
[2025-10-23T18:36:34.810+0000] {processor.py:830} INFO - Processing file /opt/airflow/dags/silver_layer_dag.py for tasks to queue
[2025-10-23T18:36:34.812+0000] {logging_mixin.py:188} INFO - [2025-10-23T18:36:34.812+0000] {dagbag.py:540} INFO - Filling up the DagBag from /opt/airflow/dags/silver_layer_dag.py
[2025-10-23T18:36:35.134+0000] {processor.py:840} INFO - DAG(s) 'silver_layer_dag' retrieved from /opt/airflow/dags/silver_layer_dag.py
[2025-10-23T18:36:35.148+0000] {logging_mixin.py:188} INFO - [2025-10-23T18:36:35.148+0000] {dag.py:3096} INFO - Sync 1 DAGs
[2025-10-23T18:36:35.162+0000] {logging_mixin.py:188} INFO - [2025-10-23T18:36:35.162+0000] {dag.py:3954} INFO - Setting next_dagrun for silver_layer_dag to 2025-10-22 19:00:00+00:00, run_after=2025-10-23 19:00:00+00:00
[2025-10-23T18:36:35.174+0000] {processor.py:183} INFO - Processing /opt/airflow/dags/silver_layer_dag.py took 0.369 seconds
[2025-10-23T18:37:06.036+0000] {processor.py:161} INFO - Started process (PID=213) to work on /opt/airflow/dags/silver_layer_dag.py
[2025-10-23T18:37:06.037+0000] {processor.py:830} INFO - Processing file /opt/airflow/dags/silver_layer_dag.py for tasks to queue
[2025-10-23T18:37:06.039+0000] {logging_mixin.py:188} INFO - [2025-10-23T18:37:06.038+0000] {dagbag.py:540} INFO - Filling up the DagBag from /opt/airflow/dags/silver_layer_dag.py
[2025-10-23T18:37:06.354+0000] {processor.py:840} INFO - DAG(s) 'silver_layer_dag' retrieved from /opt/airflow/dags/silver_layer_dag.py
[2025-10-23T18:37:06.367+0000] {logging_mixin.py:188} INFO - [2025-10-23T18:37:06.367+0000] {dag.py:3096} INFO - Sync 1 DAGs
[2025-10-23T18:37:06.382+0000] {logging_mixin.py:188} INFO - [2025-10-23T18:37:06.381+0000] {dag.py:3954} INFO - Setting next_dagrun for silver_layer_dag to 2025-10-22 19:00:00+00:00, run_after=2025-10-23 19:00:00+00:00
[2025-10-23T18:37:06.394+0000] {processor.py:183} INFO - Processing /opt/airflow/dags/silver_layer_dag.py took 0.363 seconds
[2025-10-23T18:37:37.263+0000] {processor.py:161} INFO - Started process (PID=215) to work on /opt/airflow/dags/silver_layer_dag.py
[2025-10-23T18:37:37.264+0000] {processor.py:830} INFO - Processing file /opt/airflow/dags/silver_layer_dag.py for tasks to queue
[2025-10-23T18:37:37.265+0000] {logging_mixin.py:188} INFO - [2025-10-23T18:37:37.265+0000] {dagbag.py:540} INFO - Filling up the DagBag from /opt/airflow/dags/silver_layer_dag.py
[2025-10-23T18:37:37.565+0000] {processor.py:840} INFO - DAG(s) 'silver_layer_dag' retrieved from /opt/airflow/dags/silver_layer_dag.py
[2025-10-23T18:37:37.579+0000] {logging_mixin.py:188} INFO - [2025-10-23T18:37:37.579+0000] {dag.py:3096} INFO - Sync 1 DAGs
[2025-10-23T18:37:37.593+0000] {logging_mixin.py:188} INFO - [2025-10-23T18:37:37.593+0000] {dag.py:3954} INFO - Setting next_dagrun for silver_layer_dag to 2025-10-22 19:00:00+00:00, run_after=2025-10-23 19:00:00+00:00
[2025-10-23T18:37:37.606+0000] {processor.py:183} INFO - Processing /opt/airflow/dags/silver_layer_dag.py took 0.348 seconds
[2025-10-23T18:38:08.494+0000] {processor.py:161} INFO - Started process (PID=217) to work on /opt/airflow/dags/silver_layer_dag.py
[2025-10-23T18:38:08.495+0000] {processor.py:830} INFO - Processing file /opt/airflow/dags/silver_layer_dag.py for tasks to queue
[2025-10-23T18:38:08.496+0000] {logging_mixin.py:188} INFO - [2025-10-23T18:38:08.496+0000] {dagbag.py:540} INFO - Filling up the DagBag from /opt/airflow/dags/silver_layer_dag.py
[2025-10-23T18:38:08.816+0000] {processor.py:840} INFO - DAG(s) 'silver_layer_dag' retrieved from /opt/airflow/dags/silver_layer_dag.py
[2025-10-23T18:38:08.830+0000] {logging_mixin.py:188} INFO - [2025-10-23T18:38:08.830+0000] {dag.py:3096} INFO - Sync 1 DAGs
[2025-10-23T18:38:08.844+0000] {logging_mixin.py:188} INFO - [2025-10-23T18:38:08.844+0000] {dag.py:3954} INFO - Setting next_dagrun for silver_layer_dag to 2025-10-22 19:00:00+00:00, run_after=2025-10-23 19:00:00+00:00
[2025-10-23T18:38:08.857+0000] {processor.py:183} INFO - Processing /opt/airflow/dags/silver_layer_dag.py took 0.368 seconds
[2025-10-23T18:38:39.730+0000] {processor.py:161} INFO - Started process (PID=219) to work on /opt/airflow/dags/silver_layer_dag.py
[2025-10-23T18:38:39.731+0000] {processor.py:830} INFO - Processing file /opt/airflow/dags/silver_layer_dag.py for tasks to queue
[2025-10-23T18:38:39.732+0000] {logging_mixin.py:188} INFO - [2025-10-23T18:38:39.732+0000] {dagbag.py:540} INFO - Filling up the DagBag from /opt/airflow/dags/silver_layer_dag.py
[2025-10-23T18:38:40.057+0000] {processor.py:840} INFO - DAG(s) 'silver_layer_dag' retrieved from /opt/airflow/dags/silver_layer_dag.py
[2025-10-23T18:38:40.071+0000] {logging_mixin.py:188} INFO - [2025-10-23T18:38:40.071+0000] {dag.py:3096} INFO - Sync 1 DAGs
[2025-10-23T18:38:40.085+0000] {logging_mixin.py:188} INFO - [2025-10-23T18:38:40.084+0000] {dag.py:3954} INFO - Setting next_dagrun for silver_layer_dag to 2025-10-22 19:00:00+00:00, run_after=2025-10-23 19:00:00+00:00
[2025-10-23T18:38:40.097+0000] {processor.py:183} INFO - Processing /opt/airflow/dags/silver_layer_dag.py took 0.371 seconds
[2025-10-23T18:39:10.959+0000] {processor.py:161} INFO - Started process (PID=221) to work on /opt/airflow/dags/silver_layer_dag.py
[2025-10-23T18:39:10.960+0000] {processor.py:830} INFO - Processing file /opt/airflow/dags/silver_layer_dag.py for tasks to queue
[2025-10-23T18:39:10.962+0000] {logging_mixin.py:188} INFO - [2025-10-23T18:39:10.961+0000] {dagbag.py:540} INFO - Filling up the DagBag from /opt/airflow/dags/silver_layer_dag.py
[2025-10-23T18:39:11.291+0000] {processor.py:840} INFO - DAG(s) 'silver_layer_dag' retrieved from /opt/airflow/dags/silver_layer_dag.py
[2025-10-23T18:39:11.305+0000] {logging_mixin.py:188} INFO - [2025-10-23T18:39:11.305+0000] {dag.py:3096} INFO - Sync 1 DAGs
[2025-10-23T18:39:11.320+0000] {logging_mixin.py:188} INFO - [2025-10-23T18:39:11.319+0000] {dag.py:3954} INFO - Setting next_dagrun for silver_layer_dag to 2025-10-22 19:00:00+00:00, run_after=2025-10-23 19:00:00+00:00
[2025-10-23T18:39:11.333+0000] {processor.py:183} INFO - Processing /opt/airflow/dags/silver_layer_dag.py took 0.378 seconds
[2025-10-23T18:39:42.178+0000] {processor.py:161} INFO - Started process (PID=223) to work on /opt/airflow/dags/silver_layer_dag.py
[2025-10-23T18:39:42.179+0000] {processor.py:830} INFO - Processing file /opt/airflow/dags/silver_layer_dag.py for tasks to queue
[2025-10-23T18:39:42.181+0000] {logging_mixin.py:188} INFO - [2025-10-23T18:39:42.180+0000] {dagbag.py:540} INFO - Filling up the DagBag from /opt/airflow/dags/silver_layer_dag.py
[2025-10-23T18:39:42.502+0000] {processor.py:840} INFO - DAG(s) 'silver_layer_dag' retrieved from /opt/airflow/dags/silver_layer_dag.py
[2025-10-23T18:39:42.516+0000] {logging_mixin.py:188} INFO - [2025-10-23T18:39:42.516+0000] {dag.py:3096} INFO - Sync 1 DAGs
[2025-10-23T18:39:42.530+0000] {logging_mixin.py:188} INFO - [2025-10-23T18:39:42.530+0000] {dag.py:3954} INFO - Setting next_dagrun for silver_layer_dag to 2025-10-22 19:00:00+00:00, run_after=2025-10-23 19:00:00+00:00
[2025-10-23T18:39:42.543+0000] {processor.py:183} INFO - Processing /opt/airflow/dags/silver_layer_dag.py took 0.369 seconds
[2025-10-23T18:40:13.406+0000] {processor.py:161} INFO - Started process (PID=225) to work on /opt/airflow/dags/silver_layer_dag.py
[2025-10-23T18:40:13.406+0000] {processor.py:830} INFO - Processing file /opt/airflow/dags/silver_layer_dag.py for tasks to queue
[2025-10-23T18:40:13.408+0000] {logging_mixin.py:188} INFO - [2025-10-23T18:40:13.408+0000] {dagbag.py:540} INFO - Filling up the DagBag from /opt/airflow/dags/silver_layer_dag.py
[2025-10-23T18:40:13.741+0000] {processor.py:840} INFO - DAG(s) 'silver_layer_dag' retrieved from /opt/airflow/dags/silver_layer_dag.py
[2025-10-23T18:40:13.756+0000] {logging_mixin.py:188} INFO - [2025-10-23T18:40:13.756+0000] {dag.py:3096} INFO - Sync 1 DAGs
[2025-10-23T18:40:13.770+0000] {logging_mixin.py:188} INFO - [2025-10-23T18:40:13.770+0000] {dag.py:3954} INFO - Setting next_dagrun for silver_layer_dag to 2025-10-22 19:00:00+00:00, run_after=2025-10-23 19:00:00+00:00
[2025-10-23T18:40:13.783+0000] {processor.py:183} INFO - Processing /opt/airflow/dags/silver_layer_dag.py took 0.383 seconds
[2025-10-23T18:40:44.632+0000] {processor.py:161} INFO - Started process (PID=227) to work on /opt/airflow/dags/silver_layer_dag.py
[2025-10-23T18:40:44.633+0000] {processor.py:830} INFO - Processing file /opt/airflow/dags/silver_layer_dag.py for tasks to queue
[2025-10-23T18:40:44.634+0000] {logging_mixin.py:188} INFO - [2025-10-23T18:40:44.634+0000] {dagbag.py:540} INFO - Filling up the DagBag from /opt/airflow/dags/silver_layer_dag.py
[2025-10-23T18:40:44.967+0000] {processor.py:840} INFO - DAG(s) 'silver_layer_dag' retrieved from /opt/airflow/dags/silver_layer_dag.py
[2025-10-23T18:40:44.981+0000] {logging_mixin.py:188} INFO - [2025-10-23T18:40:44.981+0000] {dag.py:3096} INFO - Sync 1 DAGs
[2025-10-23T18:40:44.995+0000] {logging_mixin.py:188} INFO - [2025-10-23T18:40:44.995+0000] {dag.py:3954} INFO - Setting next_dagrun for silver_layer_dag to 2025-10-22 19:00:00+00:00, run_after=2025-10-23 19:00:00+00:00
[2025-10-23T18:40:45.008+0000] {processor.py:183} INFO - Processing /opt/airflow/dags/silver_layer_dag.py took 0.380 seconds
[2025-10-23T18:41:15.840+0000] {processor.py:161} INFO - Started process (PID=229) to work on /opt/airflow/dags/silver_layer_dag.py
[2025-10-23T18:41:15.841+0000] {processor.py:830} INFO - Processing file /opt/airflow/dags/silver_layer_dag.py for tasks to queue
[2025-10-23T18:41:15.843+0000] {logging_mixin.py:188} INFO - [2025-10-23T18:41:15.842+0000] {dagbag.py:540} INFO - Filling up the DagBag from /opt/airflow/dags/silver_layer_dag.py
[2025-10-23T18:41:16.156+0000] {processor.py:840} INFO - DAG(s) 'silver_layer_dag' retrieved from /opt/airflow/dags/silver_layer_dag.py
[2025-10-23T18:41:16.170+0000] {logging_mixin.py:188} INFO - [2025-10-23T18:41:16.169+0000] {dag.py:3096} INFO - Sync 1 DAGs
[2025-10-23T18:41:16.184+0000] {logging_mixin.py:188} INFO - [2025-10-23T18:41:16.183+0000] {dag.py:3954} INFO - Setting next_dagrun for silver_layer_dag to 2025-10-22 19:00:00+00:00, run_after=2025-10-23 19:00:00+00:00
[2025-10-23T18:41:16.196+0000] {processor.py:183} INFO - Processing /opt/airflow/dags/silver_layer_dag.py took 0.360 seconds
[2025-10-23T18:41:47.119+0000] {processor.py:161} INFO - Started process (PID=231) to work on /opt/airflow/dags/silver_layer_dag.py
[2025-10-23T18:41:47.120+0000] {processor.py:830} INFO - Processing file /opt/airflow/dags/silver_layer_dag.py for tasks to queue
[2025-10-23T18:41:47.122+0000] {logging_mixin.py:188} INFO - [2025-10-23T18:41:47.121+0000] {dagbag.py:540} INFO - Filling up the DagBag from /opt/airflow/dags/silver_layer_dag.py
[2025-10-23T18:41:47.418+0000] {processor.py:840} INFO - DAG(s) 'silver_layer_dag' retrieved from /opt/airflow/dags/silver_layer_dag.py
[2025-10-23T18:41:47.432+0000] {logging_mixin.py:188} INFO - [2025-10-23T18:41:47.432+0000] {dag.py:3096} INFO - Sync 1 DAGs
[2025-10-23T18:41:47.446+0000] {logging_mixin.py:188} INFO - [2025-10-23T18:41:47.446+0000] {dag.py:3954} INFO - Setting next_dagrun for silver_layer_dag to 2025-10-22 19:00:00+00:00, run_after=2025-10-23 19:00:00+00:00
[2025-10-23T18:41:47.459+0000] {processor.py:183} INFO - Processing /opt/airflow/dags/silver_layer_dag.py took 0.345 seconds
[2025-10-23T18:42:18.281+0000] {processor.py:161} INFO - Started process (PID=233) to work on /opt/airflow/dags/silver_layer_dag.py
[2025-10-23T18:42:18.282+0000] {processor.py:830} INFO - Processing file /opt/airflow/dags/silver_layer_dag.py for tasks to queue
[2025-10-23T18:42:18.284+0000] {logging_mixin.py:188} INFO - [2025-10-23T18:42:18.284+0000] {dagbag.py:540} INFO - Filling up the DagBag from /opt/airflow/dags/silver_layer_dag.py
[2025-10-23T18:42:18.588+0000] {processor.py:840} INFO - DAG(s) 'silver_layer_dag' retrieved from /opt/airflow/dags/silver_layer_dag.py
[2025-10-23T18:42:18.602+0000] {logging_mixin.py:188} INFO - [2025-10-23T18:42:18.602+0000] {dag.py:3096} INFO - Sync 1 DAGs
[2025-10-23T18:42:18.615+0000] {logging_mixin.py:188} INFO - [2025-10-23T18:42:18.615+0000] {dag.py:3954} INFO - Setting next_dagrun for silver_layer_dag to 2025-10-22 19:00:00+00:00, run_after=2025-10-23 19:00:00+00:00
[2025-10-23T18:42:18.628+0000] {processor.py:183} INFO - Processing /opt/airflow/dags/silver_layer_dag.py took 0.351 seconds
[2025-10-23T18:42:49.514+0000] {processor.py:161} INFO - Started process (PID=235) to work on /opt/airflow/dags/silver_layer_dag.py
[2025-10-23T18:42:49.514+0000] {processor.py:830} INFO - Processing file /opt/airflow/dags/silver_layer_dag.py for tasks to queue
[2025-10-23T18:42:49.516+0000] {logging_mixin.py:188} INFO - [2025-10-23T18:42:49.516+0000] {dagbag.py:540} INFO - Filling up the DagBag from /opt/airflow/dags/silver_layer_dag.py
[2025-10-23T18:42:49.831+0000] {processor.py:840} INFO - DAG(s) 'silver_layer_dag' retrieved from /opt/airflow/dags/silver_layer_dag.py
[2025-10-23T18:42:49.845+0000] {logging_mixin.py:188} INFO - [2025-10-23T18:42:49.844+0000] {dag.py:3096} INFO - Sync 1 DAGs
[2025-10-23T18:42:49.858+0000] {logging_mixin.py:188} INFO - [2025-10-23T18:42:49.858+0000] {dag.py:3954} INFO - Setting next_dagrun for silver_layer_dag to 2025-10-22 19:00:00+00:00, run_after=2025-10-23 19:00:00+00:00
[2025-10-23T18:42:49.870+0000] {processor.py:183} INFO - Processing /opt/airflow/dags/silver_layer_dag.py took 0.361 seconds
[2025-10-23T18:43:20.722+0000] {processor.py:161} INFO - Started process (PID=237) to work on /opt/airflow/dags/silver_layer_dag.py
[2025-10-23T18:43:20.722+0000] {processor.py:830} INFO - Processing file /opt/airflow/dags/silver_layer_dag.py for tasks to queue
[2025-10-23T18:43:20.724+0000] {logging_mixin.py:188} INFO - [2025-10-23T18:43:20.724+0000] {dagbag.py:540} INFO - Filling up the DagBag from /opt/airflow/dags/silver_layer_dag.py
[2025-10-23T18:43:21.044+0000] {processor.py:840} INFO - DAG(s) 'silver_layer_dag' retrieved from /opt/airflow/dags/silver_layer_dag.py
[2025-10-23T18:43:21.058+0000] {logging_mixin.py:188} INFO - [2025-10-23T18:43:21.058+0000] {dag.py:3096} INFO - Sync 1 DAGs
[2025-10-23T18:43:21.073+0000] {logging_mixin.py:188} INFO - [2025-10-23T18:43:21.072+0000] {dag.py:3954} INFO - Setting next_dagrun for silver_layer_dag to 2025-10-22 19:00:00+00:00, run_after=2025-10-23 19:00:00+00:00
[2025-10-23T18:43:21.086+0000] {processor.py:183} INFO - Processing /opt/airflow/dags/silver_layer_dag.py took 0.369 seconds
[2025-10-23T18:43:51.938+0000] {processor.py:161} INFO - Started process (PID=239) to work on /opt/airflow/dags/silver_layer_dag.py
[2025-10-23T18:43:51.939+0000] {processor.py:830} INFO - Processing file /opt/airflow/dags/silver_layer_dag.py for tasks to queue
[2025-10-23T18:43:51.941+0000] {logging_mixin.py:188} INFO - [2025-10-23T18:43:51.940+0000] {dagbag.py:540} INFO - Filling up the DagBag from /opt/airflow/dags/silver_layer_dag.py
[2025-10-23T18:43:52.239+0000] {processor.py:840} INFO - DAG(s) 'silver_layer_dag' retrieved from /opt/airflow/dags/silver_layer_dag.py
[2025-10-23T18:43:52.253+0000] {logging_mixin.py:188} INFO - [2025-10-23T18:43:52.253+0000] {dag.py:3096} INFO - Sync 1 DAGs
[2025-10-23T18:43:52.267+0000] {logging_mixin.py:188} INFO - [2025-10-23T18:43:52.267+0000] {dag.py:3954} INFO - Setting next_dagrun for silver_layer_dag to 2025-10-22 19:00:00+00:00, run_after=2025-10-23 19:00:00+00:00
[2025-10-23T18:43:52.279+0000] {processor.py:183} INFO - Processing /opt/airflow/dags/silver_layer_dag.py took 0.346 seconds
[2025-10-23T18:44:23.178+0000] {processor.py:161} INFO - Started process (PID=241) to work on /opt/airflow/dags/silver_layer_dag.py
[2025-10-23T18:44:23.178+0000] {processor.py:830} INFO - Processing file /opt/airflow/dags/silver_layer_dag.py for tasks to queue
[2025-10-23T18:44:23.180+0000] {logging_mixin.py:188} INFO - [2025-10-23T18:44:23.180+0000] {dagbag.py:540} INFO - Filling up the DagBag from /opt/airflow/dags/silver_layer_dag.py
[2025-10-23T18:44:23.496+0000] {processor.py:840} INFO - DAG(s) 'silver_layer_dag' retrieved from /opt/airflow/dags/silver_layer_dag.py
[2025-10-23T18:44:23.511+0000] {logging_mixin.py:188} INFO - [2025-10-23T18:44:23.511+0000] {dag.py:3096} INFO - Sync 1 DAGs
[2025-10-23T18:44:23.525+0000] {logging_mixin.py:188} INFO - [2025-10-23T18:44:23.525+0000] {dag.py:3954} INFO - Setting next_dagrun for silver_layer_dag to 2025-10-22 19:00:00+00:00, run_after=2025-10-23 19:00:00+00:00
[2025-10-23T18:44:23.538+0000] {processor.py:183} INFO - Processing /opt/airflow/dags/silver_layer_dag.py took 0.365 seconds
[2025-10-23T18:44:54.390+0000] {processor.py:161} INFO - Started process (PID=243) to work on /opt/airflow/dags/silver_layer_dag.py
[2025-10-23T18:44:54.390+0000] {processor.py:830} INFO - Processing file /opt/airflow/dags/silver_layer_dag.py for tasks to queue
[2025-10-23T18:44:54.392+0000] {logging_mixin.py:188} INFO - [2025-10-23T18:44:54.392+0000] {dagbag.py:540} INFO - Filling up the DagBag from /opt/airflow/dags/silver_layer_dag.py
[2025-10-23T18:44:54.685+0000] {processor.py:840} INFO - DAG(s) 'silver_layer_dag' retrieved from /opt/airflow/dags/silver_layer_dag.py
[2025-10-23T18:44:54.698+0000] {logging_mixin.py:188} INFO - [2025-10-23T18:44:54.698+0000] {dag.py:3096} INFO - Sync 1 DAGs
[2025-10-23T18:44:54.712+0000] {logging_mixin.py:188} INFO - [2025-10-23T18:44:54.712+0000] {dag.py:3954} INFO - Setting next_dagrun for silver_layer_dag to 2025-10-22 19:00:00+00:00, run_after=2025-10-23 19:00:00+00:00
[2025-10-23T18:44:54.725+0000] {processor.py:183} INFO - Processing /opt/airflow/dags/silver_layer_dag.py took 0.340 seconds
[2025-10-23T18:45:25.610+0000] {processor.py:161} INFO - Started process (PID=245) to work on /opt/airflow/dags/silver_layer_dag.py
[2025-10-23T18:45:25.611+0000] {processor.py:830} INFO - Processing file /opt/airflow/dags/silver_layer_dag.py for tasks to queue
[2025-10-23T18:45:25.612+0000] {logging_mixin.py:188} INFO - [2025-10-23T18:45:25.612+0000] {dagbag.py:540} INFO - Filling up the DagBag from /opt/airflow/dags/silver_layer_dag.py
[2025-10-23T18:45:25.920+0000] {processor.py:840} INFO - DAG(s) 'silver_layer_dag' retrieved from /opt/airflow/dags/silver_layer_dag.py
[2025-10-23T18:45:25.934+0000] {logging_mixin.py:188} INFO - [2025-10-23T18:45:25.934+0000] {dag.py:3096} INFO - Sync 1 DAGs
[2025-10-23T18:45:25.947+0000] {logging_mixin.py:188} INFO - [2025-10-23T18:45:25.947+0000] {dag.py:3954} INFO - Setting next_dagrun for silver_layer_dag to 2025-10-22 19:00:00+00:00, run_after=2025-10-23 19:00:00+00:00
[2025-10-23T18:45:25.960+0000] {processor.py:183} INFO - Processing /opt/airflow/dags/silver_layer_dag.py took 0.355 seconds
[2025-10-23T18:45:56.827+0000] {processor.py:161} INFO - Started process (PID=247) to work on /opt/airflow/dags/silver_layer_dag.py
[2025-10-23T18:45:56.828+0000] {processor.py:830} INFO - Processing file /opt/airflow/dags/silver_layer_dag.py for tasks to queue
[2025-10-23T18:45:56.829+0000] {logging_mixin.py:188} INFO - [2025-10-23T18:45:56.829+0000] {dagbag.py:540} INFO - Filling up the DagBag from /opt/airflow/dags/silver_layer_dag.py
[2025-10-23T18:45:57.142+0000] {processor.py:840} INFO - DAG(s) 'silver_layer_dag' retrieved from /opt/airflow/dags/silver_layer_dag.py
[2025-10-23T18:45:57.156+0000] {logging_mixin.py:188} INFO - [2025-10-23T18:45:57.156+0000] {dag.py:3096} INFO - Sync 1 DAGs
[2025-10-23T18:45:57.171+0000] {logging_mixin.py:188} INFO - [2025-10-23T18:45:57.170+0000] {dag.py:3954} INFO - Setting next_dagrun for silver_layer_dag to 2025-10-22 19:00:00+00:00, run_after=2025-10-23 19:00:00+00:00
[2025-10-23T18:45:57.184+0000] {processor.py:183} INFO - Processing /opt/airflow/dags/silver_layer_dag.py took 0.361 seconds
[2025-10-23T18:46:28.045+0000] {processor.py:161} INFO - Started process (PID=249) to work on /opt/airflow/dags/silver_layer_dag.py
[2025-10-23T18:46:28.046+0000] {processor.py:830} INFO - Processing file /opt/airflow/dags/silver_layer_dag.py for tasks to queue
[2025-10-23T18:46:28.048+0000] {logging_mixin.py:188} INFO - [2025-10-23T18:46:28.047+0000] {dagbag.py:540} INFO - Filling up the DagBag from /opt/airflow/dags/silver_layer_dag.py
[2025-10-23T18:46:28.358+0000] {processor.py:840} INFO - DAG(s) 'silver_layer_dag' retrieved from /opt/airflow/dags/silver_layer_dag.py
[2025-10-23T18:46:28.373+0000] {logging_mixin.py:188} INFO - [2025-10-23T18:46:28.373+0000] {dag.py:3096} INFO - Sync 1 DAGs
[2025-10-23T18:46:28.387+0000] {logging_mixin.py:188} INFO - [2025-10-23T18:46:28.387+0000] {dag.py:3954} INFO - Setting next_dagrun for silver_layer_dag to 2025-10-22 19:00:00+00:00, run_after=2025-10-23 19:00:00+00:00
[2025-10-23T18:46:28.400+0000] {processor.py:183} INFO - Processing /opt/airflow/dags/silver_layer_dag.py took 0.359 seconds
[2025-10-23T18:46:59.319+0000] {processor.py:161} INFO - Started process (PID=251) to work on /opt/airflow/dags/silver_layer_dag.py
[2025-10-23T18:46:59.320+0000] {processor.py:830} INFO - Processing file /opt/airflow/dags/silver_layer_dag.py for tasks to queue
[2025-10-23T18:46:59.322+0000] {logging_mixin.py:188} INFO - [2025-10-23T18:46:59.322+0000] {dagbag.py:540} INFO - Filling up the DagBag from /opt/airflow/dags/silver_layer_dag.py
[2025-10-23T18:46:59.625+0000] {processor.py:840} INFO - DAG(s) 'silver_layer_dag' retrieved from /opt/airflow/dags/silver_layer_dag.py
[2025-10-23T18:46:59.638+0000] {logging_mixin.py:188} INFO - [2025-10-23T18:46:59.638+0000] {dag.py:3096} INFO - Sync 1 DAGs
[2025-10-23T18:46:59.651+0000] {logging_mixin.py:188} INFO - [2025-10-23T18:46:59.651+0000] {dag.py:3954} INFO - Setting next_dagrun for silver_layer_dag to 2025-10-22 19:00:00+00:00, run_after=2025-10-23 19:00:00+00:00
[2025-10-23T18:46:59.664+0000] {processor.py:183} INFO - Processing /opt/airflow/dags/silver_layer_dag.py took 0.349 seconds
[2025-10-23T18:47:30.465+0000] {processor.py:161} INFO - Started process (PID=253) to work on /opt/airflow/dags/silver_layer_dag.py
[2025-10-23T18:47:30.465+0000] {processor.py:830} INFO - Processing file /opt/airflow/dags/silver_layer_dag.py for tasks to queue
[2025-10-23T18:47:30.467+0000] {logging_mixin.py:188} INFO - [2025-10-23T18:47:30.467+0000] {dagbag.py:540} INFO - Filling up the DagBag from /opt/airflow/dags/silver_layer_dag.py
[2025-10-23T18:47:30.760+0000] {processor.py:840} INFO - DAG(s) 'silver_layer_dag' retrieved from /opt/airflow/dags/silver_layer_dag.py
[2025-10-23T18:47:30.774+0000] {logging_mixin.py:188} INFO - [2025-10-23T18:47:30.773+0000] {dag.py:3096} INFO - Sync 1 DAGs
[2025-10-23T18:47:30.788+0000] {logging_mixin.py:188} INFO - [2025-10-23T18:47:30.788+0000] {dag.py:3954} INFO - Setting next_dagrun for silver_layer_dag to 2025-10-22 19:00:00+00:00, run_after=2025-10-23 19:00:00+00:00
[2025-10-23T18:47:30.800+0000] {processor.py:183} INFO - Processing /opt/airflow/dags/silver_layer_dag.py took 0.340 seconds
[2025-10-23T18:48:01.666+0000] {processor.py:161} INFO - Started process (PID=255) to work on /opt/airflow/dags/silver_layer_dag.py
[2025-10-23T18:48:01.667+0000] {processor.py:830} INFO - Processing file /opt/airflow/dags/silver_layer_dag.py for tasks to queue
[2025-10-23T18:48:01.669+0000] {logging_mixin.py:188} INFO - [2025-10-23T18:48:01.668+0000] {dagbag.py:540} INFO - Filling up the DagBag from /opt/airflow/dags/silver_layer_dag.py
[2025-10-23T18:48:01.977+0000] {processor.py:840} INFO - DAG(s) 'silver_layer_dag' retrieved from /opt/airflow/dags/silver_layer_dag.py
[2025-10-23T18:48:01.991+0000] {logging_mixin.py:188} INFO - [2025-10-23T18:48:01.991+0000] {dag.py:3096} INFO - Sync 1 DAGs
[2025-10-23T18:48:02.006+0000] {logging_mixin.py:188} INFO - [2025-10-23T18:48:02.005+0000] {dag.py:3954} INFO - Setting next_dagrun for silver_layer_dag to 2025-10-22 19:00:00+00:00, run_after=2025-10-23 19:00:00+00:00
[2025-10-23T18:48:02.018+0000] {processor.py:183} INFO - Processing /opt/airflow/dags/silver_layer_dag.py took 0.357 seconds
[2025-10-23T18:48:32.919+0000] {processor.py:161} INFO - Started process (PID=258) to work on /opt/airflow/dags/silver_layer_dag.py
[2025-10-23T18:48:32.920+0000] {processor.py:830} INFO - Processing file /opt/airflow/dags/silver_layer_dag.py for tasks to queue
[2025-10-23T18:48:32.921+0000] {logging_mixin.py:188} INFO - [2025-10-23T18:48:32.921+0000] {dagbag.py:540} INFO - Filling up the DagBag from /opt/airflow/dags/silver_layer_dag.py
[2025-10-23T18:48:33.226+0000] {processor.py:840} INFO - DAG(s) 'silver_layer_dag' retrieved from /opt/airflow/dags/silver_layer_dag.py
[2025-10-23T18:48:33.240+0000] {logging_mixin.py:188} INFO - [2025-10-23T18:48:33.240+0000] {dag.py:3096} INFO - Sync 1 DAGs
[2025-10-23T18:48:33.255+0000] {logging_mixin.py:188} INFO - [2025-10-23T18:48:33.255+0000] {dag.py:3954} INFO - Setting next_dagrun for silver_layer_dag to 2025-10-22 19:00:00+00:00, run_after=2025-10-23 19:00:00+00:00
[2025-10-23T18:48:33.268+0000] {processor.py:183} INFO - Processing /opt/airflow/dags/silver_layer_dag.py took 0.353 seconds
[2025-10-23T18:49:04.155+0000] {processor.py:161} INFO - Started process (PID=260) to work on /opt/airflow/dags/silver_layer_dag.py
[2025-10-23T18:49:04.156+0000] {processor.py:830} INFO - Processing file /opt/airflow/dags/silver_layer_dag.py for tasks to queue
[2025-10-23T18:49:04.157+0000] {logging_mixin.py:188} INFO - [2025-10-23T18:49:04.157+0000] {dagbag.py:540} INFO - Filling up the DagBag from /opt/airflow/dags/silver_layer_dag.py
[2025-10-23T18:49:04.458+0000] {processor.py:840} INFO - DAG(s) 'silver_layer_dag' retrieved from /opt/airflow/dags/silver_layer_dag.py
[2025-10-23T18:49:04.471+0000] {logging_mixin.py:188} INFO - [2025-10-23T18:49:04.471+0000] {dag.py:3096} INFO - Sync 1 DAGs
[2025-10-23T18:49:04.486+0000] {logging_mixin.py:188} INFO - [2025-10-23T18:49:04.485+0000] {dag.py:3954} INFO - Setting next_dagrun for silver_layer_dag to 2025-10-22 19:00:00+00:00, run_after=2025-10-23 19:00:00+00:00
[2025-10-23T18:49:04.498+0000] {processor.py:183} INFO - Processing /opt/airflow/dags/silver_layer_dag.py took 0.349 seconds
[2025-10-23T18:49:35.374+0000] {processor.py:161} INFO - Started process (PID=262) to work on /opt/airflow/dags/silver_layer_dag.py
[2025-10-23T18:49:35.375+0000] {processor.py:830} INFO - Processing file /opt/airflow/dags/silver_layer_dag.py for tasks to queue
[2025-10-23T18:49:35.377+0000] {logging_mixin.py:188} INFO - [2025-10-23T18:49:35.376+0000] {dagbag.py:540} INFO - Filling up the DagBag from /opt/airflow/dags/silver_layer_dag.py
[2025-10-23T18:49:35.685+0000] {processor.py:840} INFO - DAG(s) 'silver_layer_dag' retrieved from /opt/airflow/dags/silver_layer_dag.py
[2025-10-23T18:49:35.699+0000] {logging_mixin.py:188} INFO - [2025-10-23T18:49:35.699+0000] {dag.py:3096} INFO - Sync 1 DAGs
[2025-10-23T18:49:35.714+0000] {logging_mixin.py:188} INFO - [2025-10-23T18:49:35.714+0000] {dag.py:3954} INFO - Setting next_dagrun for silver_layer_dag to 2025-10-22 19:00:00+00:00, run_after=2025-10-23 19:00:00+00:00
[2025-10-23T18:49:35.726+0000] {processor.py:183} INFO - Processing /opt/airflow/dags/silver_layer_dag.py took 0.356 seconds
[2025-10-23T18:50:06.614+0000] {processor.py:161} INFO - Started process (PID=264) to work on /opt/airflow/dags/silver_layer_dag.py
[2025-10-23T18:50:06.615+0000] {processor.py:830} INFO - Processing file /opt/airflow/dags/silver_layer_dag.py for tasks to queue
[2025-10-23T18:50:06.616+0000] {logging_mixin.py:188} INFO - [2025-10-23T18:50:06.616+0000] {dagbag.py:540} INFO - Filling up the DagBag from /opt/airflow/dags/silver_layer_dag.py
[2025-10-23T18:50:06.929+0000] {processor.py:840} INFO - DAG(s) 'silver_layer_dag' retrieved from /opt/airflow/dags/silver_layer_dag.py
[2025-10-23T18:50:06.942+0000] {logging_mixin.py:188} INFO - [2025-10-23T18:50:06.942+0000] {dag.py:3096} INFO - Sync 1 DAGs
[2025-10-23T18:50:06.956+0000] {logging_mixin.py:188} INFO - [2025-10-23T18:50:06.956+0000] {dag.py:3954} INFO - Setting next_dagrun for silver_layer_dag to 2025-10-22 19:00:00+00:00, run_after=2025-10-23 19:00:00+00:00
[2025-10-23T18:50:06.969+0000] {processor.py:183} INFO - Processing /opt/airflow/dags/silver_layer_dag.py took 0.360 seconds
[2025-10-23T18:50:37.857+0000] {processor.py:161} INFO - Started process (PID=266) to work on /opt/airflow/dags/silver_layer_dag.py
[2025-10-23T18:50:37.858+0000] {processor.py:830} INFO - Processing file /opt/airflow/dags/silver_layer_dag.py for tasks to queue
[2025-10-23T18:50:37.859+0000] {logging_mixin.py:188} INFO - [2025-10-23T18:50:37.859+0000] {dagbag.py:540} INFO - Filling up the DagBag from /opt/airflow/dags/silver_layer_dag.py
[2025-10-23T18:50:38.161+0000] {processor.py:840} INFO - DAG(s) 'silver_layer_dag' retrieved from /opt/airflow/dags/silver_layer_dag.py
[2025-10-23T18:50:38.175+0000] {logging_mixin.py:188} INFO - [2025-10-23T18:50:38.175+0000] {dag.py:3096} INFO - Sync 1 DAGs
[2025-10-23T18:50:38.189+0000] {logging_mixin.py:188} INFO - [2025-10-23T18:50:38.188+0000] {dag.py:3954} INFO - Setting next_dagrun for silver_layer_dag to 2025-10-22 19:00:00+00:00, run_after=2025-10-23 19:00:00+00:00
[2025-10-23T18:50:38.201+0000] {processor.py:183} INFO - Processing /opt/airflow/dags/silver_layer_dag.py took 0.349 seconds
[2025-10-23T18:51:09.109+0000] {processor.py:161} INFO - Started process (PID=268) to work on /opt/airflow/dags/silver_layer_dag.py
[2025-10-23T18:51:09.109+0000] {processor.py:830} INFO - Processing file /opt/airflow/dags/silver_layer_dag.py for tasks to queue
[2025-10-23T18:51:09.111+0000] {logging_mixin.py:188} INFO - [2025-10-23T18:51:09.111+0000] {dagbag.py:540} INFO - Filling up the DagBag from /opt/airflow/dags/silver_layer_dag.py
[2025-10-23T18:51:09.408+0000] {processor.py:840} INFO - DAG(s) 'silver_layer_dag' retrieved from /opt/airflow/dags/silver_layer_dag.py
[2025-10-23T18:51:09.422+0000] {logging_mixin.py:188} INFO - [2025-10-23T18:51:09.421+0000] {dag.py:3096} INFO - Sync 1 DAGs
[2025-10-23T18:51:09.434+0000] {logging_mixin.py:188} INFO - [2025-10-23T18:51:09.434+0000] {dag.py:3954} INFO - Setting next_dagrun for silver_layer_dag to 2025-10-22 19:00:00+00:00, run_after=2025-10-23 19:00:00+00:00
[2025-10-23T18:51:09.447+0000] {processor.py:183} INFO - Processing /opt/airflow/dags/silver_layer_dag.py took 0.343 seconds
[2025-10-23T18:51:40.413+0000] {processor.py:161} INFO - Started process (PID=270) to work on /opt/airflow/dags/silver_layer_dag.py
[2025-10-23T18:51:40.414+0000] {processor.py:830} INFO - Processing file /opt/airflow/dags/silver_layer_dag.py for tasks to queue
[2025-10-23T18:51:40.415+0000] {logging_mixin.py:188} INFO - [2025-10-23T18:51:40.415+0000] {dagbag.py:540} INFO - Filling up the DagBag from /opt/airflow/dags/silver_layer_dag.py
[2025-10-23T18:51:40.709+0000] {processor.py:840} INFO - DAG(s) 'silver_layer_dag' retrieved from /opt/airflow/dags/silver_layer_dag.py
[2025-10-23T18:51:40.723+0000] {logging_mixin.py:188} INFO - [2025-10-23T18:51:40.723+0000] {dag.py:3096} INFO - Sync 1 DAGs
[2025-10-23T18:51:40.737+0000] {logging_mixin.py:188} INFO - [2025-10-23T18:51:40.736+0000] {dag.py:3954} INFO - Setting next_dagrun for silver_layer_dag to 2025-10-22 19:00:00+00:00, run_after=2025-10-23 19:00:00+00:00
[2025-10-23T18:51:40.749+0000] {processor.py:183} INFO - Processing /opt/airflow/dags/silver_layer_dag.py took 0.341 seconds
[2025-10-23T18:52:11.629+0000] {processor.py:161} INFO - Started process (PID=272) to work on /opt/airflow/dags/silver_layer_dag.py
[2025-10-23T18:52:11.630+0000] {processor.py:830} INFO - Processing file /opt/airflow/dags/silver_layer_dag.py for tasks to queue
[2025-10-23T18:52:11.631+0000] {logging_mixin.py:188} INFO - [2025-10-23T18:52:11.631+0000] {dagbag.py:540} INFO - Filling up the DagBag from /opt/airflow/dags/silver_layer_dag.py
[2025-10-23T18:52:11.928+0000] {processor.py:840} INFO - DAG(s) 'silver_layer_dag' retrieved from /opt/airflow/dags/silver_layer_dag.py
[2025-10-23T18:52:11.942+0000] {logging_mixin.py:188} INFO - [2025-10-23T18:52:11.942+0000] {dag.py:3096} INFO - Sync 1 DAGs
[2025-10-23T18:52:11.956+0000] {logging_mixin.py:188} INFO - [2025-10-23T18:52:11.955+0000] {dag.py:3954} INFO - Setting next_dagrun for silver_layer_dag to 2025-10-22 19:00:00+00:00, run_after=2025-10-23 19:00:00+00:00
[2025-10-23T18:52:11.968+0000] {processor.py:183} INFO - Processing /opt/airflow/dags/silver_layer_dag.py took 0.343 seconds
[2025-10-23T18:52:42.926+0000] {processor.py:161} INFO - Started process (PID=274) to work on /opt/airflow/dags/silver_layer_dag.py
[2025-10-23T18:52:42.927+0000] {processor.py:830} INFO - Processing file /opt/airflow/dags/silver_layer_dag.py for tasks to queue
[2025-10-23T18:52:42.929+0000] {logging_mixin.py:188} INFO - [2025-10-23T18:52:42.928+0000] {dagbag.py:540} INFO - Filling up the DagBag from /opt/airflow/dags/silver_layer_dag.py
[2025-10-23T18:52:43.221+0000] {processor.py:840} INFO - DAG(s) 'silver_layer_dag' retrieved from /opt/airflow/dags/silver_layer_dag.py
[2025-10-23T18:52:43.235+0000] {logging_mixin.py:188} INFO - [2025-10-23T18:52:43.235+0000] {dag.py:3096} INFO - Sync 1 DAGs
[2025-10-23T18:52:43.248+0000] {logging_mixin.py:188} INFO - [2025-10-23T18:52:43.248+0000] {dag.py:3954} INFO - Setting next_dagrun for silver_layer_dag to 2025-10-22 19:00:00+00:00, run_after=2025-10-23 19:00:00+00:00
[2025-10-23T18:52:43.261+0000] {processor.py:183} INFO - Processing /opt/airflow/dags/silver_layer_dag.py took 0.339 seconds
[2025-10-23T18:53:14.128+0000] {processor.py:161} INFO - Started process (PID=276) to work on /opt/airflow/dags/silver_layer_dag.py
[2025-10-23T18:53:14.129+0000] {processor.py:830} INFO - Processing file /opt/airflow/dags/silver_layer_dag.py for tasks to queue
[2025-10-23T18:53:14.130+0000] {logging_mixin.py:188} INFO - [2025-10-23T18:53:14.130+0000] {dagbag.py:540} INFO - Filling up the DagBag from /opt/airflow/dags/silver_layer_dag.py
[2025-10-23T18:53:14.446+0000] {processor.py:840} INFO - DAG(s) 'silver_layer_dag' retrieved from /opt/airflow/dags/silver_layer_dag.py
[2025-10-23T18:53:14.459+0000] {logging_mixin.py:188} INFO - [2025-10-23T18:53:14.459+0000] {dag.py:3096} INFO - Sync 1 DAGs
[2025-10-23T18:53:14.473+0000] {logging_mixin.py:188} INFO - [2025-10-23T18:53:14.473+0000] {dag.py:3954} INFO - Setting next_dagrun for silver_layer_dag to 2025-10-22 19:00:00+00:00, run_after=2025-10-23 19:00:00+00:00
[2025-10-23T18:53:14.490+0000] {processor.py:183} INFO - Processing /opt/airflow/dags/silver_layer_dag.py took 0.368 seconds
[2025-10-23T18:53:45.365+0000] {processor.py:161} INFO - Started process (PID=278) to work on /opt/airflow/dags/silver_layer_dag.py
[2025-10-23T18:53:45.365+0000] {processor.py:830} INFO - Processing file /opt/airflow/dags/silver_layer_dag.py for tasks to queue
[2025-10-23T18:53:45.367+0000] {logging_mixin.py:188} INFO - [2025-10-23T18:53:45.367+0000] {dagbag.py:540} INFO - Filling up the DagBag from /opt/airflow/dags/silver_layer_dag.py
[2025-10-23T18:53:45.665+0000] {processor.py:840} INFO - DAG(s) 'silver_layer_dag' retrieved from /opt/airflow/dags/silver_layer_dag.py
[2025-10-23T18:53:45.679+0000] {logging_mixin.py:188} INFO - [2025-10-23T18:53:45.679+0000] {dag.py:3096} INFO - Sync 1 DAGs
[2025-10-23T18:53:45.693+0000] {logging_mixin.py:188} INFO - [2025-10-23T18:53:45.692+0000] {dag.py:3954} INFO - Setting next_dagrun for silver_layer_dag to 2025-10-22 19:00:00+00:00, run_after=2025-10-23 19:00:00+00:00
[2025-10-23T18:53:45.705+0000] {processor.py:183} INFO - Processing /opt/airflow/dags/silver_layer_dag.py took 0.345 seconds
[2025-10-23T18:54:16.618+0000] {processor.py:161} INFO - Started process (PID=280) to work on /opt/airflow/dags/silver_layer_dag.py
[2025-10-23T18:54:16.619+0000] {processor.py:830} INFO - Processing file /opt/airflow/dags/silver_layer_dag.py for tasks to queue
[2025-10-23T18:54:16.621+0000] {logging_mixin.py:188} INFO - [2025-10-23T18:54:16.621+0000] {dagbag.py:540} INFO - Filling up the DagBag from /opt/airflow/dags/silver_layer_dag.py
[2025-10-23T18:54:16.933+0000] {processor.py:840} INFO - DAG(s) 'silver_layer_dag' retrieved from /opt/airflow/dags/silver_layer_dag.py
[2025-10-23T18:54:16.946+0000] {logging_mixin.py:188} INFO - [2025-10-23T18:54:16.946+0000] {dag.py:3096} INFO - Sync 1 DAGs
[2025-10-23T18:54:16.960+0000] {logging_mixin.py:188} INFO - [2025-10-23T18:54:16.960+0000] {dag.py:3954} INFO - Setting next_dagrun for silver_layer_dag to 2025-10-22 19:00:00+00:00, run_after=2025-10-23 19:00:00+00:00
[2025-10-23T18:54:16.972+0000] {processor.py:183} INFO - Processing /opt/airflow/dags/silver_layer_dag.py took 0.358 seconds
[2025-10-23T18:54:47.900+0000] {processor.py:161} INFO - Started process (PID=282) to work on /opt/airflow/dags/silver_layer_dag.py
[2025-10-23T18:54:47.901+0000] {processor.py:830} INFO - Processing file /opt/airflow/dags/silver_layer_dag.py for tasks to queue
[2025-10-23T18:54:47.902+0000] {logging_mixin.py:188} INFO - [2025-10-23T18:54:47.902+0000] {dagbag.py:540} INFO - Filling up the DagBag from /opt/airflow/dags/silver_layer_dag.py
[2025-10-23T18:54:48.210+0000] {processor.py:840} INFO - DAG(s) 'silver_layer_dag' retrieved from /opt/airflow/dags/silver_layer_dag.py
[2025-10-23T18:54:48.223+0000] {logging_mixin.py:188} INFO - [2025-10-23T18:54:48.223+0000] {dag.py:3096} INFO - Sync 1 DAGs
[2025-10-23T18:54:48.236+0000] {logging_mixin.py:188} INFO - [2025-10-23T18:54:48.236+0000] {dag.py:3954} INFO - Setting next_dagrun for silver_layer_dag to 2025-10-22 19:00:00+00:00, run_after=2025-10-23 19:00:00+00:00
[2025-10-23T18:54:48.249+0000] {processor.py:183} INFO - Processing /opt/airflow/dags/silver_layer_dag.py took 0.353 seconds
[2025-10-23T18:55:19.116+0000] {processor.py:161} INFO - Started process (PID=284) to work on /opt/airflow/dags/silver_layer_dag.py
[2025-10-23T18:55:19.117+0000] {processor.py:830} INFO - Processing file /opt/airflow/dags/silver_layer_dag.py for tasks to queue
[2025-10-23T18:55:19.118+0000] {logging_mixin.py:188} INFO - [2025-10-23T18:55:19.118+0000] {dagbag.py:540} INFO - Filling up the DagBag from /opt/airflow/dags/silver_layer_dag.py
[2025-10-23T18:55:19.422+0000] {processor.py:840} INFO - DAG(s) 'silver_layer_dag' retrieved from /opt/airflow/dags/silver_layer_dag.py
[2025-10-23T18:55:19.435+0000] {logging_mixin.py:188} INFO - [2025-10-23T18:55:19.435+0000] {dag.py:3096} INFO - Sync 1 DAGs
[2025-10-23T18:55:19.449+0000] {logging_mixin.py:188} INFO - [2025-10-23T18:55:19.448+0000] {dag.py:3954} INFO - Setting next_dagrun for silver_layer_dag to 2025-10-22 19:00:00+00:00, run_after=2025-10-23 19:00:00+00:00
[2025-10-23T18:55:19.462+0000] {processor.py:183} INFO - Processing /opt/airflow/dags/silver_layer_dag.py took 0.350 seconds
[2025-10-23T18:55:50.364+0000] {processor.py:161} INFO - Started process (PID=286) to work on /opt/airflow/dags/silver_layer_dag.py
[2025-10-23T18:55:50.365+0000] {processor.py:830} INFO - Processing file /opt/airflow/dags/silver_layer_dag.py for tasks to queue
[2025-10-23T18:55:50.367+0000] {logging_mixin.py:188} INFO - [2025-10-23T18:55:50.366+0000] {dagbag.py:540} INFO - Filling up the DagBag from /opt/airflow/dags/silver_layer_dag.py
[2025-10-23T18:55:50.679+0000] {processor.py:840} INFO - DAG(s) 'silver_layer_dag' retrieved from /opt/airflow/dags/silver_layer_dag.py
[2025-10-23T18:55:50.693+0000] {logging_mixin.py:188} INFO - [2025-10-23T18:55:50.693+0000] {dag.py:3096} INFO - Sync 1 DAGs
[2025-10-23T18:55:50.707+0000] {logging_mixin.py:188} INFO - [2025-10-23T18:55:50.707+0000] {dag.py:3954} INFO - Setting next_dagrun for silver_layer_dag to 2025-10-22 19:00:00+00:00, run_after=2025-10-23 19:00:00+00:00
[2025-10-23T18:55:50.720+0000] {processor.py:183} INFO - Processing /opt/airflow/dags/silver_layer_dag.py took 0.360 seconds
[2025-10-23T18:56:21.596+0000] {processor.py:161} INFO - Started process (PID=288) to work on /opt/airflow/dags/silver_layer_dag.py
[2025-10-23T18:56:21.597+0000] {processor.py:830} INFO - Processing file /opt/airflow/dags/silver_layer_dag.py for tasks to queue
[2025-10-23T18:56:21.598+0000] {logging_mixin.py:188} INFO - [2025-10-23T18:56:21.598+0000] {dagbag.py:540} INFO - Filling up the DagBag from /opt/airflow/dags/silver_layer_dag.py
[2025-10-23T18:56:21.895+0000] {processor.py:840} INFO - DAG(s) 'silver_layer_dag' retrieved from /opt/airflow/dags/silver_layer_dag.py
[2025-10-23T18:56:21.908+0000] {logging_mixin.py:188} INFO - [2025-10-23T18:56:21.908+0000] {dag.py:3096} INFO - Sync 1 DAGs
[2025-10-23T18:56:21.923+0000] {logging_mixin.py:188} INFO - [2025-10-23T18:56:21.922+0000] {dag.py:3954} INFO - Setting next_dagrun for silver_layer_dag to 2025-10-22 19:00:00+00:00, run_after=2025-10-23 19:00:00+00:00
[2025-10-23T18:56:21.936+0000] {processor.py:183} INFO - Processing /opt/airflow/dags/silver_layer_dag.py took 0.344 seconds
[2025-10-23T18:56:52.882+0000] {processor.py:161} INFO - Started process (PID=290) to work on /opt/airflow/dags/silver_layer_dag.py
[2025-10-23T18:56:52.883+0000] {processor.py:830} INFO - Processing file /opt/airflow/dags/silver_layer_dag.py for tasks to queue
[2025-10-23T18:56:52.885+0000] {logging_mixin.py:188} INFO - [2025-10-23T18:56:52.884+0000] {dagbag.py:540} INFO - Filling up the DagBag from /opt/airflow/dags/silver_layer_dag.py
[2025-10-23T18:56:53.224+0000] {processor.py:840} INFO - DAG(s) 'silver_layer_dag' retrieved from /opt/airflow/dags/silver_layer_dag.py
[2025-10-23T18:56:53.240+0000] {logging_mixin.py:188} INFO - [2025-10-23T18:56:53.239+0000] {dag.py:3096} INFO - Sync 1 DAGs
[2025-10-23T18:56:53.254+0000] {logging_mixin.py:188} INFO - [2025-10-23T18:56:53.254+0000] {dag.py:3954} INFO - Setting next_dagrun for silver_layer_dag to 2025-10-22 19:00:00+00:00, run_after=2025-10-23 19:00:00+00:00
[2025-10-23T18:56:53.268+0000] {processor.py:183} INFO - Processing /opt/airflow/dags/silver_layer_dag.py took 0.390 seconds
[2025-10-23T18:57:24.030+0000] {processor.py:161} INFO - Started process (PID=292) to work on /opt/airflow/dags/silver_layer_dag.py
[2025-10-23T18:57:24.031+0000] {processor.py:830} INFO - Processing file /opt/airflow/dags/silver_layer_dag.py for tasks to queue
[2025-10-23T18:57:24.033+0000] {logging_mixin.py:188} INFO - [2025-10-23T18:57:24.032+0000] {dagbag.py:540} INFO - Filling up the DagBag from /opt/airflow/dags/silver_layer_dag.py
[2025-10-23T18:57:24.381+0000] {processor.py:840} INFO - DAG(s) 'silver_layer_dag' retrieved from /opt/airflow/dags/silver_layer_dag.py
[2025-10-23T18:57:24.396+0000] {logging_mixin.py:188} INFO - [2025-10-23T18:57:24.396+0000] {dag.py:3096} INFO - Sync 1 DAGs
[2025-10-23T18:57:24.410+0000] {logging_mixin.py:188} INFO - [2025-10-23T18:57:24.410+0000] {dag.py:3954} INFO - Setting next_dagrun for silver_layer_dag to 2025-10-22 19:00:00+00:00, run_after=2025-10-23 19:00:00+00:00
[2025-10-23T18:57:24.424+0000] {processor.py:183} INFO - Processing /opt/airflow/dags/silver_layer_dag.py took 0.398 seconds
[2025-10-23T18:57:54.507+0000] {processor.py:161} INFO - Started process (PID=294) to work on /opt/airflow/dags/silver_layer_dag.py
[2025-10-23T18:57:54.508+0000] {processor.py:830} INFO - Processing file /opt/airflow/dags/silver_layer_dag.py for tasks to queue
[2025-10-23T18:57:54.509+0000] {logging_mixin.py:188} INFO - [2025-10-23T18:57:54.509+0000] {dagbag.py:540} INFO - Filling up the DagBag from /opt/airflow/dags/silver_layer_dag.py
[2025-10-23T18:57:54.896+0000] {processor.py:840} INFO - DAG(s) 'silver_layer_dag' retrieved from /opt/airflow/dags/silver_layer_dag.py
[2025-10-23T18:57:54.916+0000] {logging_mixin.py:188} INFO - [2025-10-23T18:57:54.916+0000] {dag.py:3096} INFO - Sync 1 DAGs
[2025-10-23T18:57:54.935+0000] {logging_mixin.py:188} INFO - [2025-10-23T18:57:54.934+0000] {dag.py:3954} INFO - Setting next_dagrun for silver_layer_dag to 2025-10-22 19:00:00+00:00, run_after=2025-10-23 19:00:00+00:00
[2025-10-23T18:57:54.953+0000] {processor.py:183} INFO - Processing /opt/airflow/dags/silver_layer_dag.py took 0.452 seconds
[2025-10-23T18:58:25.708+0000] {processor.py:161} INFO - Started process (PID=296) to work on /opt/airflow/dags/silver_layer_dag.py
[2025-10-23T18:58:25.710+0000] {processor.py:830} INFO - Processing file /opt/airflow/dags/silver_layer_dag.py for tasks to queue
[2025-10-23T18:58:25.712+0000] {logging_mixin.py:188} INFO - [2025-10-23T18:58:25.712+0000] {dagbag.py:540} INFO - Filling up the DagBag from /opt/airflow/dags/silver_layer_dag.py
[2025-10-23T18:58:26.112+0000] {processor.py:840} INFO - DAG(s) 'silver_layer_dag' retrieved from /opt/airflow/dags/silver_layer_dag.py
[2025-10-23T18:58:26.131+0000] {logging_mixin.py:188} INFO - [2025-10-23T18:58:26.131+0000] {dag.py:3096} INFO - Sync 1 DAGs
[2025-10-23T18:58:26.149+0000] {logging_mixin.py:188} INFO - [2025-10-23T18:58:26.149+0000] {dag.py:3954} INFO - Setting next_dagrun for silver_layer_dag to 2025-10-22 19:00:00+00:00, run_after=2025-10-23 19:00:00+00:00
[2025-10-23T18:58:26.166+0000] {processor.py:183} INFO - Processing /opt/airflow/dags/silver_layer_dag.py took 0.464 seconds
[2025-10-23T18:58:57.023+0000] {processor.py:161} INFO - Started process (PID=298) to work on /opt/airflow/dags/silver_layer_dag.py
[2025-10-23T18:58:57.025+0000] {processor.py:830} INFO - Processing file /opt/airflow/dags/silver_layer_dag.py for tasks to queue
[2025-10-23T18:58:57.028+0000] {logging_mixin.py:188} INFO - [2025-10-23T18:58:57.028+0000] {dagbag.py:540} INFO - Filling up the DagBag from /opt/airflow/dags/silver_layer_dag.py
[2025-10-23T18:58:57.508+0000] {processor.py:840} INFO - DAG(s) 'silver_layer_dag' retrieved from /opt/airflow/dags/silver_layer_dag.py
[2025-10-23T18:58:57.525+0000] {logging_mixin.py:188} INFO - [2025-10-23T18:58:57.525+0000] {dag.py:3096} INFO - Sync 1 DAGs
[2025-10-23T18:58:57.542+0000] {logging_mixin.py:188} INFO - [2025-10-23T18:58:57.542+0000] {dag.py:3954} INFO - Setting next_dagrun for silver_layer_dag to 2025-10-22 19:00:00+00:00, run_after=2025-10-23 19:00:00+00:00
[2025-10-23T18:58:57.558+0000] {processor.py:183} INFO - Processing /opt/airflow/dags/silver_layer_dag.py took 0.544 seconds
[2025-10-23T18:59:28.300+0000] {processor.py:161} INFO - Started process (PID=300) to work on /opt/airflow/dags/silver_layer_dag.py
[2025-10-23T18:59:28.301+0000] {processor.py:830} INFO - Processing file /opt/airflow/dags/silver_layer_dag.py for tasks to queue
[2025-10-23T18:59:28.303+0000] {logging_mixin.py:188} INFO - [2025-10-23T18:59:28.303+0000] {dagbag.py:540} INFO - Filling up the DagBag from /opt/airflow/dags/silver_layer_dag.py
[2025-10-23T18:59:28.630+0000] {processor.py:840} INFO - DAG(s) 'silver_layer_dag' retrieved from /opt/airflow/dags/silver_layer_dag.py
[2025-10-23T18:59:28.645+0000] {logging_mixin.py:188} INFO - [2025-10-23T18:59:28.644+0000] {dag.py:3096} INFO - Sync 1 DAGs
[2025-10-23T18:59:28.662+0000] {logging_mixin.py:188} INFO - [2025-10-23T18:59:28.661+0000] {dag.py:3954} INFO - Setting next_dagrun for silver_layer_dag to 2025-10-22 19:00:00+00:00, run_after=2025-10-23 19:00:00+00:00
[2025-10-23T18:59:28.677+0000] {processor.py:183} INFO - Processing /opt/airflow/dags/silver_layer_dag.py took 0.381 seconds
[2025-10-23T18:59:59.531+0000] {processor.py:161} INFO - Started process (PID=302) to work on /opt/airflow/dags/silver_layer_dag.py
[2025-10-23T18:59:59.532+0000] {processor.py:830} INFO - Processing file /opt/airflow/dags/silver_layer_dag.py for tasks to queue
[2025-10-23T18:59:59.534+0000] {logging_mixin.py:188} INFO - [2025-10-23T18:59:59.534+0000] {dagbag.py:540} INFO - Filling up the DagBag from /opt/airflow/dags/silver_layer_dag.py
[2025-10-23T18:59:59.919+0000] {processor.py:840} INFO - DAG(s) 'silver_layer_dag' retrieved from /opt/airflow/dags/silver_layer_dag.py
[2025-10-23T18:59:59.935+0000] {logging_mixin.py:188} INFO - [2025-10-23T18:59:59.935+0000] {dag.py:3096} INFO - Sync 1 DAGs
[2025-10-23T18:59:59.951+0000] {logging_mixin.py:188} INFO - [2025-10-23T18:59:59.950+0000] {dag.py:3954} INFO - Setting next_dagrun for silver_layer_dag to 2025-10-22 19:00:00+00:00, run_after=2025-10-23 19:00:00+00:00
[2025-10-23T18:59:59.967+0000] {processor.py:183} INFO - Processing /opt/airflow/dags/silver_layer_dag.py took 0.442 seconds
[2025-10-23T19:00:30.193+0000] {processor.py:161} INFO - Started process (PID=304) to work on /opt/airflow/dags/silver_layer_dag.py
[2025-10-23T19:00:30.194+0000] {processor.py:830} INFO - Processing file /opt/airflow/dags/silver_layer_dag.py for tasks to queue
[2025-10-23T19:00:30.196+0000] {logging_mixin.py:188} INFO - [2025-10-23T19:00:30.195+0000] {dagbag.py:540} INFO - Filling up the DagBag from /opt/airflow/dags/silver_layer_dag.py
[2025-10-23T19:00:30.521+0000] {processor.py:840} INFO - DAG(s) 'silver_layer_dag' retrieved from /opt/airflow/dags/silver_layer_dag.py
[2025-10-23T19:00:30.536+0000] {logging_mixin.py:188} INFO - [2025-10-23T19:00:30.536+0000] {dag.py:3096} INFO - Sync 1 DAGs
[2025-10-23T19:00:30.565+0000] {processor.py:183} INFO - Processing /opt/airflow/dags/silver_layer_dag.py took 0.377 seconds
[2025-10-23T19:01:01.411+0000] {processor.py:161} INFO - Started process (PID=306) to work on /opt/airflow/dags/silver_layer_dag.py
[2025-10-23T19:01:01.412+0000] {processor.py:830} INFO - Processing file /opt/airflow/dags/silver_layer_dag.py for tasks to queue
[2025-10-23T19:01:01.414+0000] {logging_mixin.py:188} INFO - [2025-10-23T19:01:01.413+0000] {dagbag.py:540} INFO - Filling up the DagBag from /opt/airflow/dags/silver_layer_dag.py
[2025-10-23T19:01:01.734+0000] {processor.py:840} INFO - DAG(s) 'silver_layer_dag' retrieved from /opt/airflow/dags/silver_layer_dag.py
[2025-10-23T19:01:01.750+0000] {logging_mixin.py:188} INFO - [2025-10-23T19:01:01.750+0000] {dag.py:3096} INFO - Sync 1 DAGs
[2025-10-23T19:01:01.779+0000] {processor.py:183} INFO - Processing /opt/airflow/dags/silver_layer_dag.py took 0.373 seconds
[2025-10-23T19:01:32.667+0000] {processor.py:161} INFO - Started process (PID=308) to work on /opt/airflow/dags/silver_layer_dag.py
[2025-10-23T19:01:32.668+0000] {processor.py:830} INFO - Processing file /opt/airflow/dags/silver_layer_dag.py for tasks to queue
[2025-10-23T19:01:32.670+0000] {logging_mixin.py:188} INFO - [2025-10-23T19:01:32.670+0000] {dagbag.py:540} INFO - Filling up the DagBag from /opt/airflow/dags/silver_layer_dag.py
[2025-10-23T19:01:33.086+0000] {processor.py:840} INFO - DAG(s) 'silver_layer_dag' retrieved from /opt/airflow/dags/silver_layer_dag.py
[2025-10-23T19:01:33.108+0000] {logging_mixin.py:188} INFO - [2025-10-23T19:01:33.107+0000] {dag.py:3096} INFO - Sync 1 DAGs
[2025-10-23T19:01:33.153+0000] {processor.py:183} INFO - Processing /opt/airflow/dags/silver_layer_dag.py took 0.491 seconds
[2025-10-23T19:02:03.970+0000] {processor.py:161} INFO - Started process (PID=310) to work on /opt/airflow/dags/silver_layer_dag.py
[2025-10-23T19:02:03.971+0000] {processor.py:830} INFO - Processing file /opt/airflow/dags/silver_layer_dag.py for tasks to queue
[2025-10-23T19:02:03.972+0000] {logging_mixin.py:188} INFO - [2025-10-23T19:02:03.972+0000] {dagbag.py:540} INFO - Filling up the DagBag from /opt/airflow/dags/silver_layer_dag.py
[2025-10-23T19:02:04.322+0000] {processor.py:840} INFO - DAG(s) 'silver_layer_dag' retrieved from /opt/airflow/dags/silver_layer_dag.py
[2025-10-23T19:02:04.338+0000] {logging_mixin.py:188} INFO - [2025-10-23T19:02:04.338+0000] {dag.py:3096} INFO - Sync 1 DAGs
[2025-10-23T19:02:04.366+0000] {processor.py:183} INFO - Processing /opt/airflow/dags/silver_layer_dag.py took 0.401 seconds
[2025-10-23T19:02:34.448+0000] {processor.py:161} INFO - Started process (PID=312) to work on /opt/airflow/dags/silver_layer_dag.py
[2025-10-23T19:02:34.449+0000] {processor.py:830} INFO - Processing file /opt/airflow/dags/silver_layer_dag.py for tasks to queue
[2025-10-23T19:02:34.450+0000] {logging_mixin.py:188} INFO - [2025-10-23T19:02:34.450+0000] {dagbag.py:540} INFO - Filling up the DagBag from /opt/airflow/dags/silver_layer_dag.py
[2025-10-23T19:02:34.793+0000] {processor.py:840} INFO - DAG(s) 'silver_layer_dag' retrieved from /opt/airflow/dags/silver_layer_dag.py
[2025-10-23T19:02:34.808+0000] {logging_mixin.py:188} INFO - [2025-10-23T19:02:34.808+0000] {dag.py:3096} INFO - Sync 1 DAGs
[2025-10-23T19:02:34.840+0000] {processor.py:183} INFO - Processing /opt/airflow/dags/silver_layer_dag.py took 0.397 seconds
[2025-10-23T19:03:05.646+0000] {processor.py:161} INFO - Started process (PID=314) to work on /opt/airflow/dags/silver_layer_dag.py
[2025-10-23T19:03:05.647+0000] {processor.py:830} INFO - Processing file /opt/airflow/dags/silver_layer_dag.py for tasks to queue
[2025-10-23T19:03:05.649+0000] {logging_mixin.py:188} INFO - [2025-10-23T19:03:05.649+0000] {dagbag.py:540} INFO - Filling up the DagBag from /opt/airflow/dags/silver_layer_dag.py
[2025-10-23T19:03:05.975+0000] {processor.py:840} INFO - DAG(s) 'silver_layer_dag' retrieved from /opt/airflow/dags/silver_layer_dag.py
[2025-10-23T19:03:05.989+0000] {logging_mixin.py:188} INFO - [2025-10-23T19:03:05.989+0000] {dag.py:3096} INFO - Sync 1 DAGs
[2025-10-23T19:03:06.015+0000] {processor.py:183} INFO - Processing /opt/airflow/dags/silver_layer_dag.py took 0.374 seconds
[2025-10-23T19:03:36.937+0000] {processor.py:161} INFO - Started process (PID=316) to work on /opt/airflow/dags/silver_layer_dag.py
[2025-10-23T19:03:36.938+0000] {processor.py:830} INFO - Processing file /opt/airflow/dags/silver_layer_dag.py for tasks to queue
[2025-10-23T19:03:36.940+0000] {logging_mixin.py:188} INFO - [2025-10-23T19:03:36.940+0000] {dagbag.py:540} INFO - Filling up the DagBag from /opt/airflow/dags/silver_layer_dag.py
[2025-10-23T19:03:37.330+0000] {processor.py:840} INFO - DAG(s) 'silver_layer_dag' retrieved from /opt/airflow/dags/silver_layer_dag.py
[2025-10-23T19:03:37.344+0000] {logging_mixin.py:188} INFO - [2025-10-23T19:03:37.344+0000] {dag.py:3096} INFO - Sync 1 DAGs
[2025-10-23T19:03:37.370+0000] {processor.py:183} INFO - Processing /opt/airflow/dags/silver_layer_dag.py took 0.438 seconds
[2025-10-23T19:04:08.222+0000] {processor.py:161} INFO - Started process (PID=318) to work on /opt/airflow/dags/silver_layer_dag.py
[2025-10-23T19:04:08.222+0000] {processor.py:830} INFO - Processing file /opt/airflow/dags/silver_layer_dag.py for tasks to queue
[2025-10-23T19:04:08.224+0000] {logging_mixin.py:188} INFO - [2025-10-23T19:04:08.224+0000] {dagbag.py:540} INFO - Filling up the DagBag from /opt/airflow/dags/silver_layer_dag.py
[2025-10-23T19:04:08.556+0000] {processor.py:840} INFO - DAG(s) 'silver_layer_dag' retrieved from /opt/airflow/dags/silver_layer_dag.py
[2025-10-23T19:04:08.570+0000] {logging_mixin.py:188} INFO - [2025-10-23T19:04:08.570+0000] {dag.py:3096} INFO - Sync 1 DAGs
[2025-10-23T19:04:08.597+0000] {processor.py:183} INFO - Processing /opt/airflow/dags/silver_layer_dag.py took 0.380 seconds
[2025-10-23T19:04:38.698+0000] {processor.py:161} INFO - Started process (PID=320) to work on /opt/airflow/dags/silver_layer_dag.py
[2025-10-23T19:04:38.699+0000] {processor.py:830} INFO - Processing file /opt/airflow/dags/silver_layer_dag.py for tasks to queue
[2025-10-23T19:04:38.700+0000] {logging_mixin.py:188} INFO - [2025-10-23T19:04:38.700+0000] {dagbag.py:540} INFO - Filling up the DagBag from /opt/airflow/dags/silver_layer_dag.py
[2025-10-23T19:04:39.040+0000] {processor.py:840} INFO - DAG(s) 'silver_layer_dag' retrieved from /opt/airflow/dags/silver_layer_dag.py
[2025-10-23T19:04:39.054+0000] {logging_mixin.py:188} INFO - [2025-10-23T19:04:39.054+0000] {dag.py:3096} INFO - Sync 1 DAGs
[2025-10-23T19:04:39.080+0000] {processor.py:183} INFO - Processing /opt/airflow/dags/silver_layer_dag.py took 0.386 seconds
[2025-10-23T19:05:09.915+0000] {processor.py:161} INFO - Started process (PID=322) to work on /opt/airflow/dags/silver_layer_dag.py
[2025-10-23T19:05:09.916+0000] {processor.py:830} INFO - Processing file /opt/airflow/dags/silver_layer_dag.py for tasks to queue
[2025-10-23T19:05:09.919+0000] {logging_mixin.py:188} INFO - [2025-10-23T19:05:09.919+0000] {dagbag.py:540} INFO - Filling up the DagBag from /opt/airflow/dags/silver_layer_dag.py
[2025-10-23T19:05:10.273+0000] {processor.py:840} INFO - DAG(s) 'silver_layer_dag' retrieved from /opt/airflow/dags/silver_layer_dag.py
[2025-10-23T19:05:10.289+0000] {logging_mixin.py:188} INFO - [2025-10-23T19:05:10.288+0000] {dag.py:3096} INFO - Sync 1 DAGs
[2025-10-23T19:05:10.314+0000] {processor.py:183} INFO - Processing /opt/airflow/dags/silver_layer_dag.py took 0.405 seconds
[2025-10-23T19:05:41.169+0000] {processor.py:161} INFO - Started process (PID=324) to work on /opt/airflow/dags/silver_layer_dag.py
[2025-10-23T19:05:41.170+0000] {processor.py:830} INFO - Processing file /opt/airflow/dags/silver_layer_dag.py for tasks to queue
[2025-10-23T19:05:41.172+0000] {logging_mixin.py:188} INFO - [2025-10-23T19:05:41.172+0000] {dagbag.py:540} INFO - Filling up the DagBag from /opt/airflow/dags/silver_layer_dag.py
[2025-10-23T19:05:41.492+0000] {processor.py:840} INFO - DAG(s) 'silver_layer_dag' retrieved from /opt/airflow/dags/silver_layer_dag.py
[2025-10-23T19:05:41.506+0000] {logging_mixin.py:188} INFO - [2025-10-23T19:05:41.506+0000] {dag.py:3096} INFO - Sync 1 DAGs
[2025-10-23T19:05:41.520+0000] {logging_mixin.py:188} INFO - [2025-10-23T19:05:41.520+0000] {dag.py:3954} INFO - Setting next_dagrun for silver_layer_dag to 2025-10-23 19:00:00+00:00, run_after=2025-10-24 19:00:00+00:00
[2025-10-23T19:05:41.534+0000] {processor.py:183} INFO - Processing /opt/airflow/dags/silver_layer_dag.py took 0.370 seconds
[2025-10-23T19:06:12.470+0000] {processor.py:161} INFO - Started process (PID=327) to work on /opt/airflow/dags/silver_layer_dag.py
[2025-10-23T19:06:12.472+0000] {processor.py:830} INFO - Processing file /opt/airflow/dags/silver_layer_dag.py for tasks to queue
[2025-10-23T19:06:12.473+0000] {logging_mixin.py:188} INFO - [2025-10-23T19:06:12.473+0000] {dagbag.py:540} INFO - Filling up the DagBag from /opt/airflow/dags/silver_layer_dag.py
[2025-10-23T19:06:12.806+0000] {processor.py:840} INFO - DAG(s) 'silver_layer_dag' retrieved from /opt/airflow/dags/silver_layer_dag.py
[2025-10-23T19:06:12.821+0000] {logging_mixin.py:188} INFO - [2025-10-23T19:06:12.821+0000] {dag.py:3096} INFO - Sync 1 DAGs
[2025-10-23T19:06:12.836+0000] {logging_mixin.py:188} INFO - [2025-10-23T19:06:12.836+0000] {dag.py:3954} INFO - Setting next_dagrun for silver_layer_dag to 2025-10-23 19:00:00+00:00, run_after=2025-10-24 19:00:00+00:00
[2025-10-23T19:06:12.849+0000] {processor.py:183} INFO - Processing /opt/airflow/dags/silver_layer_dag.py took 0.383 seconds
[2025-10-23T19:06:43.761+0000] {processor.py:161} INFO - Started process (PID=329) to work on /opt/airflow/dags/silver_layer_dag.py
[2025-10-23T19:06:43.762+0000] {processor.py:830} INFO - Processing file /opt/airflow/dags/silver_layer_dag.py for tasks to queue
[2025-10-23T19:06:43.764+0000] {logging_mixin.py:188} INFO - [2025-10-23T19:06:43.763+0000] {dagbag.py:540} INFO - Filling up the DagBag from /opt/airflow/dags/silver_layer_dag.py
[2025-10-23T19:06:44.098+0000] {processor.py:840} INFO - DAG(s) 'silver_layer_dag' retrieved from /opt/airflow/dags/silver_layer_dag.py
[2025-10-23T19:06:44.113+0000] {logging_mixin.py:188} INFO - [2025-10-23T19:06:44.113+0000] {dag.py:3096} INFO - Sync 1 DAGs
[2025-10-23T19:06:44.129+0000] {logging_mixin.py:188} INFO - [2025-10-23T19:06:44.128+0000] {dag.py:3954} INFO - Setting next_dagrun for silver_layer_dag to 2025-10-23 19:00:00+00:00, run_after=2025-10-24 19:00:00+00:00
[2025-10-23T19:06:44.143+0000] {processor.py:183} INFO - Processing /opt/airflow/dags/silver_layer_dag.py took 0.386 seconds
[2025-10-23T19:07:15.055+0000] {processor.py:161} INFO - Started process (PID=331) to work on /opt/airflow/dags/silver_layer_dag.py
[2025-10-23T19:07:15.056+0000] {processor.py:830} INFO - Processing file /opt/airflow/dags/silver_layer_dag.py for tasks to queue
[2025-10-23T19:07:15.057+0000] {logging_mixin.py:188} INFO - [2025-10-23T19:07:15.057+0000] {dagbag.py:540} INFO - Filling up the DagBag from /opt/airflow/dags/silver_layer_dag.py
[2025-10-23T19:07:15.440+0000] {processor.py:840} INFO - DAG(s) 'silver_layer_dag' retrieved from /opt/airflow/dags/silver_layer_dag.py
[2025-10-23T19:07:15.461+0000] {logging_mixin.py:188} INFO - [2025-10-23T19:07:15.460+0000] {dag.py:3096} INFO - Sync 1 DAGs
[2025-10-23T19:07:15.487+0000] {logging_mixin.py:188} INFO - [2025-10-23T19:07:15.487+0000] {dag.py:3954} INFO - Setting next_dagrun for silver_layer_dag to 2025-10-23 19:00:00+00:00, run_after=2025-10-24 19:00:00+00:00
[2025-10-23T19:07:15.505+0000] {processor.py:183} INFO - Processing /opt/airflow/dags/silver_layer_dag.py took 0.456 seconds
[2025-10-23T19:07:46.306+0000] {processor.py:161} INFO - Started process (PID=333) to work on /opt/airflow/dags/silver_layer_dag.py
[2025-10-23T19:07:46.307+0000] {processor.py:830} INFO - Processing file /opt/airflow/dags/silver_layer_dag.py for tasks to queue
[2025-10-23T19:07:46.308+0000] {logging_mixin.py:188} INFO - [2025-10-23T19:07:46.308+0000] {dagbag.py:540} INFO - Filling up the DagBag from /opt/airflow/dags/silver_layer_dag.py
[2025-10-23T19:07:46.609+0000] {processor.py:840} INFO - DAG(s) 'silver_layer_dag' retrieved from /opt/airflow/dags/silver_layer_dag.py
[2025-10-23T19:07:46.624+0000] {logging_mixin.py:188} INFO - [2025-10-23T19:07:46.623+0000] {dag.py:3096} INFO - Sync 1 DAGs
[2025-10-23T19:07:46.638+0000] {logging_mixin.py:188} INFO - [2025-10-23T19:07:46.638+0000] {dag.py:3954} INFO - Setting next_dagrun for silver_layer_dag to 2025-10-23 19:00:00+00:00, run_after=2025-10-24 19:00:00+00:00
[2025-10-23T19:07:46.653+0000] {processor.py:183} INFO - Processing /opt/airflow/dags/silver_layer_dag.py took 0.351 seconds
[2025-10-23T19:08:16.757+0000] {processor.py:161} INFO - Started process (PID=335) to work on /opt/airflow/dags/silver_layer_dag.py
[2025-10-23T19:08:16.758+0000] {processor.py:830} INFO - Processing file /opt/airflow/dags/silver_layer_dag.py for tasks to queue
[2025-10-23T19:08:16.760+0000] {logging_mixin.py:188} INFO - [2025-10-23T19:08:16.760+0000] {dagbag.py:540} INFO - Filling up the DagBag from /opt/airflow/dags/silver_layer_dag.py
[2025-10-23T19:08:17.131+0000] {processor.py:840} INFO - DAG(s) 'silver_layer_dag' retrieved from /opt/airflow/dags/silver_layer_dag.py
[2025-10-23T19:08:17.152+0000] {logging_mixin.py:188} INFO - [2025-10-23T19:08:17.152+0000] {dag.py:3096} INFO - Sync 1 DAGs
[2025-10-23T19:08:17.174+0000] {logging_mixin.py:188} INFO - [2025-10-23T19:08:17.174+0000] {dag.py:3954} INFO - Setting next_dagrun for silver_layer_dag to 2025-10-23 19:00:00+00:00, run_after=2025-10-24 19:00:00+00:00
[2025-10-23T19:08:17.190+0000] {processor.py:183} INFO - Processing /opt/airflow/dags/silver_layer_dag.py took 0.440 seconds
[2025-10-23T19:08:47.902+0000] {processor.py:161} INFO - Started process (PID=337) to work on /opt/airflow/dags/silver_layer_dag.py
[2025-10-23T19:08:47.903+0000] {processor.py:830} INFO - Processing file /opt/airflow/dags/silver_layer_dag.py for tasks to queue
[2025-10-23T19:08:47.904+0000] {logging_mixin.py:188} INFO - [2025-10-23T19:08:47.904+0000] {dagbag.py:540} INFO - Filling up the DagBag from /opt/airflow/dags/silver_layer_dag.py
[2025-10-23T19:08:48.239+0000] {processor.py:840} INFO - DAG(s) 'silver_layer_dag' retrieved from /opt/airflow/dags/silver_layer_dag.py
[2025-10-23T19:08:48.255+0000] {logging_mixin.py:188} INFO - [2025-10-23T19:08:48.254+0000] {dag.py:3096} INFO - Sync 1 DAGs
[2025-10-23T19:08:48.271+0000] {logging_mixin.py:188} INFO - [2025-10-23T19:08:48.270+0000] {dag.py:3954} INFO - Setting next_dagrun for silver_layer_dag to 2025-10-23 19:00:00+00:00, run_after=2025-10-24 19:00:00+00:00
[2025-10-23T19:08:48.284+0000] {processor.py:183} INFO - Processing /opt/airflow/dags/silver_layer_dag.py took 0.388 seconds
[2025-10-23T19:09:19.172+0000] {processor.py:161} INFO - Started process (PID=339) to work on /opt/airflow/dags/silver_layer_dag.py
[2025-10-23T19:09:19.173+0000] {processor.py:830} INFO - Processing file /opt/airflow/dags/silver_layer_dag.py for tasks to queue
[2025-10-23T19:09:19.174+0000] {logging_mixin.py:188} INFO - [2025-10-23T19:09:19.174+0000] {dagbag.py:540} INFO - Filling up the DagBag from /opt/airflow/dags/silver_layer_dag.py
[2025-10-23T19:09:19.516+0000] {processor.py:840} INFO - DAG(s) 'silver_layer_dag' retrieved from /opt/airflow/dags/silver_layer_dag.py
[2025-10-23T19:09:19.530+0000] {logging_mixin.py:188} INFO - [2025-10-23T19:09:19.530+0000] {dag.py:3096} INFO - Sync 1 DAGs
[2025-10-23T19:09:19.544+0000] {logging_mixin.py:188} INFO - [2025-10-23T19:09:19.544+0000] {dag.py:3954} INFO - Setting next_dagrun for silver_layer_dag to 2025-10-23 19:00:00+00:00, run_after=2025-10-24 19:00:00+00:00
[2025-10-23T19:09:19.561+0000] {processor.py:183} INFO - Processing /opt/airflow/dags/silver_layer_dag.py took 0.394 seconds
[2025-10-23T19:09:50.436+0000] {processor.py:161} INFO - Started process (PID=341) to work on /opt/airflow/dags/silver_layer_dag.py
[2025-10-23T19:09:50.437+0000] {processor.py:830} INFO - Processing file /opt/airflow/dags/silver_layer_dag.py for tasks to queue
[2025-10-23T19:09:50.438+0000] {logging_mixin.py:188} INFO - [2025-10-23T19:09:50.438+0000] {dagbag.py:540} INFO - Filling up the DagBag from /opt/airflow/dags/silver_layer_dag.py
[2025-10-23T19:09:50.746+0000] {processor.py:840} INFO - DAG(s) 'silver_layer_dag' retrieved from /opt/airflow/dags/silver_layer_dag.py
[2025-10-23T19:09:50.760+0000] {logging_mixin.py:188} INFO - [2025-10-23T19:09:50.760+0000] {dag.py:3096} INFO - Sync 1 DAGs
[2025-10-23T19:09:50.773+0000] {logging_mixin.py:188} INFO - [2025-10-23T19:09:50.773+0000] {dag.py:3954} INFO - Setting next_dagrun for silver_layer_dag to 2025-10-23 19:00:00+00:00, run_after=2025-10-24 19:00:00+00:00
[2025-10-23T19:09:50.786+0000] {processor.py:183} INFO - Processing /opt/airflow/dags/silver_layer_dag.py took 0.356 seconds
[2025-10-23T19:10:21.689+0000] {processor.py:161} INFO - Started process (PID=343) to work on /opt/airflow/dags/silver_layer_dag.py
[2025-10-23T19:10:21.690+0000] {processor.py:830} INFO - Processing file /opt/airflow/dags/silver_layer_dag.py for tasks to queue
[2025-10-23T19:10:21.692+0000] {logging_mixin.py:188} INFO - [2025-10-23T19:10:21.691+0000] {dagbag.py:540} INFO - Filling up the DagBag from /opt/airflow/dags/silver_layer_dag.py
[2025-10-23T19:10:22.057+0000] {processor.py:840} INFO - DAG(s) 'silver_layer_dag' retrieved from /opt/airflow/dags/silver_layer_dag.py
[2025-10-23T19:10:22.073+0000] {logging_mixin.py:188} INFO - [2025-10-23T19:10:22.073+0000] {dag.py:3096} INFO - Sync 1 DAGs
[2025-10-23T19:10:22.087+0000] {logging_mixin.py:188} INFO - [2025-10-23T19:10:22.087+0000] {dag.py:3954} INFO - Setting next_dagrun for silver_layer_dag to 2025-10-23 19:00:00+00:00, run_after=2025-10-24 19:00:00+00:00
[2025-10-23T19:10:22.102+0000] {processor.py:183} INFO - Processing /opt/airflow/dags/silver_layer_dag.py took 0.420 seconds
[2025-10-23T19:10:52.163+0000] {processor.py:161} INFO - Started process (PID=345) to work on /opt/airflow/dags/silver_layer_dag.py
[2025-10-23T19:10:52.163+0000] {processor.py:830} INFO - Processing file /opt/airflow/dags/silver_layer_dag.py for tasks to queue
[2025-10-23T19:10:52.165+0000] {logging_mixin.py:188} INFO - [2025-10-23T19:10:52.165+0000] {dagbag.py:540} INFO - Filling up the DagBag from /opt/airflow/dags/silver_layer_dag.py
[2025-10-23T19:10:52.479+0000] {processor.py:840} INFO - DAG(s) 'silver_layer_dag' retrieved from /opt/airflow/dags/silver_layer_dag.py
[2025-10-23T19:10:52.494+0000] {logging_mixin.py:188} INFO - [2025-10-23T19:10:52.494+0000] {dag.py:3096} INFO - Sync 1 DAGs
[2025-10-23T19:10:52.509+0000] {logging_mixin.py:188} INFO - [2025-10-23T19:10:52.509+0000] {dag.py:3954} INFO - Setting next_dagrun for silver_layer_dag to 2025-10-23 19:00:00+00:00, run_after=2025-10-24 19:00:00+00:00
[2025-10-23T19:10:52.523+0000] {processor.py:183} INFO - Processing /opt/airflow/dags/silver_layer_dag.py took 0.365 seconds
[2025-10-23T19:11:23.363+0000] {processor.py:161} INFO - Started process (PID=347) to work on /opt/airflow/dags/silver_layer_dag.py
[2025-10-23T19:11:23.364+0000] {processor.py:830} INFO - Processing file /opt/airflow/dags/silver_layer_dag.py for tasks to queue
[2025-10-23T19:11:23.366+0000] {logging_mixin.py:188} INFO - [2025-10-23T19:11:23.366+0000] {dagbag.py:540} INFO - Filling up the DagBag from /opt/airflow/dags/silver_layer_dag.py
[2025-10-23T19:11:23.720+0000] {processor.py:840} INFO - DAG(s) 'silver_layer_dag' retrieved from /opt/airflow/dags/silver_layer_dag.py
[2025-10-23T19:11:23.736+0000] {logging_mixin.py:188} INFO - [2025-10-23T19:11:23.736+0000] {dag.py:3096} INFO - Sync 1 DAGs
[2025-10-23T19:11:23.751+0000] {logging_mixin.py:188} INFO - [2025-10-23T19:11:23.751+0000] {dag.py:3954} INFO - Setting next_dagrun for silver_layer_dag to 2025-10-23 19:00:00+00:00, run_after=2025-10-24 19:00:00+00:00
[2025-10-23T19:11:23.765+0000] {processor.py:183} INFO - Processing /opt/airflow/dags/silver_layer_dag.py took 0.407 seconds
[2025-10-23T19:11:54.817+0000] {processor.py:161} INFO - Started process (PID=349) to work on /opt/airflow/dags/silver_layer_dag.py
[2025-10-23T19:11:54.818+0000] {processor.py:830} INFO - Processing file /opt/airflow/dags/silver_layer_dag.py for tasks to queue
[2025-10-23T19:11:54.819+0000] {logging_mixin.py:188} INFO - [2025-10-23T19:11:54.819+0000] {dagbag.py:540} INFO - Filling up the DagBag from /opt/airflow/dags/silver_layer_dag.py
[2025-10-23T19:11:55.120+0000] {processor.py:840} INFO - DAG(s) 'silver_layer_dag' retrieved from /opt/airflow/dags/silver_layer_dag.py
[2025-10-23T19:11:55.134+0000] {logging_mixin.py:188} INFO - [2025-10-23T19:11:55.134+0000] {dag.py:3096} INFO - Sync 1 DAGs
[2025-10-23T19:11:55.148+0000] {logging_mixin.py:188} INFO - [2025-10-23T19:11:55.148+0000] {dag.py:3954} INFO - Setting next_dagrun for silver_layer_dag to 2025-10-23 19:00:00+00:00, run_after=2025-10-24 19:00:00+00:00
[2025-10-23T19:11:55.161+0000] {processor.py:183} INFO - Processing /opt/airflow/dags/silver_layer_dag.py took 0.348 seconds
[2025-10-23T19:12:26.051+0000] {processor.py:161} INFO - Started process (PID=351) to work on /opt/airflow/dags/silver_layer_dag.py
[2025-10-23T19:12:26.052+0000] {processor.py:830} INFO - Processing file /opt/airflow/dags/silver_layer_dag.py for tasks to queue
[2025-10-23T19:12:26.053+0000] {logging_mixin.py:188} INFO - [2025-10-23T19:12:26.053+0000] {dagbag.py:540} INFO - Filling up the DagBag from /opt/airflow/dags/silver_layer_dag.py
[2025-10-23T19:12:26.373+0000] {processor.py:840} INFO - DAG(s) 'silver_layer_dag' retrieved from /opt/airflow/dags/silver_layer_dag.py
[2025-10-23T19:12:26.386+0000] {logging_mixin.py:188} INFO - [2025-10-23T19:12:26.386+0000] {dag.py:3096} INFO - Sync 1 DAGs
[2025-10-23T19:12:26.400+0000] {logging_mixin.py:188} INFO - [2025-10-23T19:12:26.400+0000] {dag.py:3954} INFO - Setting next_dagrun for silver_layer_dag to 2025-10-23 19:00:00+00:00, run_after=2025-10-24 19:00:00+00:00
[2025-10-23T19:12:26.414+0000] {processor.py:183} INFO - Processing /opt/airflow/dags/silver_layer_dag.py took 0.368 seconds
[2025-10-23T19:12:56.600+0000] {processor.py:161} INFO - Started process (PID=353) to work on /opt/airflow/dags/silver_layer_dag.py
[2025-10-23T19:12:56.605+0000] {processor.py:830} INFO - Processing file /opt/airflow/dags/silver_layer_dag.py for tasks to queue
[2025-10-23T19:12:56.607+0000] {logging_mixin.py:188} INFO - [2025-10-23T19:12:56.607+0000] {dagbag.py:540} INFO - Filling up the DagBag from /opt/airflow/dags/silver_layer_dag.py
[2025-10-23T19:12:57.037+0000] {processor.py:840} INFO - DAG(s) 'silver_layer_dag' retrieved from /opt/airflow/dags/silver_layer_dag.py
[2025-10-23T19:12:57.056+0000] {logging_mixin.py:188} INFO - [2025-10-23T19:12:57.056+0000] {dag.py:3096} INFO - Sync 1 DAGs
[2025-10-23T19:12:57.076+0000] {logging_mixin.py:188} INFO - [2025-10-23T19:12:57.075+0000] {dag.py:3954} INFO - Setting next_dagrun for silver_layer_dag to 2025-10-23 19:00:00+00:00, run_after=2025-10-24 19:00:00+00:00
[2025-10-23T19:12:57.090+0000] {processor.py:183} INFO - Processing /opt/airflow/dags/silver_layer_dag.py took 0.497 seconds
[2025-10-23T19:13:28.456+0000] {processor.py:161} INFO - Started process (PID=355) to work on /opt/airflow/dags/silver_layer_dag.py
[2025-10-23T19:13:28.458+0000] {processor.py:830} INFO - Processing file /opt/airflow/dags/silver_layer_dag.py for tasks to queue
[2025-10-23T19:13:28.464+0000] {logging_mixin.py:188} INFO - [2025-10-23T19:13:28.463+0000] {dagbag.py:540} INFO - Filling up the DagBag from /opt/airflow/dags/silver_layer_dag.py
[2025-10-23T19:13:29.255+0000] {processor.py:840} INFO - DAG(s) 'silver_layer_dag' retrieved from /opt/airflow/dags/silver_layer_dag.py
[2025-10-23T19:13:29.279+0000] {logging_mixin.py:188} INFO - [2025-10-23T19:13:29.279+0000] {dag.py:3096} INFO - Sync 1 DAGs
[2025-10-23T19:13:29.304+0000] {logging_mixin.py:188} INFO - [2025-10-23T19:13:29.304+0000] {dag.py:3954} INFO - Setting next_dagrun for silver_layer_dag to 2025-10-23 19:00:00+00:00, run_after=2025-10-24 19:00:00+00:00
[2025-10-23T19:13:29.344+0000] {processor.py:183} INFO - Processing /opt/airflow/dags/silver_layer_dag.py took 0.897 seconds
[2025-10-23T19:13:59.697+0000] {processor.py:161} INFO - Started process (PID=357) to work on /opt/airflow/dags/silver_layer_dag.py
[2025-10-23T19:13:59.701+0000] {processor.py:830} INFO - Processing file /opt/airflow/dags/silver_layer_dag.py for tasks to queue
[2025-10-23T19:13:59.704+0000] {logging_mixin.py:188} INFO - [2025-10-23T19:13:59.704+0000] {dagbag.py:540} INFO - Filling up the DagBag from /opt/airflow/dags/silver_layer_dag.py
[2025-10-23T19:14:00.110+0000] {processor.py:840} INFO - DAG(s) 'silver_layer_dag' retrieved from /opt/airflow/dags/silver_layer_dag.py
[2025-10-23T19:14:00.128+0000] {logging_mixin.py:188} INFO - [2025-10-23T19:14:00.128+0000] {dag.py:3096} INFO - Sync 1 DAGs
[2025-10-23T19:14:00.146+0000] {logging_mixin.py:188} INFO - [2025-10-23T19:14:00.146+0000] {dag.py:3954} INFO - Setting next_dagrun for silver_layer_dag to 2025-10-23 19:00:00+00:00, run_after=2025-10-24 19:00:00+00:00
[2025-10-23T19:14:00.189+0000] {processor.py:183} INFO - Processing /opt/airflow/dags/silver_layer_dag.py took 0.499 seconds
[2025-10-23T19:14:30.980+0000] {processor.py:161} INFO - Started process (PID=359) to work on /opt/airflow/dags/silver_layer_dag.py
[2025-10-23T19:14:30.981+0000] {processor.py:830} INFO - Processing file /opt/airflow/dags/silver_layer_dag.py for tasks to queue
[2025-10-23T19:14:30.983+0000] {logging_mixin.py:188} INFO - [2025-10-23T19:14:30.982+0000] {dagbag.py:540} INFO - Filling up the DagBag from /opt/airflow/dags/silver_layer_dag.py
[2025-10-23T19:14:31.370+0000] {processor.py:840} INFO - DAG(s) 'silver_layer_dag' retrieved from /opt/airflow/dags/silver_layer_dag.py
[2025-10-23T19:14:31.388+0000] {logging_mixin.py:188} INFO - [2025-10-23T19:14:31.388+0000] {dag.py:3096} INFO - Sync 1 DAGs
[2025-10-23T19:14:31.405+0000] {logging_mixin.py:188} INFO - [2025-10-23T19:14:31.405+0000] {dag.py:3954} INFO - Setting next_dagrun for silver_layer_dag to 2025-10-23 19:00:00+00:00, run_after=2025-10-24 19:00:00+00:00
[2025-10-23T19:14:31.421+0000] {processor.py:183} INFO - Processing /opt/airflow/dags/silver_layer_dag.py took 0.446 seconds
[2025-10-23T19:15:01.555+0000] {processor.py:161} INFO - Started process (PID=361) to work on /opt/airflow/dags/silver_layer_dag.py
[2025-10-23T19:15:01.557+0000] {processor.py:830} INFO - Processing file /opt/airflow/dags/silver_layer_dag.py for tasks to queue
[2025-10-23T19:15:01.559+0000] {logging_mixin.py:188} INFO - [2025-10-23T19:15:01.558+0000] {dagbag.py:540} INFO - Filling up the DagBag from /opt/airflow/dags/silver_layer_dag.py
[2025-10-23T19:15:02.552+0000] {processor.py:840} INFO - DAG(s) 'silver_layer_dag' retrieved from /opt/airflow/dags/silver_layer_dag.py
[2025-10-23T19:15:02.610+0000] {logging_mixin.py:188} INFO - [2025-10-23T19:15:02.609+0000] {dag.py:3096} INFO - Sync 1 DAGs
[2025-10-23T19:15:02.667+0000] {logging_mixin.py:188} INFO - [2025-10-23T19:15:02.667+0000] {dag.py:3954} INFO - Setting next_dagrun for silver_layer_dag to 2025-10-23 19:00:00+00:00, run_after=2025-10-24 19:00:00+00:00
[2025-10-23T19:15:02.725+0000] {processor.py:183} INFO - Processing /opt/airflow/dags/silver_layer_dag.py took 1.177 seconds
[2025-10-23T19:15:32.837+0000] {processor.py:161} INFO - Started process (PID=363) to work on /opt/airflow/dags/silver_layer_dag.py
[2025-10-23T19:15:32.839+0000] {processor.py:830} INFO - Processing file /opt/airflow/dags/silver_layer_dag.py for tasks to queue
[2025-10-23T19:15:32.841+0000] {logging_mixin.py:188} INFO - [2025-10-23T19:15:32.840+0000] {dagbag.py:540} INFO - Filling up the DagBag from /opt/airflow/dags/silver_layer_dag.py
[2025-10-23T19:15:33.368+0000] {processor.py:840} INFO - DAG(s) 'silver_layer_dag' retrieved from /opt/airflow/dags/silver_layer_dag.py
[2025-10-23T19:15:33.394+0000] {logging_mixin.py:188} INFO - [2025-10-23T19:15:33.393+0000] {dag.py:3096} INFO - Sync 1 DAGs
[2025-10-23T19:15:33.417+0000] {logging_mixin.py:188} INFO - [2025-10-23T19:15:33.416+0000] {dag.py:3954} INFO - Setting next_dagrun for silver_layer_dag to 2025-10-23 19:00:00+00:00, run_after=2025-10-24 19:00:00+00:00
[2025-10-23T19:15:33.438+0000] {processor.py:183} INFO - Processing /opt/airflow/dags/silver_layer_dag.py took 0.608 seconds
[2025-10-23T19:16:04.157+0000] {processor.py:161} INFO - Started process (PID=365) to work on /opt/airflow/dags/silver_layer_dag.py
[2025-10-23T19:16:04.158+0000] {processor.py:830} INFO - Processing file /opt/airflow/dags/silver_layer_dag.py for tasks to queue
[2025-10-23T19:16:04.161+0000] {logging_mixin.py:188} INFO - [2025-10-23T19:16:04.160+0000] {dagbag.py:540} INFO - Filling up the DagBag from /opt/airflow/dags/silver_layer_dag.py
[2025-10-23T19:16:04.688+0000] {processor.py:840} INFO - DAG(s) 'silver_layer_dag' retrieved from /opt/airflow/dags/silver_layer_dag.py
[2025-10-23T19:16:04.712+0000] {logging_mixin.py:188} INFO - [2025-10-23T19:16:04.711+0000] {dag.py:3096} INFO - Sync 1 DAGs
[2025-10-23T19:16:04.735+0000] {logging_mixin.py:188} INFO - [2025-10-23T19:16:04.735+0000] {dag.py:3954} INFO - Setting next_dagrun for silver_layer_dag to 2025-10-23 19:00:00+00:00, run_after=2025-10-24 19:00:00+00:00
[2025-10-23T19:16:04.758+0000] {processor.py:183} INFO - Processing /opt/airflow/dags/silver_layer_dag.py took 0.608 seconds
[2025-10-23T19:16:35.422+0000] {processor.py:161} INFO - Started process (PID=367) to work on /opt/airflow/dags/silver_layer_dag.py
[2025-10-23T19:16:35.423+0000] {processor.py:830} INFO - Processing file /opt/airflow/dags/silver_layer_dag.py for tasks to queue
[2025-10-23T19:16:35.425+0000] {logging_mixin.py:188} INFO - [2025-10-23T19:16:35.425+0000] {dagbag.py:540} INFO - Filling up the DagBag from /opt/airflow/dags/silver_layer_dag.py
[2025-10-23T19:16:35.921+0000] {processor.py:840} INFO - DAG(s) 'silver_layer_dag' retrieved from /opt/airflow/dags/silver_layer_dag.py
[2025-10-23T19:16:35.942+0000] {logging_mixin.py:188} INFO - [2025-10-23T19:16:35.942+0000] {dag.py:3096} INFO - Sync 1 DAGs
[2025-10-23T19:16:35.970+0000] {logging_mixin.py:188} INFO - [2025-10-23T19:16:35.970+0000] {dag.py:3954} INFO - Setting next_dagrun for silver_layer_dag to 2025-10-23 19:00:00+00:00, run_after=2025-10-24 19:00:00+00:00
[2025-10-23T19:16:35.993+0000] {processor.py:183} INFO - Processing /opt/airflow/dags/silver_layer_dag.py took 0.578 seconds
[2025-10-23T19:17:06.266+0000] {processor.py:161} INFO - Started process (PID=369) to work on /opt/airflow/dags/silver_layer_dag.py
[2025-10-23T19:17:06.268+0000] {processor.py:830} INFO - Processing file /opt/airflow/dags/silver_layer_dag.py for tasks to queue
[2025-10-23T19:17:06.272+0000] {logging_mixin.py:188} INFO - [2025-10-23T19:17:06.271+0000] {dagbag.py:540} INFO - Filling up the DagBag from /opt/airflow/dags/silver_layer_dag.py
[2025-10-23T19:17:06.870+0000] {processor.py:840} INFO - DAG(s) 'silver_layer_dag' retrieved from /opt/airflow/dags/silver_layer_dag.py
[2025-10-23T19:17:06.894+0000] {logging_mixin.py:188} INFO - [2025-10-23T19:17:06.893+0000] {dag.py:3096} INFO - Sync 1 DAGs
[2025-10-23T19:17:06.919+0000] {logging_mixin.py:188} INFO - [2025-10-23T19:17:06.919+0000] {dag.py:3954} INFO - Setting next_dagrun for silver_layer_dag to 2025-10-23 19:00:00+00:00, run_after=2025-10-24 19:00:00+00:00
[2025-10-23T19:17:06.944+0000] {processor.py:183} INFO - Processing /opt/airflow/dags/silver_layer_dag.py took 0.691 seconds
[2025-10-23T19:17:37.511+0000] {processor.py:161} INFO - Started process (PID=371) to work on /opt/airflow/dags/silver_layer_dag.py
[2025-10-23T19:17:37.512+0000] {processor.py:830} INFO - Processing file /opt/airflow/dags/silver_layer_dag.py for tasks to queue
[2025-10-23T19:17:37.515+0000] {logging_mixin.py:188} INFO - [2025-10-23T19:17:37.515+0000] {dagbag.py:540} INFO - Filling up the DagBag from /opt/airflow/dags/silver_layer_dag.py
[2025-10-23T19:17:38.023+0000] {processor.py:840} INFO - DAG(s) 'silver_layer_dag' retrieved from /opt/airflow/dags/silver_layer_dag.py
[2025-10-23T19:17:38.047+0000] {logging_mixin.py:188} INFO - [2025-10-23T19:17:38.047+0000] {dag.py:3096} INFO - Sync 1 DAGs
[2025-10-23T19:17:38.069+0000] {logging_mixin.py:188} INFO - [2025-10-23T19:17:38.069+0000] {dag.py:3954} INFO - Setting next_dagrun for silver_layer_dag to 2025-10-23 19:00:00+00:00, run_after=2025-10-24 19:00:00+00:00
[2025-10-23T19:17:38.091+0000] {processor.py:183} INFO - Processing /opt/airflow/dags/silver_layer_dag.py took 0.588 seconds
[2025-10-23T19:18:08.822+0000] {processor.py:161} INFO - Started process (PID=373) to work on /opt/airflow/dags/silver_layer_dag.py
[2025-10-23T19:18:08.824+0000] {processor.py:830} INFO - Processing file /opt/airflow/dags/silver_layer_dag.py for tasks to queue
[2025-10-23T19:18:08.827+0000] {logging_mixin.py:188} INFO - [2025-10-23T19:18:08.826+0000] {dagbag.py:540} INFO - Filling up the DagBag from /opt/airflow/dags/silver_layer_dag.py
[2025-10-23T19:18:09.331+0000] {processor.py:840} INFO - DAG(s) 'silver_layer_dag' retrieved from /opt/airflow/dags/silver_layer_dag.py
[2025-10-23T19:18:09.354+0000] {logging_mixin.py:188} INFO - [2025-10-23T19:18:09.354+0000] {dag.py:3096} INFO - Sync 1 DAGs
[2025-10-23T19:18:09.376+0000] {logging_mixin.py:188} INFO - [2025-10-23T19:18:09.376+0000] {dag.py:3954} INFO - Setting next_dagrun for silver_layer_dag to 2025-10-23 19:00:00+00:00, run_after=2025-10-24 19:00:00+00:00
[2025-10-23T19:18:09.400+0000] {processor.py:183} INFO - Processing /opt/airflow/dags/silver_layer_dag.py took 0.584 seconds
[2025-10-23T19:18:40.160+0000] {processor.py:161} INFO - Started process (PID=375) to work on /opt/airflow/dags/silver_layer_dag.py
[2025-10-23T19:18:40.161+0000] {processor.py:830} INFO - Processing file /opt/airflow/dags/silver_layer_dag.py for tasks to queue
[2025-10-23T19:18:40.163+0000] {logging_mixin.py:188} INFO - [2025-10-23T19:18:40.163+0000] {dagbag.py:540} INFO - Filling up the DagBag from /opt/airflow/dags/silver_layer_dag.py
[2025-10-23T19:18:40.727+0000] {processor.py:840} INFO - DAG(s) 'silver_layer_dag' retrieved from /opt/airflow/dags/silver_layer_dag.py
[2025-10-23T19:18:40.752+0000] {logging_mixin.py:188} INFO - [2025-10-23T19:18:40.751+0000] {dag.py:3096} INFO - Sync 1 DAGs
[2025-10-23T19:18:40.779+0000] {logging_mixin.py:188} INFO - [2025-10-23T19:18:40.779+0000] {dag.py:3954} INFO - Setting next_dagrun for silver_layer_dag to 2025-10-23 19:00:00+00:00, run_after=2025-10-24 19:00:00+00:00
[2025-10-23T19:18:40.807+0000] {processor.py:183} INFO - Processing /opt/airflow/dags/silver_layer_dag.py took 0.654 seconds
[2025-10-23T19:19:10.892+0000] {processor.py:161} INFO - Started process (PID=377) to work on /opt/airflow/dags/silver_layer_dag.py
[2025-10-23T19:19:10.894+0000] {processor.py:830} INFO - Processing file /opt/airflow/dags/silver_layer_dag.py for tasks to queue
[2025-10-23T19:19:10.896+0000] {logging_mixin.py:188} INFO - [2025-10-23T19:19:10.896+0000] {dagbag.py:540} INFO - Filling up the DagBag from /opt/airflow/dags/silver_layer_dag.py
[2025-10-23T19:19:11.424+0000] {processor.py:840} INFO - DAG(s) 'silver_layer_dag' retrieved from /opt/airflow/dags/silver_layer_dag.py
[2025-10-23T19:19:11.448+0000] {logging_mixin.py:188} INFO - [2025-10-23T19:19:11.447+0000] {dag.py:3096} INFO - Sync 1 DAGs
[2025-10-23T19:19:11.472+0000] {logging_mixin.py:188} INFO - [2025-10-23T19:19:11.472+0000] {dag.py:3954} INFO - Setting next_dagrun for silver_layer_dag to 2025-10-23 19:00:00+00:00, run_after=2025-10-24 19:00:00+00:00
[2025-10-23T19:19:11.494+0000] {processor.py:183} INFO - Processing /opt/airflow/dags/silver_layer_dag.py took 0.609 seconds
[2025-10-23T19:19:41.773+0000] {processor.py:161} INFO - Started process (PID=379) to work on /opt/airflow/dags/silver_layer_dag.py
[2025-10-23T19:19:41.774+0000] {processor.py:830} INFO - Processing file /opt/airflow/dags/silver_layer_dag.py for tasks to queue
[2025-10-23T19:19:41.776+0000] {logging_mixin.py:188} INFO - [2025-10-23T19:19:41.776+0000] {dagbag.py:540} INFO - Filling up the DagBag from /opt/airflow/dags/silver_layer_dag.py
[2025-10-23T19:19:42.287+0000] {processor.py:840} INFO - DAG(s) 'silver_layer_dag' retrieved from /opt/airflow/dags/silver_layer_dag.py
[2025-10-23T19:19:42.312+0000] {logging_mixin.py:188} INFO - [2025-10-23T19:19:42.312+0000] {dag.py:3096} INFO - Sync 1 DAGs
[2025-10-23T19:19:42.335+0000] {logging_mixin.py:188} INFO - [2025-10-23T19:19:42.334+0000] {dag.py:3954} INFO - Setting next_dagrun for silver_layer_dag to 2025-10-23 19:00:00+00:00, run_after=2025-10-24 19:00:00+00:00
[2025-10-23T19:19:42.357+0000] {processor.py:183} INFO - Processing /opt/airflow/dags/silver_layer_dag.py took 0.591 seconds
[2025-10-23T19:20:12.981+0000] {processor.py:161} INFO - Started process (PID=381) to work on /opt/airflow/dags/silver_layer_dag.py
[2025-10-23T19:20:12.982+0000] {processor.py:830} INFO - Processing file /opt/airflow/dags/silver_layer_dag.py for tasks to queue
[2025-10-23T19:20:12.984+0000] {logging_mixin.py:188} INFO - [2025-10-23T19:20:12.984+0000] {dagbag.py:540} INFO - Filling up the DagBag from /opt/airflow/dags/silver_layer_dag.py
[2025-10-23T19:20:13.537+0000] {processor.py:840} INFO - DAG(s) 'silver_layer_dag' retrieved from /opt/airflow/dags/silver_layer_dag.py
[2025-10-23T19:20:13.561+0000] {logging_mixin.py:188} INFO - [2025-10-23T19:20:13.561+0000] {dag.py:3096} INFO - Sync 1 DAGs
[2025-10-23T19:20:13.589+0000] {logging_mixin.py:188} INFO - [2025-10-23T19:20:13.589+0000] {dag.py:3954} INFO - Setting next_dagrun for silver_layer_dag to 2025-10-23 19:00:00+00:00, run_after=2025-10-24 19:00:00+00:00
[2025-10-23T19:20:13.625+0000] {processor.py:183} INFO - Processing /opt/airflow/dags/silver_layer_dag.py took 0.651 seconds
[2025-10-23T19:20:44.373+0000] {processor.py:161} INFO - Started process (PID=383) to work on /opt/airflow/dags/silver_layer_dag.py
[2025-10-23T19:20:44.374+0000] {processor.py:830} INFO - Processing file /opt/airflow/dags/silver_layer_dag.py for tasks to queue
[2025-10-23T19:20:44.376+0000] {logging_mixin.py:188} INFO - [2025-10-23T19:20:44.376+0000] {dagbag.py:540} INFO - Filling up the DagBag from /opt/airflow/dags/silver_layer_dag.py
[2025-10-23T19:20:44.851+0000] {processor.py:840} INFO - DAG(s) 'silver_layer_dag' retrieved from /opt/airflow/dags/silver_layer_dag.py
[2025-10-23T19:20:44.869+0000] {logging_mixin.py:188} INFO - [2025-10-23T19:20:44.869+0000] {dag.py:3096} INFO - Sync 1 DAGs
[2025-10-23T19:20:44.893+0000] {logging_mixin.py:188} INFO - [2025-10-23T19:20:44.892+0000] {dag.py:3954} INFO - Setting next_dagrun for silver_layer_dag to 2025-10-23 19:00:00+00:00, run_after=2025-10-24 19:00:00+00:00
[2025-10-23T19:20:44.915+0000] {processor.py:183} INFO - Processing /opt/airflow/dags/silver_layer_dag.py took 0.552 seconds
[2025-10-23T19:21:15.107+0000] {processor.py:161} INFO - Started process (PID=385) to work on /opt/airflow/dags/silver_layer_dag.py
[2025-10-23T19:21:15.108+0000] {processor.py:830} INFO - Processing file /opt/airflow/dags/silver_layer_dag.py for tasks to queue
[2025-10-23T19:21:15.111+0000] {logging_mixin.py:188} INFO - [2025-10-23T19:21:15.110+0000] {dagbag.py:540} INFO - Filling up the DagBag from /opt/airflow/dags/silver_layer_dag.py
[2025-10-23T19:21:15.675+0000] {processor.py:840} INFO - DAG(s) 'silver_layer_dag' retrieved from /opt/airflow/dags/silver_layer_dag.py
[2025-10-23T19:21:15.700+0000] {logging_mixin.py:188} INFO - [2025-10-23T19:21:15.700+0000] {dag.py:3096} INFO - Sync 1 DAGs
[2025-10-23T19:21:15.722+0000] {logging_mixin.py:188} INFO - [2025-10-23T19:21:15.722+0000] {dag.py:3954} INFO - Setting next_dagrun for silver_layer_dag to 2025-10-23 19:00:00+00:00, run_after=2025-10-24 19:00:00+00:00
[2025-10-23T19:21:15.744+0000] {processor.py:183} INFO - Processing /opt/airflow/dags/silver_layer_dag.py took 0.644 seconds
[2025-10-23T19:21:46.097+0000] {processor.py:161} INFO - Started process (PID=387) to work on /opt/airflow/dags/silver_layer_dag.py
[2025-10-23T19:21:46.098+0000] {processor.py:830} INFO - Processing file /opt/airflow/dags/silver_layer_dag.py for tasks to queue
[2025-10-23T19:21:46.101+0000] {logging_mixin.py:188} INFO - [2025-10-23T19:21:46.100+0000] {dagbag.py:540} INFO - Filling up the DagBag from /opt/airflow/dags/silver_layer_dag.py
[2025-10-23T19:21:46.653+0000] {processor.py:840} INFO - DAG(s) 'silver_layer_dag' retrieved from /opt/airflow/dags/silver_layer_dag.py
[2025-10-23T19:21:46.680+0000] {logging_mixin.py:188} INFO - [2025-10-23T19:21:46.680+0000] {dag.py:3096} INFO - Sync 1 DAGs
[2025-10-23T19:21:46.706+0000] {logging_mixin.py:188} INFO - [2025-10-23T19:21:46.705+0000] {dag.py:3954} INFO - Setting next_dagrun for silver_layer_dag to 2025-10-23 19:00:00+00:00, run_after=2025-10-24 19:00:00+00:00
[2025-10-23T19:21:46.730+0000] {processor.py:183} INFO - Processing /opt/airflow/dags/silver_layer_dag.py took 0.639 seconds
[2025-10-23T19:22:17.340+0000] {processor.py:161} INFO - Started process (PID=389) to work on /opt/airflow/dags/silver_layer_dag.py
[2025-10-23T19:22:17.342+0000] {processor.py:830} INFO - Processing file /opt/airflow/dags/silver_layer_dag.py for tasks to queue
[2025-10-23T19:22:17.345+0000] {logging_mixin.py:188} INFO - [2025-10-23T19:22:17.344+0000] {dagbag.py:540} INFO - Filling up the DagBag from /opt/airflow/dags/silver_layer_dag.py
[2025-10-23T19:22:17.866+0000] {processor.py:840} INFO - DAG(s) 'silver_layer_dag' retrieved from /opt/airflow/dags/silver_layer_dag.py
[2025-10-23T19:22:17.887+0000] {logging_mixin.py:188} INFO - [2025-10-23T19:22:17.887+0000] {dag.py:3096} INFO - Sync 1 DAGs
[2025-10-23T19:22:17.910+0000] {logging_mixin.py:188} INFO - [2025-10-23T19:22:17.910+0000] {dag.py:3954} INFO - Setting next_dagrun for silver_layer_dag to 2025-10-23 19:00:00+00:00, run_after=2025-10-24 19:00:00+00:00
[2025-10-23T19:22:17.931+0000] {processor.py:183} INFO - Processing /opt/airflow/dags/silver_layer_dag.py took 0.598 seconds
[2025-10-23T19:22:48.706+0000] {processor.py:161} INFO - Started process (PID=391) to work on /opt/airflow/dags/silver_layer_dag.py
[2025-10-23T19:22:48.708+0000] {processor.py:830} INFO - Processing file /opt/airflow/dags/silver_layer_dag.py for tasks to queue
[2025-10-23T19:22:48.710+0000] {logging_mixin.py:188} INFO - [2025-10-23T19:22:48.710+0000] {dagbag.py:540} INFO - Filling up the DagBag from /opt/airflow/dags/silver_layer_dag.py
[2025-10-23T19:22:49.259+0000] {processor.py:840} INFO - DAG(s) 'silver_layer_dag' retrieved from /opt/airflow/dags/silver_layer_dag.py
[2025-10-23T19:22:49.281+0000] {logging_mixin.py:188} INFO - [2025-10-23T19:22:49.281+0000] {dag.py:3096} INFO - Sync 1 DAGs
[2025-10-23T19:22:49.307+0000] {logging_mixin.py:188} INFO - [2025-10-23T19:22:49.307+0000] {dag.py:3954} INFO - Setting next_dagrun for silver_layer_dag to 2025-10-23 19:00:00+00:00, run_after=2025-10-24 19:00:00+00:00
[2025-10-23T19:22:49.331+0000] {processor.py:183} INFO - Processing /opt/airflow/dags/silver_layer_dag.py took 0.634 seconds
[2025-10-23T19:23:19.981+0000] {processor.py:161} INFO - Started process (PID=393) to work on /opt/airflow/dags/silver_layer_dag.py
[2025-10-23T19:23:19.983+0000] {processor.py:830} INFO - Processing file /opt/airflow/dags/silver_layer_dag.py for tasks to queue
[2025-10-23T19:23:19.986+0000] {logging_mixin.py:188} INFO - [2025-10-23T19:23:19.985+0000] {dagbag.py:540} INFO - Filling up the DagBag from /opt/airflow/dags/silver_layer_dag.py
[2025-10-23T19:23:20.550+0000] {processor.py:840} INFO - DAG(s) 'silver_layer_dag' retrieved from /opt/airflow/dags/silver_layer_dag.py
[2025-10-23T19:23:20.572+0000] {logging_mixin.py:188} INFO - [2025-10-23T19:23:20.572+0000] {dag.py:3096} INFO - Sync 1 DAGs
[2025-10-23T19:23:20.599+0000] {logging_mixin.py:188} INFO - [2025-10-23T19:23:20.598+0000] {dag.py:3954} INFO - Setting next_dagrun for silver_layer_dag to 2025-10-23 19:00:00+00:00, run_after=2025-10-24 19:00:00+00:00
[2025-10-23T19:23:20.621+0000] {processor.py:183} INFO - Processing /opt/airflow/dags/silver_layer_dag.py took 0.647 seconds
[2025-10-23T19:23:50.728+0000] {processor.py:161} INFO - Started process (PID=395) to work on /opt/airflow/dags/silver_layer_dag.py
[2025-10-23T19:23:50.729+0000] {processor.py:830} INFO - Processing file /opt/airflow/dags/silver_layer_dag.py for tasks to queue
[2025-10-23T19:23:50.731+0000] {logging_mixin.py:188} INFO - [2025-10-23T19:23:50.731+0000] {dagbag.py:540} INFO - Filling up the DagBag from /opt/airflow/dags/silver_layer_dag.py
[2025-10-23T19:23:51.279+0000] {processor.py:840} INFO - DAG(s) 'silver_layer_dag' retrieved from /opt/airflow/dags/silver_layer_dag.py
[2025-10-23T19:23:51.308+0000] {logging_mixin.py:188} INFO - [2025-10-23T19:23:51.308+0000] {dag.py:3096} INFO - Sync 1 DAGs
[2025-10-23T19:23:51.335+0000] {logging_mixin.py:188} INFO - [2025-10-23T19:23:51.335+0000] {dag.py:3954} INFO - Setting next_dagrun for silver_layer_dag to 2025-10-23 19:00:00+00:00, run_after=2025-10-24 19:00:00+00:00
[2025-10-23T19:23:51.359+0000] {processor.py:183} INFO - Processing /opt/airflow/dags/silver_layer_dag.py took 0.639 seconds
[2025-10-23T19:24:21.883+0000] {processor.py:161} INFO - Started process (PID=397) to work on /opt/airflow/dags/silver_layer_dag.py
[2025-10-23T19:24:21.885+0000] {processor.py:830} INFO - Processing file /opt/airflow/dags/silver_layer_dag.py for tasks to queue
[2025-10-23T19:24:21.887+0000] {logging_mixin.py:188} INFO - [2025-10-23T19:24:21.887+0000] {dagbag.py:540} INFO - Filling up the DagBag from /opt/airflow/dags/silver_layer_dag.py
[2025-10-23T19:24:22.361+0000] {processor.py:840} INFO - DAG(s) 'silver_layer_dag' retrieved from /opt/airflow/dags/silver_layer_dag.py
[2025-10-23T19:24:22.383+0000] {logging_mixin.py:188} INFO - [2025-10-23T19:24:22.382+0000] {dag.py:3096} INFO - Sync 1 DAGs
[2025-10-23T19:24:22.405+0000] {logging_mixin.py:188} INFO - [2025-10-23T19:24:22.405+0000] {dag.py:3954} INFO - Setting next_dagrun for silver_layer_dag to 2025-10-23 19:00:00+00:00, run_after=2025-10-24 19:00:00+00:00
[2025-10-23T19:24:22.426+0000] {processor.py:183} INFO - Processing /opt/airflow/dags/silver_layer_dag.py took 0.552 seconds
[2025-10-23T19:24:53.223+0000] {processor.py:161} INFO - Started process (PID=399) to work on /opt/airflow/dags/silver_layer_dag.py
[2025-10-23T19:24:53.224+0000] {processor.py:830} INFO - Processing file /opt/airflow/dags/silver_layer_dag.py for tasks to queue
[2025-10-23T19:24:53.226+0000] {logging_mixin.py:188} INFO - [2025-10-23T19:24:53.226+0000] {dagbag.py:540} INFO - Filling up the DagBag from /opt/airflow/dags/silver_layer_dag.py
[2025-10-23T19:24:53.727+0000] {processor.py:840} INFO - DAG(s) 'silver_layer_dag' retrieved from /opt/airflow/dags/silver_layer_dag.py
[2025-10-23T19:24:53.750+0000] {logging_mixin.py:188} INFO - [2025-10-23T19:24:53.750+0000] {dag.py:3096} INFO - Sync 1 DAGs
[2025-10-23T19:24:53.776+0000] {logging_mixin.py:188} INFO - [2025-10-23T19:24:53.776+0000] {dag.py:3954} INFO - Setting next_dagrun for silver_layer_dag to 2025-10-23 19:00:00+00:00, run_after=2025-10-24 19:00:00+00:00
[2025-10-23T19:24:53.802+0000] {processor.py:183} INFO - Processing /opt/airflow/dags/silver_layer_dag.py took 0.586 seconds
[2025-10-23T19:25:23.882+0000] {processor.py:161} INFO - Started process (PID=401) to work on /opt/airflow/dags/silver_layer_dag.py
[2025-10-23T19:25:23.884+0000] {processor.py:830} INFO - Processing file /opt/airflow/dags/silver_layer_dag.py for tasks to queue
[2025-10-23T19:25:23.886+0000] {logging_mixin.py:188} INFO - [2025-10-23T19:25:23.886+0000] {dagbag.py:540} INFO - Filling up the DagBag from /opt/airflow/dags/silver_layer_dag.py
[2025-10-23T19:25:24.376+0000] {processor.py:840} INFO - DAG(s) 'silver_layer_dag' retrieved from /opt/airflow/dags/silver_layer_dag.py
[2025-10-23T19:25:24.400+0000] {logging_mixin.py:188} INFO - [2025-10-23T19:25:24.400+0000] {dag.py:3096} INFO - Sync 1 DAGs
[2025-10-23T19:25:24.425+0000] {logging_mixin.py:188} INFO - [2025-10-23T19:25:24.425+0000] {dag.py:3954} INFO - Setting next_dagrun for silver_layer_dag to 2025-10-23 19:00:00+00:00, run_after=2025-10-24 19:00:00+00:00
[2025-10-23T19:25:24.472+0000] {processor.py:183} INFO - Processing /opt/airflow/dags/silver_layer_dag.py took 0.576 seconds
[2025-10-23T19:25:55.204+0000] {processor.py:161} INFO - Started process (PID=403) to work on /opt/airflow/dags/silver_layer_dag.py
[2025-10-23T19:25:55.206+0000] {processor.py:830} INFO - Processing file /opt/airflow/dags/silver_layer_dag.py for tasks to queue
[2025-10-23T19:25:55.209+0000] {logging_mixin.py:188} INFO - [2025-10-23T19:25:55.208+0000] {dagbag.py:540} INFO - Filling up the DagBag from /opt/airflow/dags/silver_layer_dag.py
[2025-10-23T19:25:55.795+0000] {processor.py:840} INFO - DAG(s) 'silver_layer_dag' retrieved from /opt/airflow/dags/silver_layer_dag.py
[2025-10-23T19:25:55.820+0000] {logging_mixin.py:188} INFO - [2025-10-23T19:25:55.820+0000] {dag.py:3096} INFO - Sync 1 DAGs
[2025-10-23T19:25:55.849+0000] {logging_mixin.py:188} INFO - [2025-10-23T19:25:55.848+0000] {dag.py:3954} INFO - Setting next_dagrun for silver_layer_dag to 2025-10-23 19:00:00+00:00, run_after=2025-10-24 19:00:00+00:00
[2025-10-23T19:25:55.874+0000] {processor.py:183} INFO - Processing /opt/airflow/dags/silver_layer_dag.py took 0.676 seconds
[2025-10-23T19:26:26.796+0000] {processor.py:161} INFO - Started process (PID=405) to work on /opt/airflow/dags/silver_layer_dag.py
[2025-10-23T19:26:26.798+0000] {processor.py:830} INFO - Processing file /opt/airflow/dags/silver_layer_dag.py for tasks to queue
[2025-10-23T19:26:26.801+0000] {logging_mixin.py:188} INFO - [2025-10-23T19:26:26.800+0000] {dagbag.py:540} INFO - Filling up the DagBag from /opt/airflow/dags/silver_layer_dag.py
[2025-10-23T19:26:27.319+0000] {processor.py:840} INFO - DAG(s) 'silver_layer_dag' retrieved from /opt/airflow/dags/silver_layer_dag.py
[2025-10-23T19:26:27.341+0000] {logging_mixin.py:188} INFO - [2025-10-23T19:26:27.341+0000] {dag.py:3096} INFO - Sync 1 DAGs
[2025-10-23T19:26:27.363+0000] {logging_mixin.py:188} INFO - [2025-10-23T19:26:27.362+0000] {dag.py:3954} INFO - Setting next_dagrun for silver_layer_dag to 2025-10-23 19:00:00+00:00, run_after=2025-10-24 19:00:00+00:00
[2025-10-23T19:26:27.384+0000] {processor.py:183} INFO - Processing /opt/airflow/dags/silver_layer_dag.py took 0.594 seconds
[2025-10-23T19:26:58.282+0000] {processor.py:161} INFO - Started process (PID=407) to work on /opt/airflow/dags/silver_layer_dag.py
[2025-10-23T19:26:58.283+0000] {processor.py:830} INFO - Processing file /opt/airflow/dags/silver_layer_dag.py for tasks to queue
[2025-10-23T19:26:58.287+0000] {logging_mixin.py:188} INFO - [2025-10-23T19:26:58.286+0000] {dagbag.py:540} INFO - Filling up the DagBag from /opt/airflow/dags/silver_layer_dag.py
[2025-10-23T19:26:59.184+0000] {processor.py:840} INFO - DAG(s) 'silver_layer_dag' retrieved from /opt/airflow/dags/silver_layer_dag.py
[2025-10-23T19:26:59.215+0000] {logging_mixin.py:188} INFO - [2025-10-23T19:26:59.214+0000] {dag.py:3096} INFO - Sync 1 DAGs
[2025-10-23T19:26:59.253+0000] {logging_mixin.py:188} INFO - [2025-10-23T19:26:59.253+0000] {dag.py:3954} INFO - Setting next_dagrun for silver_layer_dag to 2025-10-23 19:00:00+00:00, run_after=2025-10-24 19:00:00+00:00
[2025-10-23T19:26:59.289+0000] {processor.py:183} INFO - Processing /opt/airflow/dags/silver_layer_dag.py took 1.015 seconds
[2025-10-23T19:27:29.566+0000] {processor.py:161} INFO - Started process (PID=409) to work on /opt/airflow/dags/silver_layer_dag.py
[2025-10-23T19:27:29.567+0000] {processor.py:830} INFO - Processing file /opt/airflow/dags/silver_layer_dag.py for tasks to queue
[2025-10-23T19:27:29.571+0000] {logging_mixin.py:188} INFO - [2025-10-23T19:27:29.571+0000] {dagbag.py:540} INFO - Filling up the DagBag from /opt/airflow/dags/silver_layer_dag.py
[2025-10-23T19:27:30.115+0000] {processor.py:840} INFO - DAG(s) 'silver_layer_dag' retrieved from /opt/airflow/dags/silver_layer_dag.py
[2025-10-23T19:27:30.138+0000] {logging_mixin.py:188} INFO - [2025-10-23T19:27:30.137+0000] {dag.py:3096} INFO - Sync 1 DAGs
[2025-10-23T19:27:30.162+0000] {logging_mixin.py:188} INFO - [2025-10-23T19:27:30.162+0000] {dag.py:3954} INFO - Setting next_dagrun for silver_layer_dag to 2025-10-23 19:00:00+00:00, run_after=2025-10-24 19:00:00+00:00
[2025-10-23T19:27:30.185+0000] {processor.py:183} INFO - Processing /opt/airflow/dags/silver_layer_dag.py took 0.626 seconds
[2025-10-23T19:28:00.391+0000] {processor.py:161} INFO - Started process (PID=412) to work on /opt/airflow/dags/silver_layer_dag.py
[2025-10-23T19:28:00.392+0000] {processor.py:830} INFO - Processing file /opt/airflow/dags/silver_layer_dag.py for tasks to queue
[2025-10-23T19:28:00.394+0000] {logging_mixin.py:188} INFO - [2025-10-23T19:28:00.393+0000] {dagbag.py:540} INFO - Filling up the DagBag from /opt/airflow/dags/silver_layer_dag.py
[2025-10-23T19:28:00.959+0000] {processor.py:840} INFO - DAG(s) 'silver_layer_dag' retrieved from /opt/airflow/dags/silver_layer_dag.py
[2025-10-23T19:28:00.981+0000] {logging_mixin.py:188} INFO - [2025-10-23T19:28:00.981+0000] {dag.py:3096} INFO - Sync 1 DAGs
[2025-10-23T19:28:01.003+0000] {logging_mixin.py:188} INFO - [2025-10-23T19:28:01.003+0000] {dag.py:3954} INFO - Setting next_dagrun for silver_layer_dag to 2025-10-23 19:00:00+00:00, run_after=2025-10-24 19:00:00+00:00
[2025-10-23T19:28:01.025+0000] {processor.py:183} INFO - Processing /opt/airflow/dags/silver_layer_dag.py took 0.642 seconds
[2025-10-23T19:28:31.632+0000] {processor.py:161} INFO - Started process (PID=414) to work on /opt/airflow/dags/silver_layer_dag.py
[2025-10-23T19:28:31.633+0000] {processor.py:830} INFO - Processing file /opt/airflow/dags/silver_layer_dag.py for tasks to queue
[2025-10-23T19:28:31.635+0000] {logging_mixin.py:188} INFO - [2025-10-23T19:28:31.635+0000] {dagbag.py:540} INFO - Filling up the DagBag from /opt/airflow/dags/silver_layer_dag.py
[2025-10-23T19:28:32.168+0000] {processor.py:840} INFO - DAG(s) 'silver_layer_dag' retrieved from /opt/airflow/dags/silver_layer_dag.py
[2025-10-23T19:28:32.190+0000] {logging_mixin.py:188} INFO - [2025-10-23T19:28:32.189+0000] {dag.py:3096} INFO - Sync 1 DAGs
[2025-10-23T19:28:32.211+0000] {logging_mixin.py:188} INFO - [2025-10-23T19:28:32.211+0000] {dag.py:3954} INFO - Setting next_dagrun for silver_layer_dag to 2025-10-23 19:00:00+00:00, run_after=2025-10-24 19:00:00+00:00
[2025-10-23T19:28:32.232+0000] {processor.py:183} INFO - Processing /opt/airflow/dags/silver_layer_dag.py took 0.606 seconds
[2025-10-23T19:29:02.933+0000] {processor.py:161} INFO - Started process (PID=416) to work on /opt/airflow/dags/silver_layer_dag.py
[2025-10-23T19:29:02.935+0000] {processor.py:830} INFO - Processing file /opt/airflow/dags/silver_layer_dag.py for tasks to queue
[2025-10-23T19:29:02.938+0000] {logging_mixin.py:188} INFO - [2025-10-23T19:29:02.937+0000] {dagbag.py:540} INFO - Filling up the DagBag from /opt/airflow/dags/silver_layer_dag.py
[2025-10-23T19:29:03.474+0000] {processor.py:840} INFO - DAG(s) 'silver_layer_dag' retrieved from /opt/airflow/dags/silver_layer_dag.py
[2025-10-23T19:29:03.500+0000] {logging_mixin.py:188} INFO - [2025-10-23T19:29:03.499+0000] {dag.py:3096} INFO - Sync 1 DAGs
[2025-10-23T19:29:03.522+0000] {logging_mixin.py:188} INFO - [2025-10-23T19:29:03.522+0000] {dag.py:3954} INFO - Setting next_dagrun for silver_layer_dag to 2025-10-23 19:00:00+00:00, run_after=2025-10-24 19:00:00+00:00
[2025-10-23T19:29:03.545+0000] {processor.py:183} INFO - Processing /opt/airflow/dags/silver_layer_dag.py took 0.620 seconds
[2025-10-23T19:29:34.257+0000] {processor.py:161} INFO - Started process (PID=418) to work on /opt/airflow/dags/silver_layer_dag.py
[2025-10-23T19:29:34.258+0000] {processor.py:830} INFO - Processing file /opt/airflow/dags/silver_layer_dag.py for tasks to queue
[2025-10-23T19:29:34.260+0000] {logging_mixin.py:188} INFO - [2025-10-23T19:29:34.260+0000] {dagbag.py:540} INFO - Filling up the DagBag from /opt/airflow/dags/silver_layer_dag.py
[2025-10-23T19:29:34.656+0000] {processor.py:840} INFO - DAG(s) 'silver_layer_dag' retrieved from /opt/airflow/dags/silver_layer_dag.py
[2025-10-23T19:29:34.675+0000] {logging_mixin.py:188} INFO - [2025-10-23T19:29:34.674+0000] {dag.py:3096} INFO - Sync 1 DAGs
[2025-10-23T19:29:34.696+0000] {logging_mixin.py:188} INFO - [2025-10-23T19:29:34.696+0000] {dag.py:3954} INFO - Setting next_dagrun for silver_layer_dag to 2025-10-23 19:00:00+00:00, run_after=2025-10-24 19:00:00+00:00
[2025-10-23T19:29:34.717+0000] {processor.py:183} INFO - Processing /opt/airflow/dags/silver_layer_dag.py took 0.465 seconds
[2025-10-23T19:30:04.782+0000] {processor.py:161} INFO - Started process (PID=420) to work on /opt/airflow/dags/silver_layer_dag.py
[2025-10-23T19:30:04.784+0000] {processor.py:830} INFO - Processing file /opt/airflow/dags/silver_layer_dag.py for tasks to queue
[2025-10-23T19:30:04.788+0000] {logging_mixin.py:188} INFO - [2025-10-23T19:30:04.787+0000] {dagbag.py:540} INFO - Filling up the DagBag from /opt/airflow/dags/silver_layer_dag.py
[2025-10-23T19:30:05.304+0000] {processor.py:840} INFO - DAG(s) 'silver_layer_dag' retrieved from /opt/airflow/dags/silver_layer_dag.py
[2025-10-23T19:30:05.326+0000] {logging_mixin.py:188} INFO - [2025-10-23T19:30:05.325+0000] {dag.py:3096} INFO - Sync 1 DAGs
[2025-10-23T19:30:05.347+0000] {logging_mixin.py:188} INFO - [2025-10-23T19:30:05.347+0000] {dag.py:3954} INFO - Setting next_dagrun for silver_layer_dag to 2025-10-23 19:00:00+00:00, run_after=2025-10-24 19:00:00+00:00
[2025-10-23T19:30:05.367+0000] {processor.py:183} INFO - Processing /opt/airflow/dags/silver_layer_dag.py took 0.593 seconds
[2025-10-23T19:30:36.032+0000] {processor.py:161} INFO - Started process (PID=422) to work on /opt/airflow/dags/silver_layer_dag.py
[2025-10-23T19:30:36.033+0000] {processor.py:830} INFO - Processing file /opt/airflow/dags/silver_layer_dag.py for tasks to queue
[2025-10-23T19:30:36.035+0000] {logging_mixin.py:188} INFO - [2025-10-23T19:30:36.035+0000] {dagbag.py:540} INFO - Filling up the DagBag from /opt/airflow/dags/silver_layer_dag.py
[2025-10-23T19:30:36.485+0000] {processor.py:840} INFO - DAG(s) 'silver_layer_dag' retrieved from /opt/airflow/dags/silver_layer_dag.py
[2025-10-23T19:30:36.507+0000] {logging_mixin.py:188} INFO - [2025-10-23T19:30:36.506+0000] {dag.py:3096} INFO - Sync 1 DAGs
[2025-10-23T19:30:36.529+0000] {logging_mixin.py:188} INFO - [2025-10-23T19:30:36.529+0000] {dag.py:3954} INFO - Setting next_dagrun for silver_layer_dag to 2025-10-23 19:00:00+00:00, run_after=2025-10-24 19:00:00+00:00
[2025-10-23T19:30:36.549+0000] {processor.py:183} INFO - Processing /opt/airflow/dags/silver_layer_dag.py took 0.523 seconds
[2025-10-23T19:31:07.418+0000] {processor.py:161} INFO - Started process (PID=424) to work on /opt/airflow/dags/silver_layer_dag.py
[2025-10-23T19:31:07.420+0000] {processor.py:830} INFO - Processing file /opt/airflow/dags/silver_layer_dag.py for tasks to queue
[2025-10-23T19:31:07.423+0000] {logging_mixin.py:188} INFO - [2025-10-23T19:31:07.422+0000] {dagbag.py:540} INFO - Filling up the DagBag from /opt/airflow/dags/silver_layer_dag.py
[2025-10-23T19:31:07.918+0000] {processor.py:840} INFO - DAG(s) 'silver_layer_dag' retrieved from /opt/airflow/dags/silver_layer_dag.py
[2025-10-23T19:31:07.943+0000] {logging_mixin.py:188} INFO - [2025-10-23T19:31:07.942+0000] {dag.py:3096} INFO - Sync 1 DAGs
[2025-10-23T19:31:07.975+0000] {logging_mixin.py:188} INFO - [2025-10-23T19:31:07.975+0000] {dag.py:3954} INFO - Setting next_dagrun for silver_layer_dag to 2025-10-23 19:00:00+00:00, run_after=2025-10-24 19:00:00+00:00
[2025-10-23T19:31:08.001+0000] {processor.py:183} INFO - Processing /opt/airflow/dags/silver_layer_dag.py took 0.590 seconds
[2025-10-23T19:31:38.186+0000] {processor.py:161} INFO - Started process (PID=426) to work on /opt/airflow/dags/silver_layer_dag.py
[2025-10-23T19:31:38.188+0000] {processor.py:830} INFO - Processing file /opt/airflow/dags/silver_layer_dag.py for tasks to queue
[2025-10-23T19:31:38.190+0000] {logging_mixin.py:188} INFO - [2025-10-23T19:31:38.189+0000] {dagbag.py:540} INFO - Filling up the DagBag from /opt/airflow/dags/silver_layer_dag.py
[2025-10-23T19:31:38.747+0000] {processor.py:840} INFO - DAG(s) 'silver_layer_dag' retrieved from /opt/airflow/dags/silver_layer_dag.py
[2025-10-23T19:31:38.773+0000] {logging_mixin.py:188} INFO - [2025-10-23T19:31:38.773+0000] {dag.py:3096} INFO - Sync 1 DAGs
[2025-10-23T19:31:38.798+0000] {logging_mixin.py:188} INFO - [2025-10-23T19:31:38.797+0000] {dag.py:3954} INFO - Setting next_dagrun for silver_layer_dag to 2025-10-23 19:00:00+00:00, run_after=2025-10-24 19:00:00+00:00
[2025-10-23T19:31:38.820+0000] {processor.py:183} INFO - Processing /opt/airflow/dags/silver_layer_dag.py took 0.639 seconds
[2025-10-23T19:32:09.002+0000] {processor.py:161} INFO - Started process (PID=428) to work on /opt/airflow/dags/silver_layer_dag.py
[2025-10-23T19:32:09.004+0000] {processor.py:830} INFO - Processing file /opt/airflow/dags/silver_layer_dag.py for tasks to queue
[2025-10-23T19:32:09.006+0000] {logging_mixin.py:188} INFO - [2025-10-23T19:32:09.006+0000] {dagbag.py:540} INFO - Filling up the DagBag from /opt/airflow/dags/silver_layer_dag.py
[2025-10-23T19:32:09.528+0000] {processor.py:840} INFO - DAG(s) 'silver_layer_dag' retrieved from /opt/airflow/dags/silver_layer_dag.py
[2025-10-23T19:32:09.549+0000] {logging_mixin.py:188} INFO - [2025-10-23T19:32:09.549+0000] {dag.py:3096} INFO - Sync 1 DAGs
[2025-10-23T19:32:09.573+0000] {logging_mixin.py:188} INFO - [2025-10-23T19:32:09.573+0000] {dag.py:3954} INFO - Setting next_dagrun for silver_layer_dag to 2025-10-23 19:00:00+00:00, run_after=2025-10-24 19:00:00+00:00
[2025-10-23T19:32:09.595+0000] {processor.py:183} INFO - Processing /opt/airflow/dags/silver_layer_dag.py took 0.600 seconds
[2025-10-23T19:32:40.326+0000] {processor.py:161} INFO - Started process (PID=430) to work on /opt/airflow/dags/silver_layer_dag.py
[2025-10-23T19:32:40.328+0000] {processor.py:830} INFO - Processing file /opt/airflow/dags/silver_layer_dag.py for tasks to queue
[2025-10-23T19:32:40.330+0000] {logging_mixin.py:188} INFO - [2025-10-23T19:32:40.329+0000] {dagbag.py:540} INFO - Filling up the DagBag from /opt/airflow/dags/silver_layer_dag.py
[2025-10-23T19:32:40.866+0000] {processor.py:840} INFO - DAG(s) 'silver_layer_dag' retrieved from /opt/airflow/dags/silver_layer_dag.py
[2025-10-23T19:32:40.888+0000] {logging_mixin.py:188} INFO - [2025-10-23T19:32:40.887+0000] {dag.py:3096} INFO - Sync 1 DAGs
[2025-10-23T19:32:40.909+0000] {logging_mixin.py:188} INFO - [2025-10-23T19:32:40.908+0000] {dag.py:3954} INFO - Setting next_dagrun for silver_layer_dag to 2025-10-23 19:00:00+00:00, run_after=2025-10-24 19:00:00+00:00
[2025-10-23T19:32:40.929+0000] {processor.py:183} INFO - Processing /opt/airflow/dags/silver_layer_dag.py took 0.611 seconds
[2025-10-23T19:33:11.688+0000] {processor.py:161} INFO - Started process (PID=432) to work on /opt/airflow/dags/silver_layer_dag.py
[2025-10-23T19:33:11.692+0000] {processor.py:830} INFO - Processing file /opt/airflow/dags/silver_layer_dag.py for tasks to queue
[2025-10-23T19:33:11.695+0000] {logging_mixin.py:188} INFO - [2025-10-23T19:33:11.694+0000] {dagbag.py:540} INFO - Filling up the DagBag from /opt/airflow/dags/silver_layer_dag.py
[2025-10-23T19:33:12.158+0000] {processor.py:840} INFO - DAG(s) 'silver_layer_dag' retrieved from /opt/airflow/dags/silver_layer_dag.py
[2025-10-23T19:33:12.180+0000] {logging_mixin.py:188} INFO - [2025-10-23T19:33:12.179+0000] {dag.py:3096} INFO - Sync 1 DAGs
[2025-10-23T19:33:12.202+0000] {logging_mixin.py:188} INFO - [2025-10-23T19:33:12.202+0000] {dag.py:3954} INFO - Setting next_dagrun for silver_layer_dag to 2025-10-23 19:00:00+00:00, run_after=2025-10-24 19:00:00+00:00
[2025-10-23T19:33:12.227+0000] {processor.py:183} INFO - Processing /opt/airflow/dags/silver_layer_dag.py took 0.547 seconds
[2025-10-23T19:33:42.436+0000] {processor.py:161} INFO - Started process (PID=434) to work on /opt/airflow/dags/silver_layer_dag.py
[2025-10-23T19:33:42.437+0000] {processor.py:830} INFO - Processing file /opt/airflow/dags/silver_layer_dag.py for tasks to queue
[2025-10-23T19:33:42.440+0000] {logging_mixin.py:188} INFO - [2025-10-23T19:33:42.439+0000] {dagbag.py:540} INFO - Filling up the DagBag from /opt/airflow/dags/silver_layer_dag.py
[2025-10-23T19:33:42.969+0000] {processor.py:840} INFO - DAG(s) 'silver_layer_dag' retrieved from /opt/airflow/dags/silver_layer_dag.py
[2025-10-23T19:33:42.994+0000] {logging_mixin.py:188} INFO - [2025-10-23T19:33:42.993+0000] {dag.py:3096} INFO - Sync 1 DAGs
[2025-10-23T19:33:43.020+0000] {logging_mixin.py:188} INFO - [2025-10-23T19:33:43.020+0000] {dag.py:3954} INFO - Setting next_dagrun for silver_layer_dag to 2025-10-23 19:00:00+00:00, run_after=2025-10-24 19:00:00+00:00
[2025-10-23T19:33:43.044+0000] {processor.py:183} INFO - Processing /opt/airflow/dags/silver_layer_dag.py took 0.614 seconds
[2025-10-23T19:34:13.224+0000] {processor.py:161} INFO - Started process (PID=436) to work on /opt/airflow/dags/silver_layer_dag.py
[2025-10-23T19:34:13.226+0000] {processor.py:830} INFO - Processing file /opt/airflow/dags/silver_layer_dag.py for tasks to queue
[2025-10-23T19:34:13.229+0000] {logging_mixin.py:188} INFO - [2025-10-23T19:34:13.229+0000] {dagbag.py:540} INFO - Filling up the DagBag from /opt/airflow/dags/silver_layer_dag.py
[2025-10-23T19:34:13.741+0000] {processor.py:840} INFO - DAG(s) 'silver_layer_dag' retrieved from /opt/airflow/dags/silver_layer_dag.py
[2025-10-23T19:34:13.764+0000] {logging_mixin.py:188} INFO - [2025-10-23T19:34:13.764+0000] {dag.py:3096} INFO - Sync 1 DAGs
[2025-10-23T19:34:13.798+0000] {logging_mixin.py:188} INFO - [2025-10-23T19:34:13.798+0000] {dag.py:3954} INFO - Setting next_dagrun for silver_layer_dag to 2025-10-23 19:00:00+00:00, run_after=2025-10-24 19:00:00+00:00
[2025-10-23T19:34:13.822+0000] {processor.py:183} INFO - Processing /opt/airflow/dags/silver_layer_dag.py took 0.605 seconds
[2025-10-23T19:34:44.594+0000] {processor.py:161} INFO - Started process (PID=438) to work on /opt/airflow/dags/silver_layer_dag.py
[2025-10-23T19:34:44.596+0000] {processor.py:830} INFO - Processing file /opt/airflow/dags/silver_layer_dag.py for tasks to queue
[2025-10-23T19:34:44.599+0000] {logging_mixin.py:188} INFO - [2025-10-23T19:34:44.598+0000] {dagbag.py:540} INFO - Filling up the DagBag from /opt/airflow/dags/silver_layer_dag.py
[2025-10-23T19:34:45.145+0000] {processor.py:840} INFO - DAG(s) 'silver_layer_dag' retrieved from /opt/airflow/dags/silver_layer_dag.py
[2025-10-23T19:34:45.167+0000] {logging_mixin.py:188} INFO - [2025-10-23T19:34:45.167+0000] {dag.py:3096} INFO - Sync 1 DAGs
[2025-10-23T19:34:45.190+0000] {logging_mixin.py:188} INFO - [2025-10-23T19:34:45.190+0000] {dag.py:3954} INFO - Setting next_dagrun for silver_layer_dag to 2025-10-23 19:00:00+00:00, run_after=2025-10-24 19:00:00+00:00
[2025-10-23T19:34:45.211+0000] {processor.py:183} INFO - Processing /opt/airflow/dags/silver_layer_dag.py took 0.626 seconds
[2025-10-23T19:35:15.896+0000] {processor.py:161} INFO - Started process (PID=440) to work on /opt/airflow/dags/silver_layer_dag.py
[2025-10-23T19:35:15.897+0000] {processor.py:830} INFO - Processing file /opt/airflow/dags/silver_layer_dag.py for tasks to queue
[2025-10-23T19:35:15.899+0000] {logging_mixin.py:188} INFO - [2025-10-23T19:35:15.899+0000] {dagbag.py:540} INFO - Filling up the DagBag from /opt/airflow/dags/silver_layer_dag.py
[2025-10-23T19:35:16.368+0000] {processor.py:840} INFO - DAG(s) 'silver_layer_dag' retrieved from /opt/airflow/dags/silver_layer_dag.py
[2025-10-23T19:35:16.390+0000] {logging_mixin.py:188} INFO - [2025-10-23T19:35:16.389+0000] {dag.py:3096} INFO - Sync 1 DAGs
[2025-10-23T19:35:16.411+0000] {logging_mixin.py:188} INFO - [2025-10-23T19:35:16.411+0000] {dag.py:3954} INFO - Setting next_dagrun for silver_layer_dag to 2025-10-23 19:00:00+00:00, run_after=2025-10-24 19:00:00+00:00
[2025-10-23T19:35:16.436+0000] {processor.py:183} INFO - Processing /opt/airflow/dags/silver_layer_dag.py took 0.546 seconds
[2025-10-23T19:35:46.611+0000] {processor.py:161} INFO - Started process (PID=442) to work on /opt/airflow/dags/silver_layer_dag.py
[2025-10-23T19:35:46.612+0000] {processor.py:830} INFO - Processing file /opt/airflow/dags/silver_layer_dag.py for tasks to queue
[2025-10-23T19:35:46.614+0000] {logging_mixin.py:188} INFO - [2025-10-23T19:35:46.614+0000] {dagbag.py:540} INFO - Filling up the DagBag from /opt/airflow/dags/silver_layer_dag.py
[2025-10-23T19:35:47.144+0000] {processor.py:840} INFO - DAG(s) 'silver_layer_dag' retrieved from /opt/airflow/dags/silver_layer_dag.py
[2025-10-23T19:35:47.168+0000] {logging_mixin.py:188} INFO - [2025-10-23T19:35:47.168+0000] {dag.py:3096} INFO - Sync 1 DAGs
[2025-10-23T19:35:47.194+0000] {logging_mixin.py:188} INFO - [2025-10-23T19:35:47.193+0000] {dag.py:3954} INFO - Setting next_dagrun for silver_layer_dag to 2025-10-23 19:00:00+00:00, run_after=2025-10-24 19:00:00+00:00
[2025-10-23T19:35:47.217+0000] {processor.py:183} INFO - Processing /opt/airflow/dags/silver_layer_dag.py took 0.614 seconds
[2025-10-23T19:36:17.513+0000] {processor.py:161} INFO - Started process (PID=444) to work on /opt/airflow/dags/silver_layer_dag.py
[2025-10-23T19:36:17.515+0000] {processor.py:830} INFO - Processing file /opt/airflow/dags/silver_layer_dag.py for tasks to queue
[2025-10-23T19:36:17.518+0000] {logging_mixin.py:188} INFO - [2025-10-23T19:36:17.517+0000] {dagbag.py:540} INFO - Filling up the DagBag from /opt/airflow/dags/silver_layer_dag.py
[2025-10-23T19:36:18.078+0000] {processor.py:840} INFO - DAG(s) 'silver_layer_dag' retrieved from /opt/airflow/dags/silver_layer_dag.py
[2025-10-23T19:36:18.104+0000] {logging_mixin.py:188} INFO - [2025-10-23T19:36:18.104+0000] {dag.py:3096} INFO - Sync 1 DAGs
[2025-10-23T19:36:18.128+0000] {logging_mixin.py:188} INFO - [2025-10-23T19:36:18.127+0000] {dag.py:3954} INFO - Setting next_dagrun for silver_layer_dag to 2025-10-23 19:00:00+00:00, run_after=2025-10-24 19:00:00+00:00
[2025-10-23T19:36:18.151+0000] {processor.py:183} INFO - Processing /opt/airflow/dags/silver_layer_dag.py took 0.648 seconds
[2025-10-23T19:36:49.042+0000] {processor.py:161} INFO - Started process (PID=446) to work on /opt/airflow/dags/silver_layer_dag.py
[2025-10-23T19:36:49.044+0000] {processor.py:830} INFO - Processing file /opt/airflow/dags/silver_layer_dag.py for tasks to queue
[2025-10-23T19:36:49.046+0000] {logging_mixin.py:188} INFO - [2025-10-23T19:36:49.045+0000] {dagbag.py:540} INFO - Filling up the DagBag from /opt/airflow/dags/silver_layer_dag.py
[2025-10-23T19:36:49.570+0000] {processor.py:840} INFO - DAG(s) 'silver_layer_dag' retrieved from /opt/airflow/dags/silver_layer_dag.py
[2025-10-23T19:36:49.593+0000] {logging_mixin.py:188} INFO - [2025-10-23T19:36:49.593+0000] {dag.py:3096} INFO - Sync 1 DAGs
[2025-10-23T19:36:49.620+0000] {logging_mixin.py:188} INFO - [2025-10-23T19:36:49.619+0000] {dag.py:3954} INFO - Setting next_dagrun for silver_layer_dag to 2025-10-23 19:00:00+00:00, run_after=2025-10-24 19:00:00+00:00
[2025-10-23T19:36:49.654+0000] {processor.py:183} INFO - Processing /opt/airflow/dags/silver_layer_dag.py took 0.621 seconds
[2025-10-23T19:37:20.385+0000] {processor.py:161} INFO - Started process (PID=448) to work on /opt/airflow/dags/silver_layer_dag.py
[2025-10-23T19:37:20.386+0000] {processor.py:830} INFO - Processing file /opt/airflow/dags/silver_layer_dag.py for tasks to queue
[2025-10-23T19:37:20.388+0000] {logging_mixin.py:188} INFO - [2025-10-23T19:37:20.388+0000] {dagbag.py:540} INFO - Filling up the DagBag from /opt/airflow/dags/silver_layer_dag.py
[2025-10-23T19:37:20.873+0000] {processor.py:840} INFO - DAG(s) 'silver_layer_dag' retrieved from /opt/airflow/dags/silver_layer_dag.py
[2025-10-23T19:37:20.896+0000] {logging_mixin.py:188} INFO - [2025-10-23T19:37:20.896+0000] {dag.py:3096} INFO - Sync 1 DAGs
[2025-10-23T19:37:20.919+0000] {logging_mixin.py:188} INFO - [2025-10-23T19:37:20.918+0000] {dag.py:3954} INFO - Setting next_dagrun for silver_layer_dag to 2025-10-23 19:00:00+00:00, run_after=2025-10-24 19:00:00+00:00
[2025-10-23T19:37:20.940+0000] {processor.py:183} INFO - Processing /opt/airflow/dags/silver_layer_dag.py took 0.561 seconds
[2025-10-23T19:37:51.160+0000] {processor.py:161} INFO - Started process (PID=450) to work on /opt/airflow/dags/silver_layer_dag.py
[2025-10-23T19:37:51.162+0000] {processor.py:830} INFO - Processing file /opt/airflow/dags/silver_layer_dag.py for tasks to queue
[2025-10-23T19:37:51.165+0000] {logging_mixin.py:188} INFO - [2025-10-23T19:37:51.164+0000] {dagbag.py:540} INFO - Filling up the DagBag from /opt/airflow/dags/silver_layer_dag.py
[2025-10-23T19:37:51.688+0000] {processor.py:840} INFO - DAG(s) 'silver_layer_dag' retrieved from /opt/airflow/dags/silver_layer_dag.py
[2025-10-23T19:37:51.710+0000] {logging_mixin.py:188} INFO - [2025-10-23T19:37:51.710+0000] {dag.py:3096} INFO - Sync 1 DAGs
[2025-10-23T19:37:51.731+0000] {logging_mixin.py:188} INFO - [2025-10-23T19:37:51.731+0000] {dag.py:3954} INFO - Setting next_dagrun for silver_layer_dag to 2025-10-23 19:00:00+00:00, run_after=2025-10-24 19:00:00+00:00
[2025-10-23T19:37:51.752+0000] {processor.py:183} INFO - Processing /opt/airflow/dags/silver_layer_dag.py took 0.599 seconds
[2025-10-23T19:38:22.007+0000] {processor.py:161} INFO - Started process (PID=452) to work on /opt/airflow/dags/silver_layer_dag.py
[2025-10-23T19:38:22.008+0000] {processor.py:830} INFO - Processing file /opt/airflow/dags/silver_layer_dag.py for tasks to queue
[2025-10-23T19:38:22.011+0000] {logging_mixin.py:188} INFO - [2025-10-23T19:38:22.011+0000] {dagbag.py:540} INFO - Filling up the DagBag from /opt/airflow/dags/silver_layer_dag.py
[2025-10-23T19:38:22.552+0000] {processor.py:840} INFO - DAG(s) 'silver_layer_dag' retrieved from /opt/airflow/dags/silver_layer_dag.py
[2025-10-23T19:38:22.577+0000] {logging_mixin.py:188} INFO - [2025-10-23T19:38:22.577+0000] {dag.py:3096} INFO - Sync 1 DAGs
[2025-10-23T19:38:22.602+0000] {logging_mixin.py:188} INFO - [2025-10-23T19:38:22.602+0000] {dag.py:3954} INFO - Setting next_dagrun for silver_layer_dag to 2025-10-23 19:00:00+00:00, run_after=2025-10-24 19:00:00+00:00
[2025-10-23T19:38:22.625+0000] {processor.py:183} INFO - Processing /opt/airflow/dags/silver_layer_dag.py took 0.626 seconds
[2025-10-23T19:38:53.418+0000] {processor.py:161} INFO - Started process (PID=454) to work on /opt/airflow/dags/silver_layer_dag.py
[2025-10-23T19:38:53.419+0000] {processor.py:830} INFO - Processing file /opt/airflow/dags/silver_layer_dag.py for tasks to queue
[2025-10-23T19:38:53.421+0000] {logging_mixin.py:188} INFO - [2025-10-23T19:38:53.421+0000] {dagbag.py:540} INFO - Filling up the DagBag from /opt/airflow/dags/silver_layer_dag.py
[2025-10-23T19:38:53.958+0000] {processor.py:840} INFO - DAG(s) 'silver_layer_dag' retrieved from /opt/airflow/dags/silver_layer_dag.py
[2025-10-23T19:38:53.983+0000] {logging_mixin.py:188} INFO - [2025-10-23T19:38:53.983+0000] {dag.py:3096} INFO - Sync 1 DAGs
[2025-10-23T19:38:54.010+0000] {logging_mixin.py:188} INFO - [2025-10-23T19:38:54.009+0000] {dag.py:3954} INFO - Setting next_dagrun for silver_layer_dag to 2025-10-23 19:00:00+00:00, run_after=2025-10-24 19:00:00+00:00
[2025-10-23T19:38:54.035+0000] {processor.py:183} INFO - Processing /opt/airflow/dags/silver_layer_dag.py took 0.624 seconds
[2025-10-23T19:39:24.933+0000] {processor.py:161} INFO - Started process (PID=456) to work on /opt/airflow/dags/silver_layer_dag.py
[2025-10-23T19:39:24.935+0000] {processor.py:830} INFO - Processing file /opt/airflow/dags/silver_layer_dag.py for tasks to queue
[2025-10-23T19:39:24.938+0000] {logging_mixin.py:188} INFO - [2025-10-23T19:39:24.937+0000] {dagbag.py:540} INFO - Filling up the DagBag from /opt/airflow/dags/silver_layer_dag.py
[2025-10-23T19:39:25.408+0000] {processor.py:840} INFO - DAG(s) 'silver_layer_dag' retrieved from /opt/airflow/dags/silver_layer_dag.py
[2025-10-23T19:39:25.429+0000] {logging_mixin.py:188} INFO - [2025-10-23T19:39:25.429+0000] {dag.py:3096} INFO - Sync 1 DAGs
[2025-10-23T19:39:25.453+0000] {logging_mixin.py:188} INFO - [2025-10-23T19:39:25.452+0000] {dag.py:3954} INFO - Setting next_dagrun for silver_layer_dag to 2025-10-23 19:00:00+00:00, run_after=2025-10-24 19:00:00+00:00
[2025-10-23T19:39:25.476+0000] {processor.py:183} INFO - Processing /opt/airflow/dags/silver_layer_dag.py took 0.550 seconds
[2025-10-23T19:39:55.701+0000] {processor.py:161} INFO - Started process (PID=458) to work on /opt/airflow/dags/silver_layer_dag.py
[2025-10-23T19:39:55.702+0000] {processor.py:830} INFO - Processing file /opt/airflow/dags/silver_layer_dag.py for tasks to queue
[2025-10-23T19:39:55.705+0000] {logging_mixin.py:188} INFO - [2025-10-23T19:39:55.705+0000] {dagbag.py:540} INFO - Filling up the DagBag from /opt/airflow/dags/silver_layer_dag.py
[2025-10-23T19:39:56.242+0000] {processor.py:840} INFO - DAG(s) 'silver_layer_dag' retrieved from /opt/airflow/dags/silver_layer_dag.py
[2025-10-23T19:39:56.264+0000] {logging_mixin.py:188} INFO - [2025-10-23T19:39:56.263+0000] {dag.py:3096} INFO - Sync 1 DAGs
[2025-10-23T19:39:56.288+0000] {logging_mixin.py:188} INFO - [2025-10-23T19:39:56.288+0000] {dag.py:3954} INFO - Setting next_dagrun for silver_layer_dag to 2025-10-23 19:00:00+00:00, run_after=2025-10-24 19:00:00+00:00
[2025-10-23T19:39:56.310+0000] {processor.py:183} INFO - Processing /opt/airflow/dags/silver_layer_dag.py took 0.621 seconds
[2025-10-23T19:40:26.554+0000] {processor.py:161} INFO - Started process (PID=460) to work on /opt/airflow/dags/silver_layer_dag.py
[2025-10-23T19:40:26.555+0000] {processor.py:830} INFO - Processing file /opt/airflow/dags/silver_layer_dag.py for tasks to queue
[2025-10-23T19:40:26.558+0000] {logging_mixin.py:188} INFO - [2025-10-23T19:40:26.557+0000] {dagbag.py:540} INFO - Filling up the DagBag from /opt/airflow/dags/silver_layer_dag.py
[2025-10-23T19:40:27.017+0000] {processor.py:840} INFO - DAG(s) 'silver_layer_dag' retrieved from /opt/airflow/dags/silver_layer_dag.py
[2025-10-23T19:40:27.039+0000] {logging_mixin.py:188} INFO - [2025-10-23T19:40:27.038+0000] {dag.py:3096} INFO - Sync 1 DAGs
[2025-10-23T19:40:27.060+0000] {logging_mixin.py:188} INFO - [2025-10-23T19:40:27.059+0000] {dag.py:3954} INFO - Setting next_dagrun for silver_layer_dag to 2025-10-23 19:00:00+00:00, run_after=2025-10-24 19:00:00+00:00
[2025-10-23T19:40:27.079+0000] {processor.py:183} INFO - Processing /opt/airflow/dags/silver_layer_dag.py took 0.534 seconds
[2025-10-23T19:40:57.161+0000] {processor.py:161} INFO - Started process (PID=462) to work on /opt/airflow/dags/silver_layer_dag.py
[2025-10-23T19:40:57.162+0000] {processor.py:830} INFO - Processing file /opt/airflow/dags/silver_layer_dag.py for tasks to queue
[2025-10-23T19:40:57.166+0000] {logging_mixin.py:188} INFO - [2025-10-23T19:40:57.165+0000] {dagbag.py:540} INFO - Filling up the DagBag from /opt/airflow/dags/silver_layer_dag.py
[2025-10-23T19:40:57.674+0000] {processor.py:840} INFO - DAG(s) 'silver_layer_dag' retrieved from /opt/airflow/dags/silver_layer_dag.py
[2025-10-23T19:40:57.698+0000] {logging_mixin.py:188} INFO - [2025-10-23T19:40:57.697+0000] {dag.py:3096} INFO - Sync 1 DAGs
[2025-10-23T19:40:57.722+0000] {logging_mixin.py:188} INFO - [2025-10-23T19:40:57.722+0000] {dag.py:3954} INFO - Setting next_dagrun for silver_layer_dag to 2025-10-23 19:00:00+00:00, run_after=2025-10-24 19:00:00+00:00
[2025-10-23T19:40:57.744+0000] {processor.py:183} INFO - Processing /opt/airflow/dags/silver_layer_dag.py took 0.589 seconds
[2025-10-23T19:41:28.426+0000] {processor.py:161} INFO - Started process (PID=464) to work on /opt/airflow/dags/silver_layer_dag.py
[2025-10-23T19:41:28.429+0000] {processor.py:830} INFO - Processing file /opt/airflow/dags/silver_layer_dag.py for tasks to queue
[2025-10-23T19:41:28.434+0000] {logging_mixin.py:188} INFO - [2025-10-23T19:41:28.433+0000] {dagbag.py:540} INFO - Filling up the DagBag from /opt/airflow/dags/silver_layer_dag.py
[2025-10-23T19:41:28.940+0000] {processor.py:840} INFO - DAG(s) 'silver_layer_dag' retrieved from /opt/airflow/dags/silver_layer_dag.py
[2025-10-23T19:41:28.964+0000] {logging_mixin.py:188} INFO - [2025-10-23T19:41:28.964+0000] {dag.py:3096} INFO - Sync 1 DAGs
[2025-10-23T19:41:28.991+0000] {logging_mixin.py:188} INFO - [2025-10-23T19:41:28.991+0000] {dag.py:3954} INFO - Setting next_dagrun for silver_layer_dag to 2025-10-23 19:00:00+00:00, run_after=2025-10-24 19:00:00+00:00
[2025-10-23T19:41:29.014+0000] {processor.py:183} INFO - Processing /opt/airflow/dags/silver_layer_dag.py took 0.598 seconds
[2025-10-23T19:41:59.192+0000] {processor.py:161} INFO - Started process (PID=466) to work on /opt/airflow/dags/silver_layer_dag.py
[2025-10-23T19:41:59.193+0000] {processor.py:830} INFO - Processing file /opt/airflow/dags/silver_layer_dag.py for tasks to queue
[2025-10-23T19:41:59.195+0000] {logging_mixin.py:188} INFO - [2025-10-23T19:41:59.195+0000] {dagbag.py:540} INFO - Filling up the DagBag from /opt/airflow/dags/silver_layer_dag.py
[2025-10-23T19:41:59.734+0000] {processor.py:840} INFO - DAG(s) 'silver_layer_dag' retrieved from /opt/airflow/dags/silver_layer_dag.py
[2025-10-23T19:41:59.758+0000] {logging_mixin.py:188} INFO - [2025-10-23T19:41:59.758+0000] {dag.py:3096} INFO - Sync 1 DAGs
[2025-10-23T19:41:59.785+0000] {logging_mixin.py:188} INFO - [2025-10-23T19:41:59.784+0000] {dag.py:3954} INFO - Setting next_dagrun for silver_layer_dag to 2025-10-23 19:00:00+00:00, run_after=2025-10-24 19:00:00+00:00
[2025-10-23T19:41:59.807+0000] {processor.py:183} INFO - Processing /opt/airflow/dags/silver_layer_dag.py took 0.623 seconds
[2025-10-23T19:42:30.045+0000] {processor.py:161} INFO - Started process (PID=468) to work on /opt/airflow/dags/silver_layer_dag.py
[2025-10-23T19:42:30.046+0000] {processor.py:830} INFO - Processing file /opt/airflow/dags/silver_layer_dag.py for tasks to queue
[2025-10-23T19:42:30.048+0000] {logging_mixin.py:188} INFO - [2025-10-23T19:42:30.048+0000] {dagbag.py:540} INFO - Filling up the DagBag from /opt/airflow/dags/silver_layer_dag.py
[2025-10-23T19:42:30.541+0000] {processor.py:840} INFO - DAG(s) 'silver_layer_dag' retrieved from /opt/airflow/dags/silver_layer_dag.py
[2025-10-23T19:42:30.564+0000] {logging_mixin.py:188} INFO - [2025-10-23T19:42:30.563+0000] {dag.py:3096} INFO - Sync 1 DAGs
[2025-10-23T19:42:30.588+0000] {logging_mixin.py:188} INFO - [2025-10-23T19:42:30.588+0000] {dag.py:3954} INFO - Setting next_dagrun for silver_layer_dag to 2025-10-23 19:00:00+00:00, run_after=2025-10-24 19:00:00+00:00
[2025-10-23T19:42:30.611+0000] {processor.py:183} INFO - Processing /opt/airflow/dags/silver_layer_dag.py took 0.572 seconds
[2025-10-23T19:43:00.698+0000] {processor.py:161} INFO - Started process (PID=470) to work on /opt/airflow/dags/silver_layer_dag.py
[2025-10-23T19:43:00.700+0000] {processor.py:830} INFO - Processing file /opt/airflow/dags/silver_layer_dag.py for tasks to queue
[2025-10-23T19:43:00.702+0000] {logging_mixin.py:188} INFO - [2025-10-23T19:43:00.702+0000] {dagbag.py:540} INFO - Filling up the DagBag from /opt/airflow/dags/silver_layer_dag.py
[2025-10-23T19:43:01.270+0000] {processor.py:840} INFO - DAG(s) 'silver_layer_dag' retrieved from /opt/airflow/dags/silver_layer_dag.py
[2025-10-23T19:43:01.292+0000] {logging_mixin.py:188} INFO - [2025-10-23T19:43:01.292+0000] {dag.py:3096} INFO - Sync 1 DAGs
[2025-10-23T19:43:01.314+0000] {logging_mixin.py:188} INFO - [2025-10-23T19:43:01.314+0000] {dag.py:3954} INFO - Setting next_dagrun for silver_layer_dag to 2025-10-23 19:00:00+00:00, run_after=2025-10-24 19:00:00+00:00
[2025-10-23T19:43:01.334+0000] {processor.py:183} INFO - Processing /opt/airflow/dags/silver_layer_dag.py took 0.645 seconds
[2025-10-23T19:43:32.018+0000] {processor.py:161} INFO - Started process (PID=472) to work on /opt/airflow/dags/silver_layer_dag.py
[2025-10-23T19:43:32.020+0000] {processor.py:830} INFO - Processing file /opt/airflow/dags/silver_layer_dag.py for tasks to queue
[2025-10-23T19:43:32.023+0000] {logging_mixin.py:188} INFO - [2025-10-23T19:43:32.022+0000] {dagbag.py:540} INFO - Filling up the DagBag from /opt/airflow/dags/silver_layer_dag.py
[2025-10-23T19:43:32.510+0000] {processor.py:840} INFO - DAG(s) 'silver_layer_dag' retrieved from /opt/airflow/dags/silver_layer_dag.py
[2025-10-23T19:43:32.531+0000] {logging_mixin.py:188} INFO - [2025-10-23T19:43:32.531+0000] {dag.py:3096} INFO - Sync 1 DAGs
[2025-10-23T19:43:32.551+0000] {logging_mixin.py:188} INFO - [2025-10-23T19:43:32.551+0000] {dag.py:3954} INFO - Setting next_dagrun for silver_layer_dag to 2025-10-23 19:00:00+00:00, run_after=2025-10-24 19:00:00+00:00
[2025-10-23T19:43:32.572+0000] {processor.py:183} INFO - Processing /opt/airflow/dags/silver_layer_dag.py took 0.562 seconds
[2025-10-23T19:44:02.725+0000] {processor.py:161} INFO - Started process (PID=474) to work on /opt/airflow/dags/silver_layer_dag.py
[2025-10-23T19:44:02.727+0000] {processor.py:830} INFO - Processing file /opt/airflow/dags/silver_layer_dag.py for tasks to queue
[2025-10-23T19:44:02.729+0000] {logging_mixin.py:188} INFO - [2025-10-23T19:44:02.729+0000] {dagbag.py:540} INFO - Filling up the DagBag from /opt/airflow/dags/silver_layer_dag.py
[2025-10-23T19:44:03.233+0000] {processor.py:840} INFO - DAG(s) 'silver_layer_dag' retrieved from /opt/airflow/dags/silver_layer_dag.py
[2025-10-23T19:44:03.256+0000] {logging_mixin.py:188} INFO - [2025-10-23T19:44:03.256+0000] {dag.py:3096} INFO - Sync 1 DAGs
[2025-10-23T19:44:03.282+0000] {logging_mixin.py:188} INFO - [2025-10-23T19:44:03.282+0000] {dag.py:3954} INFO - Setting next_dagrun for silver_layer_dag to 2025-10-23 19:00:00+00:00, run_after=2025-10-24 19:00:00+00:00
[2025-10-23T19:44:03.306+0000] {processor.py:183} INFO - Processing /opt/airflow/dags/silver_layer_dag.py took 0.590 seconds
[2025-10-23T19:44:33.977+0000] {processor.py:161} INFO - Started process (PID=476) to work on /opt/airflow/dags/silver_layer_dag.py
[2025-10-23T19:44:33.978+0000] {processor.py:830} INFO - Processing file /opt/airflow/dags/silver_layer_dag.py for tasks to queue
[2025-10-23T19:44:33.981+0000] {logging_mixin.py:188} INFO - [2025-10-23T19:44:33.980+0000] {dagbag.py:540} INFO - Filling up the DagBag from /opt/airflow/dags/silver_layer_dag.py
[2025-10-23T19:44:34.521+0000] {processor.py:840} INFO - DAG(s) 'silver_layer_dag' retrieved from /opt/airflow/dags/silver_layer_dag.py
[2025-10-23T19:44:34.548+0000] {logging_mixin.py:188} INFO - [2025-10-23T19:44:34.548+0000] {dag.py:3096} INFO - Sync 1 DAGs
[2025-10-23T19:44:34.572+0000] {logging_mixin.py:188} INFO - [2025-10-23T19:44:34.572+0000] {dag.py:3954} INFO - Setting next_dagrun for silver_layer_dag to 2025-10-23 19:00:00+00:00, run_after=2025-10-24 19:00:00+00:00
[2025-10-23T19:44:34.593+0000] {processor.py:183} INFO - Processing /opt/airflow/dags/silver_layer_dag.py took 0.624 seconds
[2025-10-23T19:45:04.794+0000] {processor.py:161} INFO - Started process (PID=478) to work on /opt/airflow/dags/silver_layer_dag.py
[2025-10-23T19:45:04.795+0000] {processor.py:830} INFO - Processing file /opt/airflow/dags/silver_layer_dag.py for tasks to queue
[2025-10-23T19:45:04.798+0000] {logging_mixin.py:188} INFO - [2025-10-23T19:45:04.797+0000] {dagbag.py:540} INFO - Filling up the DagBag from /opt/airflow/dags/silver_layer_dag.py
[2025-10-23T19:45:05.227+0000] {processor.py:840} INFO - DAG(s) 'silver_layer_dag' retrieved from /opt/airflow/dags/silver_layer_dag.py
[2025-10-23T19:45:05.245+0000] {logging_mixin.py:188} INFO - [2025-10-23T19:45:05.245+0000] {dag.py:3096} INFO - Sync 1 DAGs
[2025-10-23T19:45:05.263+0000] {logging_mixin.py:188} INFO - [2025-10-23T19:45:05.263+0000] {dag.py:3954} INFO - Setting next_dagrun for silver_layer_dag to 2025-10-23 19:00:00+00:00, run_after=2025-10-24 19:00:00+00:00
[2025-10-23T19:45:05.280+0000] {processor.py:183} INFO - Processing /opt/airflow/dags/silver_layer_dag.py took 0.492 seconds
[2025-10-23T19:45:36.072+0000] {processor.py:161} INFO - Started process (PID=480) to work on /opt/airflow/dags/silver_layer_dag.py
[2025-10-23T19:45:36.073+0000] {processor.py:830} INFO - Processing file /opt/airflow/dags/silver_layer_dag.py for tasks to queue
[2025-10-23T19:45:36.076+0000] {logging_mixin.py:188} INFO - [2025-10-23T19:45:36.075+0000] {dagbag.py:540} INFO - Filling up the DagBag from /opt/airflow/dags/silver_layer_dag.py
[2025-10-23T19:45:36.492+0000] {processor.py:840} INFO - DAG(s) 'silver_layer_dag' retrieved from /opt/airflow/dags/silver_layer_dag.py
[2025-10-23T19:45:36.511+0000] {logging_mixin.py:188} INFO - [2025-10-23T19:45:36.511+0000] {dag.py:3096} INFO - Sync 1 DAGs
[2025-10-23T19:45:36.529+0000] {logging_mixin.py:188} INFO - [2025-10-23T19:45:36.529+0000] {dag.py:3954} INFO - Setting next_dagrun for silver_layer_dag to 2025-10-23 19:00:00+00:00, run_after=2025-10-24 19:00:00+00:00
[2025-10-23T19:45:36.546+0000] {processor.py:183} INFO - Processing /opt/airflow/dags/silver_layer_dag.py took 0.482 seconds
[2025-10-23T19:46:06.676+0000] {processor.py:161} INFO - Started process (PID=482) to work on /opt/airflow/dags/silver_layer_dag.py
[2025-10-23T19:46:06.677+0000] {processor.py:830} INFO - Processing file /opt/airflow/dags/silver_layer_dag.py for tasks to queue
[2025-10-23T19:46:06.679+0000] {logging_mixin.py:188} INFO - [2025-10-23T19:46:06.679+0000] {dagbag.py:540} INFO - Filling up the DagBag from /opt/airflow/dags/silver_layer_dag.py
[2025-10-23T19:46:07.011+0000] {processor.py:840} INFO - DAG(s) 'silver_layer_dag' retrieved from /opt/airflow/dags/silver_layer_dag.py
[2025-10-23T19:46:07.026+0000] {logging_mixin.py:188} INFO - [2025-10-23T19:46:07.026+0000] {dag.py:3096} INFO - Sync 1 DAGs
[2025-10-23T19:46:07.042+0000] {logging_mixin.py:188} INFO - [2025-10-23T19:46:07.042+0000] {dag.py:3954} INFO - Setting next_dagrun for silver_layer_dag to 2025-10-23 19:00:00+00:00, run_after=2025-10-24 19:00:00+00:00
[2025-10-23T19:46:07.056+0000] {processor.py:183} INFO - Processing /opt/airflow/dags/silver_layer_dag.py took 0.385 seconds
[2025-10-23T19:46:37.537+0000] {processor.py:161} INFO - Started process (PID=484) to work on /opt/airflow/dags/silver_layer_dag.py
[2025-10-23T19:46:37.538+0000] {processor.py:830} INFO - Processing file /opt/airflow/dags/silver_layer_dag.py for tasks to queue
[2025-10-23T19:46:37.541+0000] {logging_mixin.py:188} INFO - [2025-10-23T19:46:37.540+0000] {dagbag.py:540} INFO - Filling up the DagBag from /opt/airflow/dags/silver_layer_dag.py
[2025-10-23T19:46:38.071+0000] {processor.py:840} INFO - DAG(s) 'silver_layer_dag' retrieved from /opt/airflow/dags/silver_layer_dag.py
[2025-10-23T19:46:38.094+0000] {logging_mixin.py:188} INFO - [2025-10-23T19:46:38.093+0000] {dag.py:3096} INFO - Sync 1 DAGs
[2025-10-23T19:46:38.119+0000] {logging_mixin.py:188} INFO - [2025-10-23T19:46:38.118+0000] {dag.py:3954} INFO - Setting next_dagrun for silver_layer_dag to 2025-10-23 19:00:00+00:00, run_after=2025-10-24 19:00:00+00:00
[2025-10-23T19:46:38.140+0000] {processor.py:183} INFO - Processing /opt/airflow/dags/silver_layer_dag.py took 0.609 seconds
[2025-10-23T19:47:08.602+0000] {processor.py:161} INFO - Started process (PID=486) to work on /opt/airflow/dags/silver_layer_dag.py
[2025-10-23T19:47:08.604+0000] {processor.py:830} INFO - Processing file /opt/airflow/dags/silver_layer_dag.py for tasks to queue
[2025-10-23T19:47:08.606+0000] {logging_mixin.py:188} INFO - [2025-10-23T19:47:08.606+0000] {dagbag.py:540} INFO - Filling up the DagBag from /opt/airflow/dags/silver_layer_dag.py
[2025-10-23T19:47:09.096+0000] {processor.py:840} INFO - DAG(s) 'silver_layer_dag' retrieved from /opt/airflow/dags/silver_layer_dag.py
[2025-10-23T19:47:09.116+0000] {logging_mixin.py:188} INFO - [2025-10-23T19:47:09.116+0000] {dag.py:3096} INFO - Sync 1 DAGs
[2025-10-23T19:47:09.137+0000] {logging_mixin.py:188} INFO - [2025-10-23T19:47:09.137+0000] {dag.py:3954} INFO - Setting next_dagrun for silver_layer_dag to 2025-10-23 19:00:00+00:00, run_after=2025-10-24 19:00:00+00:00
[2025-10-23T19:47:09.159+0000] {processor.py:183} INFO - Processing /opt/airflow/dags/silver_layer_dag.py took 0.565 seconds
[2025-10-23T19:47:39.957+0000] {processor.py:161} INFO - Started process (PID=488) to work on /opt/airflow/dags/silver_layer_dag.py
[2025-10-23T19:47:39.959+0000] {processor.py:830} INFO - Processing file /opt/airflow/dags/silver_layer_dag.py for tasks to queue
[2025-10-23T19:47:39.961+0000] {logging_mixin.py:188} INFO - [2025-10-23T19:47:39.961+0000] {dagbag.py:540} INFO - Filling up the DagBag from /opt/airflow/dags/silver_layer_dag.py
[2025-10-23T19:47:40.524+0000] {processor.py:840} INFO - DAG(s) 'silver_layer_dag' retrieved from /opt/airflow/dags/silver_layer_dag.py
[2025-10-23T19:47:40.548+0000] {logging_mixin.py:188} INFO - [2025-10-23T19:47:40.548+0000] {dag.py:3096} INFO - Sync 1 DAGs
[2025-10-23T19:47:40.582+0000] {logging_mixin.py:188} INFO - [2025-10-23T19:47:40.581+0000] {dag.py:3954} INFO - Setting next_dagrun for silver_layer_dag to 2025-10-23 19:00:00+00:00, run_after=2025-10-24 19:00:00+00:00
[2025-10-23T19:47:40.610+0000] {processor.py:183} INFO - Processing /opt/airflow/dags/silver_layer_dag.py took 0.662 seconds
[2025-10-23T19:48:10.701+0000] {processor.py:161} INFO - Started process (PID=490) to work on /opt/airflow/dags/silver_layer_dag.py
[2025-10-23T19:48:10.703+0000] {processor.py:830} INFO - Processing file /opt/airflow/dags/silver_layer_dag.py for tasks to queue
[2025-10-23T19:48:10.706+0000] {logging_mixin.py:188} INFO - [2025-10-23T19:48:10.706+0000] {dagbag.py:540} INFO - Filling up the DagBag from /opt/airflow/dags/silver_layer_dag.py
[2025-10-23T19:48:11.283+0000] {processor.py:840} INFO - DAG(s) 'silver_layer_dag' retrieved from /opt/airflow/dags/silver_layer_dag.py
[2025-10-23T19:48:11.305+0000] {logging_mixin.py:188} INFO - [2025-10-23T19:48:11.304+0000] {dag.py:3096} INFO - Sync 1 DAGs
[2025-10-23T19:48:11.331+0000] {logging_mixin.py:188} INFO - [2025-10-23T19:48:11.330+0000] {dag.py:3954} INFO - Setting next_dagrun for silver_layer_dag to 2025-10-23 19:00:00+00:00, run_after=2025-10-24 19:00:00+00:00
[2025-10-23T19:48:11.353+0000] {processor.py:183} INFO - Processing /opt/airflow/dags/silver_layer_dag.py took 0.657 seconds
[2025-10-23T19:48:41.716+0000] {processor.py:161} INFO - Started process (PID=492) to work on /opt/airflow/dags/silver_layer_dag.py
[2025-10-23T19:48:41.718+0000] {processor.py:830} INFO - Processing file /opt/airflow/dags/silver_layer_dag.py for tasks to queue
[2025-10-23T19:48:41.720+0000] {logging_mixin.py:188} INFO - [2025-10-23T19:48:41.720+0000] {dagbag.py:540} INFO - Filling up the DagBag from /opt/airflow/dags/silver_layer_dag.py
[2025-10-23T19:48:42.320+0000] {processor.py:840} INFO - DAG(s) 'silver_layer_dag' retrieved from /opt/airflow/dags/silver_layer_dag.py
[2025-10-23T19:48:42.342+0000] {logging_mixin.py:188} INFO - [2025-10-23T19:48:42.342+0000] {dag.py:3096} INFO - Sync 1 DAGs
[2025-10-23T19:48:42.365+0000] {logging_mixin.py:188} INFO - [2025-10-23T19:48:42.365+0000] {dag.py:3954} INFO - Setting next_dagrun for silver_layer_dag to 2025-10-23 19:00:00+00:00, run_after=2025-10-24 19:00:00+00:00
[2025-10-23T19:48:42.386+0000] {processor.py:183} INFO - Processing /opt/airflow/dags/silver_layer_dag.py took 0.677 seconds
[2025-10-23T19:49:13.240+0000] {processor.py:161} INFO - Started process (PID=494) to work on /opt/airflow/dags/silver_layer_dag.py
[2025-10-23T19:49:13.242+0000] {processor.py:830} INFO - Processing file /opt/airflow/dags/silver_layer_dag.py for tasks to queue
[2025-10-23T19:49:13.244+0000] {logging_mixin.py:188} INFO - [2025-10-23T19:49:13.244+0000] {dagbag.py:540} INFO - Filling up the DagBag from /opt/airflow/dags/silver_layer_dag.py
[2025-10-23T19:49:13.826+0000] {processor.py:840} INFO - DAG(s) 'silver_layer_dag' retrieved from /opt/airflow/dags/silver_layer_dag.py
[2025-10-23T19:49:13.849+0000] {logging_mixin.py:188} INFO - [2025-10-23T19:49:13.849+0000] {dag.py:3096} INFO - Sync 1 DAGs
[2025-10-23T19:49:13.875+0000] {logging_mixin.py:188} INFO - [2025-10-23T19:49:13.875+0000] {dag.py:3954} INFO - Setting next_dagrun for silver_layer_dag to 2025-10-23 19:00:00+00:00, run_after=2025-10-24 19:00:00+00:00
[2025-10-23T19:49:13.899+0000] {processor.py:183} INFO - Processing /opt/airflow/dags/silver_layer_dag.py took 0.666 seconds
[2025-10-23T19:49:44.588+0000] {processor.py:161} INFO - Started process (PID=496) to work on /opt/airflow/dags/silver_layer_dag.py
[2025-10-23T19:49:44.589+0000] {processor.py:830} INFO - Processing file /opt/airflow/dags/silver_layer_dag.py for tasks to queue
[2025-10-23T19:49:44.592+0000] {logging_mixin.py:188} INFO - [2025-10-23T19:49:44.592+0000] {dagbag.py:540} INFO - Filling up the DagBag from /opt/airflow/dags/silver_layer_dag.py
[2025-10-23T19:49:45.096+0000] {processor.py:840} INFO - DAG(s) 'silver_layer_dag' retrieved from /opt/airflow/dags/silver_layer_dag.py
[2025-10-23T19:49:45.117+0000] {logging_mixin.py:188} INFO - [2025-10-23T19:49:45.117+0000] {dag.py:3096} INFO - Sync 1 DAGs
[2025-10-23T19:49:45.139+0000] {logging_mixin.py:188} INFO - [2025-10-23T19:49:45.139+0000] {dag.py:3954} INFO - Setting next_dagrun for silver_layer_dag to 2025-10-23 19:00:00+00:00, run_after=2025-10-24 19:00:00+00:00
[2025-10-23T19:49:45.162+0000] {processor.py:183} INFO - Processing /opt/airflow/dags/silver_layer_dag.py took 0.580 seconds
[2025-10-23T19:50:16.016+0000] {processor.py:161} INFO - Started process (PID=498) to work on /opt/airflow/dags/silver_layer_dag.py
[2025-10-23T19:50:16.017+0000] {processor.py:830} INFO - Processing file /opt/airflow/dags/silver_layer_dag.py for tasks to queue
[2025-10-23T19:50:16.019+0000] {logging_mixin.py:188} INFO - [2025-10-23T19:50:16.019+0000] {dagbag.py:540} INFO - Filling up the DagBag from /opt/airflow/dags/silver_layer_dag.py
[2025-10-23T19:50:16.535+0000] {processor.py:840} INFO - DAG(s) 'silver_layer_dag' retrieved from /opt/airflow/dags/silver_layer_dag.py
[2025-10-23T19:50:16.556+0000] {logging_mixin.py:188} INFO - [2025-10-23T19:50:16.556+0000] {dag.py:3096} INFO - Sync 1 DAGs
[2025-10-23T19:50:16.579+0000] {logging_mixin.py:188} INFO - [2025-10-23T19:50:16.579+0000] {dag.py:3954} INFO - Setting next_dagrun for silver_layer_dag to 2025-10-23 19:00:00+00:00, run_after=2025-10-24 19:00:00+00:00
[2025-10-23T19:50:16.601+0000] {processor.py:183} INFO - Processing /opt/airflow/dags/silver_layer_dag.py took 0.592 seconds
[2025-10-23T19:50:46.719+0000] {processor.py:161} INFO - Started process (PID=500) to work on /opt/airflow/dags/silver_layer_dag.py
[2025-10-23T19:50:46.721+0000] {processor.py:830} INFO - Processing file /opt/airflow/dags/silver_layer_dag.py for tasks to queue
[2025-10-23T19:50:46.723+0000] {logging_mixin.py:188} INFO - [2025-10-23T19:50:46.722+0000] {dagbag.py:540} INFO - Filling up the DagBag from /opt/airflow/dags/silver_layer_dag.py
[2025-10-23T19:50:47.184+0000] {processor.py:840} INFO - DAG(s) 'silver_layer_dag' retrieved from /opt/airflow/dags/silver_layer_dag.py
[2025-10-23T19:50:47.202+0000] {logging_mixin.py:188} INFO - [2025-10-23T19:50:47.202+0000] {dag.py:3096} INFO - Sync 1 DAGs
[2025-10-23T19:50:47.222+0000] {logging_mixin.py:188} INFO - [2025-10-23T19:50:47.221+0000] {dag.py:3954} INFO - Setting next_dagrun for silver_layer_dag to 2025-10-23 19:00:00+00:00, run_after=2025-10-24 19:00:00+00:00
[2025-10-23T19:50:47.239+0000] {processor.py:183} INFO - Processing /opt/airflow/dags/silver_layer_dag.py took 0.528 seconds
[2025-10-23T19:51:17.319+0000] {processor.py:161} INFO - Started process (PID=502) to work on /opt/airflow/dags/silver_layer_dag.py
[2025-10-23T19:51:17.320+0000] {processor.py:830} INFO - Processing file /opt/airflow/dags/silver_layer_dag.py for tasks to queue
[2025-10-23T19:51:17.322+0000] {logging_mixin.py:188} INFO - [2025-10-23T19:51:17.321+0000] {dagbag.py:540} INFO - Filling up the DagBag from /opt/airflow/dags/silver_layer_dag.py
[2025-10-23T19:51:17.905+0000] {processor.py:840} INFO - DAG(s) 'silver_layer_dag' retrieved from /opt/airflow/dags/silver_layer_dag.py
[2025-10-23T19:51:17.928+0000] {logging_mixin.py:188} INFO - [2025-10-23T19:51:17.928+0000] {dag.py:3096} INFO - Sync 1 DAGs
[2025-10-23T19:51:17.951+0000] {logging_mixin.py:188} INFO - [2025-10-23T19:51:17.951+0000] {dag.py:3954} INFO - Setting next_dagrun for silver_layer_dag to 2025-10-23 19:00:00+00:00, run_after=2025-10-24 19:00:00+00:00
[2025-10-23T19:51:17.973+0000] {processor.py:183} INFO - Processing /opt/airflow/dags/silver_layer_dag.py took 0.662 seconds
[2025-10-23T19:51:48.373+0000] {processor.py:161} INFO - Started process (PID=504) to work on /opt/airflow/dags/silver_layer_dag.py
[2025-10-23T19:51:48.374+0000] {processor.py:830} INFO - Processing file /opt/airflow/dags/silver_layer_dag.py for tasks to queue
[2025-10-23T19:51:48.377+0000] {logging_mixin.py:188} INFO - [2025-10-23T19:51:48.376+0000] {dagbag.py:540} INFO - Filling up the DagBag from /opt/airflow/dags/silver_layer_dag.py
[2025-10-23T19:51:49.017+0000] {processor.py:840} INFO - DAG(s) 'silver_layer_dag' retrieved from /opt/airflow/dags/silver_layer_dag.py
[2025-10-23T19:51:49.049+0000] {logging_mixin.py:188} INFO - [2025-10-23T19:51:49.049+0000] {dag.py:3096} INFO - Sync 1 DAGs
[2025-10-23T19:51:49.083+0000] {logging_mixin.py:188} INFO - [2025-10-23T19:51:49.083+0000] {dag.py:3954} INFO - Setting next_dagrun for silver_layer_dag to 2025-10-23 19:00:00+00:00, run_after=2025-10-24 19:00:00+00:00
[2025-10-23T19:51:49.108+0000] {processor.py:183} INFO - Processing /opt/airflow/dags/silver_layer_dag.py took 0.743 seconds
[2025-10-23T19:52:19.642+0000] {processor.py:161} INFO - Started process (PID=506) to work on /opt/airflow/dags/silver_layer_dag.py
[2025-10-23T19:52:19.643+0000] {processor.py:830} INFO - Processing file /opt/airflow/dags/silver_layer_dag.py for tasks to queue
[2025-10-23T19:52:19.646+0000] {logging_mixin.py:188} INFO - [2025-10-23T19:52:19.646+0000] {dagbag.py:540} INFO - Filling up the DagBag from /opt/airflow/dags/silver_layer_dag.py
[2025-10-23T19:52:20.159+0000] {processor.py:840} INFO - DAG(s) 'silver_layer_dag' retrieved from /opt/airflow/dags/silver_layer_dag.py
[2025-10-23T19:52:20.182+0000] {logging_mixin.py:188} INFO - [2025-10-23T19:52:20.182+0000] {dag.py:3096} INFO - Sync 1 DAGs
[2025-10-23T19:52:20.209+0000] {logging_mixin.py:188} INFO - [2025-10-23T19:52:20.209+0000] {dag.py:3954} INFO - Setting next_dagrun for silver_layer_dag to 2025-10-23 19:00:00+00:00, run_after=2025-10-24 19:00:00+00:00
[2025-10-23T19:52:20.233+0000] {processor.py:183} INFO - Processing /opt/airflow/dags/silver_layer_dag.py took 0.602 seconds
[2025-10-23T19:52:50.955+0000] {processor.py:161} INFO - Started process (PID=508) to work on /opt/airflow/dags/silver_layer_dag.py
[2025-10-23T19:52:50.957+0000] {processor.py:830} INFO - Processing file /opt/airflow/dags/silver_layer_dag.py for tasks to queue
[2025-10-23T19:52:50.960+0000] {logging_mixin.py:188} INFO - [2025-10-23T19:52:50.959+0000] {dagbag.py:540} INFO - Filling up the DagBag from /opt/airflow/dags/silver_layer_dag.py
[2025-10-23T19:52:51.474+0000] {processor.py:840} INFO - DAG(s) 'silver_layer_dag' retrieved from /opt/airflow/dags/silver_layer_dag.py
[2025-10-23T19:52:51.497+0000] {logging_mixin.py:188} INFO - [2025-10-23T19:52:51.497+0000] {dag.py:3096} INFO - Sync 1 DAGs
[2025-10-23T19:52:51.525+0000] {logging_mixin.py:188} INFO - [2025-10-23T19:52:51.524+0000] {dag.py:3954} INFO - Setting next_dagrun for silver_layer_dag to 2025-10-23 19:00:00+00:00, run_after=2025-10-24 19:00:00+00:00
[2025-10-23T19:52:51.547+0000] {processor.py:183} INFO - Processing /opt/airflow/dags/silver_layer_dag.py took 0.600 seconds
[2025-10-23T19:53:21.839+0000] {processor.py:161} INFO - Started process (PID=510) to work on /opt/airflow/dags/silver_layer_dag.py
[2025-10-23T19:53:21.840+0000] {processor.py:830} INFO - Processing file /opt/airflow/dags/silver_layer_dag.py for tasks to queue
[2025-10-23T19:53:21.842+0000] {logging_mixin.py:188} INFO - [2025-10-23T19:53:21.841+0000] {dagbag.py:540} INFO - Filling up the DagBag from /opt/airflow/dags/silver_layer_dag.py
[2025-10-23T19:53:22.240+0000] {processor.py:840} INFO - DAG(s) 'silver_layer_dag' retrieved from /opt/airflow/dags/silver_layer_dag.py
[2025-10-23T19:53:22.256+0000] {logging_mixin.py:188} INFO - [2025-10-23T19:53:22.256+0000] {dag.py:3096} INFO - Sync 1 DAGs
[2025-10-23T19:53:22.273+0000] {logging_mixin.py:188} INFO - [2025-10-23T19:53:22.273+0000] {dag.py:3954} INFO - Setting next_dagrun for silver_layer_dag to 2025-10-23 19:00:00+00:00, run_after=2025-10-24 19:00:00+00:00
[2025-10-23T19:53:22.288+0000] {processor.py:183} INFO - Processing /opt/airflow/dags/silver_layer_dag.py took 0.455 seconds
[2025-10-23T19:53:53.079+0000] {processor.py:161} INFO - Started process (PID=512) to work on /opt/airflow/dags/silver_layer_dag.py
[2025-10-23T19:53:53.079+0000] {processor.py:830} INFO - Processing file /opt/airflow/dags/silver_layer_dag.py for tasks to queue
[2025-10-23T19:53:53.081+0000] {logging_mixin.py:188} INFO - [2025-10-23T19:53:53.081+0000] {dagbag.py:540} INFO - Filling up the DagBag from /opt/airflow/dags/silver_layer_dag.py
[2025-10-23T19:53:53.400+0000] {processor.py:840} INFO - DAG(s) 'silver_layer_dag' retrieved from /opt/airflow/dags/silver_layer_dag.py
[2025-10-23T19:53:53.414+0000] {logging_mixin.py:188} INFO - [2025-10-23T19:53:53.414+0000] {dag.py:3096} INFO - Sync 1 DAGs
[2025-10-23T19:53:53.428+0000] {logging_mixin.py:188} INFO - [2025-10-23T19:53:53.427+0000] {dag.py:3954} INFO - Setting next_dagrun for silver_layer_dag to 2025-10-23 19:00:00+00:00, run_after=2025-10-24 19:00:00+00:00
[2025-10-23T19:53:53.440+0000] {processor.py:183} INFO - Processing /opt/airflow/dags/silver_layer_dag.py took 0.367 seconds
[2025-10-23T19:54:24.361+0000] {processor.py:161} INFO - Started process (PID=514) to work on /opt/airflow/dags/silver_layer_dag.py
[2025-10-23T19:54:24.362+0000] {processor.py:830} INFO - Processing file /opt/airflow/dags/silver_layer_dag.py for tasks to queue
[2025-10-23T19:54:24.364+0000] {logging_mixin.py:188} INFO - [2025-10-23T19:54:24.363+0000] {dagbag.py:540} INFO - Filling up the DagBag from /opt/airflow/dags/silver_layer_dag.py
[2025-10-23T19:54:24.679+0000] {processor.py:840} INFO - DAG(s) 'silver_layer_dag' retrieved from /opt/airflow/dags/silver_layer_dag.py
[2025-10-23T19:54:24.694+0000] {logging_mixin.py:188} INFO - [2025-10-23T19:54:24.694+0000] {dag.py:3096} INFO - Sync 1 DAGs
[2025-10-23T19:54:24.712+0000] {logging_mixin.py:188} INFO - [2025-10-23T19:54:24.712+0000] {dag.py:3954} INFO - Setting next_dagrun for silver_layer_dag to 2025-10-23 19:00:00+00:00, run_after=2025-10-24 19:00:00+00:00
[2025-10-23T19:54:24.726+0000] {processor.py:183} INFO - Processing /opt/airflow/dags/silver_layer_dag.py took 0.369 seconds
[2025-10-23T19:54:54.799+0000] {processor.py:161} INFO - Started process (PID=516) to work on /opt/airflow/dags/silver_layer_dag.py
[2025-10-23T19:54:54.800+0000] {processor.py:830} INFO - Processing file /opt/airflow/dags/silver_layer_dag.py for tasks to queue
[2025-10-23T19:54:54.802+0000] {logging_mixin.py:188} INFO - [2025-10-23T19:54:54.801+0000] {dagbag.py:540} INFO - Filling up the DagBag from /opt/airflow/dags/silver_layer_dag.py
[2025-10-23T19:54:55.106+0000] {processor.py:840} INFO - DAG(s) 'silver_layer_dag' retrieved from /opt/airflow/dags/silver_layer_dag.py
[2025-10-23T19:54:55.121+0000] {logging_mixin.py:188} INFO - [2025-10-23T19:54:55.121+0000] {dag.py:3096} INFO - Sync 1 DAGs
[2025-10-23T19:54:55.135+0000] {logging_mixin.py:188} INFO - [2025-10-23T19:54:55.135+0000] {dag.py:3954} INFO - Setting next_dagrun for silver_layer_dag to 2025-10-23 19:00:00+00:00, run_after=2025-10-24 19:00:00+00:00
[2025-10-23T19:54:55.148+0000] {processor.py:183} INFO - Processing /opt/airflow/dags/silver_layer_dag.py took 0.354 seconds
[2025-10-23T19:55:25.471+0000] {processor.py:161} INFO - Started process (PID=518) to work on /opt/airflow/dags/silver_layer_dag.py
[2025-10-23T19:55:25.471+0000] {processor.py:830} INFO - Processing file /opt/airflow/dags/silver_layer_dag.py for tasks to queue
[2025-10-23T19:55:25.473+0000] {logging_mixin.py:188} INFO - [2025-10-23T19:55:25.473+0000] {dagbag.py:540} INFO - Filling up the DagBag from /opt/airflow/dags/silver_layer_dag.py
[2025-10-23T19:55:25.791+0000] {processor.py:840} INFO - DAG(s) 'silver_layer_dag' retrieved from /opt/airflow/dags/silver_layer_dag.py
[2025-10-23T19:55:25.807+0000] {logging_mixin.py:188} INFO - [2025-10-23T19:55:25.807+0000] {dag.py:3096} INFO - Sync 1 DAGs
[2025-10-23T19:55:25.821+0000] {logging_mixin.py:188} INFO - [2025-10-23T19:55:25.821+0000] {dag.py:3954} INFO - Setting next_dagrun for silver_layer_dag to 2025-10-23 19:00:00+00:00, run_after=2025-10-24 19:00:00+00:00
[2025-10-23T19:55:25.894+0000] {processor.py:183} INFO - Processing /opt/airflow/dags/silver_layer_dag.py took 0.367 seconds
[2025-10-23T19:55:56.633+0000] {processor.py:161} INFO - Started process (PID=520) to work on /opt/airflow/dags/silver_layer_dag.py
[2025-10-23T19:55:56.634+0000] {processor.py:830} INFO - Processing file /opt/airflow/dags/silver_layer_dag.py for tasks to queue
[2025-10-23T19:55:56.636+0000] {logging_mixin.py:188} INFO - [2025-10-23T19:55:56.635+0000] {dagbag.py:540} INFO - Filling up the DagBag from /opt/airflow/dags/silver_layer_dag.py
[2025-10-23T19:55:56.825+0000] {processor.py:840} INFO - DAG(s) 'silver_layer_dag' retrieved from /opt/airflow/dags/silver_layer_dag.py
[2025-10-23T19:55:56.843+0000] {logging_mixin.py:188} INFO - [2025-10-23T19:55:56.843+0000] {dag.py:3096} INFO - Sync 1 DAGs
[2025-10-23T19:55:56.859+0000] {logging_mixin.py:188} INFO - [2025-10-23T19:55:56.859+0000] {dag.py:3954} INFO - Setting next_dagrun for silver_layer_dag to 2025-10-23 19:00:00+00:00, run_after=2025-10-24 19:00:00+00:00
[2025-10-23T19:55:56.873+0000] {processor.py:183} INFO - Processing /opt/airflow/dags/silver_layer_dag.py took 0.244 seconds
[2025-10-23T19:56:27.103+0000] {processor.py:161} INFO - Started process (PID=522) to work on /opt/airflow/dags/silver_layer_dag.py
[2025-10-23T19:56:27.104+0000] {processor.py:830} INFO - Processing file /opt/airflow/dags/silver_layer_dag.py for tasks to queue
[2025-10-23T19:56:27.106+0000] {logging_mixin.py:188} INFO - [2025-10-23T19:56:27.105+0000] {dagbag.py:540} INFO - Filling up the DagBag from /opt/airflow/dags/silver_layer_dag.py
[2025-10-23T19:56:27.301+0000] {processor.py:840} INFO - DAG(s) 'silver_layer_dag' retrieved from /opt/airflow/dags/silver_layer_dag.py
[2025-10-23T19:56:27.319+0000] {logging_mixin.py:188} INFO - [2025-10-23T19:56:27.318+0000] {dag.py:3096} INFO - Sync 1 DAGs
[2025-10-23T19:56:27.336+0000] {logging_mixin.py:188} INFO - [2025-10-23T19:56:27.336+0000] {dag.py:3954} INFO - Setting next_dagrun for silver_layer_dag to 2025-10-23 19:00:00+00:00, run_after=2025-10-24 19:00:00+00:00
[2025-10-23T19:56:27.351+0000] {processor.py:183} INFO - Processing /opt/airflow/dags/silver_layer_dag.py took 0.253 seconds
[2025-10-23T19:56:57.468+0000] {processor.py:161} INFO - Started process (PID=524) to work on /opt/airflow/dags/silver_layer_dag.py
[2025-10-23T19:56:57.469+0000] {processor.py:830} INFO - Processing file /opt/airflow/dags/silver_layer_dag.py for tasks to queue
[2025-10-23T19:56:57.471+0000] {logging_mixin.py:188} INFO - [2025-10-23T19:56:57.471+0000] {dagbag.py:540} INFO - Filling up the DagBag from /opt/airflow/dags/silver_layer_dag.py
[2025-10-23T19:56:57.679+0000] {processor.py:840} INFO - DAG(s) 'silver_layer_dag' retrieved from /opt/airflow/dags/silver_layer_dag.py
[2025-10-23T19:56:57.699+0000] {logging_mixin.py:188} INFO - [2025-10-23T19:56:57.699+0000] {dag.py:3096} INFO - Sync 1 DAGs
[2025-10-23T19:56:57.719+0000] {logging_mixin.py:188} INFO - [2025-10-23T19:56:57.719+0000] {dag.py:3954} INFO - Setting next_dagrun for silver_layer_dag to 2025-10-23 19:00:00+00:00, run_after=2025-10-24 19:00:00+00:00
[2025-10-23T19:56:57.734+0000] {processor.py:183} INFO - Processing /opt/airflow/dags/silver_layer_dag.py took 0.270 seconds
[2025-10-23T19:57:28.684+0000] {processor.py:161} INFO - Started process (PID=526) to work on /opt/airflow/dags/silver_layer_dag.py
[2025-10-23T19:57:28.685+0000] {processor.py:830} INFO - Processing file /opt/airflow/dags/silver_layer_dag.py for tasks to queue
[2025-10-23T19:57:28.687+0000] {logging_mixin.py:188} INFO - [2025-10-23T19:57:28.687+0000] {dagbag.py:540} INFO - Filling up the DagBag from /opt/airflow/dags/silver_layer_dag.py
[2025-10-23T19:57:28.874+0000] {processor.py:840} INFO - DAG(s) 'silver_layer_dag' retrieved from /opt/airflow/dags/silver_layer_dag.py
[2025-10-23T19:57:28.892+0000] {logging_mixin.py:188} INFO - [2025-10-23T19:57:28.892+0000] {dag.py:3096} INFO - Sync 1 DAGs
[2025-10-23T19:57:28.910+0000] {logging_mixin.py:188} INFO - [2025-10-23T19:57:28.909+0000] {dag.py:3954} INFO - Setting next_dagrun for silver_layer_dag to 2025-10-23 19:00:00+00:00, run_after=2025-10-24 19:00:00+00:00
[2025-10-23T19:57:28.924+0000] {processor.py:183} INFO - Processing /opt/airflow/dags/silver_layer_dag.py took 0.244 seconds
[2025-10-23T19:57:59.034+0000] {processor.py:161} INFO - Started process (PID=528) to work on /opt/airflow/dags/silver_layer_dag.py
[2025-10-23T19:57:59.036+0000] {processor.py:830} INFO - Processing file /opt/airflow/dags/silver_layer_dag.py for tasks to queue
[2025-10-23T19:57:59.041+0000] {logging_mixin.py:188} INFO - [2025-10-23T19:57:59.040+0000] {dagbag.py:540} INFO - Filling up the DagBag from /opt/airflow/dags/silver_layer_dag.py
[2025-10-23T19:57:59.403+0000] {processor.py:840} INFO - DAG(s) 'silver_layer_dag' retrieved from /opt/airflow/dags/silver_layer_dag.py
[2025-10-23T19:57:59.429+0000] {logging_mixin.py:188} INFO - [2025-10-23T19:57:59.429+0000] {dag.py:3096} INFO - Sync 1 DAGs
[2025-10-23T19:57:59.456+0000] {logging_mixin.py:188} INFO - [2025-10-23T19:57:59.456+0000] {dag.py:3954} INFO - Setting next_dagrun for silver_layer_dag to 2025-10-23 19:00:00+00:00, run_after=2025-10-24 19:00:00+00:00
[2025-10-23T19:57:59.477+0000] {processor.py:183} INFO - Processing /opt/airflow/dags/silver_layer_dag.py took 0.451 seconds
[2025-10-23T19:58:30.217+0000] {processor.py:161} INFO - Started process (PID=530) to work on /opt/airflow/dags/silver_layer_dag.py
[2025-10-23T19:58:30.217+0000] {processor.py:830} INFO - Processing file /opt/airflow/dags/silver_layer_dag.py for tasks to queue
[2025-10-23T19:58:30.219+0000] {logging_mixin.py:188} INFO - [2025-10-23T19:58:30.219+0000] {dagbag.py:540} INFO - Filling up the DagBag from /opt/airflow/dags/silver_layer_dag.py
[2025-10-23T19:58:30.401+0000] {processor.py:840} INFO - DAG(s) 'silver_layer_dag' retrieved from /opt/airflow/dags/silver_layer_dag.py
[2025-10-23T19:58:30.418+0000] {logging_mixin.py:188} INFO - [2025-10-23T19:58:30.418+0000] {dag.py:3096} INFO - Sync 1 DAGs
[2025-10-23T19:58:30.434+0000] {logging_mixin.py:188} INFO - [2025-10-23T19:58:30.434+0000] {dag.py:3954} INFO - Setting next_dagrun for silver_layer_dag to 2025-10-23 19:00:00+00:00, run_after=2025-10-24 19:00:00+00:00
[2025-10-23T19:58:30.449+0000] {processor.py:183} INFO - Processing /opt/airflow/dags/silver_layer_dag.py took 0.237 seconds
[2025-10-23T19:59:00.494+0000] {processor.py:161} INFO - Started process (PID=532) to work on /opt/airflow/dags/silver_layer_dag.py
[2025-10-23T19:59:00.495+0000] {processor.py:830} INFO - Processing file /opt/airflow/dags/silver_layer_dag.py for tasks to queue
[2025-10-23T19:59:00.496+0000] {logging_mixin.py:188} INFO - [2025-10-23T19:59:00.496+0000] {dagbag.py:540} INFO - Filling up the DagBag from /opt/airflow/dags/silver_layer_dag.py
[2025-10-23T19:59:00.698+0000] {processor.py:840} INFO - DAG(s) 'silver_layer_dag' retrieved from /opt/airflow/dags/silver_layer_dag.py
[2025-10-23T19:59:00.717+0000] {logging_mixin.py:188} INFO - [2025-10-23T19:59:00.717+0000] {dag.py:3096} INFO - Sync 1 DAGs
[2025-10-23T19:59:00.737+0000] {logging_mixin.py:188} INFO - [2025-10-23T19:59:00.737+0000] {dag.py:3954} INFO - Setting next_dagrun for silver_layer_dag to 2025-10-23 19:00:00+00:00, run_after=2025-10-24 19:00:00+00:00
[2025-10-23T19:59:00.752+0000] {processor.py:183} INFO - Processing /opt/airflow/dags/silver_layer_dag.py took 0.263 seconds
[2025-10-23T19:59:30.815+0000] {processor.py:161} INFO - Started process (PID=534) to work on /opt/airflow/dags/silver_layer_dag.py
[2025-10-23T19:59:30.816+0000] {processor.py:830} INFO - Processing file /opt/airflow/dags/silver_layer_dag.py for tasks to queue
[2025-10-23T19:59:30.817+0000] {logging_mixin.py:188} INFO - [2025-10-23T19:59:30.817+0000] {dagbag.py:540} INFO - Filling up the DagBag from /opt/airflow/dags/silver_layer_dag.py
[2025-10-23T19:59:31.005+0000] {processor.py:840} INFO - DAG(s) 'silver_layer_dag' retrieved from /opt/airflow/dags/silver_layer_dag.py
[2025-10-23T19:59:31.025+0000] {logging_mixin.py:188} INFO - [2025-10-23T19:59:31.025+0000] {dag.py:3096} INFO - Sync 1 DAGs
[2025-10-23T19:59:31.042+0000] {logging_mixin.py:188} INFO - [2025-10-23T19:59:31.042+0000] {dag.py:3954} INFO - Setting next_dagrun for silver_layer_dag to 2025-10-23 19:00:00+00:00, run_after=2025-10-24 19:00:00+00:00
[2025-10-23T19:59:31.057+0000] {processor.py:183} INFO - Processing /opt/airflow/dags/silver_layer_dag.py took 0.247 seconds
[2025-10-23T20:00:01.941+0000] {processor.py:161} INFO - Started process (PID=536) to work on /opt/airflow/dags/silver_layer_dag.py
[2025-10-23T20:00:01.942+0000] {processor.py:830} INFO - Processing file /opt/airflow/dags/silver_layer_dag.py for tasks to queue
[2025-10-23T20:00:01.944+0000] {logging_mixin.py:188} INFO - [2025-10-23T20:00:01.944+0000] {dagbag.py:540} INFO - Filling up the DagBag from /opt/airflow/dags/silver_layer_dag.py
[2025-10-23T20:00:02.141+0000] {processor.py:840} INFO - DAG(s) 'silver_layer_dag' retrieved from /opt/airflow/dags/silver_layer_dag.py
[2025-10-23T20:00:02.157+0000] {logging_mixin.py:188} INFO - [2025-10-23T20:00:02.156+0000] {dag.py:3096} INFO - Sync 1 DAGs
[2025-10-23T20:00:02.173+0000] {logging_mixin.py:188} INFO - [2025-10-23T20:00:02.173+0000] {dag.py:3954} INFO - Setting next_dagrun for silver_layer_dag to 2025-10-23 19:00:00+00:00, run_after=2025-10-24 19:00:00+00:00
[2025-10-23T20:00:02.188+0000] {processor.py:183} INFO - Processing /opt/airflow/dags/silver_layer_dag.py took 0.253 seconds
[2025-10-23T20:00:32.294+0000] {processor.py:161} INFO - Started process (PID=538) to work on /opt/airflow/dags/silver_layer_dag.py
[2025-10-23T20:00:32.295+0000] {processor.py:830} INFO - Processing file /opt/airflow/dags/silver_layer_dag.py for tasks to queue
[2025-10-23T20:00:32.296+0000] {logging_mixin.py:188} INFO - [2025-10-23T20:00:32.296+0000] {dagbag.py:540} INFO - Filling up the DagBag from /opt/airflow/dags/silver_layer_dag.py
[2025-10-23T20:00:32.488+0000] {processor.py:840} INFO - DAG(s) 'silver_layer_dag' retrieved from /opt/airflow/dags/silver_layer_dag.py
[2025-10-23T20:00:32.503+0000] {logging_mixin.py:188} INFO - [2025-10-23T20:00:32.503+0000] {dag.py:3096} INFO - Sync 1 DAGs
[2025-10-23T20:00:32.518+0000] {logging_mixin.py:188} INFO - [2025-10-23T20:00:32.518+0000] {dag.py:3954} INFO - Setting next_dagrun for silver_layer_dag to 2025-10-23 19:00:00+00:00, run_after=2025-10-24 19:00:00+00:00
[2025-10-23T20:00:32.532+0000] {processor.py:183} INFO - Processing /opt/airflow/dags/silver_layer_dag.py took 0.242 seconds
[2025-10-23T20:01:02.603+0000] {processor.py:161} INFO - Started process (PID=540) to work on /opt/airflow/dags/silver_layer_dag.py
[2025-10-23T20:01:02.604+0000] {processor.py:830} INFO - Processing file /opt/airflow/dags/silver_layer_dag.py for tasks to queue
[2025-10-23T20:01:02.605+0000] {logging_mixin.py:188} INFO - [2025-10-23T20:01:02.605+0000] {dagbag.py:540} INFO - Filling up the DagBag from /opt/airflow/dags/silver_layer_dag.py
[2025-10-23T20:01:02.795+0000] {processor.py:840} INFO - DAG(s) 'silver_layer_dag' retrieved from /opt/airflow/dags/silver_layer_dag.py
[2025-10-23T20:01:02.810+0000] {logging_mixin.py:188} INFO - [2025-10-23T20:01:02.810+0000] {dag.py:3096} INFO - Sync 1 DAGs
[2025-10-23T20:01:02.826+0000] {logging_mixin.py:188} INFO - [2025-10-23T20:01:02.826+0000] {dag.py:3954} INFO - Setting next_dagrun for silver_layer_dag to 2025-10-23 19:00:00+00:00, run_after=2025-10-24 19:00:00+00:00
[2025-10-23T20:01:02.841+0000] {processor.py:183} INFO - Processing /opt/airflow/dags/silver_layer_dag.py took 0.244 seconds
[2025-10-23T20:01:32.927+0000] {processor.py:161} INFO - Started process (PID=542) to work on /opt/airflow/dags/silver_layer_dag.py
[2025-10-23T20:01:32.928+0000] {processor.py:830} INFO - Processing file /opt/airflow/dags/silver_layer_dag.py for tasks to queue
[2025-10-23T20:01:32.930+0000] {logging_mixin.py:188} INFO - [2025-10-23T20:01:32.929+0000] {dagbag.py:540} INFO - Filling up the DagBag from /opt/airflow/dags/silver_layer_dag.py
[2025-10-23T20:01:33.118+0000] {processor.py:840} INFO - DAG(s) 'silver_layer_dag' retrieved from /opt/airflow/dags/silver_layer_dag.py
[2025-10-23T20:01:33.135+0000] {logging_mixin.py:188} INFO - [2025-10-23T20:01:33.135+0000] {dag.py:3096} INFO - Sync 1 DAGs
[2025-10-23T20:01:33.151+0000] {logging_mixin.py:188} INFO - [2025-10-23T20:01:33.151+0000] {dag.py:3954} INFO - Setting next_dagrun for silver_layer_dag to 2025-10-23 19:00:00+00:00, run_after=2025-10-24 19:00:00+00:00
[2025-10-23T20:01:33.165+0000] {processor.py:183} INFO - Processing /opt/airflow/dags/silver_layer_dag.py took 0.242 seconds
[2025-10-23T20:02:03.324+0000] {processor.py:161} INFO - Started process (PID=544) to work on /opt/airflow/dags/silver_layer_dag.py
[2025-10-23T20:02:03.325+0000] {processor.py:830} INFO - Processing file /opt/airflow/dags/silver_layer_dag.py for tasks to queue
[2025-10-23T20:02:03.326+0000] {logging_mixin.py:188} INFO - [2025-10-23T20:02:03.326+0000] {dagbag.py:540} INFO - Filling up the DagBag from /opt/airflow/dags/silver_layer_dag.py
[2025-10-23T20:02:03.514+0000] {processor.py:840} INFO - DAG(s) 'silver_layer_dag' retrieved from /opt/airflow/dags/silver_layer_dag.py
[2025-10-23T20:02:03.530+0000] {logging_mixin.py:188} INFO - [2025-10-23T20:02:03.530+0000] {dag.py:3096} INFO - Sync 1 DAGs
[2025-10-23T20:02:03.545+0000] {logging_mixin.py:188} INFO - [2025-10-23T20:02:03.545+0000] {dag.py:3954} INFO - Setting next_dagrun for silver_layer_dag to 2025-10-23 19:00:00+00:00, run_after=2025-10-24 19:00:00+00:00
[2025-10-23T20:02:03.559+0000] {processor.py:183} INFO - Processing /opt/airflow/dags/silver_layer_dag.py took 0.240 seconds
[2025-10-23T20:02:33.656+0000] {processor.py:161} INFO - Started process (PID=546) to work on /opt/airflow/dags/silver_layer_dag.py
[2025-10-23T20:02:33.657+0000] {processor.py:830} INFO - Processing file /opt/airflow/dags/silver_layer_dag.py for tasks to queue
[2025-10-23T20:02:33.658+0000] {logging_mixin.py:188} INFO - [2025-10-23T20:02:33.658+0000] {dagbag.py:540} INFO - Filling up the DagBag from /opt/airflow/dags/silver_layer_dag.py
[2025-10-23T20:02:33.846+0000] {processor.py:840} INFO - DAG(s) 'silver_layer_dag' retrieved from /opt/airflow/dags/silver_layer_dag.py
[2025-10-23T20:02:33.861+0000] {logging_mixin.py:188} INFO - [2025-10-23T20:02:33.861+0000] {dag.py:3096} INFO - Sync 1 DAGs
[2025-10-23T20:02:33.876+0000] {logging_mixin.py:188} INFO - [2025-10-23T20:02:33.876+0000] {dag.py:3954} INFO - Setting next_dagrun for silver_layer_dag to 2025-10-23 19:00:00+00:00, run_after=2025-10-24 19:00:00+00:00
[2025-10-23T20:02:33.890+0000] {processor.py:183} INFO - Processing /opt/airflow/dags/silver_layer_dag.py took 0.239 seconds
[2025-10-23T20:03:03.971+0000] {processor.py:161} INFO - Started process (PID=548) to work on /opt/airflow/dags/silver_layer_dag.py
[2025-10-23T20:03:03.972+0000] {processor.py:830} INFO - Processing file /opt/airflow/dags/silver_layer_dag.py for tasks to queue
[2025-10-23T20:03:03.973+0000] {logging_mixin.py:188} INFO - [2025-10-23T20:03:03.973+0000] {dagbag.py:540} INFO - Filling up the DagBag from /opt/airflow/dags/silver_layer_dag.py
[2025-10-23T20:03:04.160+0000] {processor.py:840} INFO - DAG(s) 'silver_layer_dag' retrieved from /opt/airflow/dags/silver_layer_dag.py
[2025-10-23T20:03:04.175+0000] {logging_mixin.py:188} INFO - [2025-10-23T20:03:04.175+0000] {dag.py:3096} INFO - Sync 1 DAGs
[2025-10-23T20:03:04.189+0000] {logging_mixin.py:188} INFO - [2025-10-23T20:03:04.189+0000] {dag.py:3954} INFO - Setting next_dagrun for silver_layer_dag to 2025-10-23 19:00:00+00:00, run_after=2025-10-24 19:00:00+00:00
[2025-10-23T20:03:04.202+0000] {processor.py:183} INFO - Processing /opt/airflow/dags/silver_layer_dag.py took 0.236 seconds
[2025-10-23T20:03:34.489+0000] {processor.py:161} INFO - Started process (PID=550) to work on /opt/airflow/dags/silver_layer_dag.py
[2025-10-23T20:03:34.490+0000] {processor.py:830} INFO - Processing file /opt/airflow/dags/silver_layer_dag.py for tasks to queue
[2025-10-23T20:03:34.492+0000] {logging_mixin.py:188} INFO - [2025-10-23T20:03:34.491+0000] {dagbag.py:540} INFO - Filling up the DagBag from /opt/airflow/dags/silver_layer_dag.py
[2025-10-23T20:03:34.676+0000] {processor.py:840} INFO - DAG(s) 'silver_layer_dag' retrieved from /opt/airflow/dags/silver_layer_dag.py
[2025-10-23T20:03:34.693+0000] {logging_mixin.py:188} INFO - [2025-10-23T20:03:34.693+0000] {dag.py:3096} INFO - Sync 1 DAGs
[2025-10-23T20:03:34.709+0000] {logging_mixin.py:188} INFO - [2025-10-23T20:03:34.709+0000] {dag.py:3954} INFO - Setting next_dagrun for silver_layer_dag to 2025-10-23 19:00:00+00:00, run_after=2025-10-24 19:00:00+00:00
[2025-10-23T20:03:34.724+0000] {processor.py:183} INFO - Processing /opt/airflow/dags/silver_layer_dag.py took 0.240 seconds
[2025-10-23T20:04:04.840+0000] {processor.py:161} INFO - Started process (PID=553) to work on /opt/airflow/dags/silver_layer_dag.py
[2025-10-23T20:04:04.841+0000] {processor.py:830} INFO - Processing file /opt/airflow/dags/silver_layer_dag.py for tasks to queue
[2025-10-23T20:04:04.843+0000] {logging_mixin.py:188} INFO - [2025-10-23T20:04:04.842+0000] {dagbag.py:540} INFO - Filling up the DagBag from /opt/airflow/dags/silver_layer_dag.py
[2025-10-23T20:04:05.029+0000] {processor.py:840} INFO - DAG(s) 'silver_layer_dag' retrieved from /opt/airflow/dags/silver_layer_dag.py
[2025-10-23T20:04:05.046+0000] {logging_mixin.py:188} INFO - [2025-10-23T20:04:05.046+0000] {dag.py:3096} INFO - Sync 1 DAGs
[2025-10-23T20:04:05.064+0000] {logging_mixin.py:188} INFO - [2025-10-23T20:04:05.064+0000] {dag.py:3954} INFO - Setting next_dagrun for silver_layer_dag to 2025-10-23 19:00:00+00:00, run_after=2025-10-24 19:00:00+00:00
[2025-10-23T20:04:05.078+0000] {processor.py:183} INFO - Processing /opt/airflow/dags/silver_layer_dag.py took 0.243 seconds
[2025-10-23T20:04:35.133+0000] {processor.py:161} INFO - Started process (PID=555) to work on /opt/airflow/dags/silver_layer_dag.py
[2025-10-23T20:04:35.134+0000] {processor.py:830} INFO - Processing file /opt/airflow/dags/silver_layer_dag.py for tasks to queue
[2025-10-23T20:04:35.136+0000] {logging_mixin.py:188} INFO - [2025-10-23T20:04:35.135+0000] {dagbag.py:540} INFO - Filling up the DagBag from /opt/airflow/dags/silver_layer_dag.py
[2025-10-23T20:04:35.321+0000] {processor.py:840} INFO - DAG(s) 'silver_layer_dag' retrieved from /opt/airflow/dags/silver_layer_dag.py
[2025-10-23T20:04:35.340+0000] {logging_mixin.py:188} INFO - [2025-10-23T20:04:35.340+0000] {dag.py:3096} INFO - Sync 1 DAGs
[2025-10-23T20:04:35.357+0000] {logging_mixin.py:188} INFO - [2025-10-23T20:04:35.356+0000] {dag.py:3954} INFO - Setting next_dagrun for silver_layer_dag to 2025-10-23 19:00:00+00:00, run_after=2025-10-24 19:00:00+00:00
[2025-10-23T20:04:35.370+0000] {processor.py:183} INFO - Processing /opt/airflow/dags/silver_layer_dag.py took 0.242 seconds
[2025-10-23T20:05:05.412+0000] {processor.py:161} INFO - Started process (PID=557) to work on /opt/airflow/dags/silver_layer_dag.py
[2025-10-23T20:05:05.413+0000] {processor.py:830} INFO - Processing file /opt/airflow/dags/silver_layer_dag.py for tasks to queue
[2025-10-23T20:05:05.414+0000] {logging_mixin.py:188} INFO - [2025-10-23T20:05:05.414+0000] {dagbag.py:540} INFO - Filling up the DagBag from /opt/airflow/dags/silver_layer_dag.py
[2025-10-23T20:05:05.596+0000] {processor.py:840} INFO - DAG(s) 'silver_layer_dag' retrieved from /opt/airflow/dags/silver_layer_dag.py
[2025-10-23T20:05:05.615+0000] {logging_mixin.py:188} INFO - [2025-10-23T20:05:05.615+0000] {dag.py:3096} INFO - Sync 1 DAGs
[2025-10-23T20:05:05.632+0000] {logging_mixin.py:188} INFO - [2025-10-23T20:05:05.632+0000] {dag.py:3954} INFO - Setting next_dagrun for silver_layer_dag to 2025-10-23 19:00:00+00:00, run_after=2025-10-24 19:00:00+00:00
[2025-10-23T20:05:05.647+0000] {processor.py:183} INFO - Processing /opt/airflow/dags/silver_layer_dag.py took 0.239 seconds
[2025-10-23T20:05:35.691+0000] {processor.py:161} INFO - Started process (PID=559) to work on /opt/airflow/dags/silver_layer_dag.py
[2025-10-23T20:05:35.692+0000] {processor.py:830} INFO - Processing file /opt/airflow/dags/silver_layer_dag.py for tasks to queue
[2025-10-23T20:05:35.693+0000] {logging_mixin.py:188} INFO - [2025-10-23T20:05:35.693+0000] {dagbag.py:540} INFO - Filling up the DagBag from /opt/airflow/dags/silver_layer_dag.py
[2025-10-23T20:05:35.876+0000] {processor.py:840} INFO - DAG(s) 'silver_layer_dag' retrieved from /opt/airflow/dags/silver_layer_dag.py
[2025-10-23T20:05:35.893+0000] {logging_mixin.py:188} INFO - [2025-10-23T20:05:35.893+0000] {dag.py:3096} INFO - Sync 1 DAGs
[2025-10-23T20:05:35.910+0000] {logging_mixin.py:188} INFO - [2025-10-23T20:05:35.909+0000] {dag.py:3954} INFO - Setting next_dagrun for silver_layer_dag to 2025-10-23 19:00:00+00:00, run_after=2025-10-24 19:00:00+00:00
[2025-10-23T20:05:35.924+0000] {processor.py:183} INFO - Processing /opt/airflow/dags/silver_layer_dag.py took 0.238 seconds
[2025-10-23T20:06:06.807+0000] {processor.py:161} INFO - Started process (PID=561) to work on /opt/airflow/dags/silver_layer_dag.py
[2025-10-23T20:06:06.808+0000] {processor.py:830} INFO - Processing file /opt/airflow/dags/silver_layer_dag.py for tasks to queue
[2025-10-23T20:06:06.809+0000] {logging_mixin.py:188} INFO - [2025-10-23T20:06:06.809+0000] {dagbag.py:540} INFO - Filling up the DagBag from /opt/airflow/dags/silver_layer_dag.py
[2025-10-23T20:06:07.000+0000] {processor.py:840} INFO - DAG(s) 'silver_layer_dag' retrieved from /opt/airflow/dags/silver_layer_dag.py
[2025-10-23T20:06:07.017+0000] {logging_mixin.py:188} INFO - [2025-10-23T20:06:07.017+0000] {dag.py:3096} INFO - Sync 1 DAGs
[2025-10-23T20:06:07.035+0000] {logging_mixin.py:188} INFO - [2025-10-23T20:06:07.034+0000] {dag.py:3954} INFO - Setting next_dagrun for silver_layer_dag to 2025-10-23 19:00:00+00:00, run_after=2025-10-24 19:00:00+00:00
[2025-10-23T20:06:07.049+0000] {processor.py:183} INFO - Processing /opt/airflow/dags/silver_layer_dag.py took 0.247 seconds
[2025-10-23T20:06:37.122+0000] {processor.py:161} INFO - Started process (PID=563) to work on /opt/airflow/dags/silver_layer_dag.py
[2025-10-23T20:06:37.123+0000] {processor.py:830} INFO - Processing file /opt/airflow/dags/silver_layer_dag.py for tasks to queue
[2025-10-23T20:06:37.125+0000] {logging_mixin.py:188} INFO - [2025-10-23T20:06:37.124+0000] {dagbag.py:540} INFO - Filling up the DagBag from /opt/airflow/dags/silver_layer_dag.py
[2025-10-23T20:06:37.315+0000] {processor.py:840} INFO - DAG(s) 'silver_layer_dag' retrieved from /opt/airflow/dags/silver_layer_dag.py
[2025-10-23T20:06:37.333+0000] {logging_mixin.py:188} INFO - [2025-10-23T20:06:37.333+0000] {dag.py:3096} INFO - Sync 1 DAGs
[2025-10-23T20:06:37.351+0000] {logging_mixin.py:188} INFO - [2025-10-23T20:06:37.350+0000] {dag.py:3954} INFO - Setting next_dagrun for silver_layer_dag to 2025-10-23 19:00:00+00:00, run_after=2025-10-24 19:00:00+00:00
[2025-10-23T20:06:37.365+0000] {processor.py:183} INFO - Processing /opt/airflow/dags/silver_layer_dag.py took 0.247 seconds
[2025-10-23T20:07:07.489+0000] {processor.py:161} INFO - Started process (PID=565) to work on /opt/airflow/dags/silver_layer_dag.py
[2025-10-23T20:07:07.489+0000] {processor.py:830} INFO - Processing file /opt/airflow/dags/silver_layer_dag.py for tasks to queue
[2025-10-23T20:07:07.491+0000] {logging_mixin.py:188} INFO - [2025-10-23T20:07:07.491+0000] {dagbag.py:540} INFO - Filling up the DagBag from /opt/airflow/dags/silver_layer_dag.py
[2025-10-23T20:07:07.685+0000] {processor.py:840} INFO - DAG(s) 'silver_layer_dag' retrieved from /opt/airflow/dags/silver_layer_dag.py
[2025-10-23T20:07:07.702+0000] {logging_mixin.py:188} INFO - [2025-10-23T20:07:07.702+0000] {dag.py:3096} INFO - Sync 1 DAGs
[2025-10-23T20:07:07.719+0000] {logging_mixin.py:188} INFO - [2025-10-23T20:07:07.719+0000] {dag.py:3954} INFO - Setting next_dagrun for silver_layer_dag to 2025-10-23 19:00:00+00:00, run_after=2025-10-24 19:00:00+00:00
[2025-10-23T20:07:07.733+0000] {processor.py:183} INFO - Processing /opt/airflow/dags/silver_layer_dag.py took 0.249 seconds
[2025-10-23T20:07:37.819+0000] {processor.py:161} INFO - Started process (PID=567) to work on /opt/airflow/dags/silver_layer_dag.py
[2025-10-23T20:07:37.820+0000] {processor.py:830} INFO - Processing file /opt/airflow/dags/silver_layer_dag.py for tasks to queue
[2025-10-23T20:07:37.821+0000] {logging_mixin.py:188} INFO - [2025-10-23T20:07:37.821+0000] {dagbag.py:540} INFO - Filling up the DagBag from /opt/airflow/dags/silver_layer_dag.py
[2025-10-23T20:07:38.010+0000] {processor.py:840} INFO - DAG(s) 'silver_layer_dag' retrieved from /opt/airflow/dags/silver_layer_dag.py
[2025-10-23T20:07:38.027+0000] {logging_mixin.py:188} INFO - [2025-10-23T20:07:38.027+0000] {dag.py:3096} INFO - Sync 1 DAGs
[2025-10-23T20:07:38.043+0000] {logging_mixin.py:188} INFO - [2025-10-23T20:07:38.043+0000] {dag.py:3954} INFO - Setting next_dagrun for silver_layer_dag to 2025-10-23 19:00:00+00:00, run_after=2025-10-24 19:00:00+00:00
[2025-10-23T20:07:38.057+0000] {processor.py:183} INFO - Processing /opt/airflow/dags/silver_layer_dag.py took 0.243 seconds
[2025-10-23T20:08:08.163+0000] {processor.py:161} INFO - Started process (PID=569) to work on /opt/airflow/dags/silver_layer_dag.py
[2025-10-23T20:08:08.164+0000] {processor.py:830} INFO - Processing file /opt/airflow/dags/silver_layer_dag.py for tasks to queue
[2025-10-23T20:08:08.166+0000] {logging_mixin.py:188} INFO - [2025-10-23T20:08:08.165+0000] {dagbag.py:540} INFO - Filling up the DagBag from /opt/airflow/dags/silver_layer_dag.py
[2025-10-23T20:08:08.361+0000] {processor.py:840} INFO - DAG(s) 'silver_layer_dag' retrieved from /opt/airflow/dags/silver_layer_dag.py
[2025-10-23T20:08:08.380+0000] {logging_mixin.py:188} INFO - [2025-10-23T20:08:08.380+0000] {dag.py:3096} INFO - Sync 1 DAGs
[2025-10-23T20:08:08.398+0000] {logging_mixin.py:188} INFO - [2025-10-23T20:08:08.398+0000] {dag.py:3954} INFO - Setting next_dagrun for silver_layer_dag to 2025-10-23 19:00:00+00:00, run_after=2025-10-24 19:00:00+00:00
[2025-10-23T20:08:08.413+0000] {processor.py:183} INFO - Processing /opt/airflow/dags/silver_layer_dag.py took 0.254 seconds
[2025-10-23T20:08:38.538+0000] {processor.py:161} INFO - Started process (PID=571) to work on /opt/airflow/dags/silver_layer_dag.py
[2025-10-23T20:08:38.539+0000] {processor.py:830} INFO - Processing file /opt/airflow/dags/silver_layer_dag.py for tasks to queue
[2025-10-23T20:08:38.541+0000] {logging_mixin.py:188} INFO - [2025-10-23T20:08:38.540+0000] {dagbag.py:540} INFO - Filling up the DagBag from /opt/airflow/dags/silver_layer_dag.py
[2025-10-23T20:08:38.725+0000] {processor.py:840} INFO - DAG(s) 'silver_layer_dag' retrieved from /opt/airflow/dags/silver_layer_dag.py
[2025-10-23T20:08:38.743+0000] {logging_mixin.py:188} INFO - [2025-10-23T20:08:38.743+0000] {dag.py:3096} INFO - Sync 1 DAGs
[2025-10-23T20:08:38.759+0000] {logging_mixin.py:188} INFO - [2025-10-23T20:08:38.759+0000] {dag.py:3954} INFO - Setting next_dagrun for silver_layer_dag to 2025-10-23 19:00:00+00:00, run_after=2025-10-24 19:00:00+00:00
[2025-10-23T20:08:38.774+0000] {processor.py:183} INFO - Processing /opt/airflow/dags/silver_layer_dag.py took 0.241 seconds
[2025-10-23T20:09:08.868+0000] {processor.py:161} INFO - Started process (PID=573) to work on /opt/airflow/dags/silver_layer_dag.py
[2025-10-23T20:09:08.869+0000] {processor.py:830} INFO - Processing file /opt/airflow/dags/silver_layer_dag.py for tasks to queue
[2025-10-23T20:09:08.870+0000] {logging_mixin.py:188} INFO - [2025-10-23T20:09:08.870+0000] {dagbag.py:540} INFO - Filling up the DagBag from /opt/airflow/dags/silver_layer_dag.py
[2025-10-23T20:09:09.069+0000] {processor.py:840} INFO - DAG(s) 'silver_layer_dag' retrieved from /opt/airflow/dags/silver_layer_dag.py
[2025-10-23T20:09:09.086+0000] {logging_mixin.py:188} INFO - [2025-10-23T20:09:09.086+0000] {dag.py:3096} INFO - Sync 1 DAGs
[2025-10-23T20:09:09.103+0000] {logging_mixin.py:188} INFO - [2025-10-23T20:09:09.103+0000] {dag.py:3954} INFO - Setting next_dagrun for silver_layer_dag to 2025-10-23 19:00:00+00:00, run_after=2025-10-24 19:00:00+00:00
[2025-10-23T20:09:09.118+0000] {processor.py:183} INFO - Processing /opt/airflow/dags/silver_layer_dag.py took 0.255 seconds
[2025-10-23T20:09:39.237+0000] {processor.py:161} INFO - Started process (PID=575) to work on /opt/airflow/dags/silver_layer_dag.py
[2025-10-23T20:09:39.238+0000] {processor.py:830} INFO - Processing file /opt/airflow/dags/silver_layer_dag.py for tasks to queue
[2025-10-23T20:09:39.240+0000] {logging_mixin.py:188} INFO - [2025-10-23T20:09:39.240+0000] {dagbag.py:540} INFO - Filling up the DagBag from /opt/airflow/dags/silver_layer_dag.py
[2025-10-23T20:09:39.446+0000] {processor.py:840} INFO - DAG(s) 'silver_layer_dag' retrieved from /opt/airflow/dags/silver_layer_dag.py
[2025-10-23T20:09:39.468+0000] {logging_mixin.py:188} INFO - [2025-10-23T20:09:39.468+0000] {dag.py:3096} INFO - Sync 1 DAGs
[2025-10-23T20:09:39.489+0000] {logging_mixin.py:188} INFO - [2025-10-23T20:09:39.489+0000] {dag.py:3954} INFO - Setting next_dagrun for silver_layer_dag to 2025-10-23 19:00:00+00:00, run_after=2025-10-24 19:00:00+00:00
[2025-10-23T20:09:39.508+0000] {processor.py:183} INFO - Processing /opt/airflow/dags/silver_layer_dag.py took 0.275 seconds
[2025-10-23T20:10:09.574+0000] {processor.py:161} INFO - Started process (PID=577) to work on /opt/airflow/dags/silver_layer_dag.py
[2025-10-23T20:10:09.575+0000] {processor.py:830} INFO - Processing file /opt/airflow/dags/silver_layer_dag.py for tasks to queue
[2025-10-23T20:10:09.576+0000] {logging_mixin.py:188} INFO - [2025-10-23T20:10:09.576+0000] {dagbag.py:540} INFO - Filling up the DagBag from /opt/airflow/dags/silver_layer_dag.py
[2025-10-23T20:10:09.767+0000] {processor.py:840} INFO - DAG(s) 'silver_layer_dag' retrieved from /opt/airflow/dags/silver_layer_dag.py
[2025-10-23T20:10:09.786+0000] {logging_mixin.py:188} INFO - [2025-10-23T20:10:09.786+0000] {dag.py:3096} INFO - Sync 1 DAGs
[2025-10-23T20:10:09.811+0000] {logging_mixin.py:188} INFO - [2025-10-23T20:10:09.811+0000] {dag.py:3954} INFO - Setting next_dagrun for silver_layer_dag to 2025-10-23 19:00:00+00:00, run_after=2025-10-24 19:00:00+00:00
[2025-10-23T20:10:09.828+0000] {processor.py:183} INFO - Processing /opt/airflow/dags/silver_layer_dag.py took 0.259 seconds
[2025-10-23T20:10:39.906+0000] {processor.py:161} INFO - Started process (PID=579) to work on /opt/airflow/dags/silver_layer_dag.py
[2025-10-23T20:10:39.907+0000] {processor.py:830} INFO - Processing file /opt/airflow/dags/silver_layer_dag.py for tasks to queue
[2025-10-23T20:10:39.909+0000] {logging_mixin.py:188} INFO - [2025-10-23T20:10:39.908+0000] {dagbag.py:540} INFO - Filling up the DagBag from /opt/airflow/dags/silver_layer_dag.py
[2025-10-23T20:10:40.106+0000] {processor.py:840} INFO - DAG(s) 'silver_layer_dag' retrieved from /opt/airflow/dags/silver_layer_dag.py
[2025-10-23T20:10:40.125+0000] {logging_mixin.py:188} INFO - [2025-10-23T20:10:40.125+0000] {dag.py:3096} INFO - Sync 1 DAGs
[2025-10-23T20:10:40.142+0000] {logging_mixin.py:188} INFO - [2025-10-23T20:10:40.142+0000] {dag.py:3954} INFO - Setting next_dagrun for silver_layer_dag to 2025-10-23 19:00:00+00:00, run_after=2025-10-24 19:00:00+00:00
[2025-10-23T20:10:40.158+0000] {processor.py:183} INFO - Processing /opt/airflow/dags/silver_layer_dag.py took 0.257 seconds
[2025-10-23T20:11:10.200+0000] {processor.py:161} INFO - Started process (PID=581) to work on /opt/airflow/dags/silver_layer_dag.py
[2025-10-23T20:11:10.201+0000] {processor.py:830} INFO - Processing file /opt/airflow/dags/silver_layer_dag.py for tasks to queue
[2025-10-23T20:11:10.202+0000] {logging_mixin.py:188} INFO - [2025-10-23T20:11:10.202+0000] {dagbag.py:540} INFO - Filling up the DagBag from /opt/airflow/dags/silver_layer_dag.py
[2025-10-23T20:11:10.414+0000] {processor.py:840} INFO - DAG(s) 'silver_layer_dag' retrieved from /opt/airflow/dags/silver_layer_dag.py
[2025-10-23T20:11:10.433+0000] {logging_mixin.py:188} INFO - [2025-10-23T20:11:10.433+0000] {dag.py:3096} INFO - Sync 1 DAGs
[2025-10-23T20:11:10.452+0000] {logging_mixin.py:188} INFO - [2025-10-23T20:11:10.451+0000] {dag.py:3954} INFO - Setting next_dagrun for silver_layer_dag to 2025-10-23 19:00:00+00:00, run_after=2025-10-24 19:00:00+00:00
[2025-10-23T20:11:10.468+0000] {processor.py:183} INFO - Processing /opt/airflow/dags/silver_layer_dag.py took 0.273 seconds
[2025-10-23T20:11:40.549+0000] {processor.py:161} INFO - Started process (PID=583) to work on /opt/airflow/dags/silver_layer_dag.py
[2025-10-23T20:11:40.550+0000] {processor.py:830} INFO - Processing file /opt/airflow/dags/silver_layer_dag.py for tasks to queue
[2025-10-23T20:11:40.552+0000] {logging_mixin.py:188} INFO - [2025-10-23T20:11:40.551+0000] {dagbag.py:540} INFO - Filling up the DagBag from /opt/airflow/dags/silver_layer_dag.py
[2025-10-23T20:11:40.738+0000] {processor.py:840} INFO - DAG(s) 'silver_layer_dag' retrieved from /opt/airflow/dags/silver_layer_dag.py
[2025-10-23T20:11:40.755+0000] {logging_mixin.py:188} INFO - [2025-10-23T20:11:40.755+0000] {dag.py:3096} INFO - Sync 1 DAGs
[2025-10-23T20:11:40.772+0000] {logging_mixin.py:188} INFO - [2025-10-23T20:11:40.772+0000] {dag.py:3954} INFO - Setting next_dagrun for silver_layer_dag to 2025-10-23 19:00:00+00:00, run_after=2025-10-24 19:00:00+00:00
[2025-10-23T20:11:40.787+0000] {processor.py:183} INFO - Processing /opt/airflow/dags/silver_layer_dag.py took 0.242 seconds
[2025-10-23T20:12:10.901+0000] {processor.py:161} INFO - Started process (PID=585) to work on /opt/airflow/dags/silver_layer_dag.py
[2025-10-23T20:12:10.901+0000] {processor.py:830} INFO - Processing file /opt/airflow/dags/silver_layer_dag.py for tasks to queue
[2025-10-23T20:12:10.903+0000] {logging_mixin.py:188} INFO - [2025-10-23T20:12:10.903+0000] {dagbag.py:540} INFO - Filling up the DagBag from /opt/airflow/dags/silver_layer_dag.py
[2025-10-23T20:12:11.093+0000] {processor.py:840} INFO - DAG(s) 'silver_layer_dag' retrieved from /opt/airflow/dags/silver_layer_dag.py
[2025-10-23T20:12:11.112+0000] {logging_mixin.py:188} INFO - [2025-10-23T20:12:11.112+0000] {dag.py:3096} INFO - Sync 1 DAGs
[2025-10-23T20:12:11.130+0000] {logging_mixin.py:188} INFO - [2025-10-23T20:12:11.130+0000] {dag.py:3954} INFO - Setting next_dagrun for silver_layer_dag to 2025-10-23 19:00:00+00:00, run_after=2025-10-24 19:00:00+00:00
[2025-10-23T20:12:11.144+0000] {processor.py:183} INFO - Processing /opt/airflow/dags/silver_layer_dag.py took 0.249 seconds
[2025-10-23T20:12:41.206+0000] {processor.py:161} INFO - Started process (PID=587) to work on /opt/airflow/dags/silver_layer_dag.py
[2025-10-23T20:12:41.207+0000] {processor.py:830} INFO - Processing file /opt/airflow/dags/silver_layer_dag.py for tasks to queue
[2025-10-23T20:12:41.209+0000] {logging_mixin.py:188} INFO - [2025-10-23T20:12:41.209+0000] {dagbag.py:540} INFO - Filling up the DagBag from /opt/airflow/dags/silver_layer_dag.py
[2025-10-23T20:12:41.391+0000] {processor.py:840} INFO - DAG(s) 'silver_layer_dag' retrieved from /opt/airflow/dags/silver_layer_dag.py
[2025-10-23T20:12:41.409+0000] {logging_mixin.py:188} INFO - [2025-10-23T20:12:41.409+0000] {dag.py:3096} INFO - Sync 1 DAGs
[2025-10-23T20:12:41.426+0000] {logging_mixin.py:188} INFO - [2025-10-23T20:12:41.425+0000] {dag.py:3954} INFO - Setting next_dagrun for silver_layer_dag to 2025-10-23 19:00:00+00:00, run_after=2025-10-24 19:00:00+00:00
[2025-10-23T20:12:41.440+0000] {processor.py:183} INFO - Processing /opt/airflow/dags/silver_layer_dag.py took 0.238 seconds
[2025-10-23T20:13:11.511+0000] {processor.py:161} INFO - Started process (PID=589) to work on /opt/airflow/dags/silver_layer_dag.py
[2025-10-23T20:13:11.512+0000] {processor.py:830} INFO - Processing file /opt/airflow/dags/silver_layer_dag.py for tasks to queue
[2025-10-23T20:13:11.513+0000] {logging_mixin.py:188} INFO - [2025-10-23T20:13:11.513+0000] {dagbag.py:540} INFO - Filling up the DagBag from /opt/airflow/dags/silver_layer_dag.py
[2025-10-23T20:13:11.717+0000] {processor.py:840} INFO - DAG(s) 'silver_layer_dag' retrieved from /opt/airflow/dags/silver_layer_dag.py
[2025-10-23T20:13:11.735+0000] {logging_mixin.py:188} INFO - [2025-10-23T20:13:11.734+0000] {dag.py:3096} INFO - Sync 1 DAGs
[2025-10-23T20:13:11.752+0000] {logging_mixin.py:188} INFO - [2025-10-23T20:13:11.752+0000] {dag.py:3954} INFO - Setting next_dagrun for silver_layer_dag to 2025-10-23 19:00:00+00:00, run_after=2025-10-24 19:00:00+00:00
[2025-10-23T20:13:11.767+0000] {processor.py:183} INFO - Processing /opt/airflow/dags/silver_layer_dag.py took 0.261 seconds
[2025-10-23T20:13:41.808+0000] {processor.py:161} INFO - Started process (PID=591) to work on /opt/airflow/dags/silver_layer_dag.py
[2025-10-23T20:13:41.809+0000] {processor.py:830} INFO - Processing file /opt/airflow/dags/silver_layer_dag.py for tasks to queue
[2025-10-23T20:13:41.810+0000] {logging_mixin.py:188} INFO - [2025-10-23T20:13:41.810+0000] {dagbag.py:540} INFO - Filling up the DagBag from /opt/airflow/dags/silver_layer_dag.py
[2025-10-23T20:13:42.005+0000] {processor.py:840} INFO - DAG(s) 'silver_layer_dag' retrieved from /opt/airflow/dags/silver_layer_dag.py
[2025-10-23T20:13:42.022+0000] {logging_mixin.py:188} INFO - [2025-10-23T20:13:42.022+0000] {dag.py:3096} INFO - Sync 1 DAGs
[2025-10-23T20:13:42.039+0000] {logging_mixin.py:188} INFO - [2025-10-23T20:13:42.038+0000] {dag.py:3954} INFO - Setting next_dagrun for silver_layer_dag to 2025-10-23 19:00:00+00:00, run_after=2025-10-24 19:00:00+00:00
[2025-10-23T20:13:42.054+0000] {processor.py:183} INFO - Processing /opt/airflow/dags/silver_layer_dag.py took 0.250 seconds
[2025-10-23T20:14:12.097+0000] {processor.py:161} INFO - Started process (PID=593) to work on /opt/airflow/dags/silver_layer_dag.py
[2025-10-23T20:14:12.098+0000] {processor.py:830} INFO - Processing file /opt/airflow/dags/silver_layer_dag.py for tasks to queue
[2025-10-23T20:14:12.099+0000] {logging_mixin.py:188} INFO - [2025-10-23T20:14:12.099+0000] {dagbag.py:540} INFO - Filling up the DagBag from /opt/airflow/dags/silver_layer_dag.py
[2025-10-23T20:14:12.298+0000] {processor.py:840} INFO - DAG(s) 'silver_layer_dag' retrieved from /opt/airflow/dags/silver_layer_dag.py
[2025-10-23T20:14:12.318+0000] {logging_mixin.py:188} INFO - [2025-10-23T20:14:12.318+0000] {dag.py:3096} INFO - Sync 1 DAGs
[2025-10-23T20:14:12.336+0000] {logging_mixin.py:188} INFO - [2025-10-23T20:14:12.336+0000] {dag.py:3954} INFO - Setting next_dagrun for silver_layer_dag to 2025-10-23 19:00:00+00:00, run_after=2025-10-24 19:00:00+00:00
[2025-10-23T20:14:12.352+0000] {processor.py:183} INFO - Processing /opt/airflow/dags/silver_layer_dag.py took 0.260 seconds
[2025-10-23T20:14:42.433+0000] {processor.py:161} INFO - Started process (PID=595) to work on /opt/airflow/dags/silver_layer_dag.py
[2025-10-23T20:14:42.434+0000] {processor.py:830} INFO - Processing file /opt/airflow/dags/silver_layer_dag.py for tasks to queue
[2025-10-23T20:14:42.436+0000] {logging_mixin.py:188} INFO - [2025-10-23T20:14:42.436+0000] {dagbag.py:540} INFO - Filling up the DagBag from /opt/airflow/dags/silver_layer_dag.py
[2025-10-23T20:14:42.629+0000] {processor.py:840} INFO - DAG(s) 'silver_layer_dag' retrieved from /opt/airflow/dags/silver_layer_dag.py
[2025-10-23T20:14:42.647+0000] {logging_mixin.py:188} INFO - [2025-10-23T20:14:42.647+0000] {dag.py:3096} INFO - Sync 1 DAGs
[2025-10-23T20:14:42.664+0000] {logging_mixin.py:188} INFO - [2025-10-23T20:14:42.663+0000] {dag.py:3954} INFO - Setting next_dagrun for silver_layer_dag to 2025-10-23 19:00:00+00:00, run_after=2025-10-24 19:00:00+00:00
[2025-10-23T20:14:42.679+0000] {processor.py:183} INFO - Processing /opt/airflow/dags/silver_layer_dag.py took 0.251 seconds
[2025-10-23T20:15:12.742+0000] {processor.py:161} INFO - Started process (PID=597) to work on /opt/airflow/dags/silver_layer_dag.py
[2025-10-23T20:15:12.743+0000] {processor.py:830} INFO - Processing file /opt/airflow/dags/silver_layer_dag.py for tasks to queue
[2025-10-23T20:15:12.744+0000] {logging_mixin.py:188} INFO - [2025-10-23T20:15:12.744+0000] {dagbag.py:540} INFO - Filling up the DagBag from /opt/airflow/dags/silver_layer_dag.py
[2025-10-23T20:15:12.937+0000] {processor.py:840} INFO - DAG(s) 'silver_layer_dag' retrieved from /opt/airflow/dags/silver_layer_dag.py
[2025-10-23T20:15:12.954+0000] {logging_mixin.py:188} INFO - [2025-10-23T20:15:12.954+0000] {dag.py:3096} INFO - Sync 1 DAGs
[2025-10-23T20:15:12.971+0000] {logging_mixin.py:188} INFO - [2025-10-23T20:15:12.971+0000] {dag.py:3954} INFO - Setting next_dagrun for silver_layer_dag to 2025-10-23 19:00:00+00:00, run_after=2025-10-24 19:00:00+00:00
[2025-10-23T20:15:12.986+0000] {processor.py:183} INFO - Processing /opt/airflow/dags/silver_layer_dag.py took 0.249 seconds
[2025-10-23T20:15:43.305+0000] {processor.py:161} INFO - Started process (PID=599) to work on /opt/airflow/dags/silver_layer_dag.py
[2025-10-23T20:15:43.306+0000] {processor.py:830} INFO - Processing file /opt/airflow/dags/silver_layer_dag.py for tasks to queue
[2025-10-23T20:15:43.308+0000] {logging_mixin.py:188} INFO - [2025-10-23T20:15:43.307+0000] {dagbag.py:540} INFO - Filling up the DagBag from /opt/airflow/dags/silver_layer_dag.py
[2025-10-23T20:15:43.497+0000] {processor.py:840} INFO - DAG(s) 'silver_layer_dag' retrieved from /opt/airflow/dags/silver_layer_dag.py
[2025-10-23T20:15:43.515+0000] {logging_mixin.py:188} INFO - [2025-10-23T20:15:43.515+0000] {dag.py:3096} INFO - Sync 1 DAGs
[2025-10-23T20:15:43.532+0000] {logging_mixin.py:188} INFO - [2025-10-23T20:15:43.531+0000] {dag.py:3954} INFO - Setting next_dagrun for silver_layer_dag to 2025-10-23 19:00:00+00:00, run_after=2025-10-24 19:00:00+00:00
[2025-10-23T20:15:43.547+0000] {processor.py:183} INFO - Processing /opt/airflow/dags/silver_layer_dag.py took 0.247 seconds
[2025-10-23T20:16:13.626+0000] {processor.py:161} INFO - Started process (PID=601) to work on /opt/airflow/dags/silver_layer_dag.py
[2025-10-23T20:16:13.627+0000] {processor.py:830} INFO - Processing file /opt/airflow/dags/silver_layer_dag.py for tasks to queue
[2025-10-23T20:16:13.628+0000] {logging_mixin.py:188} INFO - [2025-10-23T20:16:13.628+0000] {dagbag.py:540} INFO - Filling up the DagBag from /opt/airflow/dags/silver_layer_dag.py
[2025-10-23T20:16:13.807+0000] {processor.py:840} INFO - DAG(s) 'silver_layer_dag' retrieved from /opt/airflow/dags/silver_layer_dag.py
[2025-10-23T20:16:13.824+0000] {logging_mixin.py:188} INFO - [2025-10-23T20:16:13.824+0000] {dag.py:3096} INFO - Sync 1 DAGs
[2025-10-23T20:16:13.841+0000] {logging_mixin.py:188} INFO - [2025-10-23T20:16:13.840+0000] {dag.py:3954} INFO - Setting next_dagrun for silver_layer_dag to 2025-10-23 19:00:00+00:00, run_after=2025-10-24 19:00:00+00:00
[2025-10-23T20:16:13.858+0000] {processor.py:183} INFO - Processing /opt/airflow/dags/silver_layer_dag.py took 0.236 seconds
[2025-10-23T20:16:44.021+0000] {processor.py:161} INFO - Started process (PID=603) to work on /opt/airflow/dags/silver_layer_dag.py
[2025-10-23T20:16:44.021+0000] {processor.py:830} INFO - Processing file /opt/airflow/dags/silver_layer_dag.py for tasks to queue
[2025-10-23T20:16:44.023+0000] {logging_mixin.py:188} INFO - [2025-10-23T20:16:44.023+0000] {dagbag.py:540} INFO - Filling up the DagBag from /opt/airflow/dags/silver_layer_dag.py
[2025-10-23T20:16:44.208+0000] {processor.py:840} INFO - DAG(s) 'silver_layer_dag' retrieved from /opt/airflow/dags/silver_layer_dag.py
[2025-10-23T20:16:44.225+0000] {logging_mixin.py:188} INFO - [2025-10-23T20:16:44.225+0000] {dag.py:3096} INFO - Sync 1 DAGs
[2025-10-23T20:16:44.242+0000] {logging_mixin.py:188} INFO - [2025-10-23T20:16:44.242+0000] {dag.py:3954} INFO - Setting next_dagrun for silver_layer_dag to 2025-10-23 19:00:00+00:00, run_after=2025-10-24 19:00:00+00:00
[2025-10-23T20:16:44.256+0000] {processor.py:183} INFO - Processing /opt/airflow/dags/silver_layer_dag.py took 0.240 seconds
[2025-10-23T20:17:14.355+0000] {processor.py:161} INFO - Started process (PID=605) to work on /opt/airflow/dags/silver_layer_dag.py
[2025-10-23T20:17:14.356+0000] {processor.py:830} INFO - Processing file /opt/airflow/dags/silver_layer_dag.py for tasks to queue
[2025-10-23T20:17:14.357+0000] {logging_mixin.py:188} INFO - [2025-10-23T20:17:14.357+0000] {dagbag.py:540} INFO - Filling up the DagBag from /opt/airflow/dags/silver_layer_dag.py
[2025-10-23T20:17:14.541+0000] {processor.py:840} INFO - DAG(s) 'silver_layer_dag' retrieved from /opt/airflow/dags/silver_layer_dag.py
[2025-10-23T20:17:14.559+0000] {logging_mixin.py:188} INFO - [2025-10-23T20:17:14.558+0000] {dag.py:3096} INFO - Sync 1 DAGs
[2025-10-23T20:17:14.576+0000] {logging_mixin.py:188} INFO - [2025-10-23T20:17:14.575+0000] {dag.py:3954} INFO - Setting next_dagrun for silver_layer_dag to 2025-10-23 19:00:00+00:00, run_after=2025-10-24 19:00:00+00:00
[2025-10-23T20:17:14.589+0000] {processor.py:183} INFO - Processing /opt/airflow/dags/silver_layer_dag.py took 0.239 seconds
[2025-10-23T20:17:44.886+0000] {processor.py:161} INFO - Started process (PID=607) to work on /opt/airflow/dags/silver_layer_dag.py
[2025-10-23T20:17:44.887+0000] {processor.py:830} INFO - Processing file /opt/airflow/dags/silver_layer_dag.py for tasks to queue
[2025-10-23T20:17:44.888+0000] {logging_mixin.py:188} INFO - [2025-10-23T20:17:44.888+0000] {dagbag.py:540} INFO - Filling up the DagBag from /opt/airflow/dags/silver_layer_dag.py
[2025-10-23T20:17:45.077+0000] {processor.py:840} INFO - DAG(s) 'silver_layer_dag' retrieved from /opt/airflow/dags/silver_layer_dag.py
[2025-10-23T20:17:45.094+0000] {logging_mixin.py:188} INFO - [2025-10-23T20:17:45.094+0000] {dag.py:3096} INFO - Sync 1 DAGs
[2025-10-23T20:17:45.111+0000] {logging_mixin.py:188} INFO - [2025-10-23T20:17:45.111+0000] {dag.py:3954} INFO - Setting next_dagrun for silver_layer_dag to 2025-10-23 19:00:00+00:00, run_after=2025-10-24 19:00:00+00:00
[2025-10-23T20:17:45.125+0000] {processor.py:183} INFO - Processing /opt/airflow/dags/silver_layer_dag.py took 0.244 seconds
[2025-10-23T20:18:15.231+0000] {processor.py:161} INFO - Started process (PID=609) to work on /opt/airflow/dags/silver_layer_dag.py
[2025-10-23T20:18:15.232+0000] {processor.py:830} INFO - Processing file /opt/airflow/dags/silver_layer_dag.py for tasks to queue
[2025-10-23T20:18:15.234+0000] {logging_mixin.py:188} INFO - [2025-10-23T20:18:15.233+0000] {dagbag.py:540} INFO - Filling up the DagBag from /opt/airflow/dags/silver_layer_dag.py
[2025-10-23T20:18:15.423+0000] {processor.py:840} INFO - DAG(s) 'silver_layer_dag' retrieved from /opt/airflow/dags/silver_layer_dag.py
[2025-10-23T20:18:15.439+0000] {logging_mixin.py:188} INFO - [2025-10-23T20:18:15.439+0000] {dag.py:3096} INFO - Sync 1 DAGs
[2025-10-23T20:18:15.456+0000] {logging_mixin.py:188} INFO - [2025-10-23T20:18:15.456+0000] {dag.py:3954} INFO - Setting next_dagrun for silver_layer_dag to 2025-10-23 19:00:00+00:00, run_after=2025-10-24 19:00:00+00:00
[2025-10-23T20:18:15.470+0000] {processor.py:183} INFO - Processing /opt/airflow/dags/silver_layer_dag.py took 0.244 seconds
[2025-10-23T20:18:45.640+0000] {processor.py:161} INFO - Started process (PID=611) to work on /opt/airflow/dags/silver_layer_dag.py
[2025-10-23T20:18:45.641+0000] {processor.py:830} INFO - Processing file /opt/airflow/dags/silver_layer_dag.py for tasks to queue
[2025-10-23T20:18:45.642+0000] {logging_mixin.py:188} INFO - [2025-10-23T20:18:45.642+0000] {dagbag.py:540} INFO - Filling up the DagBag from /opt/airflow/dags/silver_layer_dag.py
[2025-10-23T20:18:45.831+0000] {processor.py:840} INFO - DAG(s) 'silver_layer_dag' retrieved from /opt/airflow/dags/silver_layer_dag.py
[2025-10-23T20:18:45.848+0000] {logging_mixin.py:188} INFO - [2025-10-23T20:18:45.847+0000] {dag.py:3096} INFO - Sync 1 DAGs
[2025-10-23T20:18:45.864+0000] {logging_mixin.py:188} INFO - [2025-10-23T20:18:45.863+0000] {dag.py:3954} INFO - Setting next_dagrun for silver_layer_dag to 2025-10-23 19:00:00+00:00, run_after=2025-10-24 19:00:00+00:00
[2025-10-23T20:18:45.877+0000] {processor.py:183} INFO - Processing /opt/airflow/dags/silver_layer_dag.py took 0.242 seconds
[2025-10-23T20:19:15.941+0000] {processor.py:161} INFO - Started process (PID=613) to work on /opt/airflow/dags/silver_layer_dag.py
[2025-10-23T20:19:15.942+0000] {processor.py:830} INFO - Processing file /opt/airflow/dags/silver_layer_dag.py for tasks to queue
[2025-10-23T20:19:15.944+0000] {logging_mixin.py:188} INFO - [2025-10-23T20:19:15.944+0000] {dagbag.py:540} INFO - Filling up the DagBag from /opt/airflow/dags/silver_layer_dag.py
[2025-10-23T20:19:16.132+0000] {processor.py:840} INFO - DAG(s) 'silver_layer_dag' retrieved from /opt/airflow/dags/silver_layer_dag.py
[2025-10-23T20:19:16.150+0000] {logging_mixin.py:188} INFO - [2025-10-23T20:19:16.150+0000] {dag.py:3096} INFO - Sync 1 DAGs
[2025-10-23T20:19:16.167+0000] {logging_mixin.py:188} INFO - [2025-10-23T20:19:16.167+0000] {dag.py:3954} INFO - Setting next_dagrun for silver_layer_dag to 2025-10-23 19:00:00+00:00, run_after=2025-10-24 19:00:00+00:00
[2025-10-23T20:19:16.185+0000] {processor.py:183} INFO - Processing /opt/airflow/dags/silver_layer_dag.py took 0.249 seconds
[2025-10-23T20:19:46.306+0000] {processor.py:161} INFO - Started process (PID=615) to work on /opt/airflow/dags/silver_layer_dag.py
[2025-10-23T20:19:46.306+0000] {processor.py:830} INFO - Processing file /opt/airflow/dags/silver_layer_dag.py for tasks to queue
[2025-10-23T20:19:46.308+0000] {logging_mixin.py:188} INFO - [2025-10-23T20:19:46.308+0000] {dagbag.py:540} INFO - Filling up the DagBag from /opt/airflow/dags/silver_layer_dag.py
[2025-10-23T20:19:46.487+0000] {processor.py:840} INFO - DAG(s) 'silver_layer_dag' retrieved from /opt/airflow/dags/silver_layer_dag.py
[2025-10-23T20:19:46.504+0000] {logging_mixin.py:188} INFO - [2025-10-23T20:19:46.504+0000] {dag.py:3096} INFO - Sync 1 DAGs
[2025-10-23T20:19:46.521+0000] {logging_mixin.py:188} INFO - [2025-10-23T20:19:46.520+0000] {dag.py:3954} INFO - Setting next_dagrun for silver_layer_dag to 2025-10-23 19:00:00+00:00, run_after=2025-10-24 19:00:00+00:00
[2025-10-23T20:19:46.535+0000] {processor.py:183} INFO - Processing /opt/airflow/dags/silver_layer_dag.py took 0.233 seconds
[2025-10-23T20:20:16.662+0000] {processor.py:161} INFO - Started process (PID=617) to work on /opt/airflow/dags/silver_layer_dag.py
[2025-10-23T20:20:16.663+0000] {processor.py:830} INFO - Processing file /opt/airflow/dags/silver_layer_dag.py for tasks to queue
[2025-10-23T20:20:16.665+0000] {logging_mixin.py:188} INFO - [2025-10-23T20:20:16.665+0000] {dagbag.py:540} INFO - Filling up the DagBag from /opt/airflow/dags/silver_layer_dag.py
[2025-10-23T20:20:16.847+0000] {processor.py:840} INFO - DAG(s) 'silver_layer_dag' retrieved from /opt/airflow/dags/silver_layer_dag.py
[2025-10-23T20:20:16.866+0000] {logging_mixin.py:188} INFO - [2025-10-23T20:20:16.866+0000] {dag.py:3096} INFO - Sync 1 DAGs
[2025-10-23T20:20:16.883+0000] {logging_mixin.py:188} INFO - [2025-10-23T20:20:16.883+0000] {dag.py:3954} INFO - Setting next_dagrun for silver_layer_dag to 2025-10-23 19:00:00+00:00, run_after=2025-10-24 19:00:00+00:00
[2025-10-23T20:20:16.898+0000] {processor.py:183} INFO - Processing /opt/airflow/dags/silver_layer_dag.py took 0.240 seconds
[2025-10-23T20:20:47.015+0000] {processor.py:161} INFO - Started process (PID=619) to work on /opt/airflow/dags/silver_layer_dag.py
[2025-10-23T20:20:47.016+0000] {processor.py:830} INFO - Processing file /opt/airflow/dags/silver_layer_dag.py for tasks to queue
[2025-10-23T20:20:47.018+0000] {logging_mixin.py:188} INFO - [2025-10-23T20:20:47.017+0000] {dagbag.py:540} INFO - Filling up the DagBag from /opt/airflow/dags/silver_layer_dag.py
[2025-10-23T20:20:47.208+0000] {processor.py:840} INFO - DAG(s) 'silver_layer_dag' retrieved from /opt/airflow/dags/silver_layer_dag.py
[2025-10-23T20:20:47.229+0000] {logging_mixin.py:188} INFO - [2025-10-23T20:20:47.229+0000] {dag.py:3096} INFO - Sync 1 DAGs
[2025-10-23T20:20:47.246+0000] {logging_mixin.py:188} INFO - [2025-10-23T20:20:47.246+0000] {dag.py:3954} INFO - Setting next_dagrun for silver_layer_dag to 2025-10-23 19:00:00+00:00, run_after=2025-10-24 19:00:00+00:00
[2025-10-23T20:20:47.261+0000] {processor.py:183} INFO - Processing /opt/airflow/dags/silver_layer_dag.py took 0.251 seconds
[2025-10-23T20:21:18.129+0000] {processor.py:161} INFO - Started process (PID=621) to work on /opt/airflow/dags/silver_layer_dag.py
[2025-10-23T20:21:18.130+0000] {processor.py:830} INFO - Processing file /opt/airflow/dags/silver_layer_dag.py for tasks to queue
[2025-10-23T20:21:18.131+0000] {logging_mixin.py:188} INFO - [2025-10-23T20:21:18.131+0000] {dagbag.py:540} INFO - Filling up the DagBag from /opt/airflow/dags/silver_layer_dag.py
[2025-10-23T20:21:18.318+0000] {processor.py:840} INFO - DAG(s) 'silver_layer_dag' retrieved from /opt/airflow/dags/silver_layer_dag.py
[2025-10-23T20:21:18.336+0000] {logging_mixin.py:188} INFO - [2025-10-23T20:21:18.336+0000] {dag.py:3096} INFO - Sync 1 DAGs
[2025-10-23T20:21:18.352+0000] {logging_mixin.py:188} INFO - [2025-10-23T20:21:18.352+0000] {dag.py:3954} INFO - Setting next_dagrun for silver_layer_dag to 2025-10-23 19:00:00+00:00, run_after=2025-10-24 19:00:00+00:00
[2025-10-23T20:21:18.366+0000] {processor.py:183} INFO - Processing /opt/airflow/dags/silver_layer_dag.py took 0.242 seconds
[2025-10-23T20:21:48.642+0000] {processor.py:161} INFO - Started process (PID=623) to work on /opt/airflow/dags/silver_layer_dag.py
[2025-10-23T20:21:48.642+0000] {processor.py:830} INFO - Processing file /opt/airflow/dags/silver_layer_dag.py for tasks to queue
[2025-10-23T20:21:48.644+0000] {logging_mixin.py:188} INFO - [2025-10-23T20:21:48.644+0000] {dagbag.py:540} INFO - Filling up the DagBag from /opt/airflow/dags/silver_layer_dag.py
[2025-10-23T20:21:48.828+0000] {processor.py:840} INFO - DAG(s) 'silver_layer_dag' retrieved from /opt/airflow/dags/silver_layer_dag.py
[2025-10-23T20:21:48.845+0000] {logging_mixin.py:188} INFO - [2025-10-23T20:21:48.845+0000] {dag.py:3096} INFO - Sync 1 DAGs
[2025-10-23T20:21:48.862+0000] {logging_mixin.py:188} INFO - [2025-10-23T20:21:48.861+0000] {dag.py:3954} INFO - Setting next_dagrun for silver_layer_dag to 2025-10-23 19:00:00+00:00, run_after=2025-10-24 19:00:00+00:00
[2025-10-23T20:21:48.876+0000] {processor.py:183} INFO - Processing /opt/airflow/dags/silver_layer_dag.py took 0.239 seconds
[2025-10-23T20:22:18.919+0000] {processor.py:161} INFO - Started process (PID=625) to work on /opt/airflow/dags/silver_layer_dag.py
[2025-10-23T20:22:18.920+0000] {processor.py:830} INFO - Processing file /opt/airflow/dags/silver_layer_dag.py for tasks to queue
[2025-10-23T20:22:18.923+0000] {logging_mixin.py:188} INFO - [2025-10-23T20:22:18.922+0000] {dagbag.py:540} INFO - Filling up the DagBag from /opt/airflow/dags/silver_layer_dag.py
[2025-10-23T20:22:19.120+0000] {processor.py:840} INFO - DAG(s) 'silver_layer_dag' retrieved from /opt/airflow/dags/silver_layer_dag.py
[2025-10-23T20:22:19.141+0000] {logging_mixin.py:188} INFO - [2025-10-23T20:22:19.141+0000] {dag.py:3096} INFO - Sync 1 DAGs
[2025-10-23T20:22:19.159+0000] {logging_mixin.py:188} INFO - [2025-10-23T20:22:19.159+0000] {dag.py:3954} INFO - Setting next_dagrun for silver_layer_dag to 2025-10-23 19:00:00+00:00, run_after=2025-10-24 19:00:00+00:00
[2025-10-23T20:22:19.174+0000] {processor.py:183} INFO - Processing /opt/airflow/dags/silver_layer_dag.py took 0.262 seconds
[2025-10-23T20:22:49.294+0000] {processor.py:161} INFO - Started process (PID=627) to work on /opt/airflow/dags/silver_layer_dag.py
[2025-10-23T20:22:49.295+0000] {processor.py:830} INFO - Processing file /opt/airflow/dags/silver_layer_dag.py for tasks to queue
[2025-10-23T20:22:49.296+0000] {logging_mixin.py:188} INFO - [2025-10-23T20:22:49.296+0000] {dagbag.py:540} INFO - Filling up the DagBag from /opt/airflow/dags/silver_layer_dag.py
[2025-10-23T20:22:49.478+0000] {processor.py:840} INFO - DAG(s) 'silver_layer_dag' retrieved from /opt/airflow/dags/silver_layer_dag.py
[2025-10-23T20:22:49.496+0000] {logging_mixin.py:188} INFO - [2025-10-23T20:22:49.496+0000] {dag.py:3096} INFO - Sync 1 DAGs
[2025-10-23T20:22:49.512+0000] {logging_mixin.py:188} INFO - [2025-10-23T20:22:49.512+0000] {dag.py:3954} INFO - Setting next_dagrun for silver_layer_dag to 2025-10-23 19:00:00+00:00, run_after=2025-10-24 19:00:00+00:00
[2025-10-23T20:22:49.526+0000] {processor.py:183} INFO - Processing /opt/airflow/dags/silver_layer_dag.py took 0.236 seconds
[2025-10-23T20:23:19.628+0000] {processor.py:161} INFO - Started process (PID=629) to work on /opt/airflow/dags/silver_layer_dag.py
[2025-10-23T20:23:19.629+0000] {processor.py:830} INFO - Processing file /opt/airflow/dags/silver_layer_dag.py for tasks to queue
[2025-10-23T20:23:19.630+0000] {logging_mixin.py:188} INFO - [2025-10-23T20:23:19.630+0000] {dagbag.py:540} INFO - Filling up the DagBag from /opt/airflow/dags/silver_layer_dag.py
[2025-10-23T20:23:19.815+0000] {processor.py:840} INFO - DAG(s) 'silver_layer_dag' retrieved from /opt/airflow/dags/silver_layer_dag.py
[2025-10-23T20:23:19.833+0000] {logging_mixin.py:188} INFO - [2025-10-23T20:23:19.833+0000] {dag.py:3096} INFO - Sync 1 DAGs
[2025-10-23T20:23:19.851+0000] {logging_mixin.py:188} INFO - [2025-10-23T20:23:19.850+0000] {dag.py:3954} INFO - Setting next_dagrun for silver_layer_dag to 2025-10-23 19:00:00+00:00, run_after=2025-10-24 19:00:00+00:00
[2025-10-23T20:23:19.865+0000] {processor.py:183} INFO - Processing /opt/airflow/dags/silver_layer_dag.py took 0.241 seconds
[2025-10-23T20:23:49.970+0000] {processor.py:161} INFO - Started process (PID=631) to work on /opt/airflow/dags/silver_layer_dag.py
[2025-10-23T20:23:49.971+0000] {processor.py:830} INFO - Processing file /opt/airflow/dags/silver_layer_dag.py for tasks to queue
[2025-10-23T20:23:49.973+0000] {logging_mixin.py:188} INFO - [2025-10-23T20:23:49.973+0000] {dagbag.py:540} INFO - Filling up the DagBag from /opt/airflow/dags/silver_layer_dag.py
[2025-10-23T20:23:50.175+0000] {processor.py:840} INFO - DAG(s) 'silver_layer_dag' retrieved from /opt/airflow/dags/silver_layer_dag.py
[2025-10-23T20:23:50.193+0000] {logging_mixin.py:188} INFO - [2025-10-23T20:23:50.193+0000] {dag.py:3096} INFO - Sync 1 DAGs
[2025-10-23T20:23:50.209+0000] {logging_mixin.py:188} INFO - [2025-10-23T20:23:50.209+0000] {dag.py:3954} INFO - Setting next_dagrun for silver_layer_dag to 2025-10-23 19:00:00+00:00, run_after=2025-10-24 19:00:00+00:00
[2025-10-23T20:23:50.224+0000] {processor.py:183} INFO - Processing /opt/airflow/dags/silver_layer_dag.py took 0.260 seconds
[2025-10-23T20:24:20.306+0000] {processor.py:161} INFO - Started process (PID=633) to work on /opt/airflow/dags/silver_layer_dag.py
[2025-10-23T20:24:20.307+0000] {processor.py:830} INFO - Processing file /opt/airflow/dags/silver_layer_dag.py for tasks to queue
[2025-10-23T20:24:20.308+0000] {logging_mixin.py:188} INFO - [2025-10-23T20:24:20.308+0000] {dagbag.py:540} INFO - Filling up the DagBag from /opt/airflow/dags/silver_layer_dag.py
[2025-10-23T20:24:20.496+0000] {processor.py:840} INFO - DAG(s) 'silver_layer_dag' retrieved from /opt/airflow/dags/silver_layer_dag.py
[2025-10-23T20:24:20.513+0000] {logging_mixin.py:188} INFO - [2025-10-23T20:24:20.513+0000] {dag.py:3096} INFO - Sync 1 DAGs
[2025-10-23T20:24:20.530+0000] {logging_mixin.py:188} INFO - [2025-10-23T20:24:20.530+0000] {dag.py:3954} INFO - Setting next_dagrun for silver_layer_dag to 2025-10-23 19:00:00+00:00, run_after=2025-10-24 19:00:00+00:00
[2025-10-23T20:24:20.547+0000] {processor.py:183} INFO - Processing /opt/airflow/dags/silver_layer_dag.py took 0.246 seconds
[2025-10-23T20:24:50.622+0000] {processor.py:161} INFO - Started process (PID=635) to work on /opt/airflow/dags/silver_layer_dag.py
[2025-10-23T20:24:50.622+0000] {processor.py:830} INFO - Processing file /opt/airflow/dags/silver_layer_dag.py for tasks to queue
[2025-10-23T20:24:50.624+0000] {logging_mixin.py:188} INFO - [2025-10-23T20:24:50.624+0000] {dagbag.py:540} INFO - Filling up the DagBag from /opt/airflow/dags/silver_layer_dag.py
[2025-10-23T20:24:50.809+0000] {processor.py:840} INFO - DAG(s) 'silver_layer_dag' retrieved from /opt/airflow/dags/silver_layer_dag.py
[2025-10-23T20:24:50.829+0000] {logging_mixin.py:188} INFO - [2025-10-23T20:24:50.829+0000] {dag.py:3096} INFO - Sync 1 DAGs
[2025-10-23T20:24:50.848+0000] {logging_mixin.py:188} INFO - [2025-10-23T20:24:50.848+0000] {dag.py:3954} INFO - Setting next_dagrun for silver_layer_dag to 2025-10-23 19:00:00+00:00, run_after=2025-10-24 19:00:00+00:00
[2025-10-23T20:24:50.863+0000] {processor.py:183} INFO - Processing /opt/airflow/dags/silver_layer_dag.py took 0.246 seconds
[2025-10-23T20:25:20.965+0000] {processor.py:161} INFO - Started process (PID=637) to work on /opt/airflow/dags/silver_layer_dag.py
[2025-10-23T20:25:20.966+0000] {processor.py:830} INFO - Processing file /opt/airflow/dags/silver_layer_dag.py for tasks to queue
[2025-10-23T20:25:20.968+0000] {logging_mixin.py:188} INFO - [2025-10-23T20:25:20.967+0000] {dagbag.py:540} INFO - Filling up the DagBag from /opt/airflow/dags/silver_layer_dag.py
[2025-10-23T20:25:21.151+0000] {processor.py:840} INFO - DAG(s) 'silver_layer_dag' retrieved from /opt/airflow/dags/silver_layer_dag.py
[2025-10-23T20:25:21.167+0000] {logging_mixin.py:188} INFO - [2025-10-23T20:25:21.167+0000] {dag.py:3096} INFO - Sync 1 DAGs
[2025-10-23T20:25:21.184+0000] {logging_mixin.py:188} INFO - [2025-10-23T20:25:21.184+0000] {dag.py:3954} INFO - Setting next_dagrun for silver_layer_dag to 2025-10-23 19:00:00+00:00, run_after=2025-10-24 19:00:00+00:00
[2025-10-23T20:25:21.198+0000] {processor.py:183} INFO - Processing /opt/airflow/dags/silver_layer_dag.py took 0.238 seconds
[2025-10-23T20:25:51.307+0000] {processor.py:161} INFO - Started process (PID=639) to work on /opt/airflow/dags/silver_layer_dag.py
[2025-10-23T20:25:51.308+0000] {processor.py:830} INFO - Processing file /opt/airflow/dags/silver_layer_dag.py for tasks to queue
[2025-10-23T20:25:51.309+0000] {logging_mixin.py:188} INFO - [2025-10-23T20:25:51.309+0000] {dagbag.py:540} INFO - Filling up the DagBag from /opt/airflow/dags/silver_layer_dag.py
[2025-10-23T20:25:51.489+0000] {processor.py:840} INFO - DAG(s) 'silver_layer_dag' retrieved from /opt/airflow/dags/silver_layer_dag.py
[2025-10-23T20:25:51.505+0000] {logging_mixin.py:188} INFO - [2025-10-23T20:25:51.505+0000] {dag.py:3096} INFO - Sync 1 DAGs
[2025-10-23T20:25:51.521+0000] {logging_mixin.py:188} INFO - [2025-10-23T20:25:51.521+0000] {dag.py:3954} INFO - Setting next_dagrun for silver_layer_dag to 2025-10-23 19:00:00+00:00, run_after=2025-10-24 19:00:00+00:00
[2025-10-23T20:25:51.535+0000] {processor.py:183} INFO - Processing /opt/airflow/dags/silver_layer_dag.py took 0.233 seconds
[2025-10-23T20:26:22.084+0000] {processor.py:161} INFO - Started process (PID=641) to work on /opt/airflow/dags/silver_layer_dag.py
[2025-10-23T20:26:22.085+0000] {processor.py:830} INFO - Processing file /opt/airflow/dags/silver_layer_dag.py for tasks to queue
[2025-10-23T20:26:22.086+0000] {logging_mixin.py:188} INFO - [2025-10-23T20:26:22.086+0000] {dagbag.py:540} INFO - Filling up the DagBag from /opt/airflow/dags/silver_layer_dag.py
[2025-10-23T20:26:22.275+0000] {processor.py:840} INFO - DAG(s) 'silver_layer_dag' retrieved from /opt/airflow/dags/silver_layer_dag.py
[2025-10-23T20:26:22.293+0000] {logging_mixin.py:188} INFO - [2025-10-23T20:26:22.293+0000] {dag.py:3096} INFO - Sync 1 DAGs
[2025-10-23T20:26:22.312+0000] {logging_mixin.py:188} INFO - [2025-10-23T20:26:22.312+0000] {dag.py:3954} INFO - Setting next_dagrun for silver_layer_dag to 2025-10-23 19:00:00+00:00, run_after=2025-10-24 19:00:00+00:00
[2025-10-23T20:26:22.326+0000] {processor.py:183} INFO - Processing /opt/airflow/dags/silver_layer_dag.py took 0.246 seconds
[2025-10-23T20:26:52.393+0000] {processor.py:161} INFO - Started process (PID=643) to work on /opt/airflow/dags/silver_layer_dag.py
[2025-10-23T20:26:52.394+0000] {processor.py:830} INFO - Processing file /opt/airflow/dags/silver_layer_dag.py for tasks to queue
[2025-10-23T20:26:52.396+0000] {logging_mixin.py:188} INFO - [2025-10-23T20:26:52.395+0000] {dagbag.py:540} INFO - Filling up the DagBag from /opt/airflow/dags/silver_layer_dag.py
[2025-10-23T20:26:52.579+0000] {processor.py:840} INFO - DAG(s) 'silver_layer_dag' retrieved from /opt/airflow/dags/silver_layer_dag.py
[2025-10-23T20:26:52.596+0000] {logging_mixin.py:188} INFO - [2025-10-23T20:26:52.596+0000] {dag.py:3096} INFO - Sync 1 DAGs
[2025-10-23T20:26:52.612+0000] {logging_mixin.py:188} INFO - [2025-10-23T20:26:52.612+0000] {dag.py:3954} INFO - Setting next_dagrun for silver_layer_dag to 2025-10-23 19:00:00+00:00, run_after=2025-10-24 19:00:00+00:00
[2025-10-23T20:26:52.626+0000] {processor.py:183} INFO - Processing /opt/airflow/dags/silver_layer_dag.py took 0.237 seconds
[2025-10-23T20:27:22.756+0000] {processor.py:161} INFO - Started process (PID=645) to work on /opt/airflow/dags/silver_layer_dag.py
[2025-10-23T20:27:22.757+0000] {processor.py:830} INFO - Processing file /opt/airflow/dags/silver_layer_dag.py for tasks to queue
[2025-10-23T20:27:22.758+0000] {logging_mixin.py:188} INFO - [2025-10-23T20:27:22.758+0000] {dagbag.py:540} INFO - Filling up the DagBag from /opt/airflow/dags/silver_layer_dag.py
[2025-10-23T20:27:22.943+0000] {processor.py:840} INFO - DAG(s) 'silver_layer_dag' retrieved from /opt/airflow/dags/silver_layer_dag.py
[2025-10-23T20:27:22.961+0000] {logging_mixin.py:188} INFO - [2025-10-23T20:27:22.961+0000] {dag.py:3096} INFO - Sync 1 DAGs
[2025-10-23T20:27:22.978+0000] {logging_mixin.py:188} INFO - [2025-10-23T20:27:22.978+0000] {dag.py:3954} INFO - Setting next_dagrun for silver_layer_dag to 2025-10-23 19:00:00+00:00, run_after=2025-10-24 19:00:00+00:00
[2025-10-23T20:27:22.993+0000] {processor.py:183} INFO - Processing /opt/airflow/dags/silver_layer_dag.py took 0.241 seconds
[2025-10-23T20:27:53.062+0000] {processor.py:161} INFO - Started process (PID=647) to work on /opt/airflow/dags/silver_layer_dag.py
[2025-10-23T20:27:53.063+0000] {processor.py:830} INFO - Processing file /opt/airflow/dags/silver_layer_dag.py for tasks to queue
[2025-10-23T20:27:53.065+0000] {logging_mixin.py:188} INFO - [2025-10-23T20:27:53.064+0000] {dagbag.py:540} INFO - Filling up the DagBag from /opt/airflow/dags/silver_layer_dag.py
[2025-10-23T20:27:53.249+0000] {processor.py:840} INFO - DAG(s) 'silver_layer_dag' retrieved from /opt/airflow/dags/silver_layer_dag.py
[2025-10-23T20:27:53.267+0000] {logging_mixin.py:188} INFO - [2025-10-23T20:27:53.266+0000] {dag.py:3096} INFO - Sync 1 DAGs
[2025-10-23T20:27:53.284+0000] {logging_mixin.py:188} INFO - [2025-10-23T20:27:53.284+0000] {dag.py:3954} INFO - Setting next_dagrun for silver_layer_dag to 2025-10-23 19:00:00+00:00, run_after=2025-10-24 19:00:00+00:00
[2025-10-23T20:27:53.299+0000] {processor.py:183} INFO - Processing /opt/airflow/dags/silver_layer_dag.py took 0.242 seconds
[2025-10-23T20:28:23.405+0000] {processor.py:161} INFO - Started process (PID=649) to work on /opt/airflow/dags/silver_layer_dag.py
[2025-10-23T20:28:23.406+0000] {processor.py:830} INFO - Processing file /opt/airflow/dags/silver_layer_dag.py for tasks to queue
[2025-10-23T20:28:23.407+0000] {logging_mixin.py:188} INFO - [2025-10-23T20:28:23.407+0000] {dagbag.py:540} INFO - Filling up the DagBag from /opt/airflow/dags/silver_layer_dag.py
[2025-10-23T20:28:23.590+0000] {processor.py:840} INFO - DAG(s) 'silver_layer_dag' retrieved from /opt/airflow/dags/silver_layer_dag.py
[2025-10-23T20:28:23.606+0000] {logging_mixin.py:188} INFO - [2025-10-23T20:28:23.606+0000] {dag.py:3096} INFO - Sync 1 DAGs
[2025-10-23T20:28:23.623+0000] {logging_mixin.py:188} INFO - [2025-10-23T20:28:23.623+0000] {dag.py:3954} INFO - Setting next_dagrun for silver_layer_dag to 2025-10-23 19:00:00+00:00, run_after=2025-10-24 19:00:00+00:00
[2025-10-23T20:28:23.641+0000] {processor.py:183} INFO - Processing /opt/airflow/dags/silver_layer_dag.py took 0.241 seconds
[2025-10-23T20:28:53.784+0000] {processor.py:161} INFO - Started process (PID=651) to work on /opt/airflow/dags/silver_layer_dag.py
[2025-10-23T20:28:53.785+0000] {processor.py:830} INFO - Processing file /opt/airflow/dags/silver_layer_dag.py for tasks to queue
[2025-10-23T20:28:53.786+0000] {logging_mixin.py:188} INFO - [2025-10-23T20:28:53.786+0000] {dagbag.py:540} INFO - Filling up the DagBag from /opt/airflow/dags/silver_layer_dag.py
[2025-10-23T20:28:53.968+0000] {processor.py:840} INFO - DAG(s) 'silver_layer_dag' retrieved from /opt/airflow/dags/silver_layer_dag.py
[2025-10-23T20:28:53.985+0000] {logging_mixin.py:188} INFO - [2025-10-23T20:28:53.984+0000] {dag.py:3096} INFO - Sync 1 DAGs
[2025-10-23T20:28:54.001+0000] {logging_mixin.py:188} INFO - [2025-10-23T20:28:54.001+0000] {dag.py:3954} INFO - Setting next_dagrun for silver_layer_dag to 2025-10-23 19:00:00+00:00, run_after=2025-10-24 19:00:00+00:00
[2025-10-23T20:28:54.014+0000] {processor.py:183} INFO - Processing /opt/airflow/dags/silver_layer_dag.py took 0.235 seconds
[2025-10-23T20:29:24.117+0000] {processor.py:161} INFO - Started process (PID=653) to work on /opt/airflow/dags/silver_layer_dag.py
[2025-10-23T20:29:24.118+0000] {processor.py:830} INFO - Processing file /opt/airflow/dags/silver_layer_dag.py for tasks to queue
[2025-10-23T20:29:24.120+0000] {logging_mixin.py:188} INFO - [2025-10-23T20:29:24.119+0000] {dagbag.py:540} INFO - Filling up the DagBag from /opt/airflow/dags/silver_layer_dag.py
[2025-10-23T20:29:24.306+0000] {processor.py:840} INFO - DAG(s) 'silver_layer_dag' retrieved from /opt/airflow/dags/silver_layer_dag.py
[2025-10-23T20:29:24.323+0000] {logging_mixin.py:188} INFO - [2025-10-23T20:29:24.323+0000] {dag.py:3096} INFO - Sync 1 DAGs
[2025-10-23T20:29:24.340+0000] {logging_mixin.py:188} INFO - [2025-10-23T20:29:24.340+0000] {dag.py:3954} INFO - Setting next_dagrun for silver_layer_dag to 2025-10-23 19:00:00+00:00, run_after=2025-10-24 19:00:00+00:00
[2025-10-23T20:29:24.353+0000] {processor.py:183} INFO - Processing /opt/airflow/dags/silver_layer_dag.py took 0.240 seconds
[2025-10-23T20:29:54.407+0000] {processor.py:161} INFO - Started process (PID=655) to work on /opt/airflow/dags/silver_layer_dag.py
[2025-10-23T20:29:54.408+0000] {processor.py:830} INFO - Processing file /opt/airflow/dags/silver_layer_dag.py for tasks to queue
[2025-10-23T20:29:54.410+0000] {logging_mixin.py:188} INFO - [2025-10-23T20:29:54.410+0000] {dagbag.py:540} INFO - Filling up the DagBag from /opt/airflow/dags/silver_layer_dag.py
[2025-10-23T20:29:54.591+0000] {processor.py:840} INFO - DAG(s) 'silver_layer_dag' retrieved from /opt/airflow/dags/silver_layer_dag.py
[2025-10-23T20:29:54.607+0000] {logging_mixin.py:188} INFO - [2025-10-23T20:29:54.607+0000] {dag.py:3096} INFO - Sync 1 DAGs
[2025-10-23T20:29:54.623+0000] {logging_mixin.py:188} INFO - [2025-10-23T20:29:54.623+0000] {dag.py:3954} INFO - Setting next_dagrun for silver_layer_dag to 2025-10-23 19:00:00+00:00, run_after=2025-10-24 19:00:00+00:00
[2025-10-23T20:29:54.637+0000] {processor.py:183} INFO - Processing /opt/airflow/dags/silver_layer_dag.py took 0.234 seconds
[2025-10-23T20:30:24.761+0000] {processor.py:161} INFO - Started process (PID=657) to work on /opt/airflow/dags/silver_layer_dag.py
[2025-10-23T20:30:24.762+0000] {processor.py:830} INFO - Processing file /opt/airflow/dags/silver_layer_dag.py for tasks to queue
[2025-10-23T20:30:24.764+0000] {logging_mixin.py:188} INFO - [2025-10-23T20:30:24.763+0000] {dagbag.py:540} INFO - Filling up the DagBag from /opt/airflow/dags/silver_layer_dag.py
[2025-10-23T20:30:24.949+0000] {processor.py:840} INFO - DAG(s) 'silver_layer_dag' retrieved from /opt/airflow/dags/silver_layer_dag.py
[2025-10-23T20:30:24.965+0000] {logging_mixin.py:188} INFO - [2025-10-23T20:30:24.965+0000] {dag.py:3096} INFO - Sync 1 DAGs
[2025-10-23T20:30:24.983+0000] {logging_mixin.py:188} INFO - [2025-10-23T20:30:24.982+0000] {dag.py:3954} INFO - Setting next_dagrun for silver_layer_dag to 2025-10-23 19:00:00+00:00, run_after=2025-10-24 19:00:00+00:00
[2025-10-23T20:30:24.996+0000] {processor.py:183} INFO - Processing /opt/airflow/dags/silver_layer_dag.py took 0.239 seconds
[2025-10-23T20:30:55.117+0000] {processor.py:161} INFO - Started process (PID=659) to work on /opt/airflow/dags/silver_layer_dag.py
[2025-10-23T20:30:55.118+0000] {processor.py:830} INFO - Processing file /opt/airflow/dags/silver_layer_dag.py for tasks to queue
[2025-10-23T20:30:55.120+0000] {logging_mixin.py:188} INFO - [2025-10-23T20:30:55.119+0000] {dagbag.py:540} INFO - Filling up the DagBag from /opt/airflow/dags/silver_layer_dag.py
[2025-10-23T20:30:55.303+0000] {processor.py:840} INFO - DAG(s) 'silver_layer_dag' retrieved from /opt/airflow/dags/silver_layer_dag.py
[2025-10-23T20:30:55.320+0000] {logging_mixin.py:188} INFO - [2025-10-23T20:30:55.320+0000] {dag.py:3096} INFO - Sync 1 DAGs
[2025-10-23T20:30:55.336+0000] {logging_mixin.py:188} INFO - [2025-10-23T20:30:55.336+0000] {dag.py:3954} INFO - Setting next_dagrun for silver_layer_dag to 2025-10-23 19:00:00+00:00, run_after=2025-10-24 19:00:00+00:00
[2025-10-23T20:30:55.349+0000] {processor.py:183} INFO - Processing /opt/airflow/dags/silver_layer_dag.py took 0.237 seconds
[2025-10-23T20:31:25.518+0000] {processor.py:161} INFO - Started process (PID=661) to work on /opt/airflow/dags/silver_layer_dag.py
[2025-10-23T20:31:25.519+0000] {processor.py:830} INFO - Processing file /opt/airflow/dags/silver_layer_dag.py for tasks to queue
[2025-10-23T20:31:25.521+0000] {logging_mixin.py:188} INFO - [2025-10-23T20:31:25.520+0000] {dagbag.py:540} INFO - Filling up the DagBag from /opt/airflow/dags/silver_layer_dag.py
[2025-10-23T20:31:25.705+0000] {processor.py:840} INFO - DAG(s) 'silver_layer_dag' retrieved from /opt/airflow/dags/silver_layer_dag.py
[2025-10-23T20:31:25.722+0000] {logging_mixin.py:188} INFO - [2025-10-23T20:31:25.722+0000] {dag.py:3096} INFO - Sync 1 DAGs
[2025-10-23T20:31:25.739+0000] {logging_mixin.py:188} INFO - [2025-10-23T20:31:25.739+0000] {dag.py:3954} INFO - Setting next_dagrun for silver_layer_dag to 2025-10-23 19:00:00+00:00, run_after=2025-10-24 19:00:00+00:00
[2025-10-23T20:31:25.753+0000] {processor.py:183} INFO - Processing /opt/airflow/dags/silver_layer_dag.py took 0.239 seconds
[2025-10-23T20:31:56.032+0000] {processor.py:161} INFO - Started process (PID=663) to work on /opt/airflow/dags/silver_layer_dag.py
[2025-10-23T20:31:56.033+0000] {processor.py:830} INFO - Processing file /opt/airflow/dags/silver_layer_dag.py for tasks to queue
[2025-10-23T20:31:56.034+0000] {logging_mixin.py:188} INFO - [2025-10-23T20:31:56.034+0000] {dagbag.py:540} INFO - Filling up the DagBag from /opt/airflow/dags/silver_layer_dag.py
[2025-10-23T20:31:56.232+0000] {processor.py:840} INFO - DAG(s) 'silver_layer_dag' retrieved from /opt/airflow/dags/silver_layer_dag.py
[2025-10-23T20:31:56.250+0000] {logging_mixin.py:188} INFO - [2025-10-23T20:31:56.249+0000] {dag.py:3096} INFO - Sync 1 DAGs
[2025-10-23T20:31:56.266+0000] {logging_mixin.py:188} INFO - [2025-10-23T20:31:56.266+0000] {dag.py:3954} INFO - Setting next_dagrun for silver_layer_dag to 2025-10-23 19:00:00+00:00, run_after=2025-10-24 19:00:00+00:00
[2025-10-23T20:31:56.281+0000] {processor.py:183} INFO - Processing /opt/airflow/dags/silver_layer_dag.py took 0.253 seconds
[2025-10-23T20:32:27.108+0000] {processor.py:161} INFO - Started process (PID=665) to work on /opt/airflow/dags/silver_layer_dag.py
[2025-10-23T20:32:27.109+0000] {processor.py:830} INFO - Processing file /opt/airflow/dags/silver_layer_dag.py for tasks to queue
[2025-10-23T20:32:27.110+0000] {logging_mixin.py:188} INFO - [2025-10-23T20:32:27.110+0000] {dagbag.py:540} INFO - Filling up the DagBag from /opt/airflow/dags/silver_layer_dag.py
[2025-10-23T20:32:27.295+0000] {processor.py:840} INFO - DAG(s) 'silver_layer_dag' retrieved from /opt/airflow/dags/silver_layer_dag.py
[2025-10-23T20:32:27.312+0000] {logging_mixin.py:188} INFO - [2025-10-23T20:32:27.312+0000] {dag.py:3096} INFO - Sync 1 DAGs
[2025-10-23T20:32:27.328+0000] {logging_mixin.py:188} INFO - [2025-10-23T20:32:27.328+0000] {dag.py:3954} INFO - Setting next_dagrun for silver_layer_dag to 2025-10-23 19:00:00+00:00, run_after=2025-10-24 19:00:00+00:00
[2025-10-23T20:32:27.342+0000] {processor.py:183} INFO - Processing /opt/airflow/dags/silver_layer_dag.py took 0.239 seconds
[2025-10-23T20:32:57.512+0000] {processor.py:161} INFO - Started process (PID=667) to work on /opt/airflow/dags/silver_layer_dag.py
[2025-10-23T20:32:57.513+0000] {processor.py:830} INFO - Processing file /opt/airflow/dags/silver_layer_dag.py for tasks to queue
[2025-10-23T20:32:57.514+0000] {logging_mixin.py:188} INFO - [2025-10-23T20:32:57.514+0000] {dagbag.py:540} INFO - Filling up the DagBag from /opt/airflow/dags/silver_layer_dag.py
[2025-10-23T20:32:57.704+0000] {processor.py:840} INFO - DAG(s) 'silver_layer_dag' retrieved from /opt/airflow/dags/silver_layer_dag.py
[2025-10-23T20:32:57.722+0000] {logging_mixin.py:188} INFO - [2025-10-23T20:32:57.722+0000] {dag.py:3096} INFO - Sync 1 DAGs
[2025-10-23T20:32:57.739+0000] {logging_mixin.py:188} INFO - [2025-10-23T20:32:57.739+0000] {dag.py:3954} INFO - Setting next_dagrun for silver_layer_dag to 2025-10-23 19:00:00+00:00, run_after=2025-10-24 19:00:00+00:00
[2025-10-23T20:32:57.753+0000] {processor.py:183} INFO - Processing /opt/airflow/dags/silver_layer_dag.py took 0.246 seconds
[2025-10-23T20:33:27.899+0000] {processor.py:161} INFO - Started process (PID=669) to work on /opt/airflow/dags/silver_layer_dag.py
[2025-10-23T20:33:27.900+0000] {processor.py:830} INFO - Processing file /opt/airflow/dags/silver_layer_dag.py for tasks to queue
[2025-10-23T20:33:27.902+0000] {logging_mixin.py:188} INFO - [2025-10-23T20:33:27.902+0000] {dagbag.py:540} INFO - Filling up the DagBag from /opt/airflow/dags/silver_layer_dag.py
[2025-10-23T20:33:28.086+0000] {processor.py:840} INFO - DAG(s) 'silver_layer_dag' retrieved from /opt/airflow/dags/silver_layer_dag.py
[2025-10-23T20:33:28.103+0000] {logging_mixin.py:188} INFO - [2025-10-23T20:33:28.103+0000] {dag.py:3096} INFO - Sync 1 DAGs
[2025-10-23T20:33:28.120+0000] {logging_mixin.py:188} INFO - [2025-10-23T20:33:28.120+0000] {dag.py:3954} INFO - Setting next_dagrun for silver_layer_dag to 2025-10-23 19:00:00+00:00, run_after=2025-10-24 19:00:00+00:00
[2025-10-23T20:33:28.134+0000] {processor.py:183} INFO - Processing /opt/airflow/dags/silver_layer_dag.py took 0.239 seconds
[2025-10-23T20:33:58.257+0000] {processor.py:161} INFO - Started process (PID=671) to work on /opt/airflow/dags/silver_layer_dag.py
[2025-10-23T20:33:58.258+0000] {processor.py:830} INFO - Processing file /opt/airflow/dags/silver_layer_dag.py for tasks to queue
[2025-10-23T20:33:58.260+0000] {logging_mixin.py:188} INFO - [2025-10-23T20:33:58.259+0000] {dagbag.py:540} INFO - Filling up the DagBag from /opt/airflow/dags/silver_layer_dag.py
[2025-10-23T20:33:58.445+0000] {processor.py:840} INFO - DAG(s) 'silver_layer_dag' retrieved from /opt/airflow/dags/silver_layer_dag.py
[2025-10-23T20:33:58.463+0000] {logging_mixin.py:188} INFO - [2025-10-23T20:33:58.463+0000] {dag.py:3096} INFO - Sync 1 DAGs
[2025-10-23T20:33:58.479+0000] {logging_mixin.py:188} INFO - [2025-10-23T20:33:58.479+0000] {dag.py:3954} INFO - Setting next_dagrun for silver_layer_dag to 2025-10-23 19:00:00+00:00, run_after=2025-10-24 19:00:00+00:00
[2025-10-23T20:33:58.493+0000] {processor.py:183} INFO - Processing /opt/airflow/dags/silver_layer_dag.py took 0.240 seconds
[2025-10-23T20:34:28.592+0000] {processor.py:161} INFO - Started process (PID=673) to work on /opt/airflow/dags/silver_layer_dag.py
[2025-10-23T20:34:28.593+0000] {processor.py:830} INFO - Processing file /opt/airflow/dags/silver_layer_dag.py for tasks to queue
[2025-10-23T20:34:28.594+0000] {logging_mixin.py:188} INFO - [2025-10-23T20:34:28.594+0000] {dagbag.py:540} INFO - Filling up the DagBag from /opt/airflow/dags/silver_layer_dag.py
[2025-10-23T20:34:28.782+0000] {processor.py:840} INFO - DAG(s) 'silver_layer_dag' retrieved from /opt/airflow/dags/silver_layer_dag.py
[2025-10-23T20:34:28.800+0000] {logging_mixin.py:188} INFO - [2025-10-23T20:34:28.800+0000] {dag.py:3096} INFO - Sync 1 DAGs
[2025-10-23T20:34:28.818+0000] {logging_mixin.py:188} INFO - [2025-10-23T20:34:28.818+0000] {dag.py:3954} INFO - Setting next_dagrun for silver_layer_dag to 2025-10-23 19:00:00+00:00, run_after=2025-10-24 19:00:00+00:00
[2025-10-23T20:34:28.832+0000] {processor.py:183} INFO - Processing /opt/airflow/dags/silver_layer_dag.py took 0.245 seconds
[2025-10-23T20:34:59.755+0000] {processor.py:161} INFO - Started process (PID=675) to work on /opt/airflow/dags/silver_layer_dag.py
[2025-10-23T20:34:59.755+0000] {processor.py:830} INFO - Processing file /opt/airflow/dags/silver_layer_dag.py for tasks to queue
[2025-10-23T20:34:59.757+0000] {logging_mixin.py:188} INFO - [2025-10-23T20:34:59.757+0000] {dagbag.py:540} INFO - Filling up the DagBag from /opt/airflow/dags/silver_layer_dag.py
[2025-10-23T20:34:59.949+0000] {processor.py:840} INFO - DAG(s) 'silver_layer_dag' retrieved from /opt/airflow/dags/silver_layer_dag.py
[2025-10-23T20:34:59.965+0000] {logging_mixin.py:188} INFO - [2025-10-23T20:34:59.965+0000] {dag.py:3096} INFO - Sync 1 DAGs
[2025-10-23T20:34:59.982+0000] {logging_mixin.py:188} INFO - [2025-10-23T20:34:59.982+0000] {dag.py:3954} INFO - Setting next_dagrun for silver_layer_dag to 2025-10-23 19:00:00+00:00, run_after=2025-10-24 19:00:00+00:00
[2025-10-23T20:34:59.995+0000] {processor.py:183} INFO - Processing /opt/airflow/dags/silver_layer_dag.py took 0.245 seconds
[2025-10-23T20:35:30.107+0000] {processor.py:161} INFO - Started process (PID=677) to work on /opt/airflow/dags/silver_layer_dag.py
[2025-10-23T20:35:30.108+0000] {processor.py:830} INFO - Processing file /opt/airflow/dags/silver_layer_dag.py for tasks to queue
[2025-10-23T20:35:30.109+0000] {logging_mixin.py:188} INFO - [2025-10-23T20:35:30.109+0000] {dagbag.py:540} INFO - Filling up the DagBag from /opt/airflow/dags/silver_layer_dag.py
[2025-10-23T20:35:30.299+0000] {processor.py:840} INFO - DAG(s) 'silver_layer_dag' retrieved from /opt/airflow/dags/silver_layer_dag.py
[2025-10-23T20:35:30.316+0000] {logging_mixin.py:188} INFO - [2025-10-23T20:35:30.316+0000] {dag.py:3096} INFO - Sync 1 DAGs
[2025-10-23T20:35:30.333+0000] {logging_mixin.py:188} INFO - [2025-10-23T20:35:30.333+0000] {dag.py:3954} INFO - Setting next_dagrun for silver_layer_dag to 2025-10-23 19:00:00+00:00, run_after=2025-10-24 19:00:00+00:00
[2025-10-23T20:35:30.348+0000] {processor.py:183} INFO - Processing /opt/airflow/dags/silver_layer_dag.py took 0.245 seconds
[2025-10-23T20:36:00.436+0000] {processor.py:161} INFO - Started process (PID=679) to work on /opt/airflow/dags/silver_layer_dag.py
[2025-10-23T20:36:00.437+0000] {processor.py:830} INFO - Processing file /opt/airflow/dags/silver_layer_dag.py for tasks to queue
[2025-10-23T20:36:00.439+0000] {logging_mixin.py:188} INFO - [2025-10-23T20:36:00.438+0000] {dagbag.py:540} INFO - Filling up the DagBag from /opt/airflow/dags/silver_layer_dag.py
[2025-10-23T20:36:00.654+0000] {processor.py:840} INFO - DAG(s) 'silver_layer_dag' retrieved from /opt/airflow/dags/silver_layer_dag.py
[2025-10-23T20:36:00.673+0000] {logging_mixin.py:188} INFO - [2025-10-23T20:36:00.673+0000] {dag.py:3096} INFO - Sync 1 DAGs
[2025-10-23T20:36:00.693+0000] {logging_mixin.py:188} INFO - [2025-10-23T20:36:00.693+0000] {dag.py:3954} INFO - Setting next_dagrun for silver_layer_dag to 2025-10-23 19:00:00+00:00, run_after=2025-10-24 19:00:00+00:00
[2025-10-23T20:36:00.709+0000] {processor.py:183} INFO - Processing /opt/airflow/dags/silver_layer_dag.py took 0.279 seconds
[2025-10-23T20:36:30.767+0000] {processor.py:161} INFO - Started process (PID=681) to work on /opt/airflow/dags/silver_layer_dag.py
[2025-10-23T20:36:30.768+0000] {processor.py:830} INFO - Processing file /opt/airflow/dags/silver_layer_dag.py for tasks to queue
[2025-10-23T20:36:30.770+0000] {logging_mixin.py:188} INFO - [2025-10-23T20:36:30.770+0000] {dagbag.py:540} INFO - Filling up the DagBag from /opt/airflow/dags/silver_layer_dag.py
[2025-10-23T20:36:30.976+0000] {processor.py:840} INFO - DAG(s) 'silver_layer_dag' retrieved from /opt/airflow/dags/silver_layer_dag.py
[2025-10-23T20:36:30.992+0000] {logging_mixin.py:188} INFO - [2025-10-23T20:36:30.992+0000] {dag.py:3096} INFO - Sync 1 DAGs
[2025-10-23T20:36:31.008+0000] {logging_mixin.py:188} INFO - [2025-10-23T20:36:31.008+0000] {dag.py:3954} INFO - Setting next_dagrun for silver_layer_dag to 2025-10-23 19:00:00+00:00, run_after=2025-10-24 19:00:00+00:00
[2025-10-23T20:36:31.023+0000] {processor.py:183} INFO - Processing /opt/airflow/dags/silver_layer_dag.py took 0.262 seconds
[2025-10-23T20:37:01.086+0000] {processor.py:161} INFO - Started process (PID=683) to work on /opt/airflow/dags/silver_layer_dag.py
[2025-10-23T20:37:01.087+0000] {processor.py:830} INFO - Processing file /opt/airflow/dags/silver_layer_dag.py for tasks to queue
[2025-10-23T20:37:01.089+0000] {logging_mixin.py:188} INFO - [2025-10-23T20:37:01.089+0000] {dagbag.py:540} INFO - Filling up the DagBag from /opt/airflow/dags/silver_layer_dag.py
[2025-10-23T20:37:01.317+0000] {processor.py:840} INFO - DAG(s) 'silver_layer_dag' retrieved from /opt/airflow/dags/silver_layer_dag.py
[2025-10-23T20:37:01.336+0000] {logging_mixin.py:188} INFO - [2025-10-23T20:37:01.336+0000] {dag.py:3096} INFO - Sync 1 DAGs
[2025-10-23T20:37:01.361+0000] {logging_mixin.py:188} INFO - [2025-10-23T20:37:01.361+0000] {dag.py:3954} INFO - Setting next_dagrun for silver_layer_dag to 2025-10-23 19:00:00+00:00, run_after=2025-10-24 19:00:00+00:00
[2025-10-23T20:37:01.379+0000] {processor.py:183} INFO - Processing /opt/airflow/dags/silver_layer_dag.py took 0.299 seconds
[2025-10-23T20:37:31.462+0000] {processor.py:161} INFO - Started process (PID=685) to work on /opt/airflow/dags/silver_layer_dag.py
[2025-10-23T20:37:31.463+0000] {processor.py:830} INFO - Processing file /opt/airflow/dags/silver_layer_dag.py for tasks to queue
[2025-10-23T20:37:31.465+0000] {logging_mixin.py:188} INFO - [2025-10-23T20:37:31.465+0000] {dagbag.py:540} INFO - Filling up the DagBag from /opt/airflow/dags/silver_layer_dag.py
[2025-10-23T20:37:31.651+0000] {processor.py:840} INFO - DAG(s) 'silver_layer_dag' retrieved from /opt/airflow/dags/silver_layer_dag.py
[2025-10-23T20:37:31.668+0000] {logging_mixin.py:188} INFO - [2025-10-23T20:37:31.668+0000] {dag.py:3096} INFO - Sync 1 DAGs
[2025-10-23T20:37:31.684+0000] {logging_mixin.py:188} INFO - [2025-10-23T20:37:31.684+0000] {dag.py:3954} INFO - Setting next_dagrun for silver_layer_dag to 2025-10-23 19:00:00+00:00, run_after=2025-10-24 19:00:00+00:00
[2025-10-23T20:37:31.698+0000] {processor.py:183} INFO - Processing /opt/airflow/dags/silver_layer_dag.py took 0.240 seconds
[2025-10-23T20:38:01.745+0000] {processor.py:161} INFO - Started process (PID=687) to work on /opt/airflow/dags/silver_layer_dag.py
[2025-10-23T20:38:01.746+0000] {processor.py:830} INFO - Processing file /opt/airflow/dags/silver_layer_dag.py for tasks to queue
[2025-10-23T20:38:01.748+0000] {logging_mixin.py:188} INFO - [2025-10-23T20:38:01.747+0000] {dagbag.py:540} INFO - Filling up the DagBag from /opt/airflow/dags/silver_layer_dag.py
[2025-10-23T20:38:01.948+0000] {processor.py:840} INFO - DAG(s) 'silver_layer_dag' retrieved from /opt/airflow/dags/silver_layer_dag.py
[2025-10-23T20:38:01.965+0000] {logging_mixin.py:188} INFO - [2025-10-23T20:38:01.965+0000] {dag.py:3096} INFO - Sync 1 DAGs
[2025-10-23T20:38:01.983+0000] {logging_mixin.py:188} INFO - [2025-10-23T20:38:01.983+0000] {dag.py:3954} INFO - Setting next_dagrun for silver_layer_dag to 2025-10-23 19:00:00+00:00, run_after=2025-10-24 19:00:00+00:00
[2025-10-23T20:38:01.998+0000] {processor.py:183} INFO - Processing /opt/airflow/dags/silver_layer_dag.py took 0.257 seconds
[2025-10-23T20:38:32.080+0000] {processor.py:161} INFO - Started process (PID=689) to work on /opt/airflow/dags/silver_layer_dag.py
[2025-10-23T20:38:32.081+0000] {processor.py:830} INFO - Processing file /opt/airflow/dags/silver_layer_dag.py for tasks to queue
[2025-10-23T20:38:32.083+0000] {logging_mixin.py:188} INFO - [2025-10-23T20:38:32.083+0000] {dagbag.py:540} INFO - Filling up the DagBag from /opt/airflow/dags/silver_layer_dag.py
[2025-10-23T20:38:32.270+0000] {processor.py:840} INFO - DAG(s) 'silver_layer_dag' retrieved from /opt/airflow/dags/silver_layer_dag.py
[2025-10-23T20:38:32.286+0000] {logging_mixin.py:188} INFO - [2025-10-23T20:38:32.286+0000] {dag.py:3096} INFO - Sync 1 DAGs
[2025-10-23T20:38:32.303+0000] {logging_mixin.py:188} INFO - [2025-10-23T20:38:32.303+0000] {dag.py:3954} INFO - Setting next_dagrun for silver_layer_dag to 2025-10-23 19:00:00+00:00, run_after=2025-10-24 19:00:00+00:00
[2025-10-23T20:38:32.317+0000] {processor.py:183} INFO - Processing /opt/airflow/dags/silver_layer_dag.py took 0.241 seconds
[2025-10-23T20:39:02.466+0000] {processor.py:161} INFO - Started process (PID=691) to work on /opt/airflow/dags/silver_layer_dag.py
[2025-10-23T20:39:02.467+0000] {processor.py:830} INFO - Processing file /opt/airflow/dags/silver_layer_dag.py for tasks to queue
[2025-10-23T20:39:02.469+0000] {logging_mixin.py:188} INFO - [2025-10-23T20:39:02.468+0000] {dagbag.py:540} INFO - Filling up the DagBag from /opt/airflow/dags/silver_layer_dag.py
[2025-10-23T20:39:02.750+0000] {processor.py:840} INFO - DAG(s) 'silver_layer_dag' retrieved from /opt/airflow/dags/silver_layer_dag.py
[2025-10-23T20:39:02.765+0000] {logging_mixin.py:188} INFO - [2025-10-23T20:39:02.765+0000] {dag.py:3096} INFO - Sync 1 DAGs
[2025-10-23T20:39:02.781+0000] {logging_mixin.py:188} INFO - [2025-10-23T20:39:02.781+0000] {dag.py:3954} INFO - Setting next_dagrun for silver_layer_dag to 2025-10-23 19:00:00+00:00, run_after=2025-10-24 19:00:00+00:00
[2025-10-23T20:39:02.795+0000] {processor.py:183} INFO - Processing /opt/airflow/dags/silver_layer_dag.py took 0.239 seconds
[2025-10-23T20:39:33.698+0000] {processor.py:161} INFO - Started process (PID=693) to work on /opt/airflow/dags/silver_layer_dag.py
[2025-10-23T20:39:33.699+0000] {processor.py:830} INFO - Processing file /opt/airflow/dags/silver_layer_dag.py for tasks to queue
[2025-10-23T20:39:33.701+0000] {logging_mixin.py:188} INFO - [2025-10-23T20:39:33.701+0000] {dagbag.py:540} INFO - Filling up the DagBag from /opt/airflow/dags/silver_layer_dag.py
[2025-10-23T20:39:33.885+0000] {processor.py:840} INFO - DAG(s) 'silver_layer_dag' retrieved from /opt/airflow/dags/silver_layer_dag.py
[2025-10-23T20:39:33.901+0000] {logging_mixin.py:188} INFO - [2025-10-23T20:39:33.901+0000] {dag.py:3096} INFO - Sync 1 DAGs
[2025-10-23T20:39:33.918+0000] {logging_mixin.py:188} INFO - [2025-10-23T20:39:33.917+0000] {dag.py:3954} INFO - Setting next_dagrun for silver_layer_dag to 2025-10-23 19:00:00+00:00, run_after=2025-10-24 19:00:00+00:00
[2025-10-23T20:39:33.931+0000] {processor.py:183} INFO - Processing /opt/airflow/dags/silver_layer_dag.py took 0.237 seconds
[2025-10-23T20:40:04.801+0000] {processor.py:161} INFO - Started process (PID=695) to work on /opt/airflow/dags/silver_layer_dag.py
[2025-10-23T20:40:04.802+0000] {processor.py:830} INFO - Processing file /opt/airflow/dags/silver_layer_dag.py for tasks to queue
[2025-10-23T20:40:04.804+0000] {logging_mixin.py:188} INFO - [2025-10-23T20:40:04.803+0000] {dagbag.py:540} INFO - Filling up the DagBag from /opt/airflow/dags/silver_layer_dag.py
[2025-10-23T20:40:05.002+0000] {processor.py:840} INFO - DAG(s) 'silver_layer_dag' retrieved from /opt/airflow/dags/silver_layer_dag.py
[2025-10-23T20:40:05.020+0000] {logging_mixin.py:188} INFO - [2025-10-23T20:40:05.020+0000] {dag.py:3096} INFO - Sync 1 DAGs
[2025-10-23T20:40:05.038+0000] {logging_mixin.py:188} INFO - [2025-10-23T20:40:05.038+0000] {dag.py:3954} INFO - Setting next_dagrun for silver_layer_dag to 2025-10-23 19:00:00+00:00, run_after=2025-10-24 19:00:00+00:00
[2025-10-23T20:40:05.054+0000] {processor.py:183} INFO - Processing /opt/airflow/dags/silver_layer_dag.py took 0.257 seconds
[2025-10-23T20:40:35.248+0000] {processor.py:161} INFO - Started process (PID=697) to work on /opt/airflow/dags/silver_layer_dag.py
[2025-10-23T20:40:35.249+0000] {processor.py:830} INFO - Processing file /opt/airflow/dags/silver_layer_dag.py for tasks to queue
[2025-10-23T20:40:35.251+0000] {logging_mixin.py:188} INFO - [2025-10-23T20:40:35.251+0000] {dagbag.py:540} INFO - Filling up the DagBag from /opt/airflow/dags/silver_layer_dag.py
[2025-10-23T20:40:35.446+0000] {processor.py:840} INFO - DAG(s) 'silver_layer_dag' retrieved from /opt/airflow/dags/silver_layer_dag.py
[2025-10-23T20:40:35.465+0000] {logging_mixin.py:188} INFO - [2025-10-23T20:40:35.465+0000] {dag.py:3096} INFO - Sync 1 DAGs
[2025-10-23T20:40:35.482+0000] {logging_mixin.py:188} INFO - [2025-10-23T20:40:35.482+0000] {dag.py:3954} INFO - Setting next_dagrun for silver_layer_dag to 2025-10-23 19:00:00+00:00, run_after=2025-10-24 19:00:00+00:00
[2025-10-23T20:40:35.496+0000] {processor.py:183} INFO - Processing /opt/airflow/dags/silver_layer_dag.py took 0.252 seconds
[2025-10-23T20:41:05.620+0000] {processor.py:161} INFO - Started process (PID=699) to work on /opt/airflow/dags/silver_layer_dag.py
[2025-10-23T20:41:05.621+0000] {processor.py:830} INFO - Processing file /opt/airflow/dags/silver_layer_dag.py for tasks to queue
[2025-10-23T20:41:05.623+0000] {logging_mixin.py:188} INFO - [2025-10-23T20:41:05.623+0000] {dagbag.py:540} INFO - Filling up the DagBag from /opt/airflow/dags/silver_layer_dag.py
[2025-10-23T20:41:05.824+0000] {processor.py:840} INFO - DAG(s) 'silver_layer_dag' retrieved from /opt/airflow/dags/silver_layer_dag.py
[2025-10-23T20:41:05.843+0000] {logging_mixin.py:188} INFO - [2025-10-23T20:41:05.843+0000] {dag.py:3096} INFO - Sync 1 DAGs
[2025-10-23T20:41:05.861+0000] {logging_mixin.py:188} INFO - [2025-10-23T20:41:05.861+0000] {dag.py:3954} INFO - Setting next_dagrun for silver_layer_dag to 2025-10-23 19:00:00+00:00, run_after=2025-10-24 19:00:00+00:00
[2025-10-23T20:41:05.878+0000] {processor.py:183} INFO - Processing /opt/airflow/dags/silver_layer_dag.py took 0.263 seconds
[2025-10-23T20:41:36.789+0000] {processor.py:161} INFO - Started process (PID=701) to work on /opt/airflow/dags/silver_layer_dag.py
[2025-10-23T20:41:36.790+0000] {processor.py:830} INFO - Processing file /opt/airflow/dags/silver_layer_dag.py for tasks to queue
[2025-10-23T20:41:36.791+0000] {logging_mixin.py:188} INFO - [2025-10-23T20:41:36.791+0000] {dagbag.py:540} INFO - Filling up the DagBag from /opt/airflow/dags/silver_layer_dag.py
[2025-10-23T20:41:36.977+0000] {processor.py:840} INFO - DAG(s) 'silver_layer_dag' retrieved from /opt/airflow/dags/silver_layer_dag.py
[2025-10-23T20:41:36.994+0000] {logging_mixin.py:188} INFO - [2025-10-23T20:41:36.994+0000] {dag.py:3096} INFO - Sync 1 DAGs
[2025-10-23T20:41:37.011+0000] {logging_mixin.py:188} INFO - [2025-10-23T20:41:37.011+0000] {dag.py:3954} INFO - Setting next_dagrun for silver_layer_dag to 2025-10-23 19:00:00+00:00, run_after=2025-10-24 19:00:00+00:00
[2025-10-23T20:41:37.026+0000] {processor.py:183} INFO - Processing /opt/airflow/dags/silver_layer_dag.py took 0.241 seconds
[2025-10-23T20:42:07.317+0000] {processor.py:161} INFO - Started process (PID=703) to work on /opt/airflow/dags/silver_layer_dag.py
[2025-10-23T20:42:07.318+0000] {processor.py:830} INFO - Processing file /opt/airflow/dags/silver_layer_dag.py for tasks to queue
[2025-10-23T20:42:07.320+0000] {logging_mixin.py:188} INFO - [2025-10-23T20:42:07.320+0000] {dagbag.py:540} INFO - Filling up the DagBag from /opt/airflow/dags/silver_layer_dag.py
[2025-10-23T20:42:07.511+0000] {processor.py:840} INFO - DAG(s) 'silver_layer_dag' retrieved from /opt/airflow/dags/silver_layer_dag.py
[2025-10-23T20:42:07.528+0000] {logging_mixin.py:188} INFO - [2025-10-23T20:42:07.528+0000] {dag.py:3096} INFO - Sync 1 DAGs
[2025-10-23T20:42:07.545+0000] {logging_mixin.py:188} INFO - [2025-10-23T20:42:07.544+0000] {dag.py:3954} INFO - Setting next_dagrun for silver_layer_dag to 2025-10-23 19:00:00+00:00, run_after=2025-10-24 19:00:00+00:00
[2025-10-23T20:42:07.558+0000] {processor.py:183} INFO - Processing /opt/airflow/dags/silver_layer_dag.py took 0.246 seconds
[2025-10-23T20:42:37.724+0000] {processor.py:161} INFO - Started process (PID=705) to work on /opt/airflow/dags/silver_layer_dag.py
[2025-10-23T20:42:37.724+0000] {processor.py:830} INFO - Processing file /opt/airflow/dags/silver_layer_dag.py for tasks to queue
[2025-10-23T20:42:37.726+0000] {logging_mixin.py:188} INFO - [2025-10-23T20:42:37.726+0000] {dagbag.py:540} INFO - Filling up the DagBag from /opt/airflow/dags/silver_layer_dag.py
[2025-10-23T20:42:37.916+0000] {processor.py:840} INFO - DAG(s) 'silver_layer_dag' retrieved from /opt/airflow/dags/silver_layer_dag.py
[2025-10-23T20:42:37.934+0000] {logging_mixin.py:188} INFO - [2025-10-23T20:42:37.934+0000] {dag.py:3096} INFO - Sync 1 DAGs
[2025-10-23T20:42:37.952+0000] {logging_mixin.py:188} INFO - [2025-10-23T20:42:37.952+0000] {dag.py:3954} INFO - Setting next_dagrun for silver_layer_dag to 2025-10-23 19:00:00+00:00, run_after=2025-10-24 19:00:00+00:00
[2025-10-23T20:42:37.966+0000] {processor.py:183} INFO - Processing /opt/airflow/dags/silver_layer_dag.py took 0.247 seconds
[2025-10-23T20:43:08.079+0000] {processor.py:161} INFO - Started process (PID=707) to work on /opt/airflow/dags/silver_layer_dag.py
[2025-10-23T20:43:08.080+0000] {processor.py:830} INFO - Processing file /opt/airflow/dags/silver_layer_dag.py for tasks to queue
[2025-10-23T20:43:08.082+0000] {logging_mixin.py:188} INFO - [2025-10-23T20:43:08.082+0000] {dagbag.py:540} INFO - Filling up the DagBag from /opt/airflow/dags/silver_layer_dag.py
[2025-10-23T20:43:08.269+0000] {processor.py:840} INFO - DAG(s) 'silver_layer_dag' retrieved from /opt/airflow/dags/silver_layer_dag.py
[2025-10-23T20:43:08.286+0000] {logging_mixin.py:188} INFO - [2025-10-23T20:43:08.286+0000] {dag.py:3096} INFO - Sync 1 DAGs
[2025-10-23T20:43:08.302+0000] {logging_mixin.py:188} INFO - [2025-10-23T20:43:08.302+0000] {dag.py:3954} INFO - Setting next_dagrun for silver_layer_dag to 2025-10-23 19:00:00+00:00, run_after=2025-10-24 19:00:00+00:00
[2025-10-23T20:43:08.317+0000] {processor.py:183} INFO - Processing /opt/airflow/dags/silver_layer_dag.py took 0.242 seconds
[2025-10-23T20:43:39.273+0000] {processor.py:161} INFO - Started process (PID=709) to work on /opt/airflow/dags/silver_layer_dag.py
[2025-10-23T20:43:39.274+0000] {processor.py:830} INFO - Processing file /opt/airflow/dags/silver_layer_dag.py for tasks to queue
[2025-10-23T20:43:39.276+0000] {logging_mixin.py:188} INFO - [2025-10-23T20:43:39.275+0000] {dagbag.py:540} INFO - Filling up the DagBag from /opt/airflow/dags/silver_layer_dag.py
[2025-10-23T20:43:39.467+0000] {processor.py:840} INFO - DAG(s) 'silver_layer_dag' retrieved from /opt/airflow/dags/silver_layer_dag.py
[2025-10-23T20:43:39.484+0000] {logging_mixin.py:188} INFO - [2025-10-23T20:43:39.484+0000] {dag.py:3096} INFO - Sync 1 DAGs
[2025-10-23T20:43:39.501+0000] {logging_mixin.py:188} INFO - [2025-10-23T20:43:39.501+0000] {dag.py:3954} INFO - Setting next_dagrun for silver_layer_dag to 2025-10-23 19:00:00+00:00, run_after=2025-10-24 19:00:00+00:00
[2025-10-23T20:43:39.515+0000] {processor.py:183} INFO - Processing /opt/airflow/dags/silver_layer_dag.py took 0.246 seconds
[2025-10-23T20:44:09.556+0000] {processor.py:161} INFO - Started process (PID=711) to work on /opt/airflow/dags/silver_layer_dag.py
[2025-10-23T20:44:09.556+0000] {processor.py:830} INFO - Processing file /opt/airflow/dags/silver_layer_dag.py for tasks to queue
[2025-10-23T20:44:09.558+0000] {logging_mixin.py:188} INFO - [2025-10-23T20:44:09.558+0000] {dagbag.py:540} INFO - Filling up the DagBag from /opt/airflow/dags/silver_layer_dag.py
[2025-10-23T20:44:09.743+0000] {processor.py:840} INFO - DAG(s) 'silver_layer_dag' retrieved from /opt/airflow/dags/silver_layer_dag.py
[2025-10-23T20:44:09.760+0000] {logging_mixin.py:188} INFO - [2025-10-23T20:44:09.759+0000] {dag.py:3096} INFO - Sync 1 DAGs
[2025-10-23T20:44:09.776+0000] {logging_mixin.py:188} INFO - [2025-10-23T20:44:09.776+0000] {dag.py:3954} INFO - Setting next_dagrun for silver_layer_dag to 2025-10-23 19:00:00+00:00, run_after=2025-10-24 19:00:00+00:00
[2025-10-23T20:44:09.790+0000] {processor.py:183} INFO - Processing /opt/airflow/dags/silver_layer_dag.py took 0.239 seconds
[2025-10-23T20:44:39.847+0000] {processor.py:161} INFO - Started process (PID=713) to work on /opt/airflow/dags/silver_layer_dag.py
[2025-10-23T20:44:39.848+0000] {processor.py:830} INFO - Processing file /opt/airflow/dags/silver_layer_dag.py for tasks to queue
[2025-10-23T20:44:39.849+0000] {logging_mixin.py:188} INFO - [2025-10-23T20:44:39.849+0000] {dagbag.py:540} INFO - Filling up the DagBag from /opt/airflow/dags/silver_layer_dag.py
[2025-10-23T20:44:40.037+0000] {processor.py:840} INFO - DAG(s) 'silver_layer_dag' retrieved from /opt/airflow/dags/silver_layer_dag.py
[2025-10-23T20:44:40.053+0000] {logging_mixin.py:188} INFO - [2025-10-23T20:44:40.053+0000] {dag.py:3096} INFO - Sync 1 DAGs
[2025-10-23T20:44:40.069+0000] {logging_mixin.py:188} INFO - [2025-10-23T20:44:40.069+0000] {dag.py:3954} INFO - Setting next_dagrun for silver_layer_dag to 2025-10-23 19:00:00+00:00, run_after=2025-10-24 19:00:00+00:00
[2025-10-23T20:44:40.083+0000] {processor.py:183} INFO - Processing /opt/airflow/dags/silver_layer_dag.py took 0.241 seconds
[2025-10-23T20:45:10.175+0000] {processor.py:161} INFO - Started process (PID=715) to work on /opt/airflow/dags/silver_layer_dag.py
[2025-10-23T20:45:10.176+0000] {processor.py:830} INFO - Processing file /opt/airflow/dags/silver_layer_dag.py for tasks to queue
[2025-10-23T20:45:10.177+0000] {logging_mixin.py:188} INFO - [2025-10-23T20:45:10.177+0000] {dagbag.py:540} INFO - Filling up the DagBag from /opt/airflow/dags/silver_layer_dag.py
[2025-10-23T20:45:10.370+0000] {processor.py:840} INFO - DAG(s) 'silver_layer_dag' retrieved from /opt/airflow/dags/silver_layer_dag.py
[2025-10-23T20:45:10.388+0000] {logging_mixin.py:188} INFO - [2025-10-23T20:45:10.387+0000] {dag.py:3096} INFO - Sync 1 DAGs
[2025-10-23T20:45:10.405+0000] {logging_mixin.py:188} INFO - [2025-10-23T20:45:10.405+0000] {dag.py:3954} INFO - Setting next_dagrun for silver_layer_dag to 2025-10-23 19:00:00+00:00, run_after=2025-10-24 19:00:00+00:00
[2025-10-23T20:45:10.420+0000] {processor.py:183} INFO - Processing /opt/airflow/dags/silver_layer_dag.py took 0.250 seconds
[2025-10-23T20:45:40.470+0000] {processor.py:161} INFO - Started process (PID=717) to work on /opt/airflow/dags/silver_layer_dag.py
[2025-10-23T20:45:40.471+0000] {processor.py:830} INFO - Processing file /opt/airflow/dags/silver_layer_dag.py for tasks to queue
[2025-10-23T20:45:40.472+0000] {logging_mixin.py:188} INFO - [2025-10-23T20:45:40.472+0000] {dagbag.py:540} INFO - Filling up the DagBag from /opt/airflow/dags/silver_layer_dag.py
[2025-10-23T20:45:40.660+0000] {processor.py:840} INFO - DAG(s) 'silver_layer_dag' retrieved from /opt/airflow/dags/silver_layer_dag.py
[2025-10-23T20:45:40.676+0000] {logging_mixin.py:188} INFO - [2025-10-23T20:45:40.676+0000] {dag.py:3096} INFO - Sync 1 DAGs
[2025-10-23T20:45:40.693+0000] {logging_mixin.py:188} INFO - [2025-10-23T20:45:40.692+0000] {dag.py:3954} INFO - Setting next_dagrun for silver_layer_dag to 2025-10-23 19:00:00+00:00, run_after=2025-10-24 19:00:00+00:00
[2025-10-23T20:45:40.707+0000] {processor.py:183} INFO - Processing /opt/airflow/dags/silver_layer_dag.py took 0.241 seconds
[2025-10-23T20:46:10.753+0000] {processor.py:161} INFO - Started process (PID=719) to work on /opt/airflow/dags/silver_layer_dag.py
[2025-10-23T20:46:10.754+0000] {processor.py:830} INFO - Processing file /opt/airflow/dags/silver_layer_dag.py for tasks to queue
[2025-10-23T20:46:10.756+0000] {logging_mixin.py:188} INFO - [2025-10-23T20:46:10.755+0000] {dagbag.py:540} INFO - Filling up the DagBag from /opt/airflow/dags/silver_layer_dag.py
[2025-10-23T20:46:10.941+0000] {processor.py:840} INFO - DAG(s) 'silver_layer_dag' retrieved from /opt/airflow/dags/silver_layer_dag.py
[2025-10-23T20:46:10.957+0000] {logging_mixin.py:188} INFO - [2025-10-23T20:46:10.957+0000] {dag.py:3096} INFO - Sync 1 DAGs
[2025-10-23T20:46:10.975+0000] {logging_mixin.py:188} INFO - [2025-10-23T20:46:10.975+0000] {dag.py:3954} INFO - Setting next_dagrun for silver_layer_dag to 2025-10-23 19:00:00+00:00, run_after=2025-10-24 19:00:00+00:00
[2025-10-23T20:46:10.989+0000] {processor.py:183} INFO - Processing /opt/airflow/dags/silver_layer_dag.py took 0.240 seconds
[2025-10-23T20:46:41.126+0000] {processor.py:161} INFO - Started process (PID=721) to work on /opt/airflow/dags/silver_layer_dag.py
[2025-10-23T20:46:41.126+0000] {processor.py:830} INFO - Processing file /opt/airflow/dags/silver_layer_dag.py for tasks to queue
[2025-10-23T20:46:41.128+0000] {logging_mixin.py:188} INFO - [2025-10-23T20:46:41.128+0000] {dagbag.py:540} INFO - Filling up the DagBag from /opt/airflow/dags/silver_layer_dag.py
[2025-10-23T20:46:41.320+0000] {processor.py:840} INFO - DAG(s) 'silver_layer_dag' retrieved from /opt/airflow/dags/silver_layer_dag.py
[2025-10-23T20:46:41.336+0000] {logging_mixin.py:188} INFO - [2025-10-23T20:46:41.336+0000] {dag.py:3096} INFO - Sync 1 DAGs
[2025-10-23T20:46:41.352+0000] {logging_mixin.py:188} INFO - [2025-10-23T20:46:41.352+0000] {dag.py:3954} INFO - Setting next_dagrun for silver_layer_dag to 2025-10-23 19:00:00+00:00, run_after=2025-10-24 19:00:00+00:00
[2025-10-23T20:46:41.366+0000] {processor.py:183} INFO - Processing /opt/airflow/dags/silver_layer_dag.py took 0.245 seconds
[2025-10-23T20:47:11.460+0000] {processor.py:161} INFO - Started process (PID=723) to work on /opt/airflow/dags/silver_layer_dag.py
[2025-10-23T20:47:11.461+0000] {processor.py:830} INFO - Processing file /opt/airflow/dags/silver_layer_dag.py for tasks to queue
[2025-10-23T20:47:11.462+0000] {logging_mixin.py:188} INFO - [2025-10-23T20:47:11.462+0000] {dagbag.py:540} INFO - Filling up the DagBag from /opt/airflow/dags/silver_layer_dag.py
[2025-10-23T20:47:11.646+0000] {processor.py:840} INFO - DAG(s) 'silver_layer_dag' retrieved from /opt/airflow/dags/silver_layer_dag.py
[2025-10-23T20:47:11.664+0000] {logging_mixin.py:188} INFO - [2025-10-23T20:47:11.664+0000] {dag.py:3096} INFO - Sync 1 DAGs
[2025-10-23T20:47:11.680+0000] {logging_mixin.py:188} INFO - [2025-10-23T20:47:11.680+0000] {dag.py:3954} INFO - Setting next_dagrun for silver_layer_dag to 2025-10-23 19:00:00+00:00, run_after=2025-10-24 19:00:00+00:00
[2025-10-23T20:47:11.695+0000] {processor.py:183} INFO - Processing /opt/airflow/dags/silver_layer_dag.py took 0.239 seconds
[2025-10-23T20:47:41.793+0000] {processor.py:161} INFO - Started process (PID=725) to work on /opt/airflow/dags/silver_layer_dag.py
[2025-10-23T20:47:41.794+0000] {processor.py:830} INFO - Processing file /opt/airflow/dags/silver_layer_dag.py for tasks to queue
[2025-10-23T20:47:41.796+0000] {logging_mixin.py:188} INFO - [2025-10-23T20:47:41.795+0000] {dagbag.py:540} INFO - Filling up the DagBag from /opt/airflow/dags/silver_layer_dag.py
[2025-10-23T20:47:41.986+0000] {processor.py:840} INFO - DAG(s) 'silver_layer_dag' retrieved from /opt/airflow/dags/silver_layer_dag.py
[2025-10-23T20:47:42.007+0000] {logging_mixin.py:188} INFO - [2025-10-23T20:47:42.007+0000] {dag.py:3096} INFO - Sync 1 DAGs
[2025-10-23T20:47:42.025+0000] {logging_mixin.py:188} INFO - [2025-10-23T20:47:42.024+0000] {dag.py:3954} INFO - Setting next_dagrun for silver_layer_dag to 2025-10-23 19:00:00+00:00, run_after=2025-10-24 19:00:00+00:00
[2025-10-23T20:47:42.039+0000] {processor.py:183} INFO - Processing /opt/airflow/dags/silver_layer_dag.py took 0.253 seconds
[2025-10-23T20:48:12.095+0000] {processor.py:161} INFO - Started process (PID=727) to work on /opt/airflow/dags/silver_layer_dag.py
[2025-10-23T20:48:12.096+0000] {processor.py:830} INFO - Processing file /opt/airflow/dags/silver_layer_dag.py for tasks to queue
[2025-10-23T20:48:12.097+0000] {logging_mixin.py:188} INFO - [2025-10-23T20:48:12.097+0000] {dagbag.py:540} INFO - Filling up the DagBag from /opt/airflow/dags/silver_layer_dag.py
[2025-10-23T20:48:12.282+0000] {processor.py:840} INFO - DAG(s) 'silver_layer_dag' retrieved from /opt/airflow/dags/silver_layer_dag.py
[2025-10-23T20:48:12.301+0000] {logging_mixin.py:188} INFO - [2025-10-23T20:48:12.301+0000] {dag.py:3096} INFO - Sync 1 DAGs
[2025-10-23T20:48:12.318+0000] {logging_mixin.py:188} INFO - [2025-10-23T20:48:12.318+0000] {dag.py:3954} INFO - Setting next_dagrun for silver_layer_dag to 2025-10-23 19:00:00+00:00, run_after=2025-10-24 19:00:00+00:00
[2025-10-23T20:48:12.333+0000] {processor.py:183} INFO - Processing /opt/airflow/dags/silver_layer_dag.py took 0.242 seconds
[2025-10-23T20:48:42.416+0000] {processor.py:161} INFO - Started process (PID=729) to work on /opt/airflow/dags/silver_layer_dag.py
[2025-10-23T20:48:42.417+0000] {processor.py:830} INFO - Processing file /opt/airflow/dags/silver_layer_dag.py for tasks to queue
[2025-10-23T20:48:42.419+0000] {logging_mixin.py:188} INFO - [2025-10-23T20:48:42.418+0000] {dagbag.py:540} INFO - Filling up the DagBag from /opt/airflow/dags/silver_layer_dag.py
[2025-10-23T20:48:42.604+0000] {processor.py:840} INFO - DAG(s) 'silver_layer_dag' retrieved from /opt/airflow/dags/silver_layer_dag.py
[2025-10-23T20:48:42.624+0000] {logging_mixin.py:188} INFO - [2025-10-23T20:48:42.623+0000] {dag.py:3096} INFO - Sync 1 DAGs
[2025-10-23T20:48:42.641+0000] {logging_mixin.py:188} INFO - [2025-10-23T20:48:42.641+0000] {dag.py:3954} INFO - Setting next_dagrun for silver_layer_dag to 2025-10-23 19:00:00+00:00, run_after=2025-10-24 19:00:00+00:00
[2025-10-23T20:48:42.657+0000] {processor.py:183} INFO - Processing /opt/airflow/dags/silver_layer_dag.py took 0.246 seconds
[2025-10-23T20:49:12.748+0000] {processor.py:161} INFO - Started process (PID=731) to work on /opt/airflow/dags/silver_layer_dag.py
[2025-10-23T20:49:12.749+0000] {processor.py:830} INFO - Processing file /opt/airflow/dags/silver_layer_dag.py for tasks to queue
[2025-10-23T20:49:12.751+0000] {logging_mixin.py:188} INFO - [2025-10-23T20:49:12.750+0000] {dagbag.py:540} INFO - Filling up the DagBag from /opt/airflow/dags/silver_layer_dag.py
[2025-10-23T20:49:12.939+0000] {processor.py:840} INFO - DAG(s) 'silver_layer_dag' retrieved from /opt/airflow/dags/silver_layer_dag.py
[2025-10-23T20:49:12.957+0000] {logging_mixin.py:188} INFO - [2025-10-23T20:49:12.957+0000] {dag.py:3096} INFO - Sync 1 DAGs
[2025-10-23T20:49:12.974+0000] {logging_mixin.py:188} INFO - [2025-10-23T20:49:12.974+0000] {dag.py:3954} INFO - Setting next_dagrun for silver_layer_dag to 2025-10-23 19:00:00+00:00, run_after=2025-10-24 19:00:00+00:00
[2025-10-23T20:49:12.988+0000] {processor.py:183} INFO - Processing /opt/airflow/dags/silver_layer_dag.py took 0.245 seconds
[2025-10-23T20:49:43.097+0000] {processor.py:161} INFO - Started process (PID=733) to work on /opt/airflow/dags/silver_layer_dag.py
[2025-10-23T20:49:43.098+0000] {processor.py:830} INFO - Processing file /opt/airflow/dags/silver_layer_dag.py for tasks to queue
[2025-10-23T20:49:43.100+0000] {logging_mixin.py:188} INFO - [2025-10-23T20:49:43.099+0000] {dagbag.py:540} INFO - Filling up the DagBag from /opt/airflow/dags/silver_layer_dag.py
[2025-10-23T20:49:43.284+0000] {processor.py:840} INFO - DAG(s) 'silver_layer_dag' retrieved from /opt/airflow/dags/silver_layer_dag.py
[2025-10-23T20:49:43.303+0000] {logging_mixin.py:188} INFO - [2025-10-23T20:49:43.303+0000] {dag.py:3096} INFO - Sync 1 DAGs
[2025-10-23T20:49:43.322+0000] {logging_mixin.py:188} INFO - [2025-10-23T20:49:43.321+0000] {dag.py:3954} INFO - Setting next_dagrun for silver_layer_dag to 2025-10-23 19:00:00+00:00, run_after=2025-10-24 19:00:00+00:00
[2025-10-23T20:49:43.336+0000] {processor.py:183} INFO - Processing /opt/airflow/dags/silver_layer_dag.py took 0.244 seconds
[2025-10-23T20:50:13.428+0000] {processor.py:161} INFO - Started process (PID=735) to work on /opt/airflow/dags/silver_layer_dag.py
[2025-10-23T20:50:13.429+0000] {processor.py:830} INFO - Processing file /opt/airflow/dags/silver_layer_dag.py for tasks to queue
[2025-10-23T20:50:13.430+0000] {logging_mixin.py:188} INFO - [2025-10-23T20:50:13.430+0000] {dagbag.py:540} INFO - Filling up the DagBag from /opt/airflow/dags/silver_layer_dag.py
[2025-10-23T20:50:13.620+0000] {processor.py:840} INFO - DAG(s) 'silver_layer_dag' retrieved from /opt/airflow/dags/silver_layer_dag.py
[2025-10-23T20:50:13.639+0000] {logging_mixin.py:188} INFO - [2025-10-23T20:50:13.639+0000] {dag.py:3096} INFO - Sync 1 DAGs
[2025-10-23T20:50:13.656+0000] {logging_mixin.py:188} INFO - [2025-10-23T20:50:13.656+0000] {dag.py:3954} INFO - Setting next_dagrun for silver_layer_dag to 2025-10-23 19:00:00+00:00, run_after=2025-10-24 19:00:00+00:00
[2025-10-23T20:50:13.671+0000] {processor.py:183} INFO - Processing /opt/airflow/dags/silver_layer_dag.py took 0.247 seconds
[2025-10-23T20:50:43.773+0000] {processor.py:161} INFO - Started process (PID=737) to work on /opt/airflow/dags/silver_layer_dag.py
[2025-10-23T20:50:43.774+0000] {processor.py:830} INFO - Processing file /opt/airflow/dags/silver_layer_dag.py for tasks to queue
[2025-10-23T20:50:43.776+0000] {logging_mixin.py:188} INFO - [2025-10-23T20:50:43.775+0000] {dagbag.py:540} INFO - Filling up the DagBag from /opt/airflow/dags/silver_layer_dag.py
[2025-10-23T20:50:43.962+0000] {processor.py:840} INFO - DAG(s) 'silver_layer_dag' retrieved from /opt/airflow/dags/silver_layer_dag.py
[2025-10-23T20:50:43.979+0000] {logging_mixin.py:188} INFO - [2025-10-23T20:50:43.979+0000] {dag.py:3096} INFO - Sync 1 DAGs
[2025-10-23T20:50:43.996+0000] {logging_mixin.py:188} INFO - [2025-10-23T20:50:43.996+0000] {dag.py:3954} INFO - Setting next_dagrun for silver_layer_dag to 2025-10-23 19:00:00+00:00, run_after=2025-10-24 19:00:00+00:00
[2025-10-23T20:50:44.011+0000] {processor.py:183} INFO - Processing /opt/airflow/dags/silver_layer_dag.py took 0.243 seconds
[2025-10-23T20:51:14.078+0000] {processor.py:161} INFO - Started process (PID=739) to work on /opt/airflow/dags/silver_layer_dag.py
[2025-10-23T20:51:14.079+0000] {processor.py:830} INFO - Processing file /opt/airflow/dags/silver_layer_dag.py for tasks to queue
[2025-10-23T20:51:14.081+0000] {logging_mixin.py:188} INFO - [2025-10-23T20:51:14.080+0000] {dagbag.py:540} INFO - Filling up the DagBag from /opt/airflow/dags/silver_layer_dag.py
[2025-10-23T20:51:14.264+0000] {processor.py:840} INFO - DAG(s) 'silver_layer_dag' retrieved from /opt/airflow/dags/silver_layer_dag.py
[2025-10-23T20:51:14.281+0000] {logging_mixin.py:188} INFO - [2025-10-23T20:51:14.280+0000] {dag.py:3096} INFO - Sync 1 DAGs
[2025-10-23T20:51:14.297+0000] {logging_mixin.py:188} INFO - [2025-10-23T20:51:14.296+0000] {dag.py:3954} INFO - Setting next_dagrun for silver_layer_dag to 2025-10-23 19:00:00+00:00, run_after=2025-10-24 19:00:00+00:00
[2025-10-23T20:51:14.310+0000] {processor.py:183} INFO - Processing /opt/airflow/dags/silver_layer_dag.py took 0.236 seconds
[2025-10-23T20:51:44.680+0000] {processor.py:161} INFO - Started process (PID=741) to work on /opt/airflow/dags/silver_layer_dag.py
[2025-10-23T20:51:44.681+0000] {processor.py:830} INFO - Processing file /opt/airflow/dags/silver_layer_dag.py for tasks to queue
[2025-10-23T20:51:44.682+0000] {logging_mixin.py:188} INFO - [2025-10-23T20:51:44.682+0000] {dagbag.py:540} INFO - Filling up the DagBag from /opt/airflow/dags/silver_layer_dag.py
[2025-10-23T20:51:44.883+0000] {processor.py:840} INFO - DAG(s) 'silver_layer_dag' retrieved from /opt/airflow/dags/silver_layer_dag.py
[2025-10-23T20:51:44.901+0000] {logging_mixin.py:188} INFO - [2025-10-23T20:51:44.900+0000] {dag.py:3096} INFO - Sync 1 DAGs
[2025-10-23T20:51:44.918+0000] {logging_mixin.py:188} INFO - [2025-10-23T20:51:44.918+0000] {dag.py:3954} INFO - Setting next_dagrun for silver_layer_dag to 2025-10-23 19:00:00+00:00, run_after=2025-10-24 19:00:00+00:00
[2025-10-23T20:51:44.932+0000] {processor.py:183} INFO - Processing /opt/airflow/dags/silver_layer_dag.py took 0.257 seconds
[2025-10-23T20:52:15.023+0000] {processor.py:161} INFO - Started process (PID=743) to work on /opt/airflow/dags/silver_layer_dag.py
[2025-10-23T20:52:15.023+0000] {processor.py:830} INFO - Processing file /opt/airflow/dags/silver_layer_dag.py for tasks to queue
[2025-10-23T20:52:15.025+0000] {logging_mixin.py:188} INFO - [2025-10-23T20:52:15.025+0000] {dagbag.py:540} INFO - Filling up the DagBag from /opt/airflow/dags/silver_layer_dag.py
[2025-10-23T20:52:15.214+0000] {processor.py:840} INFO - DAG(s) 'silver_layer_dag' retrieved from /opt/airflow/dags/silver_layer_dag.py
[2025-10-23T20:52:15.230+0000] {logging_mixin.py:188} INFO - [2025-10-23T20:52:15.230+0000] {dag.py:3096} INFO - Sync 1 DAGs
[2025-10-23T20:52:15.246+0000] {logging_mixin.py:188} INFO - [2025-10-23T20:52:15.246+0000] {dag.py:3954} INFO - Setting next_dagrun for silver_layer_dag to 2025-10-23 19:00:00+00:00, run_after=2025-10-24 19:00:00+00:00
[2025-10-23T20:52:15.260+0000] {processor.py:183} INFO - Processing /opt/airflow/dags/silver_layer_dag.py took 0.242 seconds
[2025-10-23T20:52:45.571+0000] {processor.py:161} INFO - Started process (PID=745) to work on /opt/airflow/dags/silver_layer_dag.py
[2025-10-23T20:52:45.572+0000] {processor.py:830} INFO - Processing file /opt/airflow/dags/silver_layer_dag.py for tasks to queue
[2025-10-23T20:52:45.573+0000] {logging_mixin.py:188} INFO - [2025-10-23T20:52:45.573+0000] {dagbag.py:540} INFO - Filling up the DagBag from /opt/airflow/dags/silver_layer_dag.py
[2025-10-23T20:52:45.742+0000] {processor.py:840} INFO - DAG(s) 'silver_layer_dag' retrieved from /opt/airflow/dags/silver_layer_dag.py
[2025-10-23T20:52:45.757+0000] {logging_mixin.py:188} INFO - [2025-10-23T20:52:45.757+0000] {dag.py:3096} INFO - Sync 1 DAGs
[2025-10-23T20:52:45.771+0000] {logging_mixin.py:188} INFO - [2025-10-23T20:52:45.771+0000] {dag.py:3954} INFO - Setting next_dagrun for silver_layer_dag to 2025-10-23 19:00:00+00:00, run_after=2025-10-24 19:00:00+00:00
[2025-10-23T20:52:45.784+0000] {processor.py:183} INFO - Processing /opt/airflow/dags/silver_layer_dag.py took 0.217 seconds
[2025-10-23T20:53:16.005+0000] {processor.py:161} INFO - Started process (PID=747) to work on /opt/airflow/dags/silver_layer_dag.py
[2025-10-23T20:53:16.006+0000] {processor.py:830} INFO - Processing file /opt/airflow/dags/silver_layer_dag.py for tasks to queue
[2025-10-23T20:53:16.008+0000] {logging_mixin.py:188} INFO - [2025-10-23T20:53:16.007+0000] {dagbag.py:540} INFO - Filling up the DagBag from /opt/airflow/dags/silver_layer_dag.py
[2025-10-23T20:53:16.190+0000] {processor.py:840} INFO - DAG(s) 'silver_layer_dag' retrieved from /opt/airflow/dags/silver_layer_dag.py
[2025-10-23T20:53:16.206+0000] {logging_mixin.py:188} INFO - [2025-10-23T20:53:16.206+0000] {dag.py:3096} INFO - Sync 1 DAGs
[2025-10-23T20:53:16.222+0000] {logging_mixin.py:188} INFO - [2025-10-23T20:53:16.222+0000] {dag.py:3954} INFO - Setting next_dagrun for silver_layer_dag to 2025-10-23 19:00:00+00:00, run_after=2025-10-24 19:00:00+00:00
[2025-10-23T20:53:16.235+0000] {processor.py:183} INFO - Processing /opt/airflow/dags/silver_layer_dag.py took 0.235 seconds
[2025-10-23T20:53:46.462+0000] {processor.py:161} INFO - Started process (PID=749) to work on /opt/airflow/dags/silver_layer_dag.py
[2025-10-23T20:53:46.462+0000] {processor.py:830} INFO - Processing file /opt/airflow/dags/silver_layer_dag.py for tasks to queue
[2025-10-23T20:53:46.464+0000] {logging_mixin.py:188} INFO - [2025-10-23T20:53:46.464+0000] {dagbag.py:540} INFO - Filling up the DagBag from /opt/airflow/dags/silver_layer_dag.py
[2025-10-23T20:53:46.656+0000] {processor.py:840} INFO - DAG(s) 'silver_layer_dag' retrieved from /opt/airflow/dags/silver_layer_dag.py
[2025-10-23T20:53:46.673+0000] {logging_mixin.py:188} INFO - [2025-10-23T20:53:46.673+0000] {dag.py:3096} INFO - Sync 1 DAGs
[2025-10-23T20:53:46.689+0000] {logging_mixin.py:188} INFO - [2025-10-23T20:53:46.689+0000] {dag.py:3954} INFO - Setting next_dagrun for silver_layer_dag to 2025-10-23 19:00:00+00:00, run_after=2025-10-24 19:00:00+00:00
[2025-10-23T20:53:46.703+0000] {processor.py:183} INFO - Processing /opt/airflow/dags/silver_layer_dag.py took 0.246 seconds
[2025-10-23T20:54:16.779+0000] {processor.py:161} INFO - Started process (PID=751) to work on /opt/airflow/dags/silver_layer_dag.py
[2025-10-23T20:54:16.779+0000] {processor.py:830} INFO - Processing file /opt/airflow/dags/silver_layer_dag.py for tasks to queue
[2025-10-23T20:54:16.781+0000] {logging_mixin.py:188} INFO - [2025-10-23T20:54:16.781+0000] {dagbag.py:540} INFO - Filling up the DagBag from /opt/airflow/dags/silver_layer_dag.py
[2025-10-23T20:54:17.031+0000] {processor.py:840} INFO - DAG(s) 'silver_layer_dag' retrieved from /opt/airflow/dags/silver_layer_dag.py
[2025-10-23T20:54:17.048+0000] {logging_mixin.py:188} INFO - [2025-10-23T20:54:17.048+0000] {dag.py:3096} INFO - Sync 1 DAGs
[2025-10-23T20:54:17.064+0000] {logging_mixin.py:188} INFO - [2025-10-23T20:54:17.064+0000] {dag.py:3954} INFO - Setting next_dagrun for silver_layer_dag to 2025-10-23 19:00:00+00:00, run_after=2025-10-24 19:00:00+00:00
[2025-10-23T20:54:17.078+0000] {processor.py:183} INFO - Processing /opt/airflow/dags/silver_layer_dag.py took 0.304 seconds
[2025-10-23T20:54:47.167+0000] {processor.py:161} INFO - Started process (PID=753) to work on /opt/airflow/dags/silver_layer_dag.py
[2025-10-23T20:54:47.168+0000] {processor.py:830} INFO - Processing file /opt/airflow/dags/silver_layer_dag.py for tasks to queue
[2025-10-23T20:54:47.170+0000] {logging_mixin.py:188} INFO - [2025-10-23T20:54:47.170+0000] {dagbag.py:540} INFO - Filling up the DagBag from /opt/airflow/dags/silver_layer_dag.py
[2025-10-23T20:54:47.355+0000] {processor.py:840} INFO - DAG(s) 'silver_layer_dag' retrieved from /opt/airflow/dags/silver_layer_dag.py
[2025-10-23T20:54:47.372+0000] {logging_mixin.py:188} INFO - [2025-10-23T20:54:47.372+0000] {dag.py:3096} INFO - Sync 1 DAGs
[2025-10-23T20:54:47.389+0000] {logging_mixin.py:188} INFO - [2025-10-23T20:54:47.389+0000] {dag.py:3954} INFO - Setting next_dagrun for silver_layer_dag to 2025-10-23 19:00:00+00:00, run_after=2025-10-24 19:00:00+00:00
[2025-10-23T20:54:47.403+0000] {processor.py:183} INFO - Processing /opt/airflow/dags/silver_layer_dag.py took 0.240 seconds
[2025-10-23T20:55:18.358+0000] {processor.py:161} INFO - Started process (PID=755) to work on /opt/airflow/dags/silver_layer_dag.py
[2025-10-23T20:55:18.359+0000] {processor.py:830} INFO - Processing file /opt/airflow/dags/silver_layer_dag.py for tasks to queue
[2025-10-23T20:55:18.360+0000] {logging_mixin.py:188} INFO - [2025-10-23T20:55:18.360+0000] {dagbag.py:540} INFO - Filling up the DagBag from /opt/airflow/dags/silver_layer_dag.py
[2025-10-23T20:55:18.545+0000] {processor.py:840} INFO - DAG(s) 'silver_layer_dag' retrieved from /opt/airflow/dags/silver_layer_dag.py
[2025-10-23T20:55:18.562+0000] {logging_mixin.py:188} INFO - [2025-10-23T20:55:18.562+0000] {dag.py:3096} INFO - Sync 1 DAGs
[2025-10-23T20:55:18.579+0000] {logging_mixin.py:188} INFO - [2025-10-23T20:55:18.579+0000] {dag.py:3954} INFO - Setting next_dagrun for silver_layer_dag to 2025-10-23 19:00:00+00:00, run_after=2025-10-24 19:00:00+00:00
[2025-10-23T20:55:18.593+0000] {processor.py:183} INFO - Processing /opt/airflow/dags/silver_layer_dag.py took 0.239 seconds
[2025-10-23T20:55:48.761+0000] {processor.py:161} INFO - Started process (PID=757) to work on /opt/airflow/dags/silver_layer_dag.py
[2025-10-23T20:55:48.762+0000] {processor.py:830} INFO - Processing file /opt/airflow/dags/silver_layer_dag.py for tasks to queue
[2025-10-23T20:55:48.763+0000] {logging_mixin.py:188} INFO - [2025-10-23T20:55:48.763+0000] {dagbag.py:540} INFO - Filling up the DagBag from /opt/airflow/dags/silver_layer_dag.py
[2025-10-23T20:55:48.955+0000] {processor.py:840} INFO - DAG(s) 'silver_layer_dag' retrieved from /opt/airflow/dags/silver_layer_dag.py
[2025-10-23T20:55:48.973+0000] {logging_mixin.py:188} INFO - [2025-10-23T20:55:48.972+0000] {dag.py:3096} INFO - Sync 1 DAGs
[2025-10-23T20:55:48.989+0000] {logging_mixin.py:188} INFO - [2025-10-23T20:55:48.989+0000] {dag.py:3954} INFO - Setting next_dagrun for silver_layer_dag to 2025-10-23 19:00:00+00:00, run_after=2025-10-24 19:00:00+00:00
[2025-10-23T20:55:49.004+0000] {processor.py:183} INFO - Processing /opt/airflow/dags/silver_layer_dag.py took 0.248 seconds
[2025-10-23T20:56:19.127+0000] {processor.py:161} INFO - Started process (PID=759) to work on /opt/airflow/dags/silver_layer_dag.py
[2025-10-23T20:56:19.128+0000] {processor.py:830} INFO - Processing file /opt/airflow/dags/silver_layer_dag.py for tasks to queue
[2025-10-23T20:56:19.129+0000] {logging_mixin.py:188} INFO - [2025-10-23T20:56:19.129+0000] {dagbag.py:540} INFO - Filling up the DagBag from /opt/airflow/dags/silver_layer_dag.py
[2025-10-23T20:56:19.321+0000] {processor.py:840} INFO - DAG(s) 'silver_layer_dag' retrieved from /opt/airflow/dags/silver_layer_dag.py
[2025-10-23T20:56:19.338+0000] {logging_mixin.py:188} INFO - [2025-10-23T20:56:19.338+0000] {dag.py:3096} INFO - Sync 1 DAGs
[2025-10-23T20:56:19.358+0000] {logging_mixin.py:188} INFO - [2025-10-23T20:56:19.357+0000] {dag.py:3954} INFO - Setting next_dagrun for silver_layer_dag to 2025-10-23 19:00:00+00:00, run_after=2025-10-24 19:00:00+00:00
[2025-10-23T20:56:19.371+0000] {processor.py:183} INFO - Processing /opt/airflow/dags/silver_layer_dag.py took 0.249 seconds
[2025-10-23T20:56:49.940+0000] {processor.py:161} INFO - Started process (PID=761) to work on /opt/airflow/dags/silver_layer_dag.py
[2025-10-23T20:56:49.940+0000] {processor.py:830} INFO - Processing file /opt/airflow/dags/silver_layer_dag.py for tasks to queue
[2025-10-23T20:56:49.942+0000] {logging_mixin.py:188} INFO - [2025-10-23T20:56:49.942+0000] {dagbag.py:540} INFO - Filling up the DagBag from /opt/airflow/dags/silver_layer_dag.py
[2025-10-23T20:56:50.134+0000] {processor.py:840} INFO - DAG(s) 'silver_layer_dag' retrieved from /opt/airflow/dags/silver_layer_dag.py
[2025-10-23T20:56:50.150+0000] {logging_mixin.py:188} INFO - [2025-10-23T20:56:50.150+0000] {dag.py:3096} INFO - Sync 1 DAGs
[2025-10-23T20:56:50.167+0000] {logging_mixin.py:188} INFO - [2025-10-23T20:56:50.166+0000] {dag.py:3954} INFO - Setting next_dagrun for silver_layer_dag to 2025-10-23 19:00:00+00:00, run_after=2025-10-24 19:00:00+00:00
[2025-10-23T20:56:50.181+0000] {processor.py:183} INFO - Processing /opt/airflow/dags/silver_layer_dag.py took 0.246 seconds
[2025-10-23T20:57:20.952+0000] {processor.py:161} INFO - Started process (PID=763) to work on /opt/airflow/dags/silver_layer_dag.py
[2025-10-23T20:57:20.953+0000] {processor.py:830} INFO - Processing file /opt/airflow/dags/silver_layer_dag.py for tasks to queue
[2025-10-23T20:57:20.955+0000] {logging_mixin.py:188} INFO - [2025-10-23T20:57:20.954+0000] {dagbag.py:540} INFO - Filling up the DagBag from /opt/airflow/dags/silver_layer_dag.py
[2025-10-23T20:57:21.146+0000] {processor.py:840} INFO - DAG(s) 'silver_layer_dag' retrieved from /opt/airflow/dags/silver_layer_dag.py
[2025-10-23T20:57:21.164+0000] {logging_mixin.py:188} INFO - [2025-10-23T20:57:21.164+0000] {dag.py:3096} INFO - Sync 1 DAGs
[2025-10-23T20:57:21.183+0000] {logging_mixin.py:188} INFO - [2025-10-23T20:57:21.182+0000] {dag.py:3954} INFO - Setting next_dagrun for silver_layer_dag to 2025-10-23 19:00:00+00:00, run_after=2025-10-24 19:00:00+00:00
[2025-10-23T20:57:21.199+0000] {processor.py:183} INFO - Processing /opt/airflow/dags/silver_layer_dag.py took 0.252 seconds
[2025-10-23T20:57:51.291+0000] {processor.py:161} INFO - Started process (PID=765) to work on /opt/airflow/dags/silver_layer_dag.py
[2025-10-23T20:57:51.292+0000] {processor.py:830} INFO - Processing file /opt/airflow/dags/silver_layer_dag.py for tasks to queue
[2025-10-23T20:57:51.293+0000] {logging_mixin.py:188} INFO - [2025-10-23T20:57:51.293+0000] {dagbag.py:540} INFO - Filling up the DagBag from /opt/airflow/dags/silver_layer_dag.py
[2025-10-23T20:57:51.481+0000] {processor.py:840} INFO - DAG(s) 'silver_layer_dag' retrieved from /opt/airflow/dags/silver_layer_dag.py
[2025-10-23T20:57:51.497+0000] {logging_mixin.py:188} INFO - [2025-10-23T20:57:51.497+0000] {dag.py:3096} INFO - Sync 1 DAGs
[2025-10-23T20:57:51.514+0000] {logging_mixin.py:188} INFO - [2025-10-23T20:57:51.514+0000] {dag.py:3954} INFO - Setting next_dagrun for silver_layer_dag to 2025-10-23 19:00:00+00:00, run_after=2025-10-24 19:00:00+00:00
[2025-10-23T20:57:51.527+0000] {processor.py:183} INFO - Processing /opt/airflow/dags/silver_layer_dag.py took 0.241 seconds
[2025-10-23T20:58:21.685+0000] {processor.py:161} INFO - Started process (PID=767) to work on /opt/airflow/dags/silver_layer_dag.py
[2025-10-23T20:58:21.686+0000] {processor.py:830} INFO - Processing file /opt/airflow/dags/silver_layer_dag.py for tasks to queue
[2025-10-23T20:58:21.688+0000] {logging_mixin.py:188} INFO - [2025-10-23T20:58:21.687+0000] {dagbag.py:540} INFO - Filling up the DagBag from /opt/airflow/dags/silver_layer_dag.py
[2025-10-23T20:58:21.882+0000] {processor.py:840} INFO - DAG(s) 'silver_layer_dag' retrieved from /opt/airflow/dags/silver_layer_dag.py
[2025-10-23T20:58:21.898+0000] {logging_mixin.py:188} INFO - [2025-10-23T20:58:21.898+0000] {dag.py:3096} INFO - Sync 1 DAGs
[2025-10-23T20:58:21.914+0000] {logging_mixin.py:188} INFO - [2025-10-23T20:58:21.914+0000] {dag.py:3954} INFO - Setting next_dagrun for silver_layer_dag to 2025-10-23 19:00:00+00:00, run_after=2025-10-24 19:00:00+00:00
[2025-10-23T20:58:21.928+0000] {processor.py:183} INFO - Processing /opt/airflow/dags/silver_layer_dag.py took 0.247 seconds
[2025-10-23T20:58:52.091+0000] {processor.py:161} INFO - Started process (PID=769) to work on /opt/airflow/dags/silver_layer_dag.py
[2025-10-23T20:58:52.092+0000] {processor.py:830} INFO - Processing file /opt/airflow/dags/silver_layer_dag.py for tasks to queue
[2025-10-23T20:58:52.093+0000] {logging_mixin.py:188} INFO - [2025-10-23T20:58:52.093+0000] {dagbag.py:540} INFO - Filling up the DagBag from /opt/airflow/dags/silver_layer_dag.py
[2025-10-23T20:58:52.277+0000] {processor.py:840} INFO - DAG(s) 'silver_layer_dag' retrieved from /opt/airflow/dags/silver_layer_dag.py
[2025-10-23T20:58:52.293+0000] {logging_mixin.py:188} INFO - [2025-10-23T20:58:52.293+0000] {dag.py:3096} INFO - Sync 1 DAGs
[2025-10-23T20:58:52.309+0000] {logging_mixin.py:188} INFO - [2025-10-23T20:58:52.309+0000] {dag.py:3954} INFO - Setting next_dagrun for silver_layer_dag to 2025-10-23 19:00:00+00:00, run_after=2025-10-24 19:00:00+00:00
[2025-10-23T20:58:52.323+0000] {processor.py:183} INFO - Processing /opt/airflow/dags/silver_layer_dag.py took 0.236 seconds
[2025-10-23T20:59:22.473+0000] {processor.py:161} INFO - Started process (PID=771) to work on /opt/airflow/dags/silver_layer_dag.py
[2025-10-23T20:59:22.474+0000] {processor.py:830} INFO - Processing file /opt/airflow/dags/silver_layer_dag.py for tasks to queue
[2025-10-23T20:59:22.475+0000] {logging_mixin.py:188} INFO - [2025-10-23T20:59:22.475+0000] {dagbag.py:540} INFO - Filling up the DagBag from /opt/airflow/dags/silver_layer_dag.py
[2025-10-23T20:59:22.658+0000] {processor.py:840} INFO - DAG(s) 'silver_layer_dag' retrieved from /opt/airflow/dags/silver_layer_dag.py
[2025-10-23T20:59:22.675+0000] {logging_mixin.py:188} INFO - [2025-10-23T20:59:22.675+0000] {dag.py:3096} INFO - Sync 1 DAGs
[2025-10-23T20:59:22.692+0000] {logging_mixin.py:188} INFO - [2025-10-23T20:59:22.692+0000] {dag.py:3954} INFO - Setting next_dagrun for silver_layer_dag to 2025-10-23 19:00:00+00:00, run_after=2025-10-24 19:00:00+00:00
[2025-10-23T20:59:22.711+0000] {processor.py:183} INFO - Processing /opt/airflow/dags/silver_layer_dag.py took 0.243 seconds
[2025-10-23T20:59:52.847+0000] {processor.py:161} INFO - Started process (PID=773) to work on /opt/airflow/dags/silver_layer_dag.py
[2025-10-23T20:59:52.848+0000] {processor.py:830} INFO - Processing file /opt/airflow/dags/silver_layer_dag.py for tasks to queue
[2025-10-23T20:59:52.849+0000] {logging_mixin.py:188} INFO - [2025-10-23T20:59:52.849+0000] {dagbag.py:540} INFO - Filling up the DagBag from /opt/airflow/dags/silver_layer_dag.py
[2025-10-23T20:59:53.045+0000] {processor.py:840} INFO - DAG(s) 'silver_layer_dag' retrieved from /opt/airflow/dags/silver_layer_dag.py
[2025-10-23T20:59:53.063+0000] {logging_mixin.py:188} INFO - [2025-10-23T20:59:53.063+0000] {dag.py:3096} INFO - Sync 1 DAGs
[2025-10-23T20:59:53.081+0000] {logging_mixin.py:188} INFO - [2025-10-23T20:59:53.081+0000] {dag.py:3954} INFO - Setting next_dagrun for silver_layer_dag to 2025-10-23 19:00:00+00:00, run_after=2025-10-24 19:00:00+00:00
[2025-10-23T20:59:53.096+0000] {processor.py:183} INFO - Processing /opt/airflow/dags/silver_layer_dag.py took 0.254 seconds
[2025-10-23T21:00:23.194+0000] {processor.py:161} INFO - Started process (PID=775) to work on /opt/airflow/dags/silver_layer_dag.py
[2025-10-23T21:00:23.195+0000] {processor.py:830} INFO - Processing file /opt/airflow/dags/silver_layer_dag.py for tasks to queue
[2025-10-23T21:00:23.197+0000] {logging_mixin.py:188} INFO - [2025-10-23T21:00:23.196+0000] {dagbag.py:540} INFO - Filling up the DagBag from /opt/airflow/dags/silver_layer_dag.py
[2025-10-23T21:00:23.380+0000] {processor.py:840} INFO - DAG(s) 'silver_layer_dag' retrieved from /opt/airflow/dags/silver_layer_dag.py
[2025-10-23T21:00:23.397+0000] {logging_mixin.py:188} INFO - [2025-10-23T21:00:23.397+0000] {dag.py:3096} INFO - Sync 1 DAGs
[2025-10-23T21:00:23.413+0000] {logging_mixin.py:188} INFO - [2025-10-23T21:00:23.413+0000] {dag.py:3954} INFO - Setting next_dagrun for silver_layer_dag to 2025-10-23 19:00:00+00:00, run_after=2025-10-24 19:00:00+00:00
[2025-10-23T21:00:23.427+0000] {processor.py:183} INFO - Processing /opt/airflow/dags/silver_layer_dag.py took 0.237 seconds
[2025-10-23T21:00:53.554+0000] {processor.py:161} INFO - Started process (PID=777) to work on /opt/airflow/dags/silver_layer_dag.py
[2025-10-23T21:00:53.554+0000] {processor.py:830} INFO - Processing file /opt/airflow/dags/silver_layer_dag.py for tasks to queue
[2025-10-23T21:00:53.556+0000] {logging_mixin.py:188} INFO - [2025-10-23T21:00:53.556+0000] {dagbag.py:540} INFO - Filling up the DagBag from /opt/airflow/dags/silver_layer_dag.py
[2025-10-23T21:00:53.743+0000] {processor.py:840} INFO - DAG(s) 'silver_layer_dag' retrieved from /opt/airflow/dags/silver_layer_dag.py
[2025-10-23T21:00:53.760+0000] {logging_mixin.py:188} INFO - [2025-10-23T21:00:53.760+0000] {dag.py:3096} INFO - Sync 1 DAGs
[2025-10-23T21:00:53.777+0000] {logging_mixin.py:188} INFO - [2025-10-23T21:00:53.777+0000] {dag.py:3954} INFO - Setting next_dagrun for silver_layer_dag to 2025-10-23 19:00:00+00:00, run_after=2025-10-24 19:00:00+00:00
[2025-10-23T21:00:53.791+0000] {processor.py:183} INFO - Processing /opt/airflow/dags/silver_layer_dag.py took 0.242 seconds
[2025-10-23T21:01:23.963+0000] {processor.py:161} INFO - Started process (PID=779) to work on /opt/airflow/dags/silver_layer_dag.py
[2025-10-23T21:01:23.964+0000] {processor.py:830} INFO - Processing file /opt/airflow/dags/silver_layer_dag.py for tasks to queue
[2025-10-23T21:01:23.967+0000] {logging_mixin.py:188} INFO - [2025-10-23T21:01:23.966+0000] {dagbag.py:540} INFO - Filling up the DagBag from /opt/airflow/dags/silver_layer_dag.py
[2025-10-23T21:01:24.166+0000] {processor.py:840} INFO - DAG(s) 'silver_layer_dag' retrieved from /opt/airflow/dags/silver_layer_dag.py
[2025-10-23T21:01:24.184+0000] {logging_mixin.py:188} INFO - [2025-10-23T21:01:24.183+0000] {dag.py:3096} INFO - Sync 1 DAGs
[2025-10-23T21:01:24.201+0000] {logging_mixin.py:188} INFO - [2025-10-23T21:01:24.201+0000] {dag.py:3954} INFO - Setting next_dagrun for silver_layer_dag to 2025-10-23 19:00:00+00:00, run_after=2025-10-24 19:00:00+00:00
[2025-10-23T21:01:24.215+0000] {processor.py:183} INFO - Processing /opt/airflow/dags/silver_layer_dag.py took 0.257 seconds
[2025-10-23T21:01:54.394+0000] {processor.py:161} INFO - Started process (PID=781) to work on /opt/airflow/dags/silver_layer_dag.py
[2025-10-23T21:01:54.394+0000] {processor.py:830} INFO - Processing file /opt/airflow/dags/silver_layer_dag.py for tasks to queue
[2025-10-23T21:01:54.396+0000] {logging_mixin.py:188} INFO - [2025-10-23T21:01:54.396+0000] {dagbag.py:540} INFO - Filling up the DagBag from /opt/airflow/dags/silver_layer_dag.py
[2025-10-23T21:01:54.586+0000] {processor.py:840} INFO - DAG(s) 'silver_layer_dag' retrieved from /opt/airflow/dags/silver_layer_dag.py
[2025-10-23T21:01:54.603+0000] {logging_mixin.py:188} INFO - [2025-10-23T21:01:54.603+0000] {dag.py:3096} INFO - Sync 1 DAGs
[2025-10-23T21:01:54.620+0000] {logging_mixin.py:188} INFO - [2025-10-23T21:01:54.619+0000] {dag.py:3954} INFO - Setting next_dagrun for silver_layer_dag to 2025-10-23 19:00:00+00:00, run_after=2025-10-24 19:00:00+00:00
[2025-10-23T21:01:54.634+0000] {processor.py:183} INFO - Processing /opt/airflow/dags/silver_layer_dag.py took 0.245 seconds
[2025-10-23T21:02:24.728+0000] {processor.py:161} INFO - Started process (PID=783) to work on /opt/airflow/dags/silver_layer_dag.py
[2025-10-23T21:02:24.729+0000] {processor.py:830} INFO - Processing file /opt/airflow/dags/silver_layer_dag.py for tasks to queue
[2025-10-23T21:02:24.730+0000] {logging_mixin.py:188} INFO - [2025-10-23T21:02:24.730+0000] {dagbag.py:540} INFO - Filling up the DagBag from /opt/airflow/dags/silver_layer_dag.py
[2025-10-23T21:02:24.918+0000] {processor.py:840} INFO - DAG(s) 'silver_layer_dag' retrieved from /opt/airflow/dags/silver_layer_dag.py
[2025-10-23T21:02:24.934+0000] {logging_mixin.py:188} INFO - [2025-10-23T21:02:24.934+0000] {dag.py:3096} INFO - Sync 1 DAGs
[2025-10-23T21:02:24.951+0000] {logging_mixin.py:188} INFO - [2025-10-23T21:02:24.951+0000] {dag.py:3954} INFO - Setting next_dagrun for silver_layer_dag to 2025-10-23 19:00:00+00:00, run_after=2025-10-24 19:00:00+00:00
[2025-10-23T21:02:24.964+0000] {processor.py:183} INFO - Processing /opt/airflow/dags/silver_layer_dag.py took 0.241 seconds
[2025-10-23T21:02:55.098+0000] {processor.py:161} INFO - Started process (PID=785) to work on /opt/airflow/dags/silver_layer_dag.py
[2025-10-23T21:02:55.100+0000] {processor.py:830} INFO - Processing file /opt/airflow/dags/silver_layer_dag.py for tasks to queue
[2025-10-23T21:02:55.103+0000] {logging_mixin.py:188} INFO - [2025-10-23T21:02:55.102+0000] {dagbag.py:540} INFO - Filling up the DagBag from /opt/airflow/dags/silver_layer_dag.py
[2025-10-23T21:02:55.337+0000] {processor.py:840} INFO - DAG(s) 'silver_layer_dag' retrieved from /opt/airflow/dags/silver_layer_dag.py
[2025-10-23T21:02:55.359+0000] {logging_mixin.py:188} INFO - [2025-10-23T21:02:55.359+0000] {dag.py:3096} INFO - Sync 1 DAGs
[2025-10-23T21:02:55.380+0000] {logging_mixin.py:188} INFO - [2025-10-23T21:02:55.379+0000] {dag.py:3954} INFO - Setting next_dagrun for silver_layer_dag to 2025-10-23 19:00:00+00:00, run_after=2025-10-24 19:00:00+00:00
[2025-10-23T21:02:55.397+0000] {processor.py:183} INFO - Processing /opt/airflow/dags/silver_layer_dag.py took 0.306 seconds
[2025-10-23T21:03:25.502+0000] {processor.py:161} INFO - Started process (PID=787) to work on /opt/airflow/dags/silver_layer_dag.py
[2025-10-23T21:03:25.504+0000] {processor.py:830} INFO - Processing file /opt/airflow/dags/silver_layer_dag.py for tasks to queue
[2025-10-23T21:03:25.507+0000] {logging_mixin.py:188} INFO - [2025-10-23T21:03:25.506+0000] {dagbag.py:540} INFO - Filling up the DagBag from /opt/airflow/dags/silver_layer_dag.py
[2025-10-23T21:03:25.786+0000] {processor.py:840} INFO - DAG(s) 'silver_layer_dag' retrieved from /opt/airflow/dags/silver_layer_dag.py
[2025-10-23T21:03:25.808+0000] {logging_mixin.py:188} INFO - [2025-10-23T21:03:25.808+0000] {dag.py:3096} INFO - Sync 1 DAGs
[2025-10-23T21:03:25.828+0000] {logging_mixin.py:188} INFO - [2025-10-23T21:03:25.828+0000] {dag.py:3954} INFO - Setting next_dagrun for silver_layer_dag to 2025-10-23 19:00:00+00:00, run_after=2025-10-24 19:00:00+00:00
[2025-10-23T21:03:25.847+0000] {processor.py:183} INFO - Processing /opt/airflow/dags/silver_layer_dag.py took 0.353 seconds
[2025-10-23T21:03:55.925+0000] {processor.py:161} INFO - Started process (PID=789) to work on /opt/airflow/dags/silver_layer_dag.py
[2025-10-23T21:03:55.927+0000] {processor.py:830} INFO - Processing file /opt/airflow/dags/silver_layer_dag.py for tasks to queue
[2025-10-23T21:03:55.929+0000] {logging_mixin.py:188} INFO - [2025-10-23T21:03:55.928+0000] {dagbag.py:540} INFO - Filling up the DagBag from /opt/airflow/dags/silver_layer_dag.py
[2025-10-23T21:03:56.190+0000] {processor.py:840} INFO - DAG(s) 'silver_layer_dag' retrieved from /opt/airflow/dags/silver_layer_dag.py
[2025-10-23T21:03:56.211+0000] {logging_mixin.py:188} INFO - [2025-10-23T21:03:56.211+0000] {dag.py:3096} INFO - Sync 1 DAGs
[2025-10-23T21:03:56.234+0000] {logging_mixin.py:188} INFO - [2025-10-23T21:03:56.234+0000] {dag.py:3954} INFO - Setting next_dagrun for silver_layer_dag to 2025-10-23 19:00:00+00:00, run_after=2025-10-24 19:00:00+00:00
[2025-10-23T21:03:56.256+0000] {processor.py:183} INFO - Processing /opt/airflow/dags/silver_layer_dag.py took 0.337 seconds
[2025-10-23T21:04:26.354+0000] {processor.py:161} INFO - Started process (PID=791) to work on /opt/airflow/dags/silver_layer_dag.py
[2025-10-23T21:04:26.355+0000] {processor.py:830} INFO - Processing file /opt/airflow/dags/silver_layer_dag.py for tasks to queue
[2025-10-23T21:04:26.356+0000] {logging_mixin.py:188} INFO - [2025-10-23T21:04:26.356+0000] {dagbag.py:540} INFO - Filling up the DagBag from /opt/airflow/dags/silver_layer_dag.py
[2025-10-23T21:04:26.547+0000] {processor.py:840} INFO - DAG(s) 'silver_layer_dag' retrieved from /opt/airflow/dags/silver_layer_dag.py
[2025-10-23T21:04:26.564+0000] {logging_mixin.py:188} INFO - [2025-10-23T21:04:26.564+0000] {dag.py:3096} INFO - Sync 1 DAGs
[2025-10-23T21:04:26.580+0000] {logging_mixin.py:188} INFO - [2025-10-23T21:04:26.580+0000] {dag.py:3954} INFO - Setting next_dagrun for silver_layer_dag to 2025-10-23 19:00:00+00:00, run_after=2025-10-24 19:00:00+00:00
[2025-10-23T21:04:26.595+0000] {processor.py:183} INFO - Processing /opt/airflow/dags/silver_layer_dag.py took 0.245 seconds
[2025-10-23T21:04:56.747+0000] {processor.py:161} INFO - Started process (PID=793) to work on /opt/airflow/dags/silver_layer_dag.py
[2025-10-23T21:04:56.748+0000] {processor.py:830} INFO - Processing file /opt/airflow/dags/silver_layer_dag.py for tasks to queue
[2025-10-23T21:04:56.749+0000] {logging_mixin.py:188} INFO - [2025-10-23T21:04:56.749+0000] {dagbag.py:540} INFO - Filling up the DagBag from /opt/airflow/dags/silver_layer_dag.py
[2025-10-23T21:04:56.998+0000] {processor.py:840} INFO - DAG(s) 'silver_layer_dag' retrieved from /opt/airflow/dags/silver_layer_dag.py
[2025-10-23T21:04:57.016+0000] {logging_mixin.py:188} INFO - [2025-10-23T21:04:57.015+0000] {dag.py:3096} INFO - Sync 1 DAGs
[2025-10-23T21:04:57.034+0000] {logging_mixin.py:188} INFO - [2025-10-23T21:04:57.034+0000] {dag.py:3954} INFO - Setting next_dagrun for silver_layer_dag to 2025-10-23 19:00:00+00:00, run_after=2025-10-24 19:00:00+00:00
[2025-10-23T21:04:57.048+0000] {processor.py:183} INFO - Processing /opt/airflow/dags/silver_layer_dag.py took 0.306 seconds
[2025-10-23T21:05:27.134+0000] {processor.py:161} INFO - Started process (PID=795) to work on /opt/airflow/dags/silver_layer_dag.py
[2025-10-23T21:05:27.135+0000] {processor.py:830} INFO - Processing file /opt/airflow/dags/silver_layer_dag.py for tasks to queue
[2025-10-23T21:05:27.137+0000] {logging_mixin.py:188} INFO - [2025-10-23T21:05:27.137+0000] {dagbag.py:540} INFO - Filling up the DagBag from /opt/airflow/dags/silver_layer_dag.py
[2025-10-23T21:05:27.321+0000] {processor.py:840} INFO - DAG(s) 'silver_layer_dag' retrieved from /opt/airflow/dags/silver_layer_dag.py
[2025-10-23T21:05:27.337+0000] {logging_mixin.py:188} INFO - [2025-10-23T21:05:27.337+0000] {dag.py:3096} INFO - Sync 1 DAGs
[2025-10-23T21:05:27.354+0000] {logging_mixin.py:188} INFO - [2025-10-23T21:05:27.354+0000] {dag.py:3954} INFO - Setting next_dagrun for silver_layer_dag to 2025-10-23 19:00:00+00:00, run_after=2025-10-24 19:00:00+00:00
[2025-10-23T21:05:27.367+0000] {processor.py:183} INFO - Processing /opt/airflow/dags/silver_layer_dag.py took 0.237 seconds
[2025-10-23T21:05:58.084+0000] {processor.py:161} INFO - Started process (PID=797) to work on /opt/airflow/dags/silver_layer_dag.py
[2025-10-23T21:05:58.085+0000] {processor.py:830} INFO - Processing file /opt/airflow/dags/silver_layer_dag.py for tasks to queue
[2025-10-23T21:05:58.087+0000] {logging_mixin.py:188} INFO - [2025-10-23T21:05:58.087+0000] {dagbag.py:540} INFO - Filling up the DagBag from /opt/airflow/dags/silver_layer_dag.py
[2025-10-23T21:05:58.280+0000] {processor.py:840} INFO - DAG(s) 'silver_layer_dag' retrieved from /opt/airflow/dags/silver_layer_dag.py
[2025-10-23T21:05:58.298+0000] {logging_mixin.py:188} INFO - [2025-10-23T21:05:58.298+0000] {dag.py:3096} INFO - Sync 1 DAGs
[2025-10-23T21:05:58.315+0000] {logging_mixin.py:188} INFO - [2025-10-23T21:05:58.315+0000] {dag.py:3954} INFO - Setting next_dagrun for silver_layer_dag to 2025-10-23 19:00:00+00:00, run_after=2025-10-24 19:00:00+00:00
[2025-10-23T21:05:58.329+0000] {processor.py:183} INFO - Processing /opt/airflow/dags/silver_layer_dag.py took 0.250 seconds
[2025-10-23T21:06:29.205+0000] {processor.py:161} INFO - Started process (PID=799) to work on /opt/airflow/dags/silver_layer_dag.py
[2025-10-23T21:06:29.206+0000] {processor.py:830} INFO - Processing file /opt/airflow/dags/silver_layer_dag.py for tasks to queue
[2025-10-23T21:06:29.208+0000] {logging_mixin.py:188} INFO - [2025-10-23T21:06:29.207+0000] {dagbag.py:540} INFO - Filling up the DagBag from /opt/airflow/dags/silver_layer_dag.py
[2025-10-23T21:06:29.394+0000] {processor.py:840} INFO - DAG(s) 'silver_layer_dag' retrieved from /opt/airflow/dags/silver_layer_dag.py
[2025-10-23T21:06:29.409+0000] {logging_mixin.py:188} INFO - [2025-10-23T21:06:29.409+0000] {dag.py:3096} INFO - Sync 1 DAGs
[2025-10-23T21:06:29.425+0000] {logging_mixin.py:188} INFO - [2025-10-23T21:06:29.425+0000] {dag.py:3954} INFO - Setting next_dagrun for silver_layer_dag to 2025-10-23 19:00:00+00:00, run_after=2025-10-24 19:00:00+00:00
[2025-10-23T21:06:29.438+0000] {processor.py:183} INFO - Processing /opt/airflow/dags/silver_layer_dag.py took 0.237 seconds
[2025-10-23T21:06:59.721+0000] {processor.py:161} INFO - Started process (PID=801) to work on /opt/airflow/dags/silver_layer_dag.py
[2025-10-23T21:06:59.722+0000] {processor.py:830} INFO - Processing file /opt/airflow/dags/silver_layer_dag.py for tasks to queue
[2025-10-23T21:06:59.723+0000] {logging_mixin.py:188} INFO - [2025-10-23T21:06:59.723+0000] {dagbag.py:540} INFO - Filling up the DagBag from /opt/airflow/dags/silver_layer_dag.py
[2025-10-23T21:06:59.910+0000] {processor.py:840} INFO - DAG(s) 'silver_layer_dag' retrieved from /opt/airflow/dags/silver_layer_dag.py
[2025-10-23T21:06:59.928+0000] {logging_mixin.py:188} INFO - [2025-10-23T21:06:59.928+0000] {dag.py:3096} INFO - Sync 1 DAGs
[2025-10-23T21:06:59.945+0000] {logging_mixin.py:188} INFO - [2025-10-23T21:06:59.945+0000] {dag.py:3954} INFO - Setting next_dagrun for silver_layer_dag to 2025-10-23 19:00:00+00:00, run_after=2025-10-24 19:00:00+00:00
[2025-10-23T21:06:59.960+0000] {processor.py:183} INFO - Processing /opt/airflow/dags/silver_layer_dag.py took 0.244 seconds
[2025-10-23T21:07:29.998+0000] {processor.py:161} INFO - Started process (PID=803) to work on /opt/airflow/dags/silver_layer_dag.py
[2025-10-23T21:07:29.999+0000] {processor.py:830} INFO - Processing file /opt/airflow/dags/silver_layer_dag.py for tasks to queue
[2025-10-23T21:07:30.001+0000] {logging_mixin.py:188} INFO - [2025-10-23T21:07:30.000+0000] {dagbag.py:540} INFO - Filling up the DagBag from /opt/airflow/dags/silver_layer_dag.py
[2025-10-23T21:07:30.183+0000] {processor.py:840} INFO - DAG(s) 'silver_layer_dag' retrieved from /opt/airflow/dags/silver_layer_dag.py
[2025-10-23T21:07:30.200+0000] {logging_mixin.py:188} INFO - [2025-10-23T21:07:30.199+0000] {dag.py:3096} INFO - Sync 1 DAGs
[2025-10-23T21:07:30.216+0000] {logging_mixin.py:188} INFO - [2025-10-23T21:07:30.216+0000] {dag.py:3954} INFO - Setting next_dagrun for silver_layer_dag to 2025-10-23 19:00:00+00:00, run_after=2025-10-24 19:00:00+00:00
[2025-10-23T21:07:30.230+0000] {processor.py:183} INFO - Processing /opt/airflow/dags/silver_layer_dag.py took 0.236 seconds
[2025-10-23T21:08:00.955+0000] {processor.py:161} INFO - Started process (PID=805) to work on /opt/airflow/dags/silver_layer_dag.py
[2025-10-23T21:08:00.956+0000] {processor.py:830} INFO - Processing file /opt/airflow/dags/silver_layer_dag.py for tasks to queue
[2025-10-23T21:08:00.958+0000] {logging_mixin.py:188} INFO - [2025-10-23T21:08:00.957+0000] {dagbag.py:540} INFO - Filling up the DagBag from /opt/airflow/dags/silver_layer_dag.py
[2025-10-23T21:08:01.150+0000] {processor.py:840} INFO - DAG(s) 'silver_layer_dag' retrieved from /opt/airflow/dags/silver_layer_dag.py
[2025-10-23T21:08:01.168+0000] {logging_mixin.py:188} INFO - [2025-10-23T21:08:01.168+0000] {dag.py:3096} INFO - Sync 1 DAGs
[2025-10-23T21:08:01.186+0000] {logging_mixin.py:188} INFO - [2025-10-23T21:08:01.186+0000] {dag.py:3954} INFO - Setting next_dagrun for silver_layer_dag to 2025-10-23 19:00:00+00:00, run_after=2025-10-24 19:00:00+00:00
[2025-10-23T21:08:01.200+0000] {processor.py:183} INFO - Processing /opt/airflow/dags/silver_layer_dag.py took 0.249 seconds
[2025-10-23T21:08:32.071+0000] {processor.py:161} INFO - Started process (PID=807) to work on /opt/airflow/dags/silver_layer_dag.py
[2025-10-23T21:08:32.072+0000] {processor.py:830} INFO - Processing file /opt/airflow/dags/silver_layer_dag.py for tasks to queue
[2025-10-23T21:08:32.073+0000] {logging_mixin.py:188} INFO - [2025-10-23T21:08:32.073+0000] {dagbag.py:540} INFO - Filling up the DagBag from /opt/airflow/dags/silver_layer_dag.py
[2025-10-23T21:08:32.273+0000] {processor.py:840} INFO - DAG(s) 'silver_layer_dag' retrieved from /opt/airflow/dags/silver_layer_dag.py
[2025-10-23T21:08:32.291+0000] {logging_mixin.py:188} INFO - [2025-10-23T21:08:32.291+0000] {dag.py:3096} INFO - Sync 1 DAGs
[2025-10-23T21:08:32.307+0000] {logging_mixin.py:188} INFO - [2025-10-23T21:08:32.307+0000] {dag.py:3954} INFO - Setting next_dagrun for silver_layer_dag to 2025-10-23 19:00:00+00:00, run_after=2025-10-24 19:00:00+00:00
[2025-10-23T21:08:32.321+0000] {processor.py:183} INFO - Processing /opt/airflow/dags/silver_layer_dag.py took 0.254 seconds
[2025-10-23T21:09:02.401+0000] {processor.py:161} INFO - Started process (PID=809) to work on /opt/airflow/dags/silver_layer_dag.py
[2025-10-23T21:09:02.402+0000] {processor.py:830} INFO - Processing file /opt/airflow/dags/silver_layer_dag.py for tasks to queue
[2025-10-23T21:09:02.403+0000] {logging_mixin.py:188} INFO - [2025-10-23T21:09:02.403+0000] {dagbag.py:540} INFO - Filling up the DagBag from /opt/airflow/dags/silver_layer_dag.py
[2025-10-23T21:09:02.585+0000] {processor.py:840} INFO - DAG(s) 'silver_layer_dag' retrieved from /opt/airflow/dags/silver_layer_dag.py
[2025-10-23T21:09:02.601+0000] {logging_mixin.py:188} INFO - [2025-10-23T21:09:02.601+0000] {dag.py:3096} INFO - Sync 1 DAGs
[2025-10-23T21:09:02.617+0000] {logging_mixin.py:188} INFO - [2025-10-23T21:09:02.617+0000] {dag.py:3954} INFO - Setting next_dagrun for silver_layer_dag to 2025-10-23 19:00:00+00:00, run_after=2025-10-24 19:00:00+00:00
[2025-10-23T21:09:02.631+0000] {processor.py:183} INFO - Processing /opt/airflow/dags/silver_layer_dag.py took 0.235 seconds
[2025-10-23T21:09:32.717+0000] {processor.py:161} INFO - Started process (PID=811) to work on /opt/airflow/dags/silver_layer_dag.py
[2025-10-23T21:09:32.718+0000] {processor.py:830} INFO - Processing file /opt/airflow/dags/silver_layer_dag.py for tasks to queue
[2025-10-23T21:09:32.720+0000] {logging_mixin.py:188} INFO - [2025-10-23T21:09:32.719+0000] {dagbag.py:540} INFO - Filling up the DagBag from /opt/airflow/dags/silver_layer_dag.py
[2025-10-23T21:09:32.908+0000] {processor.py:840} INFO - DAG(s) 'silver_layer_dag' retrieved from /opt/airflow/dags/silver_layer_dag.py
[2025-10-23T21:09:32.925+0000] {logging_mixin.py:188} INFO - [2025-10-23T21:09:32.925+0000] {dag.py:3096} INFO - Sync 1 DAGs
[2025-10-23T21:09:32.942+0000] {logging_mixin.py:188} INFO - [2025-10-23T21:09:32.942+0000] {dag.py:3954} INFO - Setting next_dagrun for silver_layer_dag to 2025-10-23 19:00:00+00:00, run_after=2025-10-24 19:00:00+00:00
[2025-10-23T21:09:32.956+0000] {processor.py:183} INFO - Processing /opt/airflow/dags/silver_layer_dag.py took 0.243 seconds
[2025-10-23T21:10:03.815+0000] {processor.py:161} INFO - Started process (PID=813) to work on /opt/airflow/dags/silver_layer_dag.py
[2025-10-23T21:10:03.815+0000] {processor.py:830} INFO - Processing file /opt/airflow/dags/silver_layer_dag.py for tasks to queue
[2025-10-23T21:10:03.817+0000] {logging_mixin.py:188} INFO - [2025-10-23T21:10:03.817+0000] {dagbag.py:540} INFO - Filling up the DagBag from /opt/airflow/dags/silver_layer_dag.py
[2025-10-23T21:10:04.002+0000] {processor.py:840} INFO - DAG(s) 'silver_layer_dag' retrieved from /opt/airflow/dags/silver_layer_dag.py
[2025-10-23T21:10:04.019+0000] {logging_mixin.py:188} INFO - [2025-10-23T21:10:04.018+0000] {dag.py:3096} INFO - Sync 1 DAGs
[2025-10-23T21:10:04.036+0000] {logging_mixin.py:188} INFO - [2025-10-23T21:10:04.036+0000] {dag.py:3954} INFO - Setting next_dagrun for silver_layer_dag to 2025-10-23 19:00:00+00:00, run_after=2025-10-24 19:00:00+00:00
[2025-10-23T21:10:04.049+0000] {processor.py:183} INFO - Processing /opt/airflow/dags/silver_layer_dag.py took 0.239 seconds
[2025-10-23T21:10:34.149+0000] {processor.py:161} INFO - Started process (PID=815) to work on /opt/airflow/dags/silver_layer_dag.py
[2025-10-23T21:10:34.150+0000] {processor.py:830} INFO - Processing file /opt/airflow/dags/silver_layer_dag.py for tasks to queue
[2025-10-23T21:10:34.152+0000] {logging_mixin.py:188} INFO - [2025-10-23T21:10:34.152+0000] {dagbag.py:540} INFO - Filling up the DagBag from /opt/airflow/dags/silver_layer_dag.py
[2025-10-23T21:10:34.335+0000] {processor.py:840} INFO - DAG(s) 'silver_layer_dag' retrieved from /opt/airflow/dags/silver_layer_dag.py
[2025-10-23T21:10:34.354+0000] {logging_mixin.py:188} INFO - [2025-10-23T21:10:34.354+0000] {dag.py:3096} INFO - Sync 1 DAGs
[2025-10-23T21:10:34.371+0000] {logging_mixin.py:188} INFO - [2025-10-23T21:10:34.371+0000] {dag.py:3954} INFO - Setting next_dagrun for silver_layer_dag to 2025-10-23 19:00:00+00:00, run_after=2025-10-24 19:00:00+00:00
[2025-10-23T21:10:34.385+0000] {processor.py:183} INFO - Processing /opt/airflow/dags/silver_layer_dag.py took 0.240 seconds
[2025-10-23T21:11:04.508+0000] {processor.py:161} INFO - Started process (PID=817) to work on /opt/airflow/dags/silver_layer_dag.py
[2025-10-23T21:11:04.509+0000] {processor.py:830} INFO - Processing file /opt/airflow/dags/silver_layer_dag.py for tasks to queue
[2025-10-23T21:11:04.511+0000] {logging_mixin.py:188} INFO - [2025-10-23T21:11:04.510+0000] {dagbag.py:540} INFO - Filling up the DagBag from /opt/airflow/dags/silver_layer_dag.py
[2025-10-23T21:11:04.697+0000] {processor.py:840} INFO - DAG(s) 'silver_layer_dag' retrieved from /opt/airflow/dags/silver_layer_dag.py
[2025-10-23T21:11:04.713+0000] {logging_mixin.py:188} INFO - [2025-10-23T21:11:04.713+0000] {dag.py:3096} INFO - Sync 1 DAGs
[2025-10-23T21:11:04.729+0000] {logging_mixin.py:188} INFO - [2025-10-23T21:11:04.729+0000] {dag.py:3954} INFO - Setting next_dagrun for silver_layer_dag to 2025-10-23 19:00:00+00:00, run_after=2025-10-24 19:00:00+00:00
[2025-10-23T21:11:04.742+0000] {processor.py:183} INFO - Processing /opt/airflow/dags/silver_layer_dag.py took 0.239 seconds
[2025-10-23T21:11:34.874+0000] {processor.py:161} INFO - Started process (PID=819) to work on /opt/airflow/dags/silver_layer_dag.py
[2025-10-23T21:11:34.875+0000] {processor.py:830} INFO - Processing file /opt/airflow/dags/silver_layer_dag.py for tasks to queue
[2025-10-23T21:11:34.877+0000] {logging_mixin.py:188} INFO - [2025-10-23T21:11:34.877+0000] {dagbag.py:540} INFO - Filling up the DagBag from /opt/airflow/dags/silver_layer_dag.py
[2025-10-23T21:11:35.064+0000] {processor.py:840} INFO - DAG(s) 'silver_layer_dag' retrieved from /opt/airflow/dags/silver_layer_dag.py
[2025-10-23T21:11:35.080+0000] {logging_mixin.py:188} INFO - [2025-10-23T21:11:35.080+0000] {dag.py:3096} INFO - Sync 1 DAGs
[2025-10-23T21:11:35.097+0000] {logging_mixin.py:188} INFO - [2025-10-23T21:11:35.097+0000] {dag.py:3954} INFO - Setting next_dagrun for silver_layer_dag to 2025-10-23 19:00:00+00:00, run_after=2025-10-24 19:00:00+00:00
[2025-10-23T21:11:35.110+0000] {processor.py:183} INFO - Processing /opt/airflow/dags/silver_layer_dag.py took 0.240 seconds
[2025-10-23T21:12:05.402+0000] {processor.py:161} INFO - Started process (PID=821) to work on /opt/airflow/dags/silver_layer_dag.py
[2025-10-23T21:12:05.403+0000] {processor.py:830} INFO - Processing file /opt/airflow/dags/silver_layer_dag.py for tasks to queue
[2025-10-23T21:12:05.405+0000] {logging_mixin.py:188} INFO - [2025-10-23T21:12:05.405+0000] {dagbag.py:540} INFO - Filling up the DagBag from /opt/airflow/dags/silver_layer_dag.py
[2025-10-23T21:12:05.590+0000] {processor.py:840} INFO - DAG(s) 'silver_layer_dag' retrieved from /opt/airflow/dags/silver_layer_dag.py
[2025-10-23T21:12:05.608+0000] {logging_mixin.py:188} INFO - [2025-10-23T21:12:05.608+0000] {dag.py:3096} INFO - Sync 1 DAGs
[2025-10-23T21:12:05.626+0000] {logging_mixin.py:188} INFO - [2025-10-23T21:12:05.626+0000] {dag.py:3954} INFO - Setting next_dagrun for silver_layer_dag to 2025-10-23 19:00:00+00:00, run_after=2025-10-24 19:00:00+00:00
[2025-10-23T21:12:05.640+0000] {processor.py:183} INFO - Processing /opt/airflow/dags/silver_layer_dag.py took 0.243 seconds
[2025-10-23T21:12:35.748+0000] {processor.py:161} INFO - Started process (PID=823) to work on /opt/airflow/dags/silver_layer_dag.py
[2025-10-23T21:12:35.749+0000] {processor.py:830} INFO - Processing file /opt/airflow/dags/silver_layer_dag.py for tasks to queue
[2025-10-23T21:12:35.751+0000] {logging_mixin.py:188} INFO - [2025-10-23T21:12:35.750+0000] {dagbag.py:540} INFO - Filling up the DagBag from /opt/airflow/dags/silver_layer_dag.py
[2025-10-23T21:12:35.930+0000] {processor.py:840} INFO - DAG(s) 'silver_layer_dag' retrieved from /opt/airflow/dags/silver_layer_dag.py
[2025-10-23T21:12:35.948+0000] {logging_mixin.py:188} INFO - [2025-10-23T21:12:35.948+0000] {dag.py:3096} INFO - Sync 1 DAGs
[2025-10-23T21:12:35.965+0000] {logging_mixin.py:188} INFO - [2025-10-23T21:12:35.965+0000] {dag.py:3954} INFO - Setting next_dagrun for silver_layer_dag to 2025-10-23 19:00:00+00:00, run_after=2025-10-24 19:00:00+00:00
[2025-10-23T21:12:35.979+0000] {processor.py:183} INFO - Processing /opt/airflow/dags/silver_layer_dag.py took 0.235 seconds
[2025-10-23T21:13:06.255+0000] {processor.py:161} INFO - Started process (PID=825) to work on /opt/airflow/dags/silver_layer_dag.py
[2025-10-23T21:13:06.256+0000] {processor.py:830} INFO - Processing file /opt/airflow/dags/silver_layer_dag.py for tasks to queue
[2025-10-23T21:13:06.257+0000] {logging_mixin.py:188} INFO - [2025-10-23T21:13:06.257+0000] {dagbag.py:540} INFO - Filling up the DagBag from /opt/airflow/dags/silver_layer_dag.py
[2025-10-23T21:13:06.443+0000] {processor.py:840} INFO - DAG(s) 'silver_layer_dag' retrieved from /opt/airflow/dags/silver_layer_dag.py
[2025-10-23T21:13:06.460+0000] {logging_mixin.py:188} INFO - [2025-10-23T21:13:06.460+0000] {dag.py:3096} INFO - Sync 1 DAGs
[2025-10-23T21:13:06.476+0000] {logging_mixin.py:188} INFO - [2025-10-23T21:13:06.476+0000] {dag.py:3954} INFO - Setting next_dagrun for silver_layer_dag to 2025-10-23 19:00:00+00:00, run_after=2025-10-24 19:00:00+00:00
[2025-10-23T21:13:06.490+0000] {processor.py:183} INFO - Processing /opt/airflow/dags/silver_layer_dag.py took 0.240 seconds
[2025-10-23T21:13:36.565+0000] {processor.py:161} INFO - Started process (PID=827) to work on /opt/airflow/dags/silver_layer_dag.py
[2025-10-23T21:13:36.565+0000] {processor.py:830} INFO - Processing file /opt/airflow/dags/silver_layer_dag.py for tasks to queue
[2025-10-23T21:13:36.567+0000] {logging_mixin.py:188} INFO - [2025-10-23T21:13:36.567+0000] {dagbag.py:540} INFO - Filling up the DagBag from /opt/airflow/dags/silver_layer_dag.py
[2025-10-23T21:13:36.755+0000] {processor.py:840} INFO - DAG(s) 'silver_layer_dag' retrieved from /opt/airflow/dags/silver_layer_dag.py
[2025-10-23T21:13:36.774+0000] {logging_mixin.py:188} INFO - [2025-10-23T21:13:36.774+0000] {dag.py:3096} INFO - Sync 1 DAGs
[2025-10-23T21:13:36.791+0000] {logging_mixin.py:188} INFO - [2025-10-23T21:13:36.791+0000] {dag.py:3954} INFO - Setting next_dagrun for silver_layer_dag to 2025-10-23 19:00:00+00:00, run_after=2025-10-24 19:00:00+00:00
[2025-10-23T21:13:36.805+0000] {processor.py:183} INFO - Processing /opt/airflow/dags/silver_layer_dag.py took 0.245 seconds
[2025-10-23T21:14:06.927+0000] {processor.py:161} INFO - Started process (PID=829) to work on /opt/airflow/dags/silver_layer_dag.py
[2025-10-23T21:14:06.928+0000] {processor.py:830} INFO - Processing file /opt/airflow/dags/silver_layer_dag.py for tasks to queue
[2025-10-23T21:14:06.929+0000] {logging_mixin.py:188} INFO - [2025-10-23T21:14:06.929+0000] {dagbag.py:540} INFO - Filling up the DagBag from /opt/airflow/dags/silver_layer_dag.py
[2025-10-23T21:14:07.176+0000] {processor.py:840} INFO - DAG(s) 'silver_layer_dag' retrieved from /opt/airflow/dags/silver_layer_dag.py
[2025-10-23T21:14:07.197+0000] {logging_mixin.py:188} INFO - [2025-10-23T21:14:07.197+0000] {dag.py:3096} INFO - Sync 1 DAGs
[2025-10-23T21:14:07.215+0000] {logging_mixin.py:188} INFO - [2025-10-23T21:14:07.214+0000] {dag.py:3954} INFO - Setting next_dagrun for silver_layer_dag to 2025-10-23 19:00:00+00:00, run_after=2025-10-24 19:00:00+00:00
[2025-10-23T21:14:07.229+0000] {processor.py:183} INFO - Processing /opt/airflow/dags/silver_layer_dag.py took 0.308 seconds
[2025-10-23T21:14:37.290+0000] {processor.py:161} INFO - Started process (PID=831) to work on /opt/airflow/dags/silver_layer_dag.py
[2025-10-23T21:14:37.291+0000] {processor.py:830} INFO - Processing file /opt/airflow/dags/silver_layer_dag.py for tasks to queue
[2025-10-23T21:14:37.293+0000] {logging_mixin.py:188} INFO - [2025-10-23T21:14:37.293+0000] {dagbag.py:540} INFO - Filling up the DagBag from /opt/airflow/dags/silver_layer_dag.py
[2025-10-23T21:14:37.476+0000] {processor.py:840} INFO - DAG(s) 'silver_layer_dag' retrieved from /opt/airflow/dags/silver_layer_dag.py
[2025-10-23T21:14:37.492+0000] {logging_mixin.py:188} INFO - [2025-10-23T21:14:37.492+0000] {dag.py:3096} INFO - Sync 1 DAGs
[2025-10-23T21:14:37.508+0000] {logging_mixin.py:188} INFO - [2025-10-23T21:14:37.508+0000] {dag.py:3954} INFO - Setting next_dagrun for silver_layer_dag to 2025-10-23 19:00:00+00:00, run_after=2025-10-24 19:00:00+00:00
[2025-10-23T21:14:37.522+0000] {processor.py:183} INFO - Processing /opt/airflow/dags/silver_layer_dag.py took 0.235 seconds
[2025-10-23T21:15:07.683+0000] {processor.py:161} INFO - Started process (PID=833) to work on /opt/airflow/dags/silver_layer_dag.py
[2025-10-23T21:15:07.684+0000] {processor.py:830} INFO - Processing file /opt/airflow/dags/silver_layer_dag.py for tasks to queue
[2025-10-23T21:15:07.685+0000] {logging_mixin.py:188} INFO - [2025-10-23T21:15:07.685+0000] {dagbag.py:540} INFO - Filling up the DagBag from /opt/airflow/dags/silver_layer_dag.py
[2025-10-23T21:15:07.881+0000] {processor.py:840} INFO - DAG(s) 'silver_layer_dag' retrieved from /opt/airflow/dags/silver_layer_dag.py
[2025-10-23T21:15:07.898+0000] {logging_mixin.py:188} INFO - [2025-10-23T21:15:07.898+0000] {dag.py:3096} INFO - Sync 1 DAGs
[2025-10-23T21:15:07.916+0000] {logging_mixin.py:188} INFO - [2025-10-23T21:15:07.916+0000] {dag.py:3954} INFO - Setting next_dagrun for silver_layer_dag to 2025-10-23 19:00:00+00:00, run_after=2025-10-24 19:00:00+00:00
[2025-10-23T21:15:07.930+0000] {processor.py:183} INFO - Processing /opt/airflow/dags/silver_layer_dag.py took 0.252 seconds
[2025-10-23T21:15:38.513+0000] {processor.py:161} INFO - Started process (PID=835) to work on /opt/airflow/dags/silver_layer_dag.py
[2025-10-23T21:15:38.514+0000] {processor.py:830} INFO - Processing file /opt/airflow/dags/silver_layer_dag.py for tasks to queue
[2025-10-23T21:15:38.516+0000] {logging_mixin.py:188} INFO - [2025-10-23T21:15:38.516+0000] {dagbag.py:540} INFO - Filling up the DagBag from /opt/airflow/dags/silver_layer_dag.py
[2025-10-23T21:15:38.705+0000] {processor.py:840} INFO - DAG(s) 'silver_layer_dag' retrieved from /opt/airflow/dags/silver_layer_dag.py
[2025-10-23T21:15:38.723+0000] {logging_mixin.py:188} INFO - [2025-10-23T21:15:38.723+0000] {dag.py:3096} INFO - Sync 1 DAGs
[2025-10-23T21:15:38.740+0000] {logging_mixin.py:188} INFO - [2025-10-23T21:15:38.740+0000] {dag.py:3954} INFO - Setting next_dagrun for silver_layer_dag to 2025-10-23 19:00:00+00:00, run_after=2025-10-24 19:00:00+00:00
[2025-10-23T21:15:38.754+0000] {processor.py:183} INFO - Processing /opt/airflow/dags/silver_layer_dag.py took 0.246 seconds
[2025-10-23T21:16:09.543+0000] {processor.py:161} INFO - Started process (PID=837) to work on /opt/airflow/dags/silver_layer_dag.py
[2025-10-23T21:16:09.544+0000] {processor.py:830} INFO - Processing file /opt/airflow/dags/silver_layer_dag.py for tasks to queue
[2025-10-23T21:16:09.545+0000] {logging_mixin.py:188} INFO - [2025-10-23T21:16:09.545+0000] {dagbag.py:540} INFO - Filling up the DagBag from /opt/airflow/dags/silver_layer_dag.py
[2025-10-23T21:16:09.728+0000] {processor.py:840} INFO - DAG(s) 'silver_layer_dag' retrieved from /opt/airflow/dags/silver_layer_dag.py
[2025-10-23T21:16:09.744+0000] {logging_mixin.py:188} INFO - [2025-10-23T21:16:09.744+0000] {dag.py:3096} INFO - Sync 1 DAGs
[2025-10-23T21:16:09.760+0000] {logging_mixin.py:188} INFO - [2025-10-23T21:16:09.760+0000] {dag.py:3954} INFO - Setting next_dagrun for silver_layer_dag to 2025-10-23 19:00:00+00:00, run_after=2025-10-24 19:00:00+00:00
[2025-10-23T21:16:09.774+0000] {processor.py:183} INFO - Processing /opt/airflow/dags/silver_layer_dag.py took 0.236 seconds
[2025-10-23T21:16:40.046+0000] {processor.py:161} INFO - Started process (PID=839) to work on /opt/airflow/dags/silver_layer_dag.py
[2025-10-23T21:16:40.047+0000] {processor.py:830} INFO - Processing file /opt/airflow/dags/silver_layer_dag.py for tasks to queue
[2025-10-23T21:16:40.049+0000] {logging_mixin.py:188} INFO - [2025-10-23T21:16:40.048+0000] {dagbag.py:540} INFO - Filling up the DagBag from /opt/airflow/dags/silver_layer_dag.py
[2025-10-23T21:16:40.256+0000] {processor.py:840} INFO - DAG(s) 'silver_layer_dag' retrieved from /opt/airflow/dags/silver_layer_dag.py
[2025-10-23T21:16:40.272+0000] {logging_mixin.py:188} INFO - [2025-10-23T21:16:40.272+0000] {dag.py:3096} INFO - Sync 1 DAGs
[2025-10-23T21:16:40.289+0000] {logging_mixin.py:188} INFO - [2025-10-23T21:16:40.289+0000] {dag.py:3954} INFO - Setting next_dagrun for silver_layer_dag to 2025-10-23 19:00:00+00:00, run_after=2025-10-24 19:00:00+00:00
[2025-10-23T21:16:40.302+0000] {processor.py:183} INFO - Processing /opt/airflow/dags/silver_layer_dag.py took 0.261 seconds
[2025-10-23T21:17:10.987+0000] {processor.py:161} INFO - Started process (PID=841) to work on /opt/airflow/dags/silver_layer_dag.py
[2025-10-23T21:17:10.987+0000] {processor.py:830} INFO - Processing file /opt/airflow/dags/silver_layer_dag.py for tasks to queue
[2025-10-23T21:17:10.989+0000] {logging_mixin.py:188} INFO - [2025-10-23T21:17:10.989+0000] {dagbag.py:540} INFO - Filling up the DagBag from /opt/airflow/dags/silver_layer_dag.py
[2025-10-23T21:17:11.180+0000] {processor.py:840} INFO - DAG(s) 'silver_layer_dag' retrieved from /opt/airflow/dags/silver_layer_dag.py
[2025-10-23T21:17:11.197+0000] {logging_mixin.py:188} INFO - [2025-10-23T21:17:11.197+0000] {dag.py:3096} INFO - Sync 1 DAGs
[2025-10-23T21:17:11.215+0000] {logging_mixin.py:188} INFO - [2025-10-23T21:17:11.215+0000] {dag.py:3954} INFO - Setting next_dagrun for silver_layer_dag to 2025-10-23 19:00:00+00:00, run_after=2025-10-24 19:00:00+00:00
[2025-10-23T21:17:11.229+0000] {processor.py:183} INFO - Processing /opt/airflow/dags/silver_layer_dag.py took 0.247 seconds
[2025-10-23T21:17:41.611+0000] {processor.py:161} INFO - Started process (PID=843) to work on /opt/airflow/dags/silver_layer_dag.py
[2025-10-23T21:17:41.612+0000] {processor.py:830} INFO - Processing file /opt/airflow/dags/silver_layer_dag.py for tasks to queue
[2025-10-23T21:17:41.614+0000] {logging_mixin.py:188} INFO - [2025-10-23T21:17:41.614+0000] {dagbag.py:540} INFO - Filling up the DagBag from /opt/airflow/dags/silver_layer_dag.py
[2025-10-23T21:17:41.828+0000] {processor.py:840} INFO - DAG(s) 'silver_layer_dag' retrieved from /opt/airflow/dags/silver_layer_dag.py
[2025-10-23T21:17:41.847+0000] {logging_mixin.py:188} INFO - [2025-10-23T21:17:41.847+0000] {dag.py:3096} INFO - Sync 1 DAGs
[2025-10-23T21:17:41.866+0000] {logging_mixin.py:188} INFO - [2025-10-23T21:17:41.866+0000] {dag.py:3954} INFO - Setting next_dagrun for silver_layer_dag to 2025-10-23 19:00:00+00:00, run_after=2025-10-24 19:00:00+00:00
[2025-10-23T21:17:41.885+0000] {processor.py:183} INFO - Processing /opt/airflow/dags/silver_layer_dag.py took 0.279 seconds
[2025-10-23T21:18:12.399+0000] {processor.py:161} INFO - Started process (PID=845) to work on /opt/airflow/dags/silver_layer_dag.py
[2025-10-23T21:18:12.401+0000] {processor.py:830} INFO - Processing file /opt/airflow/dags/silver_layer_dag.py for tasks to queue
[2025-10-23T21:18:12.403+0000] {logging_mixin.py:188} INFO - [2025-10-23T21:18:12.402+0000] {dagbag.py:540} INFO - Filling up the DagBag from /opt/airflow/dags/silver_layer_dag.py
[2025-10-23T21:18:12.605+0000] {processor.py:840} INFO - DAG(s) 'silver_layer_dag' retrieved from /opt/airflow/dags/silver_layer_dag.py
[2025-10-23T21:18:12.621+0000] {logging_mixin.py:188} INFO - [2025-10-23T21:18:12.621+0000] {dag.py:3096} INFO - Sync 1 DAGs
[2025-10-23T21:18:12.637+0000] {logging_mixin.py:188} INFO - [2025-10-23T21:18:12.637+0000] {dag.py:3954} INFO - Setting next_dagrun for silver_layer_dag to 2025-10-23 19:00:00+00:00, run_after=2025-10-24 19:00:00+00:00
[2025-10-23T21:18:12.651+0000] {processor.py:183} INFO - Processing /opt/airflow/dags/silver_layer_dag.py took 0.256 seconds
[2025-10-23T21:18:43.292+0000] {processor.py:161} INFO - Started process (PID=847) to work on /opt/airflow/dags/silver_layer_dag.py
[2025-10-23T21:18:43.293+0000] {processor.py:830} INFO - Processing file /opt/airflow/dags/silver_layer_dag.py for tasks to queue
[2025-10-23T21:18:43.295+0000] {logging_mixin.py:188} INFO - [2025-10-23T21:18:43.294+0000] {dagbag.py:540} INFO - Filling up the DagBag from /opt/airflow/dags/silver_layer_dag.py
[2025-10-23T21:18:43.493+0000] {processor.py:840} INFO - DAG(s) 'silver_layer_dag' retrieved from /opt/airflow/dags/silver_layer_dag.py
[2025-10-23T21:18:43.510+0000] {logging_mixin.py:188} INFO - [2025-10-23T21:18:43.510+0000] {dag.py:3096} INFO - Sync 1 DAGs
[2025-10-23T21:18:43.527+0000] {logging_mixin.py:188} INFO - [2025-10-23T21:18:43.527+0000] {dag.py:3954} INFO - Setting next_dagrun for silver_layer_dag to 2025-10-23 19:00:00+00:00, run_after=2025-10-24 19:00:00+00:00
[2025-10-23T21:18:43.542+0000] {processor.py:183} INFO - Processing /opt/airflow/dags/silver_layer_dag.py took 0.254 seconds
[2025-10-23T21:19:14.167+0000] {processor.py:161} INFO - Started process (PID=849) to work on /opt/airflow/dags/silver_layer_dag.py
[2025-10-23T21:19:14.168+0000] {processor.py:830} INFO - Processing file /opt/airflow/dags/silver_layer_dag.py for tasks to queue
[2025-10-23T21:19:14.170+0000] {logging_mixin.py:188} INFO - [2025-10-23T21:19:14.169+0000] {dagbag.py:540} INFO - Filling up the DagBag from /opt/airflow/dags/silver_layer_dag.py
[2025-10-23T21:19:14.359+0000] {processor.py:840} INFO - DAG(s) 'silver_layer_dag' retrieved from /opt/airflow/dags/silver_layer_dag.py
[2025-10-23T21:19:14.375+0000] {logging_mixin.py:188} INFO - [2025-10-23T21:19:14.375+0000] {dag.py:3096} INFO - Sync 1 DAGs
[2025-10-23T21:19:14.392+0000] {logging_mixin.py:188} INFO - [2025-10-23T21:19:14.391+0000] {dag.py:3954} INFO - Setting next_dagrun for silver_layer_dag to 2025-10-23 19:00:00+00:00, run_after=2025-10-24 19:00:00+00:00
[2025-10-23T21:19:14.406+0000] {processor.py:183} INFO - Processing /opt/airflow/dags/silver_layer_dag.py took 0.243 seconds
[2025-10-23T21:19:45.104+0000] {processor.py:161} INFO - Started process (PID=851) to work on /opt/airflow/dags/silver_layer_dag.py
[2025-10-23T21:19:45.105+0000] {processor.py:830} INFO - Processing file /opt/airflow/dags/silver_layer_dag.py for tasks to queue
[2025-10-23T21:19:45.107+0000] {logging_mixin.py:188} INFO - [2025-10-23T21:19:45.106+0000] {dagbag.py:540} INFO - Filling up the DagBag from /opt/airflow/dags/silver_layer_dag.py
[2025-10-23T21:19:45.295+0000] {processor.py:840} INFO - DAG(s) 'silver_layer_dag' retrieved from /opt/airflow/dags/silver_layer_dag.py
[2025-10-23T21:19:45.312+0000] {logging_mixin.py:188} INFO - [2025-10-23T21:19:45.311+0000] {dag.py:3096} INFO - Sync 1 DAGs
[2025-10-23T21:19:45.328+0000] {logging_mixin.py:188} INFO - [2025-10-23T21:19:45.328+0000] {dag.py:3954} INFO - Setting next_dagrun for silver_layer_dag to 2025-10-23 19:00:00+00:00, run_after=2025-10-24 19:00:00+00:00
[2025-10-23T21:19:45.342+0000] {processor.py:183} INFO - Processing /opt/airflow/dags/silver_layer_dag.py took 0.243 seconds
[2025-10-23T21:20:15.573+0000] {processor.py:161} INFO - Started process (PID=853) to work on /opt/airflow/dags/silver_layer_dag.py
[2025-10-23T21:20:15.574+0000] {processor.py:830} INFO - Processing file /opt/airflow/dags/silver_layer_dag.py for tasks to queue
[2025-10-23T21:20:15.575+0000] {logging_mixin.py:188} INFO - [2025-10-23T21:20:15.575+0000] {dagbag.py:540} INFO - Filling up the DagBag from /opt/airflow/dags/silver_layer_dag.py
[2025-10-23T21:20:15.763+0000] {processor.py:840} INFO - DAG(s) 'silver_layer_dag' retrieved from /opt/airflow/dags/silver_layer_dag.py
[2025-10-23T21:20:15.779+0000] {logging_mixin.py:188} INFO - [2025-10-23T21:20:15.779+0000] {dag.py:3096} INFO - Sync 1 DAGs
[2025-10-23T21:20:15.796+0000] {logging_mixin.py:188} INFO - [2025-10-23T21:20:15.796+0000] {dag.py:3954} INFO - Setting next_dagrun for silver_layer_dag to 2025-10-23 19:00:00+00:00, run_after=2025-10-24 19:00:00+00:00
[2025-10-23T21:20:15.809+0000] {processor.py:183} INFO - Processing /opt/airflow/dags/silver_layer_dag.py took 0.242 seconds
[2025-10-23T21:20:46.728+0000] {processor.py:161} INFO - Started process (PID=855) to work on /opt/airflow/dags/silver_layer_dag.py
[2025-10-23T21:20:46.729+0000] {processor.py:830} INFO - Processing file /opt/airflow/dags/silver_layer_dag.py for tasks to queue
[2025-10-23T21:20:46.731+0000] {logging_mixin.py:188} INFO - [2025-10-23T21:20:46.730+0000] {dagbag.py:540} INFO - Filling up the DagBag from /opt/airflow/dags/silver_layer_dag.py
[2025-10-23T21:20:46.914+0000] {processor.py:840} INFO - DAG(s) 'silver_layer_dag' retrieved from /opt/airflow/dags/silver_layer_dag.py
[2025-10-23T21:20:46.931+0000] {logging_mixin.py:188} INFO - [2025-10-23T21:20:46.931+0000] {dag.py:3096} INFO - Sync 1 DAGs
[2025-10-23T21:20:46.947+0000] {logging_mixin.py:188} INFO - [2025-10-23T21:20:46.946+0000] {dag.py:3954} INFO - Setting next_dagrun for silver_layer_dag to 2025-10-23 19:00:00+00:00, run_after=2025-10-24 19:00:00+00:00
[2025-10-23T21:20:46.960+0000] {processor.py:183} INFO - Processing /opt/airflow/dags/silver_layer_dag.py took 0.237 seconds
[2025-10-23T21:21:17.306+0000] {processor.py:161} INFO - Started process (PID=857) to work on /opt/airflow/dags/silver_layer_dag.py
[2025-10-23T21:21:17.307+0000] {processor.py:830} INFO - Processing file /opt/airflow/dags/silver_layer_dag.py for tasks to queue
[2025-10-23T21:21:17.309+0000] {logging_mixin.py:188} INFO - [2025-10-23T21:21:17.309+0000] {dagbag.py:540} INFO - Filling up the DagBag from /opt/airflow/dags/silver_layer_dag.py
[2025-10-23T21:21:17.495+0000] {processor.py:840} INFO - DAG(s) 'silver_layer_dag' retrieved from /opt/airflow/dags/silver_layer_dag.py
[2025-10-23T21:21:17.512+0000] {logging_mixin.py:188} INFO - [2025-10-23T21:21:17.512+0000] {dag.py:3096} INFO - Sync 1 DAGs
[2025-10-23T21:21:17.528+0000] {logging_mixin.py:188} INFO - [2025-10-23T21:21:17.528+0000] {dag.py:3954} INFO - Setting next_dagrun for silver_layer_dag to 2025-10-23 19:00:00+00:00, run_after=2025-10-24 19:00:00+00:00
[2025-10-23T21:21:17.542+0000] {processor.py:183} INFO - Processing /opt/airflow/dags/silver_layer_dag.py took 0.241 seconds
[2025-10-23T21:21:48.245+0000] {processor.py:161} INFO - Started process (PID=859) to work on /opt/airflow/dags/silver_layer_dag.py
[2025-10-23T21:21:48.246+0000] {processor.py:830} INFO - Processing file /opt/airflow/dags/silver_layer_dag.py for tasks to queue
[2025-10-23T21:21:48.248+0000] {logging_mixin.py:188} INFO - [2025-10-23T21:21:48.248+0000] {dagbag.py:540} INFO - Filling up the DagBag from /opt/airflow/dags/silver_layer_dag.py
[2025-10-23T21:21:48.439+0000] {processor.py:840} INFO - DAG(s) 'silver_layer_dag' retrieved from /opt/airflow/dags/silver_layer_dag.py
[2025-10-23T21:21:48.456+0000] {logging_mixin.py:188} INFO - [2025-10-23T21:21:48.456+0000] {dag.py:3096} INFO - Sync 1 DAGs
[2025-10-23T21:21:48.473+0000] {logging_mixin.py:188} INFO - [2025-10-23T21:21:48.473+0000] {dag.py:3954} INFO - Setting next_dagrun for silver_layer_dag to 2025-10-23 19:00:00+00:00, run_after=2025-10-24 19:00:00+00:00
[2025-10-23T21:21:48.487+0000] {processor.py:183} INFO - Processing /opt/airflow/dags/silver_layer_dag.py took 0.247 seconds
[2025-10-23T21:22:18.753+0000] {processor.py:161} INFO - Started process (PID=861) to work on /opt/airflow/dags/silver_layer_dag.py
[2025-10-23T21:22:18.754+0000] {processor.py:830} INFO - Processing file /opt/airflow/dags/silver_layer_dag.py for tasks to queue
[2025-10-23T21:22:18.755+0000] {logging_mixin.py:188} INFO - [2025-10-23T21:22:18.755+0000] {dagbag.py:540} INFO - Filling up the DagBag from /opt/airflow/dags/silver_layer_dag.py
[2025-10-23T21:22:18.944+0000] {processor.py:840} INFO - DAG(s) 'silver_layer_dag' retrieved from /opt/airflow/dags/silver_layer_dag.py
[2025-10-23T21:22:18.961+0000] {logging_mixin.py:188} INFO - [2025-10-23T21:22:18.961+0000] {dag.py:3096} INFO - Sync 1 DAGs
[2025-10-23T21:22:18.978+0000] {logging_mixin.py:188} INFO - [2025-10-23T21:22:18.978+0000] {dag.py:3954} INFO - Setting next_dagrun for silver_layer_dag to 2025-10-23 19:00:00+00:00, run_after=2025-10-24 19:00:00+00:00
[2025-10-23T21:22:19.316+0000] {processor.py:183} INFO - Processing /opt/airflow/dags/silver_layer_dag.py took 0.567 seconds
[2025-10-23T21:22:50.394+0000] {processor.py:161} INFO - Started process (PID=863) to work on /opt/airflow/dags/silver_layer_dag.py
[2025-10-23T21:22:50.395+0000] {processor.py:830} INFO - Processing file /opt/airflow/dags/silver_layer_dag.py for tasks to queue
[2025-10-23T21:22:50.397+0000] {logging_mixin.py:188} INFO - [2025-10-23T21:22:50.396+0000] {dagbag.py:540} INFO - Filling up the DagBag from /opt/airflow/dags/silver_layer_dag.py
[2025-10-23T21:22:51.000+0000] {processor.py:840} INFO - DAG(s) 'silver_layer_dag' retrieved from /opt/airflow/dags/silver_layer_dag.py
[2025-10-23T21:22:51.016+0000] {logging_mixin.py:188} INFO - [2025-10-23T21:22:51.016+0000] {dag.py:3096} INFO - Sync 1 DAGs
[2025-10-23T21:22:51.032+0000] {logging_mixin.py:188} INFO - [2025-10-23T21:22:51.032+0000] {dag.py:3954} INFO - Setting next_dagrun for silver_layer_dag to 2025-10-23 19:00:00+00:00, run_after=2025-10-24 19:00:00+00:00
[2025-10-23T21:22:51.046+0000] {processor.py:183} INFO - Processing /opt/airflow/dags/silver_layer_dag.py took 0.241 seconds
[2025-10-23T21:23:21.693+0000] {processor.py:161} INFO - Started process (PID=865) to work on /opt/airflow/dags/silver_layer_dag.py
[2025-10-23T21:23:21.694+0000] {processor.py:830} INFO - Processing file /opt/airflow/dags/silver_layer_dag.py for tasks to queue
[2025-10-23T21:23:21.695+0000] {logging_mixin.py:188} INFO - [2025-10-23T21:23:21.695+0000] {dagbag.py:540} INFO - Filling up the DagBag from /opt/airflow/dags/silver_layer_dag.py
[2025-10-23T21:23:21.879+0000] {processor.py:840} INFO - DAG(s) 'silver_layer_dag' retrieved from /opt/airflow/dags/silver_layer_dag.py
[2025-10-23T21:23:21.895+0000] {logging_mixin.py:188} INFO - [2025-10-23T21:23:21.895+0000] {dag.py:3096} INFO - Sync 1 DAGs
[2025-10-23T21:23:21.911+0000] {logging_mixin.py:188} INFO - [2025-10-23T21:23:21.911+0000] {dag.py:3954} INFO - Setting next_dagrun for silver_layer_dag to 2025-10-23 19:00:00+00:00, run_after=2025-10-24 19:00:00+00:00
[2025-10-23T21:23:21.924+0000] {processor.py:183} INFO - Processing /opt/airflow/dags/silver_layer_dag.py took 0.236 seconds
[2025-10-23T21:23:52.176+0000] {processor.py:161} INFO - Started process (PID=867) to work on /opt/airflow/dags/silver_layer_dag.py
[2025-10-23T21:23:52.177+0000] {processor.py:830} INFO - Processing file /opt/airflow/dags/silver_layer_dag.py for tasks to queue
[2025-10-23T21:23:52.179+0000] {logging_mixin.py:188} INFO - [2025-10-23T21:23:52.178+0000] {dagbag.py:540} INFO - Filling up the DagBag from /opt/airflow/dags/silver_layer_dag.py
[2025-10-23T21:23:52.375+0000] {processor.py:840} INFO - DAG(s) 'silver_layer_dag' retrieved from /opt/airflow/dags/silver_layer_dag.py
[2025-10-23T21:23:52.392+0000] {logging_mixin.py:188} INFO - [2025-10-23T21:23:52.392+0000] {dag.py:3096} INFO - Sync 1 DAGs
[2025-10-23T21:23:52.408+0000] {logging_mixin.py:188} INFO - [2025-10-23T21:23:52.408+0000] {dag.py:3954} INFO - Setting next_dagrun for silver_layer_dag to 2025-10-23 19:00:00+00:00, run_after=2025-10-24 19:00:00+00:00
[2025-10-23T21:23:52.423+0000] {processor.py:183} INFO - Processing /opt/airflow/dags/silver_layer_dag.py took 0.252 seconds
[2025-10-23T21:24:22.663+0000] {processor.py:161} INFO - Started process (PID=869) to work on /opt/airflow/dags/silver_layer_dag.py
[2025-10-23T21:24:22.664+0000] {processor.py:830} INFO - Processing file /opt/airflow/dags/silver_layer_dag.py for tasks to queue
[2025-10-23T21:24:22.665+0000] {logging_mixin.py:188} INFO - [2025-10-23T21:24:22.665+0000] {dagbag.py:540} INFO - Filling up the DagBag from /opt/airflow/dags/silver_layer_dag.py
[2025-10-23T21:24:22.852+0000] {processor.py:840} INFO - DAG(s) 'silver_layer_dag' retrieved from /opt/airflow/dags/silver_layer_dag.py
[2025-10-23T21:24:22.868+0000] {logging_mixin.py:188} INFO - [2025-10-23T21:24:22.868+0000] {dag.py:3096} INFO - Sync 1 DAGs
[2025-10-23T21:24:22.886+0000] {logging_mixin.py:188} INFO - [2025-10-23T21:24:22.886+0000] {dag.py:3954} INFO - Setting next_dagrun for silver_layer_dag to 2025-10-23 19:00:00+00:00, run_after=2025-10-24 19:00:00+00:00
[2025-10-23T21:24:22.902+0000] {processor.py:183} INFO - Processing /opt/airflow/dags/silver_layer_dag.py took 0.244 seconds
[2025-10-23T21:24:53.143+0000] {processor.py:161} INFO - Started process (PID=871) to work on /opt/airflow/dags/silver_layer_dag.py
[2025-10-23T21:24:53.144+0000] {processor.py:830} INFO - Processing file /opt/airflow/dags/silver_layer_dag.py for tasks to queue
[2025-10-23T21:24:53.146+0000] {logging_mixin.py:188} INFO - [2025-10-23T21:24:53.146+0000] {dagbag.py:540} INFO - Filling up the DagBag from /opt/airflow/dags/silver_layer_dag.py
[2025-10-23T21:24:53.334+0000] {processor.py:840} INFO - DAG(s) 'silver_layer_dag' retrieved from /opt/airflow/dags/silver_layer_dag.py
[2025-10-23T21:24:53.352+0000] {logging_mixin.py:188} INFO - [2025-10-23T21:24:53.351+0000] {dag.py:3096} INFO - Sync 1 DAGs
[2025-10-23T21:24:53.370+0000] {logging_mixin.py:188} INFO - [2025-10-23T21:24:53.370+0000] {dag.py:3954} INFO - Setting next_dagrun for silver_layer_dag to 2025-10-23 19:00:00+00:00, run_after=2025-10-24 19:00:00+00:00
[2025-10-23T21:24:53.547+0000] {processor.py:183} INFO - Processing /opt/airflow/dags/silver_layer_dag.py took 0.408 seconds
[2025-10-23T21:25:23.928+0000] {processor.py:161} INFO - Started process (PID=873) to work on /opt/airflow/dags/silver_layer_dag.py
[2025-10-23T21:25:23.929+0000] {processor.py:830} INFO - Processing file /opt/airflow/dags/silver_layer_dag.py for tasks to queue
[2025-10-23T21:25:23.931+0000] {logging_mixin.py:188} INFO - [2025-10-23T21:25:23.931+0000] {dagbag.py:540} INFO - Filling up the DagBag from /opt/airflow/dags/silver_layer_dag.py
[2025-10-23T21:25:24.115+0000] {processor.py:840} INFO - DAG(s) 'silver_layer_dag' retrieved from /opt/airflow/dags/silver_layer_dag.py
[2025-10-23T21:25:24.131+0000] {logging_mixin.py:188} INFO - [2025-10-23T21:25:24.131+0000] {dag.py:3096} INFO - Sync 1 DAGs
[2025-10-23T21:25:24.148+0000] {logging_mixin.py:188} INFO - [2025-10-23T21:25:24.148+0000] {dag.py:3954} INFO - Setting next_dagrun for silver_layer_dag to 2025-10-23 19:00:00+00:00, run_after=2025-10-24 19:00:00+00:00
[2025-10-23T21:25:24.162+0000] {processor.py:183} INFO - Processing /opt/airflow/dags/silver_layer_dag.py took 0.238 seconds
[2025-10-23T21:25:54.215+0000] {processor.py:161} INFO - Started process (PID=875) to work on /opt/airflow/dags/silver_layer_dag.py
[2025-10-23T21:25:54.216+0000] {processor.py:830} INFO - Processing file /opt/airflow/dags/silver_layer_dag.py for tasks to queue
[2025-10-23T21:25:54.217+0000] {logging_mixin.py:188} INFO - [2025-10-23T21:25:54.217+0000] {dagbag.py:540} INFO - Filling up the DagBag from /opt/airflow/dags/silver_layer_dag.py
[2025-10-23T21:25:54.403+0000] {processor.py:840} INFO - DAG(s) 'silver_layer_dag' retrieved from /opt/airflow/dags/silver_layer_dag.py
[2025-10-23T21:25:54.420+0000] {logging_mixin.py:188} INFO - [2025-10-23T21:25:54.420+0000] {dag.py:3096} INFO - Sync 1 DAGs
[2025-10-23T21:25:54.436+0000] {logging_mixin.py:188} INFO - [2025-10-23T21:25:54.436+0000] {dag.py:3954} INFO - Setting next_dagrun for silver_layer_dag to 2025-10-23 19:00:00+00:00, run_after=2025-10-24 19:00:00+00:00
[2025-10-23T21:25:54.449+0000] {processor.py:183} INFO - Processing /opt/airflow/dags/silver_layer_dag.py took 0.238 seconds
[2025-10-23T21:26:25.096+0000] {processor.py:161} INFO - Started process (PID=877) to work on /opt/airflow/dags/silver_layer_dag.py
[2025-10-23T21:26:25.097+0000] {processor.py:830} INFO - Processing file /opt/airflow/dags/silver_layer_dag.py for tasks to queue
[2025-10-23T21:26:25.098+0000] {logging_mixin.py:188} INFO - [2025-10-23T21:26:25.098+0000] {dagbag.py:540} INFO - Filling up the DagBag from /opt/airflow/dags/silver_layer_dag.py
[2025-10-23T21:26:25.281+0000] {processor.py:840} INFO - DAG(s) 'silver_layer_dag' retrieved from /opt/airflow/dags/silver_layer_dag.py
[2025-10-23T21:26:25.298+0000] {logging_mixin.py:188} INFO - [2025-10-23T21:26:25.298+0000] {dag.py:3096} INFO - Sync 1 DAGs
[2025-10-23T21:26:25.314+0000] {logging_mixin.py:188} INFO - [2025-10-23T21:26:25.314+0000] {dag.py:3954} INFO - Setting next_dagrun for silver_layer_dag to 2025-10-23 19:00:00+00:00, run_after=2025-10-24 19:00:00+00:00
[2025-10-23T21:26:25.327+0000] {processor.py:183} INFO - Processing /opt/airflow/dags/silver_layer_dag.py took 0.236 seconds
[2025-10-23T21:26:55.592+0000] {processor.py:161} INFO - Started process (PID=879) to work on /opt/airflow/dags/silver_layer_dag.py
[2025-10-23T21:26:55.592+0000] {processor.py:830} INFO - Processing file /opt/airflow/dags/silver_layer_dag.py for tasks to queue
[2025-10-23T21:26:55.594+0000] {logging_mixin.py:188} INFO - [2025-10-23T21:26:55.594+0000] {dagbag.py:540} INFO - Filling up the DagBag from /opt/airflow/dags/silver_layer_dag.py
[2025-10-23T21:26:55.780+0000] {processor.py:840} INFO - DAG(s) 'silver_layer_dag' retrieved from /opt/airflow/dags/silver_layer_dag.py
[2025-10-23T21:26:55.797+0000] {logging_mixin.py:188} INFO - [2025-10-23T21:26:55.797+0000] {dag.py:3096} INFO - Sync 1 DAGs
[2025-10-23T21:26:55.813+0000] {logging_mixin.py:188} INFO - [2025-10-23T21:26:55.812+0000] {dag.py:3954} INFO - Setting next_dagrun for silver_layer_dag to 2025-10-23 19:00:00+00:00, run_after=2025-10-24 19:00:00+00:00
[2025-10-23T21:26:55.826+0000] {processor.py:183} INFO - Processing /opt/airflow/dags/silver_layer_dag.py took 0.240 seconds
[2025-10-23T21:27:26.363+0000] {processor.py:161} INFO - Started process (PID=881) to work on /opt/airflow/dags/silver_layer_dag.py
[2025-10-23T21:27:26.364+0000] {processor.py:830} INFO - Processing file /opt/airflow/dags/silver_layer_dag.py for tasks to queue
[2025-10-23T21:27:26.366+0000] {logging_mixin.py:188} INFO - [2025-10-23T21:27:26.365+0000] {dagbag.py:540} INFO - Filling up the DagBag from /opt/airflow/dags/silver_layer_dag.py
[2025-10-23T21:27:26.548+0000] {processor.py:840} INFO - DAG(s) 'silver_layer_dag' retrieved from /opt/airflow/dags/silver_layer_dag.py
[2025-10-23T21:27:26.564+0000] {logging_mixin.py:188} INFO - [2025-10-23T21:27:26.564+0000] {dag.py:3096} INFO - Sync 1 DAGs
[2025-10-23T21:27:26.580+0000] {logging_mixin.py:188} INFO - [2025-10-23T21:27:26.580+0000] {dag.py:3954} INFO - Setting next_dagrun for silver_layer_dag to 2025-10-23 19:00:00+00:00, run_after=2025-10-24 19:00:00+00:00
[2025-10-23T21:27:26.751+0000] {processor.py:183} INFO - Processing /opt/airflow/dags/silver_layer_dag.py took 0.392 seconds
[2025-10-23T21:27:57.449+0000] {processor.py:161} INFO - Started process (PID=883) to work on /opt/airflow/dags/silver_layer_dag.py
[2025-10-23T21:27:57.450+0000] {processor.py:830} INFO - Processing file /opt/airflow/dags/silver_layer_dag.py for tasks to queue
[2025-10-23T21:27:57.451+0000] {logging_mixin.py:188} INFO - [2025-10-23T21:27:57.451+0000] {dagbag.py:540} INFO - Filling up the DagBag from /opt/airflow/dags/silver_layer_dag.py
[2025-10-23T21:27:57.643+0000] {processor.py:840} INFO - DAG(s) 'silver_layer_dag' retrieved from /opt/airflow/dags/silver_layer_dag.py
[2025-10-23T21:27:57.660+0000] {logging_mixin.py:188} INFO - [2025-10-23T21:27:57.659+0000] {dag.py:3096} INFO - Sync 1 DAGs
[2025-10-23T21:27:57.676+0000] {logging_mixin.py:188} INFO - [2025-10-23T21:27:57.676+0000] {dag.py:3954} INFO - Setting next_dagrun for silver_layer_dag to 2025-10-23 19:00:00+00:00, run_after=2025-10-24 19:00:00+00:00
[2025-10-23T21:27:57.690+0000] {processor.py:183} INFO - Processing /opt/airflow/dags/silver_layer_dag.py took 0.246 seconds
[2025-10-23T21:28:27.975+0000] {processor.py:161} INFO - Started process (PID=885) to work on /opt/airflow/dags/silver_layer_dag.py
[2025-10-23T21:28:27.976+0000] {processor.py:830} INFO - Processing file /opt/airflow/dags/silver_layer_dag.py for tasks to queue
[2025-10-23T21:28:27.977+0000] {logging_mixin.py:188} INFO - [2025-10-23T21:28:27.977+0000] {dagbag.py:540} INFO - Filling up the DagBag from /opt/airflow/dags/silver_layer_dag.py
[2025-10-23T21:28:28.169+0000] {processor.py:840} INFO - DAG(s) 'silver_layer_dag' retrieved from /opt/airflow/dags/silver_layer_dag.py
[2025-10-23T21:28:28.187+0000] {logging_mixin.py:188} INFO - [2025-10-23T21:28:28.186+0000] {dag.py:3096} INFO - Sync 1 DAGs
[2025-10-23T21:28:28.203+0000] {logging_mixin.py:188} INFO - [2025-10-23T21:28:28.203+0000] {dag.py:3954} INFO - Setting next_dagrun for silver_layer_dag to 2025-10-23 19:00:00+00:00, run_after=2025-10-24 19:00:00+00:00
[2025-10-23T21:28:28.216+0000] {processor.py:183} INFO - Processing /opt/airflow/dags/silver_layer_dag.py took 0.246 seconds
[2025-10-23T21:28:58.614+0000] {processor.py:161} INFO - Started process (PID=887) to work on /opt/airflow/dags/silver_layer_dag.py
[2025-10-23T21:28:58.615+0000] {processor.py:830} INFO - Processing file /opt/airflow/dags/silver_layer_dag.py for tasks to queue
[2025-10-23T21:28:58.617+0000] {logging_mixin.py:188} INFO - [2025-10-23T21:28:58.617+0000] {dagbag.py:540} INFO - Filling up the DagBag from /opt/airflow/dags/silver_layer_dag.py
[2025-10-23T21:28:58.809+0000] {processor.py:840} INFO - DAG(s) 'silver_layer_dag' retrieved from /opt/airflow/dags/silver_layer_dag.py
[2025-10-23T21:28:58.826+0000] {logging_mixin.py:188} INFO - [2025-10-23T21:28:58.826+0000] {dag.py:3096} INFO - Sync 1 DAGs
[2025-10-23T21:28:58.843+0000] {logging_mixin.py:188} INFO - [2025-10-23T21:28:58.843+0000] {dag.py:3954} INFO - Setting next_dagrun for silver_layer_dag to 2025-10-23 19:00:00+00:00, run_after=2025-10-24 19:00:00+00:00
[2025-10-23T21:28:58.858+0000] {processor.py:183} INFO - Processing /opt/airflow/dags/silver_layer_dag.py took 0.250 seconds
[2025-10-23T21:29:29.721+0000] {processor.py:161} INFO - Started process (PID=889) to work on /opt/airflow/dags/silver_layer_dag.py
[2025-10-23T21:29:29.722+0000] {processor.py:830} INFO - Processing file /opt/airflow/dags/silver_layer_dag.py for tasks to queue
[2025-10-23T21:29:29.724+0000] {logging_mixin.py:188} INFO - [2025-10-23T21:29:29.724+0000] {dagbag.py:540} INFO - Filling up the DagBag from /opt/airflow/dags/silver_layer_dag.py
[2025-10-23T21:29:29.910+0000] {processor.py:840} INFO - DAG(s) 'silver_layer_dag' retrieved from /opt/airflow/dags/silver_layer_dag.py
[2025-10-23T21:29:29.928+0000] {logging_mixin.py:188} INFO - [2025-10-23T21:29:29.928+0000] {dag.py:3096} INFO - Sync 1 DAGs
[2025-10-23T21:29:29.945+0000] {logging_mixin.py:188} INFO - [2025-10-23T21:29:29.945+0000] {dag.py:3954} INFO - Setting next_dagrun for silver_layer_dag to 2025-10-23 19:00:00+00:00, run_after=2025-10-24 19:00:00+00:00
[2025-10-23T21:29:29.960+0000] {processor.py:183} INFO - Processing /opt/airflow/dags/silver_layer_dag.py took 0.243 seconds
[2025-10-23T21:30:00.728+0000] {processor.py:161} INFO - Started process (PID=891) to work on /opt/airflow/dags/silver_layer_dag.py
[2025-10-23T21:30:00.729+0000] {processor.py:830} INFO - Processing file /opt/airflow/dags/silver_layer_dag.py for tasks to queue
[2025-10-23T21:30:00.730+0000] {logging_mixin.py:188} INFO - [2025-10-23T21:30:00.730+0000] {dagbag.py:540} INFO - Filling up the DagBag from /opt/airflow/dags/silver_layer_dag.py
[2025-10-23T21:30:00.918+0000] {processor.py:840} INFO - DAG(s) 'silver_layer_dag' retrieved from /opt/airflow/dags/silver_layer_dag.py
[2025-10-23T21:30:00.937+0000] {logging_mixin.py:188} INFO - [2025-10-23T21:30:00.937+0000] {dag.py:3096} INFO - Sync 1 DAGs
[2025-10-23T21:30:00.955+0000] {logging_mixin.py:188} INFO - [2025-10-23T21:30:00.955+0000] {dag.py:3954} INFO - Setting next_dagrun for silver_layer_dag to 2025-10-23 19:00:00+00:00, run_after=2025-10-24 19:00:00+00:00
[2025-10-23T21:30:00.970+0000] {processor.py:183} INFO - Processing /opt/airflow/dags/silver_layer_dag.py took 0.247 seconds
[2025-10-23T21:30:31.899+0000] {processor.py:161} INFO - Started process (PID=893) to work on /opt/airflow/dags/silver_layer_dag.py
[2025-10-23T21:30:31.900+0000] {processor.py:830} INFO - Processing file /opt/airflow/dags/silver_layer_dag.py for tasks to queue
[2025-10-23T21:30:31.901+0000] {logging_mixin.py:188} INFO - [2025-10-23T21:30:31.901+0000] {dagbag.py:540} INFO - Filling up the DagBag from /opt/airflow/dags/silver_layer_dag.py
[2025-10-23T21:30:32.083+0000] {processor.py:840} INFO - DAG(s) 'silver_layer_dag' retrieved from /opt/airflow/dags/silver_layer_dag.py
[2025-10-23T21:30:32.099+0000] {logging_mixin.py:188} INFO - [2025-10-23T21:30:32.099+0000] {dag.py:3096} INFO - Sync 1 DAGs
[2025-10-23T21:30:32.115+0000] {logging_mixin.py:188} INFO - [2025-10-23T21:30:32.115+0000] {dag.py:3954} INFO - Setting next_dagrun for silver_layer_dag to 2025-10-23 19:00:00+00:00, run_after=2025-10-24 19:00:00+00:00
[2025-10-23T21:30:32.129+0000] {processor.py:183} INFO - Processing /opt/airflow/dags/silver_layer_dag.py took 0.234 seconds
[2025-10-23T21:31:03.056+0000] {processor.py:161} INFO - Started process (PID=895) to work on /opt/airflow/dags/silver_layer_dag.py
[2025-10-23T21:31:03.057+0000] {processor.py:830} INFO - Processing file /opt/airflow/dags/silver_layer_dag.py for tasks to queue
[2025-10-23T21:31:03.059+0000] {logging_mixin.py:188} INFO - [2025-10-23T21:31:03.059+0000] {dagbag.py:540} INFO - Filling up the DagBag from /opt/airflow/dags/silver_layer_dag.py
[2025-10-23T21:31:03.247+0000] {processor.py:840} INFO - DAG(s) 'silver_layer_dag' retrieved from /opt/airflow/dags/silver_layer_dag.py
[2025-10-23T21:31:03.265+0000] {logging_mixin.py:188} INFO - [2025-10-23T21:31:03.265+0000] {dag.py:3096} INFO - Sync 1 DAGs
[2025-10-23T21:31:03.282+0000] {logging_mixin.py:188} INFO - [2025-10-23T21:31:03.282+0000] {dag.py:3954} INFO - Setting next_dagrun for silver_layer_dag to 2025-10-23 19:00:00+00:00, run_after=2025-10-24 19:00:00+00:00
[2025-10-23T21:31:03.297+0000] {processor.py:183} INFO - Processing /opt/airflow/dags/silver_layer_dag.py took 0.245 seconds
[2025-10-23T21:31:33.735+0000] {processor.py:161} INFO - Started process (PID=897) to work on /opt/airflow/dags/silver_layer_dag.py
[2025-10-23T21:31:33.735+0000] {processor.py:830} INFO - Processing file /opt/airflow/dags/silver_layer_dag.py for tasks to queue
[2025-10-23T21:31:33.737+0000] {logging_mixin.py:188} INFO - [2025-10-23T21:31:33.737+0000] {dagbag.py:540} INFO - Filling up the DagBag from /opt/airflow/dags/silver_layer_dag.py
[2025-10-23T21:31:33.920+0000] {processor.py:840} INFO - DAG(s) 'silver_layer_dag' retrieved from /opt/airflow/dags/silver_layer_dag.py
[2025-10-23T21:31:33.936+0000] {logging_mixin.py:188} INFO - [2025-10-23T21:31:33.935+0000] {dag.py:3096} INFO - Sync 1 DAGs
[2025-10-23T21:31:33.951+0000] {logging_mixin.py:188} INFO - [2025-10-23T21:31:33.951+0000] {dag.py:3954} INFO - Setting next_dagrun for silver_layer_dag to 2025-10-23 19:00:00+00:00, run_after=2025-10-24 19:00:00+00:00
[2025-10-23T21:31:34.111+0000] {processor.py:183} INFO - Processing /opt/airflow/dags/silver_layer_dag.py took 0.381 seconds
[2025-10-23T21:32:05.066+0000] {processor.py:161} INFO - Started process (PID=899) to work on /opt/airflow/dags/silver_layer_dag.py
[2025-10-23T21:32:05.067+0000] {processor.py:830} INFO - Processing file /opt/airflow/dags/silver_layer_dag.py for tasks to queue
[2025-10-23T21:32:05.069+0000] {logging_mixin.py:188} INFO - [2025-10-23T21:32:05.068+0000] {dagbag.py:540} INFO - Filling up the DagBag from /opt/airflow/dags/silver_layer_dag.py
[2025-10-23T21:32:05.252+0000] {processor.py:840} INFO - DAG(s) 'silver_layer_dag' retrieved from /opt/airflow/dags/silver_layer_dag.py
[2025-10-23T21:32:05.269+0000] {logging_mixin.py:188} INFO - [2025-10-23T21:32:05.269+0000] {dag.py:3096} INFO - Sync 1 DAGs
[2025-10-23T21:32:05.408+0000] {logging_mixin.py:188} INFO - [2025-10-23T21:32:05.408+0000] {dag.py:3954} INFO - Setting next_dagrun for silver_layer_dag to 2025-10-23 19:00:00+00:00, run_after=2025-10-24 19:00:00+00:00
[2025-10-23T21:32:05.420+0000] {processor.py:183} INFO - Processing /opt/airflow/dags/silver_layer_dag.py took 0.358 seconds
[2025-10-23T21:32:35.943+0000] {processor.py:161} INFO - Started process (PID=901) to work on /opt/airflow/dags/silver_layer_dag.py
[2025-10-23T21:32:35.944+0000] {processor.py:830} INFO - Processing file /opt/airflow/dags/silver_layer_dag.py for tasks to queue
[2025-10-23T21:32:35.945+0000] {logging_mixin.py:188} INFO - [2025-10-23T21:32:35.945+0000] {dagbag.py:540} INFO - Filling up the DagBag from /opt/airflow/dags/silver_layer_dag.py
[2025-10-23T21:32:36.130+0000] {processor.py:840} INFO - DAG(s) 'silver_layer_dag' retrieved from /opt/airflow/dags/silver_layer_dag.py
[2025-10-23T21:32:36.284+0000] {logging_mixin.py:188} INFO - [2025-10-23T21:32:36.283+0000] {dag.py:3096} INFO - Sync 1 DAGs
[2025-10-23T21:32:36.297+0000] {logging_mixin.py:188} INFO - [2025-10-23T21:32:36.297+0000] {dag.py:3954} INFO - Setting next_dagrun for silver_layer_dag to 2025-10-23 19:00:00+00:00, run_after=2025-10-24 19:00:00+00:00
[2025-10-23T21:32:36.309+0000] {processor.py:183} INFO - Processing /opt/airflow/dags/silver_layer_dag.py took 0.371 seconds
[2025-10-23T21:33:06.823+0000] {processor.py:161} INFO - Started process (PID=903) to work on /opt/airflow/dags/silver_layer_dag.py
[2025-10-23T21:33:06.824+0000] {processor.py:830} INFO - Processing file /opt/airflow/dags/silver_layer_dag.py for tasks to queue
[2025-10-23T21:33:06.825+0000] {logging_mixin.py:188} INFO - [2025-10-23T21:33:06.825+0000] {dagbag.py:540} INFO - Filling up the DagBag from /opt/airflow/dags/silver_layer_dag.py
[2025-10-23T21:33:07.133+0000] {processor.py:840} INFO - DAG(s) 'silver_layer_dag' retrieved from /opt/airflow/dags/silver_layer_dag.py
[2025-10-23T21:33:07.146+0000] {logging_mixin.py:188} INFO - [2025-10-23T21:33:07.146+0000] {dag.py:3096} INFO - Sync 1 DAGs
[2025-10-23T21:33:07.160+0000] {logging_mixin.py:188} INFO - [2025-10-23T21:33:07.160+0000] {dag.py:3954} INFO - Setting next_dagrun for silver_layer_dag to 2025-10-23 19:00:00+00:00, run_after=2025-10-24 19:00:00+00:00
[2025-10-23T21:33:07.173+0000] {processor.py:183} INFO - Processing /opt/airflow/dags/silver_layer_dag.py took 0.355 seconds
[2025-10-23T21:33:37.865+0000] {processor.py:161} INFO - Started process (PID=905) to work on /opt/airflow/dags/silver_layer_dag.py
[2025-10-23T21:33:37.866+0000] {processor.py:830} INFO - Processing file /opt/airflow/dags/silver_layer_dag.py for tasks to queue
[2025-10-23T21:33:37.867+0000] {logging_mixin.py:188} INFO - [2025-10-23T21:33:37.867+0000] {dagbag.py:540} INFO - Filling up the DagBag from /opt/airflow/dags/silver_layer_dag.py
[2025-10-23T21:33:38.048+0000] {processor.py:840} INFO - DAG(s) 'silver_layer_dag' retrieved from /opt/airflow/dags/silver_layer_dag.py
[2025-10-23T21:33:38.064+0000] {logging_mixin.py:188} INFO - [2025-10-23T21:33:38.064+0000] {dag.py:3096} INFO - Sync 1 DAGs
[2025-10-23T21:33:38.080+0000] {logging_mixin.py:188} INFO - [2025-10-23T21:33:38.080+0000] {dag.py:3954} INFO - Setting next_dagrun for silver_layer_dag to 2025-10-23 19:00:00+00:00, run_after=2025-10-24 19:00:00+00:00
[2025-10-23T21:33:38.094+0000] {processor.py:183} INFO - Processing /opt/airflow/dags/silver_layer_dag.py took 0.233 seconds
[2025-10-23T21:34:09.022+0000] {processor.py:161} INFO - Started process (PID=907) to work on /opt/airflow/dags/silver_layer_dag.py
[2025-10-23T21:34:09.023+0000] {processor.py:830} INFO - Processing file /opt/airflow/dags/silver_layer_dag.py for tasks to queue
[2025-10-23T21:34:09.024+0000] {logging_mixin.py:188} INFO - [2025-10-23T21:34:09.024+0000] {dagbag.py:540} INFO - Filling up the DagBag from /opt/airflow/dags/silver_layer_dag.py
[2025-10-23T21:34:09.214+0000] {processor.py:840} INFO - DAG(s) 'silver_layer_dag' retrieved from /opt/airflow/dags/silver_layer_dag.py
[2025-10-23T21:34:09.230+0000] {logging_mixin.py:188} INFO - [2025-10-23T21:34:09.230+0000] {dag.py:3096} INFO - Sync 1 DAGs
[2025-10-23T21:34:09.246+0000] {logging_mixin.py:188} INFO - [2025-10-23T21:34:09.246+0000] {dag.py:3954} INFO - Setting next_dagrun for silver_layer_dag to 2025-10-23 19:00:00+00:00, run_after=2025-10-24 19:00:00+00:00
[2025-10-23T21:34:09.371+0000] {processor.py:183} INFO - Processing /opt/airflow/dags/silver_layer_dag.py took 0.354 seconds
[2025-10-23T21:34:39.830+0000] {processor.py:161} INFO - Started process (PID=909) to work on /opt/airflow/dags/silver_layer_dag.py
[2025-10-23T21:34:39.831+0000] {processor.py:830} INFO - Processing file /opt/airflow/dags/silver_layer_dag.py for tasks to queue
[2025-10-23T21:34:39.832+0000] {logging_mixin.py:188} INFO - [2025-10-23T21:34:39.832+0000] {dagbag.py:540} INFO - Filling up the DagBag from /opt/airflow/dags/silver_layer_dag.py
[2025-10-23T21:34:40.016+0000] {processor.py:840} INFO - DAG(s) 'silver_layer_dag' retrieved from /opt/airflow/dags/silver_layer_dag.py
[2025-10-23T21:34:40.033+0000] {logging_mixin.py:188} INFO - [2025-10-23T21:34:40.033+0000] {dag.py:3096} INFO - Sync 1 DAGs
[2025-10-23T21:34:40.162+0000] {logging_mixin.py:188} INFO - [2025-10-23T21:34:40.162+0000] {dag.py:3954} INFO - Setting next_dagrun for silver_layer_dag to 2025-10-23 19:00:00+00:00, run_after=2025-10-24 19:00:00+00:00
[2025-10-23T21:34:40.175+0000] {processor.py:183} INFO - Processing /opt/airflow/dags/silver_layer_dag.py took 0.351 seconds
[2025-10-23T21:35:10.554+0000] {processor.py:161} INFO - Started process (PID=911) to work on /opt/airflow/dags/silver_layer_dag.py
[2025-10-23T21:35:10.555+0000] {processor.py:830} INFO - Processing file /opt/airflow/dags/silver_layer_dag.py for tasks to queue
[2025-10-23T21:35:10.557+0000] {logging_mixin.py:188} INFO - [2025-10-23T21:35:10.557+0000] {dagbag.py:540} INFO - Filling up the DagBag from /opt/airflow/dags/silver_layer_dag.py
[2025-10-23T21:35:10.758+0000] {processor.py:840} INFO - DAG(s) 'silver_layer_dag' retrieved from /opt/airflow/dags/silver_layer_dag.py
[2025-10-23T21:35:10.912+0000] {logging_mixin.py:188} INFO - [2025-10-23T21:35:10.911+0000] {dag.py:3096} INFO - Sync 1 DAGs
[2025-10-23T21:35:10.926+0000] {logging_mixin.py:188} INFO - [2025-10-23T21:35:10.925+0000] {dag.py:3954} INFO - Setting next_dagrun for silver_layer_dag to 2025-10-23 19:00:00+00:00, run_after=2025-10-24 19:00:00+00:00
[2025-10-23T21:35:10.940+0000] {processor.py:183} INFO - Processing /opt/airflow/dags/silver_layer_dag.py took 0.391 seconds
[2025-10-23T21:35:41.387+0000] {processor.py:161} INFO - Started process (PID=913) to work on /opt/airflow/dags/silver_layer_dag.py
[2025-10-23T21:35:41.388+0000] {processor.py:830} INFO - Processing file /opt/airflow/dags/silver_layer_dag.py for tasks to queue
[2025-10-23T21:35:41.389+0000] {logging_mixin.py:188} INFO - [2025-10-23T21:35:41.389+0000] {dagbag.py:540} INFO - Filling up the DagBag from /opt/airflow/dags/silver_layer_dag.py
[2025-10-23T21:35:41.573+0000] {processor.py:840} INFO - DAG(s) 'silver_layer_dag' retrieved from /opt/airflow/dags/silver_layer_dag.py
[2025-10-23T21:35:41.589+0000] {logging_mixin.py:188} INFO - [2025-10-23T21:35:41.589+0000] {dag.py:3096} INFO - Sync 1 DAGs
[2025-10-23T21:35:41.604+0000] {logging_mixin.py:188} INFO - [2025-10-23T21:35:41.604+0000] {dag.py:3954} INFO - Setting next_dagrun for silver_layer_dag to 2025-10-23 19:00:00+00:00, run_after=2025-10-24 19:00:00+00:00
[2025-10-23T21:35:41.617+0000] {processor.py:183} INFO - Processing /opt/airflow/dags/silver_layer_dag.py took 0.235 seconds
[2025-10-23T21:36:12.430+0000] {processor.py:161} INFO - Started process (PID=915) to work on /opt/airflow/dags/silver_layer_dag.py
[2025-10-23T21:36:12.431+0000] {processor.py:830} INFO - Processing file /opt/airflow/dags/silver_layer_dag.py for tasks to queue
[2025-10-23T21:36:12.433+0000] {logging_mixin.py:188} INFO - [2025-10-23T21:36:12.432+0000] {dagbag.py:540} INFO - Filling up the DagBag from /opt/airflow/dags/silver_layer_dag.py
[2025-10-23T21:36:12.617+0000] {processor.py:840} INFO - DAG(s) 'silver_layer_dag' retrieved from /opt/airflow/dags/silver_layer_dag.py
[2025-10-23T21:36:12.633+0000] {logging_mixin.py:188} INFO - [2025-10-23T21:36:12.633+0000] {dag.py:3096} INFO - Sync 1 DAGs
[2025-10-23T21:36:12.649+0000] {logging_mixin.py:188} INFO - [2025-10-23T21:36:12.649+0000] {dag.py:3954} INFO - Setting next_dagrun for silver_layer_dag to 2025-10-23 19:00:00+00:00, run_after=2025-10-24 19:00:00+00:00
[2025-10-23T21:36:12.663+0000] {processor.py:183} INFO - Processing /opt/airflow/dags/silver_layer_dag.py took 0.238 seconds
[2025-10-23T21:36:42.712+0000] {processor.py:161} INFO - Started process (PID=917) to work on /opt/airflow/dags/silver_layer_dag.py
[2025-10-23T21:36:42.712+0000] {processor.py:830} INFO - Processing file /opt/airflow/dags/silver_layer_dag.py for tasks to queue
[2025-10-23T21:36:42.714+0000] {logging_mixin.py:188} INFO - [2025-10-23T21:36:42.714+0000] {dagbag.py:540} INFO - Filling up the DagBag from /opt/airflow/dags/silver_layer_dag.py
[2025-10-23T21:36:42.896+0000] {processor.py:840} INFO - DAG(s) 'silver_layer_dag' retrieved from /opt/airflow/dags/silver_layer_dag.py
[2025-10-23T21:36:42.913+0000] {logging_mixin.py:188} INFO - [2025-10-23T21:36:42.913+0000] {dag.py:3096} INFO - Sync 1 DAGs
[2025-10-23T21:36:42.930+0000] {logging_mixin.py:188} INFO - [2025-10-23T21:36:42.929+0000] {dag.py:3954} INFO - Setting next_dagrun for silver_layer_dag to 2025-10-23 19:00:00+00:00, run_after=2025-10-24 19:00:00+00:00
[2025-10-23T21:36:43.068+0000] {processor.py:183} INFO - Processing /opt/airflow/dags/silver_layer_dag.py took 0.361 seconds
[2025-10-23T21:37:13.594+0000] {processor.py:161} INFO - Started process (PID=919) to work on /opt/airflow/dags/silver_layer_dag.py
[2025-10-23T21:37:13.595+0000] {processor.py:830} INFO - Processing file /opt/airflow/dags/silver_layer_dag.py for tasks to queue
[2025-10-23T21:37:13.597+0000] {logging_mixin.py:188} INFO - [2025-10-23T21:37:13.596+0000] {dagbag.py:540} INFO - Filling up the DagBag from /opt/airflow/dags/silver_layer_dag.py
[2025-10-23T21:37:13.780+0000] {processor.py:840} INFO - DAG(s) 'silver_layer_dag' retrieved from /opt/airflow/dags/silver_layer_dag.py
[2025-10-23T21:37:13.798+0000] {logging_mixin.py:188} INFO - [2025-10-23T21:37:13.798+0000] {dag.py:3096} INFO - Sync 1 DAGs
[2025-10-23T21:37:13.940+0000] {logging_mixin.py:188} INFO - [2025-10-23T21:37:13.940+0000] {dag.py:3954} INFO - Setting next_dagrun for silver_layer_dag to 2025-10-23 19:00:00+00:00, run_after=2025-10-24 19:00:00+00:00
[2025-10-23T21:37:13.953+0000] {processor.py:183} INFO - Processing /opt/airflow/dags/silver_layer_dag.py took 0.363 seconds
[2025-10-23T21:37:44.333+0000] {processor.py:161} INFO - Started process (PID=921) to work on /opt/airflow/dags/silver_layer_dag.py
[2025-10-23T21:37:44.333+0000] {processor.py:830} INFO - Processing file /opt/airflow/dags/silver_layer_dag.py for tasks to queue
[2025-10-23T21:37:44.335+0000] {logging_mixin.py:188} INFO - [2025-10-23T21:37:44.335+0000] {dagbag.py:540} INFO - Filling up the DagBag from /opt/airflow/dags/silver_layer_dag.py
[2025-10-23T21:37:44.519+0000] {processor.py:840} INFO - DAG(s) 'silver_layer_dag' retrieved from /opt/airflow/dags/silver_layer_dag.py
[2025-10-23T21:37:44.644+0000] {logging_mixin.py:188} INFO - [2025-10-23T21:37:44.643+0000] {dag.py:3096} INFO - Sync 1 DAGs
[2025-10-23T21:37:44.657+0000] {logging_mixin.py:188} INFO - [2025-10-23T21:37:44.657+0000] {dag.py:3954} INFO - Setting next_dagrun for silver_layer_dag to 2025-10-23 19:00:00+00:00, run_after=2025-10-24 19:00:00+00:00
[2025-10-23T21:37:44.670+0000] {processor.py:183} INFO - Processing /opt/airflow/dags/silver_layer_dag.py took 0.341 seconds
[2025-10-23T21:38:15.625+0000] {processor.py:161} INFO - Started process (PID=923) to work on /opt/airflow/dags/silver_layer_dag.py
[2025-10-23T21:38:15.626+0000] {processor.py:830} INFO - Processing file /opt/airflow/dags/silver_layer_dag.py for tasks to queue
[2025-10-23T21:38:15.627+0000] {logging_mixin.py:188} INFO - [2025-10-23T21:38:15.627+0000] {dagbag.py:540} INFO - Filling up the DagBag from /opt/airflow/dags/silver_layer_dag.py
[2025-10-23T21:38:15.811+0000] {processor.py:840} INFO - DAG(s) 'silver_layer_dag' retrieved from /opt/airflow/dags/silver_layer_dag.py
[2025-10-23T21:38:15.828+0000] {logging_mixin.py:188} INFO - [2025-10-23T21:38:15.828+0000] {dag.py:3096} INFO - Sync 1 DAGs
[2025-10-23T21:38:15.845+0000] {logging_mixin.py:188} INFO - [2025-10-23T21:38:15.845+0000] {dag.py:3954} INFO - Setting next_dagrun for silver_layer_dag to 2025-10-23 19:00:00+00:00, run_after=2025-10-24 19:00:00+00:00
[2025-10-23T21:38:15.858+0000] {processor.py:183} INFO - Processing /opt/airflow/dags/silver_layer_dag.py took 0.238 seconds
[2025-10-23T21:38:46.574+0000] {processor.py:161} INFO - Started process (PID=925) to work on /opt/airflow/dags/silver_layer_dag.py
[2025-10-23T21:38:46.575+0000] {processor.py:830} INFO - Processing file /opt/airflow/dags/silver_layer_dag.py for tasks to queue
[2025-10-23T21:38:46.577+0000] {logging_mixin.py:188} INFO - [2025-10-23T21:38:46.577+0000] {dagbag.py:540} INFO - Filling up the DagBag from /opt/airflow/dags/silver_layer_dag.py
[2025-10-23T21:38:46.760+0000] {processor.py:840} INFO - DAG(s) 'silver_layer_dag' retrieved from /opt/airflow/dags/silver_layer_dag.py
[2025-10-23T21:38:46.776+0000] {logging_mixin.py:188} INFO - [2025-10-23T21:38:46.776+0000] {dag.py:3096} INFO - Sync 1 DAGs
[2025-10-23T21:38:46.792+0000] {logging_mixin.py:188} INFO - [2025-10-23T21:38:46.792+0000] {dag.py:3954} INFO - Setting next_dagrun for silver_layer_dag to 2025-10-23 19:00:00+00:00, run_after=2025-10-24 19:00:00+00:00
[2025-10-23T21:38:46.805+0000] {processor.py:183} INFO - Processing /opt/airflow/dags/silver_layer_dag.py took 0.236 seconds
[2025-10-23T21:39:17.735+0000] {processor.py:161} INFO - Started process (PID=927) to work on /opt/airflow/dags/silver_layer_dag.py
[2025-10-23T21:39:17.736+0000] {processor.py:830} INFO - Processing file /opt/airflow/dags/silver_layer_dag.py for tasks to queue
[2025-10-23T21:39:17.737+0000] {logging_mixin.py:188} INFO - [2025-10-23T21:39:17.737+0000] {dagbag.py:540} INFO - Filling up the DagBag from /opt/airflow/dags/silver_layer_dag.py
[2025-10-23T21:39:17.920+0000] {processor.py:840} INFO - DAG(s) 'silver_layer_dag' retrieved from /opt/airflow/dags/silver_layer_dag.py
[2025-10-23T21:39:17.937+0000] {logging_mixin.py:188} INFO - [2025-10-23T21:39:17.937+0000] {dag.py:3096} INFO - Sync 1 DAGs
[2025-10-23T21:39:18.092+0000] {logging_mixin.py:188} INFO - [2025-10-23T21:39:18.092+0000] {dag.py:3954} INFO - Setting next_dagrun for silver_layer_dag to 2025-10-23 19:00:00+00:00, run_after=2025-10-24 19:00:00+00:00
[2025-10-23T21:39:18.105+0000] {processor.py:183} INFO - Processing /opt/airflow/dags/silver_layer_dag.py took 0.374 seconds
[2025-10-23T21:39:49.050+0000] {processor.py:161} INFO - Started process (PID=929) to work on /opt/airflow/dags/silver_layer_dag.py
[2025-10-23T21:39:49.051+0000] {processor.py:830} INFO - Processing file /opt/airflow/dags/silver_layer_dag.py for tasks to queue
[2025-10-23T21:39:49.053+0000] {logging_mixin.py:188} INFO - [2025-10-23T21:39:49.053+0000] {dagbag.py:540} INFO - Filling up the DagBag from /opt/airflow/dags/silver_layer_dag.py
[2025-10-23T21:39:49.235+0000] {processor.py:840} INFO - DAG(s) 'silver_layer_dag' retrieved from /opt/airflow/dags/silver_layer_dag.py
[2025-10-23T21:39:49.252+0000] {logging_mixin.py:188} INFO - [2025-10-23T21:39:49.252+0000] {dag.py:3096} INFO - Sync 1 DAGs
[2025-10-23T21:39:49.391+0000] {logging_mixin.py:188} INFO - [2025-10-23T21:39:49.391+0000] {dag.py:3954} INFO - Setting next_dagrun for silver_layer_dag to 2025-10-23 19:00:00+00:00, run_after=2025-10-24 19:00:00+00:00
[2025-10-23T21:39:49.403+0000] {processor.py:183} INFO - Processing /opt/airflow/dags/silver_layer_dag.py took 0.358 seconds
[2025-10-23T21:40:20.321+0000] {processor.py:161} INFO - Started process (PID=931) to work on /opt/airflow/dags/silver_layer_dag.py
[2025-10-23T21:40:20.322+0000] {processor.py:830} INFO - Processing file /opt/airflow/dags/silver_layer_dag.py for tasks to queue
[2025-10-23T21:40:20.323+0000] {logging_mixin.py:188} INFO - [2025-10-23T21:40:20.323+0000] {dagbag.py:540} INFO - Filling up the DagBag from /opt/airflow/dags/silver_layer_dag.py
[2025-10-23T21:40:20.514+0000] {processor.py:840} INFO - DAG(s) 'silver_layer_dag' retrieved from /opt/airflow/dags/silver_layer_dag.py
[2025-10-23T21:40:20.643+0000] {logging_mixin.py:188} INFO - [2025-10-23T21:40:20.643+0000] {dag.py:3096} INFO - Sync 1 DAGs
[2025-10-23T21:40:20.656+0000] {logging_mixin.py:188} INFO - [2025-10-23T21:40:20.656+0000] {dag.py:3954} INFO - Setting next_dagrun for silver_layer_dag to 2025-10-23 19:00:00+00:00, run_after=2025-10-24 19:00:00+00:00
[2025-10-23T21:40:20.668+0000] {processor.py:183} INFO - Processing /opt/airflow/dags/silver_layer_dag.py took 0.353 seconds
[2025-10-23T21:40:51.581+0000] {processor.py:161} INFO - Started process (PID=933) to work on /opt/airflow/dags/silver_layer_dag.py
[2025-10-23T21:40:51.582+0000] {processor.py:830} INFO - Processing file /opt/airflow/dags/silver_layer_dag.py for tasks to queue
[2025-10-23T21:40:51.583+0000] {logging_mixin.py:188} INFO - [2025-10-23T21:40:51.583+0000] {dagbag.py:540} INFO - Filling up the DagBag from /opt/airflow/dags/silver_layer_dag.py
[2025-10-23T21:40:51.767+0000] {processor.py:840} INFO - DAG(s) 'silver_layer_dag' retrieved from /opt/airflow/dags/silver_layer_dag.py
[2025-10-23T21:40:51.784+0000] {logging_mixin.py:188} INFO - [2025-10-23T21:40:51.783+0000] {dag.py:3096} INFO - Sync 1 DAGs
[2025-10-23T21:40:51.799+0000] {logging_mixin.py:188} INFO - [2025-10-23T21:40:51.799+0000] {dag.py:3954} INFO - Setting next_dagrun for silver_layer_dag to 2025-10-23 19:00:00+00:00, run_after=2025-10-24 19:00:00+00:00
[2025-10-23T21:40:51.818+0000] {processor.py:183} INFO - Processing /opt/airflow/dags/silver_layer_dag.py took 0.243 seconds
[2025-10-23T21:41:22.273+0000] {processor.py:161} INFO - Started process (PID=935) to work on /opt/airflow/dags/silver_layer_dag.py
[2025-10-23T21:41:22.274+0000] {processor.py:830} INFO - Processing file /opt/airflow/dags/silver_layer_dag.py for tasks to queue
[2025-10-23T21:41:22.276+0000] {logging_mixin.py:188} INFO - [2025-10-23T21:41:22.276+0000] {dagbag.py:540} INFO - Filling up the DagBag from /opt/airflow/dags/silver_layer_dag.py
[2025-10-23T21:41:22.574+0000] {processor.py:840} INFO - DAG(s) 'silver_layer_dag' retrieved from /opt/airflow/dags/silver_layer_dag.py
[2025-10-23T21:41:22.587+0000] {logging_mixin.py:188} INFO - [2025-10-23T21:41:22.587+0000] {dag.py:3096} INFO - Sync 1 DAGs
[2025-10-23T21:41:22.600+0000] {logging_mixin.py:188} INFO - [2025-10-23T21:41:22.600+0000] {dag.py:3954} INFO - Setting next_dagrun for silver_layer_dag to 2025-10-23 19:00:00+00:00, run_after=2025-10-24 19:00:00+00:00
[2025-10-23T21:41:22.613+0000] {processor.py:183} INFO - Processing /opt/airflow/dags/silver_layer_dag.py took 0.345 seconds
[2025-10-23T21:41:53.421+0000] {processor.py:161} INFO - Started process (PID=938) to work on /opt/airflow/dags/silver_layer_dag.py
[2025-10-23T21:41:53.421+0000] {processor.py:830} INFO - Processing file /opt/airflow/dags/silver_layer_dag.py for tasks to queue
[2025-10-23T21:41:53.423+0000] {logging_mixin.py:188} INFO - [2025-10-23T21:41:53.423+0000] {dagbag.py:540} INFO - Filling up the DagBag from /opt/airflow/dags/silver_layer_dag.py
[2025-10-23T21:41:53.608+0000] {processor.py:840} INFO - DAG(s) 'silver_layer_dag' retrieved from /opt/airflow/dags/silver_layer_dag.py
[2025-10-23T21:41:53.624+0000] {logging_mixin.py:188} INFO - [2025-10-23T21:41:53.624+0000] {dag.py:3096} INFO - Sync 1 DAGs
[2025-10-23T21:41:53.755+0000] {logging_mixin.py:188} INFO - [2025-10-23T21:41:53.755+0000] {dag.py:3954} INFO - Setting next_dagrun for silver_layer_dag to 2025-10-23 19:00:00+00:00, run_after=2025-10-24 19:00:00+00:00
[2025-10-23T21:41:53.767+0000] {processor.py:183} INFO - Processing /opt/airflow/dags/silver_layer_dag.py took 0.351 seconds
[2025-10-23T21:42:24.604+0000] {processor.py:161} INFO - Started process (PID=940) to work on /opt/airflow/dags/silver_layer_dag.py
[2025-10-23T21:42:24.605+0000] {processor.py:830} INFO - Processing file /opt/airflow/dags/silver_layer_dag.py for tasks to queue
[2025-10-23T21:42:24.606+0000] {logging_mixin.py:188} INFO - [2025-10-23T21:42:24.606+0000] {dagbag.py:540} INFO - Filling up the DagBag from /opt/airflow/dags/silver_layer_dag.py
[2025-10-23T21:42:24.788+0000] {processor.py:840} INFO - DAG(s) 'silver_layer_dag' retrieved from /opt/airflow/dags/silver_layer_dag.py
[2025-10-23T21:42:24.924+0000] {logging_mixin.py:188} INFO - [2025-10-23T21:42:24.924+0000] {dag.py:3096} INFO - Sync 1 DAGs
[2025-10-23T21:42:24.938+0000] {logging_mixin.py:188} INFO - [2025-10-23T21:42:24.938+0000] {dag.py:3954} INFO - Setting next_dagrun for silver_layer_dag to 2025-10-23 19:00:00+00:00, run_after=2025-10-24 19:00:00+00:00
[2025-10-23T21:42:24.951+0000] {processor.py:183} INFO - Processing /opt/airflow/dags/silver_layer_dag.py took 0.351 seconds
[2025-10-23T21:42:55.036+0000] {processor.py:161} INFO - Started process (PID=942) to work on /opt/airflow/dags/silver_layer_dag.py
[2025-10-23T21:42:55.037+0000] {processor.py:830} INFO - Processing file /opt/airflow/dags/silver_layer_dag.py for tasks to queue
[2025-10-23T21:42:55.038+0000] {logging_mixin.py:188} INFO - [2025-10-23T21:42:55.038+0000] {dagbag.py:540} INFO - Filling up the DagBag from /opt/airflow/dags/silver_layer_dag.py
[2025-10-23T21:42:55.359+0000] {processor.py:840} INFO - DAG(s) 'silver_layer_dag' retrieved from /opt/airflow/dags/silver_layer_dag.py
[2025-10-23T21:42:55.373+0000] {logging_mixin.py:188} INFO - [2025-10-23T21:42:55.373+0000] {dag.py:3096} INFO - Sync 1 DAGs
[2025-10-23T21:42:55.387+0000] {logging_mixin.py:188} INFO - [2025-10-23T21:42:55.387+0000] {dag.py:3954} INFO - Setting next_dagrun for silver_layer_dag to 2025-10-23 19:00:00+00:00, run_after=2025-10-24 19:00:00+00:00
[2025-10-23T21:42:55.399+0000] {processor.py:183} INFO - Processing /opt/airflow/dags/silver_layer_dag.py took 0.368 seconds
[2025-10-23T21:43:26.301+0000] {processor.py:161} INFO - Started process (PID=944) to work on /opt/airflow/dags/silver_layer_dag.py
[2025-10-23T21:43:26.301+0000] {processor.py:830} INFO - Processing file /opt/airflow/dags/silver_layer_dag.py for tasks to queue
[2025-10-23T21:43:26.303+0000] {logging_mixin.py:188} INFO - [2025-10-23T21:43:26.303+0000] {dagbag.py:540} INFO - Filling up the DagBag from /opt/airflow/dags/silver_layer_dag.py
[2025-10-23T21:43:26.485+0000] {processor.py:840} INFO - DAG(s) 'silver_layer_dag' retrieved from /opt/airflow/dags/silver_layer_dag.py
[2025-10-23T21:43:26.501+0000] {logging_mixin.py:188} INFO - [2025-10-23T21:43:26.501+0000] {dag.py:3096} INFO - Sync 1 DAGs
[2025-10-23T21:43:26.517+0000] {logging_mixin.py:188} INFO - [2025-10-23T21:43:26.517+0000] {dag.py:3954} INFO - Setting next_dagrun for silver_layer_dag to 2025-10-23 19:00:00+00:00, run_after=2025-10-24 19:00:00+00:00
[2025-10-23T21:43:26.643+0000] {processor.py:183} INFO - Processing /opt/airflow/dags/silver_layer_dag.py took 0.347 seconds
[2025-10-23T21:43:57.529+0000] {processor.py:161} INFO - Started process (PID=946) to work on /opt/airflow/dags/silver_layer_dag.py
[2025-10-23T21:43:57.530+0000] {processor.py:830} INFO - Processing file /opt/airflow/dags/silver_layer_dag.py for tasks to queue
[2025-10-23T21:43:57.531+0000] {logging_mixin.py:188} INFO - [2025-10-23T21:43:57.531+0000] {dagbag.py:540} INFO - Filling up the DagBag from /opt/airflow/dags/silver_layer_dag.py
[2025-10-23T21:43:57.714+0000] {processor.py:840} INFO - DAG(s) 'silver_layer_dag' retrieved from /opt/airflow/dags/silver_layer_dag.py
[2025-10-23T21:43:57.732+0000] {logging_mixin.py:188} INFO - [2025-10-23T21:43:57.732+0000] {dag.py:3096} INFO - Sync 1 DAGs
[2025-10-23T21:43:57.878+0000] {logging_mixin.py:188} INFO - [2025-10-23T21:43:57.878+0000] {dag.py:3954} INFO - Setting next_dagrun for silver_layer_dag to 2025-10-23 19:00:00+00:00, run_after=2025-10-24 19:00:00+00:00
[2025-10-23T21:43:57.891+0000] {processor.py:183} INFO - Processing /opt/airflow/dags/silver_layer_dag.py took 0.366 seconds
[2025-10-23T21:44:28.772+0000] {processor.py:161} INFO - Started process (PID=948) to work on /opt/airflow/dags/silver_layer_dag.py
[2025-10-23T21:44:28.773+0000] {processor.py:830} INFO - Processing file /opt/airflow/dags/silver_layer_dag.py for tasks to queue
[2025-10-23T21:44:28.775+0000] {logging_mixin.py:188} INFO - [2025-10-23T21:44:28.774+0000] {dagbag.py:540} INFO - Filling up the DagBag from /opt/airflow/dags/silver_layer_dag.py
[2025-10-23T21:44:28.955+0000] {processor.py:840} INFO - DAG(s) 'silver_layer_dag' retrieved from /opt/airflow/dags/silver_layer_dag.py
[2025-10-23T21:44:29.089+0000] {logging_mixin.py:188} INFO - [2025-10-23T21:44:29.089+0000] {dag.py:3096} INFO - Sync 1 DAGs
[2025-10-23T21:44:29.103+0000] {logging_mixin.py:188} INFO - [2025-10-23T21:44:29.103+0000] {dag.py:3954} INFO - Setting next_dagrun for silver_layer_dag to 2025-10-23 19:00:00+00:00, run_after=2025-10-24 19:00:00+00:00
[2025-10-23T21:44:29.115+0000] {processor.py:183} INFO - Processing /opt/airflow/dags/silver_layer_dag.py took 0.347 seconds
[2025-10-23T21:44:59.301+0000] {processor.py:161} INFO - Started process (PID=950) to work on /opt/airflow/dags/silver_layer_dag.py
[2025-10-23T21:44:59.301+0000] {processor.py:830} INFO - Processing file /opt/airflow/dags/silver_layer_dag.py for tasks to queue
[2025-10-23T21:44:59.303+0000] {logging_mixin.py:188} INFO - [2025-10-23T21:44:59.303+0000] {dagbag.py:540} INFO - Filling up the DagBag from /opt/airflow/dags/silver_layer_dag.py
[2025-10-23T21:44:59.620+0000] {processor.py:840} INFO - DAG(s) 'silver_layer_dag' retrieved from /opt/airflow/dags/silver_layer_dag.py
[2025-10-23T21:44:59.641+0000] {logging_mixin.py:188} INFO - [2025-10-23T21:44:59.641+0000] {dag.py:3096} INFO - Sync 1 DAGs
[2025-10-23T21:44:59.662+0000] {logging_mixin.py:188} INFO - [2025-10-23T21:44:59.661+0000] {dag.py:3954} INFO - Setting next_dagrun for silver_layer_dag to 2025-10-23 19:00:00+00:00, run_after=2025-10-24 19:00:00+00:00
[2025-10-23T21:44:59.684+0000] {processor.py:183} INFO - Processing /opt/airflow/dags/silver_layer_dag.py took 0.388 seconds
[2025-10-23T21:45:29.734+0000] {processor.py:161} INFO - Started process (PID=952) to work on /opt/airflow/dags/silver_layer_dag.py
[2025-10-23T21:45:29.734+0000] {processor.py:830} INFO - Processing file /opt/airflow/dags/silver_layer_dag.py for tasks to queue
[2025-10-23T21:45:29.736+0000] {logging_mixin.py:188} INFO - [2025-10-23T21:45:29.736+0000] {dagbag.py:540} INFO - Filling up the DagBag from /opt/airflow/dags/silver_layer_dag.py
[2025-10-23T21:45:30.057+0000] {processor.py:840} INFO - DAG(s) 'silver_layer_dag' retrieved from /opt/airflow/dags/silver_layer_dag.py
[2025-10-23T21:45:30.070+0000] {logging_mixin.py:188} INFO - [2025-10-23T21:45:30.070+0000] {dag.py:3096} INFO - Sync 1 DAGs
[2025-10-23T21:45:30.083+0000] {logging_mixin.py:188} INFO - [2025-10-23T21:45:30.083+0000] {dag.py:3954} INFO - Setting next_dagrun for silver_layer_dag to 2025-10-23 19:00:00+00:00, run_after=2025-10-24 19:00:00+00:00
[2025-10-23T21:45:30.095+0000] {processor.py:183} INFO - Processing /opt/airflow/dags/silver_layer_dag.py took 0.366 seconds
[2025-10-23T21:46:00.460+0000] {processor.py:161} INFO - Started process (PID=954) to work on /opt/airflow/dags/silver_layer_dag.py
[2025-10-23T21:46:00.461+0000] {processor.py:830} INFO - Processing file /opt/airflow/dags/silver_layer_dag.py for tasks to queue
[2025-10-23T21:46:00.463+0000] {logging_mixin.py:188} INFO - [2025-10-23T21:46:00.463+0000] {dagbag.py:540} INFO - Filling up the DagBag from /opt/airflow/dags/silver_layer_dag.py
[2025-10-23T21:46:00.795+0000] {processor.py:840} INFO - DAG(s) 'silver_layer_dag' retrieved from /opt/airflow/dags/silver_layer_dag.py
[2025-10-23T21:46:00.808+0000] {logging_mixin.py:188} INFO - [2025-10-23T21:46:00.808+0000] {dag.py:3096} INFO - Sync 1 DAGs
[2025-10-23T21:46:00.821+0000] {logging_mixin.py:188} INFO - [2025-10-23T21:46:00.821+0000] {dag.py:3954} INFO - Setting next_dagrun for silver_layer_dag to 2025-10-23 19:00:00+00:00, run_after=2025-10-24 19:00:00+00:00
[2025-10-23T21:46:00.835+0000] {processor.py:183} INFO - Processing /opt/airflow/dags/silver_layer_dag.py took 0.381 seconds
[2025-10-23T21:46:30.939+0000] {processor.py:161} INFO - Started process (PID=956) to work on /opt/airflow/dags/silver_layer_dag.py
[2025-10-23T21:46:30.940+0000] {processor.py:830} INFO - Processing file /opt/airflow/dags/silver_layer_dag.py for tasks to queue
[2025-10-23T21:46:30.942+0000] {logging_mixin.py:188} INFO - [2025-10-23T21:46:30.941+0000] {dagbag.py:540} INFO - Filling up the DagBag from /opt/airflow/dags/silver_layer_dag.py
[2025-10-23T21:46:31.253+0000] {processor.py:840} INFO - DAG(s) 'silver_layer_dag' retrieved from /opt/airflow/dags/silver_layer_dag.py
[2025-10-23T21:46:31.267+0000] {logging_mixin.py:188} INFO - [2025-10-23T21:46:31.266+0000] {dag.py:3096} INFO - Sync 1 DAGs
[2025-10-23T21:46:31.281+0000] {logging_mixin.py:188} INFO - [2025-10-23T21:46:31.281+0000] {dag.py:3954} INFO - Setting next_dagrun for silver_layer_dag to 2025-10-23 19:00:00+00:00, run_after=2025-10-24 19:00:00+00:00
[2025-10-23T21:46:31.294+0000] {processor.py:183} INFO - Processing /opt/airflow/dags/silver_layer_dag.py took 0.359 seconds
[2025-10-23T21:47:01.512+0000] {processor.py:161} INFO - Started process (PID=958) to work on /opt/airflow/dags/silver_layer_dag.py
[2025-10-23T21:47:01.512+0000] {processor.py:830} INFO - Processing file /opt/airflow/dags/silver_layer_dag.py for tasks to queue
[2025-10-23T21:47:01.514+0000] {logging_mixin.py:188} INFO - [2025-10-23T21:47:01.514+0000] {dagbag.py:540} INFO - Filling up the DagBag from /opt/airflow/dags/silver_layer_dag.py
[2025-10-23T21:47:01.697+0000] {processor.py:840} INFO - DAG(s) 'silver_layer_dag' retrieved from /opt/airflow/dags/silver_layer_dag.py
[2025-10-23T21:47:01.713+0000] {logging_mixin.py:188} INFO - [2025-10-23T21:47:01.713+0000] {dag.py:3096} INFO - Sync 1 DAGs
[2025-10-23T21:47:01.846+0000] {logging_mixin.py:188} INFO - [2025-10-23T21:47:01.846+0000] {dag.py:3954} INFO - Setting next_dagrun for silver_layer_dag to 2025-10-23 19:00:00+00:00, run_after=2025-10-24 19:00:00+00:00
[2025-10-23T21:47:01.859+0000] {processor.py:183} INFO - Processing /opt/airflow/dags/silver_layer_dag.py took 0.352 seconds
[2025-10-23T21:47:31.936+0000] {processor.py:161} INFO - Started process (PID=960) to work on /opt/airflow/dags/silver_layer_dag.py
[2025-10-23T21:47:31.937+0000] {processor.py:830} INFO - Processing file /opt/airflow/dags/silver_layer_dag.py for tasks to queue
[2025-10-23T21:47:31.939+0000] {logging_mixin.py:188} INFO - [2025-10-23T21:47:31.938+0000] {dagbag.py:540} INFO - Filling up the DagBag from /opt/airflow/dags/silver_layer_dag.py
[2025-10-23T21:47:32.129+0000] {processor.py:840} INFO - DAG(s) 'silver_layer_dag' retrieved from /opt/airflow/dags/silver_layer_dag.py
[2025-10-23T21:47:32.278+0000] {logging_mixin.py:188} INFO - [2025-10-23T21:47:32.278+0000] {dag.py:3096} INFO - Sync 1 DAGs
[2025-10-23T21:47:32.291+0000] {logging_mixin.py:188} INFO - [2025-10-23T21:47:32.291+0000] {dag.py:3954} INFO - Setting next_dagrun for silver_layer_dag to 2025-10-23 19:00:00+00:00, run_after=2025-10-24 19:00:00+00:00
[2025-10-23T21:47:32.304+0000] {processor.py:183} INFO - Processing /opt/airflow/dags/silver_layer_dag.py took 0.373 seconds
[2025-10-23T21:48:02.366+0000] {processor.py:161} INFO - Started process (PID=962) to work on /opt/airflow/dags/silver_layer_dag.py
[2025-10-23T21:48:02.366+0000] {processor.py:830} INFO - Processing file /opt/airflow/dags/silver_layer_dag.py for tasks to queue
[2025-10-23T21:48:02.368+0000] {logging_mixin.py:188} INFO - [2025-10-23T21:48:02.368+0000] {dagbag.py:540} INFO - Filling up the DagBag from /opt/airflow/dags/silver_layer_dag.py
[2025-10-23T21:48:02.683+0000] {processor.py:840} INFO - DAG(s) 'silver_layer_dag' retrieved from /opt/airflow/dags/silver_layer_dag.py
[2025-10-23T21:48:02.697+0000] {logging_mixin.py:188} INFO - [2025-10-23T21:48:02.697+0000] {dag.py:3096} INFO - Sync 1 DAGs
[2025-10-23T21:48:02.710+0000] {logging_mixin.py:188} INFO - [2025-10-23T21:48:02.710+0000] {dag.py:3954} INFO - Setting next_dagrun for silver_layer_dag to 2025-10-23 19:00:00+00:00, run_after=2025-10-24 19:00:00+00:00
[2025-10-23T21:48:02.722+0000] {processor.py:183} INFO - Processing /opt/airflow/dags/silver_layer_dag.py took 0.361 seconds
[2025-10-23T21:48:33.371+0000] {processor.py:161} INFO - Started process (PID=964) to work on /opt/airflow/dags/silver_layer_dag.py
[2025-10-23T21:48:33.372+0000] {processor.py:830} INFO - Processing file /opt/airflow/dags/silver_layer_dag.py for tasks to queue
[2025-10-23T21:48:33.373+0000] {logging_mixin.py:188} INFO - [2025-10-23T21:48:33.373+0000] {dagbag.py:540} INFO - Filling up the DagBag from /opt/airflow/dags/silver_layer_dag.py
[2025-10-23T21:48:33.664+0000] {processor.py:840} INFO - DAG(s) 'silver_layer_dag' retrieved from /opt/airflow/dags/silver_layer_dag.py
[2025-10-23T21:48:33.677+0000] {logging_mixin.py:188} INFO - [2025-10-23T21:48:33.677+0000] {dag.py:3096} INFO - Sync 1 DAGs
[2025-10-23T21:48:33.690+0000] {logging_mixin.py:188} INFO - [2025-10-23T21:48:33.690+0000] {dag.py:3954} INFO - Setting next_dagrun for silver_layer_dag to 2025-10-23 19:00:00+00:00, run_after=2025-10-24 19:00:00+00:00
[2025-10-23T21:48:33.703+0000] {processor.py:183} INFO - Processing /opt/airflow/dags/silver_layer_dag.py took 0.336 seconds
[2025-10-23T21:49:04.348+0000] {processor.py:161} INFO - Started process (PID=966) to work on /opt/airflow/dags/silver_layer_dag.py
[2025-10-23T21:49:04.349+0000] {processor.py:830} INFO - Processing file /opt/airflow/dags/silver_layer_dag.py for tasks to queue
[2025-10-23T21:49:04.351+0000] {logging_mixin.py:188} INFO - [2025-10-23T21:49:04.350+0000] {dagbag.py:540} INFO - Filling up the DagBag from /opt/airflow/dags/silver_layer_dag.py
[2025-10-23T21:49:04.660+0000] {processor.py:840} INFO - DAG(s) 'silver_layer_dag' retrieved from /opt/airflow/dags/silver_layer_dag.py
[2025-10-23T21:49:04.674+0000] {logging_mixin.py:188} INFO - [2025-10-23T21:49:04.674+0000] {dag.py:3096} INFO - Sync 1 DAGs
[2025-10-23T21:49:04.688+0000] {logging_mixin.py:188} INFO - [2025-10-23T21:49:04.688+0000] {dag.py:3954} INFO - Setting next_dagrun for silver_layer_dag to 2025-10-23 19:00:00+00:00, run_after=2025-10-24 19:00:00+00:00
[2025-10-23T21:49:04.701+0000] {processor.py:183} INFO - Processing /opt/airflow/dags/silver_layer_dag.py took 0.357 seconds
[2025-10-23T21:49:34.948+0000] {processor.py:161} INFO - Started process (PID=968) to work on /opt/airflow/dags/silver_layer_dag.py
[2025-10-23T21:49:34.949+0000] {processor.py:830} INFO - Processing file /opt/airflow/dags/silver_layer_dag.py for tasks to queue
[2025-10-23T21:49:34.950+0000] {logging_mixin.py:188} INFO - [2025-10-23T21:49:34.950+0000] {dagbag.py:540} INFO - Filling up the DagBag from /opt/airflow/dags/silver_layer_dag.py
[2025-10-23T21:49:35.250+0000] {processor.py:840} INFO - DAG(s) 'silver_layer_dag' retrieved from /opt/airflow/dags/silver_layer_dag.py
[2025-10-23T21:49:35.264+0000] {logging_mixin.py:188} INFO - [2025-10-23T21:49:35.264+0000] {dag.py:3096} INFO - Sync 1 DAGs
[2025-10-23T21:49:35.278+0000] {logging_mixin.py:188} INFO - [2025-10-23T21:49:35.277+0000] {dag.py:3954} INFO - Setting next_dagrun for silver_layer_dag to 2025-10-23 19:00:00+00:00, run_after=2025-10-24 19:00:00+00:00
[2025-10-23T21:49:35.290+0000] {processor.py:183} INFO - Processing /opt/airflow/dags/silver_layer_dag.py took 0.348 seconds
[2025-10-23T21:50:06.147+0000] {processor.py:161} INFO - Started process (PID=970) to work on /opt/airflow/dags/silver_layer_dag.py
[2025-10-23T21:50:06.148+0000] {processor.py:830} INFO - Processing file /opt/airflow/dags/silver_layer_dag.py for tasks to queue
[2025-10-23T21:50:06.150+0000] {logging_mixin.py:188} INFO - [2025-10-23T21:50:06.149+0000] {dagbag.py:540} INFO - Filling up the DagBag from /opt/airflow/dags/silver_layer_dag.py
[2025-10-23T21:50:06.335+0000] {processor.py:840} INFO - DAG(s) 'silver_layer_dag' retrieved from /opt/airflow/dags/silver_layer_dag.py
[2025-10-23T21:50:06.352+0000] {logging_mixin.py:188} INFO - [2025-10-23T21:50:06.352+0000] {dag.py:3096} INFO - Sync 1 DAGs
[2025-10-23T21:50:06.479+0000] {logging_mixin.py:188} INFO - [2025-10-23T21:50:06.479+0000] {dag.py:3954} INFO - Setting next_dagrun for silver_layer_dag to 2025-10-23 19:00:00+00:00, run_after=2025-10-24 19:00:00+00:00
[2025-10-23T21:50:06.492+0000] {processor.py:183} INFO - Processing /opt/airflow/dags/silver_layer_dag.py took 0.349 seconds
[2025-10-23T21:50:37.309+0000] {processor.py:161} INFO - Started process (PID=972) to work on /opt/airflow/dags/silver_layer_dag.py
[2025-10-23T21:50:37.309+0000] {processor.py:830} INFO - Processing file /opt/airflow/dags/silver_layer_dag.py for tasks to queue
[2025-10-23T21:50:37.311+0000] {logging_mixin.py:188} INFO - [2025-10-23T21:50:37.311+0000] {dagbag.py:540} INFO - Filling up the DagBag from /opt/airflow/dags/silver_layer_dag.py
[2025-10-23T21:50:37.741+0000] {processor.py:840} INFO - DAG(s) 'silver_layer_dag' retrieved from /opt/airflow/dags/silver_layer_dag.py
[2025-10-23T21:50:37.758+0000] {logging_mixin.py:188} INFO - [2025-10-23T21:50:37.757+0000] {dag.py:3096} INFO - Sync 1 DAGs
[2025-10-23T21:50:37.774+0000] {logging_mixin.py:188} INFO - [2025-10-23T21:50:37.774+0000] {dag.py:3954} INFO - Setting next_dagrun for silver_layer_dag to 2025-10-23 19:00:00+00:00, run_after=2025-10-24 19:00:00+00:00
[2025-10-23T21:50:37.789+0000] {processor.py:183} INFO - Processing /opt/airflow/dags/silver_layer_dag.py took 0.487 seconds
[2025-10-23T21:51:08.246+0000] {processor.py:161} INFO - Started process (PID=974) to work on /opt/airflow/dags/silver_layer_dag.py
[2025-10-23T21:51:08.247+0000] {processor.py:830} INFO - Processing file /opt/airflow/dags/silver_layer_dag.py for tasks to queue
[2025-10-23T21:51:08.248+0000] {logging_mixin.py:188} INFO - [2025-10-23T21:51:08.248+0000] {dagbag.py:540} INFO - Filling up the DagBag from /opt/airflow/dags/silver_layer_dag.py
[2025-10-23T21:51:08.557+0000] {processor.py:840} INFO - DAG(s) 'silver_layer_dag' retrieved from /opt/airflow/dags/silver_layer_dag.py
[2025-10-23T21:51:08.570+0000] {logging_mixin.py:188} INFO - [2025-10-23T21:51:08.570+0000] {dag.py:3096} INFO - Sync 1 DAGs
[2025-10-23T21:51:08.583+0000] {logging_mixin.py:188} INFO - [2025-10-23T21:51:08.583+0000] {dag.py:3954} INFO - Setting next_dagrun for silver_layer_dag to 2025-10-23 19:00:00+00:00, run_after=2025-10-24 19:00:00+00:00
[2025-10-23T21:51:08.596+0000] {processor.py:183} INFO - Processing /opt/airflow/dags/silver_layer_dag.py took 0.355 seconds
[2025-10-23T21:51:38.966+0000] {processor.py:161} INFO - Started process (PID=976) to work on /opt/airflow/dags/silver_layer_dag.py
[2025-10-23T21:51:38.967+0000] {processor.py:830} INFO - Processing file /opt/airflow/dags/silver_layer_dag.py for tasks to queue
[2025-10-23T21:51:38.968+0000] {logging_mixin.py:188} INFO - [2025-10-23T21:51:38.968+0000] {dagbag.py:540} INFO - Filling up the DagBag from /opt/airflow/dags/silver_layer_dag.py
[2025-10-23T21:51:39.282+0000] {processor.py:840} INFO - DAG(s) 'silver_layer_dag' retrieved from /opt/airflow/dags/silver_layer_dag.py
[2025-10-23T21:51:39.296+0000] {logging_mixin.py:188} INFO - [2025-10-23T21:51:39.296+0000] {dag.py:3096} INFO - Sync 1 DAGs
[2025-10-23T21:51:39.309+0000] {logging_mixin.py:188} INFO - [2025-10-23T21:51:39.309+0000] {dag.py:3954} INFO - Setting next_dagrun for silver_layer_dag to 2025-10-23 19:00:00+00:00, run_after=2025-10-24 19:00:00+00:00
[2025-10-23T21:51:39.323+0000] {processor.py:183} INFO - Processing /opt/airflow/dags/silver_layer_dag.py took 0.362 seconds
[2025-10-23T21:52:09.538+0000] {processor.py:161} INFO - Started process (PID=978) to work on /opt/airflow/dags/silver_layer_dag.py
[2025-10-23T21:52:09.539+0000] {processor.py:830} INFO - Processing file /opt/airflow/dags/silver_layer_dag.py for tasks to queue
[2025-10-23T21:52:09.541+0000] {logging_mixin.py:188} INFO - [2025-10-23T21:52:09.541+0000] {dagbag.py:540} INFO - Filling up the DagBag from /opt/airflow/dags/silver_layer_dag.py
[2025-10-23T21:52:09.842+0000] {processor.py:840} INFO - DAG(s) 'silver_layer_dag' retrieved from /opt/airflow/dags/silver_layer_dag.py
[2025-10-23T21:52:09.855+0000] {logging_mixin.py:188} INFO - [2025-10-23T21:52:09.855+0000] {dag.py:3096} INFO - Sync 1 DAGs
[2025-10-23T21:52:09.868+0000] {logging_mixin.py:188} INFO - [2025-10-23T21:52:09.868+0000] {dag.py:3954} INFO - Setting next_dagrun for silver_layer_dag to 2025-10-23 19:00:00+00:00, run_after=2025-10-24 19:00:00+00:00
[2025-10-23T21:52:09.881+0000] {processor.py:183} INFO - Processing /opt/airflow/dags/silver_layer_dag.py took 0.347 seconds
[2025-10-23T21:52:40.639+0000] {processor.py:161} INFO - Started process (PID=980) to work on /opt/airflow/dags/silver_layer_dag.py
[2025-10-23T21:52:40.640+0000] {processor.py:830} INFO - Processing file /opt/airflow/dags/silver_layer_dag.py for tasks to queue
[2025-10-23T21:52:40.641+0000] {logging_mixin.py:188} INFO - [2025-10-23T21:52:40.641+0000] {dagbag.py:540} INFO - Filling up the DagBag from /opt/airflow/dags/silver_layer_dag.py
[2025-10-23T21:52:40.822+0000] {processor.py:840} INFO - DAG(s) 'silver_layer_dag' retrieved from /opt/airflow/dags/silver_layer_dag.py
[2025-10-23T21:52:40.949+0000] {logging_mixin.py:188} INFO - [2025-10-23T21:52:40.949+0000] {dag.py:3096} INFO - Sync 1 DAGs
[2025-10-23T21:52:40.962+0000] {logging_mixin.py:188} INFO - [2025-10-23T21:52:40.962+0000] {dag.py:3954} INFO - Setting next_dagrun for silver_layer_dag to 2025-10-23 19:00:00+00:00, run_after=2025-10-24 19:00:00+00:00
[2025-10-23T21:52:40.975+0000] {processor.py:183} INFO - Processing /opt/airflow/dags/silver_layer_dag.py took 0.340 seconds
[2025-10-23T21:53:11.548+0000] {processor.py:161} INFO - Started process (PID=982) to work on /opt/airflow/dags/silver_layer_dag.py
[2025-10-23T21:53:11.549+0000] {processor.py:830} INFO - Processing file /opt/airflow/dags/silver_layer_dag.py for tasks to queue
[2025-10-23T21:53:11.550+0000] {logging_mixin.py:188} INFO - [2025-10-23T21:53:11.550+0000] {dagbag.py:540} INFO - Filling up the DagBag from /opt/airflow/dags/silver_layer_dag.py
[2025-10-23T21:53:11.859+0000] {processor.py:840} INFO - DAG(s) 'silver_layer_dag' retrieved from /opt/airflow/dags/silver_layer_dag.py
[2025-10-23T21:53:11.872+0000] {logging_mixin.py:188} INFO - [2025-10-23T21:53:11.872+0000] {dag.py:3096} INFO - Sync 1 DAGs
[2025-10-23T21:53:11.886+0000] {logging_mixin.py:188} INFO - [2025-10-23T21:53:11.886+0000] {dag.py:3954} INFO - Setting next_dagrun for silver_layer_dag to 2025-10-23 19:00:00+00:00, run_after=2025-10-24 19:00:00+00:00
[2025-10-23T21:53:11.898+0000] {processor.py:183} INFO - Processing /opt/airflow/dags/silver_layer_dag.py took 0.355 seconds
[2025-10-23T21:53:42.043+0000] {processor.py:161} INFO - Started process (PID=984) to work on /opt/airflow/dags/silver_layer_dag.py
[2025-10-23T21:53:42.044+0000] {processor.py:830} INFO - Processing file /opt/airflow/dags/silver_layer_dag.py for tasks to queue
[2025-10-23T21:53:42.045+0000] {logging_mixin.py:188} INFO - [2025-10-23T21:53:42.045+0000] {dagbag.py:540} INFO - Filling up the DagBag from /opt/airflow/dags/silver_layer_dag.py
[2025-10-23T21:53:42.344+0000] {processor.py:840} INFO - DAG(s) 'silver_layer_dag' retrieved from /opt/airflow/dags/silver_layer_dag.py
[2025-10-23T21:53:42.357+0000] {logging_mixin.py:188} INFO - [2025-10-23T21:53:42.357+0000] {dag.py:3096} INFO - Sync 1 DAGs
[2025-10-23T21:53:42.370+0000] {logging_mixin.py:188} INFO - [2025-10-23T21:53:42.370+0000] {dag.py:3954} INFO - Setting next_dagrun for silver_layer_dag to 2025-10-23 19:00:00+00:00, run_after=2025-10-24 19:00:00+00:00
[2025-10-23T21:53:42.383+0000] {processor.py:183} INFO - Processing /opt/airflow/dags/silver_layer_dag.py took 0.345 seconds
[2025-10-23T21:54:13.153+0000] {processor.py:161} INFO - Started process (PID=986) to work on /opt/airflow/dags/silver_layer_dag.py
[2025-10-23T21:54:13.154+0000] {processor.py:830} INFO - Processing file /opt/airflow/dags/silver_layer_dag.py for tasks to queue
[2025-10-23T21:54:13.155+0000] {logging_mixin.py:188} INFO - [2025-10-23T21:54:13.155+0000] {dagbag.py:540} INFO - Filling up the DagBag from /opt/airflow/dags/silver_layer_dag.py
[2025-10-23T21:54:13.470+0000] {processor.py:840} INFO - DAG(s) 'silver_layer_dag' retrieved from /opt/airflow/dags/silver_layer_dag.py
[2025-10-23T21:54:13.483+0000] {logging_mixin.py:188} INFO - [2025-10-23T21:54:13.483+0000] {dag.py:3096} INFO - Sync 1 DAGs
[2025-10-23T21:54:13.497+0000] {logging_mixin.py:188} INFO - [2025-10-23T21:54:13.497+0000] {dag.py:3954} INFO - Setting next_dagrun for silver_layer_dag to 2025-10-23 19:00:00+00:00, run_after=2025-10-24 19:00:00+00:00
[2025-10-23T21:54:13.510+0000] {processor.py:183} INFO - Processing /opt/airflow/dags/silver_layer_dag.py took 0.362 seconds
[2025-10-23T21:54:43.925+0000] {processor.py:161} INFO - Started process (PID=988) to work on /opt/airflow/dags/silver_layer_dag.py
[2025-10-23T21:54:43.926+0000] {processor.py:830} INFO - Processing file /opt/airflow/dags/silver_layer_dag.py for tasks to queue
[2025-10-23T21:54:43.927+0000] {logging_mixin.py:188} INFO - [2025-10-23T21:54:43.927+0000] {dagbag.py:540} INFO - Filling up the DagBag from /opt/airflow/dags/silver_layer_dag.py
[2025-10-23T21:54:44.239+0000] {processor.py:840} INFO - DAG(s) 'silver_layer_dag' retrieved from /opt/airflow/dags/silver_layer_dag.py
[2025-10-23T21:54:44.252+0000] {logging_mixin.py:188} INFO - [2025-10-23T21:54:44.252+0000] {dag.py:3096} INFO - Sync 1 DAGs
[2025-10-23T21:54:44.266+0000] {logging_mixin.py:188} INFO - [2025-10-23T21:54:44.266+0000] {dag.py:3954} INFO - Setting next_dagrun for silver_layer_dag to 2025-10-23 19:00:00+00:00, run_after=2025-10-24 19:00:00+00:00
[2025-10-23T21:54:44.278+0000] {processor.py:183} INFO - Processing /opt/airflow/dags/silver_layer_dag.py took 0.358 seconds
[2025-10-23T21:55:15.234+0000] {processor.py:161} INFO - Started process (PID=990) to work on /opt/airflow/dags/silver_layer_dag.py
[2025-10-23T21:55:15.235+0000] {processor.py:830} INFO - Processing file /opt/airflow/dags/silver_layer_dag.py for tasks to queue
[2025-10-23T21:55:15.237+0000] {logging_mixin.py:188} INFO - [2025-10-23T21:55:15.237+0000] {dagbag.py:540} INFO - Filling up the DagBag from /opt/airflow/dags/silver_layer_dag.py
[2025-10-23T21:55:15.419+0000] {processor.py:840} INFO - DAG(s) 'silver_layer_dag' retrieved from /opt/airflow/dags/silver_layer_dag.py
[2025-10-23T21:55:15.545+0000] {logging_mixin.py:188} INFO - [2025-10-23T21:55:15.545+0000] {dag.py:3096} INFO - Sync 1 DAGs
[2025-10-23T21:55:15.558+0000] {logging_mixin.py:188} INFO - [2025-10-23T21:55:15.558+0000] {dag.py:3954} INFO - Setting next_dagrun for silver_layer_dag to 2025-10-23 19:00:00+00:00, run_after=2025-10-24 19:00:00+00:00
[2025-10-23T21:55:15.570+0000] {processor.py:183} INFO - Processing /opt/airflow/dags/silver_layer_dag.py took 0.341 seconds
[2025-10-23T21:55:46.526+0000] {processor.py:161} INFO - Started process (PID=992) to work on /opt/airflow/dags/silver_layer_dag.py
[2025-10-23T21:55:46.527+0000] {processor.py:830} INFO - Processing file /opt/airflow/dags/silver_layer_dag.py for tasks to queue
[2025-10-23T21:55:46.529+0000] {logging_mixin.py:188} INFO - [2025-10-23T21:55:46.528+0000] {dagbag.py:540} INFO - Filling up the DagBag from /opt/airflow/dags/silver_layer_dag.py
[2025-10-23T21:55:46.841+0000] {processor.py:840} INFO - DAG(s) 'silver_layer_dag' retrieved from /opt/airflow/dags/silver_layer_dag.py
[2025-10-23T21:55:46.855+0000] {logging_mixin.py:188} INFO - [2025-10-23T21:55:46.855+0000] {dag.py:3096} INFO - Sync 1 DAGs
[2025-10-23T21:55:46.868+0000] {logging_mixin.py:188} INFO - [2025-10-23T21:55:46.868+0000] {dag.py:3954} INFO - Setting next_dagrun for silver_layer_dag to 2025-10-23 19:00:00+00:00, run_after=2025-10-24 19:00:00+00:00
[2025-10-23T21:55:46.881+0000] {processor.py:183} INFO - Processing /opt/airflow/dags/silver_layer_dag.py took 0.359 seconds
[2025-10-23T21:56:16.940+0000] {processor.py:161} INFO - Started process (PID=994) to work on /opt/airflow/dags/silver_layer_dag.py
[2025-10-23T21:56:16.941+0000] {processor.py:830} INFO - Processing file /opt/airflow/dags/silver_layer_dag.py for tasks to queue
[2025-10-23T21:56:16.943+0000] {logging_mixin.py:188} INFO - [2025-10-23T21:56:16.943+0000] {dagbag.py:540} INFO - Filling up the DagBag from /opt/airflow/dags/silver_layer_dag.py
[2025-10-23T21:56:17.260+0000] {processor.py:840} INFO - DAG(s) 'silver_layer_dag' retrieved from /opt/airflow/dags/silver_layer_dag.py
[2025-10-23T21:56:17.274+0000] {logging_mixin.py:188} INFO - [2025-10-23T21:56:17.274+0000] {dag.py:3096} INFO - Sync 1 DAGs
[2025-10-23T21:56:17.287+0000] {logging_mixin.py:188} INFO - [2025-10-23T21:56:17.287+0000] {dag.py:3954} INFO - Setting next_dagrun for silver_layer_dag to 2025-10-23 19:00:00+00:00, run_after=2025-10-24 19:00:00+00:00
[2025-10-23T21:56:17.299+0000] {processor.py:183} INFO - Processing /opt/airflow/dags/silver_layer_dag.py took 0.364 seconds
[2025-10-23T21:56:47.718+0000] {processor.py:161} INFO - Started process (PID=996) to work on /opt/airflow/dags/silver_layer_dag.py
[2025-10-23T21:56:47.719+0000] {processor.py:830} INFO - Processing file /opt/airflow/dags/silver_layer_dag.py for tasks to queue
[2025-10-23T21:56:47.721+0000] {logging_mixin.py:188} INFO - [2025-10-23T21:56:47.720+0000] {dagbag.py:540} INFO - Filling up the DagBag from /opt/airflow/dags/silver_layer_dag.py
[2025-10-23T21:56:48.010+0000] {processor.py:840} INFO - DAG(s) 'silver_layer_dag' retrieved from /opt/airflow/dags/silver_layer_dag.py
[2025-10-23T21:56:48.023+0000] {logging_mixin.py:188} INFO - [2025-10-23T21:56:48.023+0000] {dag.py:3096} INFO - Sync 1 DAGs
[2025-10-23T21:56:48.036+0000] {logging_mixin.py:188} INFO - [2025-10-23T21:56:48.036+0000] {dag.py:3954} INFO - Setting next_dagrun for silver_layer_dag to 2025-10-23 19:00:00+00:00, run_after=2025-10-24 19:00:00+00:00
[2025-10-23T21:56:48.054+0000] {processor.py:183} INFO - Processing /opt/airflow/dags/silver_layer_dag.py took 0.340 seconds
[2025-10-23T21:57:18.250+0000] {processor.py:161} INFO - Started process (PID=998) to work on /opt/airflow/dags/silver_layer_dag.py
[2025-10-23T21:57:18.251+0000] {processor.py:830} INFO - Processing file /opt/airflow/dags/silver_layer_dag.py for tasks to queue
[2025-10-23T21:57:18.253+0000] {logging_mixin.py:188} INFO - [2025-10-23T21:57:18.253+0000] {dagbag.py:540} INFO - Filling up the DagBag from /opt/airflow/dags/silver_layer_dag.py
[2025-10-23T21:57:18.571+0000] {processor.py:840} INFO - DAG(s) 'silver_layer_dag' retrieved from /opt/airflow/dags/silver_layer_dag.py
[2025-10-23T21:57:18.584+0000] {logging_mixin.py:188} INFO - [2025-10-23T21:57:18.584+0000] {dag.py:3096} INFO - Sync 1 DAGs
[2025-10-23T21:57:18.598+0000] {logging_mixin.py:188} INFO - [2025-10-23T21:57:18.598+0000] {dag.py:3954} INFO - Setting next_dagrun for silver_layer_dag to 2025-10-23 19:00:00+00:00, run_after=2025-10-24 19:00:00+00:00
[2025-10-23T21:57:18.611+0000] {processor.py:183} INFO - Processing /opt/airflow/dags/silver_layer_dag.py took 0.365 seconds
[2025-10-23T21:57:49.476+0000] {processor.py:161} INFO - Started process (PID=1000) to work on /opt/airflow/dags/silver_layer_dag.py
[2025-10-23T21:57:49.477+0000] {processor.py:830} INFO - Processing file /opt/airflow/dags/silver_layer_dag.py for tasks to queue
[2025-10-23T21:57:49.479+0000] {logging_mixin.py:188} INFO - [2025-10-23T21:57:49.478+0000] {dagbag.py:540} INFO - Filling up the DagBag from /opt/airflow/dags/silver_layer_dag.py
[2025-10-23T21:57:49.660+0000] {processor.py:840} INFO - DAG(s) 'silver_layer_dag' retrieved from /opt/airflow/dags/silver_layer_dag.py
[2025-10-23T21:57:49.790+0000] {logging_mixin.py:188} INFO - [2025-10-23T21:57:49.790+0000] {dag.py:3096} INFO - Sync 1 DAGs
[2025-10-23T21:57:49.803+0000] {logging_mixin.py:188} INFO - [2025-10-23T21:57:49.803+0000] {dag.py:3954} INFO - Setting next_dagrun for silver_layer_dag to 2025-10-23 19:00:00+00:00, run_after=2025-10-24 19:00:00+00:00
[2025-10-23T21:57:49.816+0000] {processor.py:183} INFO - Processing /opt/airflow/dags/silver_layer_dag.py took 0.344 seconds
[2025-10-23T21:58:20.054+0000] {processor.py:161} INFO - Started process (PID=1002) to work on /opt/airflow/dags/silver_layer_dag.py
[2025-10-23T21:58:20.055+0000] {processor.py:830} INFO - Processing file /opt/airflow/dags/silver_layer_dag.py for tasks to queue
[2025-10-23T21:58:20.057+0000] {logging_mixin.py:188} INFO - [2025-10-23T21:58:20.057+0000] {dagbag.py:540} INFO - Filling up the DagBag from /opt/airflow/dags/silver_layer_dag.py
[2025-10-23T21:58:20.353+0000] {processor.py:840} INFO - DAG(s) 'silver_layer_dag' retrieved from /opt/airflow/dags/silver_layer_dag.py
[2025-10-23T21:58:20.365+0000] {logging_mixin.py:188} INFO - [2025-10-23T21:58:20.365+0000] {dag.py:3096} INFO - Sync 1 DAGs
[2025-10-23T21:58:20.379+0000] {logging_mixin.py:188} INFO - [2025-10-23T21:58:20.379+0000] {dag.py:3954} INFO - Setting next_dagrun for silver_layer_dag to 2025-10-23 19:00:00+00:00, run_after=2025-10-24 19:00:00+00:00
[2025-10-23T21:58:20.391+0000] {processor.py:183} INFO - Processing /opt/airflow/dags/silver_layer_dag.py took 0.342 seconds
[2025-10-23T21:58:50.451+0000] {processor.py:161} INFO - Started process (PID=1004) to work on /opt/airflow/dags/silver_layer_dag.py
[2025-10-23T21:58:50.452+0000] {processor.py:830} INFO - Processing file /opt/airflow/dags/silver_layer_dag.py for tasks to queue
[2025-10-23T21:58:50.453+0000] {logging_mixin.py:188} INFO - [2025-10-23T21:58:50.453+0000] {dagbag.py:540} INFO - Filling up the DagBag from /opt/airflow/dags/silver_layer_dag.py
[2025-10-23T21:58:50.749+0000] {processor.py:840} INFO - DAG(s) 'silver_layer_dag' retrieved from /opt/airflow/dags/silver_layer_dag.py
[2025-10-23T21:58:50.763+0000] {logging_mixin.py:188} INFO - [2025-10-23T21:58:50.763+0000] {dag.py:3096} INFO - Sync 1 DAGs
[2025-10-23T21:58:50.775+0000] {logging_mixin.py:188} INFO - [2025-10-23T21:58:50.775+0000] {dag.py:3954} INFO - Setting next_dagrun for silver_layer_dag to 2025-10-23 19:00:00+00:00, run_after=2025-10-24 19:00:00+00:00
[2025-10-23T21:58:50.787+0000] {processor.py:183} INFO - Processing /opt/airflow/dags/silver_layer_dag.py took 0.341 seconds
[2025-10-23T21:59:20.947+0000] {processor.py:161} INFO - Started process (PID=1006) to work on /opt/airflow/dags/silver_layer_dag.py
[2025-10-23T21:59:20.948+0000] {processor.py:830} INFO - Processing file /opt/airflow/dags/silver_layer_dag.py for tasks to queue
[2025-10-23T21:59:20.950+0000] {logging_mixin.py:188} INFO - [2025-10-23T21:59:20.949+0000] {dagbag.py:540} INFO - Filling up the DagBag from /opt/airflow/dags/silver_layer_dag.py
[2025-10-23T21:59:21.247+0000] {processor.py:840} INFO - DAG(s) 'silver_layer_dag' retrieved from /opt/airflow/dags/silver_layer_dag.py
[2025-10-23T21:59:21.260+0000] {logging_mixin.py:188} INFO - [2025-10-23T21:59:21.260+0000] {dag.py:3096} INFO - Sync 1 DAGs
[2025-10-23T21:59:21.273+0000] {logging_mixin.py:188} INFO - [2025-10-23T21:59:21.273+0000] {dag.py:3954} INFO - Setting next_dagrun for silver_layer_dag to 2025-10-23 19:00:00+00:00, run_after=2025-10-24 19:00:00+00:00
[2025-10-23T21:59:21.287+0000] {processor.py:183} INFO - Processing /opt/airflow/dags/silver_layer_dag.py took 0.344 seconds
[2025-10-23T21:59:52.185+0000] {processor.py:161} INFO - Started process (PID=1008) to work on /opt/airflow/dags/silver_layer_dag.py
[2025-10-23T21:59:52.185+0000] {processor.py:830} INFO - Processing file /opt/airflow/dags/silver_layer_dag.py for tasks to queue
[2025-10-23T21:59:52.187+0000] {logging_mixin.py:188} INFO - [2025-10-23T21:59:52.187+0000] {dagbag.py:540} INFO - Filling up the DagBag from /opt/airflow/dags/silver_layer_dag.py
[2025-10-23T21:59:52.479+0000] {processor.py:840} INFO - DAG(s) 'silver_layer_dag' retrieved from /opt/airflow/dags/silver_layer_dag.py
[2025-10-23T21:59:52.492+0000] {logging_mixin.py:188} INFO - [2025-10-23T21:59:52.491+0000] {dag.py:3096} INFO - Sync 1 DAGs
[2025-10-23T21:59:52.505+0000] {logging_mixin.py:188} INFO - [2025-10-23T21:59:52.505+0000] {dag.py:3954} INFO - Setting next_dagrun for silver_layer_dag to 2025-10-23 19:00:00+00:00, run_after=2025-10-24 19:00:00+00:00
[2025-10-23T21:59:52.517+0000] {processor.py:183} INFO - Processing /opt/airflow/dags/silver_layer_dag.py took 0.337 seconds
[2025-10-23T22:00:22.594+0000] {processor.py:161} INFO - Started process (PID=1010) to work on /opt/airflow/dags/silver_layer_dag.py
[2025-10-23T22:00:22.595+0000] {processor.py:830} INFO - Processing file /opt/airflow/dags/silver_layer_dag.py for tasks to queue
[2025-10-23T22:00:22.596+0000] {logging_mixin.py:188} INFO - [2025-10-23T22:00:22.596+0000] {dagbag.py:540} INFO - Filling up the DagBag from /opt/airflow/dags/silver_layer_dag.py
[2025-10-23T22:00:22.775+0000] {processor.py:840} INFO - DAG(s) 'silver_layer_dag' retrieved from /opt/airflow/dags/silver_layer_dag.py
[2025-10-23T22:00:22.906+0000] {logging_mixin.py:188} INFO - [2025-10-23T22:00:22.906+0000] {dag.py:3096} INFO - Sync 1 DAGs
[2025-10-23T22:00:22.920+0000] {logging_mixin.py:188} INFO - [2025-10-23T22:00:22.920+0000] {dag.py:3954} INFO - Setting next_dagrun for silver_layer_dag to 2025-10-23 19:00:00+00:00, run_after=2025-10-24 19:00:00+00:00
[2025-10-23T22:00:22.932+0000] {processor.py:183} INFO - Processing /opt/airflow/dags/silver_layer_dag.py took 0.342 seconds
[2025-10-23T22:00:53.011+0000] {processor.py:161} INFO - Started process (PID=1012) to work on /opt/airflow/dags/silver_layer_dag.py
[2025-10-23T22:00:53.012+0000] {processor.py:830} INFO - Processing file /opt/airflow/dags/silver_layer_dag.py for tasks to queue
[2025-10-23T22:00:53.013+0000] {logging_mixin.py:188} INFO - [2025-10-23T22:00:53.013+0000] {dagbag.py:540} INFO - Filling up the DagBag from /opt/airflow/dags/silver_layer_dag.py
[2025-10-23T22:00:53.305+0000] {processor.py:840} INFO - DAG(s) 'silver_layer_dag' retrieved from /opt/airflow/dags/silver_layer_dag.py
[2025-10-23T22:00:53.318+0000] {logging_mixin.py:188} INFO - [2025-10-23T22:00:53.318+0000] {dag.py:3096} INFO - Sync 1 DAGs
[2025-10-23T22:00:53.331+0000] {logging_mixin.py:188} INFO - [2025-10-23T22:00:53.331+0000] {dag.py:3954} INFO - Setting next_dagrun for silver_layer_dag to 2025-10-23 19:00:00+00:00, run_after=2025-10-24 19:00:00+00:00
[2025-10-23T22:00:53.343+0000] {processor.py:183} INFO - Processing /opt/airflow/dags/silver_layer_dag.py took 0.336 seconds
[2025-10-23T22:01:23.407+0000] {processor.py:161} INFO - Started process (PID=1014) to work on /opt/airflow/dags/silver_layer_dag.py
[2025-10-23T22:01:23.408+0000] {processor.py:830} INFO - Processing file /opt/airflow/dags/silver_layer_dag.py for tasks to queue
[2025-10-23T22:01:23.409+0000] {logging_mixin.py:188} INFO - [2025-10-23T22:01:23.409+0000] {dagbag.py:540} INFO - Filling up the DagBag from /opt/airflow/dags/silver_layer_dag.py
[2025-10-23T22:01:23.705+0000] {processor.py:840} INFO - DAG(s) 'silver_layer_dag' retrieved from /opt/airflow/dags/silver_layer_dag.py
[2025-10-23T22:01:23.718+0000] {logging_mixin.py:188} INFO - [2025-10-23T22:01:23.718+0000] {dag.py:3096} INFO - Sync 1 DAGs
[2025-10-23T22:01:23.731+0000] {logging_mixin.py:188} INFO - [2025-10-23T22:01:23.731+0000] {dag.py:3954} INFO - Setting next_dagrun for silver_layer_dag to 2025-10-23 19:00:00+00:00, run_after=2025-10-24 19:00:00+00:00
[2025-10-23T22:01:23.743+0000] {processor.py:183} INFO - Processing /opt/airflow/dags/silver_layer_dag.py took 0.341 seconds
[2025-10-23T22:01:54.260+0000] {processor.py:161} INFO - Started process (PID=1016) to work on /opt/airflow/dags/silver_layer_dag.py
[2025-10-23T22:01:54.260+0000] {processor.py:830} INFO - Processing file /opt/airflow/dags/silver_layer_dag.py for tasks to queue
[2025-10-23T22:01:54.262+0000] {logging_mixin.py:188} INFO - [2025-10-23T22:01:54.262+0000] {dagbag.py:540} INFO - Filling up the DagBag from /opt/airflow/dags/silver_layer_dag.py
[2025-10-23T22:01:54.574+0000] {processor.py:840} INFO - DAG(s) 'silver_layer_dag' retrieved from /opt/airflow/dags/silver_layer_dag.py
[2025-10-23T22:01:54.587+0000] {logging_mixin.py:188} INFO - [2025-10-23T22:01:54.587+0000] {dag.py:3096} INFO - Sync 1 DAGs
[2025-10-23T22:01:54.601+0000] {logging_mixin.py:188} INFO - [2025-10-23T22:01:54.601+0000] {dag.py:3954} INFO - Setting next_dagrun for silver_layer_dag to 2025-10-23 19:00:00+00:00, run_after=2025-10-24 19:00:00+00:00
[2025-10-23T22:01:54.613+0000] {processor.py:183} INFO - Processing /opt/airflow/dags/silver_layer_dag.py took 0.358 seconds
[2025-10-23T22:02:25.388+0000] {processor.py:161} INFO - Started process (PID=1018) to work on /opt/airflow/dags/silver_layer_dag.py
[2025-10-23T22:02:25.389+0000] {processor.py:830} INFO - Processing file /opt/airflow/dags/silver_layer_dag.py for tasks to queue
[2025-10-23T22:02:25.390+0000] {logging_mixin.py:188} INFO - [2025-10-23T22:02:25.390+0000] {dagbag.py:540} INFO - Filling up the DagBag from /opt/airflow/dags/silver_layer_dag.py
[2025-10-23T22:02:25.701+0000] {processor.py:840} INFO - DAG(s) 'silver_layer_dag' retrieved from /opt/airflow/dags/silver_layer_dag.py
[2025-10-23T22:02:25.715+0000] {logging_mixin.py:188} INFO - [2025-10-23T22:02:25.715+0000] {dag.py:3096} INFO - Sync 1 DAGs
[2025-10-23T22:02:25.729+0000] {logging_mixin.py:188} INFO - [2025-10-23T22:02:25.729+0000] {dag.py:3954} INFO - Setting next_dagrun for silver_layer_dag to 2025-10-23 19:00:00+00:00, run_after=2025-10-24 19:00:00+00:00
[2025-10-23T22:02:25.741+0000] {processor.py:183} INFO - Processing /opt/airflow/dags/silver_layer_dag.py took 0.358 seconds
[2025-10-23T22:02:56.688+0000] {processor.py:161} INFO - Started process (PID=1020) to work on /opt/airflow/dags/silver_layer_dag.py
[2025-10-23T22:02:56.689+0000] {processor.py:830} INFO - Processing file /opt/airflow/dags/silver_layer_dag.py for tasks to queue
[2025-10-23T22:02:56.690+0000] {logging_mixin.py:188} INFO - [2025-10-23T22:02:56.690+0000] {dagbag.py:540} INFO - Filling up the DagBag from /opt/airflow/dags/silver_layer_dag.py
[2025-10-23T22:02:57.013+0000] {processor.py:840} INFO - DAG(s) 'silver_layer_dag' retrieved from /opt/airflow/dags/silver_layer_dag.py
[2025-10-23T22:02:57.026+0000] {logging_mixin.py:188} INFO - [2025-10-23T22:02:57.026+0000] {dag.py:3096} INFO - Sync 1 DAGs
[2025-10-23T22:02:57.039+0000] {logging_mixin.py:188} INFO - [2025-10-23T22:02:57.039+0000] {dag.py:3954} INFO - Setting next_dagrun for silver_layer_dag to 2025-10-23 19:00:00+00:00, run_after=2025-10-24 19:00:00+00:00
[2025-10-23T22:02:57.051+0000] {processor.py:183} INFO - Processing /opt/airflow/dags/silver_layer_dag.py took 0.368 seconds
[2025-10-23T22:03:27.158+0000] {processor.py:161} INFO - Started process (PID=1022) to work on /opt/airflow/dags/silver_layer_dag.py
[2025-10-23T22:03:27.158+0000] {processor.py:830} INFO - Processing file /opt/airflow/dags/silver_layer_dag.py for tasks to queue
[2025-10-23T22:03:27.160+0000] {logging_mixin.py:188} INFO - [2025-10-23T22:03:27.160+0000] {dagbag.py:540} INFO - Filling up the DagBag from /opt/airflow/dags/silver_layer_dag.py
[2025-10-23T22:03:27.462+0000] {processor.py:840} INFO - DAG(s) 'silver_layer_dag' retrieved from /opt/airflow/dags/silver_layer_dag.py
[2025-10-23T22:03:27.476+0000] {logging_mixin.py:188} INFO - [2025-10-23T22:03:27.476+0000] {dag.py:3096} INFO - Sync 1 DAGs
[2025-10-23T22:03:27.490+0000] {logging_mixin.py:188} INFO - [2025-10-23T22:03:27.490+0000] {dag.py:3954} INFO - Setting next_dagrun for silver_layer_dag to 2025-10-23 19:00:00+00:00, run_after=2025-10-24 19:00:00+00:00
[2025-10-23T22:03:27.503+0000] {processor.py:183} INFO - Processing /opt/airflow/dags/silver_layer_dag.py took 0.350 seconds
[2025-10-23T22:03:58.277+0000] {processor.py:161} INFO - Started process (PID=1024) to work on /opt/airflow/dags/silver_layer_dag.py
[2025-10-23T22:03:58.277+0000] {processor.py:830} INFO - Processing file /opt/airflow/dags/silver_layer_dag.py for tasks to queue
[2025-10-23T22:03:58.279+0000] {logging_mixin.py:188} INFO - [2025-10-23T22:03:58.279+0000] {dagbag.py:540} INFO - Filling up the DagBag from /opt/airflow/dags/silver_layer_dag.py
[2025-10-23T22:03:58.607+0000] {processor.py:840} INFO - DAG(s) 'silver_layer_dag' retrieved from /opt/airflow/dags/silver_layer_dag.py
[2025-10-23T22:03:58.621+0000] {logging_mixin.py:188} INFO - [2025-10-23T22:03:58.621+0000] {dag.py:3096} INFO - Sync 1 DAGs
[2025-10-23T22:03:58.635+0000] {logging_mixin.py:188} INFO - [2025-10-23T22:03:58.635+0000] {dag.py:3954} INFO - Setting next_dagrun for silver_layer_dag to 2025-10-23 19:00:00+00:00, run_after=2025-10-24 19:00:00+00:00
[2025-10-23T22:03:58.648+0000] {processor.py:183} INFO - Processing /opt/airflow/dags/silver_layer_dag.py took 0.376 seconds
[2025-10-23T22:04:28.761+0000] {processor.py:161} INFO - Started process (PID=1026) to work on /opt/airflow/dags/silver_layer_dag.py
[2025-10-23T22:04:28.762+0000] {processor.py:830} INFO - Processing file /opt/airflow/dags/silver_layer_dag.py for tasks to queue
[2025-10-23T22:04:28.763+0000] {logging_mixin.py:188} INFO - [2025-10-23T22:04:28.763+0000] {dagbag.py:540} INFO - Filling up the DagBag from /opt/airflow/dags/silver_layer_dag.py
[2025-10-23T22:04:29.056+0000] {processor.py:840} INFO - DAG(s) 'silver_layer_dag' retrieved from /opt/airflow/dags/silver_layer_dag.py
[2025-10-23T22:04:29.070+0000] {logging_mixin.py:188} INFO - [2025-10-23T22:04:29.070+0000] {dag.py:3096} INFO - Sync 1 DAGs
[2025-10-23T22:04:29.084+0000] {logging_mixin.py:188} INFO - [2025-10-23T22:04:29.083+0000] {dag.py:3954} INFO - Setting next_dagrun for silver_layer_dag to 2025-10-23 19:00:00+00:00, run_after=2025-10-24 19:00:00+00:00
[2025-10-23T22:04:29.096+0000] {processor.py:183} INFO - Processing /opt/airflow/dags/silver_layer_dag.py took 0.340 seconds
[2025-10-23T22:05:00.018+0000] {processor.py:161} INFO - Started process (PID=1028) to work on /opt/airflow/dags/silver_layer_dag.py
[2025-10-23T22:05:00.019+0000] {processor.py:830} INFO - Processing file /opt/airflow/dags/silver_layer_dag.py for tasks to queue
[2025-10-23T22:05:00.020+0000] {logging_mixin.py:188} INFO - [2025-10-23T22:05:00.020+0000] {dagbag.py:540} INFO - Filling up the DagBag from /opt/airflow/dags/silver_layer_dag.py
[2025-10-23T22:05:00.364+0000] {processor.py:840} INFO - DAG(s) 'silver_layer_dag' retrieved from /opt/airflow/dags/silver_layer_dag.py
[2025-10-23T22:05:00.378+0000] {logging_mixin.py:188} INFO - [2025-10-23T22:05:00.378+0000] {dag.py:3096} INFO - Sync 1 DAGs
[2025-10-23T22:05:00.391+0000] {logging_mixin.py:188} INFO - [2025-10-23T22:05:00.391+0000] {dag.py:3954} INFO - Setting next_dagrun for silver_layer_dag to 2025-10-23 19:00:00+00:00, run_after=2025-10-24 19:00:00+00:00
[2025-10-23T22:05:00.403+0000] {processor.py:183} INFO - Processing /opt/airflow/dags/silver_layer_dag.py took 0.390 seconds
[2025-10-23T22:05:31.296+0000] {processor.py:161} INFO - Started process (PID=1030) to work on /opt/airflow/dags/silver_layer_dag.py
[2025-10-23T22:05:31.297+0000] {processor.py:830} INFO - Processing file /opt/airflow/dags/silver_layer_dag.py for tasks to queue
[2025-10-23T22:05:31.298+0000] {logging_mixin.py:188} INFO - [2025-10-23T22:05:31.298+0000] {dagbag.py:540} INFO - Filling up the DagBag from /opt/airflow/dags/silver_layer_dag.py
[2025-10-23T22:05:31.616+0000] {processor.py:840} INFO - DAG(s) 'silver_layer_dag' retrieved from /opt/airflow/dags/silver_layer_dag.py
[2025-10-23T22:05:31.630+0000] {logging_mixin.py:188} INFO - [2025-10-23T22:05:31.630+0000] {dag.py:3096} INFO - Sync 1 DAGs
[2025-10-23T22:05:31.644+0000] {logging_mixin.py:188} INFO - [2025-10-23T22:05:31.644+0000] {dag.py:3954} INFO - Setting next_dagrun for silver_layer_dag to 2025-10-23 19:00:00+00:00, run_after=2025-10-24 19:00:00+00:00
[2025-10-23T22:05:31.657+0000] {processor.py:183} INFO - Processing /opt/airflow/dags/silver_layer_dag.py took 0.365 seconds
[2025-10-23T22:06:01.759+0000] {processor.py:161} INFO - Started process (PID=1032) to work on /opt/airflow/dags/silver_layer_dag.py
[2025-10-23T22:06:01.759+0000] {processor.py:830} INFO - Processing file /opt/airflow/dags/silver_layer_dag.py for tasks to queue
[2025-10-23T22:06:01.761+0000] {logging_mixin.py:188} INFO - [2025-10-23T22:06:01.761+0000] {dagbag.py:540} INFO - Filling up the DagBag from /opt/airflow/dags/silver_layer_dag.py
[2025-10-23T22:06:02.056+0000] {processor.py:840} INFO - DAG(s) 'silver_layer_dag' retrieved from /opt/airflow/dags/silver_layer_dag.py
[2025-10-23T22:06:02.070+0000] {logging_mixin.py:188} INFO - [2025-10-23T22:06:02.070+0000] {dag.py:3096} INFO - Sync 1 DAGs
[2025-10-23T22:06:02.083+0000] {logging_mixin.py:188} INFO - [2025-10-23T22:06:02.083+0000] {dag.py:3954} INFO - Setting next_dagrun for silver_layer_dag to 2025-10-23 19:00:00+00:00, run_after=2025-10-24 19:00:00+00:00
[2025-10-23T22:06:02.096+0000] {processor.py:183} INFO - Processing /opt/airflow/dags/silver_layer_dag.py took 0.343 seconds
[2025-10-23T22:06:32.331+0000] {processor.py:161} INFO - Started process (PID=1034) to work on /opt/airflow/dags/silver_layer_dag.py
[2025-10-23T22:06:32.332+0000] {processor.py:830} INFO - Processing file /opt/airflow/dags/silver_layer_dag.py for tasks to queue
[2025-10-23T22:06:32.333+0000] {logging_mixin.py:188} INFO - [2025-10-23T22:06:32.333+0000] {dagbag.py:540} INFO - Filling up the DagBag from /opt/airflow/dags/silver_layer_dag.py
[2025-10-23T22:06:32.640+0000] {processor.py:840} INFO - DAG(s) 'silver_layer_dag' retrieved from /opt/airflow/dags/silver_layer_dag.py
[2025-10-23T22:06:32.654+0000] {logging_mixin.py:188} INFO - [2025-10-23T22:06:32.654+0000] {dag.py:3096} INFO - Sync 1 DAGs
[2025-10-23T22:06:32.668+0000] {logging_mixin.py:188} INFO - [2025-10-23T22:06:32.668+0000] {dag.py:3954} INFO - Setting next_dagrun for silver_layer_dag to 2025-10-23 19:00:00+00:00, run_after=2025-10-24 19:00:00+00:00
[2025-10-23T22:06:32.680+0000] {processor.py:183} INFO - Processing /opt/airflow/dags/silver_layer_dag.py took 0.354 seconds
[2025-10-23T22:07:02.753+0000] {processor.py:161} INFO - Started process (PID=1036) to work on /opt/airflow/dags/silver_layer_dag.py
[2025-10-23T22:07:02.754+0000] {processor.py:830} INFO - Processing file /opt/airflow/dags/silver_layer_dag.py for tasks to queue
[2025-10-23T22:07:02.756+0000] {logging_mixin.py:188} INFO - [2025-10-23T22:07:02.756+0000] {dagbag.py:540} INFO - Filling up the DagBag from /opt/airflow/dags/silver_layer_dag.py
[2025-10-23T22:07:03.053+0000] {processor.py:840} INFO - DAG(s) 'silver_layer_dag' retrieved from /opt/airflow/dags/silver_layer_dag.py
[2025-10-23T22:07:03.066+0000] {logging_mixin.py:188} INFO - [2025-10-23T22:07:03.066+0000] {dag.py:3096} INFO - Sync 1 DAGs
[2025-10-23T22:07:03.079+0000] {logging_mixin.py:188} INFO - [2025-10-23T22:07:03.079+0000] {dag.py:3954} INFO - Setting next_dagrun for silver_layer_dag to 2025-10-23 19:00:00+00:00, run_after=2025-10-24 19:00:00+00:00
[2025-10-23T22:07:03.093+0000] {processor.py:183} INFO - Processing /opt/airflow/dags/silver_layer_dag.py took 0.345 seconds
[2025-10-23T22:07:34.054+0000] {processor.py:161} INFO - Started process (PID=1038) to work on /opt/airflow/dags/silver_layer_dag.py
[2025-10-23T22:07:34.054+0000] {processor.py:830} INFO - Processing file /opt/airflow/dags/silver_layer_dag.py for tasks to queue
[2025-10-23T22:07:34.056+0000] {logging_mixin.py:188} INFO - [2025-10-23T22:07:34.056+0000] {dagbag.py:540} INFO - Filling up the DagBag from /opt/airflow/dags/silver_layer_dag.py
[2025-10-23T22:07:34.350+0000] {processor.py:840} INFO - DAG(s) 'silver_layer_dag' retrieved from /opt/airflow/dags/silver_layer_dag.py
[2025-10-23T22:07:34.363+0000] {logging_mixin.py:188} INFO - [2025-10-23T22:07:34.363+0000] {dag.py:3096} INFO - Sync 1 DAGs
[2025-10-23T22:07:34.377+0000] {logging_mixin.py:188} INFO - [2025-10-23T22:07:34.377+0000] {dag.py:3954} INFO - Setting next_dagrun for silver_layer_dag to 2025-10-23 19:00:00+00:00, run_after=2025-10-24 19:00:00+00:00
[2025-10-23T22:07:34.394+0000] {processor.py:183} INFO - Processing /opt/airflow/dags/silver_layer_dag.py took 0.344 seconds
[2025-10-23T22:08:05.292+0000] {processor.py:161} INFO - Started process (PID=1040) to work on /opt/airflow/dags/silver_layer_dag.py
[2025-10-23T22:08:05.293+0000] {processor.py:830} INFO - Processing file /opt/airflow/dags/silver_layer_dag.py for tasks to queue
[2025-10-23T22:08:05.295+0000] {logging_mixin.py:188} INFO - [2025-10-23T22:08:05.294+0000] {dagbag.py:540} INFO - Filling up the DagBag from /opt/airflow/dags/silver_layer_dag.py
[2025-10-23T22:08:05.604+0000] {processor.py:840} INFO - DAG(s) 'silver_layer_dag' retrieved from /opt/airflow/dags/silver_layer_dag.py
[2025-10-23T22:08:05.617+0000] {logging_mixin.py:188} INFO - [2025-10-23T22:08:05.617+0000] {dag.py:3096} INFO - Sync 1 DAGs
[2025-10-23T22:08:05.630+0000] {logging_mixin.py:188} INFO - [2025-10-23T22:08:05.629+0000] {dag.py:3954} INFO - Setting next_dagrun for silver_layer_dag to 2025-10-23 19:00:00+00:00, run_after=2025-10-24 19:00:00+00:00
[2025-10-23T22:08:05.643+0000] {processor.py:183} INFO - Processing /opt/airflow/dags/silver_layer_dag.py took 0.355 seconds
[2025-10-23T22:08:36.536+0000] {processor.py:161} INFO - Started process (PID=1042) to work on /opt/airflow/dags/silver_layer_dag.py
[2025-10-23T22:08:36.537+0000] {processor.py:830} INFO - Processing file /opt/airflow/dags/silver_layer_dag.py for tasks to queue
[2025-10-23T22:08:36.538+0000] {logging_mixin.py:188} INFO - [2025-10-23T22:08:36.538+0000] {dagbag.py:540} INFO - Filling up the DagBag from /opt/airflow/dags/silver_layer_dag.py
[2025-10-23T22:08:36.846+0000] {processor.py:840} INFO - DAG(s) 'silver_layer_dag' retrieved from /opt/airflow/dags/silver_layer_dag.py
[2025-10-23T22:08:36.859+0000] {logging_mixin.py:188} INFO - [2025-10-23T22:08:36.859+0000] {dag.py:3096} INFO - Sync 1 DAGs
[2025-10-23T22:08:36.872+0000] {logging_mixin.py:188} INFO - [2025-10-23T22:08:36.872+0000] {dag.py:3954} INFO - Setting next_dagrun for silver_layer_dag to 2025-10-23 19:00:00+00:00, run_after=2025-10-24 19:00:00+00:00
[2025-10-23T22:08:36.884+0000] {processor.py:183} INFO - Processing /opt/airflow/dags/silver_layer_dag.py took 0.353 seconds
[2025-10-23T22:09:07.021+0000] {processor.py:161} INFO - Started process (PID=1044) to work on /opt/airflow/dags/silver_layer_dag.py
[2025-10-23T22:09:07.021+0000] {processor.py:830} INFO - Processing file /opt/airflow/dags/silver_layer_dag.py for tasks to queue
[2025-10-23T22:09:07.023+0000] {logging_mixin.py:188} INFO - [2025-10-23T22:09:07.023+0000] {dagbag.py:540} INFO - Filling up the DagBag from /opt/airflow/dags/silver_layer_dag.py
[2025-10-23T22:09:07.335+0000] {processor.py:840} INFO - DAG(s) 'silver_layer_dag' retrieved from /opt/airflow/dags/silver_layer_dag.py
[2025-10-23T22:09:07.349+0000] {logging_mixin.py:188} INFO - [2025-10-23T22:09:07.349+0000] {dag.py:3096} INFO - Sync 1 DAGs
[2025-10-23T22:09:07.362+0000] {logging_mixin.py:188} INFO - [2025-10-23T22:09:07.362+0000] {dag.py:3954} INFO - Setting next_dagrun for silver_layer_dag to 2025-10-23 19:00:00+00:00, run_after=2025-10-24 19:00:00+00:00
[2025-10-23T22:09:07.375+0000] {processor.py:183} INFO - Processing /opt/airflow/dags/silver_layer_dag.py took 0.359 seconds
[2025-10-23T22:09:37.776+0000] {processor.py:161} INFO - Started process (PID=1046) to work on /opt/airflow/dags/silver_layer_dag.py
[2025-10-23T22:09:37.776+0000] {processor.py:830} INFO - Processing file /opt/airflow/dags/silver_layer_dag.py for tasks to queue
[2025-10-23T22:09:37.778+0000] {logging_mixin.py:188} INFO - [2025-10-23T22:09:37.778+0000] {dagbag.py:540} INFO - Filling up the DagBag from /opt/airflow/dags/silver_layer_dag.py
[2025-10-23T22:09:38.093+0000] {processor.py:840} INFO - DAG(s) 'silver_layer_dag' retrieved from /opt/airflow/dags/silver_layer_dag.py
[2025-10-23T22:09:38.107+0000] {logging_mixin.py:188} INFO - [2025-10-23T22:09:38.106+0000] {dag.py:3096} INFO - Sync 1 DAGs
[2025-10-23T22:09:38.120+0000] {logging_mixin.py:188} INFO - [2025-10-23T22:09:38.120+0000] {dag.py:3954} INFO - Setting next_dagrun for silver_layer_dag to 2025-10-23 19:00:00+00:00, run_after=2025-10-24 19:00:00+00:00
[2025-10-23T22:09:38.132+0000] {processor.py:183} INFO - Processing /opt/airflow/dags/silver_layer_dag.py took 0.361 seconds
[2025-10-23T22:10:09.157+0000] {processor.py:161} INFO - Started process (PID=1048) to work on /opt/airflow/dags/silver_layer_dag.py
[2025-10-23T22:10:09.157+0000] {processor.py:830} INFO - Processing file /opt/airflow/dags/silver_layer_dag.py for tasks to queue
[2025-10-23T22:10:09.159+0000] {logging_mixin.py:188} INFO - [2025-10-23T22:10:09.159+0000] {dagbag.py:540} INFO - Filling up the DagBag from /opt/airflow/dags/silver_layer_dag.py
[2025-10-23T22:10:09.485+0000] {processor.py:840} INFO - DAG(s) 'silver_layer_dag' retrieved from /opt/airflow/dags/silver_layer_dag.py
[2025-10-23T22:10:09.498+0000] {logging_mixin.py:188} INFO - [2025-10-23T22:10:09.498+0000] {dag.py:3096} INFO - Sync 1 DAGs
[2025-10-23T22:10:09.511+0000] {logging_mixin.py:188} INFO - [2025-10-23T22:10:09.511+0000] {dag.py:3954} INFO - Setting next_dagrun for silver_layer_dag to 2025-10-23 19:00:00+00:00, run_after=2025-10-24 19:00:00+00:00
[2025-10-23T22:10:09.523+0000] {processor.py:183} INFO - Processing /opt/airflow/dags/silver_layer_dag.py took 0.371 seconds
[2025-10-23T22:10:39.790+0000] {processor.py:161} INFO - Started process (PID=1050) to work on /opt/airflow/dags/silver_layer_dag.py
[2025-10-23T22:10:39.791+0000] {processor.py:830} INFO - Processing file /opt/airflow/dags/silver_layer_dag.py for tasks to queue
[2025-10-23T22:10:39.792+0000] {logging_mixin.py:188} INFO - [2025-10-23T22:10:39.792+0000] {dagbag.py:540} INFO - Filling up the DagBag from /opt/airflow/dags/silver_layer_dag.py
[2025-10-23T22:10:40.104+0000] {processor.py:840} INFO - DAG(s) 'silver_layer_dag' retrieved from /opt/airflow/dags/silver_layer_dag.py
[2025-10-23T22:10:40.117+0000] {logging_mixin.py:188} INFO - [2025-10-23T22:10:40.117+0000] {dag.py:3096} INFO - Sync 1 DAGs
[2025-10-23T22:10:40.131+0000] {logging_mixin.py:188} INFO - [2025-10-23T22:10:40.131+0000] {dag.py:3954} INFO - Setting next_dagrun for silver_layer_dag to 2025-10-23 19:00:00+00:00, run_after=2025-10-24 19:00:00+00:00
[2025-10-23T22:10:40.144+0000] {processor.py:183} INFO - Processing /opt/airflow/dags/silver_layer_dag.py took 0.359 seconds
[2025-10-23T22:11:10.200+0000] {processor.py:161} INFO - Started process (PID=1052) to work on /opt/airflow/dags/silver_layer_dag.py
[2025-10-23T22:11:10.200+0000] {processor.py:830} INFO - Processing file /opt/airflow/dags/silver_layer_dag.py for tasks to queue
[2025-10-23T22:11:10.202+0000] {logging_mixin.py:188} INFO - [2025-10-23T22:11:10.202+0000] {dagbag.py:540} INFO - Filling up the DagBag from /opt/airflow/dags/silver_layer_dag.py
[2025-10-23T22:11:10.494+0000] {processor.py:840} INFO - DAG(s) 'silver_layer_dag' retrieved from /opt/airflow/dags/silver_layer_dag.py
[2025-10-23T22:11:10.507+0000] {logging_mixin.py:188} INFO - [2025-10-23T22:11:10.507+0000] {dag.py:3096} INFO - Sync 1 DAGs
[2025-10-23T22:11:10.521+0000] {logging_mixin.py:188} INFO - [2025-10-23T22:11:10.521+0000] {dag.py:3954} INFO - Setting next_dagrun for silver_layer_dag to 2025-10-23 19:00:00+00:00, run_after=2025-10-24 19:00:00+00:00
[2025-10-23T22:11:10.534+0000] {processor.py:183} INFO - Processing /opt/airflow/dags/silver_layer_dag.py took 0.339 seconds
[2025-10-23T22:11:41.098+0000] {processor.py:161} INFO - Started process (PID=1054) to work on /opt/airflow/dags/silver_layer_dag.py
[2025-10-23T22:11:41.099+0000] {processor.py:830} INFO - Processing file /opt/airflow/dags/silver_layer_dag.py for tasks to queue
[2025-10-23T22:11:41.100+0000] {logging_mixin.py:188} INFO - [2025-10-23T22:11:41.100+0000] {dagbag.py:540} INFO - Filling up the DagBag from /opt/airflow/dags/silver_layer_dag.py
[2025-10-23T22:11:41.399+0000] {processor.py:840} INFO - DAG(s) 'silver_layer_dag' retrieved from /opt/airflow/dags/silver_layer_dag.py
[2025-10-23T22:11:41.412+0000] {logging_mixin.py:188} INFO - [2025-10-23T22:11:41.412+0000] {dag.py:3096} INFO - Sync 1 DAGs
[2025-10-23T22:11:41.425+0000] {logging_mixin.py:188} INFO - [2025-10-23T22:11:41.425+0000] {dag.py:3954} INFO - Setting next_dagrun for silver_layer_dag to 2025-10-23 19:00:00+00:00, run_after=2025-10-24 19:00:00+00:00
[2025-10-23T22:11:41.437+0000] {processor.py:183} INFO - Processing /opt/airflow/dags/silver_layer_dag.py took 0.344 seconds
[2025-10-23T22:12:11.797+0000] {processor.py:161} INFO - Started process (PID=1056) to work on /opt/airflow/dags/silver_layer_dag.py
[2025-10-23T22:12:11.798+0000] {processor.py:830} INFO - Processing file /opt/airflow/dags/silver_layer_dag.py for tasks to queue
[2025-10-23T22:12:11.800+0000] {logging_mixin.py:188} INFO - [2025-10-23T22:12:11.799+0000] {dagbag.py:540} INFO - Filling up the DagBag from /opt/airflow/dags/silver_layer_dag.py
[2025-10-23T22:12:12.109+0000] {processor.py:840} INFO - DAG(s) 'silver_layer_dag' retrieved from /opt/airflow/dags/silver_layer_dag.py
[2025-10-23T22:12:12.123+0000] {logging_mixin.py:188} INFO - [2025-10-23T22:12:12.123+0000] {dag.py:3096} INFO - Sync 1 DAGs
[2025-10-23T22:12:12.137+0000] {logging_mixin.py:188} INFO - [2025-10-23T22:12:12.137+0000] {dag.py:3954} INFO - Setting next_dagrun for silver_layer_dag to 2025-10-23 19:00:00+00:00, run_after=2025-10-24 19:00:00+00:00
[2025-10-23T22:12:12.150+0000] {processor.py:183} INFO - Processing /opt/airflow/dags/silver_layer_dag.py took 0.357 seconds
[2025-10-23T22:12:43.112+0000] {processor.py:161} INFO - Started process (PID=1058) to work on /opt/airflow/dags/silver_layer_dag.py
[2025-10-23T22:12:43.112+0000] {processor.py:830} INFO - Processing file /opt/airflow/dags/silver_layer_dag.py for tasks to queue
[2025-10-23T22:12:43.114+0000] {logging_mixin.py:188} INFO - [2025-10-23T22:12:43.114+0000] {dagbag.py:540} INFO - Filling up the DagBag from /opt/airflow/dags/silver_layer_dag.py
[2025-10-23T22:12:43.413+0000] {processor.py:840} INFO - DAG(s) 'silver_layer_dag' retrieved from /opt/airflow/dags/silver_layer_dag.py
[2025-10-23T22:12:43.427+0000] {logging_mixin.py:188} INFO - [2025-10-23T22:12:43.426+0000] {dag.py:3096} INFO - Sync 1 DAGs
[2025-10-23T22:12:43.439+0000] {logging_mixin.py:188} INFO - [2025-10-23T22:12:43.439+0000] {dag.py:3954} INFO - Setting next_dagrun for silver_layer_dag to 2025-10-23 19:00:00+00:00, run_after=2025-10-24 19:00:00+00:00
[2025-10-23T22:12:43.452+0000] {processor.py:183} INFO - Processing /opt/airflow/dags/silver_layer_dag.py took 0.345 seconds
[2025-10-23T22:13:14.198+0000] {processor.py:161} INFO - Started process (PID=1060) to work on /opt/airflow/dags/silver_layer_dag.py
[2025-10-23T22:13:14.199+0000] {processor.py:830} INFO - Processing file /opt/airflow/dags/silver_layer_dag.py for tasks to queue
[2025-10-23T22:13:14.200+0000] {logging_mixin.py:188} INFO - [2025-10-23T22:13:14.200+0000] {dagbag.py:540} INFO - Filling up the DagBag from /opt/airflow/dags/silver_layer_dag.py
[2025-10-23T22:13:14.497+0000] {processor.py:840} INFO - DAG(s) 'silver_layer_dag' retrieved from /opt/airflow/dags/silver_layer_dag.py
[2025-10-23T22:13:14.511+0000] {logging_mixin.py:188} INFO - [2025-10-23T22:13:14.510+0000] {dag.py:3096} INFO - Sync 1 DAGs
[2025-10-23T22:13:14.525+0000] {logging_mixin.py:188} INFO - [2025-10-23T22:13:14.524+0000] {dag.py:3954} INFO - Setting next_dagrun for silver_layer_dag to 2025-10-23 19:00:00+00:00, run_after=2025-10-24 19:00:00+00:00
[2025-10-23T22:13:14.537+0000] {processor.py:183} INFO - Processing /opt/airflow/dags/silver_layer_dag.py took 0.343 seconds
[2025-10-23T22:13:45.179+0000] {processor.py:161} INFO - Started process (PID=1062) to work on /opt/airflow/dags/silver_layer_dag.py
[2025-10-23T22:13:45.180+0000] {processor.py:830} INFO - Processing file /opt/airflow/dags/silver_layer_dag.py for tasks to queue
[2025-10-23T22:13:45.182+0000] {logging_mixin.py:188} INFO - [2025-10-23T22:13:45.182+0000] {dagbag.py:540} INFO - Filling up the DagBag from /opt/airflow/dags/silver_layer_dag.py
[2025-10-23T22:13:45.478+0000] {processor.py:840} INFO - DAG(s) 'silver_layer_dag' retrieved from /opt/airflow/dags/silver_layer_dag.py
[2025-10-23T22:13:45.491+0000] {logging_mixin.py:188} INFO - [2025-10-23T22:13:45.491+0000] {dag.py:3096} INFO - Sync 1 DAGs
[2025-10-23T22:13:45.504+0000] {logging_mixin.py:188} INFO - [2025-10-23T22:13:45.504+0000] {dag.py:3954} INFO - Setting next_dagrun for silver_layer_dag to 2025-10-23 19:00:00+00:00, run_after=2025-10-24 19:00:00+00:00
[2025-10-23T22:13:45.516+0000] {processor.py:183} INFO - Processing /opt/airflow/dags/silver_layer_dag.py took 0.343 seconds
[2025-10-23T22:14:16.229+0000] {processor.py:161} INFO - Started process (PID=1064) to work on /opt/airflow/dags/silver_layer_dag.py
[2025-10-23T22:14:16.229+0000] {processor.py:830} INFO - Processing file /opt/airflow/dags/silver_layer_dag.py for tasks to queue
[2025-10-23T22:14:16.231+0000] {logging_mixin.py:188} INFO - [2025-10-23T22:14:16.231+0000] {dagbag.py:540} INFO - Filling up the DagBag from /opt/airflow/dags/silver_layer_dag.py
[2025-10-23T22:14:16.521+0000] {processor.py:840} INFO - DAG(s) 'silver_layer_dag' retrieved from /opt/airflow/dags/silver_layer_dag.py
[2025-10-23T22:14:16.534+0000] {logging_mixin.py:188} INFO - [2025-10-23T22:14:16.534+0000] {dag.py:3096} INFO - Sync 1 DAGs
[2025-10-23T22:14:16.548+0000] {logging_mixin.py:188} INFO - [2025-10-23T22:14:16.547+0000] {dag.py:3954} INFO - Setting next_dagrun for silver_layer_dag to 2025-10-23 19:00:00+00:00, run_after=2025-10-24 19:00:00+00:00
[2025-10-23T22:14:16.560+0000] {processor.py:183} INFO - Processing /opt/airflow/dags/silver_layer_dag.py took 0.336 seconds
[2025-10-23T22:14:46.807+0000] {processor.py:161} INFO - Started process (PID=1066) to work on /opt/airflow/dags/silver_layer_dag.py
[2025-10-23T22:14:46.808+0000] {processor.py:830} INFO - Processing file /opt/airflow/dags/silver_layer_dag.py for tasks to queue
[2025-10-23T22:14:46.809+0000] {logging_mixin.py:188} INFO - [2025-10-23T22:14:46.809+0000] {dagbag.py:540} INFO - Filling up the DagBag from /opt/airflow/dags/silver_layer_dag.py
[2025-10-23T22:14:47.113+0000] {processor.py:840} INFO - DAG(s) 'silver_layer_dag' retrieved from /opt/airflow/dags/silver_layer_dag.py
[2025-10-23T22:14:47.126+0000] {logging_mixin.py:188} INFO - [2025-10-23T22:14:47.126+0000] {dag.py:3096} INFO - Sync 1 DAGs
[2025-10-23T22:14:47.139+0000] {logging_mixin.py:188} INFO - [2025-10-23T22:14:47.139+0000] {dag.py:3954} INFO - Setting next_dagrun for silver_layer_dag to 2025-10-23 19:00:00+00:00, run_after=2025-10-24 19:00:00+00:00
[2025-10-23T22:14:47.151+0000] {processor.py:183} INFO - Processing /opt/airflow/dags/silver_layer_dag.py took 0.349 seconds
[2025-10-23T22:15:17.298+0000] {processor.py:161} INFO - Started process (PID=1068) to work on /opt/airflow/dags/silver_layer_dag.py
[2025-10-23T22:15:17.298+0000] {processor.py:830} INFO - Processing file /opt/airflow/dags/silver_layer_dag.py for tasks to queue
[2025-10-23T22:15:17.300+0000] {logging_mixin.py:188} INFO - [2025-10-23T22:15:17.300+0000] {dagbag.py:540} INFO - Filling up the DagBag from /opt/airflow/dags/silver_layer_dag.py
[2025-10-23T22:15:17.588+0000] {processor.py:840} INFO - DAG(s) 'silver_layer_dag' retrieved from /opt/airflow/dags/silver_layer_dag.py
[2025-10-23T22:15:17.601+0000] {logging_mixin.py:188} INFO - [2025-10-23T22:15:17.601+0000] {dag.py:3096} INFO - Sync 1 DAGs
[2025-10-23T22:15:17.614+0000] {logging_mixin.py:188} INFO - [2025-10-23T22:15:17.614+0000] {dag.py:3954} INFO - Setting next_dagrun for silver_layer_dag to 2025-10-23 19:00:00+00:00, run_after=2025-10-24 19:00:00+00:00
[2025-10-23T22:15:17.630+0000] {processor.py:183} INFO - Processing /opt/airflow/dags/silver_layer_dag.py took 0.337 seconds
[2025-10-23T22:15:47.950+0000] {processor.py:161} INFO - Started process (PID=1070) to work on /opt/airflow/dags/silver_layer_dag.py
[2025-10-23T22:15:47.950+0000] {processor.py:830} INFO - Processing file /opt/airflow/dags/silver_layer_dag.py for tasks to queue
[2025-10-23T22:15:47.952+0000] {logging_mixin.py:188} INFO - [2025-10-23T22:15:47.952+0000] {dagbag.py:540} INFO - Filling up the DagBag from /opt/airflow/dags/silver_layer_dag.py
[2025-10-23T22:15:48.268+0000] {processor.py:840} INFO - DAG(s) 'silver_layer_dag' retrieved from /opt/airflow/dags/silver_layer_dag.py
[2025-10-23T22:15:48.281+0000] {logging_mixin.py:188} INFO - [2025-10-23T22:15:48.281+0000] {dag.py:3096} INFO - Sync 1 DAGs
[2025-10-23T22:15:48.295+0000] {logging_mixin.py:188} INFO - [2025-10-23T22:15:48.295+0000] {dag.py:3954} INFO - Setting next_dagrun for silver_layer_dag to 2025-10-23 19:00:00+00:00, run_after=2025-10-24 19:00:00+00:00
[2025-10-23T22:15:48.308+0000] {processor.py:183} INFO - Processing /opt/airflow/dags/silver_layer_dag.py took 0.363 seconds
[2025-10-23T22:16:18.552+0000] {processor.py:161} INFO - Started process (PID=1072) to work on /opt/airflow/dags/silver_layer_dag.py
[2025-10-23T22:16:18.553+0000] {processor.py:830} INFO - Processing file /opt/airflow/dags/silver_layer_dag.py for tasks to queue
[2025-10-23T22:16:18.554+0000] {logging_mixin.py:188} INFO - [2025-10-23T22:16:18.554+0000] {dagbag.py:540} INFO - Filling up the DagBag from /opt/airflow/dags/silver_layer_dag.py
[2025-10-23T22:16:18.888+0000] {processor.py:840} INFO - DAG(s) 'silver_layer_dag' retrieved from /opt/airflow/dags/silver_layer_dag.py
[2025-10-23T22:16:18.902+0000] {logging_mixin.py:188} INFO - [2025-10-23T22:16:18.902+0000] {dag.py:3096} INFO - Sync 1 DAGs
[2025-10-23T22:16:18.917+0000] {logging_mixin.py:188} INFO - [2025-10-23T22:16:18.917+0000] {dag.py:3954} INFO - Setting next_dagrun for silver_layer_dag to 2025-10-23 19:00:00+00:00, run_after=2025-10-24 19:00:00+00:00
[2025-10-23T22:16:18.930+0000] {processor.py:183} INFO - Processing /opt/airflow/dags/silver_layer_dag.py took 0.383 seconds
[2025-10-23T22:16:49.014+0000] {processor.py:161} INFO - Started process (PID=1074) to work on /opt/airflow/dags/silver_layer_dag.py
[2025-10-23T22:16:49.015+0000] {processor.py:830} INFO - Processing file /opt/airflow/dags/silver_layer_dag.py for tasks to queue
[2025-10-23T22:16:49.017+0000] {logging_mixin.py:188} INFO - [2025-10-23T22:16:49.017+0000] {dagbag.py:540} INFO - Filling up the DagBag from /opt/airflow/dags/silver_layer_dag.py
[2025-10-23T22:16:49.315+0000] {processor.py:840} INFO - DAG(s) 'silver_layer_dag' retrieved from /opt/airflow/dags/silver_layer_dag.py
[2025-10-23T22:16:49.329+0000] {logging_mixin.py:188} INFO - [2025-10-23T22:16:49.329+0000] {dag.py:3096} INFO - Sync 1 DAGs
[2025-10-23T22:16:49.343+0000] {logging_mixin.py:188} INFO - [2025-10-23T22:16:49.343+0000] {dag.py:3954} INFO - Setting next_dagrun for silver_layer_dag to 2025-10-23 19:00:00+00:00, run_after=2025-10-24 19:00:00+00:00
[2025-10-23T22:16:49.355+0000] {processor.py:183} INFO - Processing /opt/airflow/dags/silver_layer_dag.py took 0.346 seconds
[2025-10-23T22:17:20.203+0000] {processor.py:161} INFO - Started process (PID=1076) to work on /opt/airflow/dags/silver_layer_dag.py
[2025-10-23T22:17:20.204+0000] {processor.py:830} INFO - Processing file /opt/airflow/dags/silver_layer_dag.py for tasks to queue
[2025-10-23T22:17:20.206+0000] {logging_mixin.py:188} INFO - [2025-10-23T22:17:20.205+0000] {dagbag.py:540} INFO - Filling up the DagBag from /opt/airflow/dags/silver_layer_dag.py
[2025-10-23T22:17:20.521+0000] {processor.py:840} INFO - DAG(s) 'silver_layer_dag' retrieved from /opt/airflow/dags/silver_layer_dag.py
[2025-10-23T22:17:20.535+0000] {logging_mixin.py:188} INFO - [2025-10-23T22:17:20.534+0000] {dag.py:3096} INFO - Sync 1 DAGs
[2025-10-23T22:17:20.548+0000] {logging_mixin.py:188} INFO - [2025-10-23T22:17:20.548+0000] {dag.py:3954} INFO - Setting next_dagrun for silver_layer_dag to 2025-10-23 19:00:00+00:00, run_after=2025-10-24 19:00:00+00:00
[2025-10-23T22:17:20.560+0000] {processor.py:183} INFO - Processing /opt/airflow/dags/silver_layer_dag.py took 0.361 seconds
[2025-10-23T22:17:51.124+0000] {processor.py:161} INFO - Started process (PID=1078) to work on /opt/airflow/dags/silver_layer_dag.py
[2025-10-23T22:17:51.124+0000] {processor.py:830} INFO - Processing file /opt/airflow/dags/silver_layer_dag.py for tasks to queue
[2025-10-23T22:17:51.126+0000] {logging_mixin.py:188} INFO - [2025-10-23T22:17:51.126+0000] {dagbag.py:540} INFO - Filling up the DagBag from /opt/airflow/dags/silver_layer_dag.py
[2025-10-23T22:17:51.438+0000] {processor.py:840} INFO - DAG(s) 'silver_layer_dag' retrieved from /opt/airflow/dags/silver_layer_dag.py
[2025-10-23T22:17:51.452+0000] {logging_mixin.py:188} INFO - [2025-10-23T22:17:51.452+0000] {dag.py:3096} INFO - Sync 1 DAGs
[2025-10-23T22:17:51.465+0000] {logging_mixin.py:188} INFO - [2025-10-23T22:17:51.465+0000] {dag.py:3954} INFO - Setting next_dagrun for silver_layer_dag to 2025-10-23 19:00:00+00:00, run_after=2025-10-24 19:00:00+00:00
[2025-10-23T22:17:51.477+0000] {processor.py:183} INFO - Processing /opt/airflow/dags/silver_layer_dag.py took 0.358 seconds
[2025-10-23T22:18:21.585+0000] {processor.py:161} INFO - Started process (PID=1080) to work on /opt/airflow/dags/silver_layer_dag.py
[2025-10-23T22:18:21.586+0000] {processor.py:830} INFO - Processing file /opt/airflow/dags/silver_layer_dag.py for tasks to queue
[2025-10-23T22:18:21.588+0000] {logging_mixin.py:188} INFO - [2025-10-23T22:18:21.588+0000] {dagbag.py:540} INFO - Filling up the DagBag from /opt/airflow/dags/silver_layer_dag.py
[2025-10-23T22:18:21.901+0000] {processor.py:840} INFO - DAG(s) 'silver_layer_dag' retrieved from /opt/airflow/dags/silver_layer_dag.py
[2025-10-23T22:18:21.915+0000] {logging_mixin.py:188} INFO - [2025-10-23T22:18:21.915+0000] {dag.py:3096} INFO - Sync 1 DAGs
[2025-10-23T22:18:21.929+0000] {logging_mixin.py:188} INFO - [2025-10-23T22:18:21.929+0000] {dag.py:3954} INFO - Setting next_dagrun for silver_layer_dag to 2025-10-23 19:00:00+00:00, run_after=2025-10-24 19:00:00+00:00
[2025-10-23T22:18:21.942+0000] {processor.py:183} INFO - Processing /opt/airflow/dags/silver_layer_dag.py took 0.362 seconds
[2025-10-23T22:18:52.629+0000] {processor.py:161} INFO - Started process (PID=1082) to work on /opt/airflow/dags/silver_layer_dag.py
[2025-10-23T22:18:52.630+0000] {processor.py:830} INFO - Processing file /opt/airflow/dags/silver_layer_dag.py for tasks to queue
[2025-10-23T22:18:52.632+0000] {logging_mixin.py:188} INFO - [2025-10-23T22:18:52.632+0000] {dagbag.py:540} INFO - Filling up the DagBag from /opt/airflow/dags/silver_layer_dag.py
[2025-10-23T22:18:52.943+0000] {processor.py:840} INFO - DAG(s) 'silver_layer_dag' retrieved from /opt/airflow/dags/silver_layer_dag.py
[2025-10-23T22:18:52.958+0000] {logging_mixin.py:188} INFO - [2025-10-23T22:18:52.957+0000] {dag.py:3096} INFO - Sync 1 DAGs
[2025-10-23T22:18:52.971+0000] {logging_mixin.py:188} INFO - [2025-10-23T22:18:52.971+0000] {dag.py:3954} INFO - Setting next_dagrun for silver_layer_dag to 2025-10-23 19:00:00+00:00, run_after=2025-10-24 19:00:00+00:00
[2025-10-23T22:18:52.984+0000] {processor.py:183} INFO - Processing /opt/airflow/dags/silver_layer_dag.py took 0.359 seconds
[2025-10-23T22:19:23.758+0000] {processor.py:161} INFO - Started process (PID=1084) to work on /opt/airflow/dags/silver_layer_dag.py
[2025-10-23T22:19:23.758+0000] {processor.py:830} INFO - Processing file /opt/airflow/dags/silver_layer_dag.py for tasks to queue
[2025-10-23T22:19:23.760+0000] {logging_mixin.py:188} INFO - [2025-10-23T22:19:23.760+0000] {dagbag.py:540} INFO - Filling up the DagBag from /opt/airflow/dags/silver_layer_dag.py
[2025-10-23T22:19:24.049+0000] {processor.py:840} INFO - DAG(s) 'silver_layer_dag' retrieved from /opt/airflow/dags/silver_layer_dag.py
[2025-10-23T22:19:24.063+0000] {logging_mixin.py:188} INFO - [2025-10-23T22:19:24.063+0000] {dag.py:3096} INFO - Sync 1 DAGs
[2025-10-23T22:19:24.077+0000] {logging_mixin.py:188} INFO - [2025-10-23T22:19:24.077+0000] {dag.py:3954} INFO - Setting next_dagrun for silver_layer_dag to 2025-10-23 19:00:00+00:00, run_after=2025-10-24 19:00:00+00:00
[2025-10-23T22:19:24.090+0000] {processor.py:183} INFO - Processing /opt/airflow/dags/silver_layer_dag.py took 0.337 seconds
[2025-10-23T22:19:54.958+0000] {processor.py:161} INFO - Started process (PID=1086) to work on /opt/airflow/dags/silver_layer_dag.py
[2025-10-23T22:19:54.958+0000] {processor.py:830} INFO - Processing file /opt/airflow/dags/silver_layer_dag.py for tasks to queue
[2025-10-23T22:19:54.960+0000] {logging_mixin.py:188} INFO - [2025-10-23T22:19:54.960+0000] {dagbag.py:540} INFO - Filling up the DagBag from /opt/airflow/dags/silver_layer_dag.py
[2025-10-23T22:19:55.262+0000] {processor.py:840} INFO - DAG(s) 'silver_layer_dag' retrieved from /opt/airflow/dags/silver_layer_dag.py
[2025-10-23T22:19:55.275+0000] {logging_mixin.py:188} INFO - [2025-10-23T22:19:55.275+0000] {dag.py:3096} INFO - Sync 1 DAGs
[2025-10-23T22:19:55.288+0000] {logging_mixin.py:188} INFO - [2025-10-23T22:19:55.288+0000] {dag.py:3954} INFO - Setting next_dagrun for silver_layer_dag to 2025-10-23 19:00:00+00:00, run_after=2025-10-24 19:00:00+00:00
[2025-10-23T22:19:55.300+0000] {processor.py:183} INFO - Processing /opt/airflow/dags/silver_layer_dag.py took 0.346 seconds
[2025-10-23T22:20:25.772+0000] {processor.py:161} INFO - Started process (PID=1088) to work on /opt/airflow/dags/silver_layer_dag.py
[2025-10-23T22:20:25.773+0000] {processor.py:830} INFO - Processing file /opt/airflow/dags/silver_layer_dag.py for tasks to queue
[2025-10-23T22:20:25.775+0000] {logging_mixin.py:188} INFO - [2025-10-23T22:20:25.774+0000] {dagbag.py:540} INFO - Filling up the DagBag from /opt/airflow/dags/silver_layer_dag.py
[2025-10-23T22:20:26.094+0000] {processor.py:840} INFO - DAG(s) 'silver_layer_dag' retrieved from /opt/airflow/dags/silver_layer_dag.py
[2025-10-23T22:20:26.107+0000] {logging_mixin.py:188} INFO - [2025-10-23T22:20:26.107+0000] {dag.py:3096} INFO - Sync 1 DAGs
[2025-10-23T22:20:26.121+0000] {logging_mixin.py:188} INFO - [2025-10-23T22:20:26.121+0000] {dag.py:3954} INFO - Setting next_dagrun for silver_layer_dag to 2025-10-23 19:00:00+00:00, run_after=2025-10-24 19:00:00+00:00
[2025-10-23T22:20:26.133+0000] {processor.py:183} INFO - Processing /opt/airflow/dags/silver_layer_dag.py took 0.366 seconds
[2025-10-23T22:20:56.967+0000] {processor.py:161} INFO - Started process (PID=1090) to work on /opt/airflow/dags/silver_layer_dag.py
[2025-10-23T22:20:56.967+0000] {processor.py:830} INFO - Processing file /opt/airflow/dags/silver_layer_dag.py for tasks to queue
[2025-10-23T22:20:56.969+0000] {logging_mixin.py:188} INFO - [2025-10-23T22:20:56.968+0000] {dagbag.py:540} INFO - Filling up the DagBag from /opt/airflow/dags/silver_layer_dag.py
[2025-10-23T22:20:57.279+0000] {processor.py:840} INFO - DAG(s) 'silver_layer_dag' retrieved from /opt/airflow/dags/silver_layer_dag.py
[2025-10-23T22:20:57.293+0000] {logging_mixin.py:188} INFO - [2025-10-23T22:20:57.293+0000] {dag.py:3096} INFO - Sync 1 DAGs
[2025-10-23T22:20:57.306+0000] {logging_mixin.py:188} INFO - [2025-10-23T22:20:57.306+0000] {dag.py:3954} INFO - Setting next_dagrun for silver_layer_dag to 2025-10-23 19:00:00+00:00, run_after=2025-10-24 19:00:00+00:00
[2025-10-23T22:20:57.318+0000] {processor.py:183} INFO - Processing /opt/airflow/dags/silver_layer_dag.py took 0.356 seconds
[2025-10-23T22:21:27.952+0000] {processor.py:161} INFO - Started process (PID=1092) to work on /opt/airflow/dags/silver_layer_dag.py
[2025-10-23T22:21:27.953+0000] {processor.py:830} INFO - Processing file /opt/airflow/dags/silver_layer_dag.py for tasks to queue
[2025-10-23T22:21:27.954+0000] {logging_mixin.py:188} INFO - [2025-10-23T22:21:27.954+0000] {dagbag.py:540} INFO - Filling up the DagBag from /opt/airflow/dags/silver_layer_dag.py
[2025-10-23T22:21:28.267+0000] {processor.py:840} INFO - DAG(s) 'silver_layer_dag' retrieved from /opt/airflow/dags/silver_layer_dag.py
[2025-10-23T22:21:28.281+0000] {logging_mixin.py:188} INFO - [2025-10-23T22:21:28.281+0000] {dag.py:3096} INFO - Sync 1 DAGs
[2025-10-23T22:21:28.295+0000] {logging_mixin.py:188} INFO - [2025-10-23T22:21:28.294+0000] {dag.py:3954} INFO - Setting next_dagrun for silver_layer_dag to 2025-10-23 19:00:00+00:00, run_after=2025-10-24 19:00:00+00:00
[2025-10-23T22:21:28.307+0000] {processor.py:183} INFO - Processing /opt/airflow/dags/silver_layer_dag.py took 0.360 seconds
[2025-10-23T22:21:58.418+0000] {processor.py:161} INFO - Started process (PID=1094) to work on /opt/airflow/dags/silver_layer_dag.py
[2025-10-23T22:21:58.419+0000] {processor.py:830} INFO - Processing file /opt/airflow/dags/silver_layer_dag.py for tasks to queue
[2025-10-23T22:21:58.421+0000] {logging_mixin.py:188} INFO - [2025-10-23T22:21:58.420+0000] {dagbag.py:540} INFO - Filling up the DagBag from /opt/airflow/dags/silver_layer_dag.py
[2025-10-23T22:21:58.723+0000] {processor.py:840} INFO - DAG(s) 'silver_layer_dag' retrieved from /opt/airflow/dags/silver_layer_dag.py
[2025-10-23T22:21:58.736+0000] {logging_mixin.py:188} INFO - [2025-10-23T22:21:58.736+0000] {dag.py:3096} INFO - Sync 1 DAGs
[2025-10-23T22:21:58.750+0000] {logging_mixin.py:188} INFO - [2025-10-23T22:21:58.750+0000] {dag.py:3954} INFO - Setting next_dagrun for silver_layer_dag to 2025-10-23 19:00:00+00:00, run_after=2025-10-24 19:00:00+00:00
[2025-10-23T22:21:58.762+0000] {processor.py:183} INFO - Processing /opt/airflow/dags/silver_layer_dag.py took 0.348 seconds
[2025-10-23T22:22:29.397+0000] {processor.py:161} INFO - Started process (PID=1096) to work on /opt/airflow/dags/silver_layer_dag.py
[2025-10-23T22:22:29.398+0000] {processor.py:830} INFO - Processing file /opt/airflow/dags/silver_layer_dag.py for tasks to queue
[2025-10-23T22:22:29.399+0000] {logging_mixin.py:188} INFO - [2025-10-23T22:22:29.399+0000] {dagbag.py:540} INFO - Filling up the DagBag from /opt/airflow/dags/silver_layer_dag.py
[2025-10-23T22:22:29.687+0000] {processor.py:840} INFO - DAG(s) 'silver_layer_dag' retrieved from /opt/airflow/dags/silver_layer_dag.py
[2025-10-23T22:22:29.700+0000] {logging_mixin.py:188} INFO - [2025-10-23T22:22:29.700+0000] {dag.py:3096} INFO - Sync 1 DAGs
[2025-10-23T22:22:29.714+0000] {logging_mixin.py:188} INFO - [2025-10-23T22:22:29.713+0000] {dag.py:3954} INFO - Setting next_dagrun for silver_layer_dag to 2025-10-23 19:00:00+00:00, run_after=2025-10-24 19:00:00+00:00
[2025-10-23T22:22:29.726+0000] {processor.py:183} INFO - Processing /opt/airflow/dags/silver_layer_dag.py took 0.333 seconds
[2025-10-23T22:23:00.525+0000] {processor.py:161} INFO - Started process (PID=1098) to work on /opt/airflow/dags/silver_layer_dag.py
[2025-10-23T22:23:00.526+0000] {processor.py:830} INFO - Processing file /opt/airflow/dags/silver_layer_dag.py for tasks to queue
[2025-10-23T22:23:00.527+0000] {logging_mixin.py:188} INFO - [2025-10-23T22:23:00.527+0000] {dagbag.py:540} INFO - Filling up the DagBag from /opt/airflow/dags/silver_layer_dag.py
[2025-10-23T22:23:00.830+0000] {processor.py:840} INFO - DAG(s) 'silver_layer_dag' retrieved from /opt/airflow/dags/silver_layer_dag.py
[2025-10-23T22:23:00.843+0000] {logging_mixin.py:188} INFO - [2025-10-23T22:23:00.843+0000] {dag.py:3096} INFO - Sync 1 DAGs
[2025-10-23T22:23:00.856+0000] {logging_mixin.py:188} INFO - [2025-10-23T22:23:00.856+0000] {dag.py:3954} INFO - Setting next_dagrun for silver_layer_dag to 2025-10-23 19:00:00+00:00, run_after=2025-10-24 19:00:00+00:00
[2025-10-23T22:23:00.869+0000] {processor.py:183} INFO - Processing /opt/airflow/dags/silver_layer_dag.py took 0.350 seconds
[2025-10-23T22:23:30.981+0000] {processor.py:161} INFO - Started process (PID=1100) to work on /opt/airflow/dags/silver_layer_dag.py
[2025-10-23T22:23:30.982+0000] {processor.py:830} INFO - Processing file /opt/airflow/dags/silver_layer_dag.py for tasks to queue
[2025-10-23T22:23:30.983+0000] {logging_mixin.py:188} INFO - [2025-10-23T22:23:30.983+0000] {dagbag.py:540} INFO - Filling up the DagBag from /opt/airflow/dags/silver_layer_dag.py
[2025-10-23T22:23:31.275+0000] {processor.py:840} INFO - DAG(s) 'silver_layer_dag' retrieved from /opt/airflow/dags/silver_layer_dag.py
[2025-10-23T22:23:31.289+0000] {logging_mixin.py:188} INFO - [2025-10-23T22:23:31.288+0000] {dag.py:3096} INFO - Sync 1 DAGs
[2025-10-23T22:23:31.302+0000] {logging_mixin.py:188} INFO - [2025-10-23T22:23:31.302+0000] {dag.py:3954} INFO - Setting next_dagrun for silver_layer_dag to 2025-10-23 19:00:00+00:00, run_after=2025-10-24 19:00:00+00:00
[2025-10-23T22:23:31.314+0000] {processor.py:183} INFO - Processing /opt/airflow/dags/silver_layer_dag.py took 0.337 seconds
[2025-10-23T22:24:02.014+0000] {processor.py:161} INFO - Started process (PID=1102) to work on /opt/airflow/dags/silver_layer_dag.py
[2025-10-23T22:24:02.015+0000] {processor.py:830} INFO - Processing file /opt/airflow/dags/silver_layer_dag.py for tasks to queue
[2025-10-23T22:24:02.016+0000] {logging_mixin.py:188} INFO - [2025-10-23T22:24:02.016+0000] {dagbag.py:540} INFO - Filling up the DagBag from /opt/airflow/dags/silver_layer_dag.py
[2025-10-23T22:24:02.314+0000] {processor.py:840} INFO - DAG(s) 'silver_layer_dag' retrieved from /opt/airflow/dags/silver_layer_dag.py
[2025-10-23T22:24:02.327+0000] {logging_mixin.py:188} INFO - [2025-10-23T22:24:02.327+0000] {dag.py:3096} INFO - Sync 1 DAGs
[2025-10-23T22:24:02.340+0000] {logging_mixin.py:188} INFO - [2025-10-23T22:24:02.340+0000] {dag.py:3954} INFO - Setting next_dagrun for silver_layer_dag to 2025-10-23 19:00:00+00:00, run_after=2025-10-24 19:00:00+00:00
[2025-10-23T22:24:02.352+0000] {processor.py:183} INFO - Processing /opt/airflow/dags/silver_layer_dag.py took 0.344 seconds
[2025-10-23T22:24:33.073+0000] {processor.py:161} INFO - Started process (PID=1104) to work on /opt/airflow/dags/silver_layer_dag.py
[2025-10-23T22:24:33.074+0000] {processor.py:830} INFO - Processing file /opt/airflow/dags/silver_layer_dag.py for tasks to queue
[2025-10-23T22:24:33.076+0000] {logging_mixin.py:188} INFO - [2025-10-23T22:24:33.075+0000] {dagbag.py:540} INFO - Filling up the DagBag from /opt/airflow/dags/silver_layer_dag.py
[2025-10-23T22:24:33.364+0000] {processor.py:840} INFO - DAG(s) 'silver_layer_dag' retrieved from /opt/airflow/dags/silver_layer_dag.py
[2025-10-23T22:24:33.376+0000] {logging_mixin.py:188} INFO - [2025-10-23T22:24:33.376+0000] {dag.py:3096} INFO - Sync 1 DAGs
[2025-10-23T22:24:33.389+0000] {logging_mixin.py:188} INFO - [2025-10-23T22:24:33.389+0000] {dag.py:3954} INFO - Setting next_dagrun for silver_layer_dag to 2025-10-23 19:00:00+00:00, run_after=2025-10-24 19:00:00+00:00
[2025-10-23T22:24:33.401+0000] {processor.py:183} INFO - Processing /opt/airflow/dags/silver_layer_dag.py took 0.333 seconds
[2025-10-23T22:25:04.187+0000] {processor.py:161} INFO - Started process (PID=1106) to work on /opt/airflow/dags/silver_layer_dag.py
[2025-10-23T22:25:04.188+0000] {processor.py:830} INFO - Processing file /opt/airflow/dags/silver_layer_dag.py for tasks to queue
[2025-10-23T22:25:04.190+0000] {logging_mixin.py:188} INFO - [2025-10-23T22:25:04.189+0000] {dagbag.py:540} INFO - Filling up the DagBag from /opt/airflow/dags/silver_layer_dag.py
[2025-10-23T22:25:04.487+0000] {processor.py:840} INFO - DAG(s) 'silver_layer_dag' retrieved from /opt/airflow/dags/silver_layer_dag.py
[2025-10-23T22:25:04.502+0000] {logging_mixin.py:188} INFO - [2025-10-23T22:25:04.501+0000] {dag.py:3096} INFO - Sync 1 DAGs
[2025-10-23T22:25:04.515+0000] {logging_mixin.py:188} INFO - [2025-10-23T22:25:04.515+0000] {dag.py:3954} INFO - Setting next_dagrun for silver_layer_dag to 2025-10-23 19:00:00+00:00, run_after=2025-10-24 19:00:00+00:00
[2025-10-23T22:25:04.528+0000] {processor.py:183} INFO - Processing /opt/airflow/dags/silver_layer_dag.py took 0.346 seconds
[2025-10-23T22:25:34.705+0000] {processor.py:161} INFO - Started process (PID=1108) to work on /opt/airflow/dags/silver_layer_dag.py
[2025-10-23T22:25:34.705+0000] {processor.py:830} INFO - Processing file /opt/airflow/dags/silver_layer_dag.py for tasks to queue
[2025-10-23T22:25:34.707+0000] {logging_mixin.py:188} INFO - [2025-10-23T22:25:34.707+0000] {dagbag.py:540} INFO - Filling up the DagBag from /opt/airflow/dags/silver_layer_dag.py
[2025-10-23T22:25:35.001+0000] {processor.py:840} INFO - DAG(s) 'silver_layer_dag' retrieved from /opt/airflow/dags/silver_layer_dag.py
[2025-10-23T22:25:35.015+0000] {logging_mixin.py:188} INFO - [2025-10-23T22:25:35.015+0000] {dag.py:3096} INFO - Sync 1 DAGs
[2025-10-23T22:25:35.031+0000] {logging_mixin.py:188} INFO - [2025-10-23T22:25:35.031+0000] {dag.py:3954} INFO - Setting next_dagrun for silver_layer_dag to 2025-10-23 19:00:00+00:00, run_after=2025-10-24 19:00:00+00:00
[2025-10-23T22:25:35.046+0000] {processor.py:183} INFO - Processing /opt/airflow/dags/silver_layer_dag.py took 0.346 seconds
[2025-10-23T22:26:05.775+0000] {processor.py:161} INFO - Started process (PID=1110) to work on /opt/airflow/dags/silver_layer_dag.py
[2025-10-23T22:26:05.776+0000] {processor.py:830} INFO - Processing file /opt/airflow/dags/silver_layer_dag.py for tasks to queue
[2025-10-23T22:26:05.777+0000] {logging_mixin.py:188} INFO - [2025-10-23T22:26:05.777+0000] {dagbag.py:540} INFO - Filling up the DagBag from /opt/airflow/dags/silver_layer_dag.py
[2025-10-23T22:26:06.078+0000] {processor.py:840} INFO - DAG(s) 'silver_layer_dag' retrieved from /opt/airflow/dags/silver_layer_dag.py
[2025-10-23T22:26:06.092+0000] {logging_mixin.py:188} INFO - [2025-10-23T22:26:06.091+0000] {dag.py:3096} INFO - Sync 1 DAGs
[2025-10-23T22:26:06.104+0000] {logging_mixin.py:188} INFO - [2025-10-23T22:26:06.104+0000] {dag.py:3954} INFO - Setting next_dagrun for silver_layer_dag to 2025-10-23 19:00:00+00:00, run_after=2025-10-24 19:00:00+00:00
[2025-10-23T22:26:06.116+0000] {processor.py:183} INFO - Processing /opt/airflow/dags/silver_layer_dag.py took 0.347 seconds
[2025-10-23T22:26:36.256+0000] {processor.py:161} INFO - Started process (PID=1112) to work on /opt/airflow/dags/silver_layer_dag.py
[2025-10-23T22:26:36.256+0000] {processor.py:830} INFO - Processing file /opt/airflow/dags/silver_layer_dag.py for tasks to queue
[2025-10-23T22:26:36.258+0000] {logging_mixin.py:188} INFO - [2025-10-23T22:26:36.257+0000] {dagbag.py:540} INFO - Filling up the DagBag from /opt/airflow/dags/silver_layer_dag.py
[2025-10-23T22:26:36.547+0000] {processor.py:840} INFO - DAG(s) 'silver_layer_dag' retrieved from /opt/airflow/dags/silver_layer_dag.py
[2025-10-23T22:26:36.560+0000] {logging_mixin.py:188} INFO - [2025-10-23T22:26:36.560+0000] {dag.py:3096} INFO - Sync 1 DAGs
[2025-10-23T22:26:36.573+0000] {logging_mixin.py:188} INFO - [2025-10-23T22:26:36.573+0000] {dag.py:3954} INFO - Setting next_dagrun for silver_layer_dag to 2025-10-23 19:00:00+00:00, run_after=2025-10-24 19:00:00+00:00
[2025-10-23T22:26:36.586+0000] {processor.py:183} INFO - Processing /opt/airflow/dags/silver_layer_dag.py took 0.334 seconds
[2025-10-23T22:27:06.961+0000] {processor.py:161} INFO - Started process (PID=1114) to work on /opt/airflow/dags/silver_layer_dag.py
[2025-10-23T22:27:06.962+0000] {processor.py:830} INFO - Processing file /opt/airflow/dags/silver_layer_dag.py for tasks to queue
[2025-10-23T22:27:06.963+0000] {logging_mixin.py:188} INFO - [2025-10-23T22:27:06.963+0000] {dagbag.py:540} INFO - Filling up the DagBag from /opt/airflow/dags/silver_layer_dag.py
[2025-10-23T22:27:07.251+0000] {processor.py:840} INFO - DAG(s) 'silver_layer_dag' retrieved from /opt/airflow/dags/silver_layer_dag.py
[2025-10-23T22:27:07.264+0000] {logging_mixin.py:188} INFO - [2025-10-23T22:27:07.264+0000] {dag.py:3096} INFO - Sync 1 DAGs
[2025-10-23T22:27:07.277+0000] {logging_mixin.py:188} INFO - [2025-10-23T22:27:07.277+0000] {dag.py:3954} INFO - Setting next_dagrun for silver_layer_dag to 2025-10-23 19:00:00+00:00, run_after=2025-10-24 19:00:00+00:00
[2025-10-23T22:27:07.289+0000] {processor.py:183} INFO - Processing /opt/airflow/dags/silver_layer_dag.py took 0.332 seconds
[2025-10-23T22:27:37.535+0000] {processor.py:161} INFO - Started process (PID=1116) to work on /opt/airflow/dags/silver_layer_dag.py
[2025-10-23T22:27:37.536+0000] {processor.py:830} INFO - Processing file /opt/airflow/dags/silver_layer_dag.py for tasks to queue
[2025-10-23T22:27:37.537+0000] {logging_mixin.py:188} INFO - [2025-10-23T22:27:37.537+0000] {dagbag.py:540} INFO - Filling up the DagBag from /opt/airflow/dags/silver_layer_dag.py
[2025-10-23T22:27:37.825+0000] {processor.py:840} INFO - DAG(s) 'silver_layer_dag' retrieved from /opt/airflow/dags/silver_layer_dag.py
[2025-10-23T22:27:37.838+0000] {logging_mixin.py:188} INFO - [2025-10-23T22:27:37.838+0000] {dag.py:3096} INFO - Sync 1 DAGs
[2025-10-23T22:27:37.851+0000] {logging_mixin.py:188} INFO - [2025-10-23T22:27:37.851+0000] {dag.py:3954} INFO - Setting next_dagrun for silver_layer_dag to 2025-10-23 19:00:00+00:00, run_after=2025-10-24 19:00:00+00:00
[2025-10-23T22:27:37.864+0000] {processor.py:183} INFO - Processing /opt/airflow/dags/silver_layer_dag.py took 0.332 seconds
[2025-10-23T22:28:08.445+0000] {processor.py:161} INFO - Started process (PID=1118) to work on /opt/airflow/dags/silver_layer_dag.py
[2025-10-23T22:28:08.446+0000] {processor.py:830} INFO - Processing file /opt/airflow/dags/silver_layer_dag.py for tasks to queue
[2025-10-23T22:28:08.448+0000] {logging_mixin.py:188} INFO - [2025-10-23T22:28:08.447+0000] {dagbag.py:540} INFO - Filling up the DagBag from /opt/airflow/dags/silver_layer_dag.py
[2025-10-23T22:28:08.629+0000] {processor.py:840} INFO - DAG(s) 'silver_layer_dag' retrieved from /opt/airflow/dags/silver_layer_dag.py
[2025-10-23T22:28:08.645+0000] {logging_mixin.py:188} INFO - [2025-10-23T22:28:08.645+0000] {dag.py:3096} INFO - Sync 1 DAGs
[2025-10-23T22:28:08.661+0000] {logging_mixin.py:188} INFO - [2025-10-23T22:28:08.661+0000] {dag.py:3954} INFO - Setting next_dagrun for silver_layer_dag to 2025-10-23 19:00:00+00:00, run_after=2025-10-24 19:00:00+00:00
[2025-10-23T22:28:08.675+0000] {processor.py:183} INFO - Processing /opt/airflow/dags/silver_layer_dag.py took 0.233 seconds
[2025-10-23T22:28:39.033+0000] {processor.py:161} INFO - Started process (PID=1120) to work on /opt/airflow/dags/silver_layer_dag.py
[2025-10-23T22:28:39.034+0000] {processor.py:830} INFO - Processing file /opt/airflow/dags/silver_layer_dag.py for tasks to queue
[2025-10-23T22:28:39.035+0000] {logging_mixin.py:188} INFO - [2025-10-23T22:28:39.035+0000] {dagbag.py:540} INFO - Filling up the DagBag from /opt/airflow/dags/silver_layer_dag.py
[2025-10-23T22:28:39.218+0000] {processor.py:840} INFO - DAG(s) 'silver_layer_dag' retrieved from /opt/airflow/dags/silver_layer_dag.py
[2025-10-23T22:28:39.233+0000] {logging_mixin.py:188} INFO - [2025-10-23T22:28:39.233+0000] {dag.py:3096} INFO - Sync 1 DAGs
[2025-10-23T22:28:39.250+0000] {logging_mixin.py:188} INFO - [2025-10-23T22:28:39.249+0000] {dag.py:3954} INFO - Setting next_dagrun for silver_layer_dag to 2025-10-23 19:00:00+00:00, run_after=2025-10-24 19:00:00+00:00
[2025-10-23T22:28:39.263+0000] {processor.py:183} INFO - Processing /opt/airflow/dags/silver_layer_dag.py took 0.234 seconds
[2025-10-23T22:29:10.066+0000] {processor.py:161} INFO - Started process (PID=1122) to work on /opt/airflow/dags/silver_layer_dag.py
[2025-10-23T22:29:10.067+0000] {processor.py:830} INFO - Processing file /opt/airflow/dags/silver_layer_dag.py for tasks to queue
[2025-10-23T22:29:10.068+0000] {logging_mixin.py:188} INFO - [2025-10-23T22:29:10.068+0000] {dagbag.py:540} INFO - Filling up the DagBag from /opt/airflow/dags/silver_layer_dag.py
[2025-10-23T22:29:10.253+0000] {processor.py:840} INFO - DAG(s) 'silver_layer_dag' retrieved from /opt/airflow/dags/silver_layer_dag.py
[2025-10-23T22:29:10.269+0000] {logging_mixin.py:188} INFO - [2025-10-23T22:29:10.269+0000] {dag.py:3096} INFO - Sync 1 DAGs
[2025-10-23T22:29:10.286+0000] {logging_mixin.py:188} INFO - [2025-10-23T22:29:10.286+0000] {dag.py:3954} INFO - Setting next_dagrun for silver_layer_dag to 2025-10-23 19:00:00+00:00, run_after=2025-10-24 19:00:00+00:00
[2025-10-23T22:29:10.300+0000] {processor.py:183} INFO - Processing /opt/airflow/dags/silver_layer_dag.py took 0.238 seconds
[2025-10-23T22:29:40.719+0000] {processor.py:161} INFO - Started process (PID=1124) to work on /opt/airflow/dags/silver_layer_dag.py
[2025-10-23T22:29:40.720+0000] {processor.py:830} INFO - Processing file /opt/airflow/dags/silver_layer_dag.py for tasks to queue
[2025-10-23T22:29:40.721+0000] {logging_mixin.py:188} INFO - [2025-10-23T22:29:40.721+0000] {dagbag.py:540} INFO - Filling up the DagBag from /opt/airflow/dags/silver_layer_dag.py
[2025-10-23T22:29:40.904+0000] {processor.py:840} INFO - DAG(s) 'silver_layer_dag' retrieved from /opt/airflow/dags/silver_layer_dag.py
[2025-10-23T22:29:40.921+0000] {logging_mixin.py:188} INFO - [2025-10-23T22:29:40.921+0000] {dag.py:3096} INFO - Sync 1 DAGs
[2025-10-23T22:29:40.938+0000] {logging_mixin.py:188} INFO - [2025-10-23T22:29:40.938+0000] {dag.py:3954} INFO - Setting next_dagrun for silver_layer_dag to 2025-10-23 19:00:00+00:00, run_after=2025-10-24 19:00:00+00:00
[2025-10-23T22:29:40.952+0000] {processor.py:183} INFO - Processing /opt/airflow/dags/silver_layer_dag.py took 0.237 seconds
[2025-10-23T22:30:11.045+0000] {processor.py:161} INFO - Started process (PID=1126) to work on /opt/airflow/dags/silver_layer_dag.py
[2025-10-23T22:30:11.046+0000] {processor.py:830} INFO - Processing file /opt/airflow/dags/silver_layer_dag.py for tasks to queue
[2025-10-23T22:30:11.048+0000] {logging_mixin.py:188} INFO - [2025-10-23T22:30:11.047+0000] {dagbag.py:540} INFO - Filling up the DagBag from /opt/airflow/dags/silver_layer_dag.py
[2025-10-23T22:30:11.235+0000] {processor.py:840} INFO - DAG(s) 'silver_layer_dag' retrieved from /opt/airflow/dags/silver_layer_dag.py
[2025-10-23T22:30:11.253+0000] {logging_mixin.py:188} INFO - [2025-10-23T22:30:11.253+0000] {dag.py:3096} INFO - Sync 1 DAGs
[2025-10-23T22:30:11.269+0000] {logging_mixin.py:188} INFO - [2025-10-23T22:30:11.269+0000] {dag.py:3954} INFO - Setting next_dagrun for silver_layer_dag to 2025-10-23 19:00:00+00:00, run_after=2025-10-24 19:00:00+00:00
[2025-10-23T22:30:11.283+0000] {processor.py:183} INFO - Processing /opt/airflow/dags/silver_layer_dag.py took 0.243 seconds
[2025-10-23T22:30:41.509+0000] {processor.py:161} INFO - Started process (PID=1128) to work on /opt/airflow/dags/silver_layer_dag.py
[2025-10-23T22:30:41.510+0000] {processor.py:830} INFO - Processing file /opt/airflow/dags/silver_layer_dag.py for tasks to queue
[2025-10-23T22:30:41.511+0000] {logging_mixin.py:188} INFO - [2025-10-23T22:30:41.511+0000] {dagbag.py:540} INFO - Filling up the DagBag from /opt/airflow/dags/silver_layer_dag.py
[2025-10-23T22:30:41.684+0000] {processor.py:840} INFO - DAG(s) 'silver_layer_dag' retrieved from /opt/airflow/dags/silver_layer_dag.py
[2025-10-23T22:30:41.699+0000] {logging_mixin.py:188} INFO - [2025-10-23T22:30:41.699+0000] {dag.py:3096} INFO - Sync 1 DAGs
[2025-10-23T22:30:41.714+0000] {logging_mixin.py:188} INFO - [2025-10-23T22:30:41.714+0000] {dag.py:3954} INFO - Setting next_dagrun for silver_layer_dag to 2025-10-23 19:00:00+00:00, run_after=2025-10-24 19:00:00+00:00
[2025-10-23T22:30:41.728+0000] {processor.py:183} INFO - Processing /opt/airflow/dags/silver_layer_dag.py took 0.223 seconds
[2025-10-23T22:31:12.135+0000] {processor.py:161} INFO - Started process (PID=1130) to work on /opt/airflow/dags/silver_layer_dag.py
[2025-10-23T22:31:12.136+0000] {processor.py:830} INFO - Processing file /opt/airflow/dags/silver_layer_dag.py for tasks to queue
[2025-10-23T22:31:12.138+0000] {logging_mixin.py:188} INFO - [2025-10-23T22:31:12.138+0000] {dagbag.py:540} INFO - Filling up the DagBag from /opt/airflow/dags/silver_layer_dag.py
[2025-10-23T22:31:12.338+0000] {processor.py:840} INFO - DAG(s) 'silver_layer_dag' retrieved from /opt/airflow/dags/silver_layer_dag.py
[2025-10-23T22:31:12.356+0000] {logging_mixin.py:188} INFO - [2025-10-23T22:31:12.356+0000] {dag.py:3096} INFO - Sync 1 DAGs
[2025-10-23T22:31:12.375+0000] {logging_mixin.py:188} INFO - [2025-10-23T22:31:12.374+0000] {dag.py:3954} INFO - Setting next_dagrun for silver_layer_dag to 2025-10-23 19:00:00+00:00, run_after=2025-10-24 19:00:00+00:00
[2025-10-23T22:31:12.390+0000] {processor.py:183} INFO - Processing /opt/airflow/dags/silver_layer_dag.py took 0.259 seconds
[2025-10-23T22:31:42.576+0000] {processor.py:161} INFO - Started process (PID=1132) to work on /opt/airflow/dags/silver_layer_dag.py
[2025-10-23T22:31:42.577+0000] {processor.py:830} INFO - Processing file /opt/airflow/dags/silver_layer_dag.py for tasks to queue
[2025-10-23T22:31:42.578+0000] {logging_mixin.py:188} INFO - [2025-10-23T22:31:42.578+0000] {dagbag.py:540} INFO - Filling up the DagBag from /opt/airflow/dags/silver_layer_dag.py
[2025-10-23T22:31:42.763+0000] {processor.py:840} INFO - DAG(s) 'silver_layer_dag' retrieved from /opt/airflow/dags/silver_layer_dag.py
[2025-10-23T22:31:42.779+0000] {logging_mixin.py:188} INFO - [2025-10-23T22:31:42.778+0000] {dag.py:3096} INFO - Sync 1 DAGs
[2025-10-23T22:31:42.795+0000] {logging_mixin.py:188} INFO - [2025-10-23T22:31:42.794+0000] {dag.py:3954} INFO - Setting next_dagrun for silver_layer_dag to 2025-10-23 19:00:00+00:00, run_after=2025-10-24 19:00:00+00:00
[2025-10-23T22:31:42.808+0000] {processor.py:183} INFO - Processing /opt/airflow/dags/silver_layer_dag.py took 0.236 seconds
[2025-10-23T22:32:12.865+0000] {processor.py:161} INFO - Started process (PID=1134) to work on /opt/airflow/dags/silver_layer_dag.py
[2025-10-23T22:32:12.866+0000] {processor.py:830} INFO - Processing file /opt/airflow/dags/silver_layer_dag.py for tasks to queue
[2025-10-23T22:32:12.868+0000] {logging_mixin.py:188} INFO - [2025-10-23T22:32:12.867+0000] {dagbag.py:540} INFO - Filling up the DagBag from /opt/airflow/dags/silver_layer_dag.py
[2025-10-23T22:32:13.053+0000] {processor.py:840} INFO - DAG(s) 'silver_layer_dag' retrieved from /opt/airflow/dags/silver_layer_dag.py
[2025-10-23T22:32:13.070+0000] {logging_mixin.py:188} INFO - [2025-10-23T22:32:13.070+0000] {dag.py:3096} INFO - Sync 1 DAGs
[2025-10-23T22:32:13.087+0000] {logging_mixin.py:188} INFO - [2025-10-23T22:32:13.087+0000] {dag.py:3954} INFO - Setting next_dagrun for silver_layer_dag to 2025-10-23 19:00:00+00:00, run_after=2025-10-24 19:00:00+00:00
[2025-10-23T22:32:13.101+0000] {processor.py:183} INFO - Processing /opt/airflow/dags/silver_layer_dag.py took 0.241 seconds
[2025-10-23T22:32:43.684+0000] {processor.py:161} INFO - Started process (PID=1136) to work on /opt/airflow/dags/silver_layer_dag.py
[2025-10-23T22:32:43.685+0000] {processor.py:830} INFO - Processing file /opt/airflow/dags/silver_layer_dag.py for tasks to queue
[2025-10-23T22:32:43.687+0000] {logging_mixin.py:188} INFO - [2025-10-23T22:32:43.686+0000] {dagbag.py:540} INFO - Filling up the DagBag from /opt/airflow/dags/silver_layer_dag.py
[2025-10-23T22:32:43.877+0000] {processor.py:840} INFO - DAG(s) 'silver_layer_dag' retrieved from /opt/airflow/dags/silver_layer_dag.py
[2025-10-23T22:32:43.894+0000] {logging_mixin.py:188} INFO - [2025-10-23T22:32:43.894+0000] {dag.py:3096} INFO - Sync 1 DAGs
[2025-10-23T22:32:43.912+0000] {logging_mixin.py:188} INFO - [2025-10-23T22:32:43.911+0000] {dag.py:3954} INFO - Setting next_dagrun for silver_layer_dag to 2025-10-23 19:00:00+00:00, run_after=2025-10-24 19:00:00+00:00
[2025-10-23T22:32:43.926+0000] {processor.py:183} INFO - Processing /opt/airflow/dags/silver_layer_dag.py took 0.246 seconds
[2025-10-23T22:33:14.831+0000] {processor.py:161} INFO - Started process (PID=1138) to work on /opt/airflow/dags/silver_layer_dag.py
[2025-10-23T22:33:14.831+0000] {processor.py:830} INFO - Processing file /opt/airflow/dags/silver_layer_dag.py for tasks to queue
[2025-10-23T22:33:14.833+0000] {logging_mixin.py:188} INFO - [2025-10-23T22:33:14.833+0000] {dagbag.py:540} INFO - Filling up the DagBag from /opt/airflow/dags/silver_layer_dag.py
[2025-10-23T22:33:15.014+0000] {processor.py:840} INFO - DAG(s) 'silver_layer_dag' retrieved from /opt/airflow/dags/silver_layer_dag.py
[2025-10-23T22:33:15.030+0000] {logging_mixin.py:188} INFO - [2025-10-23T22:33:15.030+0000] {dag.py:3096} INFO - Sync 1 DAGs
[2025-10-23T22:33:15.045+0000] {logging_mixin.py:188} INFO - [2025-10-23T22:33:15.045+0000] {dag.py:3954} INFO - Setting next_dagrun for silver_layer_dag to 2025-10-23 19:00:00+00:00, run_after=2025-10-24 19:00:00+00:00
[2025-10-23T22:33:15.059+0000] {processor.py:183} INFO - Processing /opt/airflow/dags/silver_layer_dag.py took 0.233 seconds
[2025-10-23T22:33:45.102+0000] {processor.py:161} INFO - Started process (PID=1140) to work on /opt/airflow/dags/silver_layer_dag.py
[2025-10-23T22:33:45.103+0000] {processor.py:830} INFO - Processing file /opt/airflow/dags/silver_layer_dag.py for tasks to queue
[2025-10-23T22:33:45.105+0000] {logging_mixin.py:188} INFO - [2025-10-23T22:33:45.105+0000] {dagbag.py:540} INFO - Filling up the DagBag from /opt/airflow/dags/silver_layer_dag.py
[2025-10-23T22:33:45.295+0000] {processor.py:840} INFO - DAG(s) 'silver_layer_dag' retrieved from /opt/airflow/dags/silver_layer_dag.py
[2025-10-23T22:33:45.313+0000] {logging_mixin.py:188} INFO - [2025-10-23T22:33:45.313+0000] {dag.py:3096} INFO - Sync 1 DAGs
[2025-10-23T22:33:45.330+0000] {logging_mixin.py:188} INFO - [2025-10-23T22:33:45.330+0000] {dag.py:3954} INFO - Setting next_dagrun for silver_layer_dag to 2025-10-23 19:00:00+00:00, run_after=2025-10-24 19:00:00+00:00
[2025-10-23T22:33:45.345+0000] {processor.py:183} INFO - Processing /opt/airflow/dags/silver_layer_dag.py took 0.247 seconds
[2025-10-23T22:34:16.059+0000] {processor.py:161} INFO - Started process (PID=1142) to work on /opt/airflow/dags/silver_layer_dag.py
[2025-10-23T22:34:16.060+0000] {processor.py:830} INFO - Processing file /opt/airflow/dags/silver_layer_dag.py for tasks to queue
[2025-10-23T22:34:16.061+0000] {logging_mixin.py:188} INFO - [2025-10-23T22:34:16.061+0000] {dagbag.py:540} INFO - Filling up the DagBag from /opt/airflow/dags/silver_layer_dag.py
[2025-10-23T22:34:16.247+0000] {processor.py:840} INFO - DAG(s) 'silver_layer_dag' retrieved from /opt/airflow/dags/silver_layer_dag.py
[2025-10-23T22:34:16.264+0000] {logging_mixin.py:188} INFO - [2025-10-23T22:34:16.264+0000] {dag.py:3096} INFO - Sync 1 DAGs
[2025-10-23T22:34:16.281+0000] {logging_mixin.py:188} INFO - [2025-10-23T22:34:16.281+0000] {dag.py:3954} INFO - Setting next_dagrun for silver_layer_dag to 2025-10-23 19:00:00+00:00, run_after=2025-10-24 19:00:00+00:00
[2025-10-23T22:34:16.299+0000] {processor.py:183} INFO - Processing /opt/airflow/dags/silver_layer_dag.py took 0.245 seconds
[2025-10-23T22:34:46.353+0000] {processor.py:161} INFO - Started process (PID=1144) to work on /opt/airflow/dags/silver_layer_dag.py
[2025-10-23T22:34:46.355+0000] {processor.py:830} INFO - Processing file /opt/airflow/dags/silver_layer_dag.py for tasks to queue
[2025-10-23T22:34:46.359+0000] {logging_mixin.py:188} INFO - [2025-10-23T22:34:46.358+0000] {dagbag.py:540} INFO - Filling up the DagBag from /opt/airflow/dags/silver_layer_dag.py
[2025-10-23T22:34:46.562+0000] {processor.py:840} INFO - DAG(s) 'silver_layer_dag' retrieved from /opt/airflow/dags/silver_layer_dag.py
[2025-10-23T22:34:46.583+0000] {logging_mixin.py:188} INFO - [2025-10-23T22:34:46.583+0000] {dag.py:3096} INFO - Sync 1 DAGs
[2025-10-23T22:34:46.601+0000] {logging_mixin.py:188} INFO - [2025-10-23T22:34:46.601+0000] {dag.py:3954} INFO - Setting next_dagrun for silver_layer_dag to 2025-10-23 19:00:00+00:00, run_after=2025-10-24 19:00:00+00:00
[2025-10-23T22:34:46.615+0000] {processor.py:183} INFO - Processing /opt/airflow/dags/silver_layer_dag.py took 0.271 seconds
[2025-10-23T22:35:16.818+0000] {processor.py:161} INFO - Started process (PID=1146) to work on /opt/airflow/dags/silver_layer_dag.py
[2025-10-23T22:35:16.818+0000] {processor.py:830} INFO - Processing file /opt/airflow/dags/silver_layer_dag.py for tasks to queue
[2025-10-23T22:35:16.820+0000] {logging_mixin.py:188} INFO - [2025-10-23T22:35:16.819+0000] {dagbag.py:540} INFO - Filling up the DagBag from /opt/airflow/dags/silver_layer_dag.py
[2025-10-23T22:35:17.001+0000] {processor.py:840} INFO - DAG(s) 'silver_layer_dag' retrieved from /opt/airflow/dags/silver_layer_dag.py
[2025-10-23T22:35:17.017+0000] {logging_mixin.py:188} INFO - [2025-10-23T22:35:17.017+0000] {dag.py:3096} INFO - Sync 1 DAGs
[2025-10-23T22:35:17.033+0000] {logging_mixin.py:188} INFO - [2025-10-23T22:35:17.033+0000] {dag.py:3954} INFO - Setting next_dagrun for silver_layer_dag to 2025-10-23 19:00:00+00:00, run_after=2025-10-24 19:00:00+00:00
[2025-10-23T22:35:17.047+0000] {processor.py:183} INFO - Processing /opt/airflow/dags/silver_layer_dag.py took 0.234 seconds
[2025-10-23T22:35:47.558+0000] {processor.py:161} INFO - Started process (PID=1148) to work on /opt/airflow/dags/silver_layer_dag.py
[2025-10-23T22:35:47.559+0000] {processor.py:830} INFO - Processing file /opt/airflow/dags/silver_layer_dag.py for tasks to queue
[2025-10-23T22:35:47.560+0000] {logging_mixin.py:188} INFO - [2025-10-23T22:35:47.560+0000] {dagbag.py:540} INFO - Filling up the DagBag from /opt/airflow/dags/silver_layer_dag.py
[2025-10-23T22:35:47.745+0000] {processor.py:840} INFO - DAG(s) 'silver_layer_dag' retrieved from /opt/airflow/dags/silver_layer_dag.py
[2025-10-23T22:35:47.763+0000] {logging_mixin.py:188} INFO - [2025-10-23T22:35:47.763+0000] {dag.py:3096} INFO - Sync 1 DAGs
[2025-10-23T22:35:47.784+0000] {logging_mixin.py:188} INFO - [2025-10-23T22:35:47.784+0000] {dag.py:3954} INFO - Setting next_dagrun for silver_layer_dag to 2025-10-23 19:00:00+00:00, run_after=2025-10-24 19:00:00+00:00
[2025-10-23T22:35:47.801+0000] {processor.py:183} INFO - Processing /opt/airflow/dags/silver_layer_dag.py took 0.248 seconds
[2025-10-23T22:36:18.239+0000] {processor.py:161} INFO - Started process (PID=1150) to work on /opt/airflow/dags/silver_layer_dag.py
[2025-10-23T22:36:18.240+0000] {processor.py:830} INFO - Processing file /opt/airflow/dags/silver_layer_dag.py for tasks to queue
[2025-10-23T22:36:18.242+0000] {logging_mixin.py:188} INFO - [2025-10-23T22:36:18.241+0000] {dagbag.py:540} INFO - Filling up the DagBag from /opt/airflow/dags/silver_layer_dag.py
[2025-10-23T22:36:18.431+0000] {processor.py:840} INFO - DAG(s) 'silver_layer_dag' retrieved from /opt/airflow/dags/silver_layer_dag.py
[2025-10-23T22:36:18.448+0000] {logging_mixin.py:188} INFO - [2025-10-23T22:36:18.448+0000] {dag.py:3096} INFO - Sync 1 DAGs
[2025-10-23T22:36:18.466+0000] {logging_mixin.py:188} INFO - [2025-10-23T22:36:18.466+0000] {dag.py:3954} INFO - Setting next_dagrun for silver_layer_dag to 2025-10-23 19:00:00+00:00, run_after=2025-10-24 19:00:00+00:00
[2025-10-23T22:36:18.480+0000] {processor.py:183} INFO - Processing /opt/airflow/dags/silver_layer_dag.py took 0.246 seconds
[2025-10-23T22:36:49.124+0000] {processor.py:161} INFO - Started process (PID=1152) to work on /opt/airflow/dags/silver_layer_dag.py
[2025-10-23T22:36:49.125+0000] {processor.py:830} INFO - Processing file /opt/airflow/dags/silver_layer_dag.py for tasks to queue
[2025-10-23T22:36:49.126+0000] {logging_mixin.py:188} INFO - [2025-10-23T22:36:49.126+0000] {dagbag.py:540} INFO - Filling up the DagBag from /opt/airflow/dags/silver_layer_dag.py
[2025-10-23T22:36:49.314+0000] {processor.py:840} INFO - DAG(s) 'silver_layer_dag' retrieved from /opt/airflow/dags/silver_layer_dag.py
[2025-10-23T22:36:49.330+0000] {logging_mixin.py:188} INFO - [2025-10-23T22:36:49.329+0000] {dag.py:3096} INFO - Sync 1 DAGs
[2025-10-23T22:36:49.346+0000] {logging_mixin.py:188} INFO - [2025-10-23T22:36:49.346+0000] {dag.py:3954} INFO - Setting next_dagrun for silver_layer_dag to 2025-10-23 19:00:00+00:00, run_after=2025-10-24 19:00:00+00:00
[2025-10-23T22:36:49.359+0000] {processor.py:183} INFO - Processing /opt/airflow/dags/silver_layer_dag.py took 0.240 seconds
[2025-10-23T22:37:19.903+0000] {processor.py:161} INFO - Started process (PID=1154) to work on /opt/airflow/dags/silver_layer_dag.py
[2025-10-23T22:37:19.904+0000] {processor.py:830} INFO - Processing file /opt/airflow/dags/silver_layer_dag.py for tasks to queue
[2025-10-23T22:37:19.905+0000] {logging_mixin.py:188} INFO - [2025-10-23T22:37:19.905+0000] {dagbag.py:540} INFO - Filling up the DagBag from /opt/airflow/dags/silver_layer_dag.py
[2025-10-23T22:37:20.087+0000] {processor.py:840} INFO - DAG(s) 'silver_layer_dag' retrieved from /opt/airflow/dags/silver_layer_dag.py
[2025-10-23T22:37:20.104+0000] {logging_mixin.py:188} INFO - [2025-10-23T22:37:20.104+0000] {dag.py:3096} INFO - Sync 1 DAGs
[2025-10-23T22:37:20.120+0000] {logging_mixin.py:188} INFO - [2025-10-23T22:37:20.120+0000] {dag.py:3954} INFO - Setting next_dagrun for silver_layer_dag to 2025-10-23 19:00:00+00:00, run_after=2025-10-24 19:00:00+00:00
[2025-10-23T22:37:20.134+0000] {processor.py:183} INFO - Processing /opt/airflow/dags/silver_layer_dag.py took 0.235 seconds
[2025-10-23T22:37:50.403+0000] {processor.py:161} INFO - Started process (PID=1156) to work on /opt/airflow/dags/silver_layer_dag.py
[2025-10-23T22:37:50.404+0000] {processor.py:830} INFO - Processing file /opt/airflow/dags/silver_layer_dag.py for tasks to queue
[2025-10-23T22:37:50.405+0000] {logging_mixin.py:188} INFO - [2025-10-23T22:37:50.405+0000] {dagbag.py:540} INFO - Filling up the DagBag from /opt/airflow/dags/silver_layer_dag.py
[2025-10-23T22:37:50.589+0000] {processor.py:840} INFO - DAG(s) 'silver_layer_dag' retrieved from /opt/airflow/dags/silver_layer_dag.py
[2025-10-23T22:37:50.605+0000] {logging_mixin.py:188} INFO - [2025-10-23T22:37:50.605+0000] {dag.py:3096} INFO - Sync 1 DAGs
[2025-10-23T22:37:50.621+0000] {logging_mixin.py:188} INFO - [2025-10-23T22:37:50.620+0000] {dag.py:3954} INFO - Setting next_dagrun for silver_layer_dag to 2025-10-23 19:00:00+00:00, run_after=2025-10-24 19:00:00+00:00
[2025-10-23T22:37:50.634+0000] {processor.py:183} INFO - Processing /opt/airflow/dags/silver_layer_dag.py took 0.235 seconds
[2025-10-23T22:38:20.977+0000] {processor.py:161} INFO - Started process (PID=1158) to work on /opt/airflow/dags/silver_layer_dag.py
[2025-10-23T22:38:20.978+0000] {processor.py:830} INFO - Processing file /opt/airflow/dags/silver_layer_dag.py for tasks to queue
[2025-10-23T22:38:20.980+0000] {logging_mixin.py:188} INFO - [2025-10-23T22:38:20.980+0000] {dagbag.py:540} INFO - Filling up the DagBag from /opt/airflow/dags/silver_layer_dag.py
[2025-10-23T22:38:21.166+0000] {processor.py:840} INFO - DAG(s) 'silver_layer_dag' retrieved from /opt/airflow/dags/silver_layer_dag.py
[2025-10-23T22:38:21.182+0000] {logging_mixin.py:188} INFO - [2025-10-23T22:38:21.182+0000] {dag.py:3096} INFO - Sync 1 DAGs
[2025-10-23T22:38:21.199+0000] {logging_mixin.py:188} INFO - [2025-10-23T22:38:21.199+0000] {dag.py:3954} INFO - Setting next_dagrun for silver_layer_dag to 2025-10-23 19:00:00+00:00, run_after=2025-10-24 19:00:00+00:00
[2025-10-23T22:38:21.213+0000] {processor.py:183} INFO - Processing /opt/airflow/dags/silver_layer_dag.py took 0.240 seconds
[2025-10-23T22:38:52.177+0000] {processor.py:161} INFO - Started process (PID=1160) to work on /opt/airflow/dags/silver_layer_dag.py
[2025-10-23T22:38:52.178+0000] {processor.py:830} INFO - Processing file /opt/airflow/dags/silver_layer_dag.py for tasks to queue
[2025-10-23T22:38:52.179+0000] {logging_mixin.py:188} INFO - [2025-10-23T22:38:52.179+0000] {dagbag.py:540} INFO - Filling up the DagBag from /opt/airflow/dags/silver_layer_dag.py
[2025-10-23T22:38:52.375+0000] {processor.py:840} INFO - DAG(s) 'silver_layer_dag' retrieved from /opt/airflow/dags/silver_layer_dag.py
[2025-10-23T22:38:52.392+0000] {logging_mixin.py:188} INFO - [2025-10-23T22:38:52.391+0000] {dag.py:3096} INFO - Sync 1 DAGs
[2025-10-23T22:38:52.408+0000] {logging_mixin.py:188} INFO - [2025-10-23T22:38:52.408+0000] {dag.py:3954} INFO - Setting next_dagrun for silver_layer_dag to 2025-10-23 19:00:00+00:00, run_after=2025-10-24 19:00:00+00:00
[2025-10-23T22:38:52.423+0000] {processor.py:183} INFO - Processing /opt/airflow/dags/silver_layer_dag.py took 0.251 seconds
[2025-10-23T22:39:22.484+0000] {processor.py:161} INFO - Started process (PID=1162) to work on /opt/airflow/dags/silver_layer_dag.py
[2025-10-23T22:39:22.484+0000] {processor.py:830} INFO - Processing file /opt/airflow/dags/silver_layer_dag.py for tasks to queue
[2025-10-23T22:39:22.486+0000] {logging_mixin.py:188} INFO - [2025-10-23T22:39:22.486+0000] {dagbag.py:540} INFO - Filling up the DagBag from /opt/airflow/dags/silver_layer_dag.py
[2025-10-23T22:39:22.667+0000] {processor.py:840} INFO - DAG(s) 'silver_layer_dag' retrieved from /opt/airflow/dags/silver_layer_dag.py
[2025-10-23T22:39:22.683+0000] {logging_mixin.py:188} INFO - [2025-10-23T22:39:22.683+0000] {dag.py:3096} INFO - Sync 1 DAGs
[2025-10-23T22:39:22.700+0000] {logging_mixin.py:188} INFO - [2025-10-23T22:39:22.699+0000] {dag.py:3954} INFO - Setting next_dagrun for silver_layer_dag to 2025-10-23 19:00:00+00:00, run_after=2025-10-24 19:00:00+00:00
[2025-10-23T22:39:22.713+0000] {processor.py:183} INFO - Processing /opt/airflow/dags/silver_layer_dag.py took 0.234 seconds
[2025-10-23T22:39:52.809+0000] {processor.py:161} INFO - Started process (PID=1164) to work on /opt/airflow/dags/silver_layer_dag.py
[2025-10-23T22:39:52.810+0000] {processor.py:830} INFO - Processing file /opt/airflow/dags/silver_layer_dag.py for tasks to queue
[2025-10-23T22:39:52.812+0000] {logging_mixin.py:188} INFO - [2025-10-23T22:39:52.812+0000] {dagbag.py:540} INFO - Filling up the DagBag from /opt/airflow/dags/silver_layer_dag.py
[2025-10-23T22:39:52.997+0000] {processor.py:840} INFO - DAG(s) 'silver_layer_dag' retrieved from /opt/airflow/dags/silver_layer_dag.py
[2025-10-23T22:39:53.016+0000] {logging_mixin.py:188} INFO - [2025-10-23T22:39:53.015+0000] {dag.py:3096} INFO - Sync 1 DAGs
[2025-10-23T22:39:53.033+0000] {logging_mixin.py:188} INFO - [2025-10-23T22:39:53.033+0000] {dag.py:3954} INFO - Setting next_dagrun for silver_layer_dag to 2025-10-23 19:00:00+00:00, run_after=2025-10-24 19:00:00+00:00
[2025-10-23T22:39:53.047+0000] {processor.py:183} INFO - Processing /opt/airflow/dags/silver_layer_dag.py took 0.242 seconds
[2025-10-23T22:40:23.245+0000] {processor.py:161} INFO - Started process (PID=1166) to work on /opt/airflow/dags/silver_layer_dag.py
[2025-10-23T22:40:23.246+0000] {processor.py:830} INFO - Processing file /opt/airflow/dags/silver_layer_dag.py for tasks to queue
[2025-10-23T22:40:23.248+0000] {logging_mixin.py:188} INFO - [2025-10-23T22:40:23.247+0000] {dagbag.py:540} INFO - Filling up the DagBag from /opt/airflow/dags/silver_layer_dag.py
[2025-10-23T22:40:23.431+0000] {processor.py:840} INFO - DAG(s) 'silver_layer_dag' retrieved from /opt/airflow/dags/silver_layer_dag.py
[2025-10-23T22:40:23.448+0000] {logging_mixin.py:188} INFO - [2025-10-23T22:40:23.448+0000] {dag.py:3096} INFO - Sync 1 DAGs
[2025-10-23T22:40:23.464+0000] {logging_mixin.py:188} INFO - [2025-10-23T22:40:23.463+0000] {dag.py:3954} INFO - Setting next_dagrun for silver_layer_dag to 2025-10-23 19:00:00+00:00, run_after=2025-10-24 19:00:00+00:00
[2025-10-23T22:40:23.477+0000] {processor.py:183} INFO - Processing /opt/airflow/dags/silver_layer_dag.py took 0.236 seconds
[2025-10-23T22:40:53.540+0000] {processor.py:161} INFO - Started process (PID=1168) to work on /opt/airflow/dags/silver_layer_dag.py
[2025-10-23T22:40:53.541+0000] {processor.py:830} INFO - Processing file /opt/airflow/dags/silver_layer_dag.py for tasks to queue
[2025-10-23T22:40:53.543+0000] {logging_mixin.py:188} INFO - [2025-10-23T22:40:53.542+0000] {dagbag.py:540} INFO - Filling up the DagBag from /opt/airflow/dags/silver_layer_dag.py
[2025-10-23T22:40:53.724+0000] {processor.py:840} INFO - DAG(s) 'silver_layer_dag' retrieved from /opt/airflow/dags/silver_layer_dag.py
[2025-10-23T22:40:53.741+0000] {logging_mixin.py:188} INFO - [2025-10-23T22:40:53.740+0000] {dag.py:3096} INFO - Sync 1 DAGs
[2025-10-23T22:40:53.757+0000] {logging_mixin.py:188} INFO - [2025-10-23T22:40:53.757+0000] {dag.py:3954} INFO - Setting next_dagrun for silver_layer_dag to 2025-10-23 19:00:00+00:00, run_after=2025-10-24 19:00:00+00:00
[2025-10-23T22:40:53.771+0000] {processor.py:183} INFO - Processing /opt/airflow/dags/silver_layer_dag.py took 0.235 seconds
[2025-10-23T22:41:24.579+0000] {processor.py:161} INFO - Started process (PID=1170) to work on /opt/airflow/dags/silver_layer_dag.py
[2025-10-23T22:41:24.580+0000] {processor.py:830} INFO - Processing file /opt/airflow/dags/silver_layer_dag.py for tasks to queue
[2025-10-23T22:41:24.581+0000] {logging_mixin.py:188} INFO - [2025-10-23T22:41:24.581+0000] {dagbag.py:540} INFO - Filling up the DagBag from /opt/airflow/dags/silver_layer_dag.py
[2025-10-23T22:41:24.765+0000] {processor.py:840} INFO - DAG(s) 'silver_layer_dag' retrieved from /opt/airflow/dags/silver_layer_dag.py
[2025-10-23T22:41:24.780+0000] {logging_mixin.py:188} INFO - [2025-10-23T22:41:24.780+0000] {dag.py:3096} INFO - Sync 1 DAGs
[2025-10-23T22:41:24.796+0000] {logging_mixin.py:188} INFO - [2025-10-23T22:41:24.796+0000] {dag.py:3954} INFO - Setting next_dagrun for silver_layer_dag to 2025-10-23 19:00:00+00:00, run_after=2025-10-24 19:00:00+00:00
[2025-10-23T22:41:24.809+0000] {processor.py:183} INFO - Processing /opt/airflow/dags/silver_layer_dag.py took 0.235 seconds
[2025-10-23T22:41:54.986+0000] {processor.py:161} INFO - Started process (PID=1172) to work on /opt/airflow/dags/silver_layer_dag.py
[2025-10-23T22:41:54.986+0000] {processor.py:830} INFO - Processing file /opt/airflow/dags/silver_layer_dag.py for tasks to queue
[2025-10-23T22:41:54.988+0000] {logging_mixin.py:188} INFO - [2025-10-23T22:41:54.988+0000] {dagbag.py:540} INFO - Filling up the DagBag from /opt/airflow/dags/silver_layer_dag.py
[2025-10-23T22:41:55.170+0000] {processor.py:840} INFO - DAG(s) 'silver_layer_dag' retrieved from /opt/airflow/dags/silver_layer_dag.py
[2025-10-23T22:41:55.187+0000] {logging_mixin.py:188} INFO - [2025-10-23T22:41:55.187+0000] {dag.py:3096} INFO - Sync 1 DAGs
[2025-10-23T22:41:55.203+0000] {logging_mixin.py:188} INFO - [2025-10-23T22:41:55.203+0000] {dag.py:3954} INFO - Setting next_dagrun for silver_layer_dag to 2025-10-23 19:00:00+00:00, run_after=2025-10-24 19:00:00+00:00
[2025-10-23T22:41:55.217+0000] {processor.py:183} INFO - Processing /opt/airflow/dags/silver_layer_dag.py took 0.236 seconds
[2025-10-23T22:42:26.120+0000] {processor.py:161} INFO - Started process (PID=1174) to work on /opt/airflow/dags/silver_layer_dag.py
[2025-10-23T22:42:26.120+0000] {processor.py:830} INFO - Processing file /opt/airflow/dags/silver_layer_dag.py for tasks to queue
[2025-10-23T22:42:26.122+0000] {logging_mixin.py:188} INFO - [2025-10-23T22:42:26.122+0000] {dagbag.py:540} INFO - Filling up the DagBag from /opt/airflow/dags/silver_layer_dag.py
[2025-10-23T22:42:26.303+0000] {processor.py:840} INFO - DAG(s) 'silver_layer_dag' retrieved from /opt/airflow/dags/silver_layer_dag.py
[2025-10-23T22:42:26.319+0000] {logging_mixin.py:188} INFO - [2025-10-23T22:42:26.319+0000] {dag.py:3096} INFO - Sync 1 DAGs
[2025-10-23T22:42:26.335+0000] {logging_mixin.py:188} INFO - [2025-10-23T22:42:26.335+0000] {dag.py:3954} INFO - Setting next_dagrun for silver_layer_dag to 2025-10-23 19:00:00+00:00, run_after=2025-10-24 19:00:00+00:00
[2025-10-23T22:42:26.349+0000] {processor.py:183} INFO - Processing /opt/airflow/dags/silver_layer_dag.py took 0.233 seconds
[2025-10-23T22:42:57.309+0000] {processor.py:161} INFO - Started process (PID=1176) to work on /opt/airflow/dags/silver_layer_dag.py
[2025-10-23T22:42:57.310+0000] {processor.py:830} INFO - Processing file /opt/airflow/dags/silver_layer_dag.py for tasks to queue
[2025-10-23T22:42:57.311+0000] {logging_mixin.py:188} INFO - [2025-10-23T22:42:57.311+0000] {dagbag.py:540} INFO - Filling up the DagBag from /opt/airflow/dags/silver_layer_dag.py
[2025-10-23T22:42:57.492+0000] {processor.py:840} INFO - DAG(s) 'silver_layer_dag' retrieved from /opt/airflow/dags/silver_layer_dag.py
[2025-10-23T22:42:57.509+0000] {logging_mixin.py:188} INFO - [2025-10-23T22:42:57.509+0000] {dag.py:3096} INFO - Sync 1 DAGs
[2025-10-23T22:42:57.526+0000] {logging_mixin.py:188} INFO - [2025-10-23T22:42:57.526+0000] {dag.py:3954} INFO - Setting next_dagrun for silver_layer_dag to 2025-10-23 19:00:00+00:00, run_after=2025-10-24 19:00:00+00:00
[2025-10-23T22:42:57.540+0000] {processor.py:183} INFO - Processing /opt/airflow/dags/silver_layer_dag.py took 0.235 seconds
[2025-10-23T22:43:28.483+0000] {processor.py:161} INFO - Started process (PID=1178) to work on /opt/airflow/dags/silver_layer_dag.py
[2025-10-23T22:43:28.483+0000] {processor.py:830} INFO - Processing file /opt/airflow/dags/silver_layer_dag.py for tasks to queue
[2025-10-23T22:43:28.485+0000] {logging_mixin.py:188} INFO - [2025-10-23T22:43:28.485+0000] {dagbag.py:540} INFO - Filling up the DagBag from /opt/airflow/dags/silver_layer_dag.py
[2025-10-23T22:43:28.667+0000] {processor.py:840} INFO - DAG(s) 'silver_layer_dag' retrieved from /opt/airflow/dags/silver_layer_dag.py
[2025-10-23T22:43:28.683+0000] {logging_mixin.py:188} INFO - [2025-10-23T22:43:28.683+0000] {dag.py:3096} INFO - Sync 1 DAGs
[2025-10-23T22:43:28.700+0000] {logging_mixin.py:188} INFO - [2025-10-23T22:43:28.700+0000] {dag.py:3954} INFO - Setting next_dagrun for silver_layer_dag to 2025-10-23 19:00:00+00:00, run_after=2025-10-24 19:00:00+00:00
[2025-10-23T22:43:28.725+0000] {processor.py:183} INFO - Processing /opt/airflow/dags/silver_layer_dag.py took 0.247 seconds
[2025-10-23T22:43:59.104+0000] {processor.py:161} INFO - Started process (PID=1180) to work on /opt/airflow/dags/silver_layer_dag.py
[2025-10-23T22:43:59.105+0000] {processor.py:830} INFO - Processing file /opt/airflow/dags/silver_layer_dag.py for tasks to queue
[2025-10-23T22:43:59.106+0000] {logging_mixin.py:188} INFO - [2025-10-23T22:43:59.106+0000] {dagbag.py:540} INFO - Filling up the DagBag from /opt/airflow/dags/silver_layer_dag.py
[2025-10-23T22:43:59.308+0000] {processor.py:840} INFO - DAG(s) 'silver_layer_dag' retrieved from /opt/airflow/dags/silver_layer_dag.py
[2025-10-23T22:43:59.325+0000] {logging_mixin.py:188} INFO - [2025-10-23T22:43:59.325+0000] {dag.py:3096} INFO - Sync 1 DAGs
[2025-10-23T22:43:59.341+0000] {logging_mixin.py:188} INFO - [2025-10-23T22:43:59.341+0000] {dag.py:3954} INFO - Setting next_dagrun for silver_layer_dag to 2025-10-23 19:00:00+00:00, run_after=2025-10-24 19:00:00+00:00
[2025-10-23T22:43:59.354+0000] {processor.py:183} INFO - Processing /opt/airflow/dags/silver_layer_dag.py took 0.255 seconds
[2025-10-23T22:44:29.808+0000] {processor.py:161} INFO - Started process (PID=1182) to work on /opt/airflow/dags/silver_layer_dag.py
[2025-10-23T22:44:29.809+0000] {processor.py:830} INFO - Processing file /opt/airflow/dags/silver_layer_dag.py for tasks to queue
[2025-10-23T22:44:29.811+0000] {logging_mixin.py:188} INFO - [2025-10-23T22:44:29.811+0000] {dagbag.py:540} INFO - Filling up the DagBag from /opt/airflow/dags/silver_layer_dag.py
[2025-10-23T22:44:29.997+0000] {processor.py:840} INFO - DAG(s) 'silver_layer_dag' retrieved from /opt/airflow/dags/silver_layer_dag.py
[2025-10-23T22:44:30.013+0000] {logging_mixin.py:188} INFO - [2025-10-23T22:44:30.013+0000] {dag.py:3096} INFO - Sync 1 DAGs
[2025-10-23T22:44:30.028+0000] {logging_mixin.py:188} INFO - [2025-10-23T22:44:30.028+0000] {dag.py:3954} INFO - Setting next_dagrun for silver_layer_dag to 2025-10-23 19:00:00+00:00, run_after=2025-10-24 19:00:00+00:00
[2025-10-23T22:44:30.042+0000] {processor.py:183} INFO - Processing /opt/airflow/dags/silver_layer_dag.py took 0.238 seconds
[2025-10-23T22:45:00.135+0000] {processor.py:161} INFO - Started process (PID=1184) to work on /opt/airflow/dags/silver_layer_dag.py
[2025-10-23T22:45:00.136+0000] {processor.py:830} INFO - Processing file /opt/airflow/dags/silver_layer_dag.py for tasks to queue
[2025-10-23T22:45:00.137+0000] {logging_mixin.py:188} INFO - [2025-10-23T22:45:00.137+0000] {dagbag.py:540} INFO - Filling up the DagBag from /opt/airflow/dags/silver_layer_dag.py
[2025-10-23T22:45:00.350+0000] {processor.py:840} INFO - DAG(s) 'silver_layer_dag' retrieved from /opt/airflow/dags/silver_layer_dag.py
[2025-10-23T22:45:00.369+0000] {logging_mixin.py:188} INFO - [2025-10-23T22:45:00.368+0000] {dag.py:3096} INFO - Sync 1 DAGs
[2025-10-23T22:45:00.386+0000] {logging_mixin.py:188} INFO - [2025-10-23T22:45:00.386+0000] {dag.py:3954} INFO - Setting next_dagrun for silver_layer_dag to 2025-10-23 19:00:00+00:00, run_after=2025-10-24 19:00:00+00:00
[2025-10-23T22:45:00.401+0000] {processor.py:183} INFO - Processing /opt/airflow/dags/silver_layer_dag.py took 0.271 seconds
[2025-10-23T22:45:31.235+0000] {processor.py:161} INFO - Started process (PID=1186) to work on /opt/airflow/dags/silver_layer_dag.py
[2025-10-23T22:45:31.235+0000] {processor.py:830} INFO - Processing file /opt/airflow/dags/silver_layer_dag.py for tasks to queue
[2025-10-23T22:45:31.237+0000] {logging_mixin.py:188} INFO - [2025-10-23T22:45:31.237+0000] {dagbag.py:540} INFO - Filling up the DagBag from /opt/airflow/dags/silver_layer_dag.py
[2025-10-23T22:45:31.417+0000] {processor.py:840} INFO - DAG(s) 'silver_layer_dag' retrieved from /opt/airflow/dags/silver_layer_dag.py
[2025-10-23T22:45:31.433+0000] {logging_mixin.py:188} INFO - [2025-10-23T22:45:31.433+0000] {dag.py:3096} INFO - Sync 1 DAGs
[2025-10-23T22:45:31.449+0000] {logging_mixin.py:188} INFO - [2025-10-23T22:45:31.449+0000] {dag.py:3954} INFO - Setting next_dagrun for silver_layer_dag to 2025-10-23 19:00:00+00:00, run_after=2025-10-24 19:00:00+00:00
[2025-10-23T22:45:31.462+0000] {processor.py:183} INFO - Processing /opt/airflow/dags/silver_layer_dag.py took 0.232 seconds
[2025-10-23T22:46:01.504+0000] {processor.py:161} INFO - Started process (PID=1188) to work on /opt/airflow/dags/silver_layer_dag.py
[2025-10-23T22:46:01.505+0000] {processor.py:830} INFO - Processing file /opt/airflow/dags/silver_layer_dag.py for tasks to queue
[2025-10-23T22:46:01.506+0000] {logging_mixin.py:188} INFO - [2025-10-23T22:46:01.506+0000] {dagbag.py:540} INFO - Filling up the DagBag from /opt/airflow/dags/silver_layer_dag.py
[2025-10-23T22:46:01.686+0000] {processor.py:840} INFO - DAG(s) 'silver_layer_dag' retrieved from /opt/airflow/dags/silver_layer_dag.py
[2025-10-23T22:46:01.703+0000] {logging_mixin.py:188} INFO - [2025-10-23T22:46:01.702+0000] {dag.py:3096} INFO - Sync 1 DAGs
[2025-10-23T22:46:01.720+0000] {logging_mixin.py:188} INFO - [2025-10-23T22:46:01.720+0000] {dag.py:3954} INFO - Setting next_dagrun for silver_layer_dag to 2025-10-23 19:00:00+00:00, run_after=2025-10-24 19:00:00+00:00
[2025-10-23T22:46:01.733+0000] {processor.py:183} INFO - Processing /opt/airflow/dags/silver_layer_dag.py took 0.233 seconds
[2025-10-23T22:46:31.877+0000] {processor.py:161} INFO - Started process (PID=1190) to work on /opt/airflow/dags/silver_layer_dag.py
[2025-10-23T22:46:31.878+0000] {processor.py:830} INFO - Processing file /opt/airflow/dags/silver_layer_dag.py for tasks to queue
[2025-10-23T22:46:31.879+0000] {logging_mixin.py:188} INFO - [2025-10-23T22:46:31.879+0000] {dagbag.py:540} INFO - Filling up the DagBag from /opt/airflow/dags/silver_layer_dag.py
[2025-10-23T22:46:32.057+0000] {processor.py:840} INFO - DAG(s) 'silver_layer_dag' retrieved from /opt/airflow/dags/silver_layer_dag.py
[2025-10-23T22:46:32.073+0000] {logging_mixin.py:188} INFO - [2025-10-23T22:46:32.073+0000] {dag.py:3096} INFO - Sync 1 DAGs
[2025-10-23T22:46:32.089+0000] {logging_mixin.py:188} INFO - [2025-10-23T22:46:32.089+0000] {dag.py:3954} INFO - Setting next_dagrun for silver_layer_dag to 2025-10-23 19:00:00+00:00, run_after=2025-10-24 19:00:00+00:00
[2025-10-23T22:46:32.102+0000] {processor.py:183} INFO - Processing /opt/airflow/dags/silver_layer_dag.py took 0.230 seconds
[2025-10-23T22:47:02.146+0000] {processor.py:161} INFO - Started process (PID=1192) to work on /opt/airflow/dags/silver_layer_dag.py
[2025-10-23T22:47:02.147+0000] {processor.py:830} INFO - Processing file /opt/airflow/dags/silver_layer_dag.py for tasks to queue
[2025-10-23T22:47:02.148+0000] {logging_mixin.py:188} INFO - [2025-10-23T22:47:02.148+0000] {dagbag.py:540} INFO - Filling up the DagBag from /opt/airflow/dags/silver_layer_dag.py
[2025-10-23T22:47:02.334+0000] {processor.py:840} INFO - DAG(s) 'silver_layer_dag' retrieved from /opt/airflow/dags/silver_layer_dag.py
[2025-10-23T22:47:02.351+0000] {logging_mixin.py:188} INFO - [2025-10-23T22:47:02.351+0000] {dag.py:3096} INFO - Sync 1 DAGs
[2025-10-23T22:47:02.367+0000] {logging_mixin.py:188} INFO - [2025-10-23T22:47:02.367+0000] {dag.py:3954} INFO - Setting next_dagrun for silver_layer_dag to 2025-10-23 19:00:00+00:00, run_after=2025-10-24 19:00:00+00:00
[2025-10-23T22:47:02.380+0000] {processor.py:183} INFO - Processing /opt/airflow/dags/silver_layer_dag.py took 0.238 seconds
[2025-10-23T22:47:33.261+0000] {processor.py:161} INFO - Started process (PID=1194) to work on /opt/airflow/dags/silver_layer_dag.py
[2025-10-23T22:47:33.262+0000] {processor.py:830} INFO - Processing file /opt/airflow/dags/silver_layer_dag.py for tasks to queue
[2025-10-23T22:47:33.263+0000] {logging_mixin.py:188} INFO - [2025-10-23T22:47:33.263+0000] {dagbag.py:540} INFO - Filling up the DagBag from /opt/airflow/dags/silver_layer_dag.py
[2025-10-23T22:47:33.446+0000] {processor.py:840} INFO - DAG(s) 'silver_layer_dag' retrieved from /opt/airflow/dags/silver_layer_dag.py
[2025-10-23T22:47:33.463+0000] {logging_mixin.py:188} INFO - [2025-10-23T22:47:33.463+0000] {dag.py:3096} INFO - Sync 1 DAGs
[2025-10-23T22:47:33.480+0000] {logging_mixin.py:188} INFO - [2025-10-23T22:47:33.480+0000] {dag.py:3954} INFO - Setting next_dagrun for silver_layer_dag to 2025-10-23 19:00:00+00:00, run_after=2025-10-24 19:00:00+00:00
[2025-10-23T22:47:33.494+0000] {processor.py:183} INFO - Processing /opt/airflow/dags/silver_layer_dag.py took 0.237 seconds
[2025-10-23T22:48:04.435+0000] {processor.py:161} INFO - Started process (PID=1196) to work on /opt/airflow/dags/silver_layer_dag.py
[2025-10-23T22:48:04.436+0000] {processor.py:830} INFO - Processing file /opt/airflow/dags/silver_layer_dag.py for tasks to queue
[2025-10-23T22:48:04.438+0000] {logging_mixin.py:188} INFO - [2025-10-23T22:48:04.437+0000] {dagbag.py:540} INFO - Filling up the DagBag from /opt/airflow/dags/silver_layer_dag.py
[2025-10-23T22:48:04.626+0000] {processor.py:840} INFO - DAG(s) 'silver_layer_dag' retrieved from /opt/airflow/dags/silver_layer_dag.py
[2025-10-23T22:48:04.643+0000] {logging_mixin.py:188} INFO - [2025-10-23T22:48:04.643+0000] {dag.py:3096} INFO - Sync 1 DAGs
[2025-10-23T22:48:04.660+0000] {logging_mixin.py:188} INFO - [2025-10-23T22:48:04.659+0000] {dag.py:3954} INFO - Setting next_dagrun for silver_layer_dag to 2025-10-23 19:00:00+00:00, run_after=2025-10-24 19:00:00+00:00
[2025-10-23T22:48:04.673+0000] {processor.py:183} INFO - Processing /opt/airflow/dags/silver_layer_dag.py took 0.243 seconds
[2025-10-23T22:48:34.854+0000] {processor.py:161} INFO - Started process (PID=1198) to work on /opt/airflow/dags/silver_layer_dag.py
[2025-10-23T22:48:34.854+0000] {processor.py:830} INFO - Processing file /opt/airflow/dags/silver_layer_dag.py for tasks to queue
[2025-10-23T22:48:34.856+0000] {logging_mixin.py:188} INFO - [2025-10-23T22:48:34.856+0000] {dagbag.py:540} INFO - Filling up the DagBag from /opt/airflow/dags/silver_layer_dag.py
[2025-10-23T22:48:35.038+0000] {processor.py:840} INFO - DAG(s) 'silver_layer_dag' retrieved from /opt/airflow/dags/silver_layer_dag.py
[2025-10-23T22:48:35.055+0000] {logging_mixin.py:188} INFO - [2025-10-23T22:48:35.055+0000] {dag.py:3096} INFO - Sync 1 DAGs
[2025-10-23T22:48:35.072+0000] {logging_mixin.py:188} INFO - [2025-10-23T22:48:35.072+0000] {dag.py:3954} INFO - Setting next_dagrun for silver_layer_dag to 2025-10-23 19:00:00+00:00, run_after=2025-10-24 19:00:00+00:00
[2025-10-23T22:48:35.086+0000] {processor.py:183} INFO - Processing /opt/airflow/dags/silver_layer_dag.py took 0.237 seconds
[2025-10-23T22:49:05.181+0000] {processor.py:161} INFO - Started process (PID=1200) to work on /opt/airflow/dags/silver_layer_dag.py
[2025-10-23T22:49:05.182+0000] {processor.py:830} INFO - Processing file /opt/airflow/dags/silver_layer_dag.py for tasks to queue
[2025-10-23T22:49:05.183+0000] {logging_mixin.py:188} INFO - [2025-10-23T22:49:05.183+0000] {dagbag.py:540} INFO - Filling up the DagBag from /opt/airflow/dags/silver_layer_dag.py
[2025-10-23T22:49:05.365+0000] {processor.py:840} INFO - DAG(s) 'silver_layer_dag' retrieved from /opt/airflow/dags/silver_layer_dag.py
[2025-10-23T22:49:05.382+0000] {logging_mixin.py:188} INFO - [2025-10-23T22:49:05.382+0000] {dag.py:3096} INFO - Sync 1 DAGs
[2025-10-23T22:49:05.397+0000] {logging_mixin.py:188} INFO - [2025-10-23T22:49:05.397+0000] {dag.py:3954} INFO - Setting next_dagrun for silver_layer_dag to 2025-10-23 19:00:00+00:00, run_after=2025-10-24 19:00:00+00:00
[2025-10-23T22:49:05.411+0000] {processor.py:183} INFO - Processing /opt/airflow/dags/silver_layer_dag.py took 0.235 seconds
[2025-10-23T22:49:35.730+0000] {processor.py:161} INFO - Started process (PID=1202) to work on /opt/airflow/dags/silver_layer_dag.py
[2025-10-23T22:49:35.731+0000] {processor.py:830} INFO - Processing file /opt/airflow/dags/silver_layer_dag.py for tasks to queue
[2025-10-23T22:49:35.732+0000] {logging_mixin.py:188} INFO - [2025-10-23T22:49:35.732+0000] {dagbag.py:540} INFO - Filling up the DagBag from /opt/airflow/dags/silver_layer_dag.py
[2025-10-23T22:49:35.914+0000] {processor.py:840} INFO - DAG(s) 'silver_layer_dag' retrieved from /opt/airflow/dags/silver_layer_dag.py
[2025-10-23T22:49:35.930+0000] {logging_mixin.py:188} INFO - [2025-10-23T22:49:35.930+0000] {dag.py:3096} INFO - Sync 1 DAGs
[2025-10-23T22:49:35.946+0000] {logging_mixin.py:188} INFO - [2025-10-23T22:49:35.946+0000] {dag.py:3954} INFO - Setting next_dagrun for silver_layer_dag to 2025-10-23 19:00:00+00:00, run_after=2025-10-24 19:00:00+00:00
[2025-10-23T22:49:35.960+0000] {processor.py:183} INFO - Processing /opt/airflow/dags/silver_layer_dag.py took 0.234 seconds
[2025-10-23T22:50:06.005+0000] {processor.py:161} INFO - Started process (PID=1204) to work on /opt/airflow/dags/silver_layer_dag.py
[2025-10-23T22:50:06.006+0000] {processor.py:830} INFO - Processing file /opt/airflow/dags/silver_layer_dag.py for tasks to queue
[2025-10-23T22:50:06.007+0000] {logging_mixin.py:188} INFO - [2025-10-23T22:50:06.007+0000] {dagbag.py:540} INFO - Filling up the DagBag from /opt/airflow/dags/silver_layer_dag.py
[2025-10-23T22:50:06.187+0000] {processor.py:840} INFO - DAG(s) 'silver_layer_dag' retrieved from /opt/airflow/dags/silver_layer_dag.py
[2025-10-23T22:50:06.205+0000] {logging_mixin.py:188} INFO - [2025-10-23T22:50:06.205+0000] {dag.py:3096} INFO - Sync 1 DAGs
[2025-10-23T22:50:06.222+0000] {logging_mixin.py:188} INFO - [2025-10-23T22:50:06.222+0000] {dag.py:3954} INFO - Setting next_dagrun for silver_layer_dag to 2025-10-23 19:00:00+00:00, run_after=2025-10-24 19:00:00+00:00
[2025-10-23T22:50:06.236+0000] {processor.py:183} INFO - Processing /opt/airflow/dags/silver_layer_dag.py took 0.235 seconds
[2025-10-23T22:50:37.041+0000] {processor.py:161} INFO - Started process (PID=1206) to work on /opt/airflow/dags/silver_layer_dag.py
[2025-10-23T22:50:37.042+0000] {processor.py:830} INFO - Processing file /opt/airflow/dags/silver_layer_dag.py for tasks to queue
[2025-10-23T22:50:37.043+0000] {logging_mixin.py:188} INFO - [2025-10-23T22:50:37.043+0000] {dagbag.py:540} INFO - Filling up the DagBag from /opt/airflow/dags/silver_layer_dag.py
[2025-10-23T22:50:37.227+0000] {processor.py:840} INFO - DAG(s) 'silver_layer_dag' retrieved from /opt/airflow/dags/silver_layer_dag.py
[2025-10-23T22:50:37.243+0000] {logging_mixin.py:188} INFO - [2025-10-23T22:50:37.243+0000] {dag.py:3096} INFO - Sync 1 DAGs
[2025-10-23T22:50:37.259+0000] {logging_mixin.py:188} INFO - [2025-10-23T22:50:37.259+0000] {dag.py:3954} INFO - Setting next_dagrun for silver_layer_dag to 2025-10-23 19:00:00+00:00, run_after=2025-10-24 19:00:00+00:00
[2025-10-23T22:50:37.272+0000] {processor.py:183} INFO - Processing /opt/airflow/dags/silver_layer_dag.py took 0.236 seconds
[2025-10-23T22:51:07.646+0000] {processor.py:161} INFO - Started process (PID=1208) to work on /opt/airflow/dags/silver_layer_dag.py
[2025-10-23T22:51:07.647+0000] {processor.py:830} INFO - Processing file /opt/airflow/dags/silver_layer_dag.py for tasks to queue
[2025-10-23T22:51:07.648+0000] {logging_mixin.py:188} INFO - [2025-10-23T22:51:07.648+0000] {dagbag.py:540} INFO - Filling up the DagBag from /opt/airflow/dags/silver_layer_dag.py
[2025-10-23T22:51:07.829+0000] {processor.py:840} INFO - DAG(s) 'silver_layer_dag' retrieved from /opt/airflow/dags/silver_layer_dag.py
[2025-10-23T22:51:07.845+0000] {logging_mixin.py:188} INFO - [2025-10-23T22:51:07.845+0000] {dag.py:3096} INFO - Sync 1 DAGs
[2025-10-23T22:51:07.863+0000] {logging_mixin.py:188} INFO - [2025-10-23T22:51:07.862+0000] {dag.py:3954} INFO - Setting next_dagrun for silver_layer_dag to 2025-10-23 19:00:00+00:00, run_after=2025-10-24 19:00:00+00:00
[2025-10-23T22:51:07.877+0000] {processor.py:183} INFO - Processing /opt/airflow/dags/silver_layer_dag.py took 0.235 seconds
[2025-10-23T22:51:38.218+0000] {processor.py:161} INFO - Started process (PID=1210) to work on /opt/airflow/dags/silver_layer_dag.py
[2025-10-23T22:51:38.219+0000] {processor.py:830} INFO - Processing file /opt/airflow/dags/silver_layer_dag.py for tasks to queue
[2025-10-23T22:51:38.221+0000] {logging_mixin.py:188} INFO - [2025-10-23T22:51:38.220+0000] {dagbag.py:540} INFO - Filling up the DagBag from /opt/airflow/dags/silver_layer_dag.py
[2025-10-23T22:51:38.402+0000] {processor.py:840} INFO - DAG(s) 'silver_layer_dag' retrieved from /opt/airflow/dags/silver_layer_dag.py
[2025-10-23T22:51:38.418+0000] {logging_mixin.py:188} INFO - [2025-10-23T22:51:38.418+0000] {dag.py:3096} INFO - Sync 1 DAGs
[2025-10-23T22:51:38.434+0000] {logging_mixin.py:188} INFO - [2025-10-23T22:51:38.434+0000] {dag.py:3954} INFO - Setting next_dagrun for silver_layer_dag to 2025-10-23 19:00:00+00:00, run_after=2025-10-24 19:00:00+00:00
[2025-10-23T22:51:38.447+0000] {processor.py:183} INFO - Processing /opt/airflow/dags/silver_layer_dag.py took 0.233 seconds
[2025-10-23T22:52:09.083+0000] {processor.py:161} INFO - Started process (PID=1212) to work on /opt/airflow/dags/silver_layer_dag.py
[2025-10-23T22:52:09.084+0000] {processor.py:830} INFO - Processing file /opt/airflow/dags/silver_layer_dag.py for tasks to queue
[2025-10-23T22:52:09.085+0000] {logging_mixin.py:188} INFO - [2025-10-23T22:52:09.085+0000] {dagbag.py:540} INFO - Filling up the DagBag from /opt/airflow/dags/silver_layer_dag.py
[2025-10-23T22:52:09.264+0000] {processor.py:840} INFO - DAG(s) 'silver_layer_dag' retrieved from /opt/airflow/dags/silver_layer_dag.py
[2025-10-23T22:52:09.280+0000] {logging_mixin.py:188} INFO - [2025-10-23T22:52:09.279+0000] {dag.py:3096} INFO - Sync 1 DAGs
[2025-10-23T22:52:09.295+0000] {logging_mixin.py:188} INFO - [2025-10-23T22:52:09.295+0000] {dag.py:3954} INFO - Setting next_dagrun for silver_layer_dag to 2025-10-23 19:00:00+00:00, run_after=2025-10-24 19:00:00+00:00
[2025-10-23T22:52:09.309+0000] {processor.py:183} INFO - Processing /opt/airflow/dags/silver_layer_dag.py took 0.231 seconds
[2025-10-23T22:52:39.842+0000] {processor.py:161} INFO - Started process (PID=1214) to work on /opt/airflow/dags/silver_layer_dag.py
[2025-10-23T22:52:39.843+0000] {processor.py:830} INFO - Processing file /opt/airflow/dags/silver_layer_dag.py for tasks to queue
[2025-10-23T22:52:39.844+0000] {logging_mixin.py:188} INFO - [2025-10-23T22:52:39.844+0000] {dagbag.py:540} INFO - Filling up the DagBag from /opt/airflow/dags/silver_layer_dag.py
[2025-10-23T22:52:40.033+0000] {processor.py:840} INFO - DAG(s) 'silver_layer_dag' retrieved from /opt/airflow/dags/silver_layer_dag.py
[2025-10-23T22:52:40.050+0000] {logging_mixin.py:188} INFO - [2025-10-23T22:52:40.050+0000] {dag.py:3096} INFO - Sync 1 DAGs
[2025-10-23T22:52:40.066+0000] {logging_mixin.py:188} INFO - [2025-10-23T22:52:40.066+0000] {dag.py:3954} INFO - Setting next_dagrun for silver_layer_dag to 2025-10-23 19:00:00+00:00, run_after=2025-10-24 19:00:00+00:00
[2025-10-23T22:52:40.080+0000] {processor.py:183} INFO - Processing /opt/airflow/dags/silver_layer_dag.py took 0.243 seconds
[2025-10-23T22:53:10.669+0000] {processor.py:161} INFO - Started process (PID=1216) to work on /opt/airflow/dags/silver_layer_dag.py
[2025-10-23T22:53:10.670+0000] {processor.py:830} INFO - Processing file /opt/airflow/dags/silver_layer_dag.py for tasks to queue
[2025-10-23T22:53:10.671+0000] {logging_mixin.py:188} INFO - [2025-10-23T22:53:10.671+0000] {dagbag.py:540} INFO - Filling up the DagBag from /opt/airflow/dags/silver_layer_dag.py
[2025-10-23T22:53:10.861+0000] {processor.py:840} INFO - DAG(s) 'silver_layer_dag' retrieved from /opt/airflow/dags/silver_layer_dag.py
[2025-10-23T22:53:10.877+0000] {logging_mixin.py:188} INFO - [2025-10-23T22:53:10.877+0000] {dag.py:3096} INFO - Sync 1 DAGs
[2025-10-23T22:53:10.894+0000] {logging_mixin.py:188} INFO - [2025-10-23T22:53:10.893+0000] {dag.py:3954} INFO - Setting next_dagrun for silver_layer_dag to 2025-10-23 19:00:00+00:00, run_after=2025-10-24 19:00:00+00:00
[2025-10-23T22:53:10.907+0000] {processor.py:183} INFO - Processing /opt/airflow/dags/silver_layer_dag.py took 0.243 seconds
[2025-10-23T22:53:41.218+0000] {processor.py:161} INFO - Started process (PID=1218) to work on /opt/airflow/dags/silver_layer_dag.py
[2025-10-23T22:53:41.219+0000] {processor.py:830} INFO - Processing file /opt/airflow/dags/silver_layer_dag.py for tasks to queue
[2025-10-23T22:53:41.221+0000] {logging_mixin.py:188} INFO - [2025-10-23T22:53:41.220+0000] {dagbag.py:540} INFO - Filling up the DagBag from /opt/airflow/dags/silver_layer_dag.py
[2025-10-23T22:53:41.404+0000] {processor.py:840} INFO - DAG(s) 'silver_layer_dag' retrieved from /opt/airflow/dags/silver_layer_dag.py
[2025-10-23T22:53:41.422+0000] {logging_mixin.py:188} INFO - [2025-10-23T22:53:41.422+0000] {dag.py:3096} INFO - Sync 1 DAGs
[2025-10-23T22:53:41.439+0000] {logging_mixin.py:188} INFO - [2025-10-23T22:53:41.439+0000] {dag.py:3954} INFO - Setting next_dagrun for silver_layer_dag to 2025-10-23 19:00:00+00:00, run_after=2025-10-24 19:00:00+00:00
[2025-10-23T22:53:41.453+0000] {processor.py:183} INFO - Processing /opt/airflow/dags/silver_layer_dag.py took 0.239 seconds
[2025-10-23T22:54:11.928+0000] {processor.py:161} INFO - Started process (PID=1220) to work on /opt/airflow/dags/silver_layer_dag.py
[2025-10-23T22:54:11.929+0000] {processor.py:830} INFO - Processing file /opt/airflow/dags/silver_layer_dag.py for tasks to queue
[2025-10-23T22:54:11.931+0000] {logging_mixin.py:188} INFO - [2025-10-23T22:54:11.931+0000] {dagbag.py:540} INFO - Filling up the DagBag from /opt/airflow/dags/silver_layer_dag.py
[2025-10-23T22:54:12.112+0000] {processor.py:840} INFO - DAG(s) 'silver_layer_dag' retrieved from /opt/airflow/dags/silver_layer_dag.py
[2025-10-23T22:54:12.128+0000] {logging_mixin.py:188} INFO - [2025-10-23T22:54:12.128+0000] {dag.py:3096} INFO - Sync 1 DAGs
[2025-10-23T22:54:12.145+0000] {logging_mixin.py:188} INFO - [2025-10-23T22:54:12.145+0000] {dag.py:3954} INFO - Setting next_dagrun for silver_layer_dag to 2025-10-23 19:00:00+00:00, run_after=2025-10-24 19:00:00+00:00
[2025-10-23T22:54:12.159+0000] {processor.py:183} INFO - Processing /opt/airflow/dags/silver_layer_dag.py took 0.236 seconds
[2025-10-23T22:54:42.267+0000] {processor.py:161} INFO - Started process (PID=1222) to work on /opt/airflow/dags/silver_layer_dag.py
[2025-10-23T22:54:42.268+0000] {processor.py:830} INFO - Processing file /opt/airflow/dags/silver_layer_dag.py for tasks to queue
[2025-10-23T22:54:42.269+0000] {logging_mixin.py:188} INFO - [2025-10-23T22:54:42.269+0000] {dagbag.py:540} INFO - Filling up the DagBag from /opt/airflow/dags/silver_layer_dag.py
[2025-10-23T22:54:42.450+0000] {processor.py:840} INFO - DAG(s) 'silver_layer_dag' retrieved from /opt/airflow/dags/silver_layer_dag.py
[2025-10-23T22:54:42.468+0000] {logging_mixin.py:188} INFO - [2025-10-23T22:54:42.468+0000] {dag.py:3096} INFO - Sync 1 DAGs
[2025-10-23T22:54:42.484+0000] {logging_mixin.py:188} INFO - [2025-10-23T22:54:42.484+0000] {dag.py:3954} INFO - Setting next_dagrun for silver_layer_dag to 2025-10-23 19:00:00+00:00, run_after=2025-10-24 19:00:00+00:00
[2025-10-23T22:54:42.498+0000] {processor.py:183} INFO - Processing /opt/airflow/dags/silver_layer_dag.py took 0.235 seconds
[2025-10-23T22:55:13.439+0000] {processor.py:161} INFO - Started process (PID=1224) to work on /opt/airflow/dags/silver_layer_dag.py
[2025-10-23T22:55:13.440+0000] {processor.py:830} INFO - Processing file /opt/airflow/dags/silver_layer_dag.py for tasks to queue
[2025-10-23T22:55:13.441+0000] {logging_mixin.py:188} INFO - [2025-10-23T22:55:13.441+0000] {dagbag.py:540} INFO - Filling up the DagBag from /opt/airflow/dags/silver_layer_dag.py
[2025-10-23T22:55:13.622+0000] {processor.py:840} INFO - DAG(s) 'silver_layer_dag' retrieved from /opt/airflow/dags/silver_layer_dag.py
[2025-10-23T22:55:13.638+0000] {logging_mixin.py:188} INFO - [2025-10-23T22:55:13.638+0000] {dag.py:3096} INFO - Sync 1 DAGs
[2025-10-23T22:55:13.654+0000] {logging_mixin.py:188} INFO - [2025-10-23T22:55:13.654+0000] {dag.py:3954} INFO - Setting next_dagrun for silver_layer_dag to 2025-10-23 19:00:00+00:00, run_after=2025-10-24 19:00:00+00:00
[2025-10-23T22:55:13.667+0000] {processor.py:183} INFO - Processing /opt/airflow/dags/silver_layer_dag.py took 0.233 seconds
[2025-10-23T22:55:44.620+0000] {processor.py:161} INFO - Started process (PID=1226) to work on /opt/airflow/dags/silver_layer_dag.py
[2025-10-23T22:55:44.621+0000] {processor.py:830} INFO - Processing file /opt/airflow/dags/silver_layer_dag.py for tasks to queue
[2025-10-23T22:55:44.623+0000] {logging_mixin.py:188} INFO - [2025-10-23T22:55:44.623+0000] {dagbag.py:540} INFO - Filling up the DagBag from /opt/airflow/dags/silver_layer_dag.py
[2025-10-23T22:55:44.809+0000] {processor.py:840} INFO - DAG(s) 'silver_layer_dag' retrieved from /opt/airflow/dags/silver_layer_dag.py
[2025-10-23T22:55:44.825+0000] {logging_mixin.py:188} INFO - [2025-10-23T22:55:44.825+0000] {dag.py:3096} INFO - Sync 1 DAGs
[2025-10-23T22:55:44.841+0000] {logging_mixin.py:188} INFO - [2025-10-23T22:55:44.841+0000] {dag.py:3954} INFO - Setting next_dagrun for silver_layer_dag to 2025-10-23 19:00:00+00:00, run_after=2025-10-24 19:00:00+00:00
[2025-10-23T22:55:44.855+0000] {processor.py:183} INFO - Processing /opt/airflow/dags/silver_layer_dag.py took 0.242 seconds
[2025-10-23T22:56:15.209+0000] {processor.py:161} INFO - Started process (PID=1228) to work on /opt/airflow/dags/silver_layer_dag.py
[2025-10-23T22:56:15.209+0000] {processor.py:830} INFO - Processing file /opt/airflow/dags/silver_layer_dag.py for tasks to queue
[2025-10-23T22:56:15.211+0000] {logging_mixin.py:188} INFO - [2025-10-23T22:56:15.211+0000] {dagbag.py:540} INFO - Filling up the DagBag from /opt/airflow/dags/silver_layer_dag.py
[2025-10-23T22:56:15.396+0000] {processor.py:840} INFO - DAG(s) 'silver_layer_dag' retrieved from /opt/airflow/dags/silver_layer_dag.py
[2025-10-23T22:56:15.413+0000] {logging_mixin.py:188} INFO - [2025-10-23T22:56:15.413+0000] {dag.py:3096} INFO - Sync 1 DAGs
[2025-10-23T22:56:15.430+0000] {logging_mixin.py:188} INFO - [2025-10-23T22:56:15.430+0000] {dag.py:3954} INFO - Setting next_dagrun for silver_layer_dag to 2025-10-23 19:00:00+00:00, run_after=2025-10-24 19:00:00+00:00
[2025-10-23T22:56:15.444+0000] {processor.py:183} INFO - Processing /opt/airflow/dags/silver_layer_dag.py took 0.240 seconds
[2025-10-23T22:56:46.295+0000] {processor.py:161} INFO - Started process (PID=1230) to work on /opt/airflow/dags/silver_layer_dag.py
[2025-10-23T22:56:46.296+0000] {processor.py:830} INFO - Processing file /opt/airflow/dags/silver_layer_dag.py for tasks to queue
[2025-10-23T22:56:46.298+0000] {logging_mixin.py:188} INFO - [2025-10-23T22:56:46.298+0000] {dagbag.py:540} INFO - Filling up the DagBag from /opt/airflow/dags/silver_layer_dag.py
[2025-10-23T22:56:46.539+0000] {processor.py:840} INFO - DAG(s) 'silver_layer_dag' retrieved from /opt/airflow/dags/silver_layer_dag.py
[2025-10-23T22:56:46.556+0000] {logging_mixin.py:188} INFO - [2025-10-23T22:56:46.556+0000] {dag.py:3096} INFO - Sync 1 DAGs
[2025-10-23T22:56:46.572+0000] {logging_mixin.py:188} INFO - [2025-10-23T22:56:46.572+0000] {dag.py:3954} INFO - Setting next_dagrun for silver_layer_dag to 2025-10-23 19:00:00+00:00, run_after=2025-10-24 19:00:00+00:00
[2025-10-23T22:56:46.586+0000] {processor.py:183} INFO - Processing /opt/airflow/dags/silver_layer_dag.py took 0.295 seconds
[2025-10-23T22:57:17.331+0000] {processor.py:161} INFO - Started process (PID=1232) to work on /opt/airflow/dags/silver_layer_dag.py
[2025-10-23T22:57:17.331+0000] {processor.py:830} INFO - Processing file /opt/airflow/dags/silver_layer_dag.py for tasks to queue
[2025-10-23T22:57:17.333+0000] {logging_mixin.py:188} INFO - [2025-10-23T22:57:17.333+0000] {dagbag.py:540} INFO - Filling up the DagBag from /opt/airflow/dags/silver_layer_dag.py
[2025-10-23T22:57:17.521+0000] {processor.py:840} INFO - DAG(s) 'silver_layer_dag' retrieved from /opt/airflow/dags/silver_layer_dag.py
[2025-10-23T22:57:17.537+0000] {logging_mixin.py:188} INFO - [2025-10-23T22:57:17.537+0000] {dag.py:3096} INFO - Sync 1 DAGs
[2025-10-23T22:57:17.553+0000] {logging_mixin.py:188} INFO - [2025-10-23T22:57:17.553+0000] {dag.py:3954} INFO - Setting next_dagrun for silver_layer_dag to 2025-10-23 19:00:00+00:00, run_after=2025-10-24 19:00:00+00:00
[2025-10-23T22:57:17.567+0000] {processor.py:183} INFO - Processing /opt/airflow/dags/silver_layer_dag.py took 0.241 seconds
[2025-10-23T22:57:48.456+0000] {processor.py:161} INFO - Started process (PID=1234) to work on /opt/airflow/dags/silver_layer_dag.py
[2025-10-23T22:57:48.457+0000] {processor.py:830} INFO - Processing file /opt/airflow/dags/silver_layer_dag.py for tasks to queue
[2025-10-23T22:57:48.459+0000] {logging_mixin.py:188} INFO - [2025-10-23T22:57:48.458+0000] {dagbag.py:540} INFO - Filling up the DagBag from /opt/airflow/dags/silver_layer_dag.py
[2025-10-23T22:57:48.642+0000] {processor.py:840} INFO - DAG(s) 'silver_layer_dag' retrieved from /opt/airflow/dags/silver_layer_dag.py
[2025-10-23T22:57:48.657+0000] {logging_mixin.py:188} INFO - [2025-10-23T22:57:48.657+0000] {dag.py:3096} INFO - Sync 1 DAGs
[2025-10-23T22:57:48.674+0000] {logging_mixin.py:188} INFO - [2025-10-23T22:57:48.674+0000] {dag.py:3954} INFO - Setting next_dagrun for silver_layer_dag to 2025-10-23 19:00:00+00:00, run_after=2025-10-24 19:00:00+00:00
[2025-10-23T22:57:48.687+0000] {processor.py:183} INFO - Processing /opt/airflow/dags/silver_layer_dag.py took 0.236 seconds
[2025-10-23T22:58:19.320+0000] {processor.py:161} INFO - Started process (PID=1236) to work on /opt/airflow/dags/silver_layer_dag.py
[2025-10-23T22:58:19.321+0000] {processor.py:830} INFO - Processing file /opt/airflow/dags/silver_layer_dag.py for tasks to queue
[2025-10-23T22:58:19.322+0000] {logging_mixin.py:188} INFO - [2025-10-23T22:58:19.322+0000] {dagbag.py:540} INFO - Filling up the DagBag from /opt/airflow/dags/silver_layer_dag.py
[2025-10-23T22:58:19.510+0000] {processor.py:840} INFO - DAG(s) 'silver_layer_dag' retrieved from /opt/airflow/dags/silver_layer_dag.py
[2025-10-23T22:58:19.528+0000] {logging_mixin.py:188} INFO - [2025-10-23T22:58:19.528+0000] {dag.py:3096} INFO - Sync 1 DAGs
[2025-10-23T22:58:19.545+0000] {logging_mixin.py:188} INFO - [2025-10-23T22:58:19.545+0000] {dag.py:3954} INFO - Setting next_dagrun for silver_layer_dag to 2025-10-23 19:00:00+00:00, run_after=2025-10-24 19:00:00+00:00
[2025-10-23T22:58:19.558+0000] {processor.py:183} INFO - Processing /opt/airflow/dags/silver_layer_dag.py took 0.243 seconds
[2025-10-23T22:58:49.645+0000] {processor.py:161} INFO - Started process (PID=1238) to work on /opt/airflow/dags/silver_layer_dag.py
[2025-10-23T22:58:49.646+0000] {processor.py:830} INFO - Processing file /opt/airflow/dags/silver_layer_dag.py for tasks to queue
[2025-10-23T22:58:49.647+0000] {logging_mixin.py:188} INFO - [2025-10-23T22:58:49.647+0000] {dagbag.py:540} INFO - Filling up the DagBag from /opt/airflow/dags/silver_layer_dag.py
[2025-10-23T22:58:49.830+0000] {processor.py:840} INFO - DAG(s) 'silver_layer_dag' retrieved from /opt/airflow/dags/silver_layer_dag.py
[2025-10-23T22:58:49.847+0000] {logging_mixin.py:188} INFO - [2025-10-23T22:58:49.846+0000] {dag.py:3096} INFO - Sync 1 DAGs
[2025-10-23T22:58:49.862+0000] {logging_mixin.py:188} INFO - [2025-10-23T22:58:49.862+0000] {dag.py:3954} INFO - Setting next_dagrun for silver_layer_dag to 2025-10-23 19:00:00+00:00, run_after=2025-10-24 19:00:00+00:00
[2025-10-23T22:58:49.876+0000] {processor.py:183} INFO - Processing /opt/airflow/dags/silver_layer_dag.py took 0.235 seconds
[2025-10-23T22:59:20.719+0000] {processor.py:161} INFO - Started process (PID=1240) to work on /opt/airflow/dags/silver_layer_dag.py
[2025-10-23T22:59:20.720+0000] {processor.py:830} INFO - Processing file /opt/airflow/dags/silver_layer_dag.py for tasks to queue
[2025-10-23T22:59:20.722+0000] {logging_mixin.py:188} INFO - [2025-10-23T22:59:20.721+0000] {dagbag.py:540} INFO - Filling up the DagBag from /opt/airflow/dags/silver_layer_dag.py
[2025-10-23T22:59:20.904+0000] {processor.py:840} INFO - DAG(s) 'silver_layer_dag' retrieved from /opt/airflow/dags/silver_layer_dag.py
[2025-10-23T22:59:20.920+0000] {logging_mixin.py:188} INFO - [2025-10-23T22:59:20.920+0000] {dag.py:3096} INFO - Sync 1 DAGs
[2025-10-23T22:59:20.936+0000] {logging_mixin.py:188} INFO - [2025-10-23T22:59:20.936+0000] {dag.py:3954} INFO - Setting next_dagrun for silver_layer_dag to 2025-10-23 19:00:00+00:00, run_after=2025-10-24 19:00:00+00:00
[2025-10-23T22:59:20.949+0000] {processor.py:183} INFO - Processing /opt/airflow/dags/silver_layer_dag.py took 0.235 seconds
[2025-10-23T22:59:51.114+0000] {processor.py:161} INFO - Started process (PID=1242) to work on /opt/airflow/dags/silver_layer_dag.py
[2025-10-23T22:59:51.115+0000] {processor.py:830} INFO - Processing file /opt/airflow/dags/silver_layer_dag.py for tasks to queue
[2025-10-23T22:59:51.116+0000] {logging_mixin.py:188} INFO - [2025-10-23T22:59:51.116+0000] {dagbag.py:540} INFO - Filling up the DagBag from /opt/airflow/dags/silver_layer_dag.py
[2025-10-23T22:59:51.300+0000] {processor.py:840} INFO - DAG(s) 'silver_layer_dag' retrieved from /opt/airflow/dags/silver_layer_dag.py
[2025-10-23T22:59:51.317+0000] {logging_mixin.py:188} INFO - [2025-10-23T22:59:51.317+0000] {dag.py:3096} INFO - Sync 1 DAGs
[2025-10-23T22:59:51.334+0000] {logging_mixin.py:188} INFO - [2025-10-23T22:59:51.334+0000] {dag.py:3954} INFO - Setting next_dagrun for silver_layer_dag to 2025-10-23 19:00:00+00:00, run_after=2025-10-24 19:00:00+00:00
[2025-10-23T22:59:51.348+0000] {processor.py:183} INFO - Processing /opt/airflow/dags/silver_layer_dag.py took 0.239 seconds
[2025-10-23T23:00:21.966+0000] {processor.py:161} INFO - Started process (PID=1244) to work on /opt/airflow/dags/silver_layer_dag.py
[2025-10-23T23:00:21.967+0000] {processor.py:830} INFO - Processing file /opt/airflow/dags/silver_layer_dag.py for tasks to queue
[2025-10-23T23:00:21.968+0000] {logging_mixin.py:188} INFO - [2025-10-23T23:00:21.968+0000] {dagbag.py:540} INFO - Filling up the DagBag from /opt/airflow/dags/silver_layer_dag.py
[2025-10-23T23:00:22.148+0000] {processor.py:840} INFO - DAG(s) 'silver_layer_dag' retrieved from /opt/airflow/dags/silver_layer_dag.py
[2025-10-23T23:00:22.164+0000] {logging_mixin.py:188} INFO - [2025-10-23T23:00:22.164+0000] {dag.py:3096} INFO - Sync 1 DAGs
[2025-10-23T23:00:22.180+0000] {logging_mixin.py:188} INFO - [2025-10-23T23:00:22.180+0000] {dag.py:3954} INFO - Setting next_dagrun for silver_layer_dag to 2025-10-23 19:00:00+00:00, run_after=2025-10-24 19:00:00+00:00
[2025-10-23T23:00:22.194+0000] {processor.py:183} INFO - Processing /opt/airflow/dags/silver_layer_dag.py took 0.233 seconds
[2025-10-23T23:00:53.292+0000] {processor.py:161} INFO - Started process (PID=1246) to work on /opt/airflow/dags/silver_layer_dag.py
[2025-10-23T23:00:53.293+0000] {processor.py:830} INFO - Processing file /opt/airflow/dags/silver_layer_dag.py for tasks to queue
[2025-10-23T23:00:53.294+0000] {logging_mixin.py:188} INFO - [2025-10-23T23:00:53.294+0000] {dagbag.py:540} INFO - Filling up the DagBag from /opt/airflow/dags/silver_layer_dag.py
[2025-10-23T23:00:53.486+0000] {processor.py:840} INFO - DAG(s) 'silver_layer_dag' retrieved from /opt/airflow/dags/silver_layer_dag.py
[2025-10-23T23:00:53.502+0000] {logging_mixin.py:188} INFO - [2025-10-23T23:00:53.502+0000] {dag.py:3096} INFO - Sync 1 DAGs
[2025-10-23T23:00:53.519+0000] {logging_mixin.py:188} INFO - [2025-10-23T23:00:53.519+0000] {dag.py:3954} INFO - Setting next_dagrun for silver_layer_dag to 2025-10-23 19:00:00+00:00, run_after=2025-10-24 19:00:00+00:00
[2025-10-23T23:00:53.533+0000] {processor.py:183} INFO - Processing /opt/airflow/dags/silver_layer_dag.py took 0.245 seconds
[2025-10-23T23:01:24.081+0000] {processor.py:161} INFO - Started process (PID=1248) to work on /opt/airflow/dags/silver_layer_dag.py
[2025-10-23T23:01:24.082+0000] {processor.py:830} INFO - Processing file /opt/airflow/dags/silver_layer_dag.py for tasks to queue
[2025-10-23T23:01:24.084+0000] {logging_mixin.py:188} INFO - [2025-10-23T23:01:24.083+0000] {dagbag.py:540} INFO - Filling up the DagBag from /opt/airflow/dags/silver_layer_dag.py
[2025-10-23T23:01:24.262+0000] {processor.py:840} INFO - DAG(s) 'silver_layer_dag' retrieved from /opt/airflow/dags/silver_layer_dag.py
[2025-10-23T23:01:24.278+0000] {logging_mixin.py:188} INFO - [2025-10-23T23:01:24.278+0000] {dag.py:3096} INFO - Sync 1 DAGs
[2025-10-23T23:01:24.295+0000] {logging_mixin.py:188} INFO - [2025-10-23T23:01:24.294+0000] {dag.py:3954} INFO - Setting next_dagrun for silver_layer_dag to 2025-10-23 19:00:00+00:00, run_after=2025-10-24 19:00:00+00:00
[2025-10-23T23:01:24.308+0000] {processor.py:183} INFO - Processing /opt/airflow/dags/silver_layer_dag.py took 0.231 seconds
[2025-10-23T23:01:54.879+0000] {processor.py:161} INFO - Started process (PID=1250) to work on /opt/airflow/dags/silver_layer_dag.py
[2025-10-23T23:01:54.880+0000] {processor.py:830} INFO - Processing file /opt/airflow/dags/silver_layer_dag.py for tasks to queue
[2025-10-23T23:01:54.881+0000] {logging_mixin.py:188} INFO - [2025-10-23T23:01:54.881+0000] {dagbag.py:540} INFO - Filling up the DagBag from /opt/airflow/dags/silver_layer_dag.py
[2025-10-23T23:01:55.062+0000] {processor.py:840} INFO - DAG(s) 'silver_layer_dag' retrieved from /opt/airflow/dags/silver_layer_dag.py
[2025-10-23T23:01:55.079+0000] {logging_mixin.py:188} INFO - [2025-10-23T23:01:55.078+0000] {dag.py:3096} INFO - Sync 1 DAGs
[2025-10-23T23:01:55.094+0000] {logging_mixin.py:188} INFO - [2025-10-23T23:01:55.094+0000] {dag.py:3954} INFO - Setting next_dagrun for silver_layer_dag to 2025-10-23 19:00:00+00:00, run_after=2025-10-24 19:00:00+00:00
[2025-10-23T23:01:55.108+0000] {processor.py:183} INFO - Processing /opt/airflow/dags/silver_layer_dag.py took 0.234 seconds
[2025-10-23T23:02:25.451+0000] {processor.py:161} INFO - Started process (PID=1252) to work on /opt/airflow/dags/silver_layer_dag.py
[2025-10-23T23:02:25.452+0000] {processor.py:830} INFO - Processing file /opt/airflow/dags/silver_layer_dag.py for tasks to queue
[2025-10-23T23:02:25.453+0000] {logging_mixin.py:188} INFO - [2025-10-23T23:02:25.453+0000] {dagbag.py:540} INFO - Filling up the DagBag from /opt/airflow/dags/silver_layer_dag.py
[2025-10-23T23:02:25.640+0000] {processor.py:840} INFO - DAG(s) 'silver_layer_dag' retrieved from /opt/airflow/dags/silver_layer_dag.py
[2025-10-23T23:02:25.664+0000] {logging_mixin.py:188} INFO - [2025-10-23T23:02:25.664+0000] {dag.py:3096} INFO - Sync 1 DAGs
[2025-10-23T23:02:25.684+0000] {logging_mixin.py:188} INFO - [2025-10-23T23:02:25.684+0000] {dag.py:3954} INFO - Setting next_dagrun for silver_layer_dag to 2025-10-23 19:00:00+00:00, run_after=2025-10-24 19:00:00+00:00
[2025-10-23T23:02:25.704+0000] {processor.py:183} INFO - Processing /opt/airflow/dags/silver_layer_dag.py took 0.258 seconds
[2025-10-23T23:02:56.807+0000] {processor.py:161} INFO - Started process (PID=1254) to work on /opt/airflow/dags/silver_layer_dag.py
[2025-10-23T23:02:56.808+0000] {processor.py:830} INFO - Processing file /opt/airflow/dags/silver_layer_dag.py for tasks to queue
[2025-10-23T23:02:56.810+0000] {logging_mixin.py:188} INFO - [2025-10-23T23:02:56.810+0000] {dagbag.py:540} INFO - Filling up the DagBag from /opt/airflow/dags/silver_layer_dag.py
[2025-10-23T23:02:57.005+0000] {processor.py:840} INFO - DAG(s) 'silver_layer_dag' retrieved from /opt/airflow/dags/silver_layer_dag.py
[2025-10-23T23:02:57.022+0000] {logging_mixin.py:188} INFO - [2025-10-23T23:02:57.021+0000] {dag.py:3096} INFO - Sync 1 DAGs
[2025-10-23T23:02:57.037+0000] {logging_mixin.py:188} INFO - [2025-10-23T23:02:57.037+0000] {dag.py:3954} INFO - Setting next_dagrun for silver_layer_dag to 2025-10-23 19:00:00+00:00, run_after=2025-10-24 19:00:00+00:00
[2025-10-23T23:02:57.051+0000] {processor.py:183} INFO - Processing /opt/airflow/dags/silver_layer_dag.py took 0.248 seconds
[2025-10-23T23:03:27.302+0000] {processor.py:161} INFO - Started process (PID=1256) to work on /opt/airflow/dags/silver_layer_dag.py
[2025-10-23T23:03:27.303+0000] {processor.py:830} INFO - Processing file /opt/airflow/dags/silver_layer_dag.py for tasks to queue
[2025-10-23T23:03:27.304+0000] {logging_mixin.py:188} INFO - [2025-10-23T23:03:27.304+0000] {dagbag.py:540} INFO - Filling up the DagBag from /opt/airflow/dags/silver_layer_dag.py
[2025-10-23T23:03:27.507+0000] {processor.py:840} INFO - DAG(s) 'silver_layer_dag' retrieved from /opt/airflow/dags/silver_layer_dag.py
[2025-10-23T23:03:27.527+0000] {logging_mixin.py:188} INFO - [2025-10-23T23:03:27.527+0000] {dag.py:3096} INFO - Sync 1 DAGs
[2025-10-23T23:03:27.544+0000] {logging_mixin.py:188} INFO - [2025-10-23T23:03:27.544+0000] {dag.py:3954} INFO - Setting next_dagrun for silver_layer_dag to 2025-10-23 19:00:00+00:00, run_after=2025-10-24 19:00:00+00:00
[2025-10-23T23:03:27.558+0000] {processor.py:183} INFO - Processing /opt/airflow/dags/silver_layer_dag.py took 0.261 seconds
[2025-10-23T23:03:57.901+0000] {processor.py:161} INFO - Started process (PID=1258) to work on /opt/airflow/dags/silver_layer_dag.py
[2025-10-23T23:03:57.902+0000] {processor.py:830} INFO - Processing file /opt/airflow/dags/silver_layer_dag.py for tasks to queue
[2025-10-23T23:03:57.903+0000] {logging_mixin.py:188} INFO - [2025-10-23T23:03:57.903+0000] {dagbag.py:540} INFO - Filling up the DagBag from /opt/airflow/dags/silver_layer_dag.py
[2025-10-23T23:03:58.084+0000] {processor.py:840} INFO - DAG(s) 'silver_layer_dag' retrieved from /opt/airflow/dags/silver_layer_dag.py
[2025-10-23T23:03:58.101+0000] {logging_mixin.py:188} INFO - [2025-10-23T23:03:58.101+0000] {dag.py:3096} INFO - Sync 1 DAGs
[2025-10-23T23:03:58.119+0000] {logging_mixin.py:188} INFO - [2025-10-23T23:03:58.119+0000] {dag.py:3954} INFO - Setting next_dagrun for silver_layer_dag to 2025-10-23 19:00:00+00:00, run_after=2025-10-24 19:00:00+00:00
[2025-10-23T23:03:58.133+0000] {processor.py:183} INFO - Processing /opt/airflow/dags/silver_layer_dag.py took 0.236 seconds
[2025-10-23T23:04:28.211+0000] {processor.py:161} INFO - Started process (PID=1260) to work on /opt/airflow/dags/silver_layer_dag.py
[2025-10-23T23:04:28.212+0000] {processor.py:830} INFO - Processing file /opt/airflow/dags/silver_layer_dag.py for tasks to queue
[2025-10-23T23:04:28.213+0000] {logging_mixin.py:188} INFO - [2025-10-23T23:04:28.213+0000] {dagbag.py:540} INFO - Filling up the DagBag from /opt/airflow/dags/silver_layer_dag.py
[2025-10-23T23:04:28.405+0000] {processor.py:840} INFO - DAG(s) 'silver_layer_dag' retrieved from /opt/airflow/dags/silver_layer_dag.py
[2025-10-23T23:04:28.422+0000] {logging_mixin.py:188} INFO - [2025-10-23T23:04:28.422+0000] {dag.py:3096} INFO - Sync 1 DAGs
[2025-10-23T23:04:28.439+0000] {logging_mixin.py:188} INFO - [2025-10-23T23:04:28.439+0000] {dag.py:3954} INFO - Setting next_dagrun for silver_layer_dag to 2025-10-23 19:00:00+00:00, run_after=2025-10-24 19:00:00+00:00
[2025-10-23T23:04:28.452+0000] {processor.py:183} INFO - Processing /opt/airflow/dags/silver_layer_dag.py took 0.246 seconds
[2025-10-23T23:04:59.298+0000] {processor.py:161} INFO - Started process (PID=1262) to work on /opt/airflow/dags/silver_layer_dag.py
[2025-10-23T23:04:59.299+0000] {processor.py:830} INFO - Processing file /opt/airflow/dags/silver_layer_dag.py for tasks to queue
[2025-10-23T23:04:59.301+0000] {logging_mixin.py:188} INFO - [2025-10-23T23:04:59.300+0000] {dagbag.py:540} INFO - Filling up the DagBag from /opt/airflow/dags/silver_layer_dag.py
[2025-10-23T23:04:59.481+0000] {processor.py:840} INFO - DAG(s) 'silver_layer_dag' retrieved from /opt/airflow/dags/silver_layer_dag.py
[2025-10-23T23:04:59.497+0000] {logging_mixin.py:188} INFO - [2025-10-23T23:04:59.496+0000] {dag.py:3096} INFO - Sync 1 DAGs
[2025-10-23T23:04:59.512+0000] {logging_mixin.py:188} INFO - [2025-10-23T23:04:59.512+0000] {dag.py:3954} INFO - Setting next_dagrun for silver_layer_dag to 2025-10-23 19:00:00+00:00, run_after=2025-10-24 19:00:00+00:00
[2025-10-23T23:04:59.525+0000] {processor.py:183} INFO - Processing /opt/airflow/dags/silver_layer_dag.py took 0.232 seconds
[2025-10-23T23:05:30.300+0000] {processor.py:161} INFO - Started process (PID=1264) to work on /opt/airflow/dags/silver_layer_dag.py
[2025-10-23T23:05:30.301+0000] {processor.py:830} INFO - Processing file /opt/airflow/dags/silver_layer_dag.py for tasks to queue
[2025-10-23T23:05:30.303+0000] {logging_mixin.py:188} INFO - [2025-10-23T23:05:30.302+0000] {dagbag.py:540} INFO - Filling up the DagBag from /opt/airflow/dags/silver_layer_dag.py
[2025-10-23T23:05:30.482+0000] {processor.py:840} INFO - DAG(s) 'silver_layer_dag' retrieved from /opt/airflow/dags/silver_layer_dag.py
[2025-10-23T23:05:30.500+0000] {logging_mixin.py:188} INFO - [2025-10-23T23:05:30.499+0000] {dag.py:3096} INFO - Sync 1 DAGs
[2025-10-23T23:05:30.517+0000] {logging_mixin.py:188} INFO - [2025-10-23T23:05:30.516+0000] {dag.py:3954} INFO - Setting next_dagrun for silver_layer_dag to 2025-10-23 19:00:00+00:00, run_after=2025-10-24 19:00:00+00:00
[2025-10-23T23:05:30.530+0000] {processor.py:183} INFO - Processing /opt/airflow/dags/silver_layer_dag.py took 0.235 seconds
[2025-10-23T23:06:00.711+0000] {processor.py:161} INFO - Started process (PID=1266) to work on /opt/airflow/dags/silver_layer_dag.py
[2025-10-23T23:06:00.712+0000] {processor.py:830} INFO - Processing file /opt/airflow/dags/silver_layer_dag.py for tasks to queue
[2025-10-23T23:06:00.713+0000] {logging_mixin.py:188} INFO - [2025-10-23T23:06:00.713+0000] {dagbag.py:540} INFO - Filling up the DagBag from /opt/airflow/dags/silver_layer_dag.py
[2025-10-23T23:06:00.894+0000] {processor.py:840} INFO - DAG(s) 'silver_layer_dag' retrieved from /opt/airflow/dags/silver_layer_dag.py
[2025-10-23T23:06:00.910+0000] {logging_mixin.py:188} INFO - [2025-10-23T23:06:00.910+0000] {dag.py:3096} INFO - Sync 1 DAGs
[2025-10-23T23:06:00.926+0000] {logging_mixin.py:188} INFO - [2025-10-23T23:06:00.925+0000] {dag.py:3954} INFO - Setting next_dagrun for silver_layer_dag to 2025-10-23 19:00:00+00:00, run_after=2025-10-24 19:00:00+00:00
[2025-10-23T23:06:00.940+0000] {processor.py:183} INFO - Processing /opt/airflow/dags/silver_layer_dag.py took 0.233 seconds
[2025-10-23T23:06:31.323+0000] {processor.py:161} INFO - Started process (PID=1268) to work on /opt/airflow/dags/silver_layer_dag.py
[2025-10-23T23:06:31.323+0000] {processor.py:830} INFO - Processing file /opt/airflow/dags/silver_layer_dag.py for tasks to queue
[2025-10-23T23:06:31.325+0000] {logging_mixin.py:188} INFO - [2025-10-23T23:06:31.325+0000] {dagbag.py:540} INFO - Filling up the DagBag from /opt/airflow/dags/silver_layer_dag.py
[2025-10-23T23:06:31.505+0000] {processor.py:840} INFO - DAG(s) 'silver_layer_dag' retrieved from /opt/airflow/dags/silver_layer_dag.py
[2025-10-23T23:06:31.521+0000] {logging_mixin.py:188} INFO - [2025-10-23T23:06:31.520+0000] {dag.py:3096} INFO - Sync 1 DAGs
[2025-10-23T23:06:31.537+0000] {logging_mixin.py:188} INFO - [2025-10-23T23:06:31.537+0000] {dag.py:3954} INFO - Setting next_dagrun for silver_layer_dag to 2025-10-23 19:00:00+00:00, run_after=2025-10-24 19:00:00+00:00
[2025-10-23T23:06:31.551+0000] {processor.py:183} INFO - Processing /opt/airflow/dags/silver_layer_dag.py took 0.233 seconds
[2025-10-23T23:07:02.496+0000] {processor.py:161} INFO - Started process (PID=1270) to work on /opt/airflow/dags/silver_layer_dag.py
[2025-10-23T23:07:02.497+0000] {processor.py:830} INFO - Processing file /opt/airflow/dags/silver_layer_dag.py for tasks to queue
[2025-10-23T23:07:02.499+0000] {logging_mixin.py:188} INFO - [2025-10-23T23:07:02.498+0000] {dagbag.py:540} INFO - Filling up the DagBag from /opt/airflow/dags/silver_layer_dag.py
[2025-10-23T23:07:02.686+0000] {processor.py:840} INFO - DAG(s) 'silver_layer_dag' retrieved from /opt/airflow/dags/silver_layer_dag.py
[2025-10-23T23:07:02.703+0000] {logging_mixin.py:188} INFO - [2025-10-23T23:07:02.703+0000] {dag.py:3096} INFO - Sync 1 DAGs
[2025-10-23T23:07:02.720+0000] {logging_mixin.py:188} INFO - [2025-10-23T23:07:02.719+0000] {dag.py:3954} INFO - Setting next_dagrun for silver_layer_dag to 2025-10-23 19:00:00+00:00, run_after=2025-10-24 19:00:00+00:00
[2025-10-23T23:07:02.733+0000] {processor.py:183} INFO - Processing /opt/airflow/dags/silver_layer_dag.py took 0.241 seconds
[2025-10-23T23:07:33.267+0000] {processor.py:161} INFO - Started process (PID=1272) to work on /opt/airflow/dags/silver_layer_dag.py
[2025-10-23T23:07:33.268+0000] {processor.py:830} INFO - Processing file /opt/airflow/dags/silver_layer_dag.py for tasks to queue
[2025-10-23T23:07:33.270+0000] {logging_mixin.py:188} INFO - [2025-10-23T23:07:33.270+0000] {dagbag.py:540} INFO - Filling up the DagBag from /opt/airflow/dags/silver_layer_dag.py
[2025-10-23T23:07:33.450+0000] {processor.py:840} INFO - DAG(s) 'silver_layer_dag' retrieved from /opt/airflow/dags/silver_layer_dag.py
[2025-10-23T23:07:33.470+0000] {logging_mixin.py:188} INFO - [2025-10-23T23:07:33.470+0000] {dag.py:3096} INFO - Sync 1 DAGs
[2025-10-23T23:07:33.486+0000] {logging_mixin.py:188} INFO - [2025-10-23T23:07:33.486+0000] {dag.py:3954} INFO - Setting next_dagrun for silver_layer_dag to 2025-10-23 19:00:00+00:00, run_after=2025-10-24 19:00:00+00:00
[2025-10-23T23:07:33.499+0000] {processor.py:183} INFO - Processing /opt/airflow/dags/silver_layer_dag.py took 0.236 seconds
[2025-10-23T23:08:03.926+0000] {processor.py:161} INFO - Started process (PID=1274) to work on /opt/airflow/dags/silver_layer_dag.py
[2025-10-23T23:08:03.927+0000] {processor.py:830} INFO - Processing file /opt/airflow/dags/silver_layer_dag.py for tasks to queue
[2025-10-23T23:08:03.929+0000] {logging_mixin.py:188} INFO - [2025-10-23T23:08:03.929+0000] {dagbag.py:540} INFO - Filling up the DagBag from /opt/airflow/dags/silver_layer_dag.py
[2025-10-23T23:08:04.111+0000] {processor.py:840} INFO - DAG(s) 'silver_layer_dag' retrieved from /opt/airflow/dags/silver_layer_dag.py
[2025-10-23T23:08:04.128+0000] {logging_mixin.py:188} INFO - [2025-10-23T23:08:04.128+0000] {dag.py:3096} INFO - Sync 1 DAGs
[2025-10-23T23:08:04.145+0000] {logging_mixin.py:188} INFO - [2025-10-23T23:08:04.145+0000] {dag.py:3954} INFO - Setting next_dagrun for silver_layer_dag to 2025-10-23 19:00:00+00:00, run_after=2025-10-24 19:00:00+00:00
[2025-10-23T23:08:04.160+0000] {processor.py:183} INFO - Processing /opt/airflow/dags/silver_layer_dag.py took 0.238 seconds
[2025-10-23T23:08:34.521+0000] {processor.py:161} INFO - Started process (PID=1276) to work on /opt/airflow/dags/silver_layer_dag.py
[2025-10-23T23:08:34.522+0000] {processor.py:830} INFO - Processing file /opt/airflow/dags/silver_layer_dag.py for tasks to queue
[2025-10-23T23:08:34.524+0000] {logging_mixin.py:188} INFO - [2025-10-23T23:08:34.523+0000] {dagbag.py:540} INFO - Filling up the DagBag from /opt/airflow/dags/silver_layer_dag.py
[2025-10-23T23:08:34.711+0000] {processor.py:840} INFO - DAG(s) 'silver_layer_dag' retrieved from /opt/airflow/dags/silver_layer_dag.py
[2025-10-23T23:08:34.728+0000] {logging_mixin.py:188} INFO - [2025-10-23T23:08:34.728+0000] {dag.py:3096} INFO - Sync 1 DAGs
[2025-10-23T23:08:34.744+0000] {logging_mixin.py:188} INFO - [2025-10-23T23:08:34.744+0000] {dag.py:3954} INFO - Setting next_dagrun for silver_layer_dag to 2025-10-23 19:00:00+00:00, run_after=2025-10-24 19:00:00+00:00
[2025-10-23T23:08:34.759+0000] {processor.py:183} INFO - Processing /opt/airflow/dags/silver_layer_dag.py took 0.242 seconds
[2025-10-23T23:09:04.984+0000] {processor.py:161} INFO - Started process (PID=1278) to work on /opt/airflow/dags/silver_layer_dag.py
[2025-10-23T23:09:04.985+0000] {processor.py:830} INFO - Processing file /opt/airflow/dags/silver_layer_dag.py for tasks to queue
[2025-10-23T23:09:04.986+0000] {logging_mixin.py:188} INFO - [2025-10-23T23:09:04.986+0000] {dagbag.py:540} INFO - Filling up the DagBag from /opt/airflow/dags/silver_layer_dag.py
[2025-10-23T23:09:05.178+0000] {processor.py:840} INFO - DAG(s) 'silver_layer_dag' retrieved from /opt/airflow/dags/silver_layer_dag.py
[2025-10-23T23:09:05.194+0000] {logging_mixin.py:188} INFO - [2025-10-23T23:09:05.194+0000] {dag.py:3096} INFO - Sync 1 DAGs
[2025-10-23T23:09:05.210+0000] {logging_mixin.py:188} INFO - [2025-10-23T23:09:05.210+0000] {dag.py:3954} INFO - Setting next_dagrun for silver_layer_dag to 2025-10-23 19:00:00+00:00, run_after=2025-10-24 19:00:00+00:00
[2025-10-23T23:09:05.224+0000] {processor.py:183} INFO - Processing /opt/airflow/dags/silver_layer_dag.py took 0.244 seconds
[2025-10-23T23:09:35.631+0000] {processor.py:161} INFO - Started process (PID=1280) to work on /opt/airflow/dags/silver_layer_dag.py
[2025-10-23T23:09:35.631+0000] {processor.py:830} INFO - Processing file /opt/airflow/dags/silver_layer_dag.py for tasks to queue
[2025-10-23T23:09:35.633+0000] {logging_mixin.py:188} INFO - [2025-10-23T23:09:35.633+0000] {dagbag.py:540} INFO - Filling up the DagBag from /opt/airflow/dags/silver_layer_dag.py
[2025-10-23T23:09:35.810+0000] {processor.py:840} INFO - DAG(s) 'silver_layer_dag' retrieved from /opt/airflow/dags/silver_layer_dag.py
[2025-10-23T23:09:35.825+0000] {logging_mixin.py:188} INFO - [2025-10-23T23:09:35.825+0000] {dag.py:3096} INFO - Sync 1 DAGs
[2025-10-23T23:09:35.841+0000] {logging_mixin.py:188} INFO - [2025-10-23T23:09:35.841+0000] {dag.py:3954} INFO - Setting next_dagrun for silver_layer_dag to 2025-10-23 19:00:00+00:00, run_after=2025-10-24 19:00:00+00:00
[2025-10-23T23:09:35.854+0000] {processor.py:183} INFO - Processing /opt/airflow/dags/silver_layer_dag.py took 0.227 seconds
[2025-10-23T23:10:06.164+0000] {processor.py:161} INFO - Started process (PID=1282) to work on /opt/airflow/dags/silver_layer_dag.py
[2025-10-23T23:10:06.164+0000] {processor.py:830} INFO - Processing file /opt/airflow/dags/silver_layer_dag.py for tasks to queue
[2025-10-23T23:10:06.166+0000] {logging_mixin.py:188} INFO - [2025-10-23T23:10:06.166+0000] {dagbag.py:540} INFO - Filling up the DagBag from /opt/airflow/dags/silver_layer_dag.py
[2025-10-23T23:10:06.344+0000] {processor.py:840} INFO - DAG(s) 'silver_layer_dag' retrieved from /opt/airflow/dags/silver_layer_dag.py
[2025-10-23T23:10:06.362+0000] {logging_mixin.py:188} INFO - [2025-10-23T23:10:06.361+0000] {dag.py:3096} INFO - Sync 1 DAGs
[2025-10-23T23:10:06.378+0000] {logging_mixin.py:188} INFO - [2025-10-23T23:10:06.377+0000] {dag.py:3954} INFO - Setting next_dagrun for silver_layer_dag to 2025-10-23 19:00:00+00:00, run_after=2025-10-24 19:00:00+00:00
[2025-10-23T23:10:06.391+0000] {processor.py:183} INFO - Processing /opt/airflow/dags/silver_layer_dag.py took 0.232 seconds
[2025-10-23T23:10:36.566+0000] {processor.py:161} INFO - Started process (PID=1284) to work on /opt/airflow/dags/silver_layer_dag.py
[2025-10-23T23:10:36.566+0000] {processor.py:830} INFO - Processing file /opt/airflow/dags/silver_layer_dag.py for tasks to queue
[2025-10-23T23:10:36.568+0000] {logging_mixin.py:188} INFO - [2025-10-23T23:10:36.567+0000] {dagbag.py:540} INFO - Filling up the DagBag from /opt/airflow/dags/silver_layer_dag.py
[2025-10-23T23:10:36.746+0000] {processor.py:840} INFO - DAG(s) 'silver_layer_dag' retrieved from /opt/airflow/dags/silver_layer_dag.py
[2025-10-23T23:10:36.762+0000] {logging_mixin.py:188} INFO - [2025-10-23T23:10:36.762+0000] {dag.py:3096} INFO - Sync 1 DAGs
[2025-10-23T23:10:36.777+0000] {logging_mixin.py:188} INFO - [2025-10-23T23:10:36.777+0000] {dag.py:3954} INFO - Setting next_dagrun for silver_layer_dag to 2025-10-23 19:00:00+00:00, run_after=2025-10-24 19:00:00+00:00
[2025-10-23T23:10:36.790+0000] {processor.py:183} INFO - Processing /opt/airflow/dags/silver_layer_dag.py took 0.229 seconds
[2025-10-23T23:11:07.379+0000] {processor.py:161} INFO - Started process (PID=1286) to work on /opt/airflow/dags/silver_layer_dag.py
[2025-10-23T23:11:07.379+0000] {processor.py:830} INFO - Processing file /opt/airflow/dags/silver_layer_dag.py for tasks to queue
[2025-10-23T23:11:07.381+0000] {logging_mixin.py:188} INFO - [2025-10-23T23:11:07.380+0000] {dagbag.py:540} INFO - Filling up the DagBag from /opt/airflow/dags/silver_layer_dag.py
[2025-10-23T23:11:07.563+0000] {processor.py:840} INFO - DAG(s) 'silver_layer_dag' retrieved from /opt/airflow/dags/silver_layer_dag.py
[2025-10-23T23:11:07.579+0000] {logging_mixin.py:188} INFO - [2025-10-23T23:11:07.579+0000] {dag.py:3096} INFO - Sync 1 DAGs
[2025-10-23T23:11:07.595+0000] {logging_mixin.py:188} INFO - [2025-10-23T23:11:07.595+0000] {dag.py:3954} INFO - Setting next_dagrun for silver_layer_dag to 2025-10-23 19:00:00+00:00, run_after=2025-10-24 19:00:00+00:00
[2025-10-23T23:11:07.608+0000] {processor.py:183} INFO - Processing /opt/airflow/dags/silver_layer_dag.py took 0.234 seconds
[2025-10-23T23:11:37.696+0000] {processor.py:161} INFO - Started process (PID=1288) to work on /opt/airflow/dags/silver_layer_dag.py
[2025-10-23T23:11:37.697+0000] {processor.py:830} INFO - Processing file /opt/airflow/dags/silver_layer_dag.py for tasks to queue
[2025-10-23T23:11:37.698+0000] {logging_mixin.py:188} INFO - [2025-10-23T23:11:37.698+0000] {dagbag.py:540} INFO - Filling up the DagBag from /opt/airflow/dags/silver_layer_dag.py
[2025-10-23T23:11:37.877+0000] {processor.py:840} INFO - DAG(s) 'silver_layer_dag' retrieved from /opt/airflow/dags/silver_layer_dag.py
[2025-10-23T23:11:37.894+0000] {logging_mixin.py:188} INFO - [2025-10-23T23:11:37.894+0000] {dag.py:3096} INFO - Sync 1 DAGs
[2025-10-23T23:11:37.915+0000] {logging_mixin.py:188} INFO - [2025-10-23T23:11:37.914+0000] {dag.py:3954} INFO - Setting next_dagrun for silver_layer_dag to 2025-10-23 19:00:00+00:00, run_after=2025-10-24 19:00:00+00:00
[2025-10-23T23:11:37.930+0000] {processor.py:183} INFO - Processing /opt/airflow/dags/silver_layer_dag.py took 0.238 seconds
[2025-10-23T23:12:08.742+0000] {processor.py:161} INFO - Started process (PID=1290) to work on /opt/airflow/dags/silver_layer_dag.py
[2025-10-23T23:12:08.742+0000] {processor.py:830} INFO - Processing file /opt/airflow/dags/silver_layer_dag.py for tasks to queue
[2025-10-23T23:12:08.744+0000] {logging_mixin.py:188} INFO - [2025-10-23T23:12:08.744+0000] {dagbag.py:540} INFO - Filling up the DagBag from /opt/airflow/dags/silver_layer_dag.py
[2025-10-23T23:12:08.923+0000] {processor.py:840} INFO - DAG(s) 'silver_layer_dag' retrieved from /opt/airflow/dags/silver_layer_dag.py
[2025-10-23T23:12:08.939+0000] {logging_mixin.py:188} INFO - [2025-10-23T23:12:08.939+0000] {dag.py:3096} INFO - Sync 1 DAGs
[2025-10-23T23:12:08.956+0000] {logging_mixin.py:188} INFO - [2025-10-23T23:12:08.955+0000] {dag.py:3954} INFO - Setting next_dagrun for silver_layer_dag to 2025-10-23 19:00:00+00:00, run_after=2025-10-24 19:00:00+00:00
[2025-10-23T23:12:08.969+0000] {processor.py:183} INFO - Processing /opt/airflow/dags/silver_layer_dag.py took 0.231 seconds
[2025-10-23T23:12:39.352+0000] {processor.py:161} INFO - Started process (PID=1292) to work on /opt/airflow/dags/silver_layer_dag.py
[2025-10-23T23:12:39.352+0000] {processor.py:830} INFO - Processing file /opt/airflow/dags/silver_layer_dag.py for tasks to queue
[2025-10-23T23:12:39.354+0000] {logging_mixin.py:188} INFO - [2025-10-23T23:12:39.354+0000] {dagbag.py:540} INFO - Filling up the DagBag from /opt/airflow/dags/silver_layer_dag.py
[2025-10-23T23:12:39.531+0000] {processor.py:840} INFO - DAG(s) 'silver_layer_dag' retrieved from /opt/airflow/dags/silver_layer_dag.py
[2025-10-23T23:12:39.547+0000] {logging_mixin.py:188} INFO - [2025-10-23T23:12:39.547+0000] {dag.py:3096} INFO - Sync 1 DAGs
[2025-10-23T23:12:39.563+0000] {logging_mixin.py:188} INFO - [2025-10-23T23:12:39.563+0000] {dag.py:3954} INFO - Setting next_dagrun for silver_layer_dag to 2025-10-23 19:00:00+00:00, run_after=2025-10-24 19:00:00+00:00
[2025-10-23T23:12:39.576+0000] {processor.py:183} INFO - Processing /opt/airflow/dags/silver_layer_dag.py took 0.229 seconds
[2025-10-23T23:13:09.633+0000] {processor.py:161} INFO - Started process (PID=1294) to work on /opt/airflow/dags/silver_layer_dag.py
[2025-10-23T23:13:09.634+0000] {processor.py:830} INFO - Processing file /opt/airflow/dags/silver_layer_dag.py for tasks to queue
[2025-10-23T23:13:09.635+0000] {logging_mixin.py:188} INFO - [2025-10-23T23:13:09.635+0000] {dagbag.py:540} INFO - Filling up the DagBag from /opt/airflow/dags/silver_layer_dag.py
[2025-10-23T23:13:09.820+0000] {processor.py:840} INFO - DAG(s) 'silver_layer_dag' retrieved from /opt/airflow/dags/silver_layer_dag.py
[2025-10-23T23:13:09.837+0000] {logging_mixin.py:188} INFO - [2025-10-23T23:13:09.837+0000] {dag.py:3096} INFO - Sync 1 DAGs
[2025-10-23T23:13:09.854+0000] {logging_mixin.py:188} INFO - [2025-10-23T23:13:09.854+0000] {dag.py:3954} INFO - Setting next_dagrun for silver_layer_dag to 2025-10-23 19:00:00+00:00, run_after=2025-10-24 19:00:00+00:00
[2025-10-23T23:13:09.868+0000] {processor.py:183} INFO - Processing /opt/airflow/dags/silver_layer_dag.py took 0.239 seconds
[2025-10-23T23:13:40.816+0000] {processor.py:161} INFO - Started process (PID=1296) to work on /opt/airflow/dags/silver_layer_dag.py
[2025-10-23T23:13:40.817+0000] {processor.py:830} INFO - Processing file /opt/airflow/dags/silver_layer_dag.py for tasks to queue
[2025-10-23T23:13:40.819+0000] {logging_mixin.py:188} INFO - [2025-10-23T23:13:40.819+0000] {dagbag.py:540} INFO - Filling up the DagBag from /opt/airflow/dags/silver_layer_dag.py
[2025-10-23T23:13:40.998+0000] {processor.py:840} INFO - DAG(s) 'silver_layer_dag' retrieved from /opt/airflow/dags/silver_layer_dag.py
[2025-10-23T23:13:41.014+0000] {logging_mixin.py:188} INFO - [2025-10-23T23:13:41.013+0000] {dag.py:3096} INFO - Sync 1 DAGs
[2025-10-23T23:13:41.029+0000] {logging_mixin.py:188} INFO - [2025-10-23T23:13:41.029+0000] {dag.py:3954} INFO - Setting next_dagrun for silver_layer_dag to 2025-10-23 19:00:00+00:00, run_after=2025-10-24 19:00:00+00:00
[2025-10-23T23:13:41.043+0000] {processor.py:183} INFO - Processing /opt/airflow/dags/silver_layer_dag.py took 0.231 seconds
[2025-10-23T23:14:11.138+0000] {processor.py:161} INFO - Started process (PID=1298) to work on /opt/airflow/dags/silver_layer_dag.py
[2025-10-23T23:14:11.139+0000] {processor.py:830} INFO - Processing file /opt/airflow/dags/silver_layer_dag.py for tasks to queue
[2025-10-23T23:14:11.140+0000] {logging_mixin.py:188} INFO - [2025-10-23T23:14:11.140+0000] {dagbag.py:540} INFO - Filling up the DagBag from /opt/airflow/dags/silver_layer_dag.py
[2025-10-23T23:14:11.323+0000] {processor.py:840} INFO - DAG(s) 'silver_layer_dag' retrieved from /opt/airflow/dags/silver_layer_dag.py
[2025-10-23T23:14:11.339+0000] {logging_mixin.py:188} INFO - [2025-10-23T23:14:11.339+0000] {dag.py:3096} INFO - Sync 1 DAGs
[2025-10-23T23:14:11.355+0000] {logging_mixin.py:188} INFO - [2025-10-23T23:14:11.355+0000] {dag.py:3954} INFO - Setting next_dagrun for silver_layer_dag to 2025-10-23 19:00:00+00:00, run_after=2025-10-24 19:00:00+00:00
[2025-10-23T23:14:11.372+0000] {processor.py:183} INFO - Processing /opt/airflow/dags/silver_layer_dag.py took 0.239 seconds
[2025-10-23T23:14:41.823+0000] {processor.py:161} INFO - Started process (PID=1300) to work on /opt/airflow/dags/silver_layer_dag.py
[2025-10-23T23:14:41.823+0000] {processor.py:830} INFO - Processing file /opt/airflow/dags/silver_layer_dag.py for tasks to queue
[2025-10-23T23:14:41.825+0000] {logging_mixin.py:188} INFO - [2025-10-23T23:14:41.825+0000] {dagbag.py:540} INFO - Filling up the DagBag from /opt/airflow/dags/silver_layer_dag.py
[2025-10-23T23:14:42.003+0000] {processor.py:840} INFO - DAG(s) 'silver_layer_dag' retrieved from /opt/airflow/dags/silver_layer_dag.py
[2025-10-23T23:14:42.019+0000] {logging_mixin.py:188} INFO - [2025-10-23T23:14:42.018+0000] {dag.py:3096} INFO - Sync 1 DAGs
[2025-10-23T23:14:42.035+0000] {logging_mixin.py:188} INFO - [2025-10-23T23:14:42.035+0000] {dag.py:3954} INFO - Setting next_dagrun for silver_layer_dag to 2025-10-23 19:00:00+00:00, run_after=2025-10-24 19:00:00+00:00
[2025-10-23T23:14:42.048+0000] {processor.py:183} INFO - Processing /opt/airflow/dags/silver_layer_dag.py took 0.230 seconds
[2025-10-23T23:15:12.996+0000] {processor.py:161} INFO - Started process (PID=1302) to work on /opt/airflow/dags/silver_layer_dag.py
[2025-10-23T23:15:12.997+0000] {processor.py:830} INFO - Processing file /opt/airflow/dags/silver_layer_dag.py for tasks to queue
[2025-10-23T23:15:12.998+0000] {logging_mixin.py:188} INFO - [2025-10-23T23:15:12.998+0000] {dagbag.py:540} INFO - Filling up the DagBag from /opt/airflow/dags/silver_layer_dag.py
[2025-10-23T23:15:13.178+0000] {processor.py:840} INFO - DAG(s) 'silver_layer_dag' retrieved from /opt/airflow/dags/silver_layer_dag.py
[2025-10-23T23:15:13.194+0000] {logging_mixin.py:188} INFO - [2025-10-23T23:15:13.194+0000] {dag.py:3096} INFO - Sync 1 DAGs
[2025-10-23T23:15:13.210+0000] {logging_mixin.py:188} INFO - [2025-10-23T23:15:13.210+0000] {dag.py:3954} INFO - Setting next_dagrun for silver_layer_dag to 2025-10-23 19:00:00+00:00, run_after=2025-10-24 19:00:00+00:00
[2025-10-23T23:15:13.224+0000] {processor.py:183} INFO - Processing /opt/airflow/dags/silver_layer_dag.py took 0.232 seconds
[2025-10-23T23:15:43.277+0000] {processor.py:161} INFO - Started process (PID=1304) to work on /opt/airflow/dags/silver_layer_dag.py
[2025-10-23T23:15:43.278+0000] {processor.py:830} INFO - Processing file /opt/airflow/dags/silver_layer_dag.py for tasks to queue
[2025-10-23T23:15:43.279+0000] {logging_mixin.py:188} INFO - [2025-10-23T23:15:43.279+0000] {dagbag.py:540} INFO - Filling up the DagBag from /opt/airflow/dags/silver_layer_dag.py
[2025-10-23T23:15:43.460+0000] {processor.py:840} INFO - DAG(s) 'silver_layer_dag' retrieved from /opt/airflow/dags/silver_layer_dag.py
[2025-10-23T23:15:43.476+0000] {logging_mixin.py:188} INFO - [2025-10-23T23:15:43.476+0000] {dag.py:3096} INFO - Sync 1 DAGs
[2025-10-23T23:15:43.492+0000] {logging_mixin.py:188} INFO - [2025-10-23T23:15:43.492+0000] {dag.py:3954} INFO - Setting next_dagrun for silver_layer_dag to 2025-10-23 19:00:00+00:00, run_after=2025-10-24 19:00:00+00:00
[2025-10-23T23:15:43.506+0000] {processor.py:183} INFO - Processing /opt/airflow/dags/silver_layer_dag.py took 0.233 seconds
[2025-10-23T23:16:14.020+0000] {processor.py:161} INFO - Started process (PID=1306) to work on /opt/airflow/dags/silver_layer_dag.py
[2025-10-23T23:16:14.021+0000] {processor.py:830} INFO - Processing file /opt/airflow/dags/silver_layer_dag.py for tasks to queue
[2025-10-23T23:16:14.022+0000] {logging_mixin.py:188} INFO - [2025-10-23T23:16:14.022+0000] {dagbag.py:540} INFO - Filling up the DagBag from /opt/airflow/dags/silver_layer_dag.py
[2025-10-23T23:16:14.198+0000] {processor.py:840} INFO - DAG(s) 'silver_layer_dag' retrieved from /opt/airflow/dags/silver_layer_dag.py
[2025-10-23T23:16:14.214+0000] {logging_mixin.py:188} INFO - [2025-10-23T23:16:14.214+0000] {dag.py:3096} INFO - Sync 1 DAGs
[2025-10-23T23:16:14.230+0000] {logging_mixin.py:188} INFO - [2025-10-23T23:16:14.230+0000] {dag.py:3954} INFO - Setting next_dagrun for silver_layer_dag to 2025-10-23 19:00:00+00:00, run_after=2025-10-24 19:00:00+00:00
[2025-10-23T23:16:14.245+0000] {processor.py:183} INFO - Processing /opt/airflow/dags/silver_layer_dag.py took 0.229 seconds
[2025-10-23T23:16:44.713+0000] {processor.py:161} INFO - Started process (PID=1308) to work on /opt/airflow/dags/silver_layer_dag.py
[2025-10-23T23:16:44.714+0000] {processor.py:830} INFO - Processing file /opt/airflow/dags/silver_layer_dag.py for tasks to queue
[2025-10-23T23:16:44.715+0000] {logging_mixin.py:188} INFO - [2025-10-23T23:16:44.715+0000] {dagbag.py:540} INFO - Filling up the DagBag from /opt/airflow/dags/silver_layer_dag.py
[2025-10-23T23:16:44.896+0000] {processor.py:840} INFO - DAG(s) 'silver_layer_dag' retrieved from /opt/airflow/dags/silver_layer_dag.py
[2025-10-23T23:16:44.912+0000] {logging_mixin.py:188} INFO - [2025-10-23T23:16:44.912+0000] {dag.py:3096} INFO - Sync 1 DAGs
[2025-10-23T23:16:44.930+0000] {logging_mixin.py:188} INFO - [2025-10-23T23:16:44.930+0000] {dag.py:3954} INFO - Setting next_dagrun for silver_layer_dag to 2025-10-23 19:00:00+00:00, run_after=2025-10-24 19:00:00+00:00
[2025-10-23T23:16:44.944+0000] {processor.py:183} INFO - Processing /opt/airflow/dags/silver_layer_dag.py took 0.236 seconds
[2025-10-23T23:17:15.471+0000] {processor.py:161} INFO - Started process (PID=1310) to work on /opt/airflow/dags/silver_layer_dag.py
[2025-10-23T23:17:15.472+0000] {processor.py:830} INFO - Processing file /opt/airflow/dags/silver_layer_dag.py for tasks to queue
[2025-10-23T23:17:15.473+0000] {logging_mixin.py:188} INFO - [2025-10-23T23:17:15.473+0000] {dagbag.py:540} INFO - Filling up the DagBag from /opt/airflow/dags/silver_layer_dag.py
[2025-10-23T23:17:15.650+0000] {processor.py:840} INFO - DAG(s) 'silver_layer_dag' retrieved from /opt/airflow/dags/silver_layer_dag.py
[2025-10-23T23:17:15.666+0000] {logging_mixin.py:188} INFO - [2025-10-23T23:17:15.666+0000] {dag.py:3096} INFO - Sync 1 DAGs
[2025-10-23T23:17:15.681+0000] {logging_mixin.py:188} INFO - [2025-10-23T23:17:15.681+0000] {dag.py:3954} INFO - Setting next_dagrun for silver_layer_dag to 2025-10-23 19:00:00+00:00, run_after=2025-10-24 19:00:00+00:00
[2025-10-23T23:17:15.694+0000] {processor.py:183} INFO - Processing /opt/airflow/dags/silver_layer_dag.py took 0.227 seconds
[2025-10-23T23:17:45.739+0000] {processor.py:161} INFO - Started process (PID=1312) to work on /opt/airflow/dags/silver_layer_dag.py
[2025-10-23T23:17:45.739+0000] {processor.py:830} INFO - Processing file /opt/airflow/dags/silver_layer_dag.py for tasks to queue
[2025-10-23T23:17:45.741+0000] {logging_mixin.py:188} INFO - [2025-10-23T23:17:45.741+0000] {dagbag.py:540} INFO - Filling up the DagBag from /opt/airflow/dags/silver_layer_dag.py
[2025-10-23T23:17:45.933+0000] {processor.py:840} INFO - DAG(s) 'silver_layer_dag' retrieved from /opt/airflow/dags/silver_layer_dag.py
[2025-10-23T23:17:45.952+0000] {logging_mixin.py:188} INFO - [2025-10-23T23:17:45.952+0000] {dag.py:3096} INFO - Sync 1 DAGs
[2025-10-23T23:17:45.970+0000] {logging_mixin.py:188} INFO - [2025-10-23T23:17:45.970+0000] {dag.py:3954} INFO - Setting next_dagrun for silver_layer_dag to 2025-10-23 19:00:00+00:00, run_after=2025-10-24 19:00:00+00:00
[2025-10-23T23:17:45.985+0000] {processor.py:183} INFO - Processing /opt/airflow/dags/silver_layer_dag.py took 0.251 seconds
[2025-10-23T23:18:16.081+0000] {processor.py:161} INFO - Started process (PID=1314) to work on /opt/airflow/dags/silver_layer_dag.py
[2025-10-23T23:18:16.082+0000] {processor.py:830} INFO - Processing file /opt/airflow/dags/silver_layer_dag.py for tasks to queue
[2025-10-23T23:18:16.085+0000] {logging_mixin.py:188} INFO - [2025-10-23T23:18:16.085+0000] {dagbag.py:540} INFO - Filling up the DagBag from /opt/airflow/dags/silver_layer_dag.py
[2025-10-23T23:18:16.275+0000] {processor.py:840} INFO - DAG(s) 'silver_layer_dag' retrieved from /opt/airflow/dags/silver_layer_dag.py
[2025-10-23T23:18:16.294+0000] {logging_mixin.py:188} INFO - [2025-10-23T23:18:16.293+0000] {dag.py:3096} INFO - Sync 1 DAGs
[2025-10-23T23:18:16.314+0000] {logging_mixin.py:188} INFO - [2025-10-23T23:18:16.313+0000] {dag.py:3954} INFO - Setting next_dagrun for silver_layer_dag to 2025-10-23 19:00:00+00:00, run_after=2025-10-24 19:00:00+00:00
[2025-10-23T23:18:16.330+0000] {processor.py:183} INFO - Processing /opt/airflow/dags/silver_layer_dag.py took 0.253 seconds
[2025-10-23T23:18:47.225+0000] {processor.py:161} INFO - Started process (PID=1316) to work on /opt/airflow/dags/silver_layer_dag.py
[2025-10-23T23:18:47.225+0000] {processor.py:830} INFO - Processing file /opt/airflow/dags/silver_layer_dag.py for tasks to queue
[2025-10-23T23:18:47.227+0000] {logging_mixin.py:188} INFO - [2025-10-23T23:18:47.227+0000] {dagbag.py:540} INFO - Filling up the DagBag from /opt/airflow/dags/silver_layer_dag.py
[2025-10-23T23:18:47.413+0000] {processor.py:840} INFO - DAG(s) 'silver_layer_dag' retrieved from /opt/airflow/dags/silver_layer_dag.py
[2025-10-23T23:18:47.429+0000] {logging_mixin.py:188} INFO - [2025-10-23T23:18:47.429+0000] {dag.py:3096} INFO - Sync 1 DAGs
[2025-10-23T23:18:47.445+0000] {logging_mixin.py:188} INFO - [2025-10-23T23:18:47.445+0000] {dag.py:3954} INFO - Setting next_dagrun for silver_layer_dag to 2025-10-23 19:00:00+00:00, run_after=2025-10-24 19:00:00+00:00
[2025-10-23T23:18:47.460+0000] {processor.py:183} INFO - Processing /opt/airflow/dags/silver_layer_dag.py took 0.240 seconds
[2025-10-23T23:19:17.509+0000] {processor.py:161} INFO - Started process (PID=1318) to work on /opt/airflow/dags/silver_layer_dag.py
[2025-10-23T23:19:17.510+0000] {processor.py:830} INFO - Processing file /opt/airflow/dags/silver_layer_dag.py for tasks to queue
[2025-10-23T23:19:17.511+0000] {logging_mixin.py:188} INFO - [2025-10-23T23:19:17.511+0000] {dagbag.py:540} INFO - Filling up the DagBag from /opt/airflow/dags/silver_layer_dag.py
[2025-10-23T23:19:17.692+0000] {processor.py:840} INFO - DAG(s) 'silver_layer_dag' retrieved from /opt/airflow/dags/silver_layer_dag.py
[2025-10-23T23:19:17.710+0000] {logging_mixin.py:188} INFO - [2025-10-23T23:19:17.709+0000] {dag.py:3096} INFO - Sync 1 DAGs
[2025-10-23T23:19:17.726+0000] {logging_mixin.py:188} INFO - [2025-10-23T23:19:17.726+0000] {dag.py:3954} INFO - Setting next_dagrun for silver_layer_dag to 2025-10-23 19:00:00+00:00, run_after=2025-10-24 19:00:00+00:00
[2025-10-23T23:19:17.743+0000] {processor.py:183} INFO - Processing /opt/airflow/dags/silver_layer_dag.py took 0.238 seconds
[2025-10-23T23:19:47.994+0000] {processor.py:161} INFO - Started process (PID=1320) to work on /opt/airflow/dags/silver_layer_dag.py
[2025-10-23T23:19:47.995+0000] {processor.py:830} INFO - Processing file /opt/airflow/dags/silver_layer_dag.py for tasks to queue
[2025-10-23T23:19:47.997+0000] {logging_mixin.py:188} INFO - [2025-10-23T23:19:47.997+0000] {dagbag.py:540} INFO - Filling up the DagBag from /opt/airflow/dags/silver_layer_dag.py
[2025-10-23T23:19:48.185+0000] {processor.py:840} INFO - DAG(s) 'silver_layer_dag' retrieved from /opt/airflow/dags/silver_layer_dag.py
[2025-10-23T23:19:48.203+0000] {logging_mixin.py:188} INFO - [2025-10-23T23:19:48.203+0000] {dag.py:3096} INFO - Sync 1 DAGs
[2025-10-23T23:19:48.220+0000] {logging_mixin.py:188} INFO - [2025-10-23T23:19:48.220+0000] {dag.py:3954} INFO - Setting next_dagrun for silver_layer_dag to 2025-10-23 19:00:00+00:00, run_after=2025-10-24 19:00:00+00:00
[2025-10-23T23:19:48.235+0000] {processor.py:183} INFO - Processing /opt/airflow/dags/silver_layer_dag.py took 0.246 seconds
[2025-10-23T23:20:19.164+0000] {processor.py:161} INFO - Started process (PID=1322) to work on /opt/airflow/dags/silver_layer_dag.py
[2025-10-23T23:20:19.165+0000] {processor.py:830} INFO - Processing file /opt/airflow/dags/silver_layer_dag.py for tasks to queue
[2025-10-23T23:20:19.166+0000] {logging_mixin.py:188} INFO - [2025-10-23T23:20:19.166+0000] {dagbag.py:540} INFO - Filling up the DagBag from /opt/airflow/dags/silver_layer_dag.py
[2025-10-23T23:20:19.364+0000] {processor.py:840} INFO - DAG(s) 'silver_layer_dag' retrieved from /opt/airflow/dags/silver_layer_dag.py
[2025-10-23T23:20:19.383+0000] {logging_mixin.py:188} INFO - [2025-10-23T23:20:19.383+0000] {dag.py:3096} INFO - Sync 1 DAGs
[2025-10-23T23:20:19.401+0000] {logging_mixin.py:188} INFO - [2025-10-23T23:20:19.401+0000] {dag.py:3954} INFO - Setting next_dagrun for silver_layer_dag to 2025-10-23 19:00:00+00:00, run_after=2025-10-24 19:00:00+00:00
[2025-10-23T23:20:19.416+0000] {processor.py:183} INFO - Processing /opt/airflow/dags/silver_layer_dag.py took 0.257 seconds
[2025-10-23T23:20:49.677+0000] {processor.py:161} INFO - Started process (PID=1324) to work on /opt/airflow/dags/silver_layer_dag.py
[2025-10-23T23:20:49.678+0000] {processor.py:830} INFO - Processing file /opt/airflow/dags/silver_layer_dag.py for tasks to queue
[2025-10-23T23:20:49.679+0000] {logging_mixin.py:188} INFO - [2025-10-23T23:20:49.679+0000] {dagbag.py:540} INFO - Filling up the DagBag from /opt/airflow/dags/silver_layer_dag.py
[2025-10-23T23:20:49.875+0000] {processor.py:840} INFO - DAG(s) 'silver_layer_dag' retrieved from /opt/airflow/dags/silver_layer_dag.py
[2025-10-23T23:20:49.893+0000] {logging_mixin.py:188} INFO - [2025-10-23T23:20:49.893+0000] {dag.py:3096} INFO - Sync 1 DAGs
[2025-10-23T23:20:49.912+0000] {logging_mixin.py:188} INFO - [2025-10-23T23:20:49.912+0000] {dag.py:3954} INFO - Setting next_dagrun for silver_layer_dag to 2025-10-23 19:00:00+00:00, run_after=2025-10-24 19:00:00+00:00
[2025-10-23T23:20:49.930+0000] {processor.py:183} INFO - Processing /opt/airflow/dags/silver_layer_dag.py took 0.259 seconds
[2025-10-23T23:21:19.974+0000] {processor.py:161} INFO - Started process (PID=1326) to work on /opt/airflow/dags/silver_layer_dag.py
[2025-10-23T23:21:19.975+0000] {processor.py:830} INFO - Processing file /opt/airflow/dags/silver_layer_dag.py for tasks to queue
[2025-10-23T23:21:19.976+0000] {logging_mixin.py:188} INFO - [2025-10-23T23:21:19.976+0000] {dagbag.py:540} INFO - Filling up the DagBag from /opt/airflow/dags/silver_layer_dag.py
[2025-10-23T23:21:20.168+0000] {processor.py:840} INFO - DAG(s) 'silver_layer_dag' retrieved from /opt/airflow/dags/silver_layer_dag.py
[2025-10-23T23:21:20.185+0000] {logging_mixin.py:188} INFO - [2025-10-23T23:21:20.185+0000] {dag.py:3096} INFO - Sync 1 DAGs
[2025-10-23T23:21:20.202+0000] {logging_mixin.py:188} INFO - [2025-10-23T23:21:20.201+0000] {dag.py:3954} INFO - Setting next_dagrun for silver_layer_dag to 2025-10-23 19:00:00+00:00, run_after=2025-10-24 19:00:00+00:00
[2025-10-23T23:21:20.216+0000] {processor.py:183} INFO - Processing /opt/airflow/dags/silver_layer_dag.py took 0.246 seconds
[2025-10-23T23:21:51.171+0000] {processor.py:161} INFO - Started process (PID=1328) to work on /opt/airflow/dags/silver_layer_dag.py
[2025-10-23T23:21:51.172+0000] {processor.py:830} INFO - Processing file /opt/airflow/dags/silver_layer_dag.py for tasks to queue
[2025-10-23T23:21:51.173+0000] {logging_mixin.py:188} INFO - [2025-10-23T23:21:51.173+0000] {dagbag.py:540} INFO - Filling up the DagBag from /opt/airflow/dags/silver_layer_dag.py
[2025-10-23T23:21:51.356+0000] {processor.py:840} INFO - DAG(s) 'silver_layer_dag' retrieved from /opt/airflow/dags/silver_layer_dag.py
[2025-10-23T23:21:51.373+0000] {logging_mixin.py:188} INFO - [2025-10-23T23:21:51.373+0000] {dag.py:3096} INFO - Sync 1 DAGs
[2025-10-23T23:21:51.388+0000] {logging_mixin.py:188} INFO - [2025-10-23T23:21:51.388+0000] {dag.py:3954} INFO - Setting next_dagrun for silver_layer_dag to 2025-10-23 19:00:00+00:00, run_after=2025-10-24 19:00:00+00:00
[2025-10-23T23:21:51.402+0000] {processor.py:183} INFO - Processing /opt/airflow/dags/silver_layer_dag.py took 0.235 seconds
[2025-10-23T23:22:21.513+0000] {processor.py:161} INFO - Started process (PID=1330) to work on /opt/airflow/dags/silver_layer_dag.py
[2025-10-23T23:22:21.514+0000] {processor.py:830} INFO - Processing file /opt/airflow/dags/silver_layer_dag.py for tasks to queue
[2025-10-23T23:22:21.516+0000] {logging_mixin.py:188} INFO - [2025-10-23T23:22:21.516+0000] {dagbag.py:540} INFO - Filling up the DagBag from /opt/airflow/dags/silver_layer_dag.py
[2025-10-23T23:22:21.691+0000] {processor.py:840} INFO - DAG(s) 'silver_layer_dag' retrieved from /opt/airflow/dags/silver_layer_dag.py
[2025-10-23T23:22:21.707+0000] {logging_mixin.py:188} INFO - [2025-10-23T23:22:21.707+0000] {dag.py:3096} INFO - Sync 1 DAGs
[2025-10-23T23:22:21.723+0000] {logging_mixin.py:188} INFO - [2025-10-23T23:22:21.723+0000] {dag.py:3954} INFO - Setting next_dagrun for silver_layer_dag to 2025-10-23 19:00:00+00:00, run_after=2025-10-24 19:00:00+00:00
[2025-10-23T23:22:21.736+0000] {processor.py:183} INFO - Processing /opt/airflow/dags/silver_layer_dag.py took 0.227 seconds
[2025-10-23T23:22:52.167+0000] {processor.py:161} INFO - Started process (PID=1332) to work on /opt/airflow/dags/silver_layer_dag.py
[2025-10-23T23:22:52.168+0000] {processor.py:830} INFO - Processing file /opt/airflow/dags/silver_layer_dag.py for tasks to queue
[2025-10-23T23:22:52.170+0000] {logging_mixin.py:188} INFO - [2025-10-23T23:22:52.169+0000] {dagbag.py:540} INFO - Filling up the DagBag from /opt/airflow/dags/silver_layer_dag.py
[2025-10-23T23:22:52.355+0000] {processor.py:840} INFO - DAG(s) 'silver_layer_dag' retrieved from /opt/airflow/dags/silver_layer_dag.py
[2025-10-23T23:22:52.371+0000] {logging_mixin.py:188} INFO - [2025-10-23T23:22:52.371+0000] {dag.py:3096} INFO - Sync 1 DAGs
[2025-10-23T23:22:52.387+0000] {logging_mixin.py:188} INFO - [2025-10-23T23:22:52.387+0000] {dag.py:3954} INFO - Setting next_dagrun for silver_layer_dag to 2025-10-23 19:00:00+00:00, run_after=2025-10-24 19:00:00+00:00
[2025-10-23T23:22:52.401+0000] {processor.py:183} INFO - Processing /opt/airflow/dags/silver_layer_dag.py took 0.239 seconds
[2025-10-23T23:23:22.760+0000] {processor.py:161} INFO - Started process (PID=1334) to work on /opt/airflow/dags/silver_layer_dag.py
[2025-10-23T23:23:22.761+0000] {processor.py:830} INFO - Processing file /opt/airflow/dags/silver_layer_dag.py for tasks to queue
[2025-10-23T23:23:22.763+0000] {logging_mixin.py:188} INFO - [2025-10-23T23:23:22.763+0000] {dagbag.py:540} INFO - Filling up the DagBag from /opt/airflow/dags/silver_layer_dag.py
[2025-10-23T23:23:22.945+0000] {processor.py:840} INFO - DAG(s) 'silver_layer_dag' retrieved from /opt/airflow/dags/silver_layer_dag.py
[2025-10-23T23:23:22.961+0000] {logging_mixin.py:188} INFO - [2025-10-23T23:23:22.961+0000] {dag.py:3096} INFO - Sync 1 DAGs
[2025-10-23T23:23:22.977+0000] {logging_mixin.py:188} INFO - [2025-10-23T23:23:22.976+0000] {dag.py:3954} INFO - Setting next_dagrun for silver_layer_dag to 2025-10-23 19:00:00+00:00, run_after=2025-10-24 19:00:00+00:00
[2025-10-23T23:23:22.990+0000] {processor.py:183} INFO - Processing /opt/airflow/dags/silver_layer_dag.py took 0.234 seconds
[2025-10-23T23:23:54.136+0000] {processor.py:161} INFO - Started process (PID=1336) to work on /opt/airflow/dags/silver_layer_dag.py
[2025-10-23T23:23:54.137+0000] {processor.py:830} INFO - Processing file /opt/airflow/dags/silver_layer_dag.py for tasks to queue
[2025-10-23T23:23:54.138+0000] {logging_mixin.py:188} INFO - [2025-10-23T23:23:54.138+0000] {dagbag.py:540} INFO - Filling up the DagBag from /opt/airflow/dags/silver_layer_dag.py
[2025-10-23T23:23:54.330+0000] {processor.py:840} INFO - DAG(s) 'silver_layer_dag' retrieved from /opt/airflow/dags/silver_layer_dag.py
[2025-10-23T23:23:54.347+0000] {logging_mixin.py:188} INFO - [2025-10-23T23:23:54.347+0000] {dag.py:3096} INFO - Sync 1 DAGs
[2025-10-23T23:23:54.363+0000] {logging_mixin.py:188} INFO - [2025-10-23T23:23:54.363+0000] {dag.py:3954} INFO - Setting next_dagrun for silver_layer_dag to 2025-10-23 19:00:00+00:00, run_after=2025-10-24 19:00:00+00:00
[2025-10-23T23:23:54.378+0000] {processor.py:183} INFO - Processing /opt/airflow/dags/silver_layer_dag.py took 0.247 seconds
[2025-10-23T23:24:24.960+0000] {processor.py:161} INFO - Started process (PID=1338) to work on /opt/airflow/dags/silver_layer_dag.py
[2025-10-23T23:24:24.961+0000] {processor.py:830} INFO - Processing file /opt/airflow/dags/silver_layer_dag.py for tasks to queue
[2025-10-23T23:24:24.963+0000] {logging_mixin.py:188} INFO - [2025-10-23T23:24:24.962+0000] {dagbag.py:540} INFO - Filling up the DagBag from /opt/airflow/dags/silver_layer_dag.py
[2025-10-23T23:24:25.140+0000] {processor.py:840} INFO - DAG(s) 'silver_layer_dag' retrieved from /opt/airflow/dags/silver_layer_dag.py
[2025-10-23T23:24:25.157+0000] {logging_mixin.py:188} INFO - [2025-10-23T23:24:25.157+0000] {dag.py:3096} INFO - Sync 1 DAGs
[2025-10-23T23:24:25.172+0000] {logging_mixin.py:188} INFO - [2025-10-23T23:24:25.172+0000] {dag.py:3954} INFO - Setting next_dagrun for silver_layer_dag to 2025-10-23 19:00:00+00:00, run_after=2025-10-24 19:00:00+00:00
[2025-10-23T23:24:25.186+0000] {processor.py:183} INFO - Processing /opt/airflow/dags/silver_layer_dag.py took 0.229 seconds
[2025-10-23T23:24:55.501+0000] {processor.py:161} INFO - Started process (PID=1340) to work on /opt/airflow/dags/silver_layer_dag.py
[2025-10-23T23:24:55.501+0000] {processor.py:830} INFO - Processing file /opt/airflow/dags/silver_layer_dag.py for tasks to queue
[2025-10-23T23:24:55.503+0000] {logging_mixin.py:188} INFO - [2025-10-23T23:24:55.503+0000] {dagbag.py:540} INFO - Filling up the DagBag from /opt/airflow/dags/silver_layer_dag.py
[2025-10-23T23:24:55.680+0000] {processor.py:840} INFO - DAG(s) 'silver_layer_dag' retrieved from /opt/airflow/dags/silver_layer_dag.py
[2025-10-23T23:24:55.696+0000] {logging_mixin.py:188} INFO - [2025-10-23T23:24:55.696+0000] {dag.py:3096} INFO - Sync 1 DAGs
[2025-10-23T23:24:55.712+0000] {logging_mixin.py:188} INFO - [2025-10-23T23:24:55.712+0000] {dag.py:3954} INFO - Setting next_dagrun for silver_layer_dag to 2025-10-23 19:00:00+00:00, run_after=2025-10-24 19:00:00+00:00
[2025-10-23T23:24:55.725+0000] {processor.py:183} INFO - Processing /opt/airflow/dags/silver_layer_dag.py took 0.229 seconds
[2025-10-23T23:25:26.207+0000] {processor.py:161} INFO - Started process (PID=1342) to work on /opt/airflow/dags/silver_layer_dag.py
[2025-10-23T23:25:26.208+0000] {processor.py:830} INFO - Processing file /opt/airflow/dags/silver_layer_dag.py for tasks to queue
[2025-10-23T23:25:26.209+0000] {logging_mixin.py:188} INFO - [2025-10-23T23:25:26.209+0000] {dagbag.py:540} INFO - Filling up the DagBag from /opt/airflow/dags/silver_layer_dag.py
[2025-10-23T23:25:26.404+0000] {processor.py:840} INFO - DAG(s) 'silver_layer_dag' retrieved from /opt/airflow/dags/silver_layer_dag.py
[2025-10-23T23:25:26.428+0000] {logging_mixin.py:188} INFO - [2025-10-23T23:25:26.428+0000] {dag.py:3096} INFO - Sync 1 DAGs
[2025-10-23T23:25:26.450+0000] {logging_mixin.py:188} INFO - [2025-10-23T23:25:26.449+0000] {dag.py:3954} INFO - Setting next_dagrun for silver_layer_dag to 2025-10-23 19:00:00+00:00, run_after=2025-10-24 19:00:00+00:00
[2025-10-23T23:25:26.465+0000] {processor.py:183} INFO - Processing /opt/airflow/dags/silver_layer_dag.py took 0.262 seconds
[2025-10-23T23:25:57.095+0000] {processor.py:161} INFO - Started process (PID=1344) to work on /opt/airflow/dags/silver_layer_dag.py
[2025-10-23T23:25:57.096+0000] {processor.py:830} INFO - Processing file /opt/airflow/dags/silver_layer_dag.py for tasks to queue
[2025-10-23T23:25:57.098+0000] {logging_mixin.py:188} INFO - [2025-10-23T23:25:57.097+0000] {dagbag.py:540} INFO - Filling up the DagBag from /opt/airflow/dags/silver_layer_dag.py
[2025-10-23T23:25:57.275+0000] {processor.py:840} INFO - DAG(s) 'silver_layer_dag' retrieved from /opt/airflow/dags/silver_layer_dag.py
[2025-10-23T23:25:57.293+0000] {logging_mixin.py:188} INFO - [2025-10-23T23:25:57.292+0000] {dag.py:3096} INFO - Sync 1 DAGs
[2025-10-23T23:25:57.309+0000] {logging_mixin.py:188} INFO - [2025-10-23T23:25:57.309+0000] {dag.py:3954} INFO - Setting next_dagrun for silver_layer_dag to 2025-10-23 19:00:00+00:00, run_after=2025-10-24 19:00:00+00:00
[2025-10-23T23:25:57.323+0000] {processor.py:183} INFO - Processing /opt/airflow/dags/silver_layer_dag.py took 0.232 seconds
[2025-10-23T23:26:27.831+0000] {processor.py:161} INFO - Started process (PID=1346) to work on /opt/airflow/dags/silver_layer_dag.py
[2025-10-23T23:26:27.832+0000] {processor.py:830} INFO - Processing file /opt/airflow/dags/silver_layer_dag.py for tasks to queue
[2025-10-23T23:26:27.834+0000] {logging_mixin.py:188} INFO - [2025-10-23T23:26:27.833+0000] {dagbag.py:540} INFO - Filling up the DagBag from /opt/airflow/dags/silver_layer_dag.py
[2025-10-23T23:26:28.022+0000] {processor.py:840} INFO - DAG(s) 'silver_layer_dag' retrieved from /opt/airflow/dags/silver_layer_dag.py
[2025-10-23T23:26:28.040+0000] {logging_mixin.py:188} INFO - [2025-10-23T23:26:28.040+0000] {dag.py:3096} INFO - Sync 1 DAGs
[2025-10-23T23:26:28.057+0000] {logging_mixin.py:188} INFO - [2025-10-23T23:26:28.057+0000] {dag.py:3954} INFO - Setting next_dagrun for silver_layer_dag to 2025-10-23 19:00:00+00:00, run_after=2025-10-24 19:00:00+00:00
[2025-10-23T23:26:28.072+0000] {processor.py:183} INFO - Processing /opt/airflow/dags/silver_layer_dag.py took 0.245 seconds
[2025-10-23T23:26:58.398+0000] {processor.py:161} INFO - Started process (PID=1348) to work on /opt/airflow/dags/silver_layer_dag.py
[2025-10-23T23:26:58.399+0000] {processor.py:830} INFO - Processing file /opt/airflow/dags/silver_layer_dag.py for tasks to queue
[2025-10-23T23:26:58.401+0000] {logging_mixin.py:188} INFO - [2025-10-23T23:26:58.401+0000] {dagbag.py:540} INFO - Filling up the DagBag from /opt/airflow/dags/silver_layer_dag.py
[2025-10-23T23:26:58.585+0000] {processor.py:840} INFO - DAG(s) 'silver_layer_dag' retrieved from /opt/airflow/dags/silver_layer_dag.py
[2025-10-23T23:26:58.603+0000] {logging_mixin.py:188} INFO - [2025-10-23T23:26:58.603+0000] {dag.py:3096} INFO - Sync 1 DAGs
[2025-10-23T23:26:58.624+0000] {logging_mixin.py:188} INFO - [2025-10-23T23:26:58.624+0000] {dag.py:3954} INFO - Setting next_dagrun for silver_layer_dag to 2025-10-23 19:00:00+00:00, run_after=2025-10-24 19:00:00+00:00
[2025-10-23T23:26:58.638+0000] {processor.py:183} INFO - Processing /opt/airflow/dags/silver_layer_dag.py took 0.244 seconds
[2025-10-23T23:27:28.984+0000] {processor.py:161} INFO - Started process (PID=1350) to work on /opt/airflow/dags/silver_layer_dag.py
[2025-10-23T23:27:28.985+0000] {processor.py:830} INFO - Processing file /opt/airflow/dags/silver_layer_dag.py for tasks to queue
[2025-10-23T23:27:28.986+0000] {logging_mixin.py:188} INFO - [2025-10-23T23:27:28.986+0000] {dagbag.py:540} INFO - Filling up the DagBag from /opt/airflow/dags/silver_layer_dag.py
[2025-10-23T23:27:29.170+0000] {processor.py:840} INFO - DAG(s) 'silver_layer_dag' retrieved from /opt/airflow/dags/silver_layer_dag.py
[2025-10-23T23:27:29.188+0000] {logging_mixin.py:188} INFO - [2025-10-23T23:27:29.188+0000] {dag.py:3096} INFO - Sync 1 DAGs
[2025-10-23T23:27:29.206+0000] {logging_mixin.py:188} INFO - [2025-10-23T23:27:29.206+0000] {dag.py:3954} INFO - Setting next_dagrun for silver_layer_dag to 2025-10-23 19:00:00+00:00, run_after=2025-10-24 19:00:00+00:00
[2025-10-23T23:27:29.220+0000] {processor.py:183} INFO - Processing /opt/airflow/dags/silver_layer_dag.py took 0.241 seconds
[2025-10-23T23:27:59.452+0000] {processor.py:161} INFO - Started process (PID=1352) to work on /opt/airflow/dags/silver_layer_dag.py
[2025-10-23T23:27:59.453+0000] {processor.py:830} INFO - Processing file /opt/airflow/dags/silver_layer_dag.py for tasks to queue
[2025-10-23T23:27:59.454+0000] {logging_mixin.py:188} INFO - [2025-10-23T23:27:59.454+0000] {dagbag.py:540} INFO - Filling up the DagBag from /opt/airflow/dags/silver_layer_dag.py
[2025-10-23T23:27:59.653+0000] {processor.py:840} INFO - DAG(s) 'silver_layer_dag' retrieved from /opt/airflow/dags/silver_layer_dag.py
[2025-10-23T23:27:59.669+0000] {logging_mixin.py:188} INFO - [2025-10-23T23:27:59.669+0000] {dag.py:3096} INFO - Sync 1 DAGs
[2025-10-23T23:27:59.686+0000] {logging_mixin.py:188} INFO - [2025-10-23T23:27:59.686+0000] {dag.py:3954} INFO - Setting next_dagrun for silver_layer_dag to 2025-10-23 19:00:00+00:00, run_after=2025-10-24 19:00:00+00:00
[2025-10-23T23:27:59.700+0000] {processor.py:183} INFO - Processing /opt/airflow/dags/silver_layer_dag.py took 0.253 seconds
[2025-10-23T23:28:30.391+0000] {processor.py:161} INFO - Started process (PID=1354) to work on /opt/airflow/dags/silver_layer_dag.py
[2025-10-23T23:28:30.392+0000] {processor.py:830} INFO - Processing file /opt/airflow/dags/silver_layer_dag.py for tasks to queue
[2025-10-23T23:28:30.394+0000] {logging_mixin.py:188} INFO - [2025-10-23T23:28:30.394+0000] {dagbag.py:540} INFO - Filling up the DagBag from /opt/airflow/dags/silver_layer_dag.py
[2025-10-23T23:28:30.578+0000] {processor.py:840} INFO - DAG(s) 'silver_layer_dag' retrieved from /opt/airflow/dags/silver_layer_dag.py
[2025-10-23T23:28:30.594+0000] {logging_mixin.py:188} INFO - [2025-10-23T23:28:30.593+0000] {dag.py:3096} INFO - Sync 1 DAGs
[2025-10-23T23:28:30.610+0000] {logging_mixin.py:188} INFO - [2025-10-23T23:28:30.609+0000] {dag.py:3954} INFO - Setting next_dagrun for silver_layer_dag to 2025-10-23 19:00:00+00:00, run_after=2025-10-24 19:00:00+00:00
[2025-10-23T23:28:30.623+0000] {processor.py:183} INFO - Processing /opt/airflow/dags/silver_layer_dag.py took 0.236 seconds
[2025-10-23T23:29:01.331+0000] {processor.py:161} INFO - Started process (PID=1356) to work on /opt/airflow/dags/silver_layer_dag.py
[2025-10-23T23:29:01.331+0000] {processor.py:830} INFO - Processing file /opt/airflow/dags/silver_layer_dag.py for tasks to queue
[2025-10-23T23:29:01.333+0000] {logging_mixin.py:188} INFO - [2025-10-23T23:29:01.333+0000] {dagbag.py:540} INFO - Filling up the DagBag from /opt/airflow/dags/silver_layer_dag.py
[2025-10-23T23:29:01.525+0000] {processor.py:840} INFO - DAG(s) 'silver_layer_dag' retrieved from /opt/airflow/dags/silver_layer_dag.py
[2025-10-23T23:29:01.541+0000] {logging_mixin.py:188} INFO - [2025-10-23T23:29:01.541+0000] {dag.py:3096} INFO - Sync 1 DAGs
[2025-10-23T23:29:01.556+0000] {logging_mixin.py:188} INFO - [2025-10-23T23:29:01.556+0000] {dag.py:3954} INFO - Setting next_dagrun for silver_layer_dag to 2025-10-23 19:00:00+00:00, run_after=2025-10-24 19:00:00+00:00
[2025-10-23T23:29:01.570+0000] {processor.py:183} INFO - Processing /opt/airflow/dags/silver_layer_dag.py took 0.245 seconds
[2025-10-23T23:29:32.050+0000] {processor.py:161} INFO - Started process (PID=1358) to work on /opt/airflow/dags/silver_layer_dag.py
[2025-10-23T23:29:32.051+0000] {processor.py:830} INFO - Processing file /opt/airflow/dags/silver_layer_dag.py for tasks to queue
[2025-10-23T23:29:32.052+0000] {logging_mixin.py:188} INFO - [2025-10-23T23:29:32.052+0000] {dagbag.py:540} INFO - Filling up the DagBag from /opt/airflow/dags/silver_layer_dag.py
[2025-10-23T23:29:32.234+0000] {processor.py:840} INFO - DAG(s) 'silver_layer_dag' retrieved from /opt/airflow/dags/silver_layer_dag.py
[2025-10-23T23:29:32.249+0000] {logging_mixin.py:188} INFO - [2025-10-23T23:29:32.249+0000] {dag.py:3096} INFO - Sync 1 DAGs
[2025-10-23T23:29:32.265+0000] {logging_mixin.py:188} INFO - [2025-10-23T23:29:32.265+0000] {dag.py:3954} INFO - Setting next_dagrun for silver_layer_dag to 2025-10-23 19:00:00+00:00, run_after=2025-10-24 19:00:00+00:00
[2025-10-23T23:29:32.279+0000] {processor.py:183} INFO - Processing /opt/airflow/dags/silver_layer_dag.py took 0.233 seconds
[2025-10-23T23:30:02.685+0000] {processor.py:161} INFO - Started process (PID=1360) to work on /opt/airflow/dags/silver_layer_dag.py
[2025-10-23T23:30:02.686+0000] {processor.py:830} INFO - Processing file /opt/airflow/dags/silver_layer_dag.py for tasks to queue
[2025-10-23T23:30:02.687+0000] {logging_mixin.py:188} INFO - [2025-10-23T23:30:02.687+0000] {dagbag.py:540} INFO - Filling up the DagBag from /opt/airflow/dags/silver_layer_dag.py
[2025-10-23T23:30:02.864+0000] {processor.py:840} INFO - DAG(s) 'silver_layer_dag' retrieved from /opt/airflow/dags/silver_layer_dag.py
[2025-10-23T23:30:02.878+0000] {logging_mixin.py:188} INFO - [2025-10-23T23:30:02.878+0000] {dag.py:3096} INFO - Sync 1 DAGs
[2025-10-23T23:30:02.893+0000] {logging_mixin.py:188} INFO - [2025-10-23T23:30:02.893+0000] {dag.py:3954} INFO - Setting next_dagrun for silver_layer_dag to 2025-10-23 19:00:00+00:00, run_after=2025-10-24 19:00:00+00:00
[2025-10-23T23:30:02.906+0000] {processor.py:183} INFO - Processing /opt/airflow/dags/silver_layer_dag.py took 0.226 seconds
[2025-10-23T23:30:33.820+0000] {processor.py:161} INFO - Started process (PID=1363) to work on /opt/airflow/dags/silver_layer_dag.py
[2025-10-23T23:30:33.820+0000] {processor.py:830} INFO - Processing file /opt/airflow/dags/silver_layer_dag.py for tasks to queue
[2025-10-23T23:30:33.822+0000] {logging_mixin.py:188} INFO - [2025-10-23T23:30:33.822+0000] {dagbag.py:540} INFO - Filling up the DagBag from /opt/airflow/dags/silver_layer_dag.py
[2025-10-23T23:30:33.997+0000] {processor.py:840} INFO - DAG(s) 'silver_layer_dag' retrieved from /opt/airflow/dags/silver_layer_dag.py
[2025-10-23T23:30:34.014+0000] {logging_mixin.py:188} INFO - [2025-10-23T23:30:34.014+0000] {dag.py:3096} INFO - Sync 1 DAGs
[2025-10-23T23:30:34.030+0000] {logging_mixin.py:188} INFO - [2025-10-23T23:30:34.030+0000] {dag.py:3954} INFO - Setting next_dagrun for silver_layer_dag to 2025-10-23 19:00:00+00:00, run_after=2025-10-24 19:00:00+00:00
[2025-10-23T23:30:34.043+0000] {processor.py:183} INFO - Processing /opt/airflow/dags/silver_layer_dag.py took 0.228 seconds
[2025-10-23T23:31:04.716+0000] {processor.py:161} INFO - Started process (PID=1365) to work on /opt/airflow/dags/silver_layer_dag.py
[2025-10-23T23:31:04.717+0000] {processor.py:830} INFO - Processing file /opt/airflow/dags/silver_layer_dag.py for tasks to queue
[2025-10-23T23:31:04.719+0000] {logging_mixin.py:188} INFO - [2025-10-23T23:31:04.719+0000] {dagbag.py:540} INFO - Filling up the DagBag from /opt/airflow/dags/silver_layer_dag.py
[2025-10-23T23:31:04.916+0000] {processor.py:840} INFO - DAG(s) 'silver_layer_dag' retrieved from /opt/airflow/dags/silver_layer_dag.py
[2025-10-23T23:31:04.936+0000] {logging_mixin.py:188} INFO - [2025-10-23T23:31:04.936+0000] {dag.py:3096} INFO - Sync 1 DAGs
[2025-10-23T23:31:04.954+0000] {logging_mixin.py:188} INFO - [2025-10-23T23:31:04.954+0000] {dag.py:3954} INFO - Setting next_dagrun for silver_layer_dag to 2025-10-23 19:00:00+00:00, run_after=2025-10-24 19:00:00+00:00
[2025-10-23T23:31:04.969+0000] {processor.py:183} INFO - Processing /opt/airflow/dags/silver_layer_dag.py took 0.258 seconds
[2025-10-23T23:31:35.509+0000] {processor.py:161} INFO - Started process (PID=1367) to work on /opt/airflow/dags/silver_layer_dag.py
[2025-10-23T23:31:35.510+0000] {processor.py:830} INFO - Processing file /opt/airflow/dags/silver_layer_dag.py for tasks to queue
[2025-10-23T23:31:35.511+0000] {logging_mixin.py:188} INFO - [2025-10-23T23:31:35.511+0000] {dagbag.py:540} INFO - Filling up the DagBag from /opt/airflow/dags/silver_layer_dag.py
[2025-10-23T23:31:35.691+0000] {processor.py:840} INFO - DAG(s) 'silver_layer_dag' retrieved from /opt/airflow/dags/silver_layer_dag.py
[2025-10-23T23:31:35.707+0000] {logging_mixin.py:188} INFO - [2025-10-23T23:31:35.707+0000] {dag.py:3096} INFO - Sync 1 DAGs
[2025-10-23T23:31:35.722+0000] {logging_mixin.py:188} INFO - [2025-10-23T23:31:35.722+0000] {dag.py:3954} INFO - Setting next_dagrun for silver_layer_dag to 2025-10-23 19:00:00+00:00, run_after=2025-10-24 19:00:00+00:00
[2025-10-23T23:31:35.736+0000] {processor.py:183} INFO - Processing /opt/airflow/dags/silver_layer_dag.py took 0.231 seconds
[2025-10-23T23:32:06.025+0000] {processor.py:161} INFO - Started process (PID=1369) to work on /opt/airflow/dags/silver_layer_dag.py
[2025-10-23T23:32:06.025+0000] {processor.py:830} INFO - Processing file /opt/airflow/dags/silver_layer_dag.py for tasks to queue
[2025-10-23T23:32:06.027+0000] {logging_mixin.py:188} INFO - [2025-10-23T23:32:06.026+0000] {dagbag.py:540} INFO - Filling up the DagBag from /opt/airflow/dags/silver_layer_dag.py
[2025-10-23T23:32:06.205+0000] {processor.py:840} INFO - DAG(s) 'silver_layer_dag' retrieved from /opt/airflow/dags/silver_layer_dag.py
[2025-10-23T23:32:06.222+0000] {logging_mixin.py:188} INFO - [2025-10-23T23:32:06.222+0000] {dag.py:3096} INFO - Sync 1 DAGs
[2025-10-23T23:32:06.239+0000] {logging_mixin.py:188} INFO - [2025-10-23T23:32:06.239+0000] {dag.py:3954} INFO - Setting next_dagrun for silver_layer_dag to 2025-10-23 19:00:00+00:00, run_after=2025-10-24 19:00:00+00:00
[2025-10-23T23:32:06.253+0000] {processor.py:183} INFO - Processing /opt/airflow/dags/silver_layer_dag.py took 0.233 seconds
[2025-10-23T23:32:36.810+0000] {processor.py:161} INFO - Started process (PID=1371) to work on /opt/airflow/dags/silver_layer_dag.py
[2025-10-23T23:32:36.811+0000] {processor.py:830} INFO - Processing file /opt/airflow/dags/silver_layer_dag.py for tasks to queue
[2025-10-23T23:32:36.812+0000] {logging_mixin.py:188} INFO - [2025-10-23T23:32:36.812+0000] {dagbag.py:540} INFO - Filling up the DagBag from /opt/airflow/dags/silver_layer_dag.py
[2025-10-23T23:32:36.988+0000] {processor.py:840} INFO - DAG(s) 'silver_layer_dag' retrieved from /opt/airflow/dags/silver_layer_dag.py
[2025-10-23T23:32:37.004+0000] {logging_mixin.py:188} INFO - [2025-10-23T23:32:37.004+0000] {dag.py:3096} INFO - Sync 1 DAGs
[2025-10-23T23:32:37.020+0000] {logging_mixin.py:188} INFO - [2025-10-23T23:32:37.020+0000] {dag.py:3954} INFO - Setting next_dagrun for silver_layer_dag to 2025-10-23 19:00:00+00:00, run_after=2025-10-24 19:00:00+00:00
[2025-10-23T23:32:37.033+0000] {processor.py:183} INFO - Processing /opt/airflow/dags/silver_layer_dag.py took 0.227 seconds
[2025-10-23T23:33:07.623+0000] {processor.py:161} INFO - Started process (PID=1373) to work on /opt/airflow/dags/silver_layer_dag.py
[2025-10-23T23:33:07.624+0000] {processor.py:830} INFO - Processing file /opt/airflow/dags/silver_layer_dag.py for tasks to queue
[2025-10-23T23:33:07.625+0000] {logging_mixin.py:188} INFO - [2025-10-23T23:33:07.625+0000] {dagbag.py:540} INFO - Filling up the DagBag from /opt/airflow/dags/silver_layer_dag.py
[2025-10-23T23:33:07.792+0000] {processor.py:840} INFO - DAG(s) 'silver_layer_dag' retrieved from /opt/airflow/dags/silver_layer_dag.py
[2025-10-23T23:33:07.806+0000] {logging_mixin.py:188} INFO - [2025-10-23T23:33:07.806+0000] {dag.py:3096} INFO - Sync 1 DAGs
[2025-10-23T23:33:07.820+0000] {logging_mixin.py:188} INFO - [2025-10-23T23:33:07.820+0000] {dag.py:3954} INFO - Setting next_dagrun for silver_layer_dag to 2025-10-23 19:00:00+00:00, run_after=2025-10-24 19:00:00+00:00
[2025-10-23T23:33:07.833+0000] {processor.py:183} INFO - Processing /opt/airflow/dags/silver_layer_dag.py took 0.214 seconds
